factor,asset_growth,capex_at,cash_runway_years,cop_at,dist_52w_high,droe,ear_3d,ebit_ev,gross_profitability,idio_vol_60d,max_ret_21d,mom_12_1,net_debt_ebitda,ocf_ev,oil_beta_trend,profitable_growth,share_issuance,sue,sue_announce,scope
asset_growth,1.0,-0.069644263317035,-0.028986690359311635,0.017339390853265246,-0.04353081883775566,0.1022462982814758,-0.001466181546712125,-0.025840793209629422,0.06134064549186082,0.106827006804023,0.0981471927538499,0.1463322090147663,-0.18374024033120775,-0.17197893401844827,-0.06308430560960511,0.3305058105846991,0.3691809408029625,0.013919572289005118,0.13928432526620227,havuz
capex_at,-0.05095890493326955,1.0,-0.15540945438159312,0.27328004295448804,0.05621086154736167,-0.021291588286135133,-0.01239131953631388,0.23767384654254894,-0.0038591436658710343,-0.1220667986828936,-0.10881128502031855,-0.08287325525129273,0.18916368533243066,0.3812222853290275,-0.009151018133554241,-0.2656536322160392,-0.13269627938039064,0.04849551587311493,-0.08366643876135209,havuz
cash_runway_years,-0.0569611263216403,-0.3077911416396774,1.0,0.55293215374829,0.19478570822971542,0.059121544914102875,0.015116876166756128,0.3992856897341803,0.28111796807533584,-0.31435345408866083,-0.22329219453460664,0.04329503192315476,-0.33115876330926564,0.40052421844987546,-0.016781185744041013,0.35492640300371664,-0.36881936975215746,0.15609652208975044,0.18933305852541657,havuz
cop_at,-0.071734372972877,0.23049441885538333,0.5907175255221264,1.0,0.20990998914167505,0.06356619285222195,0.020839194107318354,0.5688206402538382,0.4803814986083635,-0.3316454599191123,-0.24299963083823503,0.03553036480219784,-0.4307856988314444,0.661789573961065,-0.06495290209064909,0.4227623306555175,-0.45372477114005294,0.22547757296749452,0.24395816151101,havuz
dist_52w_high,-0.10942107498549243,-0.02640074028517894,0.2165178948364505,0.2709407710216685,1.0,0.11451403282194202,0.2379384233550863,0.23440316912742742,0.05749739363074201,-0.5573870413708337,-0.3507310631128475,0.481849912729372,0.10146701516026747,0.10933672984088721,0.11064397688173656,0.0389098586599806,-0.22061215428166941,0.19507040357215882,0.22824892627704396,havuz
droe,0.13844990361998777,-0.013395273803048799,0.04748291650899502,0.08446396566863733,0.05703253902496466,1.0,0.09094698869468401,0.08034604438878948,0.04820265112483059,-0.03702948754424367,-0.019588423664946095,0.21280009678984793,-0.04365619894358622,0.005085243965494397,-0.027439391643432322,0.13572543015390853,-0.007680502349782043,0.7128363379443073,0.41861536408549144,havuz
ear_3d,-0.005120493984829967,-0.01199621149490058,0.007640197521993433,0.002754223988580724,0.22786115907240534,0.03698106274962621,1.0,-0.026612752815922194,0.027934030551832644,0.024499509267466302,0.1308778473406454,0.11481517273614397,-0.039708857796680055,-0.04009194823958874,-0.008469819496733207,0.02774671889362153,-0.004175230834061288,0.10130220652884764,0.11993332146756176,havuz
ebit_ev,-0.04256599072305743,0.1176583605609616,0.37509576049678933,0.5603966953770477,0.30899098673592057,0.12056904924172343,-0.005027505652897708,1.0,0.10802617553403092,-0.4649839858753885,-0.39133139687375534,-0.03160318135191102,-0.06520930808530903,0.7128266016074495,-0.09825764554785445,0.04980243488948347,-0.5086420939158761,0.2107795436087651,0.12998089059958515,havuz
gross_profitability,-0.07709352154164838,-0.038778674534700006,0.23870581551783487,0.3570292998850354,0.0535350711278197,0.02485625841397992,0.026659494742404068,0.12181495773870582,1.0,-0.044301695954566435,-0.022020825017886207,0.07106142823710888,-0.49355174272868296,0.03427228314499025,-0.03447658274590676,0.18025910872149598,-0.14893651088543508,0.11706625814894064,0.17125042696472623,havuz
idio_vol_60d,0.16338643867747407,-0.00903487558073038,-0.3396907233531239,-0.46046488423244086,-0.5041089497677013,-0.0193663495633854,0.05617236078186493,-0.3900768885663345,-0.038633964163843,1.0,0.7406915609159186,-0.05052166468924846,-0.1899851197355671,-0.3297771181123137,-0.045670768882614114,0.018558785281324017,0.42061151480869,-0.15462818687381344,-0.1809793786990276,havuz
max_ret_21d,0.11175265537821652,-0.023936361238978094,-0.21710288790241167,-0.3152792918036831,-0.25452709636891463,-0.010554401066971624,0.20023917398225644,-0.2624112034367229,-0.015902569203074594,0.6740182040007834,1.0,-0.049423942410681765,-0.1968198837714896,-0.29702609570147553,-0.045679148926426986,0.043272796953313604,0.3281105958048644,-0.10487165836637227,-0.10223048417792163,havuz
mom_12_1,0.1845178378336642,-0.07662515038084855,-0.03585100949645253,-0.09101833685251373,0.32445080975740015,0.12957097424636047,0.11471812429999947,0.013683138840986249,0.04697839538203073,0.14885119913304343,0.05728887563777057,1.0,-0.09167160152455608,-0.14051687679646407,0.11753590982674889,0.1580363599956633,0.09725446300265389,0.17346050611800523,0.23215475182241824,havuz
net_debt_ebitda,-0.024853093786979173,0.12934052605832022,-0.23287244204419352,-0.21790441276274702,0.03518871984743195,-0.03773028087230207,-0.025791966887324838,-0.07968148398386023,-0.2909303434453937,-0.06797731688560867,-0.07355227588808148,-0.05236496616523699,1.0,0.02456366356028782,0.0818383412364425,-0.226722808564184,0.08665955087968023,-0.08896985901507506,-0.13405149578596673,havuz
ocf_ev,-0.1141491199400828,0.3148909934031614,0.3990482610808705,0.6721210131275723,0.17646866851057397,0.04147693209754516,-0.01991565224634889,0.7202556881203814,0.045797667878931546,-0.30709388170797935,-0.22097877914766723,-0.08388116112212454,-0.023328027592366466,1.0,-0.07166538656266165,-0.03636651287422419,-0.46369004578737705,0.0883007301100825,-0.043280746745779426,havuz
oil_beta_trend,-0.024641312519643296,-0.03236386852617202,-0.010006445050336384,-0.05941532699808206,0.11226391689834335,-0.011026667594328531,-0.0044173155431043495,-0.09194874842258136,-0.02996697253677784,-0.05206384653726697,-0.04617753435419006,0.09642648256099491,0.060456366146431746,-0.08036055039695172,1.0,-0.07095230933316235,0.029497973008815043,-0.01263177748888812,0.005179209355296621,havuz
profitable_growth,0.251204716827984,-0.2279777060699046,0.35418896767512803,0.4220091497270517,0.04304040076653975,0.068207361562983,0.026613708404290514,0.09996165464802927,0.1609675964683983,0.0009303357884252124,0.009773768895756643,0.15027273835948937,-0.1517782634861773,-0.020352855649205862,-0.07076168971827142,1.0,0.09866374192277871,0.20808498044458393,0.3169071630830742,havuz
share_issuance,0.3927967393043245,-0.028248419019650244,-0.21712790677005997,-0.2823134154332235,-0.14820465213657202,0.04755952539987576,0.005199936418135117,-0.22143407037974797,-0.15051963504976032,0.2671739413527542,0.180052816391944,0.15620386528889804,0.07311908920430109,-0.228029177121731,0.004938298583457641,0.07313212920923069,1.0,-0.10847544053366845,-0.1015273609339031,havuz
sue,-0.07940609691223591,0.019839158584714738,0.16721457588525984,0.24523899429630897,0.1996362906923644,0.3604596758435328,0.08670742982465952,0.19955744542257847,0.12073576510923152,-0.16237772315793003,-0.09506638644185758,0.08926646185270654,-0.0752207329541046,0.11338357002825238,-0.018284925528328277,0.21019451371848605,-0.1022760957119331,1.0,0.583142511497594,havuz
sue_announce,0.030960364758744016,-0.09963135019989193,0.19250643804553488,0.2120239224282449,0.2176190465023992,0.17023187646700674,0.10104688993582384,0.12244261483885234,0.15596367873966735,-0.16776426086313873,-0.08580063257261658,0.14002194699812479,-0.08803034486628633,-0.009768681684250774,0.007274167325622003,0.3176737625855046,-0.06539165816320791,0.5578511873219815,1.0,havuz
asset_growth,1.0,-0.11085024704917551,0.06201641218051169,0.03260494902337015,0.006073675147236207,0.0017560990903145851,-0.08639889381990226,-0.1055379367282524,-0.05877841334349847,0.06739897869443041,0.05735012853345169,0.15455878408339352,-0.20785243594295535,-0.2592670877124437,,0.37699638411500047,0.3245355405403705,0.09204648159585818,0.09203226112458072,robotics
capex_at,-0.06897091466316001,1.0,-0.19375520608986715,0.14310712669719985,-0.06918246909160455,0.05783256669909042,0.005406131911684473,-0.10838220853513755,-0.018900875486258413,0.09136233184432384,0.097549558747583,0.01725251807882537,-0.2510536819200638,0.021717214644277377,,-0.11703051276318788,-0.08867622915853295,0.01749651122256684,-0.07771103930334906,robotics
cash_runway_years,-0.012334299207369493,-0.2978372334728767,1.0,0.5836562741411535,0.2442035637041539,0.0347419523127436,-0.028195055078081187,0.5444178615570657,0.32295159259028344,-0.4218371044318914,-0.29801076881609184,0.03717725499736783,-0.26902090987808214,0.5761040138177193,,0.20199396700382327,-0.40092271049970296,0.15145015496479522,0.006345897825632745,robotics
cop_at,-0.046815070389632105,-0.0265060163891369,0.7258675127737917,1.0,0.2809387576809092,0.030888955372262255,-0.02487792371150958,0.48873636113553537,0.6345077423282588,-0.4725706643218167,-0.29076224778568877,0.10120397513788822,-0.43213911560877055,0.4424162147380692,,0.469182321701496,-0.5095992556953821,0.16441377751236708,0.12932331318946058,robotics
dist_52w_high,-0.04970056696842476,-0.12351632766013627,0.28931068918109887,0.27877653185206636,1.0,0.0716081653104888,0.28891770519333726,0.25050587741823693,0.19515910131709047,-0.47001776341811285,-0.23499193732773044,0.3802886513714289,0.02679242736918519,0.12232937387878025,,0.07272981283150616,-0.2497558009664161,0.20438633379446094,0.32459350661073694,robotics
droe,0.05939045737257971,0.006947194868339486,0.0852165531503497,0.030780303471620706,0.008741819061584647,1.0,0.06232439824546199,0.008141798608840196,0.07107505910051999,0.04341047657209474,0.054686624454060036,0.2504759497618041,-0.033722982591037655,-0.007438557138377523,,0.10680634127448287,0.04211755682339217,0.7326229105611954,0.4847775393597892,robotics
ear_3d,-0.04885864862284908,-0.005393538067913827,-0.06176700605115329,-0.04852567776767184,0.26317728302275917,-0.018179077802386298,1.0,-0.03676425732565231,-0.009654298686844268,0.029762081230011374,0.11433166058801364,0.12127550452873495,-0.05935430410522383,-0.05849118210796886,,-0.034054468150756155,-0.0061062917253337035,0.0791553343533317,0.10719844227891989,robotics
ebit_ev,0.007193367301435709,-0.22443301935049464,0.5966329203332809,0.5424241300746107,0.28008069784026884,0.09803948256330544,-0.06140159186841537,1.0,0.2834494850519597,-0.4907378279806774,-0.3607253832199483,-0.017818838541104654,0.14413107527621732,0.7407229692320452,,-0.10077944640417852,-0.6195488571558707,0.12573338087340316,0.1933773560623515,robotics
gross_profitability,-0.12815243056432193,-0.15764437444200272,0.3710868172045317,0.6456556837033725,0.21898563286793846,0.07708080593560383,-0.043105055310457656,0.29999879237630356,1.0,-0.33177298635910446,-0.19003830023937213,0.09252459874594546,-0.3364730670704707,0.18227398052880195,,0.26388976675506237,-0.3704415216275184,0.08715332588441924,0.07868399468994652,robotics
idio_vol_60d,0.10222901253685683,0.15179126033756943,-0.4770891355762476,-0.47833809537388233,-0.43024912407525784,0.058767081192422056,0.1359589447965358,-0.4189364834564444,-0.3677061151722379,1.0,0.6096458025099835,0.01815090764331321,0.051994197332582,-0.35874632853707794,,-0.11039342126080777,0.46226813404088135,-0.11431075344071273,-0.193402819597676,robotics
max_ret_21d,0.05357204425327212,0.15093757326464924,-0.3128960692325155,-0.31070757477171523,-0.17835587003346765,0.05531476410868942,0.24284928525810534,-0.27753175183489714,-0.20702726327708507,0.6195816675560556,1.0,-0.006174221289653209,0.002547540583787847,-0.29364791103494614,,-0.05113001003223379,0.3304715279624221,-0.06369441186889062,-0.09955894598368521,robotics
mom_12_1,0.13357933283937895,-0.0022369600862701313,0.0025439955651393674,0.020337115655287397,0.30986084993257257,0.12109424162663365,0.17179045376587682,0.02511608382701033,0.029173768891292688,0.17440635221621842,0.07376107589966648,1.0,-0.14009999522175598,-0.14298941012432906,,0.18302301492315054,0.08013340713815886,0.2523331881787053,0.3585427550193549,robotics
net_debt_ebitda,-0.04413421240572009,-0.17142453323261192,-0.329753469606814,-0.33738058881069727,0.1275728170200214,-0.06710888590609014,-0.051730293046073884,0.04872509757943861,-0.2662859391153626,0.030993825117376594,-0.013100445601583832,-0.06751665553247654,1.0,0.15367623445995107,,-0.29956160909785773,0.032178896222122784,-0.07405501536856553,-0.051376991335865936,robotics
ocf_ev,-0.1269130034158555,-0.05939895455358173,0.5983843308646762,0.503083644200764,0.15021753763752252,0.014823748979552857,-0.07988150414237129,0.7601613599977558,0.18957330597558145,-0.3500023490642433,-0.27161396349447275,-0.10044892932543333,-0.05789132905008975,1.0,,-0.20014675735272183,-0.5348251494963029,0.01296424080478954,0.055193547109873946,robotics
profitable_growth,0.3125936167569298,-0.10111107077298068,0.19228307056569818,0.4994171048003736,0.03176043036679687,0.03629477597294982,-0.0364800421371442,-0.08325557733940099,0.27870145909295047,-0.08104983774140898,-0.033181034639092145,0.15765869455712808,-0.2782082376704415,-0.1714796643563939,,1.0,0.06777064443043454,0.22315436041593845,0.17646260553905174,robotics
share_issuance,0.3859612007321791,-0.07482573737328783,-0.35132967381617813,-0.39686829910707233,-0.1802848484394821,0.02395937647919734,0.010686288806251186,-0.4005717767250349,-0.32703884163123753,0.30227513525748473,0.21867828046202958,0.1012941406273277,0.07527076525824664,-0.36671712524296746,,0.11531855087957,1.0,0.0028809773828941893,-0.013933601684301302,robotics
sue,0.032469485299907494,0.02431554523643795,0.17130851217326495,0.17613301999873457,0.21259157645915613,0.516179731120952,0.04717731635036572,0.12418830496484855,0.10358355974756456,-0.10873798266580308,-0.042908400619729524,0.19955888693613577,-0.06339145659935934,0.02271965033353122,,0.22522585260927772,-0.011759635602999224,1.0,0.5832411359190084,robotics
sue_announce,0.07654866549826116,-0.05031852221164154,0.04187429171856789,0.06427805529093875,0.32177462518179584,0.31925164583651816,0.0853200385314034,0.15497404233164747,0.0872459110068499,-0.17488130693964712,-0.09000644467664741,0.33672911151841267,-0.03632411966284247,0.008704226798426059,,0.22495244731133499,-0.02420305935275394,0.5314055487926235,1.0,robotics
asset_growth,1.0,-0.14470967275066068,0.11106049744548906,0.08698455059084886,-0.03906447520133609,0.29622069729834444,-0.0012874148347036165,0.08297606830407785,-0.03943782726460466,0.08679670887726951,0.07691619809595765,0.21146452272559813,-0.26216388306372207,0.009356262839895043,,0.4783870441643365,0.4171867369607968,-0.08625320826282598,0.045276124619212245,biotech
capex_at,-0.12823442707124746,1.0,0.13872771781138996,0.2614594825625415,0.11085555573334627,-0.03305876369817518,-0.00730320859610799,0.17150740293598515,0.22439556324915935,-0.21394941878849777,-0.16771207845721783,-0.1166923848254091,-0.024350340479300164,0.20336592412276178,,-0.3273906054339059,-0.2364414514580638,0.09286366201733998,0.11265854967261499,biotech
cash_runway_years,0.030834297230117755,0.03449820871665347,1.0,0.8629084252636208,0.3496947397198887,0.1491826118911632,0.03056496466405554,0.7121302652802222,0.3056679356853484,-0.5806182604564208,-0.4694531733097231,0.008096001417669994,0.018219249095631378,0.8054856206179368,,0.18518432057475487,-0.5040648249383571,0.25372171917486763,0.28097590885999674,biotech
cop_at,0.060849707868555654,0.12396226737730502,0.8506177213760336,1.0,0.35732944537512085,0.13193408681871607,0.017863281532225217,0.762849199546784,0.4872682233553552,-0.5879419594886939,-0.4763680009952167,-0.0005535999117826396,-0.23190392379729577,0.8503287435984949,,0.557956687959517,-0.5660324767111758,0.30245940172827834,0.3220819013938708,biotech
dist_52w_high,-0.07917743114037414,0.03517237276210856,0.3503731240108878,0.33021399824538566,1.0,0.07917809282294808,0.19935150379485267,0.44200631549517594,0.15273980930944128,-0.498560627621467,-0.31307273863692425,0.42022121262828716,0.10624521978331089,0.4079452748622289,,-0.022200760027158508,-0.27744919261650935,0.17135790946196933,0.23672730695367084,biotech
droe,0.24621461327050548,-0.045310242158538405,0.107158691716177,0.14905437359846593,0.03824088023100251,1.0,0.08383291535993449,0.147222858674085,0.06973138713907365,-0.0475858527786945,-0.03543666679332139,0.17095972143617014,-0.08416522665868408,0.09877581917496447,,0.10509127845162482,0.07126026952046514,0.5855924906306567,0.42390948136561507,biotech
ear_3d,-0.019659375942160533,-0.008319619281756906,0.013003597572364651,0.005735756257998316,0.19367508425919375,0.03315141635899052,1.0,0.038865826054869414,0.012404426750903476,0.017701229503555693,0.10788546406848937,0.07079478207720302,-0.03052011613989595,0.018590308420922505,,0.041240737042730354,-0.029269693497951232,0.11184850386383952,0.125605412230695,biotech
ebit_ev,0.05714966945217122,0.03761269576505614,0.5301165880918586,0.5412539300988529,0.4413218604074548,0.1375070308473918,0.0343299381859176,1.0,0.3653985134547098,-0.5969611794781846,-0.48071395276059836,0.09139556436231748,-0.020530380572988127,0.8715506523801425,,0.1700600091911232,-0.5296068022124345,0.2763840379792766,0.2756428149716055,biotech
gross_profitability,-0.12465096049422414,0.18623883764650842,0.27393363948271426,0.3821457087170531,0.1097893372838653,0.04574910763092057,0.020530871885765755,0.27899762634081415,1.0,-0.17847929796532847,-0.15229885835480697,0.04627483241125611,-0.38493770293290236,0.32221862451778543,,0.18019076904162745,-0.2799555836188392,0.21214173293181918,0.16479378746052598,biotech
idio_vol_60d,0.09653071047453335,-0.07538542762573149,-0.4778624852478923,-0.47928498255022106,-0.3715075972851447,-0.018445454214716696,0.05764017365730672,-0.3454008986409723,-0.09520936938805612,1.0,0.72448473519517,0.042658830245981536,-0.2362796711271538,-0.5917118634078489,,0.12877613419380357,0.5357066352523631,-0.19057902014085037,-0.25406670574856693,biotech
max_ret_21d,0.05345903759480642,-0.04711664906349975,-0.3243674569809475,-0.3276313188604465,-0.15115426597037876,-0.017111671980664822,0.1509079410693618,-0.21155018345450952,-0.07156219059894936,0.6360749920520795,1.0,-0.0018236258964343336,-0.1836860822604608,-0.48758973835737035,,0.1025298930443241,0.4337292177182915,-0.14232827003690363,-0.20463893097740302,biotech
mom_12_1,0.23125652457651463,-0.08966485555692186,-0.08585117454040542,-0.08152459378463643,0.27648082991399764,0.1122124488274118,0.0757712191226517,0.09125033668728541,0.019563598410379378,0.1960583854286549,0.05541272454145874,1.0,-0.10929378818940498,0.032761757276512066,,0.18528554442483874,0.21451860389590016,0.05239717383413867,0.09409258126295514,biotech
net_debt_ebitda,-0.023457653128057872,-0.08734864479050614,0.05133739941951192,-0.09145488804342318,0.04496503436375817,-0.052554569647869066,-0.03996250219773271,-0.06804187632176736,-0.19199925259565578,-0.11025441103570682,-0.07600167400303573,-0.06855675567312648,1.0,0.07743627449766571,,-0.28014650629000504,-0.18899132051331544,-0.09992681684378805,0.11176264723535047,biotech
ocf_ev,0.0392735157276027,0.05151663660521177,0.6350884486598921,0.6494801531555884,0.4239173676027774,0.09814384732777956,0.024893789790162595,0.873966038740783,0.2595490070906163,-0.36131705161502614,-0.2324599348658522,0.05660546636618048,0.014912263703237191,1.0,,0.1735476101604592,-0.5665841466392126,0.24317597847422887,0.22504684199312158,biotech
profitable_growth,0.4097575763960767,-0.25373952707135683,0.1922259934784594,0.570784111072685,-0.029960716597333507,0.09464628690517454,0.04313102890177033,0.21713400417984924,0.18551183317526024,0.12044131612261294,0.08410264010711425,0.18133122071942318,-0.15221855487590646,0.23120181637411075,,1.0,0.18152037094759452,0.19328381772438172,0.2721782981125134,biotech
share_issuance,0.46122266368607895,-0.10684329667340409,-0.34114220442950466,-0.35244262742537114,-0.1634031868858261,0.09731356162299014,-0.01843108962269354,-0.22345522586889646,-0.22330062227736547,0.3090492824575761,0.20618273787471386,0.2732834211984459,0.014994248565100579,-0.25973654659224127,,0.11857778143896336,1.0,-0.24418706142857224,-0.216835131393734,biotech
sue,-0.1138246975865509,0.05657448211260635,0.27659702247902385,0.2682725396345873,0.1612161377775222,0.3382008817052571,0.09304094340825207,0.19615100145028003,0.2143591224332651,-0.15893871640923443,-0.08601839412303286,0.0041740089999644245,-0.07389490328806837,0.17290362929982964,,0.194054778951164,-0.1828726122614244,1.0,0.6552113602440535,biotech
sue_announce,-0.002730016846443542,0.1074872441913175,0.2951510911305999,0.2926949106204923,0.2178537632843279,0.2528733409215125,0.1161943156442415,0.198889221852207,0.16177345835901383,-0.22599513071605362,-0.14704436277602984,0.021453037238678377,0.04311274262678254,0.1739335239511404,,0.25816109713607754,-0.12552138409397817,0.6287111324824294,1.0,biotech
asset_growth,1.0,-0.14670312343901443,0.16350351038113334,0.14435598296796198,-0.02423645107977655,0.3384247698694398,-0.0007258255312919907,0.14911295586393394,0.00017559084138769345,0.06097952459033952,0.05347195188597836,0.22033466668706705,-0.2743264319631173,0.07032708192937938,,0.49608335208261256,0.4062217373724892,-0.0723494774938072,0.04100944952603778,biotech/biotech_all
capex_at,-0.12457687504658911,1.0,0.08249072034194098,0.2017903784764999,0.08127038232343617,-0.047600774216887465,0.001338335490542614,0.12525687949512868,0.18558453198056998,-0.18920317313394774,-0.14166576282737672,-0.11921511753798107,0.0018917550484656603,0.15537234973576913,,-0.3537599304190247,-0.1960563599638752,0.08618589759656724,0.07453075140604153,biotech/biotech_all
cash_runway_years,0.06939930477333464,0.014743736932752733,1.0,0.8769397959343126,0.3242035718530485,0.1653345778118661,0.03820707915194123,0.6891345799387602,0.33633614351796776,-0.5474615929037988,-0.4398893185058912,0.02208198327334869,0.0022480441520518054,0.7980355425375727,,0.2275006639043458,-0.46038010019594494,0.23164426992476825,0.25709365710264614,biotech/biotech_all
cop_at,0.10136161342973853,0.09494366020930992,0.8507059971513774,1.0,0.33223376476635536,0.1525086590378375,0.034500744579494355,0.7529157239241504,0.47670465842833615,-0.5721016776289545,-0.45353967604649614,0.003211622385335437,-0.1573691298187181,0.8433291301963544,,0.5618861901454126,-0.531472371719436,0.28591586984910095,0.29243413578809524,biotech/biotech_all
dist_52w_high,-0.06350376778533469,0.014567558448839826,0.3268617987180624,0.31166519518700087,1.0,0.07178128602378388,0.18742394329627726,0.43566834241851937,0.15992233996088176,-0.4595894091278368,-0.27591329258286573,0.42705425104257966,0.07725612714738113,0.4154418944179924,,-0.04279571322809464,-0.25014220965588785,0.13187944826798217,0.20850555463997617,biotech/biotech_all
droe,0.26919820678039946,-0.047184094812544194,0.11541525321641719,0.15528859895466568,0.03551296222949386,1.0,0.08724343044028432,0.1822065212820726,0.07543914572998975,-0.05111791593908538,-0.038656804113653895,0.15645441784419317,-0.07411946295401853,0.12367032338929376,,0.12742405291884112,0.09499065347522835,0.567169786803248,0.4460611661858308,biotech/biotech_all
ear_3d,-0.019722936179876336,-0.0038941185656166536,0.021869485159246797,0.015657654660332372,0.18250545664609333,0.03157765706074353,1.0,0.05320365263885583,0.02571608165312964,0.014675328587188731,0.1002712643448592,0.06602803702959381,-0.04625898413747454,0.0336399070295836,,0.024362222271116632,-0.034909610220125384,0.12395719908734458,0.1357842709456818,biotech/biotech_all
ebit_ev,0.08715796429166432,0.021763301500589884,0.5040844007330219,0.518535076454749,0.4260488977853126,0.14624489641711677,0.04076187719245141,1.0,0.3853423495715484,-0.5534766975369805,-0.4361648141898021,0.13149313326649578,-0.017353738668385042,0.8764656037998382,,0.2035439852282029,-0.47097338462052435,0.281962451549452,0.27251379219316907,biotech/biotech_all
gross_profitability,-0.09690540155529895,0.16142808919451815,0.30248558806865444,0.38152456425953557,0.11676127904338039,0.04312617340991079,0.031295609462082034,0.295523879328028,1.0,-0.2031111693026335,-0.15957913971410256,0.04431846691750841,-0.33446581774912465,0.33735817000305385,,0.15715883222680466,-0.2711473813580337,0.2174638891796055,0.16211265634060618,biotech/biotech_all
idio_vol_60d,0.07537384101519433,-0.0661329268027927,-0.44650171816224565,-0.457227067027227,-0.3328893034727228,-0.019924495091828198,0.054687536320113306,-0.31009414965578336,-0.11325686107543957,1.0,0.7007410712621075,0.04689144599483106,-0.1969197661759096,-0.5648974904236364,,0.11157799591856137,0.5046961902761506,-0.17041251708908248,-0.22463080390899004,biotech/biotech_all
max_ret_21d,0.036928544274424345,-0.03837313595931477,-0.303547685022816,-0.3111869115623397,-0.12245132966385029,-0.01967811894807914,0.1411537342695515,-0.18900654284491,-0.0767203087959238,0.6248100748932872,1.0,-0.0046566292575193746,-0.17245645249856897,-0.4589865503393773,,0.09821058726285593,0.3993502280978122,-0.12242771103182568,-0.18426959188153288,biotech/biotech_all
mom_12_1,0.24253493202114268,-0.08739809778965817,-0.06432548226855764,-0.062467654213998546,0.29077396040068704,0.10207060651092378,0.06853992139889858,0.11078383998914937,0.011268762282023602,0.18898069671452236,0.042688310690697145,1.0,-0.09595653857448451,0.07750994887544796,,0.14754292643568964,0.22617107662139013,0.018967208777020534,0.0780677151127541,biotech/biotech_all
net_debt_ebitda,-0.04975159591628319,-0.058850840674691055,0.04500964114406136,-0.08345198079489508,0.024958876095586616,-0.043048727977190684,-0.042267025446855455,-0.08876936846405815,-0.18696490987174233,-0.07295872710741973,-0.05250799924014096,-0.05673987450452369,1.0,0.09248931308581623,,-0.20644107001055942,-0.19770541703832833,-0.07752601922761664,0.11749505804732933,biotech/biotech_all
ocf_ev,0.07164103513465205,0.027974431151385495,0.6179576964913804,0.6295804052173378,0.41849901184499794,0.10476544749713532,0.03242823188826047,0.8717266725173499,0.2641992573049645,-0.3316466975451925,-0.21284373455441316,0.08047270005504203,0.006490648049537491,1.0,,0.18531126581609114,-0.523437663019439,0.23723986507448216,0.22019855819976977,biotech/biotech_all
profitable_growth,0.43099018827994257,-0.29030455802888794,0.238938954877037,0.5672122399967208,-0.032549195742581194,0.11889580741531071,0.027388048271869334,0.22981634066010478,0.1495563348582345,0.08343211286108458,0.06812901920228856,0.1474898248971708,-0.11854294724728241,0.22259609985242854,,1.0,0.1555715102956832,0.202297004470302,0.2932192561159836,biotech/biotech_all
share_issuance,0.4404021873243941,-0.09296944934257408,-0.3177092710440318,-0.3312797374229204,-0.15087003018660183,0.10846005622366733,-0.027251638638814295,-0.2018437439477211,-0.22082693714737686,0.2903699390366454,0.18966088794321878,0.2680155324483139,0.008321366853686602,-0.2375669179461689,,0.1088084295034643,1.0,-0.23730522281976588,-0.19805394946326396,biotech/biotech_all
sue,-0.09964297704965787,0.06323507240052506,0.26526864150169743,0.25298244276158527,0.11782576694694102,0.34178521709655807,0.10362756293577671,0.19339151896944784,0.222694730798265,-0.13286835370105146,-0.07003975039429723,-0.01330008396770536,-0.07042104195080301,0.1557174840261775,,0.2029059284950582,-0.16988641050890346,1.0,0.6890451986009047,biotech/biotech_all
sue_announce,-0.00417502946426662,0.0903916623381256,0.28236939261775845,0.27689044744273766,0.19301940133195658,0.27708336723386623,0.12163420830930145,0.20468412410829703,0.14769230323316224,-0.20792915679942794,-0.1324411165657799,0.0202465678029946,0.026144629726188275,0.17446809733291332,,0.28172420341679316,-0.11705577783831246,0.6599322366712617,1.0,biotech/biotech_all
asset_growth,1.0,-0.012012194009482002,-0.04831259894553656,-0.04707974802330681,-0.04709481402369146,0.05823772432468086,0.016777174486115178,-0.08495783746346808,-0.1278511946646258,0.12036160887370569,0.11366596820056978,0.16748999277608495,-0.15901906684417638,-0.16006260002451742,,0.39216204281152295,0.39863872248078014,-0.06431812538875625,0.15524075350457567,biotech/biotech_tools
capex_at,-0.054473950976887946,1.0,-0.009504385035651765,0.3103588708056707,0.047724207002726525,-0.020791659415119068,-0.029504472770558336,0.06346987011046318,0.41902598542400776,-0.007783377381364358,-0.03932693858619546,-0.011803485759000695,-0.3018551107526355,0.08497316337232065,,-0.046187388725158283,-0.1450046102324174,0.06280959006832171,0.24810859271533614,biotech/biotech_tools
cash_runway_years,-0.11292304992337031,-0.13695932846595066,1.0,0.7011229305798734,0.3757227085448081,0.04642056350046292,-0.006066408515804623,0.6649119005334501,0.26945777933183446,-0.5568195914687434,-0.4656785507932883,0.0008725126048172157,-0.012781394610790569,0.6924006308496783,,0.2115254797874991,-0.5327302071514258,0.2701477617587727,0.30804970882233057,biotech/biotech_tools
cop_at,-0.1282316195293713,0.0682947086390651,0.8063687200220677,1.0,0.316355303632615,0.04866532918722952,-0.03214900728006861,0.7224409470480975,0.5507752952740007,-0.42859269228182467,-0.40267612813874276,0.04551568899105849,-0.358337112334301,0.7266031643902104,,0.4021189930894285,-0.5945096487890784,0.31580120414719515,0.43624812932035284,biotech/biotech_tools
dist_52w_high,-0.12188200520231895,0.002880154643013548,0.4144931550824708,0.35150902374532295,1.0,0.07819346532700701,0.26122784024365064,0.3465214176850643,0.06038320385724227,-0.5562876660613708,-0.3188763403815468,0.375363333886367,0.15220752025970768,0.2790507622897826,,0.08593926298413712,-0.284691045927334,0.22490654120012418,0.26286277610635994,biotech/biotech_tools
droe,0.06814937550902832,-0.07592116831679732,0.04803704716636954,0.08343272268999453,0.054274382013821766,1.0,0.10019035041734912,0.0028289324419508684,0.04022880522035797,0.01438307974612777,0.012672872556017414,0.19231767018097512,-0.05091431891184923,-0.008612789250018094,,0.0675395188196308,-0.01803877181647225,0.6822445784261493,0.31487368078906824,biotech/biotech_tools
ear_3d,-0.012593905130776737,-0.0406316341774086,-0.011968299095066803,-0.039893197510804425,0.2570680740133748,0.06683147319598264,1.0,-0.035555099146975175,-0.024317322377171623,0.011400337750503038,0.11758176221894293,0.11550770910146406,0.04081128173480064,-0.03404470141957675,,0.047291823891360524,-0.010023400399784707,0.08133502092055762,0.10217622144997393,biotech/biotech_tools
ebit_ev,-0.057265752125674724,-0.05153066922325843,0.6842115634869121,0.701014035762907,0.46717370988588025,0.051602611946848946,-0.006224945407856926,1.0,0.2843637140228682,-0.5626247729395354,-0.49904980217846295,-0.015909071329161674,-0.023899069697740954,0.8211440036103259,,0.11112533333307434,-0.6003889526436604,0.23668053423379556,0.25929433669034874,biotech/biotech_tools
gross_profitability,-0.19693496311074565,0.36363170374790454,0.24642619816890585,0.4998867335172356,0.07921392099541077,0.07457834070814656,-0.020020859647519262,0.2957248624195416,1.0,-0.024188055647532205,-0.07543485544955263,0.037198217915279205,-0.44337486531545245,0.23349548767499279,,0.060538296889304496,-0.33900587724518955,0.1720410090225792,0.1790337226418981,biotech/biotech_tools
idio_vol_60d,0.1591927540149832,0.07911813678009379,-0.5792862174093806,-0.5178116615471283,-0.5635238553683108,-0.009281976084824105,0.031274375267290995,-0.5420657899286075,-0.057810360288075645,1.0,0.6889085601099244,-0.020780164609286316,-0.2560891040818808,-0.489202566834977,,0.058000070113827025,0.5019226698202099,-0.14139845445349233,-0.2089063535764857,biotech/biotech_tools
max_ret_21d,0.1077765571424628,0.05470204679113772,-0.4341839947845413,-0.40927312612967254,-0.27744672462848075,0.011813925892402802,0.17375975022273757,-0.4030121771027718,-0.06854645464513384,0.6742446768586413,1.0,-0.005401205059550482,-0.14473986687274323,-0.45116585321425906,,0.05352889427816944,0.4493383211675377,-0.12205654989996496,-0.17958940620247543,biotech/biotech_tools
mom_12_1,0.1264494220335603,-0.026250199946107836,-0.09596331712849947,-0.11314903992756575,0.32391967293976415,0.14457714988982243,0.1466572848111233,0.007007177019059594,0.025395770702494394,0.11951910149676294,0.07849536438706158,1.0,-0.09290517953196266,-0.06641148116066649,,0.23981466702910523,0.11655350419513617,0.1660636756146017,0.2207553204540995,biotech/biotech_tools
net_debt_ebitda,-0.034888109483405476,-0.29690558107432635,0.04366679156629419,-0.24362275610910156,0.10126622052676708,-0.06762875420086849,0.010283577782593006,0.04563970659702421,-0.30445023531938187,-0.2208155027551276,-0.15823628774001317,-0.13068101838541107,1.0,0.03888904652179182,,-0.2351625699165288,-0.04959846973633897,-0.1424770139304683,0.05750132531209295,biotech/biotech_tools
ocf_ev,-0.13827046184779876,0.011487405528894615,0.7437076033716669,0.7768133219341304,0.3893396249305957,0.03670159768459842,-0.017820843090354976,0.852486064538554,0.3045896153754923,-0.5304810104681594,-0.40801060706943204,-0.07429427512690084,0.04519132882574553,1.0,,0.05665161713735941,-0.5798762068960762,0.20547145249214727,0.20641350771203693,biotech/biotech_tools
profitable_growth,0.3382365143189649,-0.03968993402989435,0.2449614660718254,0.44853195827464554,0.05599542608065687,0.05725271806364241,0.06672938395785186,0.1739417100683256,0.11224785091565158,0.1055442229895942,0.08419850172138257,0.2611653721176506,-0.2129558730731237,0.10751628366476487,,1.0,0.12482258607244708,0.24824199553823423,0.39762280572704534,biotech/biotech_tools
share_issuance,0.5564572552720567,-0.06775228858820918,-0.40232310469563576,-0.45630552155578863,-0.24203953178229518,0.03198291187110969,-0.014205670007359115,-0.34598745381594626,-0.3031784120591037,0.39237029694468534,0.29075758113046984,0.2343685985659161,0.006716213647969245,-0.415894419982213,,0.0872349016653289,1.0,-0.15939352027390127,-0.29317956755434305,biotech/biotech_tools
sue,-0.145190860474595,0.007993060006049667,0.26487474373383796,0.33377735572691375,0.2644659322280408,0.4798721793816806,0.06755420299453994,0.29652263519426225,0.18301660623634605,-0.1863109463799941,-0.1197298885049466,0.13143939479387498,-0.11758771448820798,0.2730943332761815,,0.2830851678293123,-0.18465233437594833,1.0,0.48424253909311876,biotech/biotech_tools
sue_announce,0.06303537751891866,0.2487990384652923,0.30320511840047815,0.42184332615020975,0.26718610509887925,0.22999009915899918,0.11059735894784994,0.2661383911380377,0.28712108235231654,-0.22161979011570856,-0.18036501550270678,0.2247795271192254,-0.030704557769917692,0.2215188000261628,,0.4339489572175445,-0.2465497309697926,0.5018173304419051,1.0,biotech/biotech_tools
asset_growth,1.0,0.16533848089480888,-0.19194016823982743,-0.01778336805071765,-0.04154886006518977,0.06985437894364935,-0.012605302340875422,0.13272592400419317,0.030767039954297307,0.039955544727787735,0.026393153452240536,0.024383444733057487,-0.0691543782781982,-0.16408362242144445,-0.06830675638330143,0.19570248609286003,0.3153142806722442,0.1387886834917983,0.13761669231669083,energy
capex_at,0.11304152890426346,1.0,-0.4551187183846137,0.32441177478139677,-0.044220051681837035,-0.020081237419377524,0.005285036458680512,0.0055128290363274995,0.08123437501525531,0.06097321829728827,0.04868746022215198,-0.07809708790424195,-0.019821545015169643,0.23870204890104324,-0.024145924972476945,-0.31005622515778325,0.023215829401741883,-0.002820238582375549,0.01181361405765533,energy
cash_runway_years,-0.08659682682460093,-0.4092805351360532,1.0,0.3591574887294628,-0.017866182401029548,-0.004658695762302352,0.011585130894149332,0.22117684504675186,0.23589533396395315,0.04660345177285984,0.051213728752631346,0.07446604695840454,-0.3225844714802456,0.29411203955751,-0.011978660704420325,0.5595610176080025,-0.20201174738326272,-0.0020884304631365027,0.0034039588368878757,energy
cop_at,-0.06637201183390498,0.39348080926849643,0.31918844106808825,1.0,-0.10396391552318794,-0.024723390415083563,0.023119851127432575,0.36188947737484944,0.47336425301866153,0.18817132919010876,0.16803781200760828,0.016862943644658502,-0.5428638487001691,0.6656830172880809,-0.0680815359195336,0.3698780185588592,-0.20932511645619398,0.02279954766954713,0.027581816178373762,energy
dist_52w_high,-0.12026934693888118,-0.10095782302540454,0.012359744376027122,-0.018236955479791168,1.0,0.09383170420996353,0.17137694694376743,0.04675979516530035,0.028313448735301696,-0.6434552101524469,-0.48067483097954666,0.48742645636122106,0.22801902451990433,-0.16576984796575386,0.11312003788388211,-0.06215806202174692,-0.08421791359087548,0.12989066533644691,0.14512260698608614,energy
droe,0.018462117229446216,-0.008368852286661985,0.002364354969238001,0.002100471796675163,0.0475476126618672,1.0,0.0950877206878418,0.08098441554154233,0.006393051053503217,-0.021832403881686828,-0.007178585004545492,0.21632939710586754,-0.02546745302189783,-0.07583463077923235,-0.026976520794456272,0.155608577777588,-0.0038589534569463545,0.810076599244197,0.4705044799426801,energy
ear_3d,-0.006395162079306295,-0.0021609413941306916,0.01556987644545935,0.023782552866212142,0.187031596798308,0.058755230795866135,1.0,-0.018601081742801385,0.0472763220073792,0.014248104832321478,0.07961088932458721,0.0973090403129499,-0.03072009172586712,-0.03754649715129681,-0.006678513659581985,0.021641185165485625,-0.007549031107822887,0.10296345416634847,0.11184572552819082,energy
ebit_ev,0.11009990949650196,0.024120708641454724,0.14915000835917086,0.2901491229947605,0.12904382182976748,0.15019988018680858,0.006722138872200806,1.0,0.37431066947525904,-0.1530841456678721,-0.14889954132386288,0.0026321924383924853,-0.45557352578342325,0.4506178131627793,-0.11025772511714753,0.24522937501787076,-0.24957680724963008,0.12058227865679184,0.08096489107270478,energy
gross_profitability,-0.031849333015798335,0.15586007256143625,0.18985186422095388,0.4174222113392904,0.005823895138955476,0.024235317691879192,0.026321748181072413,0.2150013407976516,1.0,-0.049404139032778786,-0.03986962207239639,0.05273423390273258,-0.41061802938554665,0.1214711214619611,-0.03741317136597337,0.24772646740952328,-0.17545068177606155,0.05868588551827248,0.04593265353510516,energy
idio_vol_60d,0.12509868830003043,0.15612638820269575,-0.016301662278318547,0.04443378910064291,-0.6269452176513248,0.000776421490331725,0.031217059747724953,-0.19316190429718363,-0.026155207166533093,1.0,0.8201524061279908,-0.14597398199253792,-0.3419221805220176,0.1351015700536159,-0.04620828447268667,0.10632248418203408,0.11869271903892076,-0.07695623075769621,-0.08368061615564579,energy
max_ret_21d,0.10966822530747079,0.10566858708898032,-0.005891875690201431,0.026078880833691632,-0.4370202201680881,-0.0004149312642935506,0.12582962674159842,-0.16387125992444745,-0.02563999140545798,0.7593131065725474,1.0,-0.13725519778593995,-0.3053797311331927,0.10270303269109483,-0.04656722029264016,0.09778170036017904,0.09506531112409398,-0.05223435600391863,-0.05988677448703172,energy
mom_12_1,0.05153324662658389,-0.07699118268592477,0.054068312227280174,-0.00698838874413765,0.4088755714871178,0.15205104644789455,0.12434813183023405,0.0650012813198566,0.04300385377718833,-0.012400597972293183,-0.0476749089270936,1.0,-0.030329800087975263,-0.1298943083201289,0.1196007710436378,0.09385277095627456,-0.004374246222200479,0.1844467021561783,0.21215239233597988,energy
net_debt_ebitda,0.005390520707894004,-0.02401075484319974,-0.25463453440751654,-0.3799984728784583,0.09411219145151717,-0.0490969351543261,-0.019352380941832132,-0.36868917271734786,-0.24639132689659432,-0.11276296165649706,-0.09612418457051519,-0.038371360195232185,1.0,-0.37172333912254385,0.08907266799866762,-0.274299007525019,0.21948887448584012,-0.06956837621628766,-0.05511619786560624,energy
ocf_ev,-0.11914297545476202,0.2665450693909873,0.2511737809554148,0.5887070928994729,-0.1329362952556995,-0.013877804775958359,-0.03068498049855519,0.3009010998432419,0.10554206073032502,0.09806270421525452,0.049446109814611824,-0.11552877258933529,-0.26586777436421866,1.0,-0.08092078854597236,0.1337819157880006,-0.2300422695243986,-0.09039216313411402,-0.10531668994707402,energy
oil_beta_trend,-0.02949848355696757,-0.030878500948081294,-0.010010015977708045,-0.05671009129721446,0.11230849733572139,-0.013772852771395373,-0.00428001756266254,-0.08872347694531917,-0.016362371109053885,-0.04270247827559237,-0.04452202784894491,0.08839777591947316,0.06451098323869729,-0.0795770400570813,1.0,-0.06797291111824472,0.03345239337665129,-0.014743798073921172,0.010418231925008499,energy
profitable_growth,0.23342283547871379,-0.25036703850252157,0.5697475980080445,0.33781789705494303,-0.04335506450136795,0.0727461877146577,0.017633661980790746,0.23525416735267116,0.22424605120662577,0.06626425062198803,0.05934294668898334,0.09906584254940701,-0.21711268406129217,0.10600324047549141,-0.07070910215240227,1.0,-0.03782893739758428,0.1812924837748157,0.20829923823079238,energy
share_issuance,0.3300135527434252,0.0069491538932577555,-0.05088735194094508,-0.09026661072184813,-0.11965913122177843,-0.003064303224601602,-0.011291821251280693,-0.1135471243682962,-0.1276601454869219,0.16352036900079947,0.12348029335041949,0.04069828573433694,0.08552299687326122,-0.09252824171542463,0.002798872969881785,0.06540337856412039,1.0,0.04207639162145654,0.006948315520700373,energy
sue,0.07077594109763409,-0.014214766503042759,0.007495030459332492,0.037544603945877365,0.1412466505199181,0.4945387862740152,0.09485658808349363,0.1322592968929483,0.031972658577968424,-0.0732281733703349,-0.042353780082183164,0.16249273438966413,-0.09730021962209194,-0.06301475013486267,-0.018167773893164475,0.18388477252073812,0.01279885033492632,1.0,0.5588060286192187,energy
sue_announce,0.08003437796989349,0.009293105018653451,0.018757509500128656,0.033758333504629603,0.15928344030483235,0.21132108830694793,0.11420052547362174,0.08658644481895236,0.0049005374833162784,-0.08261622565910014,-0.04875566246773811,0.19503777925454366,-0.06041322911621269,-0.0915388244356804,0.007517387599100458,0.2256834362136675,-0.0051140322453151876,0.5314910103419933,1.0,energy
asset_growth,1.0,0.1914209072900038,-0.18416920349646015,0.02800489832959944,-0.03841017198276281,0.06754372217088947,-0.021742769463117272,0.22060258926207843,-0.0038436531888597653,0.02816107159221829,0.016241671679213043,-0.00269203979012213,-0.05449648084819256,-0.08411969483211194,-0.07006558502758971,0.21744339807704352,0.2893929783767275,0.1337152943033324,0.11459242031249937,energy/oil_gas
capex_at,0.16226972351900676,1.0,-0.4593978090627918,0.3921996878942842,-0.100137869533722,-0.012848773837374795,-0.0007407356470208607,-0.015245798466743442,0.12381207292365368,0.1871829226266983,0.15140360334298092,-0.05262787399375138,-0.029762579749839885,0.2873680891757014,-0.029445385731877202,-0.25632586596076695,0.05082637202921598,-0.008674883747960008,-0.0006817765302919784,energy/oil_gas
cash_runway_years,-0.1588315267385818,-0.49786438287845947,1.0,0.2427380908084389,0.13089156641529898,0.013324492079241324,0.00884834884183117,0.2288521940232532,0.2255015560700949,-0.23528092627030267,-0.1723341929334184,0.06928319567639245,-0.25260446426100636,0.19927632612884133,-0.011931536191447477,0.46555185414782296,-0.2263187535149294,0.016271433566182558,-0.0029274304653765064,energy/oil_gas
cop_at,-0.0939874969037327,0.38606077434351277,0.24862779156889764,1.0,0.017158887203930866,-0.0027341821666024306,0.003328100861750467,0.36793251714753805,0.48157384597680514,-0.014095058907416818,-0.0010740470589053275,0.029593553475909518,-0.4571215038191459,0.647146176571317,-0.06950479923782774,0.32127210487339575,-0.19635584758138017,0.033146456241450996,-0.0033906481795377644,energy/oil_gas
dist_52w_high,-0.06238746909941715,-0.12301167481852196,0.1366353451213236,0.03494427450848267,1.0,0.11367528100896578,0.18917221489803557,0.017672726851705914,-0.0017977739780817778,-0.5628508624440439,-0.3509125385984143,0.5491283030385163,0.09079785940178067,-0.20010521987946642,0.11280466794680863,0.052862443277998564,-0.11728038979204118,0.14501475851897058,0.17169820111116804,energy/oil_gas
droe,-0.0012566630010787416,0.0047694651418195766,0.01094596109078432,0.0304865622258652,0.04115698345278103,1.0,0.10894296286350716,0.10659184822913606,0.010406073947177798,-0.021504147958314283,-0.010308542212767616,0.2141679694583757,-0.037071898331323204,-0.05630829146799031,-0.026277448540521633,0.15295063474113313,-0.03053180762335466,0.7874889330274618,0.4534807682930407,energy/oil_gas
ear_3d,-0.01954359148885616,-0.004055251414294371,0.013121156922638091,0.010059345177096935,0.1983432420682521,0.07238476527497832,1.0,-0.018637307990930583,0.02690084993215358,0.012774389486145442,0.09187731170082773,0.0971043953671731,-0.02955774753302882,-0.05421460226548905,-0.006110246043601301,0.011704998002154013,-0.010426535174946367,0.11367803914739287,0.1104945969438546,energy/oil_gas
ebit_ev,0.129198540613709,0.0016496115688364847,0.16548592327510095,0.28443891469242283,0.0686431753991494,0.15396913777848795,0.00273511801866412,1.0,0.35773494453140914,-0.142078428347667,-0.12030493909256436,0.005457253156337038,-0.4600988893919545,0.4148954808068544,-0.1188022787887303,0.24765131198252122,-0.22747105374505547,0.10335111387364314,0.043582786505551536,energy/oil_gas
gross_profitability,-0.06841896837445188,0.19306868657006923,0.1495882409509356,0.39701936347578043,-0.016689421341949628,0.017707372868552528,0.011253538921529227,0.19075445521682152,1.0,-0.045028843768333236,-0.037195831047543884,0.02498227217223967,-0.3825230431738826,0.1717200801969884,-0.03941649907733951,0.21969172935574732,-0.19350101951776447,0.024823994794342275,0.002897193556035108,energy/oil_gas
idio_vol_60d,0.07430788089644548,0.23393403500303378,-0.2221961708373203,-0.032450069832201556,-0.5464922591373241,0.0237031609004313,0.0311823034013995,-0.13015210996960824,-0.011897584506226801,1.0,0.7344499435807259,-0.1677526502666485,-0.12559855231554282,0.1472235515643629,-0.04824973167418038,-0.10228833178766628,0.18012279502649103,-0.07426091372905103,-0.08699757602502269,energy/oil_gas
max_ret_21d,0.06230093394895208,0.1585586256054195,-0.1576865026997023,-0.032909002998364585,-0.31873232157604264,0.008143918732876811,0.13164060529374375,-0.10362273882050581,-0.018947794659157777,0.6897911172826375,1.0,-0.14600577930332687,-0.11466902180192726,0.10714049939223379,-0.048809677271746,-0.07331813635286362,0.12566527879536232,-0.04707841055692964,-0.05669798553876973,energy/oil_gas
mom_12_1,0.014161218937807469,-0.04764860777887998,0.0362214883246975,0.003846972008934697,0.47415016128150617,0.13285717760138405,0.10972020395107389,0.052437203537180864,0.00978009626268264,-0.060986215846609966,-0.08904035168488408,1.0,-0.04231702187605498,-0.1524517560588551,0.12368359601531527,0.09167824368051945,-0.04436504303575094,0.19943738076332518,0.23333222250343902,energy/oil_gas
net_debt_ebitda,0.04304217480978782,-0.04451624190174425,-0.21850801986959284,-0.35868271761447695,0.01554453094122208,-0.07249268465604426,-0.020647406169806197,-0.3759242692189632,-0.22595486591000072,-0.004852997236769012,-0.007782232381836253,-0.030666528915577355,1.0,-0.3891595990687713,0.08302187642875224,-0.20307285564366692,0.2464077531492803,-0.06678365419537186,-0.031439947994208864,energy/oil_gas
ocf_ev,-0.10433811143689875,0.2692311562070593,0.18306401036159617,0.5720456227546351,-0.18217507353157247,0.015273305595334756,-0.0419468051043283,0.3238057754331203,0.13541606508576334,0.12599336138835718,0.06521632288134842,-0.13919739845329437,-0.28442521678037896,1.0,-0.08434947825529406,0.09044337636799948,-0.17081701061524793,-0.09807974001115576,-0.15478679549668217,energy/oil_gas
oil_beta_trend,-0.02659532153623558,-0.030598896288661425,-0.01002087138777787,-0.05608721061275791,0.11207393468703133,-0.011476124140158146,-0.005568435770526196,-0.08915702442771903,-0.015584469448767891,-0.04429562202042875,-0.04459561367339027,0.08779743371291629,0.06262192583686216,-0.07870716173709791,1.0,-0.06865226507911526,0.03438071520749692,-0.015779816985194314,0.012364467011447652,energy/oil_gas
profitable_growth,0.20774844471486095,-0.2415826055027923,0.47025993452707704,0.3034081183491598,0.060614113395146677,0.06606736793182708,0.004861953982811771,0.2378399761246332,0.19050473003487411,-0.10623168668820046,-0.07639618595452054,0.06683948191974569,-0.15594659503983047,0.08459558716737785,-0.0707668483789126,1.0,-0.014446309121009991,0.1955148981573592,0.19937155042718063,energy/oil_gas
share_issuance,0.3655448635029912,0.020708154602998626,-0.08439566019654732,-0.0994144998375726,-0.08933977839588084,-0.022769233244559674,-0.021884213530302322,-0.11483360690149969,-0.12485783779899343,0.1283286861750014,0.07912809055847599,-0.010784624337699571,0.15166694749542214,-0.09110393204304186,0.0014523015204750845,0.06806738943098957,1.0,0.03577063090038622,0.022808427408265174,energy/oil_gas
sue,0.08639275758094828,-0.015838269163494526,0.017029517090497156,0.031132034830413907,0.1483440591427265,0.4978676782454672,0.09637730961213427,0.11657127925468899,0.0005033784048290714,-0.0775001698988753,-0.043259835463204166,0.17199992077679055,-0.096388274956526,-0.07337723903337835,-0.018116873881687656,0.19470883938116565,0.02779821294826107,1.0,0.5528099876217087,energy/oil_gas
sue_announce,0.0708358381428399,0.009467873678127004,-7.15554142562007e-05,0.0011353959690855319,0.17277359879355714,0.2240418872005992,0.11056617739854033,0.05453168549238135,-0.040668394545767185,-0.08023132362219455,-0.03582662731167426,0.22003587406282504,-0.03453658894569637,-0.13391121127390213,0.007440045614743573,0.20637169939452896,0.023621294196277627,0.5402515950658237,1.0,energy/oil_gas
asset_growth,1.0,0.40976830405864245,-0.2969803957053585,-0.1851686313451746,0.02716915077295526,-0.03398335693704539,-0.024990341796790584,-0.05014069995662519,0.05695187186832672,-0.010401627912330296,-0.021064063363511718,-0.0033479798248889168,0.13517394903430544,-0.22646663357148586,,-0.15179020950214145,0.3080203373061869,0.07195964031394096,0.07662058063506222,energy/power_utilities
capex_at,0.21139739723757656,1.0,-0.547449143624755,0.08845696503782943,0.001470805858952609,-0.012712882650580327,0.03207827767445157,-0.10481373998249095,0.34292884746565494,0.07631177132396783,0.056585335978044396,0.015526408851765431,0.058008581101613554,-0.006220394110833831,,-0.5596704394833688,0.17947311668176452,0.042114043234506945,-0.002121362339848931,energy/power_utilities
cash_runway_years,-0.21682547637778948,-0.5252659455615158,1.0,0.38267051093063564,-0.009614395550060158,-0.03469666736474672,-0.0020391343550406407,0.11556666117154661,0.09786689334966885,-0.030985375348448793,-0.024635897116108134,-0.00685422865430351,-0.1729638238331941,0.3523195485348815,,0.6250411151070984,-0.17180472861611726,-0.058314661792599976,-0.050559246522661284,energy/power_utilities
cop_at,-0.2279483026749137,0.12467918184981751,0.36016884490358475,1.0,0.009944854105692647,-0.04624565359457073,0.027288471526664186,0.2415593789572201,-0.10017519973500645,-0.001217039412736869,-0.005910089297037368,0.04344946458463793,-0.3681855188716904,0.6639203634048577,,0.2786728363903236,-0.16357968698836914,-0.025120190421258584,0.0229705181590724,energy/power_utilities
dist_52w_high,0.010485457511009403,-0.058688757408059504,0.011097798849749482,-0.008741977889965405,1.0,0.04601037005082947,0.13940546626276093,-0.026097797901801334,0.11413535672574644,-0.3460749652828633,-0.10271034808003283,0.47747512108192514,-0.0780522246151517,-0.06971465757738823,,-0.01916844548333099,-0.019874439686795056,0.06093524916118877,0.1117878845342519,energy/power_utilities
droe,-0.10228679362787794,-4.170507269629338e-05,0.00928840311866634,-0.04730762601677377,0.09495637231671748,1.0,0.05451885488135642,0.08907452522518201,-0.12759339236133396,-0.014609266919063316,0.020873617026732096,0.10986658186946274,-0.035904043624493835,-0.022797838788605286,,0.03752501996237005,-0.033806298171020814,0.8300484280721464,0.36641223355696856,energy/power_utilities
ear_3d,-0.07603743439027848,0.027283008648543255,-0.0030315817384345173,0.02968094186639327,0.17634347655457375,0.0490634369112153,1.0,0.04760150564283864,0.23498986270079225,0.004891684259595703,0.08847412218305194,0.11871577768121584,-0.04978633486784108,0.0085748040987609,,-0.027650603667563316,0.010921267197148308,0.05470011911005574,0.051841468636490785,energy/power_utilities
ebit_ev,-0.0017869674046405515,-0.09236579434178006,0.09612727229842793,0.25051758849359257,0.10406654175988911,0.084080919190803,0.027350417112313917,1.0,-0.29438555203413147,-0.08345550625458789,-0.09125504625958294,-0.010199136696500391,-0.4220638353920647,0.4031286869816245,,0.1142141217648179,-0.11822545073351891,0.07103393611515632,0.03587008182071769,energy/power_utilities
gross_profitability,-0.02650112646813216,0.2781069193150199,-0.055690457793187036,0.15287639168908773,0.16689177991720042,-0.13197272845933203,0.2814048568236799,-0.1602672377845693,1.0,-0.01428133929742549,-0.08255628068284881,0.06398574611121782,-0.20284582155142486,-0.004693945460291838,,-0.01524235281367767,0.13476138390317663,-0.07287728907708725,,energy/power_utilities
idio_vol_60d,-0.05711737260499067,0.11047024113061088,-0.0076024588746426884,0.06438800209127071,-0.4865343962048392,-0.01100157325986502,-0.06398251493474363,-0.1985202710868709,-0.0923240188042456,1.0,0.44588182642614876,-0.162964203852901,0.1021079084969389,0.032577831777270576,,-0.013114000801879648,0.08812644442245912,-0.03147182230299909,-0.08800452610899681,energy/power_utilities
max_ret_21d,-0.06438363694645312,0.07827277470211151,-0.018812072733512677,0.02453264764228427,-0.23345484162792862,0.007998731724164937,0.06023174006499908,-0.20817947684508303,-0.09402360270423428,0.5676992987227137,1.0,-0.10107356205232333,0.05518358290079838,0.001350454399150865,,-0.04337388905844127,0.04287705518685772,0.010152882735598598,-0.03626128750737452,energy/power_utilities
mom_12_1,-0.07793281096797933,-0.020786275931869366,0.03713655394384004,0.05031161097589188,0.5271389480594194,0.2083985995284932,0.14345251932072434,0.007991006339699448,0.12717967516337442,-0.16779527171690453,-0.1037282416295925,1.0,-0.08459158357953182,-0.08915182928130337,,-0.010058894332500483,-0.003878206284239306,0.0901869515425101,0.08010197393459294,energy/power_utilities
net_debt_ebitda,0.050023525284677336,0.020203177026725524,-0.1769073786869768,-0.3450889864567747,-0.14115408786843706,-0.05448173767539049,-0.08398032674990864,-0.511773997193348,-0.06754871318079984,0.19412304244683004,0.13559606751894174,-0.1321860030171059,1.0,-0.29863862480872644,,-0.11111008597182802,0.232029919556337,-0.08077842712555203,-0.06745445712463917,energy/power_utilities
ocf_ev,-0.2021838814154842,0.03351151287944667,0.27707083003142213,0.6579208960296419,-0.1441299779669246,-0.08837074241729141,-0.006281777233010629,0.2594780454399514,0.18586750130981944,0.12645439946847403,0.06264693326840566,-0.14856475518541212,-0.17021374198894457,1.0,,0.23672205114101658,-0.05692069424356149,-0.06086872354664905,-0.00456089959146069,energy/power_utilities
profitable_growth,-0.059057995131973386,-0.5908911595443948,0.7155534703143334,0.2691448473175665,0.029635862248063808,0.03276609139769776,-0.02606319289799806,0.15211845541499608,0.039487980511333565,-0.03814936872056569,-0.05382623579476329,0.006381790555664087,-0.14537107746805297,0.21207684212287212,,1.0,-0.10648750510521857,0.054944228853867766,0.03142519254484447,energy/power_utilities
share_issuance,0.33304822112087673,0.09143683177941561,-0.09696104616986789,-0.17386440248653842,-0.06371173649551058,0.009373923608420695,-0.003392317843530785,-0.19498668183900697,0.08217617426282499,0.11439160680709394,0.0864390207068528,0.03836106695575043,0.1925186304991445,-0.14292592684718067,,-0.05485471956458146,1.0,0.055075829624726,-0.05523523091321171,energy/power_utilities
sue,0.03899440824064463,0.013907757139000528,-0.035945605863115494,-0.046122580268587135,0.07724833326946418,0.6020998885665324,0.05979736125546223,0.11912871739305654,-0.11090113389030858,-0.04933823590438817,-0.009680110658597054,0.09320188202004782,-0.08113077325284443,-0.08379712929528929,,0.041962561451735755,0.05576358263938402,1.0,0.4377738672602534,energy/power_utilities
sue_announce,0.048776647124449096,-0.019260202947020515,-0.02510743989770854,0.04270089568272696,0.14393155225317694,0.20649602694655134,0.036814416811036456,0.09249294705789435,,-0.12142110816873725,-0.06700459868843996,0.07187976550235492,-0.05356705998135861,0.009593147912675685,,0.03295129583523282,-0.07366182872797386,0.418599620717325,1.0,energy/power_utilities
asset_growth,1.0,0.03426801896492496,-0.08454183546766045,-0.0422456815418322,-0.10876061010735165,0.030779577050214398,0.0064727499635295815,-0.057503204975345314,0.14074881219315305,0.1797948940550926,0.15107964588381326,0.08325584492514607,0.009210778169173808,-0.37999569979035375,,0.2557545616763057,0.42049648599768735,0.14100797204049345,0.15042573336263484,energy/renewables
capex_at,-0.09362033506929383,1.0,-0.505791676705458,0.16674193668882756,0.15545594884566502,-0.009457729149196651,-0.05044844902265511,0.10519829117798955,-0.19280721502325013,-0.2570669010891936,-0.24317791337647413,-0.05844047565268159,0.03468046401332342,0.16511170852505677,,-0.5323640570832152,-0.08310816928858673,0.04559067403666226,0.05837750707709146,energy/renewables
cash_runway_years,-0.022164780127225243,-0.4824910490229261,1.0,0.38811834223477937,-0.11841627473004733,0.0038369758600994824,0.05628321151246492,0.05130241922767096,0.3261383633811878,0.21962539132627146,0.22068667698836,0.08022318238447011,-0.24978351552841194,0.1446408884792495,,0.6464683208107808,-0.07803035434618269,0.009610297458774635,0.06973256068667327,energy/renewables
cop_at,0.04678852223256029,0.12345123947242942,0.40239994593830936,1.0,0.0515518138728599,-0.0009720263788977105,0.028679423946151764,0.3154174115819429,0.47370293876316677,-0.0026750538147648243,0.01213398873099224,0.11058494651252071,-0.4743057526549621,0.42168891662694785,,0.3471755127977238,-0.167472214606331,0.07481501031803195,0.1091507122641885,energy/renewables
dist_52w_high,-0.19402125368036083,0.14695198625451072,-0.09016859674009894,0.06702177148609778,1.0,0.08898943773635594,0.18469070194844095,0.1013034965799888,-0.027105811156850786,-0.5825780903430555,-0.4347403269291915,0.3808415682482948,0.22938936699160695,0.08317152347305519,,-0.11282304346392658,-0.10678799307944019,0.11711713758958467,0.1231329931915641,energy/renewables
droe,0.012407125288919104,-0.018217185527595277,0.033702304906082343,0.019282481035959673,0.0594227828650887,1.0,0.12512955381906524,0.06378652230449242,-0.031136357772613494,-0.019782848645416996,-0.00030896693399044996,0.15200267325315964,0.024892316160417666,-0.008680414915257319,,0.08252260467457286,0.0033707773136651014,0.8025588958202419,0.45589150551296004,energy/renewables
ear_3d,0.07970875376837855,-0.06040869675627217,0.05928107796409843,0.05575408799830601,0.17938779754004605,0.10494974249722178,1.0,-0.057090750309686154,0.07378122846646876,0.014884018472953477,0.08267655466332158,0.1332025304063474,-0.006880657924782758,-0.07348848920587926,,0.08026129125364234,0.02536745003307589,0.12487979827034248,0.1178894657235148,energy/renewables
ebit_ev,0.0037573001170821173,0.09935515509109007,0.1102389439972118,0.40290781395242153,0.20579012712459918,0.08418318858509857,-0.05835391374273939,1.0,0.33710278432421686,-0.26381605183275675,-0.2630208774552858,-0.056718685550882206,-0.4006819498655819,0.4610418843301031,,0.034476175173232246,-0.2207172106616459,0.1454245948132725,0.06454924149826353,energy/renewables
gross_profitability,0.24042439401088497,-0.16529280982751351,0.37940148453767486,0.5165698511385222,-0.004115579304331116,0.03925655853540314,0.09015246864787615,0.3727504784488986,1.0,0.03480053909939715,0.07253995979739469,0.0779081692236172,-0.5043653955457805,0.009457625911453245,,0.4000974774162478,-0.1805979550405191,0.13595605972428082,0.11407553246426264,energy/renewables
idio_vol_60d,0.33312547103301077,-0.23367144642271517,0.13531814422478483,-0.04470863629006344,-0.6380596448055996,0.014866959422376634,0.08409319458172808,-0.3470701883368839,0.0665773632549392,1.0,0.7853905899974701,-0.0648029831625825,-0.30255968216294715,-0.22481770008280896,,0.28418510464323193,0.15584894684864492,-0.02964214313006447,-0.09946473371403385,energy/renewables
max_ret_21d,0.26777741076211387,-0.20348505300045636,0.12939557012364664,-0.019843505081308808,-0.47204645548842994,0.023615358243672252,0.1645025334115461,-0.3129156736122934,0.08031722923496924,0.8127040378744597,1.0,-0.055756188500315135,-0.295894174407432,-0.23146468996463515,,0.26576556545668945,0.1438555613868024,-0.022097780304980177,-0.07037725277687172,energy/renewables
mom_12_1,0.13047344091474564,-0.07023550926601159,0.08099983949801125,0.12635819141372676,0.3334803536657336,0.16719244464839753,0.16464823003079967,0.026983913172799648,0.22511300671914938,0.0650461699852788,0.04364280646597982,1.0,-0.016436826411090965,-0.12108659733586719,,0.15749797981599567,0.08225656707535066,0.15172760519829867,0.15441949887900108,energy/renewables
net_debt_ebitda,0.0033127924976435,0.030227071814520917,-0.24026402379483344,-0.47112948157258344,0.21881694375948654,0.008501432191780787,-0.0019057531364924005,-0.35034173166930677,-0.36225944760653506,-0.23264577478579485,-0.2408285504577897,-0.03313598091988363,1.0,-0.1086571682902943,,-0.15485894728079905,0.10053749069430484,-0.0833916674485252,-0.05204812026217104,energy/renewables
ocf_ev,-0.25775908476567994,0.16370204926118703,0.2056368522145362,0.37079123479536663,0.12290316867182771,-0.007652258976035227,-0.04761228511445585,0.4788564764223273,0.019713803048883274,-0.22770837518104198,-0.20296446787115693,-0.06058990886202461,-0.11117707438187283,1.0,,-0.1023755814774068,-0.37322225671781095,-0.05246782317307455,-0.0863592402934511,energy/renewables
profitable_growth,0.3529089931702895,-0.5638308774445127,0.6650147342234892,0.4506342734082443,-0.1559557654151204,0.0873013120679578,0.09142763653757564,0.09436099034845839,0.3861192246017503,0.30537944616962864,0.26065063340906863,0.1602071965864351,-0.1573674408345426,-0.11664692039493245,,1.0,0.0795900725950927,0.14264864961688603,0.15338857140560888,energy/renewables
share_issuance,0.4443419060600247,-0.10836186772343098,-0.05611494700054004,-0.07931479347471555,-0.1344820350224495,-0.03219765040419582,0.0815522606246184,-0.16511620610250335,-0.03555433708301793,0.2490004968512009,0.21366691953677683,0.13744115692429923,0.08796302969060903,-0.23227678675616753,,0.10045433831916646,1.0,0.06574479858784513,0.03400064636625799,energy/renewables
sue,0.11206881546279597,0.033765482333600896,0.014320681620553543,0.1402462490368022,0.10781660079554002,0.5842503301193874,0.13834120786352203,0.1397878466283423,0.1682534673895692,-0.005854018233021154,-0.0008588943651069619,0.188827038190318,-0.10460567177872099,-0.021220741766824806,,0.1526075963082344,0.016985155141318948,1.0,0.5654576492542416,energy/renewables
sue_announce,0.15533745848088426,0.08070833940293907,0.08430935139657014,0.15027420699235022,0.12734085666744116,0.27173051598903386,0.13645370144845012,0.10456355384524536,0.12359480381201048,-0.08524864869895211,-0.0779001556837052,0.11039265427635994,-0.0741963740017145,-0.0546642632910663,,0.1870671138820692,-0.03593111142612862,0.5127152183331215,1.0,energy/renewables
asset_growth,1.0,0.0239925288181813,-0.06627065508373592,-0.012376914544081323,0.00618539254906768,-0.027547943612576013,0.023203276028151573,-0.101950168091481,-0.054237090273498774,0.09553925613516945,0.0976797339161317,0.14473798560885018,-0.17337552241256998,-0.26692077970715034,,0.3683311097232933,0.3833048754811107,0.03193110918177674,0.12831411578093324,ai
capex_at,0.05546572403524273,1.0,-0.21807892329611026,0.1084650886154207,-0.012879798360483332,-0.009736289743365737,-0.022352567226480623,-0.0018633261258661309,0.0983647796620592,0.04617537001958521,0.04696117132570944,0.02306590205623502,0.04478967197317617,0.08895579156827638,,-0.19617183147819836,0.02739709975549937,-0.019386058057234253,-0.15937977433656228,ai
cash_runway_years,-0.12397205209764847,-0.30360385513056387,1.0,0.449417229608703,0.1645589121987344,0.013250087911473403,-0.021293190120080116,0.2760659290896552,0.10083170371006782,-0.28326232801780865,-0.22162345206704392,0.020932730500294802,-0.14942539319045225,0.38483898217928925,,0.2162985228965965,-0.24569826659081412,0.03239770829046405,0.14159853224598423,ai
cop_at,-0.11474313355563295,0.09104446077179398,0.5111472627377435,1.0,0.2615191764250253,0.07978710549107404,-0.006111520823518567,0.4903625572977183,0.30958571638025756,-0.3616717195798607,-0.2508845652247926,0.12374081755606262,-0.3465410946540559,0.520426573844631,,0.38842386593872985,-0.37162385635496265,0.20300320827631968,0.29188411863377145,ai
dist_52w_high,-0.06575081986309025,-0.036696108194313196,0.18550828398743016,0.27480028790788696,1.0,0.14807527407894136,0.31283242010889983,0.12088194224993357,-0.03090346658338597,-0.5103292871678342,-0.2516591970848421,0.5317912463654704,0.057470849887919985,-0.05624721962365321,,0.14017911032404579,-0.172044282961217,0.2179211690378197,0.26888554721587377,ai
droe,-0.031024967678583332,-0.020952264908540325,-0.01003956343837264,0.04076439661201885,0.10299690438121321,1.0,0.08803287562462199,0.0612818412326794,0.04518881462666676,0.0070869895261126735,0.019608875644874964,0.24887535227917681,-0.023019958950075515,-0.006765098849386569,,0.1530872803722677,-0.002527526218237733,0.7464591566658241,0.41257755328853196,ai
ear_3d,0.011709683418603019,-0.015809309879245587,0.0036239057373192774,-0.007715391192599894,0.3027717930105987,0.04714826026666622,1.0,-0.05102623756570664,0.010197505705918406,0.044636729878838995,0.17821649299964287,0.17384622486068682,-0.07139570563410905,-0.09218868881990529,,0.01568537634825623,0.011727614844940193,0.11199062841062028,0.1183842757457696,ai
ebit_ev,-0.1268836138310873,-0.008570329511567163,0.28164706885733554,0.43946920113819715,0.16292238194956402,0.12698283566427893,-0.03006350044704708,1.0,-0.001922536792805356,-0.3172252161475717,-0.2760798054950976,-0.04013981927611974,-0.07724306840202662,0.6244294482016414,,-0.07394892181996686,-0.4729885755022757,0.1332546864303664,0.17938759153867292,ai
gross_profitability,-0.1550526720297631,0.03284524146797135,0.07954112504232741,0.2512676144052108,-0.03391647234231671,0.06417236829675263,0.02301157932482589,-0.022371361203718933,1.0,0.06776351514413029,0.05073266253702611,0.009740350175650688,-0.47042181082778434,0.049300123803893,,0.05838319264667213,-0.10730367665839495,0.05299310479571509,0.10883816335896156,ai
idio_vol_60d,0.1706671258769064,0.09707774608269042,-0.30509937400660353,-0.36114183458125315,-0.5178057427527446,-0.005141976919241055,0.0865508828970187,-0.24732797656298328,0.057720204673119384,1.0,0.6485665923324339,-0.10285454159155916,-0.14567978056306208,-0.14375714785103236,,-0.12947309420670428,0.3683897376323511,-0.09851058865271686,-0.2161480897337392,ai
max_ret_21d,0.11552816411184946,0.0724149283505015,-0.20608944117444447,-0.22522347325929992,-0.2124743622698346,-0.0033268250027842726,0.26828903081951494,-0.1764916798593826,0.04019352339365847,0.6274468267054939,1.0,-0.06167159876483915,-0.14068208467557727,-0.17908227976604485,,-0.05203208974915264,0.29077174555270996,-0.04782712821999598,-0.10401351112187468,ai
mom_12_1,0.12967952505537855,0.04056152195702339,-0.004091856887155735,0.09212056541858087,0.4307166132531083,0.151827046283157,0.16909782838762422,0.0027456719352302165,0.002133095988620853,0.039499138819914854,0.012326344688056955,1.0,-0.06746560666321194,-0.20253966649749192,,0.1753397211404144,0.08429485224739898,0.2773604162916508,0.26700612519996686,ai
net_debt_ebitda,-0.06479064447826839,0.05787370788147859,-0.11315824107830494,-0.1973880062251033,0.01023507675052328,-0.04054585298696454,-0.07085418206034089,-0.006868817119875858,-0.3370518631242925,-0.10003018106001163,-0.09679037558462047,-0.08060394581301808,1.0,-0.14454938946749485,,-0.16413421013319368,0.09415878276330128,-0.05043462499849139,-0.13922412188366953,ai
ocf_ev,-0.22661866546039172,0.10919660904843713,0.3713503533243945,0.48490930543501604,-0.049698108815600855,0.00026862062361147546,-0.05222597642167184,0.5820891106193088,0.03611708359317774,-0.09860231756150763,-0.11209300138727267,-0.1398631734936255,-0.09588461351521764,1.0,,-0.1786171613171205,-0.4454814482599125,-0.018213456805339385,-0.08227145693346177,ai
profitable_growth,0.2670959711291019,-0.18940862488447452,0.21069966283225694,0.41346202967367,0.13781896577551672,0.10912302929479728,0.023273313051123144,-0.059072549460950294,0.03395028300553368,-0.11805779821553013,-0.05416096386672903,0.18123177644476438,-0.08865723627262094,-0.2070984098147581,,1.0,0.18966943407733253,0.23415515725521316,0.37222255580480806,ai
share_issuance,0.34565184180574593,0.0355135953109182,-0.17357352031008588,-0.19686176357964705,-0.12039097685088934,0.017544824291150434,0.0005104330509211655,-0.12300057641491624,-0.25716541733548026,0.21451915252694573,0.16034580601585852,0.05505370066724024,0.1483846992239779,-0.16469643664302727,,0.10868952555870333,1.0,0.0003868071377998321,-0.07823982775864916,ai
sue,-0.05423193234231696,-0.01559689415920025,0.033099390394033874,0.21107163150877864,0.22716416999644679,0.4287000612312492,0.10444134515413332,0.13173780787138706,0.05976700116048564,-0.09742581515189172,-0.03738094771917481,0.23921570050166271,-0.039319417360070226,-0.001368844144233717,,0.23608113787884763,-0.025878280305678462,1.0,0.5504284894349298,ai
sue_announce,0.03357796458790027,-0.1448836869429902,0.12803130213727937,0.29549288035063426,0.2740807048976073,0.220818652162516,0.09480576979189921,0.15017246071662468,0.08186446601786919,-0.18973998803496225,-0.08895549147340862,0.22235711895090338,-0.08691810465212167,-0.10025816026383251,,0.37805086868484067,-0.06381893749356804,0.5311692240199891,1.0,ai
asset_growth,1.0,0.027407005948810393,-0.09913539744558328,-0.01622258879808946,-0.009127033511566561,-0.05240074722777726,0.02374096497850287,-0.0881479440974574,-0.053770822620016624,0.11453926296906188,0.10658916689031071,0.13758235715815048,-0.16161635976843067,-0.2690417120067466,,0.34739790317393576,0.3471325907489569,0.0498667794427334,0.15132574990183692,ai/ai_infrastructure
capex_at,0.0878664901870915,1.0,-0.24766835026816447,0.05714003793923806,-0.06978331183175825,0.01967910877052738,-0.013669782949428968,-0.19361387125774535,0.028185897644817354,0.11836247131007155,0.0772578457392692,-0.018474380849166687,0.11422988528211506,0.01003052318113118,,-0.15307570618790398,0.12583695489326466,-0.0599637886595503,-0.1939883073396436,ai/ai_infrastructure
cash_runway_years,-0.15936557310478183,-0.3238607537341344,1.0,0.4621265115229712,0.18128757063871978,0.02919692197155392,-0.01371880719268085,0.2938636422531534,0.15965184778271127,-0.27424569796643733,-0.2294485927596352,0.031196663065841155,-0.11427463151142465,0.40787114257450696,,0.22779281284482328,-0.2571042550644582,0.01487501960083396,0.10905712583600492,ai/ai_infrastructure
cop_at,-0.13027147728103156,0.019361715047816284,0.5338600741075171,1.0,0.22209956587264026,0.08164808687400328,-0.0129152729349484,0.427941616128392,0.32572686561107583,-0.3169106062621686,-0.24293234810523154,0.10105043635520415,-0.3958651279955842,0.49785380011139174,,0.3133926560682308,-0.3253184562577534,0.17574917426308384,0.2823794357753772,ai/ai_infrastructure
dist_52w_high,-0.08803903965885913,-0.07260392597488795,0.2004504319678778,0.2766695461531238,1.0,0.15772044386966944,0.3121474407260267,0.0653398647621899,-0.03158730072753614,-0.5094838581548055,-0.2753467765691933,0.48509056249799626,0.03724411376814569,-0.06502604673900209,,0.12328203994002437,-0.15886126110926557,0.21494867114161217,0.24787767688703677,ai/ai_infrastructure
droe,-0.06764806989173901,0.021964175713925282,0.054404312586591154,0.08693061766493093,0.1481385661269214,1.0,0.09096184865259054,0.05963370245143869,0.04524683145083657,0.011235750433195798,0.035647321331715394,0.2680152821478597,-0.04516395855988494,0.0006296116552336628,,0.11395505661376557,-0.0003710925868576206,0.721376566259195,0.3753147117736093,ai/ai_infrastructure
ear_3d,0.0172373899253534,-0.005540687946583668,-0.00815406364024991,-0.024837915628710718,0.29523144687484615,0.05040598519827564,1.0,-0.05367165687748365,0.020014144479467286,0.04176616528209078,0.16858297612256362,0.17886782108837107,-0.07134556024124362,-0.08117636568434304,,-0.009214579727835449,0.01765106220400459,0.10432760769951926,0.121552436694177,ai/ai_infrastructure
ebit_ev,-0.13848125756879134,-0.1685757765165903,0.3129911306040573,0.4244618450676399,0.12959146267674074,0.14013503635113508,-0.04989336179812133,1.0,0.0536076475545485,-0.264894862448282,-0.2566893088050349,-0.08290146298218513,-0.28578426038104365,0.5995248040275826,,-0.10618105109434174,-0.45273397523149617,0.11019793333093904,0.18469094382385834,ai/ai_infrastructure
gross_profitability,-0.14206310494142677,-0.01577030352611039,0.14690355195036595,0.25739897890904856,-0.03489797967993834,0.07321655053323146,0.037224687640515466,-0.011654287532469155,1.0,0.09372178584608344,0.08238995840510643,0.03310158060005086,-0.5293629801038586,0.1522786323625393,,-0.021707714207236523,-0.11155353615765368,0.04104115936280516,0.16130538211156628,ai/ai_infrastructure
idio_vol_60d,0.18079018586594198,0.13900327940000845,-0.30745180695514135,-0.3510848500328944,-0.5345771428883398,-0.033257878574868095,0.08700570710237103,-0.23934889551469488,0.07470571865721577,1.0,0.6788723446693823,-0.05070062755817845,-0.1419472423909488,-0.11311570546478798,,-0.11174244757694811,0.355187692858178,-0.07027866700358638,-0.1515236965702901,ai/ai_infrastructure
max_ret_21d,0.1372815765253712,0.10067783787108218,-0.23238800074555324,-0.25406127858618177,-0.2507426617322602,-0.009797154277172244,0.2515121033668422,-0.20359349666503812,0.06371022949775074,0.6634449748514094,1.0,-0.03540577882832026,-0.14028102928898045,-0.15317163667050676,,-0.06212688370562183,0.28969703849040734,-0.030509549246449826,-0.061845861406607625,ai/ai_infrastructure
mom_12_1,0.1233833062131677,0.0014689334583668386,0.017091719132380764,0.08566621618594779,0.3983311029597351,0.16799339071751213,0.17867106059115004,-0.01671720932984285,0.04153608293126578,0.0696197932891589,0.026599353893172605,1.0,-0.10690067559976033,-0.19758325825501613,,0.15235507889587893,0.10005110328454946,0.30056025316951784,0.2968658376566691,ai/ai_infrastructure
net_debt_ebitda,-0.09007567914430539,0.04798779738338019,-0.09637658544299765,-0.2838928936834143,-0.04112164672025279,-0.07550828749456115,-0.0900314216340874,-0.1219426044359561,-0.45672767368470263,-0.07856390442280345,-0.09722930221648822,-0.15127917739683627,1.0,-0.24825503960430972,,-0.11861542385922162,0.16793743961013502,-0.09442118917451393,-0.22791485899849945,ai/ai_infrastructure
ocf_ev,-0.2578499124299325,0.00632604107328647,0.42221553848755233,0.512459388508142,0.0012970853232822253,0.046780424636305364,-0.05632761681843594,0.6315465186950486,0.10621979386979646,-0.13271273245227863,-0.14359637126482203,-0.13070317088043262,-0.11698430258111886,1.0,,-0.19700727806730986,-0.4229556459421116,-0.05229121184680859,-0.08066605608103661,ai/ai_infrastructure
profitable_growth,0.2848674705963286,-0.1773272560722391,0.22099822112097847,0.3475943603880878,0.14013076557049753,0.09914262903595282,0.00650228795394314,-0.1090704347398565,-0.04554386111958542,-0.1031676464687088,-0.05447806449227161,0.17266081239625547,-0.08805884818211754,-0.25169155990643277,,1.0,0.21468861398547903,0.19160338043390251,0.2672879408391081,ai/ai_infrastructure
share_issuance,0.2522202410195101,0.06904621225217365,-0.20952003440101802,-0.22959801955985976,-0.13414527626961964,0.01959156849094019,0.0012879653329937759,-0.14292020706845893,-0.2801229571258632,0.23572435453684834,0.1786113802098251,0.06148133616924513,0.17355083439751792,-0.2022460940329633,,0.11905385240576842,1.0,0.05319896527374935,-0.09766438347199595,ai/ai_infrastructure
sue,-0.004076741529443733,-0.05881199132105194,0.021894472149285537,0.18067528792658286,0.2403917419594272,0.4249804279651397,0.10370867281374048,0.11413475890503187,0.0574699259822565,-0.07144940187523689,-0.027450957175787855,0.26910265133283173,-0.07758673892716005,-0.030582044211233596,,0.21317929291041757,5.933671640797592e-05,1.0,0.5268545679065806,ai/ai_infrastructure
sue_announce,0.06185847711401362,-0.17316415873186403,0.09306534313038309,0.2835069368529897,0.26479856296792226,0.2174690701968758,0.08828388186962771,0.15750376906736874,0.10733141494713862,-0.1431490079325816,-0.06940112305772435,0.2546486754156887,-0.18946546809563666,-0.0902665273850881,,0.2985553778510532,-0.06822278110687922,0.5206510529499249,1.0,ai/ai_infrastructure
asset_growth,1.0,0.05319461099770697,-0.010786239285080683,0.0192370088411863,0.028031639911226466,-0.0003801032785597183,-0.03509786421358178,-0.12811245318986403,0.0016949269881666382,0.0365185798489385,0.0650735286689826,0.11614184797795159,-0.3512675798248613,-0.21367734748686792,,0.33448176570474747,0.4332116379360123,-0.02319274671966565,0.06205878837711864,ai/ai_software
capex_at,0.04210300130549166,1.0,-0.13128555481241413,0.2715810347968456,0.05258355104565789,0.009148714543966163,-0.0218637222308663,0.12670991542441884,0.252757738975977,-0.09260766694434316,-0.034331352642884894,0.03214809261670695,-0.2868149248255299,0.17629482389542014,,-0.04845755879164861,-0.11597389040417243,0.03376886254726351,-0.022891322843580968,ai/ai_software
cash_runway_years,-0.12996750497346626,-0.2494009939326108,1.0,0.456267257679681,0.13435828758371823,0.10648240867200832,-0.00943611368281486,0.3669291473044215,0.0768903428015695,-0.2818707540522026,-0.2346566311924389,-0.06441582249062797,-0.14972787698561102,0.44733290837183015,,0.21006996879916542,-0.2926835549515387,0.11268027033659855,0.2005465307631822,ai/ai_software
cop_at,-0.10220043302043236,0.21316820648767199,0.500297744433551,1.0,0.31333603430954504,0.11236437831870381,0.0021630946338190107,0.6357237245137495,0.47058402593753307,-0.4004542380249173,-0.2699031590022896,0.14081872397482065,-0.21965750780770243,0.5863146592723018,,0.4949395134963832,-0.47060556422113337,0.2467178120050665,0.24607557113084727,ai/ai_software
dist_52w_high,-0.015124882256926929,0.008459950306403957,0.16574442537760128,0.2885568964936622,1.0,0.05242694137443915,0.2957969556371653,0.2930053953526957,0.10226928769194399,-0.510986562009287,-0.24102819478961018,0.533370780421209,0.0144622757396301,0.014684084537819223,,0.2045268240476274,-0.22092982577965586,0.1551845944661852,0.25839014506057445,ai/ai_software
droe,0.03883982845368071,0.002708724613751064,0.04816031967623501,0.08312093487621686,0.021024911494131576,1.0,0.06055675246361814,0.04617349347564428,0.0972239065066788,0.024347603924307022,0.016573731724491402,0.14739092798698356,-0.050766288684927406,0.058884546116100736,,0.11238793817610654,-0.03696841345865593,0.7068148950319301,0.3673962118477238,ai/ai_software
ear_3d,-0.055754088993974674,-0.016544162931097027,0.01888739261332949,-0.0022889975458948698,0.2885405568434284,0.012109082652893451,1.0,-0.025335136573158976,0.01538465547927142,0.017483321243972002,0.1458711271225357,0.11337871840471289,-0.005978331204701891,-0.044217840548074275,,0.0009481496690843165,-0.017324139717847815,0.08239698500755452,0.12386321812496048,ai/ai_software
ebit_ev,-0.08855685561335379,0.050774912980762685,0.30935454846464094,0.4850713122095379,0.32622699763160423,0.07526536496609607,-0.02185023717587406,1.0,0.07813697931349105,-0.47290837640740735,-0.35155350466123286,0.05943409119936751,0.19496556533455778,0.6382767805535169,,0.08646470250436057,-0.6284719295427562,0.16621630867137088,0.1605436357117886,ai/ai_software
gross_profitability,-0.15343764978682345,0.10700067904341057,0.062033459387226604,0.48060464505454975,0.10094516669179872,0.0682833930502319,0.027489686096394454,0.09340906428668265,1.0,-0.03937534667403213,-0.014282526449397022,0.12871153112571176,-0.367478791150735,0.021380169115336606,,0.12477315535649575,-0.13908917299490858,0.13712282168720658,0.09058775901753016,ai/ai_software
idio_vol_60d,0.10801701189271819,0.018387948019726184,-0.32608216890749114,-0.36726137276493015,-0.5101326303791027,0.01301115443183363,0.05859716267615409,-0.4024869651228723,-0.051871469160582766,1.0,0.6041915688558899,-0.12408372063713512,-0.10128056003407145,-0.2402493227075426,,-0.1734657623378715,0.3980487417841368,-0.11078715690789995,-0.23328341545143938,ai/ai_software
max_ret_21d,0.059472768775211966,0.03329741951794339,-0.2264847017007743,-0.22066205334235403,-0.2009671383225235,0.007075358934369741,0.23146872678897398,-0.2358275688233161,-0.029096458279557095,0.5931962847761882,1.0,-0.0665747459526973,-0.09941873196296018,-0.248155118984056,,-0.03978851930195131,0.2909213802328753,-0.050442788822129436,-0.09772593203106304,ai/ai_software
mom_12_1,0.0851564843283873,0.06413285873912522,-0.11883443720278677,0.10261905308343991,0.4347492829329337,0.11166694126358356,0.11392556919812333,0.10205768023138385,0.10560449767100549,0.02065181296664738,0.011314064603923719,1.0,-0.10207067988104207,-0.20930449699092246,,0.21396999923273122,0.03237127080223006,0.15916531702066394,0.1978987223987016,ai/ai_software
net_debt_ebitda,-0.25237562512581946,-0.14462698525835452,-0.12555809740990348,-0.0948687133322677,0.016190392585423232,-0.008516146302624277,0.006490267249990485,0.07183687706177315,-0.1942069995515476,-0.0703658839519284,-0.049515898937596746,-0.026934022184038016,1.0,0.047091704677877884,,-0.15267117629108673,-0.16387147513396635,-0.05533764742264917,-0.04670099903658434,ai/ai_software
ocf_ev,-0.16912664867717458,0.1141609372586689,0.399018257526185,0.44680965699541736,-0.07241171763734838,0.04859607197414296,-0.020277805187997325,0.4001477855572127,0.06323026089395165,-0.07372636969024088,-0.1103889217598825,-0.16436677883381914,-0.0262545267207137,1.0,,-0.05592936511319684,-0.5254452401155016,0.08872400740950157,0.024483505976256474,ai/ai_software
profitable_growth,0.23437910543468635,-0.002691826602606026,0.22584885824207476,0.4860039454207483,0.17006056194968616,0.0708035318880815,-0.006307624089288402,0.07435045349614965,0.08867299476658422,-0.1565417533050764,-0.05835794095564528,0.125094107286639,-0.11317974545375528,-0.07719021428650148,,1.0,0.11643875253864709,0.21733047722712331,0.3213915799210278,ai/ai_software
share_issuance,0.46034271093638,-0.018411414199294852,-0.24148897734234215,-0.34791301307101463,-0.11190916967044617,-0.006974759213530171,-0.02768335007055053,-0.3547824268897219,-0.19353014412646743,0.25595451470662567,0.15780102355261155,0.08370017453946693,-0.14991105595662524,-0.2852041478844613,,0.09560397654649956,1.0,-0.1460379794862969,-0.1023928855825057,ai/ai_software
sue,-0.08337064871012727,0.03281544603679147,0.1112885799501977,0.25360528638813634,0.14564356507351797,0.4405214866642184,0.06841692067784425,0.14289645279340338,0.13416849977061798,-0.10752646672396467,-0.04142556355276833,0.12752638184271237,-0.02412519846266133,0.06818962634886683,,0.23245206496666065,-0.1153636989204584,1.0,0.4953359771004047,ai/ai_software
sue_announce,0.014196976701830104,-0.047863575875408924,0.2225318370207428,0.29564845117615424,0.2670545069080248,0.20534483687586763,0.09126373559632381,0.15463050531371406,0.09036060591392292,-0.22263204666897385,-0.0747369915032056,0.1790273029596358,-0.03055377054612849,0.0008402115437284406,,0.33233034800361827,-0.08959138269115902,0.5089490151963739,1.0,ai/ai_software
asset_growth,1.0,0.012048626247674762,-0.012550099230762115,0.05125460581173864,-0.06597979652090413,-0.014954312211364746,-0.029168228353562423,0.08883731207429431,0.024007224379557386,0.16234599949749517,0.14119942679670586,0.1581568702258447,-0.07410033486337055,-0.13302054560489776,,0.3599333076233564,0.33547708072742166,0.1028082711456702,0.20722306302782073,semiconductors
capex_at,-0.030012447188346184,1.0,-0.14407699220792877,0.17373050583638247,-0.08320339457031371,-0.032233694116060904,-0.023581824817933125,0.16669370697172534,0.004504086672711991,0.06777385267379513,0.04390951953798467,-0.05681996052873061,0.0752067078255823,0.21514606092908273,,-0.24014428269449206,-0.08076385265431238,0.012128727634225985,0.05008239331544461,semiconductors
cash_runway_years,-0.03308247997731574,-0.21806130730895082,1.0,0.40374104895291746,0.2018836130490116,0.04373254268789493,-0.01868479280386739,0.2551169596101111,0.19782284853405943,-0.3198213713616127,-0.2179462187551746,0.0477130762313671,-0.01853366843204192,0.3310762725034225,,0.2403941000139491,-0.21518919076759338,0.09041201430696366,0.08521715102288932,semiconductors
cop_at,-0.040458894407876846,0.18247920707831408,0.5270669766192034,1.0,0.2255517158956642,0.06185158239692138,-0.01538757258246885,0.43323466292048823,0.542564343322145,-0.3484982937188799,-0.21729604625225526,0.10627691414909217,-0.03395100175391545,0.4559145775695381,,0.5011772027303301,-0.28199752893687513,0.16965622043052253,0.22186608546560593,semiconductors
dist_52w_high,-0.09804944859728663,-0.09908677041902389,0.23614407699368894,0.25304599448873566,1.0,0.14032883956244993,0.3222705430387024,0.04269325650894749,0.10700762564606849,-0.44383216876279236,-0.177864344142253,0.4226078102774676,0.08267981717200898,-0.02144685181816144,,0.14132759381391857,-0.1627385437275921,0.15963262268487846,0.2327300008497487,semiconductors
droe,-0.017056608554895117,-0.029332051794563906,-0.013099570140868499,0.013241280592980006,0.07056712170911246,1.0,0.10131527647780932,0.02425055551821722,0.1145980689693894,0.003452542027638216,0.014814390109871808,0.33309040273737756,0.020780628066079318,-0.07585438293772034,,0.24061605383000925,0.029633287279007124,0.818346950885693,0.45033282300071703,semiconductors
ear_3d,-0.025628065466926322,-0.023470832081517602,-0.03824606726702216,-0.03416587980137594,0.33184471751292194,0.04753260640079807,1.0,-0.09579200957360146,0.008336984371671604,0.06118668674811694,0.17756996980846124,0.19296124377334783,-0.003100661573600033,-0.10837576229552899,,0.011502346272905618,0.01381167939473164,0.09466984765128521,0.11395873930118064,semiconductors
ebit_ev,-7.164321400982105e-05,0.16411755063856429,0.29705666645207074,0.4431114996743395,0.08896372558870837,0.043145478359710776,-0.08278967331357034,1.0,0.16147316543441687,-0.26633600798423085,-0.24042402952545458,-0.06662071922547426,0.04803897286095271,0.6462800102501421,,0.05662690737687567,-0.36190306997933336,0.11063972779012111,0.031581544915074006,semiconductors
gross_profitability,-0.07251357338978957,-0.08878456560027566,0.18354894576540637,0.5098573051297942,0.10611042930540464,0.09800289819567193,-0.0003563613503331193,0.17884254767519125,1.0,-0.13782317085298487,-0.07219079149421023,0.10302471964626951,-0.22591674402999412,-0.05048014494737943,,0.3574653770090596,-0.12080183790731583,0.17706593233374937,0.17380161954501006,semiconductors
idio_vol_60d,0.17681585035934094,0.0699649583058164,-0.36931087990600586,-0.3822075373901871,-0.43862674191056145,0.03642323786821032,0.09398109539815185,-0.25190726548385856,-0.12315512730682487,1.0,0.6107565003889157,0.03127628176477,-0.13963509912008293,-0.2391367571445828,,-0.1079654416065651,0.40185354764613074,-0.01555814105604321,-0.10120142453253074,semiconductors
max_ret_21d,0.12291043867381563,0.04147570340589047,-0.2362309873090809,-0.2506865506172394,-0.14767925321064113,0.022575976501027654,0.2526615039032149,-0.19472082643351585,-0.07566867490489984,0.6070178006941764,1.0,0.034837477928242,-0.09459320908116624,-0.22957796737304956,,-0.015896931539180707,0.30975776742004035,0.009438578179212917,-0.02243391371191725,semiconductors
mom_12_1,0.12858023246723568,-0.04573156951414599,0.01007218516627793,0.040972549419340684,0.32419178849504837,0.219269884385146,0.1953576965961636,-0.03025609952534223,0.08438216219382456,0.1984695949434604,0.10258126123560256,1.0,-0.013792638000554124,-0.18377558798218477,,0.23800928065849528,0.17356638532139773,0.3452419232506654,0.3829950813486445,semiconductors
net_debt_ebitda,0.054262814508977714,0.05831186255479267,0.013182554081445048,0.03827231670794103,0.074158641619138,-0.00047680750964381396,0.006886589737578359,0.05883829930476707,-0.12825808901736574,-0.08000618755689455,-0.06301480203115392,-0.009385176391453158,1.0,0.08862783657961315,,-0.07619054163611443,-0.06512273556876465,-0.01891980172274168,0.05799197616633223,semiconductors
ocf_ev,-0.1328165712219515,0.30508133345837896,0.38003585529439904,0.4823823998847518,0.004052537001477378,-0.05309132660722171,-0.09090629470462565,0.5922420754928107,-0.07115336208055387,-0.21562037063176248,-0.18260888044935428,-0.12796596530766896,0.05941130213969373,1.0,,-0.12165371377654832,-0.388195802653232,-0.05723923325793043,-0.15542486222954668,semiconductors
profitable_growth,0.30342346573825246,-0.24715366426238883,0.26863739700171557,0.5106860907821046,0.12069977191309293,0.13873448750165687,0.008972528248146984,0.09274532280538313,0.39458397885418917,-0.07919149347597504,-0.025718041589704352,0.22265342649164635,-2.0173508532827984e-05,-0.15601821849773884,,1.0,0.14042881579636338,0.3355249989514888,0.3807790672730284,semiconductors
share_issuance,0.3535630839798197,-0.04402036619207401,-0.16302148786897983,-0.21858637440362388,-0.13697000818428784,-0.010251265864909284,0.02719260221463148,-0.19738130059764794,-0.10277435339024632,0.2899930107765275,0.20219846636236427,0.1518707092731148,0.03823837292489719,-0.22509515618325746,,0.10977610091115683,1.0,0.05858212333582098,0.06397200487126711,semiconductors
sue,0.01807317431032504,0.015117591794015587,0.08787848565497045,0.18123539259114888,0.1688159672877978,0.5607203108932156,0.09608491720695132,0.1264727679352905,0.20520038205363833,0.00029846890038999897,0.01110799185694786,0.32148377755444385,-0.010818723877577574,-0.02904835835270224,,0.3315797927918807,0.012900268632020845,1.0,0.5679457943263839,semiconductors
sue_announce,0.1523856981540889,0.012072803794493235,0.08671771741495532,0.2110709610660696,0.21740718012497548,0.2428121009023394,0.10262480493941296,0.03407318876802121,0.19729972849938082,-0.09281248593491212,-0.021456645340165524,0.3302432302814371,0.09383735449484111,-0.1510416869382035,,0.4021233225670506,0.03485595392562652,0.561528963382394,1.0,semiconductors
asset_growth,1.0,0.04696961271707449,-0.013485907015822082,0.07429265016505601,-0.04757434656533705,-0.008464562279902041,-0.009236940379494483,0.10210147698994626,0.03661496482032907,0.1539553598682838,0.13431756506612427,0.17299708343355816,-0.07958977696303085,-0.1238206628998284,,0.3569429089445487,0.3192119512195818,0.10449207240659679,0.21956752143832745,semiconductors/semis_all
capex_at,-0.018607697597681393,1.0,-0.13441557348059313,0.16961555812700727,-0.08934824627065832,-0.032787294162364235,-0.031076874842268717,0.2053166723607289,-0.04277100306725249,0.09606359610951506,0.06803783245992907,-0.04030685521816187,0.01104118956003955,0.23187461513532678,,-0.2523849955033076,-0.08827570481923468,0.013044582647797393,0.03615391359478716,semiconductors/semis_all
cash_runway_years,-0.02935904460086128,-0.20492204507092018,1.0,0.430312386799509,0.20626672510388463,0.046770500406553596,-0.020589696586117562,0.2845434683992043,0.21405084580891268,-0.3343868781088409,-0.22580169793595845,0.04037767829819669,-0.037641896455721385,0.34043888440411196,,0.27793149222807273,-0.2342393933266436,0.10703638925583209,0.09838673549077478,semiconductors/semis_all
cop_at,-0.019105092577750615,0.18147615013149856,0.5506922250377171,1.0,0.22788578554513186,0.0642243961823976,-0.003184208413196101,0.4939141319193975,0.49620763034819,-0.3371088460219567,-0.2204320126158262,0.0980406424381522,-0.05098529993370711,0.4670191995869868,,0.5081645868071218,-0.27371354232245304,0.18405053666344987,0.2633083550104377,semiconductors/semis_all
dist_52w_high,-0.07388488691396415,-0.10330719262779033,0.2432479684149762,0.2544097431726898,1.0,0.1391706095191043,0.32427410334619117,0.0448552492472784,0.09190764382478864,-0.45766646563075924,-0.19329666753517302,0.40963270326305673,0.07282743053373761,-0.0425280996258133,,0.16423203484343693,-0.14931156386483224,0.16294998909713654,0.25171445153916555,semiconductors/semis_all
droe,-0.006663345430053542,-0.03305082857330438,-0.006552648241790241,0.015284393356306322,0.08012818781921542,1.0,0.08928083218717046,0.0240312771889416,0.10819827973454904,-0.0003878870896576844,0.010746887670021393,0.33831176343540537,0.014463609944484727,-0.07368667044392697,,0.2493972684000639,0.05711496867116809,0.8173929362208523,0.4629500936017153,semiconductors/semis_all
ear_3d,-0.002570280231436347,-0.02406320067086589,-0.040565482580717335,-0.030669968586453458,0.33470541568689377,0.03927961929535112,1.0,-0.11400226582008564,0.008242766073544471,0.05682579293992445,0.17924792015587762,0.1995083704142067,-0.007079742732478203,-0.11660991441350266,,0.029725628490428518,0.03711917073420957,0.08779024607977934,0.11776742338669012,semiconductors/semis_all
ebit_ev,0.002370696613113774,0.1994398771157644,0.333786082714133,0.48265248438042085,0.07526196142242288,0.036153887240812234,-0.11062942082644843,1.0,0.1648541303785832,-0.2853493296383658,-0.2631202715506541,-0.09109123728211924,0.07351893831689627,0.6522087450631041,,0.09501480306119037,-0.3936327416287458,0.10349474923293388,0.04578091901239507,semiconductors/semis_all
gross_profitability,-0.059381326517441727,-0.1394600682756361,0.20503334487915,0.4664489726666253,0.0935022375943078,0.10313762909299513,-0.006787898364064199,0.165607405648197,1.0,-0.11858653049495368,-0.07462400664541212,0.08202382643072018,-0.23181414108480816,-0.06863644218211098,,0.33843585852664004,-0.09278424974991131,0.17211648687620013,0.20544651355683186,semiconductors/semis_all
idio_vol_60d,0.1713930116068058,0.07469427625353015,-0.38173087678534856,-0.38507056499997266,-0.4485076751560897,0.041245150857137425,0.09296017128505263,-0.27186482520338406,-0.11665861490325152,1.0,0.6270150509865638,0.04177961754792081,-0.12986700402006102,-0.21506257075732949,,-0.12673153490467817,0.428441322137716,-0.02334487274418781,-0.13208729374064415,semiconductors/semis_all
max_ret_21d,0.12451725292701865,0.0493422564822108,-0.240638521162768,-0.2523555120580767,-0.15246569878006688,0.023077705134076386,0.25270828647849863,-0.22210960742164038,-0.07834851243484334,0.6078581766131832,1.0,0.03993014164168025,-0.07824956875532228,-0.21288656123196267,,-0.04434514277531476,0.33603245045235675,0.0012616017073900552,-0.037586013105255306,semiconductors/semis_all
mom_12_1,0.1615980684453335,-0.039020451771016394,0.009899111793845597,0.03849168488772734,0.3172589242533321,0.2396555961259901,0.2025226758730834,-0.04997985058153146,0.07091928941473195,0.2108863352845926,0.11597804420050849,1.0,-0.027712673150070317,-0.20144002988474868,,0.25237014138037356,0.21910346016646104,0.3468447473618171,0.38664199556677226,semiconductors/semis_all
net_debt_ebitda,0.08043609705243591,0.03159987276555484,0.0006397834690218191,0.027260076768835052,0.0461692131546333,-0.012163102693648238,-0.003482538216066727,0.0652592540797475,-0.14106014323400048,-0.04785387859207133,-0.04114501634419173,-0.028839467415406342,1.0,0.06266806747915356,,-0.06484187586500158,-0.07297681889360697,-0.027848079508449624,0.03751994402642731,semiconductors/semis_all
ocf_ev,-0.1336699024141825,0.34928875734683934,0.360369861076982,0.47801505023258706,-0.027794156664517677,-0.06399352703139974,-0.09441401036591807,0.6383741695386111,-0.10301354675062778,-0.18250661687897116,-0.15561217311201786,-0.14570152910256098,0.02020565128305003,1.0,,-0.1106792065826582,-0.42706488320215363,-0.05645888507353918,-0.14984869671792592,semiconductors/semis_all
profitable_growth,0.3232629092560053,-0.27354881200278447,0.3098681415445518,0.5113405575325927,0.14934634492246818,0.15792862033355784,0.025743758615828036,0.12342432589560919,0.3730358057818515,-0.10182396092130377,-0.046440192209408426,0.24256590005385353,0.03775444940049061,-0.15129627805919305,,1.0,0.15423358756357142,0.33283832515358924,0.4335976498116101,semiconductors/semis_all
share_issuance,0.31981316254062153,-0.045256259390981046,-0.174501050992879,-0.21348112243720532,-0.12046100522132959,0.015752052613748513,0.051374456082232435,-0.21923941978810993,-0.08073072546342923,0.30343960779182527,0.21752670417580103,0.1841931435111704,0.04619875223238126,-0.2419854124976013,,0.12475640424143149,1.0,0.07650420852437839,0.0813395743205051,semiconductors/semis_all
sue,0.03421806993216139,0.008559125820785553,0.10098327296034258,0.19003488115215236,0.1739981752186296,0.5752630205450928,0.08928284591766991,0.11247639336014223,0.2018254535192946,-0.007021162910831063,0.0027290033099519133,0.3256868141667515,-0.015720059404378314,-0.035197680599468546,,0.32970855762258383,0.046954767729015516,1.0,0.591857442155295,semiconductors/semis_all
sue_announce,0.19108645108957353,-0.00068463215327075,0.10606706955179405,0.2427932388865157,0.23802582071999673,0.25496442760378873,0.10971334495799723,0.0424003529568913,0.22164823808840922,-0.12051449295627666,-0.033288078344553114,0.3351762075001061,0.09189809671889479,-0.14863534553792856,,0.4454467161896046,0.05238653072373571,0.5797646282439631,1.0,semiconductors/semis_all
asset_growth,1.0,0.012044632830521443,0.05641797597054438,0.002042591313083307,-0.017153737365054843,-0.045042517367106696,0.03201829321882925,-0.16711635282492196,-0.04535604682363441,0.15038683822563417,0.1530335751828548,0.16693212889344122,-0.2393269259998948,-0.28935453528291366,,0.4003520045543224,0.4392540948379347,-0.06556160906002292,0.11063464957286835,cyber_cloud
capex_at,-0.031428160868542575,1.0,-0.15195586900220764,0.20050435655947715,-0.03333095899490891,-0.030714044878762736,0.004588275910104004,-0.04719804055393491,0.2813293496861118,0.0627782397819305,0.05481199444404463,0.006698503591323632,-0.1945802880823959,0.011086262506250954,,-0.06664014791536982,-0.013863658431241217,0.0030365559535440487,0.005490091733762879,cyber_cloud
cash_runway_years,0.007816392240118066,-0.2825954509147759,1.0,0.4141367516007234,0.17372870723204029,0.07876003538897935,-0.007910927135719897,0.31878789105664807,0.002974860513054576,-0.26552008100793756,-0.20096058088575944,0.028131986632602298,-0.11402348146065243,0.38617760916990557,,0.16536975749036356,-0.21100326407955286,0.0643933817544241,0.10686103457489703,cyber_cloud
cop_at,-0.08525883926898484,0.09482344558468857,0.5101409331649986,1.0,0.24326177687778391,0.11075329259273785,0.02818053312771919,0.5031850815570267,0.4048466955347804,-0.3512700352800489,-0.26193577148822594,0.0838265141887603,-0.24390010461771297,0.5470441106974696,,0.40550861441021463,-0.3802870742411271,0.2372986753310876,0.20347835787185942,cyber_cloud
dist_52w_high,-0.03796544661390835,-0.07427700030323879,0.21994914573571467,0.2843124353990759,1.0,0.12141153570950892,0.3364793012692968,0.23502742402600463,-0.010635176858864314,-0.46025763737436953,-0.18814791937988729,0.530701871378878,0.06293908510397196,0.035742482567727225,,0.08111918627231322,-0.19514599636515392,0.1999215824694711,0.20290922575941284,cyber_cloud
droe,0.043638117158121256,-0.02266458442278792,0.06967122371844733,0.11782075388340385,0.08012509196628496,1.0,0.08745648747506257,0.03416105910844598,0.04779755554341014,-0.03142451914006347,-0.005821436038894827,0.15366437835433883,-0.05996465497623387,0.0361340879958537,,0.08432960529009083,-0.08296183590844053,0.690827281975104,0.3377258230133164,cyber_cloud
ear_3d,0.023905850524909913,0.00873903517220406,-0.007294103516357995,0.03095777950642417,0.34814241058470086,0.03691088393415782,1.0,-0.05017542905563431,0.03704055537257692,0.042078710303243394,0.1874794988501914,0.18014304000711884,-0.011694454939896088,-0.08395166331422001,,0.017465765305558233,0.016546530621332267,0.07882664215866864,0.08030155046969714,cyber_cloud
ebit_ev,-0.11699183476969321,-0.05915265822101258,0.3166622751036238,0.45752137985476066,0.27153751774628376,0.09665323929880702,-0.027073121652281096,1.0,-0.04261654034810974,-0.4996861151521406,-0.4039825670366117,-0.021423400307422662,0.25027617343048575,0.6929972420495435,,-0.06074720174477919,-0.570315503879309,0.17288183079085298,0.13685995009112073,cyber_cloud
gross_profitability,-0.143578365718369,0.20628507952850783,0.012011894006142465,0.3944905448591476,-0.002694210124435819,0.0325387617718761,0.0402138061981452,-0.04357720550188615,1.0,0.10079144164244246,0.06466791586603368,0.04919545551015289,-0.40111374293762425,-0.043047024586952136,,0.037507851534388716,-0.07992976244637998,0.10531731531180522,0.026304372928834953,cyber_cloud
idio_vol_60d,0.14655833592013148,0.11185004175159323,-0.3072122774124335,-0.3679107443516464,-0.49193900760660453,-0.059640110504090564,0.017784627456955186,-0.41266706571534695,0.08579891174226098,1.0,0.6057164724471409,-0.0650399537224296,-0.18217250669635365,-0.3515034915837715,,-0.014471897471435886,0.4193643387367254,-0.14309075058263923,-0.1436084877302972,cyber_cloud
max_ret_21d,0.11392602876415812,0.07356889781909426,-0.20042635058936945,-0.23399313172704644,-0.1620304164673695,-0.019629719012204408,0.2524741649428597,-0.2728124170853947,0.04604967090773289,0.5910060411185856,1.0,-0.032821031402556496,-0.13628369498170959,-0.3342979485865878,,0.041374340677943516,0.3273516035475751,-0.08121559050550549,-0.06858458190573462,cyber_cloud
mom_12_1,0.17654667181826933,-0.006506367321376339,0.009915722486086048,0.045487725835975365,0.4544084080723857,0.0836598362236042,0.1800072855025611,0.006556989261726965,0.05060075358998516,0.04635886267691972,0.026170982034551236,1.0,-0.08351743808820669,-0.21089628100164629,,0.14423175471188462,0.08062383678691344,0.18169433012860495,0.18077236176743658,cyber_cloud
net_debt_ebitda,-0.11701624307676176,-0.06728652582108195,-0.07245118990481081,-0.07740964270069611,0.03444230956149683,-0.04663548605766679,0.0006951929514224962,0.21483871200296115,-0.26948358682561663,-0.13488819914662353,-0.08722804120147817,-0.0733060276353913,1.0,0.0953764125820984,,-0.21782496863750228,-0.12774333689944367,-0.056125499734823926,-0.016220011366921798,cyber_cloud
ocf_ev,-0.24314613414728134,0.01766482489786464,0.3824953234079985,0.48067246734674485,0.030702573194559546,0.04712816813445996,-0.06636591641268616,0.5884541649427013,-0.04726205732877073,-0.2704426650086459,-0.22910393354774483,-0.17709426811547388,0.080514266279234,1.0,,-0.13120437549541392,-0.5280640286374149,0.07638635228567185,-0.02468712459133352,cyber_cloud
profitable_growth,0.28291956642706323,-0.09057539423858887,0.16460868661866063,0.3876915411272648,0.08704490695859048,0.051054899351670825,0.019791131099467178,-0.05528152965691461,0.016626034092463965,-0.030687644028520523,0.004929720699268702,0.11756098118787724,-0.14310789543095953,-0.1604310785482978,,1.0,0.17168932341412196,0.1388390879818748,0.29669904987190465,cyber_cloud
share_issuance,0.28377889213787644,-0.016557888880082767,-0.12967140334910418,-0.194336066909029,-0.12103719736362556,0.01808194616294808,-0.004960737528464304,-0.1598470593435395,-0.1707487770722114,0.2051543875135399,0.14840551245530073,0.04378049414511971,-0.04352059986162692,-0.24348914589930323,,0.0974757534188634,1.0,-0.13159159827198483,-0.08067144766389107,cyber_cloud
sue,-0.10435273558120264,0.022441742862343784,0.0581335651805329,0.22658168296731845,0.18624369496764395,0.3798109217049147,0.06542812639602573,0.15193294372944072,0.10566650365654968,-0.13139192592061252,-0.07004114181187064,0.14030434835394637,-0.002416357411351696,0.05538506097523289,,0.13619328856003052,-0.06433343456513947,1.0,0.49449597907581005,cyber_cloud
sue_announce,0.03199383518856928,0.011269115979724102,0.10569024598208439,0.21835722209178912,0.19734883071770692,0.17849271221581864,0.0588678910721142,0.13177533634783348,0.02201979215440185,-0.14786518354901332,-0.07174797600632114,0.14190415216384297,0.053286258563693484,-0.022979988940056935,,0.28365276633161535,-0.09890067341042097,0.49869748485585813,1.0,cyber_cloud
asset_growth,1.0,-0.023790284897229196,0.042629236629968266,-0.034081288369879566,-0.02313621598234739,-0.037315855369813994,0.028290497316038405,-0.16943568403079826,-0.07076279476184907,0.15205625860929045,0.15626664288121195,0.1712891655744319,-0.23224546578571167,-0.29521963283783587,,0.37538239492372305,0.41973827747418213,-0.05625762807579403,0.10965622154799948,cyber_cloud/cloud_saas
capex_at,-0.04550796176187954,1.0,-0.19379571808730311,0.17675484523607068,-0.06389344931480787,-0.037486233681471685,0.002547504916954646,-0.06482298075997378,0.2735753134431866,0.08100738795419261,0.06566155973122721,-0.010573964127731629,-0.19831194222530396,-0.009327324882578838,,-0.0890498279665656,-0.031540695113178606,0.005198658258015419,0.0017587570390034282,cyber_cloud/cloud_saas
cash_runway_years,0.005080084040128301,-0.27813787047696964,1.0,0.4361751337735526,0.16768253491525573,0.06948356190909312,-0.005781691635274139,0.32624672060866494,-0.007502810860574802,-0.26695632266554137,-0.20126919250810868,0.013706676521370545,-0.05060222428430535,0.42801599150883524,,0.17421356183529613,-0.2294792410997717,0.06438259381262434,0.08718791782383975,cyber_cloud/cloud_saas
cop_at,-0.10263781538239325,0.07317047759378992,0.5111128832391261,1.0,0.23031527498442536,0.10123351954185025,0.020530474371027667,0.5187982072479683,0.3712084397056744,-0.3594614135357803,-0.2625773738825557,0.06037050518892414,-0.21101646949337985,0.5682004752253563,,0.3621520292810102,-0.40929684064761007,0.22987584909144135,0.16547269755434343,cyber_cloud/cloud_saas
dist_52w_high,-0.031977809090638375,-0.09974940110389732,0.19997911126169646,0.2545613005131308,1.0,0.10840249170083842,0.3293765074400684,0.2348663518635137,-0.048507553524731545,-0.4525099531289463,-0.18258525196642314,0.5150892099693218,0.07530075104027875,0.04582522182011916,,0.06551911637592571,-0.19944879419395695,0.1926227627265642,0.2069012185381056,cyber_cloud/cloud_saas
droe,0.03358874666070846,-0.025191523839190454,0.066019881922352,0.11306653396388333,0.07510883105890247,1.0,0.09298654747126577,0.018746609443494967,0.030723865576138074,-0.01850267836103532,0.0049181986801620685,0.14610800593911458,-0.06411705784618683,0.031404488538608284,,0.09016479814892318,-0.08090332827179089,0.6831628104839381,0.3303945023974072,cyber_cloud/cloud_saas
ear_3d,0.026567187910558582,0.0026136159003906064,-0.006523703562728593,0.023748947703935257,0.34156164343772655,0.037620869594261364,1.0,-0.04926472143969931,0.023225835646400895,0.05201845446256032,0.19169105594465935,0.17870962194954493,-0.012733466899868151,-0.07979065151989617,,0.008225291176184606,0.011985717175532946,0.08457986216539103,0.0751142234419394,cyber_cloud/cloud_saas
ebit_ev,-0.13475069655229865,-0.09402993761373271,0.322559148584439,0.44596733890609985,0.2394490146319673,0.08695746938006915,-0.03636214593299676,1.0,-0.0628306489689777,-0.501766145878169,-0.40323514129238697,-0.03490375226997492,0.2670344936206578,0.6957094932785733,,-0.038416335363698526,-0.5735039626071261,0.172187460277463,0.15915782644934898,cyber_cloud/cloud_saas
gross_profitability,-0.14821642110973035,0.20972898144329705,0.0035266933539476455,0.3635213317354843,-0.04331365853217619,0.026134177728390447,0.025928664487968024,-0.07801428387889581,1.0,0.13367202486062232,0.08686690119032539,0.024031558672660824,-0.3962334007187623,-0.04693599019256196,,-0.017474935970580467,-0.08354772604307525,0.09131432767074942,-0.005083080346012476,cyber_cloud/cloud_saas
idio_vol_60d,0.15042978798351753,0.12751941905396447,-0.29899068174853344,-0.3537836966387842,-0.47814708033505254,-0.055244682372674325,0.03257516272960121,-0.40052801357095946,0.11355602309963697,1.0,0.6099642665684583,-0.04910279205531813,-0.18611803320710246,-0.3681943882087634,,-0.024674552408908854,0.4218516492867642,-0.13663885125878236,-0.1541540167806134,cyber_cloud/cloud_saas
max_ret_21d,0.11158984168166314,0.08102278261308042,-0.19871321172693376,-0.22295020914128225,-0.15061929090883325,-0.016315269307069245,0.25745495721549777,-0.2694598514722107,0.062405324184784575,0.5900117111029244,1.0,-0.018573752813813803,-0.14408473626171678,-0.34227719563257286,,0.04275055777362389,0.331392103595167,-0.07742995702999624,-0.07608864196614086,cyber_cloud/cloud_saas
mom_12_1,0.18275370084275824,-0.02044707039105287,-0.005051536881247322,0.021201178635554273,0.44582192684628036,0.08034634684321236,0.18016859307207678,-0.02078121893466525,0.032289890739742935,0.06258482722119042,0.031712644697128756,1.0,-0.08568957060482595,-0.21586790899333347,,0.12893776996654494,0.09138594180318284,0.16765173959061008,0.17601942872893345,cyber_cloud/cloud_saas
net_debt_ebitda,-0.12022472650108817,-0.08417587541766064,-0.02774475807864572,-0.0499038397913851,0.042617103003290864,-0.04734425411785584,0.004613026079083123,0.2191150075630061,-0.27083273549774245,-0.1389815192249923,-0.08981594750177288,-0.07548296451943458,1.0,0.11618559577746491,,-0.18547838007164225,-0.13884290309217004,-0.0627591910887807,0.005008342326070348,cyber_cloud/cloud_saas
ocf_ev,-0.2519170489566368,-0.01406774981866996,0.4294744418502559,0.47724906979438936,0.016594852872143812,0.04468457349876742,-0.06796176982690649,0.5953703078855713,-0.04356217438018204,-0.26871225114317926,-0.23022625316276202,-0.18876896238771193,0.09507812174519732,1.0,,-0.11169484574491055,-0.5401781886920693,0.08440092857730407,-0.02197748887052537,cyber_cloud/cloud_saas
profitable_growth,0.2709605085499501,-0.09254225105291349,0.19143660069873025,0.3421169092280796,0.07654236824753799,0.05001106937613167,0.012513125018400535,-0.061766022789912174,-0.04187828600668458,-0.04051916904937421,0.0035872124041082844,0.10292268482097328,-0.10365116603907562,-0.1488684082313925,,1.0,0.16765328031182364,0.13781032397864634,0.27580199048779586,cyber_cloud/cloud_saas
share_issuance,0.25682922420938503,-0.0331446636375791,-0.12297974814399966,-0.20359425110666293,-0.12353072708122627,0.02036940368189756,-0.007258820097933364,-0.16211847329537685,-0.19334340393662677,0.2073075416851211,0.15096537255974504,0.045727968726039236,-0.0633156037952411,-0.2593774845557261,,0.0908890336177943,1.0,-0.13610071107065408,-0.07932716464506123,cyber_cloud/cloud_saas
sue,-0.10805560629954936,0.018108741591468185,0.05608739151082568,0.21646961738132744,0.18117690651778587,0.36671895511033936,0.0689431832683346,0.1482941427109357,0.0959513138190691,-0.12920686334016857,-0.06937569559254948,0.12594127379743195,-0.009792485041891008,0.057771607015070434,,0.13599859989354682,-0.06652804822950577,1.0,0.4960384356920606,cyber_cloud/cloud_saas
sue_announce,0.04941910439649886,0.016377544541506982,0.09739422013353957,0.17661956875281448,0.2031932410311372,0.17042816746874906,0.05356664543088184,0.14727926298122643,-0.0045135348610884,-0.15562263740163024,-0.0761789069677689,0.13988979717892716,0.07136213064499898,-0.022365782003355542,,0.26310943510320683,-0.0936977057197403,0.5012463120885803,1.0,cyber_cloud/cloud_saas
asset_growth,1.0,-0.0055291901121546,-0.05380192309611932,0.03148573080071054,-0.02883769143715592,-0.08105333048839503,-0.011863587321475995,-0.0685362475788822,0.0904484330523256,0.06656637965523718,0.05897627459614175,0.07780094201136874,-0.03378317769589918,-0.14698735646630673,,0.26838504053310175,0.3552471980204803,0.03441874700703045,0.058546395544127605,defense_space
capex_at,0.009775975932358362,1.0,-0.22918410504983425,0.2036429659958693,-0.14838650720629715,-0.03210650893819598,-0.028840695094867152,-0.009626182823977822,0.2844196804881499,0.1629685930541934,0.1005642555724678,-0.08318698411035652,0.03300557657165276,0.264573668457139,,-0.15551405960762923,0.028866531433058104,-0.06454829440227958,-0.10713099553414417,defense_space
cash_runway_years,-0.051043694980907627,-0.4398668230762355,1.0,0.4016427450733383,0.20521437933035178,0.051562165489115616,0.017183371654855614,0.35512751158037364,0.11558664574987862,-0.2985409932651057,-0.22024452664478086,0.0559134499205591,-0.16931956045199173,0.34565885408890484,,0.2928334751395647,-0.29586776323352615,0.1167815282320371,0.17774515106328678,defense_space
cop_at,-0.09010534841706899,0.12158547424944643,0.4150038815743626,1.0,0.20923984841834453,0.0642531995250847,0.0317232252934346,0.39699862412339276,0.45369030972913676,-0.2525490143873891,-0.2006423706176931,0.11234798093397325,-0.22936200423791933,0.5825311345618539,,0.3934117300138818,-0.32562006598864424,0.16662510713509435,0.205421894286106,defense_space
dist_52w_high,-0.07979241416263823,-0.17490539461457022,0.20491422581564828,0.21186038323714695,1.0,0.1124879881911743,0.28206387735087,0.1113168415147615,0.0007242697217226952,-0.5244785158073813,-0.257854407589028,0.46740881136253754,-0.01497299037355842,0.007275726983031862,,0.1865374819927428,-0.18461403441861077,0.17780213607010523,0.31773307170119164,defense_space
droe,0.018163301626407575,-0.019630128217616293,0.02627947475526114,0.01151297676759752,0.06120693247877497,1.0,0.13857389114389765,0.05228620315526152,-0.012490116361969748,-0.0713396130211881,-0.008942624983822508,0.1745144878714918,-0.06002371454792941,-0.01279759039341167,,0.10003317932746025,-0.10123473061894839,0.7339565656648372,0.37007202370879594,defense_space
ear_3d,0.003446268425344087,0.005527115105144334,0.014624620155785037,0.028628012149179104,0.25722926677910274,0.06439270354377202,1.0,-0.07874159676148695,0.0099597722701139,0.01900491991775604,0.15975036676914559,0.1333676686598846,-0.013482517222418552,-0.043409793724337925,,0.04734220351363977,0.020734547197581325,0.1349211041230364,0.1895777293477157,defense_space
ebit_ev,-0.11481217813399723,-0.02715222943538047,0.2850547902828625,0.3745592738262203,0.10578976497296178,0.07886144072959347,-0.06326577401568693,1.0,0.1403854014266773,-0.30965633439731277,-0.2826856426322307,-0.09631707823124487,-0.23228458311460196,0.5308683462697007,,-0.014594899698757983,-0.47141479334290315,0.13214504669606278,0.18280102795803993,defense_space
gross_profitability,-0.027189990466777714,0.18711297833070575,0.046275103445258065,0.3918372968958616,-0.024521142091061723,-0.03586028221047865,-0.0001030598935842898,0.11557200409389615,1.0,0.056354191911736545,0.03790670505020011,0.04314829469354513,-0.2726275264385184,0.15925710096122414,,0.08980421414254301,-0.025143402070975065,0.044450697102483665,0.019619216808236487,defense_space
idio_vol_60d,0.10791223544338469,0.21210585647648733,-0.280039672632257,-0.20702563294418858,-0.5281309258619795,-0.02416685660265996,0.08739739633819908,-0.228268562385982,0.08078695119094172,1.0,0.6402831427357477,-0.08817268895760247,0.026499719510352664,-0.1507630943562372,,-0.15914725417008024,0.3876987223810577,-0.12547350012479136,-0.2669960799171161,defense_space
max_ret_21d,0.06496405302631043,0.12214393576489545,-0.17952916548519002,-0.15421180478723445,-0.23438175964255578,0.013018105870523435,0.26498663334762507,-0.1880300463051804,0.058077018360295544,0.6553545565564763,1.0,-0.06943767296103362,0.016004088294588072,-0.1697515810308412,,-0.07327196505038508,0.30767923912515166,-0.054933029704451616,-0.14403507453988829,defense_space
mom_12_1,0.06155527213256162,-0.05269675219938038,0.03339251306962345,0.11842823212098154,0.41872903726537186,0.06615694179465137,0.12735128488825873,-0.039079426216491756,0.05082940762883135,0.007652434497660401,-0.023065296971512855,1.0,-0.06327321114981761,-0.14801625060070442,,0.2384734760555564,0.07732431841218368,0.21454508826775912,0.26547415250599554,defense_space
net_debt_ebitda,0.02757929675228677,0.021301104275700877,-0.18397277310739468,-0.16886338145415172,0.005477218763861935,-0.06617071487922929,-0.006558159391926544,-0.18243949599389253,-0.16184692088952782,0.01075354568962308,-0.0011057965122444,-0.04613834323260289,1.0,-0.06302107313673397,,0.009366083584032266,0.15829440800145392,-0.05080274656792352,-0.07874891982527704,defense_space
ocf_ev,-0.10480825640195132,0.21768508426057845,0.21037194620348953,0.4671458537824808,-0.03414945151667818,-0.012790571864217531,-0.04181562012966706,0.5074921664778242,0.11509364867880562,-0.07093826950104415,-0.0898939578197923,-0.11549278005892488,-0.1137549869943797,1.0,,-0.0809958206958714,-0.3680184944406825,0.0013514698529951798,-0.017409976759486086,defense_space
profitable_growth,0.2250760149915117,-0.21834147510696808,0.28964292239369854,0.42750049864823636,0.1852712588037208,0.021410339144335325,0.053734228215837856,0.011608199704631419,0.09230913769556652,-0.12540804090617574,-0.061177881329688585,0.2333370204934896,0.0002218506260801333,-0.11732955650155288,,1.0,0.11604400612881456,0.2400910583006151,0.3360259244938125,defense_space
share_issuance,0.43848139079185183,0.03955732461970125,-0.15378550560227083,-0.21475652644942278,-0.11451510335457979,0.011199543408342994,0.02949453137134319,-0.2302918710131316,-0.07810459686015772,0.18619027468703056,0.1450762574557013,0.0647810507030658,0.09305080158966518,-0.2103569211705309,,0.08324586457492235,1.0,-0.019077735623548933,-0.11505819955460554,defense_space
sue,-0.007861568974631788,-0.058104337791562384,0.11093672643864447,0.15741092521290312,0.18253242861725827,0.407445547725811,0.1209967905499726,0.1331010809424864,-0.006333066043402401,-0.10555751862072461,-0.042390121904000766,0.15999442292580576,-0.03139508347437299,0.004450594699249265,,0.23716163672367482,-0.04484725811117127,1.0,0.5590889065396045,defense_space
sue_announce,-0.00313528569598633,-0.14032404108118401,0.1740127416239541,0.1812351951851646,0.31371076347026167,0.18011420633245584,0.1611338418915359,0.16378501792348665,-0.07235454919639606,-0.23448765683906408,-0.11309072781656362,0.2066157165608113,-0.05328624515435821,-0.03797620935475469,,0.34617804645357425,-0.0758840496266045,0.5412911956665504,1.0,defense_space
asset_growth,1.0,-0.04266801727610943,-0.0029084458445979935,0.07303245150198746,-0.033140588129589206,-0.08203448677168729,-0.02474131009131473,-0.05216637855865757,0.16160418710409605,0.06759096577483074,0.05987462869586429,0.10111995938579023,-0.03824790278274056,-0.14881379266539008,,0.34329356832891533,0.32920703578950977,0.08815383007534408,0.1145772539315244,defense_space/defense
capex_at,-0.03865875993134814,1.0,-0.1794604979538603,0.17788967870760125,-0.09151705486650229,-0.011260685155112384,-0.01867413073034451,0.036022705978277544,0.2907790331793869,0.08458058356326512,0.0506921156790844,-0.055265823705892836,-0.19814976450920146,0.0721763559226919,,-0.12126997410364894,-0.10593950667159292,-0.03731512863714233,-0.06603470301015317,defense_space/defense
cash_runway_years,-0.03119025946367532,-0.23159935378368302,1.0,0.4120566211859728,0.19417785537934715,0.047168828219949346,0.04072955196604934,0.2309974553094329,0.07241064202298567,-0.27612247294378484,-0.20622250652856838,0.0776873146504205,-0.09038691193374462,0.43075250666308457,,0.22323557503699318,-0.20184669531801416,0.10745307690242384,0.1022262255948024,defense_space/defense
cop_at,-0.05188028314587126,0.2449972723493023,0.46537925830920235,1.0,0.20880492051159805,0.07969520346346637,0.05632986138563976,0.34799312234658275,0.3776735392957508,-0.23659862826659966,-0.17082677828312356,0.1759939702885172,-0.2510142566043351,0.5906061705277729,,0.3669497259197379,-0.33636523232873244,0.1801155160209797,0.22260785336923705,defense_space/defense
dist_52w_high,-0.04383195414784809,-0.08932368299903105,0.2226895867009145,0.20153144507851858,1.0,0.1252044955174008,0.2985005692096132,0.04348867085053101,-0.017757030889748202,-0.4821065069324046,-0.19703075190522965,0.44577344578244466,0.1253273343141909,0.03865268731557781,,0.16920034975909973,-0.12920794487432197,0.17718672032107394,0.29563271141541914,defense_space/defense
droe,0.01246875869653258,-0.010614125981734801,0.04925083628138982,0.05200825062626357,0.09772370060557148,1.0,0.14471521612454594,0.015986180473781565,0.00023407635173845677,-0.05222605199644993,0.010582638843301975,0.22850481884870374,-0.03926906476686875,-0.010589907551081995,,0.10860742722672173,-0.08059770661783752,0.6996614414431936,0.32957856840468963,defense_space/defense
ear_3d,-0.019723624588728797,-0.008652143138714348,0.044192692501029224,0.047410207852460015,0.2894966324603452,0.07876542372283046,1.0,-0.1025091082268264,0.012924748474308101,0.021800699577669086,0.17087400594727806,0.1452351662902294,0.027083467039877948,-0.03601525875418323,,0.06439073523686682,0.01865473578928123,0.12888519914806779,0.18208298487279895,defense_space/defense
ebit_ev,-0.03751467252517687,0.07350145920877242,0.2994062503084664,0.42322783916528917,0.09673013438952914,0.06769493896170838,-0.10451059783268789,1.0,0.12444748862007353,-0.2773586199115603,-0.27222449878327154,-0.12784246142507238,-0.10464054443580052,0.559683753060025,,-0.12126195376992337,-0.42054126477371206,0.103853628815289,0.08602995850975066,defense_space/defense
gross_profitability,0.04376039754110847,0.20953946261425985,0.04378960590646901,0.34453007042806655,-0.061850109267833527,0.006212866443858319,-0.002852623684299117,0.16844604147668774,1.0,0.07311789282571109,0.059451942395259194,0.08424869016749739,-0.3528444257191926,0.03517541321180346,,0.12370260631116825,-0.01969269625686192,0.05527099839093517,0.04322987890830748,defense_space/defense
idio_vol_60d,0.09911232741960559,0.07204155909914328,-0.2952696163419563,-0.17618178004124915,-0.5117401730711788,-0.015814140031081857,0.0597511558508315,-0.276151551928154,0.11808195248162003,1.0,0.6046786977311653,-0.05296351326337163,-0.14179849977275774,-0.20473537193625949,,-0.0860332751915289,0.3494161244495912,-0.09122076842975409,-0.20436363506333854,defense_space/defense
max_ret_21d,0.05993074206356028,0.05290447589925256,-0.19097208925098466,-0.11856151196211713,-0.19947242733189963,0.01133402583001071,0.25997524813205675,-0.23804163026671796,0.08642394111826879,0.6465692820636935,1.0,-0.022292329701771755,-0.11133375065326774,-0.2042063561993627,,-0.005374393448378145,0.27644282364324063,-0.02284599075341297,-0.09749689502436498,defense_space/defense
mom_12_1,0.12436197768982102,-0.03595026314009671,0.04785665275490297,0.17295773489919875,0.39916511201402366,0.15124574475837255,0.144169241450564,-0.06034582250302056,0.08461337549223691,0.05162514835539249,0.029782623325525105,1.0,-0.019754131337568225,-0.09031095058078824,,0.2918201290176512,0.11479526510344122,0.2724292525863969,0.288909453320762,defense_space/defense
net_debt_ebitda,0.01677878231987451,-0.09689538044561259,-0.20481566267605217,-0.18381128600455746,0.1141038420771717,-0.05508093526597622,0.013246943436209923,-0.05643594126966146,-0.24359833925032293,-0.09892364960199083,-0.06581918965861841,-0.015964653931298808,1.0,-0.11697037507136768,,0.07003931407299771,0.05982430937917856,-0.021896649277703226,0.06916234016136236,defense_space/defense
ocf_ev,-0.14925911645548656,0.08852370221262033,0.4944290656802784,0.6381975621446565,0.04019133297714491,0.008532760661385535,-0.039560309639911195,0.5848773277333166,0.0962707710055546,-0.18715863341133998,-0.15605639267495006,-0.07568968753933904,-0.15516699670967166,1.0,,-0.09896524122918787,-0.4382297381292626,0.011571562787850403,-0.001192781241833479,defense_space/defense
profitable_growth,0.31052507810803287,-0.12365708130637396,0.2387619815889721,0.4055958034421683,0.1682166222264693,0.046300797341629785,0.07514885760924167,-0.04619799364134913,0.12845822942737894,-0.019605432870734157,0.011302630640557521,0.3172337184543794,0.10999631752366444,-0.07131992316380918,,1.0,0.21883798097142704,0.2687709962663362,0.3452786130755422,defense_space/defense
share_issuance,0.4231901601948457,-0.06075256897833384,-0.16525194559938952,-0.2807995043717423,-0.09500273507568437,0.009615717410758036,-0.003533514015475121,-0.22535287516540553,-0.08277375677926356,0.20477640262383479,0.152904656958971,0.10066143444107013,0.08983938427224795,-0.30803898568342214,,0.13000141104662952,1.0,0.050816979639457416,-0.022023162526158515,defense_space/defense
sue,0.07407095853218312,-0.0005713468384693099,0.09013857024005521,0.1683916876011595,0.18988651990294278,0.4130452051705149,0.12290913898989578,0.11733486847891175,0.00819980896317658,-0.07589705314974877,-0.019640607994090807,0.22888937156481334,-0.034189440108467244,0.018095142063703586,,0.272739227179465,0.02204119522612783,1.0,0.5368034334627239,defense_space/defense
sue_announce,0.0961370542029038,-7.712018931397218e-05,0.09258547324639627,0.20665446863435108,0.3162851923092793,0.14485009529431941,0.16377490070781842,0.08713996790002981,-0.048478281378862356,-0.19537212461462414,-0.08082975804387989,0.2624567215541598,0.08284899068210538,-0.008683397649421148,,0.36796306830159364,-0.0032642123673783836,0.5247849119536839,1.0,defense_space/defense
asset_growth,1.0,0.017319534748349765,-0.0994443376924651,-0.09077151325691282,0.029719426074490386,-0.04044094777514666,0.00602875242030067,-0.0969552514944295,-0.010620805214167013,0.0447181291043518,0.05351097759490775,0.05376269904076725,-0.006133187001858369,-0.17394539698597003,,0.048773565283028335,0.3671924656389653,-0.037212431039754454,-0.12582616037261676,defense_space/space
capex_at,0.03056289005766982,1.0,-0.25838924943255204,0.15065000187057226,-0.13377248958523472,-0.03659025790646887,-0.04172912559357943,0.041824650132827386,0.12764540287543324,0.23827284733297624,0.13554589052317917,-0.03646508698298257,0.06961339847809574,0.3663799111788123,,-0.4456492560261349,-0.059967284919206706,-0.06302574506381341,-0.11492759163189488,defense_space/space
cash_runway_years,-0.06783796758387163,-0.47086856397158744,1.0,0.43750290700939765,0.143646351759859,0.05349220220538774,0.004221382296402394,0.44298709229770206,0.2267225696383578,-0.253102769886686,-0.17607527594131664,-0.00263573166676714,-0.2627333528183906,0.34382823450435723,,0.45952012845537876,-0.2654940456373381,0.10630079318721161,0.18651889979464617,defense_space/space
cop_at,-0.14678505786052315,0.07471473174721376,0.4244903124169468,1.0,0.15339521422404706,0.03642842272127868,-0.035739717664989575,0.5065991122104727,0.574514245868724,-0.2929176454612604,-0.2438190177696436,-0.03126844262111464,-0.3258502113671782,0.5150149738469965,,0.41239764787368094,-0.32489460436101236,0.12392666936166263,0.16260283646833107,defense_space/space
dist_52w_high,-0.027963510287618242,-0.16537033421736444,0.14757663411968583,0.19854508284439779,1.0,0.041604689219704206,0.2267562067503609,0.08921084838170774,0.08776594196818073,-0.4846124707160131,-0.24607002156129032,0.5082678091634981,-0.16026401496712894,-0.02212768530498776,,0.2088694121067346,-0.10727062476780684,0.09860577657747997,0.24821775632974172,defense_space/space
droe,0.005399544384194945,0.017992258436645023,-0.009610385352501326,-0.012964871853976271,0.025001267474660964,1.0,0.1411679183039433,0.09587721485560069,-0.06176604642238612,-0.11353588485365187,-0.04488022271292143,0.03882030527627494,-0.04600556643710304,-0.00851158279551525,,0.09173526377053716,0.06210777549838876,0.7635020920569684,0.4530694766704148,defense_space/space
ear_3d,-0.014766257569930382,0.0015291963557287978,0.0190671407561322,-0.010272761527777669,0.2408355796851061,0.0494150092483476,1.0,-0.039539223392940824,-0.06667029544601571,0.0259404995678505,0.12644715135501053,0.09830913004958472,-0.04302999279477448,-0.06784072335991959,,-0.006120680063034885,-0.00877760282605627,0.157731179761431,0.11647583777005635,defense_space/space
ebit_ev,-0.12917410564455978,0.005317403430674416,0.3034459641755736,0.40596579581180453,0.11389976027082031,0.0890209170279627,0.014893797304632972,1.0,0.25714063234546014,-0.2492917149791156,-0.2158573133187474,-0.09681135887863808,-0.4187402584169407,0.6324454860521267,,0.20395578130815142,-0.4195886437939066,0.16528562780179126,0.22015561904648812,defense_space/space
gross_profitability,-0.10894085846837159,0.12388924434880642,0.2384148171732337,0.5528567745359726,0.11614122666883167,-0.11188503362104726,-0.01653024825620159,0.16637549557897777,1.0,-0.03696704779476057,-0.05421246831519215,-0.0034157904621042244,-0.23832430704973168,0.26411317290773506,,0.041258154283189366,-0.021571528735296424,0.06823822317339197,0.1484400780856757,defense_space/space
idio_vol_60d,0.03975493448583236,0.2899485956224529,-0.2679443480067264,-0.3189159014777595,-0.5089891426371335,-0.061571969731387496,0.05320536171398246,-0.17854794546653158,-0.06837975901556231,1.0,0.6311789087948462,-0.12530595304265718,0.21690791038403487,-0.13632929445005698,,-0.36306371026238876,0.2898252603094964,-0.1473900092983521,-0.28927445792505596,defense_space/space
max_ret_21d,0.02538759746685232,0.15054268715490418,-0.16466517885585305,-0.23360387497148402,-0.25053066077244646,0.011468573581230412,0.18451450968635524,-0.1496425126261097,-0.053028727128849026,0.6335982325915396,1.0,-0.1354796416639592,0.1558702371046158,-0.1573335646425504,,-0.224010334707578,0.23847584478668568,-0.06629505068856176,-0.15815012657320565,defense_space/space
mom_12_1,0.0037645491225107093,-0.003255910232862384,-0.014338205594968819,-0.02430999072607107,0.5119823734821193,-0.02669939746908815,0.1207530634141468,-0.0439258462726334,0.0050079910220241185,-0.08660449798856662,-0.11615015936785072,1.0,-0.06989892594552202,-0.19947489761470605,,0.08272431065659475,0.11728131991374718,0.059578100371913495,0.13916536251438658,defense_space/space
net_debt_ebitda,0.056125750271486356,0.04232695681425309,-0.194721617576118,-0.23683063446246455,-0.11810716611172006,-0.0634407238828325,-0.05044380268448926,-0.3673891960318782,-0.16944649054529629,0.1485019792739471,0.09392476211716608,-0.05134496176145471,1.0,-0.30546278202201366,,-0.18825957671018437,0.08567777292694397,-0.05452816478580221,-0.27670961700506674,defense_space/space
ocf_ev,-0.12364364555310375,0.2046180923724873,0.2046278284366005,0.4292497690607128,-0.016873393831646252,0.02705178096126892,-0.035589773859769774,0.6332099767557025,0.23451470013066067,-0.07806011592627342,-0.10657293197143448,-0.14378765148262956,-0.26834855438695543,1.0,,-0.12951321061608856,-0.3501907215286142,0.026968525539825084,0.018201534720608294,defense_space/space
profitable_growth,0.13498062812200612,-0.46370805199351744,0.4536060021685207,0.42088713096617064,0.21516223436339024,0.025066771838368987,0.00014835962091661116,0.11351575657720503,0.05511017314711398,-0.3492045043785947,-0.21047273034993244,0.057543246374532085,-0.1864620673146316,-0.2038597043309102,,1.0,-0.20313283227151663,0.17310367550390016,0.37960398615120083,defense_space/space
share_issuance,0.3447177031633378,-0.03843530986479106,-0.08692105419685282,-0.17750330209796547,-0.03576526487876815,0.13441889583916466,0.04396947924266467,-0.2374344207234198,-0.15071804765040625,0.14342252239235076,0.11486245424252267,0.09342628798908857,0.027688633323000787,-0.23019523539805084,,-0.019571224972750375,1.0,-0.03922587896766001,-0.13523093760962782,defense_space/space
sue,-0.07293404988376796,-0.04878720293489833,0.10462157691888581,0.15849251473104511,0.11910352424792116,0.5153981685155085,0.14531149580932948,0.18605996565834432,0.07091904710310688,-0.12358867848889608,-0.05615906328318024,0.026051870732129192,-0.015533107519644302,0.05992831463844385,,0.15074205961536485,-0.027342985807130193,1.0,0.5467364473023757,defense_space/space
sue_announce,-0.11100658808729424,-0.2184649512389099,0.20285574901937733,0.15521324473247236,0.25058678158985365,0.37555237168946104,0.10352233792038283,0.18514434668608404,0.19846444783339579,-0.25112262850672307,-0.11394058669008675,0.07276358238638794,-0.26236071544374584,-0.015435506613512649,,0.38580754132097383,-0.16439291646473358,0.5493724634026268,1.0,defense_space/space
