factor,coef,nw_t,economic_magnitude,avg_r2,avg_adj_r2,months,scope,horizon,variant,target
asset_growth,0.0005561228354501874,0.792418909224414,0.0005561228354501874,0.06079783402984578,0.05495881540689817,182,havuz,21,ols_rank_normal,tema_arındırılmış
asset_growth,0.0009838011177574556,1.0549113576927787,0.0009838011177574556,0.07511717647742458,0.06935691583646492,182,havuz,21,ols_rank_normal,ham
asset_growth,6.9832835955939e-05,0.05092565115535363,3.738082770977919e-05,0.061057242324586786,0.05521776612920823,182,havuz,21,ols_winsorized_raw,tema_arındırılmış
asset_growth,0.0002858132596654117,0.1702643552146434,0.0001529930164008256,0.07508925403965173,0.06932803976974357,182,havuz,21,ols_winsorized_raw,ham
asset_growth,-0.0002658099249238268,-0.2826167073931148,-0.0002658099249238268,0.11635854509051875,0.11097780675401236,182,havuz,21,wls_sqrt_mcap,tema_arındırılmış
asset_growth,0.000451693557888188,0.40041038186291883,0.000451693557888188,0.1339509077666808,0.1286720537234753,182,havuz,21,wls_sqrt_mcap,ham
asset_growth,-4.027208152873098e-05,-0.01983007225567932,-4.027208152873098e-05,0.04783242181988564,0.04182626057573191,180,havuz,63,ols_rank_normal,tema_arındırılmış
asset_growth,0.0016042940590585198,0.5799046597407311,0.0016042940590585198,0.06086909929299748,0.05492916722605311,180,havuz,63,ols_rank_normal,ham
asset_growth,0.0002608188235507617,0.0723257521461318,0.00013897050776055006,0.048158347346134264,0.042149316956328294,180,havuz,63,ols_winsorized_raw,tema_arındırılmış
asset_growth,0.001355133416874565,0.2969862842999477,0.0007220474981925339,0.06151707872263429,0.05557750121595798,180,havuz,63,ols_winsorized_raw,ham
asset_growth,-0.0017703267595991878,-0.6555181549701451,-0.0017703267595991878,0.10680436118915043,0.10128159295684785,180,havuz,63,wls_sqrt_mcap,tema_arındırılmış
asset_growth,0.0013001287929174795,0.3769552535719337,0.0013001287929174795,0.12668300227105259,0.12126570640144708,180,havuz,63,wls_sqrt_mcap,ham
asset_growth,-0.0002430143263908825,-0.059875392315459894,-0.0002430143263908825,0.041820221282971984,0.03574592552169545,177,havuz,126,ols_rank_normal,tema_arındırılmış
asset_growth,0.003695896199977841,0.6281817671680482,0.003695896199977841,0.05606951168970388,0.05007478470275842,177,havuz,126,ols_rank_normal,ham
asset_growth,0.0027312568441092973,0.4045443933913572,0.0014460827244637184,0.04167466430187927,0.035596752295732614,177,havuz,126,ols_winsorized_raw,tema_arındırılmış
asset_growth,0.0067683000485965344,0.7539101881269701,0.0035835230199502705,0.05559562502159196,0.049598567640795635,177,havuz,126,ols_winsorized_raw,ham
asset_growth,-0.001572124628928314,-0.2857875492490154,-0.001572124628928314,0.0906742962006015,0.08497648072174113,177,havuz,126,wls_sqrt_mcap,tema_arındırılmış
asset_growth,0.005539060687955649,0.7696671761978284,0.005539060687955649,0.10277189945294318,0.0971525879145138,177,havuz,126,wls_sqrt_mcap,ham
capex_at,0.00017197659761352107,0.28855810344120764,0.00017197659761352107,0.0572712017134011,0.05114337523125402,182,havuz,21,ols_rank_normal,tema_arındırılmış
capex_at,0.0006213986857113257,0.45398104235672426,0.0006213986857113257,0.083971638151566,0.07800815037799057,182,havuz,21,ols_rank_normal,ham
capex_at,0.00886837367313725,0.580672835750118,0.00041850883282283,0.059173030240887756,0.05306115454653718,182,havuz,21,ols_winsorized_raw,tema_arındırılmış
capex_at,0.013718723671127543,0.4188530034582206,0.0006474024711896759,0.08781221385842208,0.08188402460840043,182,havuz,21,ols_winsorized_raw,ham
capex_at,-0.0006394087023543279,-0.8520672457268686,-0.0006394087023543279,0.1112126188533226,0.10554863566156368,182,havuz,21,wls_sqrt_mcap,tema_arındırılmış
capex_at,7.205965988469696e-05,0.058100798006456546,7.205965988469696e-05,0.1386304050533451,0.1331397456316399,182,havuz,21,wls_sqrt_mcap,ham
capex_at,0.001597448236661554,1.0099193280250969,0.001597448236661554,0.04421824891253331,0.03792924222084269,180,havuz,63,ols_rank_normal,tema_arındırılmış
capex_at,0.0028726090957587247,0.7634291037296942,0.0028726090957587247,0.06953408725614252,0.06339442544483652,180,havuz,63,ols_rank_normal,ham
capex_at,0.047801604312968295,1.0863335978546176,0.002257094702069664,0.0467689468784786,0.040498498772140734,180,havuz,63,ols_winsorized_raw,tema_arındırılmış
capex_at,0.058654763166169785,0.6087685231337198,0.0027695588274972652,0.07374627832948638,0.06764122069459269,180,havuz,63,ols_winsorized_raw,ham
capex_at,-0.0011254121965528527,-0.5818358018254047,-0.0011254121965528527,0.10086052199676057,0.09505800813812978,180,havuz,63,wls_sqrt_mcap,tema_arındırılmış
capex_at,0.0008127582346214656,0.22329212569077947,0.0008127582346214656,0.13178881383204874,0.12616891142882397,180,havuz,63,wls_sqrt_mcap,ham
capex_at,0.0022681531033278295,0.6737233151474831,0.0022681531033278295,0.03781502811471926,0.031455063310018044,177,havuz,126,ols_rank_normal,tema_arındırılmış
capex_at,0.003492844717922852,0.4720822442878333,0.003492844717922852,0.06212276397180309,0.05592264791183759,177,havuz,126,ols_rank_normal,ham
capex_at,0.09562631186617103,1.0342529939457155,0.004517724282021832,0.04094034035751752,0.03460629591377194,177,havuz,126,ols_winsorized_raw,tema_arındırılmış
capex_at,0.09784525379896701,0.4795559972656567,0.004622554925958181,0.06856077884665789,0.062410922650580986,177,havuz,126,ols_winsorized_raw,ham
capex_at,-0.003114366858588267,-0.7243423186451604,-0.003114366858588267,0.08331856437099182,0.07732057201327826,177,havuz,126,wls_sqrt_mcap,tema_arındırılmış
capex_at,-4.432195404303261e-05,-0.005903747093808895,-4.432195404303261e-05,0.10558301997263667,0.09975630944209955,177,havuz,126,wls_sqrt_mcap,ham
cash_runway_years,-0.002351360595761858,-1.5392195334428556,-0.002351360595761858,0.047036240146277296,0.010649283802069354,174,havuz,21,ols_rank_normal,tema_arındırılmış
cash_runway_years,-0.002504759011246061,-1.5948002811407134,-0.002504759011246061,0.05225623085203411,0.01597072181278571,174,havuz,21,ols_rank_normal,ham
cash_runway_years,-0.00024512032983907894,-0.4812490203605225,-0.0006916300363592341,0.046080744122249696,0.009542251250626336,174,havuz,21,ols_winsorized_raw,tema_arındırılmış
cash_runway_years,-0.00023469923023771726,-0.44623392609308643,-0.0006622259249135425,0.05215860117505317,0.015771535511516815,174,havuz,21,ols_winsorized_raw,ham
cash_runway_years,0.000505294780424153,0.3266497148758662,0.000505294780424153,0.06974978164060189,0.03392334679234172,174,havuz,21,wls_sqrt_mcap,tema_arındırılmış
cash_runway_years,8.843820163837464e-06,0.0057023151965815205,8.843820163837464e-06,0.07235102451130505,0.036597532186754336,174,havuz,21,wls_sqrt_mcap,ham
cash_runway_years,-0.007338711200210105,-1.8067270458167217,-0.007338711200210105,0.04579592237189955,0.009114403552547286,172,havuz,63,ols_rank_normal,tema_arındırılmış
cash_runway_years,-0.007852437774567476,-1.8027312420603367,-0.007852437774567476,0.05028998156509491,0.013767625090072651,172,havuz,63,ols_rank_normal,ham
cash_runway_years,-0.0010088441976844594,-0.7504016458349425,-0.0028462986702068207,0.04344875297996767,0.006515967665907245,172,havuz,63,ols_winsorized_raw,tema_arındırılmış
cash_runway_years,-0.0009385565416006731,-0.6535893767724118,-0.002647992863916394,0.04871164395958632,0.01194258383514657,172,havuz,63,ols_winsorized_raw,ham
cash_runway_years,0.00038638817603155054,0.09031820338337486,0.00038638817603155054,0.06271326309429334,0.02627313729224588,172,havuz,63,wls_sqrt_mcap,tema_arındırılmış
cash_runway_years,-0.0008045153458651106,-0.1744113513393389,-0.0008045153458651106,0.07231683507081207,0.03616806840563381,172,havuz,63,wls_sqrt_mcap,ham
cash_runway_years,-0.009552615917994969,-1.3403500807123023,-0.009552615917994969,0.044478348715716924,0.007506127161618624,169,havuz,126,ols_rank_normal,tema_arındırılmış
cash_runway_years,-0.010497606533978633,-1.3420192023928024,-0.010497606533978633,0.0489620127984546,0.012174634233927043,169,havuz,126,ols_rank_normal,ham
cash_runway_years,-0.0008179533736988754,-0.3188973233868009,-0.002307620505745853,0.04255192868734891,0.005348774465931199,169,havuz,126,ols_winsorized_raw,tema_arındırılmış
cash_runway_years,-0.0005598443740516542,-0.20079330449690352,-0.0015794400990681128,0.047518794910792195,0.010496846420609737,169,havuz,126,ols_winsorized_raw,ham
cash_runway_years,0.0009063913610487551,0.11404048987498802,0.0009063913610487551,0.05856563834667707,0.021987767458674343,169,havuz,126,wls_sqrt_mcap,tema_arındırılmış
cash_runway_years,-0.0016097785839551504,-0.1821330157821698,-0.0016097785839551504,0.06795291665456853,0.03167026830940564,169,havuz,126,wls_sqrt_mcap,ham
cop_at,0.0001888217518707503,0.27504442711287874,0.0001888217518707503,0.07496394526086489,0.06800185347905825,182,havuz,21,ols_rank_normal,tema_arındırılmış
cop_at,0.00038831496286976456,0.5267327038083617,0.00038831496286976456,0.08421770131224299,0.07730917964364728,182,havuz,21,ols_rank_normal,ham
cop_at,0.0017568052924233273,0.19903252052790374,0.00012136146414605059,0.07491932829288467,0.06795791840990513,182,havuz,21,ols_winsorized_raw,tema_arındırılmış
cop_at,0.004250948341886665,0.4385006496779474,0.00029365878905621937,0.08545047413293137,0.07855092977410111,182,havuz,21,ols_winsorized_raw,ham
cop_at,0.002087105878807761,2.2566466867185113,0.002087105878807761,0.12940269423368045,0.12294146053566513,182,havuz,21,wls_sqrt_mcap,tema_arındırılmış
cop_at,0.0020280716467071993,2.1657683714726232,0.0020280716467071993,0.14802989811800393,0.14169118025530572,182,havuz,21,wls_sqrt_mcap,ham
cop_at,-0.00014546219663987573,-0.07592364114646996,-0.00014546219663987573,0.06300986602268224,0.05589265110922284,180,havuz,63,ols_rank_normal,tema_arındırılmış
cop_at,-0.00035492690740563965,-0.17162318116102043,-0.00035492690740563965,0.0723490915588577,0.06528560000562304,180,havuz,63,ols_rank_normal,ham
cop_at,-0.007978060909928345,-0.32566931688329037,-0.0005492710108789003,0.0630224118797452,0.055907700011245134,180,havuz,63,ols_winsorized_raw,tema_arındırılmış
cop_at,-0.01076709069853674,-0.39361004823040624,-0.0007412892504806907,0.07370490780645048,0.06665203161388765,180,havuz,63,ols_winsorized_raw,ham
cop_at,0.004895242488631885,2.089930310778498,0.004895242488631885,0.12303971966243428,0.11646503709600647,180,havuz,63,wls_sqrt_mcap,tema_arındırılmış
cop_at,0.004178491220065173,1.6798940013744537,0.004178491220065173,0.13880913841172082,0.13233127819708437,180,havuz,63,wls_sqrt_mcap,ham
cop_at,-0.0012412184519945053,-0.3019479021392627,-0.0012412184519945053,0.05577262295313282,0.04856072921900875,177,havuz,126,ols_rank_normal,tema_arındırılmış
cop_at,-0.0017143878253176475,-0.40933059191735055,-0.0017143878253176475,0.06173454200584461,0.054562322261916624,177,havuz,126,ols_rank_normal,ham
cop_at,-0.030085525838422562,-0.6075390801204453,-0.0020637854827332677,0.055526174944724706,0.04831397796189874,177,havuz,126,ols_winsorized_raw,tema_arındırılmış
cop_at,-0.03715403008040658,-0.7174969812463823,-0.0025486657044581874,0.06262501576993537,0.055459493138421086,177,havuz,126,ols_winsorized_raw,ham
cop_at,0.0073120554919469056,1.6728561308689414,0.0073120554919469056,0.10589852818645329,0.09910596184743196,177,havuz,126,wls_sqrt_mcap,tema_arındırılmış
cop_at,0.005423383765626216,1.1891455385035934,0.005423383765626216,0.10844711135494578,0.10169002170459102,177,havuz,126,wls_sqrt_mcap,ham
dist_52w_high,0.0016184509941457666,1.3735874947002449,0.0016184509941457666,0.06496819750110486,0.05938213647286964,182,havuz,21,ols_rank_normal,tema_arındırılmış
dist_52w_high,0.00281621525181553,1.8237869098863273,0.00281621525181553,0.08214637182109819,0.07665229107034811,182,havuz,21,ols_rank_normal,ham
dist_52w_high,0.01350923807051583,1.8157486708057466,0.0022924439813150686,0.06840289406643559,0.06283570127494231,182,havuz,21,ols_winsorized_raw,tema_arındırılmış
dist_52w_high,0.019904823883969667,2.1204914761770715,0.0033777399934591832,0.08690108914824385,0.08143194021463812,182,havuz,21,ols_winsorized_raw,ham
dist_52w_high,0.0017954993082087206,1.3827788153002825,0.0017954993082087206,0.12139865223485609,0.11623237263226495,182,havuz,21,wls_sqrt_mcap,tema_arındırılmış
dist_52w_high,0.0027103166910363925,1.692829188137287,0.0027103166910363925,0.1442572919084113,0.13922168383675507,182,havuz,21,wls_sqrt_mcap,ham
dist_52w_high,0.00554795638463915,2.300016314266218,0.00554795638463915,0.04913959209282747,0.04340712974587851,180,havuz,63,ols_rank_normal,tema_arındırılmış
dist_52w_high,0.00888281115068395,2.670843437102267,0.00888281115068395,0.06423724614339367,0.05858144781615911,180,havuz,63,ols_rank_normal,ham
dist_52w_high,0.042839849538092695,2.7241509344019175,0.007259714152292412,0.05215159382037594,0.04643527410825892,180,havuz,63,ols_winsorized_raw,tema_arındırılmış
dist_52w_high,0.06160273343939646,3.019079335641612,0.010439304539858906,0.06880433407505834,0.06317232626806754,180,havuz,63,ols_winsorized_raw,ham
dist_52w_high,0.006300881568179148,2.1432384657345294,0.006300881568179148,0.10781358498251423,0.10252273175029707,180,havuz,63,wls_sqrt_mcap,tema_arındırılmış
dist_52w_high,0.00881300328734394,2.4929199479321675,0.00881300328734394,0.1286096725471901,0.12342544180810193,180,havuz,63,wls_sqrt_mcap,ham
dist_52w_high,0.011336344666799569,2.7186749705540922,0.011336344666799569,0.0403643960594061,0.03454212162528821,177,havuz,126,ols_rank_normal,tema_arındırılmış
dist_52w_high,0.016918997985730214,2.9337324089444645,0.016918997985730214,0.055130446400893075,0.049386338246334247,177,havuz,126,ols_rank_normal,ham
dist_52w_high,0.07995399395604591,2.969440641049495,0.013517907005483951,0.043279049356281185,0.03747196243996905,177,havuz,126,ols_winsorized_raw,tema_arındırılmış
dist_52w_high,0.11713414737101471,3.2198583071715863,0.01980399518501222,0.059987242528672116,0.05426821607142397,177,havuz,126,ols_winsorized_raw,ham
dist_52w_high,0.014293934388155788,2.87133595146017,0.014293934388155788,0.0907123819873408,0.08524413558340042,177,havuz,126,wls_sqrt_mcap,tema_arındırılmış
dist_52w_high,0.017153132450046613,2.8991974429698586,0.017153132450046613,0.10289010545482195,0.09750769777870702,177,havuz,126,wls_sqrt_mcap,ham
droe,0.0008825899833588065,1.6221850744070465,0.0008825899833588065,0.0542859177170556,0.04297124763417282,182,havuz,21,ols_rank_normal,tema_arındırılmış
droe,0.0009643246798479065,1.628122322338139,0.0009643246798479065,0.067278724426189,0.056123612774438315,182,havuz,21,ols_rank_normal,ham
droe,0.0037113224824013155,0.8442430026790686,0.00046855807846773946,0.05340142097807417,0.04207096649696895,182,havuz,21,ols_winsorized_raw,tema_arındırılmış
droe,0.003952709850582314,0.82905791112455,0.0004990334688272678,0.06631450833504773,0.055138995555101926,182,havuz,21,ols_winsorized_raw,ham
droe,0.00023089940930398593,0.2454815678026266,0.00023089940930398593,0.11995071472315667,0.10956457072078397,182,havuz,21,wls_sqrt_mcap,tema_arındırılmış
droe,0.0005225770530363061,0.5369752308527417,0.0005225770530363061,0.14269297216274343,0.13260385999575933,182,havuz,21,wls_sqrt_mcap,ham
droe,0.0031351063784708743,2.316909555060379,0.0031351063784708743,0.049058898555782014,0.03759993790719845,180,havuz,63,ols_rank_normal,tema_arındırılmış
droe,0.0038262093284102626,2.529951062133249,0.0038262093284102626,0.060275941422402765,0.04894388736345696,180,havuz,63,ols_rank_normal,ham
droe,0.01773028924811195,1.5526088197174823,0.0022319504179865828,0.04732679572802705,0.03585186441578565,180,havuz,63,ols_winsorized_raw,tema_arındırılmış
droe,0.021271461180273538,1.5509803678167706,0.002677725445316836,0.05916824168115672,0.047822426447880616,180,havuz,63,ols_winsorized_raw,ham
droe,0.0022752664082619197,0.996265295092994,0.0022752664082619197,0.12654719047419075,0.11620051776435006,180,havuz,63,wls_sqrt_mcap,tema_arındırılmış
droe,0.003093538084832941,1.1410250727628912,0.003093538084832941,0.13870734478534247,0.12847824222427656,180,havuz,63,wls_sqrt_mcap,ham
droe,0.006602272049215462,2.355672689615727,0.006602272049215462,0.04350676431239601,0.03191568262326072,177,havuz,126,ols_rank_normal,tema_arındırılmış
droe,0.007672775308764352,2.4422178164110044,0.007672775308764352,0.05288848817540114,0.041423638933668114,177,havuz,126,ols_rank_normal,ham
droe,0.012328938281454095,0.5047782941134462,0.0015458792500201031,0.04278963144133591,0.03119599259722289,177,havuz,126,ols_winsorized_raw,tema_arındırılmış
droe,0.0128035823990811,0.49305918521479225,0.0016053930926424988,0.05242295916225598,0.04095393327425587,177,havuz,126,ols_winsorized_raw,ham
droe,0.004629473448530396,1.0112878884551786,0.004629473448530396,0.1113723788573138,0.10070286727205674,177,havuz,126,wls_sqrt_mcap,tema_arındırılmış
droe,0.006946433709822091,1.2950355133359917,0.006946433709822091,0.11584989864321167,0.1052769783683365,177,havuz,126,wls_sqrt_mcap,ham
ear_3d,-2.3513538163342652e-05,-0.0396731886080395,-2.3513538163342652e-05,0.05876355716757845,0.052581676635147415,182,havuz,21,ols_rank_normal,tema_arındırılmış
ear_3d,9.592208802541678e-05,0.16155865600347297,9.592208802541678e-05,0.06897687661721329,0.0628504291521824,182,havuz,21,ols_rank_normal,ham
ear_3d,-0.0006077074888369221,-0.08367785098205827,-5.491537617301737e-05,0.05958622957266145,0.05340853449375662,182,havuz,21,ols_winsorized_raw,tema_arındırılmış
ear_3d,0.0011150900589405096,0.15129684159903076,0.00010076490939861155,0.07007168873164382,0.06395045676405109,182,havuz,21,ols_winsorized_raw,ham
ear_3d,0.001162124287207915,1.3720306744188029,0.001162124287207915,0.10862758697721293,0.10284515307100077,182,havuz,21,wls_sqrt_mcap,tema_arındırılmış
ear_3d,0.0009456226603509184,1.3078461086117732,0.0009456226603509184,0.1249474650454977,0.11926718903950438,182,havuz,21,wls_sqrt_mcap,ham
ear_3d,-2.7163014633652346e-05,-0.022552358654935767,-2.7163014633652346e-05,0.04471246708785491,0.03838477915895463,180,havuz,63,ols_rank_normal,tema_arındırılmış
ear_3d,-6.421385437353689e-06,-0.004932695390192813,-6.421385437353689e-06,0.054547975307754154,0.04827319367081185,180,havuz,63,ols_rank_normal,ham
ear_3d,-0.003202416933475151,-0.22191179172785788,-0.00028799769666179326,0.04579474531233679,0.039472054923975756,180,havuz,63,ols_winsorized_raw,tema_arındırılmış
ear_3d,-0.0012167798495547537,-0.0764329733481648,-0.00010942666157962705,0.05617241010662042,0.04990560000543405,180,havuz,63,ols_winsorized_raw,ham
ear_3d,0.0028664413598185317,1.5334486553434894,0.0028664413598185317,0.09982186017509945,0.09394214753508423,180,havuz,63,wls_sqrt_mcap,tema_arındırılmış
ear_3d,0.001879945458696333,1.0222722103100865,0.001879945458696333,0.11420216128836524,0.10840101219959146,180,havuz,63,wls_sqrt_mcap,ham
ear_3d,0.00259626380270259,1.3421309078370234,0.00259626380270259,0.03703818828674224,0.030614259080364834,177,havuz,126,ols_rank_normal,tema_arındırılmış
ear_3d,0.001971361633676537,0.9885432856133152,0.001971361633676537,0.04601159504582827,0.03963976257666155,177,havuz,126,ols_rank_normal,ham
ear_3d,0.033754793132747485,1.502672812196635,0.003012546907369776,0.03827551000591128,0.031856809844514125,177,havuz,126,ols_winsorized_raw,tema_arındırılmış
ear_3d,0.02930998773457855,1.221086665582434,0.002615857029773586,0.04768560855223601,0.04132150308303844,177,havuz,126,ols_winsorized_raw,ham
ear_3d,0.006920137919714622,2.4085458287167683,0.006920137919714622,0.08401697135170053,0.07794579827808473,177,havuz,126,wls_sqrt_mcap,tema_arındırılmış
ear_3d,0.004380175147317359,1.5475004912812544,0.004380175147317359,0.08909332359861233,0.08307906791120924,177,havuz,126,wls_sqrt_mcap,ham
ebit_ev,0.00015676672913515595,0.11250983859369701,0.00015676672913515595,0.21001827590764977,0.18804711042820124,182,havuz,21,ols_rank_normal,tema_arındırılmış
ebit_ev,0.00015676672913515427,0.1125098385936958,0.00015676672913515427,0.21001827590764977,0.18804711042820127,182,havuz,21,ols_rank_normal,ham
ebit_ev,0.004762647494860011,0.31567013180570636,0.0009482629582536013,0.21650942249991745,0.19474598400136184,182,havuz,21,ols_winsorized_raw,tema_arındırılmış
ebit_ev,0.004762647494859998,0.3156701318057056,0.0009482629582535987,0.2165094224999175,0.19474598400136184,182,havuz,21,ols_winsorized_raw,ham
ebit_ev,0.0008023983133059111,0.5677232089143164,0.0008023983133059111,0.24062029572751276,0.2195962166915464,182,havuz,21,wls_sqrt_mcap,tema_arındırılmış
ebit_ev,0.0008023983133059111,0.5677232089143165,0.0008023983133059111,0.24062029572751278,0.21959621669154641,182,havuz,21,wls_sqrt_mcap,ham
ebit_ev,-0.0008041671299399533,-0.21149918660482395,-0.0008041671299399533,0.19790942400335584,0.1753971226441356,180,havuz,63,ols_rank_normal,tema_arındırılmış
ebit_ev,-0.0008041671299399524,-0.21149918660482372,-0.0008041671299399524,0.19790942400335584,0.1753971226441356,180,havuz,63,ols_rank_normal,ham
ebit_ev,-0.004377199190190412,-0.10356950978534474,-0.0008782379416401522,0.20465427055764,0.18234928902477746,180,havuz,63,ols_winsorized_raw,tema_arındırılmış
ebit_ev,-0.004377199190190432,-0.10356950978534521,-0.0008782379416401562,0.20465427055763996,0.1823492890247774,180,havuz,63,ols_winsorized_raw,ham
ebit_ev,0.000329056284703753,0.08973969389963775,0.000329056284703753,0.23311403297511873,0.21169406408230462,180,havuz,63,wls_sqrt_mcap,tema_arındırılmış
ebit_ev,0.00032905628470375513,0.08973969389963832,0.00032905628470375513,0.23311403297511873,0.21169406408230465,180,havuz,63,wls_sqrt_mcap,ham
ebit_ev,-0.001958360492571241,-0.29513268004745674,-0.001958360492571241,0.19733926420503062,0.1747367340875243,177,havuz,126,ols_rank_normal,tema_arındırılmış
ebit_ev,-0.0019583604925712426,-0.29513268004745696,-0.0019583604925712426,0.19733926420503056,0.1747367340875243,177,havuz,126,ols_rank_normal,ham
ebit_ev,-0.048176856538851884,-0.6425343199553551,-0.009775657452853309,0.20546665204529105,0.18311083740033576,177,havuz,126,ols_winsorized_raw,tema_arındırılmış
ebit_ev,-0.04817685653885189,-0.6425343199553553,-0.00977565745285331,0.20546665204529105,0.1831108374003357,177,havuz,126,ols_winsorized_raw,ham
ebit_ev,0.0005420716811131705,0.08189297508148696,0.0005420716811131705,0.23567266735789605,0.21424398809304385,177,havuz,126,wls_sqrt_mcap,tema_arındırılmış
ebit_ev,0.0005420716811131768,0.08189297508148785,0.0005420716811131768,0.23567266735789605,0.21424398809304382,177,havuz,126,wls_sqrt_mcap,ham
gross_profitability,0.0006758403021617887,1.03121817559256,0.0006758403021617887,0.05886237924869412,0.04929053058160523,182,havuz,21,ols_rank_normal,tema_arındırılmış
gross_profitability,0.0013188674574722012,1.261797782676878,0.0013188674574722012,0.08031467044375121,0.0709411586727727,182,havuz,21,ols_rank_normal,ham
gross_profitability,0.004235426862014096,1.2472532540821137,0.0007564225492416625,0.05800104709230493,0.04841644504404338,182,havuz,21,ols_winsorized_raw,tema_arındırılmış
gross_profitability,0.0065897343699557204,1.2881609664258695,0.001176888146895527,0.07826005495502633,0.06885782767129374,182,havuz,21,ols_winsorized_raw,ham
gross_profitability,0.0005036612783782624,0.4692639627783654,0.0005036612783782624,0.11562787512777263,0.1067405446927828,182,havuz,21,wls_sqrt_mcap,tema_arındırılmış
gross_profitability,0.0009781847271684173,0.8469463615375339,0.0009781847271684173,0.14174079947430493,0.13310033844851357,182,havuz,21,wls_sqrt_mcap,ham
gross_profitability,0.0013510770336257467,0.7706961051967142,0.0013510770336257467,0.050522679160277466,0.04078726938362884,180,havuz,63,ols_rank_normal,tema_arındırılmış
gross_profitability,0.0029981679276133025,1.000196759364122,0.0029981679276133025,0.07200356579150095,0.06246079558869137,180,havuz,63,ols_rank_normal,ham
gross_profitability,0.008762802961258354,0.9682043453019884,0.001560336328553671,0.049549735022843044,0.039800436138565314,180,havuz,63,ols_winsorized_raw,tema_arındırılmış
gross_profitability,0.015071419190565323,1.0222067149378185,0.0026836713081270776,0.06993005101224307,0.060359388306005644,180,havuz,63,ols_winsorized_raw,ham
gross_profitability,0.001625514845959763,0.580684130905044,0.001625514845959763,0.11473482772067481,0.10577386471253775,180,havuz,63,wls_sqrt_mcap,tema_arındırılmış
gross_profitability,0.001907180778965625,0.5205721057885967,0.001907180778965625,0.13444767686357417,0.12565135023520516,180,havuz,63,wls_sqrt_mcap,ham
gross_profitability,0.0012824231531759274,0.31853163382177974,0.0012824231531759274,0.04483159072773649,0.03497574273466172,177,havuz,126,ols_rank_normal,tema_arındırılmış
gross_profitability,0.003903648879280275,0.6083776389582319,0.003903648879280275,0.06630104645959788,0.05666015790064142,177,havuz,126,ols_rank_normal,ham
gross_profitability,0.01016608611867449,0.4859858951871335,0.0018032372186014827,0.04430324065017203,0.03443386305578514,177,havuz,126,ols_winsorized_raw,tema_arındırılmış
gross_profitability,0.018722415937866353,0.5732875511587109,0.003320939528466254,0.06451761487931038,0.05484702045165849,177,havuz,126,ols_winsorized_raw,ham
gross_profitability,0.002950885187704004,0.5196168349252354,0.002950885187704004,0.10136891721093176,0.09214744026355559,177,havuz,126,wls_sqrt_mcap,tema_arındırılmış
gross_profitability,0.0026475787938526284,0.3534411825631565,0.0026475787938526284,0.11174492392769049,0.10266113916978246,177,havuz,126,wls_sqrt_mcap,ham
idio_vol_60d,0.0003933124326350533,0.31322773368174356,0.0003933124326350533,0.06181610199068298,0.05621272760044411,182,havuz,21,ols_rank_normal,tema_arındırılmış
idio_vol_60d,0.001315303174555198,0.7922508107063415,0.001315303174555198,0.07814635935643931,0.07263086605215104,182,havuz,21,ols_rank_normal,ham
idio_vol_60d,0.0008722244249708078,0.16713966223201726,0.0002055437262073625,0.06280879749003634,0.05720702067374734,182,havuz,21,ols_winsorized_raw,tema_arındırılmış
idio_vol_60d,0.0015266105703233585,0.22170539838005235,0.0003597528527159875,0.08049188336237677,0.07498741765539117,182,havuz,21,ols_winsorized_raw,ham
idio_vol_60d,0.0009893622682511935,0.7071692292439758,0.0009893622682511935,0.11962386601436484,0.1144494032727139,182,havuz,21,wls_sqrt_mcap,tema_arındırılmış
idio_vol_60d,0.0017662135847091279,1.107603871543115,0.0017662135847091279,0.13840608470799545,0.13333579148025854,182,havuz,21,wls_sqrt_mcap,ham
idio_vol_60d,0.00047221256448648805,0.15474908070889498,0.00047221256448648805,0.04818528374134544,0.04245054773208338,180,havuz,63,ols_rank_normal,tema_arındırılmış
idio_vol_60d,0.0035127949667713137,0.8720185728982005,0.0035127949667713137,0.06321857703920025,0.05756505413423604,180,havuz,63,ols_rank_normal,ham
idio_vol_60d,0.0023814985707324666,0.18863366064208947,0.0005604261718837273,0.04948445438795639,0.04375318129829034,180,havuz,63,ols_winsorized_raw,tema_arındırılmış
idio_vol_60d,0.00837686786043251,0.510007357305406,0.0019712865021599066,0.06550824538683375,0.05986427261403282,180,havuz,63,ols_winsorized_raw,ham
idio_vol_60d,0.0019176140631286102,0.5785534627365081,0.0019176140631286102,0.10880803056254738,0.10352758828583383,180,havuz,63,wls_sqrt_mcap,tema_arındırılmış
idio_vol_60d,0.004635271125809809,1.2283544767889891,0.004635271125809809,0.12736633780717932,0.12218100197797774,180,havuz,63,wls_sqrt_mcap,ham
idio_vol_60d,0.004463934176361849,0.8063667658548007,0.004463934176361849,0.04075180496926667,0.03493596135546872,177,havuz,126,ols_rank_normal,tema_arındırılmış
idio_vol_60d,0.011697465381598335,1.6708460693770935,0.011697465381598335,0.05482373602139758,0.04908676387953094,177,havuz,126,ols_rank_normal,ham
idio_vol_60d,0.023306781663626343,1.0840434250898148,0.005469888444912369,0.04187437628939606,0.03606244717751062,177,havuz,126,ols_winsorized_raw,tema_arındırılmış
idio_vol_60d,0.04230031193992587,1.5044025481930927,0.009927496247046782,0.056503287365551415,0.05077422605913498,177,havuz,126,ols_winsorized_raw,ham
idio_vol_60d,0.006175281997084406,1.093911337177512,0.006175281997084406,0.09235395814555003,0.08690653792716395,177,havuz,126,wls_sqrt_mcap,tema_arındırılmış
idio_vol_60d,0.011949165013326152,1.9652381159521093,0.011949165013326152,0.10235993147796214,0.09698927964963985,177,havuz,126,wls_sqrt_mcap,ham
max_ret_21d,0.0004112612251514335,0.4445555756687004,0.0004112612251514335,0.05884551090188649,0.05321877968289542,182,havuz,21,ols_rank_normal,tema_arındırılmış
max_ret_21d,0.0004460053016165197,0.37169247835264824,0.0004460053016165197,0.07338537752093055,0.06783654014450444,182,havuz,21,ols_rank_normal,ham
max_ret_21d,0.005861876536648672,0.3225376848959826,0.00030220662371948997,0.06003293826441509,0.0544123270343125,182,havuz,21,ols_winsorized_raw,tema_arındırılmış
max_ret_21d,0.002423960490147609,0.10365607115096763,0.00012496628190257857,0.0746188142570405,0.06907705560633642,182,havuz,21,ols_winsorized_raw,ham
max_ret_21d,0.001279749877904023,1.0696853297301276,0.001279749877904023,0.11781006971188457,0.1126354103456766,182,havuz,21,wls_sqrt_mcap,tema_arındırılmış
max_ret_21d,0.0010657989151682127,0.8530093448230507,0.0010657989151682127,0.13558214314352393,0.1305102876751052,182,havuz,21,wls_sqrt_mcap,ham
max_ret_21d,0.0002917352744060137,0.1422921692075808,0.0002917352744060137,0.0455494134595157,0.03979291509836236,180,havuz,63,ols_rank_normal,tema_arındırılmış
max_ret_21d,0.0009845295165096192,0.3620992293641586,0.0009845295165096192,0.05827956350823909,0.052588827578167144,180,havuz,63,ols_rank_normal,ham
max_ret_21d,0.0010894881566620059,0.029377571587466657,5.599215885419377e-05,0.0477709141747555,0.04202785247162033,180,havuz,63,ols_winsorized_raw,tema_arındırılmış
max_ret_21d,-0.0003014060017680207,-0.006307076053224412,-1.5490184659105033e-05,0.060387248150774044,0.0547095196742693,180,havuz,63,ols_winsorized_raw,ham
max_ret_21d,0.001544386426244338,0.6086315613250813,0.001544386426244338,0.10633548805387774,0.1010466333528829,180,havuz,63,wls_sqrt_mcap,tema_arındırılmış
max_ret_21d,0.0020886251360090436,0.7580926973089369,0.0020886251360090436,0.12362908853770346,0.11842813101516714,180,havuz,63,wls_sqrt_mcap,ham
max_ret_21d,0.0007736900022580526,0.2147837639073036,0.0007736900022580526,0.03846400274109171,0.03263160910349886,177,havuz,126,ols_rank_normal,tema_arındırılmış
max_ret_21d,0.0039338311771874405,0.8691696395740912,0.0039338311771874405,0.050533964300679995,0.04476601341325808,177,havuz,126,ols_rank_normal,ham
max_ret_21d,0.04487958599777849,0.8178485439608985,0.0022934457795144763,0.03973329621984718,0.033907983224676586,177,havuz,126,ols_winsorized_raw,tema_arındırılmış
max_ret_21d,0.07272236004857485,0.9996409796786161,0.0037162729116527924,0.05188530957923895,0.04612587601496605,177,havuz,126,ols_winsorized_raw,ham
max_ret_21d,0.00131307677334921,0.30639641669936946,0.00131307677334921,0.08933103099082682,0.08386779502640665,177,havuz,126,wls_sqrt_mcap,tema_arındırılmış
max_ret_21d,0.003373935293806344,0.7824123182025717,0.003373935293806344,0.09769454548392406,0.09229601527073997,177,havuz,126,wls_sqrt_mcap,ham
mom_12_1,0.0019213356725124445,2.218351611850416,0.0019213356725124445,0.06317185469847406,0.057571541690287775,182,havuz,21,ols_rank_normal,tema_arındırılmış
mom_12_1,0.00260279778660624,2.116381125284525,0.00260279778660624,0.08216495974062349,0.07666852199943244,182,havuz,21,ols_rank_normal,ham
mom_12_1,0.002037133300890334,1.4122348756969136,0.0013726568728766044,0.06177627021567958,0.05616723296382842,182,havuz,21,ols_winsorized_raw,tema_arındırılmış
mom_12_1,0.003720945915216453,1.760875299045514,0.002507239944431575,0.07978409166193788,0.07427467983225716,182,havuz,21,ols_winsorized_raw,ham
mom_12_1,0.003823299357558831,2.732978294815875,0.003823299357558831,0.12603122690444413,0.12089903444481523,182,havuz,21,wls_sqrt_mcap,tema_arındırılmış
mom_12_1,0.003881931834851457,2.411162206071663,0.003881931834851457,0.15119015440452907,0.14620608442345434,182,havuz,21,wls_sqrt_mcap,ham
mom_12_1,0.006142910206837932,3.246922077622374,0.006142910206837932,0.04749094253802664,0.04174407715575852,180,havuz,63,ols_rank_normal,tema_arındırılmış
mom_12_1,0.00808424762082755,2.9188046344798155,0.00808424762082755,0.06343603014200061,0.05777396206988726,180,havuz,63,ols_rank_normal,ham
mom_12_1,0.008737742287939873,2.5913259869547556,0.005830485222331706,0.04726428786465486,0.0415130464890996,180,havuz,63,ols_winsorized_raw,tema_arındırılmış
mom_12_1,0.01290523557912993,2.6833684153981974,0.00861135323694319,0.06243350750004782,0.05676439947754483,180,havuz,63,ols_winsorized_raw,ham
mom_12_1,0.0117475360076588,3.770506409531219,0.0117475360076588,0.11234505517386247,0.10708387074808899,180,havuz,63,wls_sqrt_mcap,tema_arındırılmış
mom_12_1,0.012055013993212254,3.221611149609551,0.012055013993212254,0.13504538313976944,0.1299058008553363,180,havuz,63,wls_sqrt_mcap,ham
mom_12_1,0.011047355199987147,3.225435683188014,0.011047355199987147,0.040164409867040875,0.03433929411893012,177,havuz,126,ols_rank_normal,tema_arındırılmış
mom_12_1,0.013869598964917344,2.7236553807635566,0.013869598964917344,0.05470931578498227,0.048963087319444834,177,havuz,126,ols_rank_normal,ham
mom_12_1,0.018768740231803388,2.774637948926406,0.012198723411589209,0.04061797963390145,0.03479107441903668,177,havuz,126,ols_winsorized_raw,tema_arındırılmış
mom_12_1,0.024761954148428265,2.825356733947804,0.016094006633182896,0.0537483223767053,0.047993950986250464,177,havuz,126,ols_winsorized_raw,ham
mom_12_1,0.021189147143820163,3.956348303412926,0.021189147143820163,0.09444565643868982,0.08899932491077461,177,havuz,126,wls_sqrt_mcap,tema_arındırılmış
mom_12_1,0.01944640458887823,2.9509628991387475,0.01944640458887823,0.10639933601796715,0.10103637465284131,177,havuz,126,wls_sqrt_mcap,ham
net_debt_ebitda,4.007004599597511e-05,0.03531584873987698,4.007004599597511e-05,0.20302305479664387,0.17919528690388492,182,havuz,21,ols_rank_normal,tema_arındırılmış
net_debt_ebitda,4.0070045995974764e-05,0.03531584873987668,4.0070045995974764e-05,0.20302305479664393,0.17919528690388492,182,havuz,21,ols_rank_normal,ham
net_debt_ebitda,0.00022538652649036747,0.724806903921747,0.0009342887056270477,0.20885365023335095,0.18524152112529074,182,havuz,21,ols_winsorized_raw,tema_arındırılmış
net_debt_ebitda,0.00022538652649036828,0.7248069039217494,0.0009342887056270511,0.208853650233351,0.18524152112529074,182,havuz,21,ols_winsorized_raw,ham
net_debt_ebitda,0.0002839354912128345,0.2421312870820083,0.0002839354912128345,0.22965554504520255,0.2067103577200203,182,havuz,21,wls_sqrt_mcap,tema_arındırılmış
net_debt_ebitda,0.0002839354912128333,0.24213128708200723,0.0002839354912128333,0.22965554504520255,0.2067103577200203,182,havuz,21,wls_sqrt_mcap,ham
net_debt_ebitda,-0.0005935762426775673,-0.2049945845443475,-0.0005935762426775673,0.18781286961649282,0.16333993819699905,180,havuz,63,ols_rank_normal,tema_arındırılmış
net_debt_ebitda,-0.0005935762426775666,-0.20499458454434724,-0.0005935762426775666,0.18781286961649282,0.16333993819699905,180,havuz,63,ols_rank_normal,ham
net_debt_ebitda,0.0003846098363159726,0.5001524428986823,0.0015974878942265182,0.19302894204037557,0.16873139126371872,180,havuz,63,ols_winsorized_raw,tema_arındırılmış
net_debt_ebitda,0.0003846098363159724,0.5001524428986818,0.0015974878942265176,0.19302894204037552,0.16873139126371867,180,havuz,63,ols_winsorized_raw,ham
net_debt_ebitda,-0.0013837088652733035,-0.4767898085857224,-0.0013837088652733035,0.22093229584549942,0.1975725065926843,180,havuz,63,wls_sqrt_mcap,tema_arındırılmış
net_debt_ebitda,-0.0013837088652733052,-0.47678980858572295,-0.0013837088652733052,0.22093229584549942,0.1975725065926843,180,havuz,63,wls_sqrt_mcap,ham
net_debt_ebitda,-0.0011146648088142753,-0.24630948355427337,-0.0011146648088142753,0.18716693337743875,0.16258339642640118,177,havuz,126,ols_rank_normal,tema_arındırılmış
net_debt_ebitda,-0.0011146648088142762,-0.24630948355427357,-0.0011146648088142762,0.1871669333774387,0.16258339642640118,177,havuz,126,ols_rank_normal,ham
net_debt_ebitda,4.976116579398388e-05,0.04221599469630512,0.00020758710866973032,0.19087717794954745,0.1664083390055231,177,havuz,126,ols_winsorized_raw,tema_arındırılmış
net_debt_ebitda,4.9761165793973866e-05,0.042215994696296597,0.00020758710866968853,0.19087717794954745,0.16640833900552315,177,havuz,126,ols_winsorized_raw,ham
net_debt_ebitda,-0.0036023284454748767,-0.7460249996899962,-0.0036023284454748767,0.22273384200014368,0.1993514342003259,177,havuz,126,wls_sqrt_mcap,tema_arındırılmış
net_debt_ebitda,-0.0036023284454748763,-0.746024999689996,-0.0036023284454748763,0.22273384200014368,0.1993514342003259,177,havuz,126,wls_sqrt_mcap,ham
ocf_ev,0.001904536366024436,1.2378012311049473,0.001904536366024436,0.20688126751789146,0.1874562638995532,182,havuz,21,ols_rank_normal,tema_arındırılmış
ocf_ev,0.0019045363660244348,1.2378012311049467,0.0019045363660244348,0.20688126751789146,0.1874562638995531,182,havuz,21,ols_rank_normal,ham
ocf_ev,0.023169503180673623,1.3419178423962366,0.001849059689183144,0.20870853414481544,0.18936455867967028,182,havuz,21,ols_winsorized_raw,tema_arındırılmış
ocf_ev,0.023169503180673637,1.3419178423962372,0.0018490596891831451,0.20870853414481544,0.18936455867967028,182,havuz,21,ols_winsorized_raw,ham
ocf_ev,0.0024488391984799508,1.6690710669086215,0.0024488391984799508,0.23857727429349979,0.220050683799487,182,havuz,21,wls_sqrt_mcap,tema_arındırılmış
ocf_ev,0.002448839198479953,1.6690710669086224,0.002448839198479953,0.23857727429349979,0.22005068379948703,182,havuz,21,wls_sqrt_mcap,ham
ocf_ev,0.003156948418771151,0.8094304173794634,0.003156948418771151,0.19203372511456035,0.17209324691515057,180,havuz,63,ols_rank_normal,tema_arındırılmış
ocf_ev,0.00315694841877115,0.8094304173794631,0.00315694841877115,0.1920337251145603,0.17209324691515057,180,havuz,63,ols_rank_normal,ham
ocf_ev,0.03151332298450873,0.6823126227913313,0.0025152995870042732,0.19635705388456337,0.17655590354293557,180,havuz,63,ols_winsorized_raw,tema_arındırılmış
ocf_ev,0.03151332298450872,0.6823126227913312,0.002515299587004273,0.19635705388456337,0.1765559035429356,180,havuz,63,ols_winsorized_raw,ham
ocf_ev,0.004222777656225902,1.118873974882466,0.004222777656225902,0.22943145119354805,0.21056000152042528,180,havuz,63,wls_sqrt_mcap,tema_arındırılmış
ocf_ev,0.004222777656225913,1.1188739748824688,0.004222777656225913,0.22943145119354807,0.21056000152042528,180,havuz,63,wls_sqrt_mcap,ham
ocf_ev,0.005436096342427385,0.7009835267792245,0.005436096342427385,0.19181381200372155,0.17183113067786657,177,havuz,126,ols_rank_normal,tema_arındırılmış
ocf_ev,0.005436096342427384,0.7009835267792244,0.005436096342427384,0.19181381200372155,0.17183113067786657,177,havuz,126,ols_rank_normal,ham
ocf_ev,0.031579828175505364,0.3277490751944551,0.002519537384022521,0.19455687402944646,0.1746538672615977,177,havuz,126,ols_winsorized_raw,tema_arındırılmış
ocf_ev,0.03157982817550533,0.32774907519445473,0.002519537384022518,0.19455687402944638,0.17465386726159768,177,havuz,126,ols_winsorized_raw,ham
ocf_ev,0.007121261487287168,0.953241005963511,0.007121261487287168,0.23493625933406156,0.21620267742709295,177,havuz,126,wls_sqrt_mcap,tema_arındırılmış
ocf_ev,0.00712126148728718,0.9532410059635126,0.00712126148728718,0.23493625933406156,0.21620267742709293,177,havuz,126,wls_sqrt_mcap,ham
oil_beta_trend,-0.00026711631688023366,-0.11007877207938395,-0.00026711631688023366,0.15780677333880072,0.12688301197957713,182,havuz,21,ols_rank_normal,tema_arındırılmış
oil_beta_trend,-0.00026711631688023215,-0.11007877207938334,-0.00026711631688023215,0.15780677333880072,0.12688301197957713,182,havuz,21,ols_rank_normal,ham
oil_beta_trend,0.0018216054667958184,0.206213881482911,0.0006888803912341847,0.15633875173762107,0.12537473106554764,182,havuz,21,ols_winsorized_raw,tema_arındırılmış
oil_beta_trend,0.0018216054667958227,0.20621388148291153,0.0006888803912341863,0.15633875173762105,0.12537473106554764,182,havuz,21,ols_winsorized_raw,ham
oil_beta_trend,0.0007914376576053516,0.35942438883526545,0.0007914376576053516,0.18007571831842384,0.150084580134584,182,havuz,21,wls_sqrt_mcap,tema_arındırılmış
oil_beta_trend,0.0007914376576053522,0.3594243888352659,0.0007914376576053522,0.18007571831842387,0.150084580134584,182,havuz,21,wls_sqrt_mcap,ham
oil_beta_trend,-0.003222710558664105,-0.5838254145528755,-0.003222710558664105,0.15757438886926511,0.12645539995965724,180,havuz,63,ols_rank_normal,tema_arındırılmış
oil_beta_trend,-0.0032227105586641047,-0.5838254145528755,-0.0032227105586641047,0.15757438886926514,0.12645539995965724,180,havuz,63,ols_rank_normal,ham
oil_beta_trend,-0.0032086755372877306,-0.15055948834518068,-0.0012190852347831323,0.15753854987359797,0.126431848967379,180,havuz,63,ols_winsorized_raw,tema_arındırılmış
oil_beta_trend,-0.0032086755372877215,-0.15055948834518026,-0.0012190852347831289,0.15753854987359797,0.12643184896737902,180,havuz,63,ols_winsorized_raw,ham
oil_beta_trend,-0.001954983357761456,-0.37370986714193033,-0.001954983357761456,0.1823689304340676,0.15229126911838417,180,havuz,63,wls_sqrt_mcap,tema_arındırılmış
oil_beta_trend,-0.0019549833577614485,-0.373709867141929,-0.0019549833577614485,0.1823689304340676,0.15229126911838414,180,havuz,63,wls_sqrt_mcap,ham
oil_beta_trend,-0.002293598379693219,-0.2333824552088293,-0.002293598379693219,0.15909921954794287,0.12793059828099748,177,havuz,126,ols_rank_normal,tema_arındırılmış
oil_beta_trend,-0.002293598379693218,-0.23338245520882922,-0.002293598379693218,0.15909921954794287,0.12793059828099748,177,havuz,126,ols_rank_normal,ham
oil_beta_trend,0.007838542681344542,0.2134817456216108,0.0029979268784893908,0.15673148127830433,0.1254867567394245,177,havuz,126,ols_winsorized_raw,tema_arındırılmış
oil_beta_trend,0.007838542681344552,0.21348174562161107,0.0029979268784893947,0.1567314812783043,0.1254867567394245,177,havuz,126,ols_winsorized_raw,ham
oil_beta_trend,-0.001997538438813079,-0.20677584902473775,-0.001997538438813079,0.18740830971078373,0.1574606061913706,177,havuz,126,wls_sqrt_mcap,tema_arındırılmış
oil_beta_trend,-0.0019975384388130914,-0.20677584902473908,-0.0019975384388130914,0.18740830971078373,0.15746060619137056,177,havuz,126,wls_sqrt_mcap,ham
profitable_growth,1.791531963854425e-05,0.02083757879333282,1.791531963854425e-05,0.06475419783050564,0.05061033532081972,182,havuz,21,ols_rank_normal,tema_arındırılmış
profitable_growth,-7.279749380039242e-07,-0.0007949172859918383,-7.279749380039242e-07,0.07837551812483479,0.06440553600835933,182,havuz,21,ols_rank_normal,ham
profitable_growth,8.042179768351533e-05,0.03744133465281416,3.1549407461504836e-05,0.06334087110810684,0.04916677006750387,182,havuz,21,ols_winsorized_raw,tema_arındırılmış
profitable_growth,5.759468177974891e-06,0.0025168381558790718,2.2594347993012685e-06,0.07750687396637125,0.06351205586483923,182,havuz,21,ols_winsorized_raw,ham
profitable_growth,0.0007427755770481015,0.7901548073047222,0.0007427755770481015,0.12558286762363333,0.11254454452794951,182,havuz,21,wls_sqrt_mcap,tema_arındırılmış
profitable_growth,0.0007245656360009738,0.7279003858402724,0.0007245656360009738,0.15032088350587208,0.13763978390356912,182,havuz,21,wls_sqrt_mcap,ham
profitable_growth,0.0016206373422771691,0.6104125546879263,0.0016206373422771691,0.059741745444903356,0.04542916532236638,180,havuz,63,ols_rank_normal,tema_arındırılmış
profitable_growth,0.0015986928637565258,0.5548718176453216,0.0015986928637565258,0.07229297663305478,0.05812403060425194,180,havuz,63,ols_rank_normal,ham
profitable_growth,0.004415032338704135,0.6665679508575845,0.0017321021771694932,0.05820541705801513,0.04386757061612324,180,havuz,63,ols_winsorized_raw,tema_arındırılmış
profitable_growth,0.00438485244523779,0.6126649712981728,0.0017202620239906508,0.07125692674264093,0.05706491085894114,180,havuz,63,ols_winsorized_raw,ham
profitable_growth,0.0027740625154542386,1.0384733646324302,0.0027740625154542386,0.1294318028546117,0.11641635970588303,180,havuz,63,wls_sqrt_mcap,tema_arındırılmış
profitable_growth,0.0030112476665451133,1.05123225783664,0.0030112476665451133,0.14298721768815628,0.13009338333877848,180,havuz,63,wls_sqrt_mcap,ham
profitable_growth,0.0012696168573474282,0.24292253371220338,0.0012696168573474282,0.05886439165183921,0.04451272801486566,177,havuz,126,ols_rank_normal,tema_arındırılmış
profitable_growth,0.0011180163567305519,0.1920964422696034,0.0011180163567305519,0.06707616447745021,0.052821103097800484,177,havuz,126,ols_rank_normal,ham
profitable_growth,0.0038715009016893937,0.30062690177871176,0.0015183581316027068,0.05720254722750199,0.0428159497314257,177,havuz,126,ols_winsorized_raw,tema_arındırılmış
profitable_growth,0.003532524999418637,0.24654838546186572,0.0013854156809356862,0.06598625694074273,0.05170066547342526,177,havuz,126,ols_winsorized_raw,ham
profitable_growth,0.00304545480256589,0.5858580109402785,0.00304545480256589,0.11718878376446135,0.1037811198000371,177,havuz,126,wls_sqrt_mcap,tema_arındırılmış
profitable_growth,0.0025570672274281853,0.4497566910549141,0.0025570672274281853,0.12112093536506034,0.1078077583460773,177,havuz,126,wls_sqrt_mcap,ham
share_issuance,0.000649516953699005,0.7972443769927252,0.000649516953699005,0.06214195145880955,0.055979702386569734,182,havuz,21,ols_rank_normal,tema_arındırılmış
share_issuance,0.0015149209924044365,1.5226408694195075,0.0015149209924044365,0.07681356992724697,0.07073978532441597,182,havuz,21,ols_rank_normal,ham
share_issuance,0.0015628325013919045,0.38733020716870387,0.00029299111355342126,0.060759642112468724,0.054590440875431315,182,havuz,21,ols_winsorized_raw,tema_arındırılmış
share_issuance,0.00427666022850552,0.8629088609569383,0.0008017643871134507,0.07477776538869549,0.06869370719124895,182,havuz,21,ols_winsorized_raw,ham
share_issuance,0.0013157678144092562,1.256310091266406,0.0013157678144092562,0.12553548561074165,0.11991401275916815,182,havuz,21,wls_sqrt_mcap,tema_arındırılmış
share_issuance,0.0017780764615908152,1.704327489618495,0.0017780764615908152,0.14026456324888653,0.1347374900922001,182,havuz,21,wls_sqrt_mcap,ham
share_issuance,0.0005232982831822045,0.2455473887288584,0.0005232982831822045,0.04849800594571229,0.042156991189656774,180,havuz,63,ols_rank_normal,tema_arındırılmış
share_issuance,0.0029513339699681882,1.0810013017591908,0.0029513339699681882,0.06160226989842678,0.05533540788802423,180,havuz,63,ols_rank_normal,ham
share_issuance,-0.0009023688568926356,-0.09228215512512392,-0.00016875066990661456,0.047419439326707925,0.0410735373181322,180,havuz,63,ols_winsorized_raw,tema_arındırılmış
share_issuance,0.008564456158287234,0.6806072911006088,0.001601626322825056,0.05958480617261918,0.05330721892032641,180,havuz,63,ols_winsorized_raw,ham
share_issuance,0.0025265643871456096,1.0296865281735357,0.0025265643871456096,0.11678356967264066,0.11101382361434982,180,havuz,63,wls_sqrt_mcap,tema_arındırılmış
share_issuance,0.0039161696899412055,1.6301959336180742,0.0039161696899412055,0.1308905566352917,0.12519543354262064,180,havuz,63,wls_sqrt_mcap,ham
share_issuance,0.0006959486592362278,0.16900070583319016,0.0006959486592362278,0.04204954690494056,0.03563387000805782,177,havuz,126,ols_rank_normal,tema_arındırılmış
share_issuance,0.007196743289859914,1.3415999583083948,0.007196743289859914,0.05474342135955908,0.04840166362631501,177,havuz,126,ols_rank_normal,ham
share_issuance,0.0036621432386150445,0.23410717819106164,0.0006811654403258404,0.041011073711625316,0.034589873033669526,177,havuz,126,ols_winsorized_raw,tema_arındırılmış
share_issuance,0.02899090559815734,1.4280114038374885,0.005392362256338695,0.05259499236401437,0.046242316210450114,177,havuz,126,ols_winsorized_raw,ham
share_issuance,0.006811867056457928,1.9259316259469956,0.006811867056457928,0.09560701323790871,0.08961645709421824,177,havuz,126,wls_sqrt_mcap,tema_arındırılmış
share_issuance,0.009663986491525245,2.8773799194030203,0.009663986491525245,0.09854779674357947,0.0925807919684999,177,havuz,126,wls_sqrt_mcap,ham
sue,0.0010856513820713997,2.069891917410028,0.0010856513820713997,0.057930753793772466,0.04649433531310913,182,havuz,21,ols_rank_normal,tema_arındırılmış
sue,0.0010064981680170447,1.7643552481095859,0.0010064981680170447,0.07029539857863211,0.059039223206117875,182,havuz,21,ols_rank_normal,ham
sue,0.0006902698790812455,1.5723841080108163,0.0008480087221687798,0.057946311820210004,0.046521453028829644,182,havuz,21,ols_winsorized_raw,tema_arındırılmış
sue,0.0006073475677982554,1.2899009708052616,0.0007461372000853229,0.07090516008849321,0.059666027126448806,182,havuz,21,ols_winsorized_raw,ham
sue,3.0684555832739223e-06,0.003483367910991803,3.0684555832739223e-06,0.12125476456764478,0.11069170534403311,182,havuz,21,wls_sqrt_mcap,tema_arındırılmış
sue,-0.0001693958012632936,-0.18675658643262588,-0.0001693958012632936,0.14350520640869477,0.13325861104782122,182,havuz,21,wls_sqrt_mcap,ham
sue,0.0032892568313543855,2.429320469187821,0.0032892568313543855,0.05196147540263783,0.04027897815193468,180,havuz,63,ols_rank_normal,tema_arındırılmış
sue,0.0031422718112586938,2.1966854547813597,0.0031422718112586938,0.06168333549560197,0.05008130261351054,180,havuz,63,ols_rank_normal,ham
sue,0.0023760927406165132,2.0771369748938513,0.002918864302681939,0.05104140420558106,0.03934286741590794,180,havuz,63,ols_winsorized_raw,tema_arındırılmış
sue,0.0022713103076655943,1.8784240839549275,0.0027901463878209037,0.06168925323408966,0.05007869275475676,180,havuz,63,ols_winsorized_raw,ham
sue,0.0010924403502991142,0.48771643945651855,0.0010924403502991142,0.12600259385300086,0.1153488001508992,180,havuz,63,wls_sqrt_mcap,tema_arındırılmış
sue,0.00011485091304529784,0.0480679091093693,0.00011485091304529784,0.13607175486919562,0.12547516739751735,180,havuz,63,wls_sqrt_mcap,ham
sue,0.008353073042089536,2.854255047307971,0.008353073042089536,0.046427266975035075,0.03456173594286727,177,havuz,126,ols_rank_normal,tema_arındırılmış
sue,0.0077091521020895976,2.538789183749367,0.0077091521020895976,0.054409153920711384,0.042662733250082234,177,havuz,126,ols_rank_normal,ham
sue,0.00638535868003884,2.6663125227744593,0.007846870772191435,0.04595275509097536,0.034080013879933625,177,havuz,126,ols_winsorized_raw,tema_arındırılmış
sue,0.005747358383483917,2.291396184134542,0.007062841850631175,0.05487167947522281,0.04312393592830177,177,havuz,126,ols_winsorized_raw,ham
sue,0.0036627227331626202,0.7988822321924377,0.0036627227331626202,0.11118116626620428,0.10017502055016418,177,havuz,126,wls_sqrt_mcap,tema_arındırılmış
sue,0.002299931696026806,0.4946146965732017,0.002299931696026806,0.11291388908933755,0.10198203848421165,177,havuz,126,wls_sqrt_mcap,ham
sue_announce,0.0013255135654129716,2.567371570278715,0.0013255135654129716,0.07337439613140712,0.062418429355881815,182,havuz,21,ols_rank_normal,tema_arındırılmış
sue_announce,0.0020289693392047487,2.874150862071635,0.0020289693392047487,0.08716896868939383,0.07634294718288176,182,havuz,21,ols_rank_normal,ham
sue_announce,0.0007948416932474481,2.264067723562454,0.0011579007971778863,0.07285835286316142,0.06189340335016726,182,havuz,21,ols_winsorized_raw,tema_arındırılmış
sue_announce,0.0012731833839859264,2.599478415537331,0.00185473417888761,0.08763530216452284,0.0768129433143917,182,havuz,21,ols_winsorized_raw,ham
sue_announce,0.0022366014565885035,3.2367475461396005,0.0022366014565885035,0.13426811040074627,0.12416330043865632,182,havuz,21,wls_sqrt_mcap,tema_arındırılmış
sue_announce,0.0029295320212866563,3.2210259212681605,0.0029295320212866563,0.15664879782293537,0.14677559604089738,182,havuz,21,wls_sqrt_mcap,ham
sue_announce,0.0046101108753786625,3.6227161029585835,0.0046101108753786625,0.05744970298841273,0.04618900864497817,180,havuz,63,ols_rank_normal,tema_arındırılmış
sue_announce,0.00632108368730862,3.4739967472482487,0.00632108368730862,0.06968954274041785,0.05854479605812332,180,havuz,63,ols_rank_normal,ham
sue_announce,0.002816131946838207,3.1289651145337563,0.0040976145899126945,0.05700135932387153,0.045732403780606105,180,havuz,63,ols_winsorized_raw,tema_arındırılmış
sue_announce,0.004050346073734786,3.1402951583558427,0.005893458644423659,0.07034050084899174,0.059201369399800384,180,havuz,63,ols_winsorized_raw,ham
sue_announce,0.006164389404097862,4.028580211126419,0.006164389404097862,0.12615213241800569,0.11587512928513435,180,havuz,63,wls_sqrt_mcap,tema_arındırılmış
sue_announce,0.008017082093599437,3.5439600484237594,0.008017082093599437,0.15223643342744747,0.14222591497178555,180,havuz,63,wls_sqrt_mcap,ham
sue_announce,0.008730478670251549,3.9596480119645623,0.008730478670251549,0.05072569828249865,0.03930770825269847,177,havuz,126,ols_rank_normal,tema_arındırılmış
sue_announce,0.012227638342047775,3.775569874145345,0.012227638342047775,0.062152202520870024,0.050851788655587,177,havuz,126,ols_rank_normal,ham
sue_announce,0.005421485577924764,3.475851565949639,0.007879607610326663,0.04964610077499661,0.038209341148269814,177,havuz,126,ols_winsorized_raw,tema_arındırılmış
sue_announce,0.008019479057261724,3.4264920954076326,0.011655541143142314,0.06224464511476943,0.05094292464103456,177,havuz,126,ols_winsorized_raw,ham
sue_announce,0.010227428675635815,3.9158878068131022,0.010227428675635815,0.114100904275848,0.10352056858554552,177,havuz,126,wls_sqrt_mcap,tema_arındırılmış
sue_announce,0.013705517033424522,3.34167854358214,0.013705517033424522,0.12675652525849923,0.11635835882226592,177,havuz,126,wls_sqrt_mcap,ham
asset_growth,-0.0022343018754521185,-2.5838887267905153,-0.0022343018754521185,0.2901708455278847,0.132682859239641,181,havuz,21,ols_rank_normal_all,tema_arındırılmış
capex_at,0.00023035494150930205,0.27188579634078325,0.00023035494150930205,0.2901708455278847,0.132682859239641,181,havuz,21,ols_rank_normal_all,tema_arındırılmış
cash_runway_years,0.005141015531525779,1.925343893034377,0.005141015531525779,0.2901708455278847,0.132682859239641,181,havuz,21,ols_rank_normal_all,tema_arındırılmış
cop_at,0.0009603517434828794,0.6954129835687365,0.0009603517434828794,0.2901708455278847,0.132682859239641,181,havuz,21,ols_rank_normal_all,tema_arındırılmış
dist_52w_high,-0.002018976195452209,-1.681515776603335,-0.002018976195452209,0.2901708455278847,0.132682859239641,181,havuz,21,ols_rank_normal_all,tema_arındırılmış
droe,8.545232452724269e-06,0.008109052037467177,8.545232452724269e-06,0.2901708455278847,0.132682859239641,181,havuz,21,ols_rank_normal_all,tema_arındırılmış
ear_3d,-4.35670997672849e-05,-0.04875180445117722,-4.35670997672849e-05,0.2901708455278847,0.132682859239641,181,havuz,21,ols_rank_normal_all,tema_arındırılmış
ebit_ev,8.187393548715472e-05,0.07258773425130756,8.187393548715472e-05,0.2901708455278847,0.132682859239641,181,havuz,21,ols_rank_normal_all,tema_arındırılmış
gross_profitability,-0.0005010232536141824,-0.488625531048797,-0.0005010232536141824,0.2901708455278847,0.132682859239641,181,havuz,21,ols_rank_normal_all,tema_arındırılmış
idio_vol_60d,0.0022623026131453343,2.24588190453999,0.0022623026131453343,0.2901708455278847,0.132682859239641,181,havuz,21,ols_rank_normal_all,tema_arındırılmış
max_ret_21d,0.0006437699796353391,0.6755599944671193,0.0006437699796353391,0.2901708455278847,0.132682859239641,181,havuz,21,ols_rank_normal_all,tema_arındırılmış
mom_12_1,0.0019485119789776982,1.7192274066718642,0.0019485119789776982,0.2901708455278847,0.132682859239641,181,havuz,21,ols_rank_normal_all,tema_arındırılmış
net_debt_ebitda,-0.0007506992700222366,-0.9123994245065237,-0.0007506992700222366,0.2901708455278847,0.132682859239641,181,havuz,21,ols_rank_normal_all,tema_arındırılmış
ocf_ev,-0.0007462430404842087,-0.4657781227896946,-0.0007462430404842087,0.2901708455278847,0.132682859239641,181,havuz,21,ols_rank_normal_all,tema_arındırılmış
profitable_growth,-0.001273843059519134,-1.2969264351332295,-0.001273843059519134,0.2901708455278847,0.132682859239641,181,havuz,21,ols_rank_normal_all,tema_arındırılmış
share_issuance,5.3079320568373216e-05,0.059559055067707554,5.3079320568373216e-05,0.2901708455278847,0.132682859239641,181,havuz,21,ols_rank_normal_all,tema_arındırılmış
sue,0.0004953966103070209,0.471253718628904,0.0004953966103070209,0.2901708455278847,0.132682859239641,181,havuz,21,ols_rank_normal_all,tema_arındırılmış
sue_announce,-0.0006844031999174867,-0.9016761600208222,-0.0006844031999174867,0.2901708455278847,0.132682859239641,181,havuz,21,ols_rank_normal_all,tema_arındırılmış
asset_growth,-0.004638330342402373,-2.3470029753127912,-0.004638330342402373,0.28074687905706375,0.12072441266736798,179,havuz,63,ols_rank_normal_all,tema_arındırılmış
capex_at,0.0010968018322765752,0.492542682191923,0.0010968018322765752,0.28074687905706375,0.12072441266736798,179,havuz,63,ols_rank_normal_all,tema_arındırılmış
cash_runway_years,0.012068459309706498,2.050660988713359,0.012068459309706498,0.28074687905706375,0.12072441266736798,179,havuz,63,ols_rank_normal_all,tema_arındırılmış
cop_at,0.0010344772633405447,0.26533069291348943,0.0010344772633405447,0.28074687905706375,0.12072441266736798,179,havuz,63,ols_rank_normal_all,tema_arındırılmış
dist_52w_high,-0.003086827587023402,-1.3414627476913747,-0.003086827587023402,0.28074687905706375,0.12072441266736798,179,havuz,63,ols_rank_normal_all,tema_arındırılmış
droe,0.0011752510243857154,0.4104604820010331,0.0011752510243857154,0.28074687905706375,0.12072441266736798,179,havuz,63,ols_rank_normal_all,tema_arındırılmış
ear_3d,-0.0016788868601731945,-0.8939930505831353,-0.0016788868601731945,0.28074687905706375,0.12072441266736798,179,havuz,63,ols_rank_normal_all,tema_arındırılmış
ebit_ev,-0.0004560871926652172,-0.18635695807554156,-0.0004560871926652172,0.28074687905706375,0.12072441266736798,179,havuz,63,ols_rank_normal_all,tema_arındırılmış
gross_profitability,-0.0011533347637463346,-0.4454244390390381,-0.0011533347637463346,0.28074687905706375,0.12072441266736798,179,havuz,63,ols_rank_normal_all,tema_arındırılmış
idio_vol_60d,0.0021422585622712996,0.946499718399551,0.0021422585622712996,0.28074687905706375,0.12072441266736798,179,havuz,63,ols_rank_normal_all,tema_arındırılmış
max_ret_21d,0.001913111935066463,1.2101890148008,0.001913111935066463,0.28074687905706375,0.12072441266736798,179,havuz,63,ols_rank_normal_all,tema_arındırılmış
mom_12_1,0.005111755638841567,1.8284098772217459,0.005111755638841567,0.28074687905706375,0.12072441266736798,179,havuz,63,ols_rank_normal_all,tema_arındırılmış
net_debt_ebitda,-0.003070900476250881,-1.412401251942714,-0.003070900476250881,0.28074687905706375,0.12072441266736798,179,havuz,63,ols_rank_normal_all,tema_arındırılmış
ocf_ev,-0.0009034899673474933,-0.24167656085997652,-0.0009034899673474933,0.28074687905706375,0.12072441266736798,179,havuz,63,ols_rank_normal_all,tema_arındırılmış
profitable_growth,-0.0030729019544970303,-1.2910132089936042,-0.0030729019544970303,0.28074687905706375,0.12072441266736798,179,havuz,63,ols_rank_normal_all,tema_arındırılmış
share_issuance,0.00040662703481306655,0.1892230693933645,0.00040662703481306655,0.28074687905706375,0.12072441266736798,179,havuz,63,ols_rank_normal_all,tema_arındırılmış
sue,-9.136406613686558e-05,-0.03707433990153092,-9.136406613686558e-05,0.28074687905706375,0.12072441266736798,179,havuz,63,ols_rank_normal_all,tema_arındırılmış
sue_announce,-0.0013678807165273946,-0.705175227579234,-0.0013678807165273946,0.28074687905706375,0.12072441266736798,179,havuz,63,ols_rank_normal_all,tema_arındırılmış
asset_growth,-0.006344751340376156,-2.056717552342973,-0.006344751340376156,0.275149659417541,0.11663753216357656,176,havuz,126,ols_rank_normal_all,tema_arındırılmış
capex_at,0.0007919682178213817,0.15458130389991484,0.0007919682178213817,0.275149659417541,0.11663753216357656,176,havuz,126,ols_rank_normal_all,tema_arındırılmış
cash_runway_years,0.01825937795119438,1.9227907334131595,0.01825937795119438,0.275149659417541,0.11663753216357656,176,havuz,126,ols_rank_normal_all,tema_arındırılmış
cop_at,0.0016964609828997136,0.22094026304427292,0.0016964609828997136,0.275149659417541,0.11663753216357656,176,havuz,126,ols_rank_normal_all,tema_arındırılmış
dist_52w_high,-0.0038603736585061344,-0.8932250424071607,-0.0038603736585061344,0.275149659417541,0.11663753216357656,176,havuz,126,ols_rank_normal_all,tema_arındırılmış
droe,0.0012498151975284882,0.2594175188115084,0.0012498151975284882,0.275149659417541,0.11663753216357656,176,havuz,126,ols_rank_normal_all,tema_arındırılmış
ear_3d,0.00019375878610502546,0.06907886905105197,0.00019375878610502546,0.275149659417541,0.11663753216357656,176,havuz,126,ols_rank_normal_all,tema_arındırılmış
ebit_ev,-0.0017642360736688104,-0.43151805766143675,-0.0017642360736688104,0.275149659417541,0.11663753216357656,176,havuz,126,ols_rank_normal_all,tema_arındırılmış
gross_profitability,-0.005155361222447405,-1.05718525505334,-0.005155361222447405,0.275149659417541,0.11663753216357656,176,havuz,126,ols_rank_normal_all,tema_arındırılmış
idio_vol_60d,0.002234890002251785,0.5934874079143925,0.002234890002251785,0.275149659417541,0.11663753216357656,176,havuz,126,ols_rank_normal_all,tema_arındırılmış
max_ret_21d,-0.0010873319314852995,-0.4673741264865761,-0.0010873319314852995,0.275149659417541,0.11663753216357656,176,havuz,126,ols_rank_normal_all,tema_arındırılmış
mom_12_1,0.010154344784845558,2.015630865332493,0.010154344784845558,0.275149659417541,0.11663753216357656,176,havuz,126,ols_rank_normal_all,tema_arındırılmış
net_debt_ebitda,-0.002715881662428831,-0.6667881386222426,-0.002715881662428831,0.275149659417541,0.11663753216357656,176,havuz,126,ols_rank_normal_all,tema_arındırılmış
ocf_ev,0.000594806991974782,0.0883546788367565,0.000594806991974782,0.275149659417541,0.11663753216357656,176,havuz,126,ols_rank_normal_all,tema_arındırılmış
profitable_growth,-0.008446823069750229,-1.8332237723656764,-0.008446823069750229,0.275149659417541,0.11663753216357656,176,havuz,126,ols_rank_normal_all,tema_arındırılmış
share_issuance,-0.0005273857901512074,-0.13013371416669103,-0.0005273857901512074,0.275149659417541,0.11663753216357656,176,havuz,126,ols_rank_normal_all,tema_arındırılmış
sue,0.0031338258737414176,0.7061054880091648,0.0031338258737414176,0.275149659417541,0.11663753216357656,176,havuz,126,ols_rank_normal_all,tema_arındırılmış
sue_announce,-0.001058712885942347,-0.31844252668262135,-0.001058712885942347,0.275149659417541,0.11663753216357656,176,havuz,126,ols_rank_normal_all,tema_arındırılmış
asset_growth,0.0009123343385189251,0.2607799763167906,0.0009123343385189251,0.2232369599428153,0.10213413081899926,89,robotics,21,ols_rank_normal,tema_arındırılmış
asset_growth,0.0009123343385189231,0.26077997631678995,0.0009123343385189231,0.2232369599428153,0.10213413081899926,89,robotics,21,ols_rank_normal,ham
asset_growth,0.008918265394494647,0.5365835617482282,0.004592949750916689,0.23494220305780972,0.11584416321408282,89,robotics,21,ols_winsorized_raw,tema_arındırılmış
asset_growth,0.008918265394494635,0.5365835617482274,0.004592949750916682,0.23494220305780966,0.11584416321408278,89,robotics,21,ols_winsorized_raw,ham
asset_growth,0.003026443812029789,0.7072650536246066,0.003026443812029789,0.31727121106165035,0.21012967539795813,89,robotics,21,wls_sqrt_mcap,tema_arındırılmış
asset_growth,0.003026443812029795,0.707265053624608,0.003026443812029795,0.31727121106165035,0.21012967539795813,89,robotics,21,wls_sqrt_mcap,ham
asset_growth,0.007430621699318952,1.076146781143624,0.007430621699318952,0.20039245028119007,0.07422843380663825,87,robotics,63,ols_rank_normal,tema_arındırılmış
asset_growth,0.007430621699318951,1.0761467811436236,0.007430621699318951,0.20039245028119007,0.07422843380663824,87,robotics,63,ols_rank_normal,ham
asset_growth,0.046103740753477354,1.4644282346154291,0.02302317671925965,0.2210051021919238,0.09852534401732065,87,robotics,63,ols_winsorized_raw,tema_arındırılmış
asset_growth,0.04610374075347735,1.4644282346154287,0.023023176719259648,0.2210051021919238,0.09852534401732065,87,robotics,63,ols_winsorized_raw,ham
asset_growth,0.008513307060559337,0.8222042566779483,0.008513307060559337,0.2962483048946166,0.18484394709853072,87,robotics,63,wls_sqrt_mcap,tema_arındırılmış
asset_growth,0.00851330706055933,0.8222042566779478,0.00851330706055933,0.29624830489461657,0.1848439470985307,87,robotics,63,wls_sqrt_mcap,ham
asset_growth,0.019568174948080625,1.3265949435375801,0.019568174948080625,0.19061318515968007,0.061904721401226916,84,robotics,126,ols_rank_normal,tema_arındırılmış
asset_growth,0.01956817494808062,1.32659494353758,0.01956817494808062,0.19061318515968007,0.06190472140122685,84,robotics,126,ols_rank_normal,ham
asset_growth,0.1266886831376564,1.4991592524313613,0.05997692171749314,0.21908031840918576,0.09526427801567072,84,robotics,126,ols_winsorized_raw,tema_arındırılmış
asset_growth,0.12668868313765638,1.4991592524313613,0.05997692171749313,0.21908031840918574,0.09526427801567072,84,robotics,126,ols_winsorized_raw,ham
asset_growth,0.02886157342387375,1.1859891441766315,0.02886157342387375,0.2890809457490794,0.17610188682292552,84,robotics,126,wls_sqrt_mcap,tema_arındırılmış
asset_growth,0.028861573423873733,1.1859891441766315,0.028861573423873733,0.2890809457490794,0.17610188682292552,84,robotics,126,wls_sqrt_mcap,ham
capex_at,-0.008714027806390866,-2.2926927475015915,-0.008714027806390866,0.21179673403053517,0.0900252005738448,83,robotics,21,ols_rank_normal,tema_arındırılmış
capex_at,-0.00871402780639087,-2.2926927475015924,-0.00871402780639087,0.21179673403053523,0.09002520057384485,83,robotics,21,ols_rank_normal,ham
capex_at,-0.3199172623230254,-1.3621209371623193,-0.006977891918582291,0.2170464385462782,0.09566621230365407,83,robotics,21,ols_winsorized_raw,tema_arındırılmış
capex_at,-0.3199172623230255,-1.3621209371623197,-0.006977891918582292,0.21704643854627814,0.09566621230365412,83,robotics,21,ols_winsorized_raw,ham
capex_at,-0.01159403537256001,-2.907812110365032,-0.01159403537256001,0.31338280782851025,0.2073168026291646,83,robotics,21,wls_sqrt_mcap,tema_arındırılmış
capex_at,-0.011594035372560008,-2.9078121103650316,-0.011594035372560008,0.3133828078285102,0.20731680262916455,83,robotics,21,wls_sqrt_mcap,ham
capex_at,-0.0208972231888686,-2.46811331434304,-0.0208972231888686,0.20699307948299198,0.08327380913375475,81,robotics,63,ols_rank_normal,tema_arındırılmış
capex_at,-0.0208972231888686,-2.46811331434304,-0.0208972231888686,0.20699307948299198,0.08327380913375475,81,robotics,63,ols_rank_normal,ham
capex_at,-0.6810162799303908,-1.5622454653344848,-0.014762617354547265,0.20907120253462905,0.08572537002367421,81,robotics,63,ols_winsorized_raw,tema_arındırılmış
capex_at,-0.681016279930391,-1.5622454653344855,-0.01476261735454727,0.20907120253462905,0.08572537002367421,81,robotics,63,ols_winsorized_raw,ham
capex_at,-0.028089041019322334,-3.0620702970872284,-0.028089041019322334,0.31766257123055397,0.21173434470711014,81,robotics,63,wls_sqrt_mcap,tema_arındırılmış
capex_at,-0.02808904101932233,-3.062070297087228,-0.02808904101932233,0.31766257123055397,0.2117343447071102,81,robotics,63,wls_sqrt_mcap,ham
capex_at,-0.04428470890749687,-2.4957495619803205,-0.04428470890749687,0.20325577917510837,0.07683254653131834,78,robotics,126,ols_rank_normal,tema_arındırılmış
capex_at,-0.044284708907496875,-2.495749561980321,-0.044284708907496875,0.20325577917510837,0.07683254653131834,78,robotics,126,ols_rank_normal,ham
capex_at,-1.4453868777359662,-1.6775059158891619,-0.031058065910007225,0.20225734779055296,0.075338300493248,78,robotics,126,ols_winsorized_raw,tema_arındırılmış
capex_at,-1.4453868777359666,-1.6775059158891619,-0.031058065910007232,0.20225734779055296,0.07533830049324801,78,robotics,126,ols_winsorized_raw,ham
capex_at,-0.058629879018138646,-3.062864843729076,-0.058629879018138646,0.30997100086346213,0.20130179827452863,78,robotics,126,wls_sqrt_mcap,tema_arındırılmış
capex_at,-0.058629879018138646,-3.0628648437290766,-0.058629879018138646,0.30997100086346213,0.20130179827452865,78,robotics,126,wls_sqrt_mcap,ham
cop_at,-8.64583356378712e-05,-0.02247613368866939,-8.64583356378712e-05,0.23774176103793196,0.09837183963050777,82,robotics,21,ols_rank_normal,tema_arındırılmış
cop_at,-8.645833563786985e-05,-0.022476133688669037,-8.645833563786985e-05,0.23774176103793196,0.09837183963050775,82,robotics,21,ols_rank_normal,ham
cop_at,-0.01514258174600993,-0.20027607625454566,-0.0007758145049263663,0.235345978178719,0.09546600342433224,82,robotics,21,ols_winsorized_raw,tema_arındırılmış
cop_at,-0.01514258174601,-0.2002760762545466,-0.0007758145049263699,0.235345978178719,0.0954660034243322,82,robotics,21,ols_winsorized_raw,ham
cop_at,-0.00303324266518659,-0.61815894937174,-0.00303324266518659,0.3924754789044022,0.2816089612039873,82,robotics,21,wls_sqrt_mcap,tema_arındırılmış
cop_at,-0.003033242665186591,-0.6181589493717402,-0.003033242665186591,0.3924754789044022,0.2816089612039873,82,robotics,21,wls_sqrt_mcap,ham
cop_at,-0.0038005053818455474,-0.3695820399085251,-0.0038005053818455474,0.20939703497588677,0.06456310439586035,80,robotics,63,ols_rank_normal,tema_arındırılmış
cop_at,-0.003800505381845546,-0.369582039908525,-0.003800505381845546,0.20939703497588683,0.06456310439586035,80,robotics,63,ols_rank_normal,ham
cop_at,-0.08223545598883619,-0.4003063209965645,-0.004198522703206948,0.2082778034116072,0.06354837197514467,80,robotics,63,ols_winsorized_raw,tema_arındırılmış
cop_at,-0.08223545598883623,-0.40030632099656466,-0.00419852270320695,0.2082778034116072,0.06354837197514464,80,robotics,63,ols_winsorized_raw,ham
cop_at,-0.012093991597277937,-0.7944817861609751,-0.012093991597277937,0.37392018445196284,0.26044272971114685,80,robotics,63,wls_sqrt_mcap,tema_arındırılmış
cop_at,-0.012093991597277927,-0.7944817861609744,-0.012093991597277927,0.3739201844519629,0.2604427297111469,80,robotics,63,wls_sqrt_mcap,ham
cop_at,-0.013702277109034315,-0.5047942560157783,-0.013702277109034315,0.21029714030978208,0.06574389507816793,77,robotics,126,ols_rank_normal,tema_arındırılmış
cop_at,-0.013702277109034319,-0.5047942560157784,-0.013702277109034319,0.21029714030978208,0.06574389507816791,77,robotics,126,ols_rank_normal,ham
cop_at,-0.2752257723175695,-0.5242702180700431,-0.01402573429332712,0.2078331633129951,0.06311911974720298,77,robotics,126,ols_winsorized_raw,tema_arındırılmış
cop_at,-0.27522577231756945,-0.5242702180700429,-0.014025734293327116,0.20783316331299506,0.06311911974720293,77,robotics,126,ols_winsorized_raw,ham
cop_at,-0.03691321751962642,-0.933208653243462,-0.03691321751962642,0.36913607252568725,0.25480978134488236,77,robotics,126,wls_sqrt_mcap,tema_arındırılmış
cop_at,-0.03691321751962642,-0.933208653243462,-0.03691321751962642,0.36913607252568725,0.2548097813448823,77,robotics,126,wls_sqrt_mcap,ham
dist_52w_high,-0.000628260639068085,-0.14149816890215502,-0.000628260639068085,0.2199309989190235,0.09831422805378263,91,robotics,21,ols_rank_normal,tema_arındırılmış
dist_52w_high,-0.0006282606390680828,-0.14149816890215455,-0.0006282606390680828,0.21993099891902346,0.0983142280537826,91,robotics,21,ols_rank_normal,ham
dist_52w_high,0.004618994536674021,0.12064410310745477,0.0007605170027317551,0.21796551065205377,0.09557727309107521,91,robotics,21,ols_winsorized_raw,tema_arındırılmış
dist_52w_high,0.004618994536674026,0.12064410310745488,0.000760517002731756,0.21796551065205377,0.09557727309107521,91,robotics,21,ols_winsorized_raw,ham
dist_52w_high,-0.009858275494727276,-2.190692001247685,-0.009858275494727276,0.32971602263055755,0.22551329908691947,91,robotics,21,wls_sqrt_mcap,tema_arındırılmış
dist_52w_high,-0.009858275494727274,-2.1906920012476845,-0.009858275494727274,0.32971602263055755,0.22551329908691956,91,robotics,21,wls_sqrt_mcap,ham
dist_52w_high,-0.007946806269020277,-0.6356695177929387,-0.007946806269020277,0.22236801344149973,0.10011454019363643,89,robotics,63,ols_rank_normal,tema_arındırılmış
dist_52w_high,-0.007946806269020277,-0.6356695177929389,-0.007946806269020277,0.2223680134414997,0.10011454019363639,89,robotics,63,ols_rank_normal,ham
dist_52w_high,0.01761499870327545,0.16745171064133807,0.0028884101270093463,0.22958298666254542,0.10819599850925793,89,robotics,63,ols_winsorized_raw,tema_arındırılmış
dist_52w_high,0.017614998703275396,0.16745171064133757,0.002888410127009337,0.22958298666254542,0.10819599850925789,89,robotics,63,ols_winsorized_raw,ham
dist_52w_high,-0.023271896660171022,-2.2110862179240227,-0.023271896660171022,0.3248394720104874,0.21970779691667713,89,robotics,63,wls_sqrt_mcap,tema_arındırılmış
dist_52w_high,-0.023271896660171022,-2.2110862179240223,-0.023271896660171022,0.32483947201048735,0.21970779691667713,89,robotics,63,wls_sqrt_mcap,ham
dist_52w_high,-0.01882009096749845,-0.8014812340377407,-0.01882009096749845,0.21325610130323616,0.09023199640146949,86,robotics,126,ols_rank_normal,tema_arındırılmış
dist_52w_high,-0.018820090967498457,-0.8014812340377412,-0.018820090967498457,0.21325610130323616,0.09023199640146952,86,robotics,126,ols_rank_normal,ham
dist_52w_high,1.3922051326086337e-05,8.819499028301597e-05,2.259695211511595e-06,0.22015037127694098,0.09765283574774614,86,robotics,126,ols_winsorized_raw,tema_arındırılmış
dist_52w_high,1.3922051326071492e-05,8.819499028292192e-05,2.2596952115091856e-06,0.220150371276941,0.09765283574774618,86,robotics,126,ols_winsorized_raw,ham
dist_52w_high,-0.04898316660160588,-2.0556250356630565,-0.04898316660160588,0.3090757307584266,0.20105886568174813,86,robotics,126,wls_sqrt_mcap,tema_arındırılmış
dist_52w_high,-0.04898316660160588,-2.0556250356630565,-0.04898316660160588,0.3090757307584266,0.20105886568174816,86,robotics,126,wls_sqrt_mcap,ham
droe,0.0005580899314270372,0.22424431151473817,0.0005580899314270372,0.22778617842152943,0.08126362360293321,88,robotics,21,ols_rank_normal,tema_arındırılmış
droe,0.0005580899314270384,0.22424431151473867,0.0005580899314270384,0.22778617842152948,0.08126362360293321,88,robotics,21,ols_rank_normal,ham
droe,0.02617102931845815,0.465319146008255,0.002382035928219832,0.24697610505965253,0.10393607471012051,88,robotics,21,ols_winsorized_raw,tema_arındırılmış
droe,0.026171029318458137,0.4653191460082548,0.002382035928219831,0.24697610505965253,0.10393607471012051,88,robotics,21,ols_winsorized_raw,ham
droe,-0.0001551248304434793,-0.04442898321137338,-0.0001551248304434793,0.37980823059020563,0.26190805951369284,88,robotics,21,wls_sqrt_mcap,tema_arındırılmış
droe,-0.0001551248304434763,-0.04442898321137253,-0.0001551248304434763,0.3798082305902055,0.26190805951369284,88,robotics,21,wls_sqrt_mcap,ham
droe,8.01103589116972e-05,0.012320831149495082,8.01103589116972e-05,0.1966448502198035,0.04323727783118865,86,robotics,63,ols_rank_normal,tema_arındırılmış
droe,8.011035891169381e-05,0.012320831149494562,8.011035891169381e-05,0.19664485021980355,0.043237277831188664,86,robotics,63,ols_rank_normal,ham
droe,0.05265955019466801,0.35688686816704646,0.0048486799516648405,0.2158663200901004,0.06700664384583231,86,robotics,63,ols_winsorized_raw,tema_arındırılmış
droe,0.052659550194668,0.3568868681670464,0.0048486799516648405,0.2158663200901004,0.0670066438458323,86,robotics,63,ols_winsorized_raw,ham
droe,-0.003675820756754963,-0.38199637826922994,-0.003675820756754963,0.36426966765539054,0.24394050248824187,86,robotics,63,wls_sqrt_mcap,tema_arındırılmış
droe,-0.00367582075675498,-0.38199637826923133,-0.00367582075675498,0.3642696676553906,0.24394050248824184,86,robotics,63,wls_sqrt_mcap,ham
droe,0.014020570379484551,1.5558294208885555,0.014020570379484551,0.18312129100520713,0.027290770919627803,83,robotics,126,ols_rank_normal,tema_arındırılmış
droe,0.014020570379484544,1.5558294208885548,0.014020570379484544,0.18312129100520722,0.027290770919627814,83,robotics,126,ols_rank_normal,ham
droe,0.22247720617552671,0.9771739176319755,0.020484654144880463,0.19231487191799793,0.03858160351546703,83,robotics,126,ols_winsorized_raw,tema_arındırılmış
droe,0.22247720617552655,0.9771739176319747,0.020484654144880446,0.19231487191799793,0.03858160351546702,83,robotics,126,ols_winsorized_raw,ham
droe,0.010041560103727922,0.5527117736979352,0.010041560103727922,0.36008117632475406,0.23899057061807347,83,robotics,126,wls_sqrt_mcap,tema_arındırılmış
droe,0.010041560103727941,0.5527117736979361,0.010041560103727941,0.36008117632475406,0.23899057061807347,83,robotics,126,wls_sqrt_mcap,ham
ear_3d,0.00011818791941119793,0.03351510306853584,0.00011818791941119793,0.22324740157286496,0.09359431393033604,88,robotics,21,ols_rank_normal,tema_arındırılmış
ear_3d,0.00011818791941119824,0.033515103068535924,0.00011818791941119824,0.22324740157286496,0.09359431393033604,88,robotics,21,ols_rank_normal,ham
ear_3d,0.0023194213644987323,0.06751424164928721,0.0002664615305474874,0.22830946497527957,0.0996833814164376,88,robotics,21,ols_winsorized_raw,tema_arındırılmış
ear_3d,0.00231942136449875,0.06751424164928771,0.00026646153054748947,0.22830946497527957,0.09968338141643757,88,robotics,21,ols_winsorized_raw,ham
ear_3d,-0.0020058530551073425,-0.4509080462291706,-0.0020058530551073425,0.3323551873247456,0.22176533383676514,88,robotics,21,wls_sqrt_mcap,tema_arındırılmış
ear_3d,-0.002005853055107335,-0.45090804622916886,-0.002005853055107335,0.3323551873247456,0.22176533383676514,88,robotics,21,wls_sqrt_mcap,ham
ear_3d,0.004595456244590323,0.6237425623618554,0.004595456244590323,0.2108925679772939,0.07812519303659086,86,robotics,63,ols_rank_normal,tema_arındırılmış
ear_3d,0.004595456244590325,0.6237425623618557,0.004595456244590325,0.2108925679772939,0.07812519303659085,86,robotics,63,ols_rank_normal,ham
ear_3d,0.06143964055680056,0.7948998849093735,0.007036004430332486,0.22485347690374066,0.0949251860457818,86,robotics,63,ols_winsorized_raw,tema_arındırılmış
ear_3d,0.06143964055680052,0.7948998849093729,0.007036004430332481,0.22485347690374072,0.0949251860457818,86,robotics,63,ols_winsorized_raw,ham
ear_3d,-0.0023340703266672065,-0.2337874912907861,-0.0023340703266672065,0.3231655659564077,0.21104730902676513,86,robotics,63,wls_sqrt_mcap,tema_arındırılmış
ear_3d,-0.002334070326667228,-0.23378749129078819,-0.002334070326667228,0.3231655659564077,0.21104730902676513,86,robotics,63,wls_sqrt_mcap,ham
ear_3d,-0.007613816741330303,-0.6783059615777665,-0.007613816741330303,0.2042582772653991,0.06984959613987884,83,robotics,126,ols_rank_normal,tema_arındırılmış
ear_3d,-0.007613816741330309,-0.6783059615777669,-0.007613816741330309,0.20425827726539905,0.06984959613987884,83,robotics,126,ols_rank_normal,ham
ear_3d,0.06969660671156257,0.4949587319049809,0.007979845205915194,0.21290257575791824,0.07998480548470105,83,robotics,126,ols_winsorized_raw,tema_arındırılmış
ear_3d,0.0696966067115625,0.49495873190498024,0.007979845205915187,0.21290257575791824,0.07998480548470105,83,robotics,126,ols_winsorized_raw,ham
ear_3d,-0.009314824071542193,-0.4430701752045597,-0.009314824071542193,0.31621779818214824,0.20167599988520293,83,robotics,126,wls_sqrt_mcap,tema_arındırılmış
ear_3d,-0.00931482407154219,-0.44307017520455955,-0.00931482407154219,0.31621779818214824,0.20167599988520302,83,robotics,126,wls_sqrt_mcap,ham
gross_profitability,-0.0011022497127632243,-0.31577518326158227,-0.0011022497127632243,0.24427352438259925,0.099497180757302,84,robotics,21,ols_rank_normal,tema_arındırılmış
gross_profitability,-0.0011022497127632304,-0.315775183261584,-0.0011022497127632304,0.2442735243825993,0.09949718075730199,84,robotics,21,ols_rank_normal,ham
gross_profitability,0.004213144684291471,0.14192654308294528,0.00044879688216955074,0.23213721744508767,0.08428209955377093,84,robotics,21,ols_winsorized_raw,tema_arındırılmış
gross_profitability,0.0042131446842915005,0.14192654308294628,0.0004487968821695539,0.23213721744508767,0.08428209955377094,84,robotics,21,ols_winsorized_raw,ham
gross_profitability,-0.005431376443128726,-1.3289349877382903,-0.005431376443128726,0.40071931117909415,0.28657886009885525,84,robotics,21,wls_sqrt_mcap,tema_arındırılmış
gross_profitability,-0.00543137644312871,-1.3289349877382866,-0.00543137644312871,0.40071931117909415,0.28657886009885525,84,robotics,21,wls_sqrt_mcap,ham
gross_profitability,-0.005734213646915588,-0.5420903145030567,-0.005734213646915588,0.21330407075413815,0.06196297483576935,82,robotics,63,ols_rank_normal,tema_arındırılmış
gross_profitability,-0.005734213646915588,-0.5420903145030567,-0.005734213646915588,0.21330407075413815,0.06196297483576935,82,robotics,63,ols_rank_normal,ham
gross_profitability,-0.016240472425439148,-0.1826524989057257,-0.001728544170727646,0.20835334433089003,0.05534905592332593,82,robotics,63,ols_winsorized_raw,tema_arındırılmış
gross_profitability,-0.016240472425439165,-0.18265249890572588,-0.001728544170727648,0.20835334433088998,0.05534905592332591,82,robotics,63,ols_winsorized_raw,ham
gross_profitability,-0.01637734819090714,-1.3740423829745358,-0.01637734819090714,0.3649585289739641,0.24383086079054905,82,robotics,63,wls_sqrt_mcap,tema_arındırılmış
gross_profitability,-0.016377348190907092,-1.374042382974533,-0.016377348190907092,0.3649585289739641,0.2438308607905491,82,robotics,63,wls_sqrt_mcap,ham
gross_profitability,-0.015338893882779503,-0.5444143459870675,-0.015338893882779503,0.21849488862962443,0.06789575168841457,79,robotics,126,ols_rank_normal,tema_arındırılmış
gross_profitability,-0.015338893882779512,-0.5444143459870678,-0.015338893882779512,0.21849488862962438,0.06789575168841458,79,robotics,126,ols_rank_normal,ham
gross_profitability,-0.07765191838775576,-0.32816184088111783,-0.008266884707298807,0.20247545389095092,0.04787278481091333,79,robotics,126,ols_winsorized_raw,tema_arındırılmış
gross_profitability,-0.07765191838775569,-0.3281618408811175,-0.0082668847072988,0.2024754538909509,0.047872784810913345,79,robotics,126,ols_winsorized_raw,ham
gross_profitability,-0.037089045778092376,-1.1458719793785204,-0.037089045778092376,0.36289107595491976,0.2411841668231604,79,robotics,126,wls_sqrt_mcap,tema_arındırılmış
gross_profitability,-0.03708904577809234,-1.1458719793785204,-0.03708904577809234,0.36289107595491976,0.2411841668231604,79,robotics,126,wls_sqrt_mcap,ham
idio_vol_60d,-0.005667445755326804,-1.2121568480742875,-0.005667445755326804,0.21707891527792939,0.09504131043649286,91,robotics,21,ols_rank_normal,tema_arındırılmış
idio_vol_60d,-0.005667445755326804,-1.2121568480742875,-0.005667445755326804,0.21707891527792933,0.09504131043649286,91,robotics,21,ols_rank_normal,ham
idio_vol_60d,-0.025774821046663447,-0.8854338511522182,-0.005615648111303412,0.2282026560028327,0.10775115700548828,91,robotics,21,ols_winsorized_raw,tema_arındırılmış
idio_vol_60d,-0.02577482104666343,-0.8854338511522176,-0.005615648111303408,0.2282026560028327,0.10775115700548829,91,robotics,21,ols_winsorized_raw,ham
idio_vol_60d,-0.010409050978519655,-1.8478465251368255,-0.010409050978519655,0.3433542342437879,0.24118911576512309,91,robotics,21,wls_sqrt_mcap,tema_arındırılmış
idio_vol_60d,-0.010409050978519647,-1.847846525136824,-0.010409050978519647,0.34335423424378797,0.24118911576512309,91,robotics,21,wls_sqrt_mcap,ham
idio_vol_60d,-0.020597009144324063,-1.7021780731929257,-0.020597009144324063,0.21416125429305036,0.09061201498589336,89,robotics,63,ols_rank_normal,tema_arındırılmış
idio_vol_60d,-0.02059700914432407,-1.7021780731929268,-0.02059700914432407,0.21416125429305036,0.09061201498589329,89,robotics,63,ols_rank_normal,ham
idio_vol_60d,-0.052927050400703744,-0.7080171358210966,-0.01151094499987986,0.228760029323245,0.10755012812080349,89,robotics,63,ols_winsorized_raw,tema_arındırılmış
idio_vol_60d,-0.052927050400703717,-0.7080171358210962,-0.011510944999879855,0.22876002932324493,0.10755012812080345,89,robotics,63,ols_winsorized_raw,ham
idio_vol_60d,-0.032776336968517866,-2.1530452335115933,-0.032776336968517866,0.34486134718562084,0.24279454238446183,89,robotics,63,wls_sqrt_mcap,tema_arındırılmış
idio_vol_60d,-0.03277633696851785,-2.1530452335115933,-0.03277633696851785,0.34486134718562084,0.24279454238446183,89,robotics,63,wls_sqrt_mcap,ham
idio_vol_60d,-0.0399742285529432,-1.3263925509377112,-0.0399742285529432,0.21967226910304163,0.09706376736508332,86,robotics,126,ols_rank_normal,tema_arındırılmış
idio_vol_60d,-0.0399742285529432,-1.3263925509377112,-0.0399742285529432,0.21967226910304163,0.09706376736508335,86,robotics,126,ols_rank_normal,ham
idio_vol_60d,-0.0922432653063132,-0.558615658145534,-0.020034037861073384,0.22634371223677607,0.10425789482064896,86,robotics,126,ols_winsorized_raw,tema_arındırılmış
idio_vol_60d,-0.09224326530631315,-0.5586156581455337,-0.020034037861073373,0.22634371223677607,0.104257894820649,86,robotics,126,ols_winsorized_raw,ham
idio_vol_60d,-0.06401886265751287,-1.7533705665862447,-0.06401886265751287,0.3527434313365341,0.251485811151696,86,robotics,126,wls_sqrt_mcap,tema_arındırılmış
idio_vol_60d,-0.06401886265751286,-1.753370566586245,-0.06401886265751286,0.352743431336534,0.251485811151696,86,robotics,126,wls_sqrt_mcap,ham
max_ret_21d,-0.006457352164852583,-1.3527402577236196,-0.006457352164852583,0.20776476235665756,0.0839397782648525,91,robotics,21,ols_rank_normal,tema_arındırılmış
max_ret_21d,-0.006457352164852582,-1.3527402577236192,-0.006457352164852582,0.20776476235665756,0.08393977826485245,91,robotics,21,ols_rank_normal,ham
max_ret_21d,-0.13167262452485726,-1.3264808027205193,-0.006350341692395639,0.20842639812563762,0.08409509573836693,91,robotics,21,ols_winsorized_raw,tema_arındırılmış
max_ret_21d,-0.13167262452485723,-1.326480802720519,-0.006350341692395637,0.20842639812563768,0.08409509573836693,91,robotics,21,ols_winsorized_raw,ham
max_ret_21d,-0.011877968780892605,-2.7806451668399754,-0.011877968780892605,0.30627886343207644,0.19738696457138988,91,robotics,21,wls_sqrt_mcap,tema_arındırılmış
max_ret_21d,-0.011877968780892601,-2.7806451668399745,-0.011877968780892601,0.30627886343207644,0.19738696457138988,91,robotics,21,wls_sqrt_mcap,ham
max_ret_21d,-0.019751126449151387,-1.7897187870058942,-0.019751126449151387,0.2059116661488102,0.08057792888507474,89,robotics,63,ols_rank_normal,tema_arındırılmış
max_ret_21d,-0.019751126449151394,-1.7897187870058946,-0.019751126449151394,0.2059116661488103,0.08057792888507473,89,robotics,63,ols_rank_normal,ham
max_ret_21d,-0.4825903481372581,-1.6812869647553947,-0.02305518083656079,0.23070081447894605,0.10963851524605003,89,robotics,63,ols_winsorized_raw,tema_arındırılmış
max_ret_21d,-0.482590348137258,-1.6812869647553945,-0.023055180836560784,0.23070081447894605,0.10963851524605002,89,robotics,63,ols_winsorized_raw,ham
max_ret_21d,-0.024554850300325462,-2.2500767308510867,-0.024554850300325462,0.3247237919369738,0.21907662049094914,89,robotics,63,wls_sqrt_mcap,tema_arındırılmış
max_ret_21d,-0.02455485030032547,-2.2500767308510876,-0.02455485030032547,0.32472379193697376,0.21907662049094914,89,robotics,63,wls_sqrt_mcap,ham
max_ret_21d,-0.035404493082943723,-1.8089193576706677,-0.035404493082943723,0.20273847626681094,0.0768727089656457,86,robotics,126,ols_rank_normal,tema_arındırılmış
max_ret_21d,-0.035404493082943723,-1.808919357670668,-0.035404493082943723,0.20273847626681094,0.0768727089656457,86,robotics,126,ols_rank_normal,ham
max_ret_21d,-0.7700775424501364,-1.3127780747693425,-0.03649223577376747,0.22267386520164503,0.10018836490292828,86,robotics,126,ols_winsorized_raw,tema_arındırılmış
max_ret_21d,-0.7700775424501364,-1.3127780747693423,-0.03649223577376747,0.22267386520164503,0.1001883649029283,86,robotics,126,ols_winsorized_raw,ham
max_ret_21d,-0.055551804744536776,-2.0067011707055378,-0.055551804744536776,0.32102237001682477,0.21431792824428314,86,robotics,126,wls_sqrt_mcap,tema_arındırılmış
max_ret_21d,-0.05555180474453678,-2.006701170705538,-0.05555180474453678,0.32102237001682477,0.21431792824428314,86,robotics,126,wls_sqrt_mcap,ham
mom_12_1,0.003919673518090089,0.9777051138179391,0.003919673518090089,0.23235464024725105,0.11262212721515451,91,robotics,21,ols_rank_normal,tema_arındırılmış
mom_12_1,0.003919673518090091,0.9777051138179396,0.003919673518090091,0.23235464024725105,0.11262212721515451,91,robotics,21,ols_rank_normal,ham
mom_12_1,0.015867935276892137,1.557017343250272,0.011360608112967038,0.23604808913335718,0.11664347180909938,91,robotics,21,ols_winsorized_raw,tema_arındırılmış
mom_12_1,0.015867935276892144,1.5570173432502727,0.011360608112967043,0.23604808913335726,0.11664347180909938,91,robotics,21,ols_winsorized_raw,ham
mom_12_1,0.0017008709708724674,0.3375317226516076,0.0017008709708724674,0.3423246451063136,0.23953987913041144,91,robotics,21,wls_sqrt_mcap,tema_arındırılmış
mom_12_1,0.0017008709708724657,0.3375317226516072,0.0017008709708724657,0.3423246451063136,0.2395398791304114,91,robotics,21,wls_sqrt_mcap,ham
mom_12_1,0.007766177985796049,0.8043931686736358,0.007766177985796049,0.2191502906560291,0.09668977441297213,89,robotics,63,ols_rank_normal,tema_arındırılmış
mom_12_1,0.007766177985796044,0.8043931686736352,0.007766177985796044,0.2191502906560291,0.09668977441297216,89,robotics,63,ols_rank_normal,ham
mom_12_1,0.038371303732467645,1.4247436203603163,0.027538381302501806,0.2425038163755519,0.12417017756634162,89,robotics,63,ols_winsorized_raw,tema_arındırılmış
mom_12_1,0.038371303732467645,1.4247436203603163,0.027538381302501806,0.24250381637555182,0.1241701775663416,89,robotics,63,ols_winsorized_raw,ham
mom_12_1,0.005888416402837529,0.4111155675917351,0.005888416402837529,0.3307729017178289,0.22643546778256965,89,robotics,63,wls_sqrt_mcap,tema_arındırılmış
mom_12_1,0.005888416402837518,0.41111556759173434,0.005888416402837518,0.3307729017178289,0.2264354677825697,89,robotics,63,wls_sqrt_mcap,ham
mom_12_1,0.007758743406372168,0.43168376552487686,0.007758743406372168,0.21807910424165652,0.09555655028163088,86,robotics,126,ols_rank_normal,tema_arındırılmış
mom_12_1,0.007758743406372162,0.43168376552487653,0.007758743406372162,0.21807910424165652,0.09555655028163088,86,robotics,126,ols_rank_normal,ham
mom_12_1,0.05797333263897005,1.3180195308121863,0.0402538725055881,0.22476295817264147,0.10367982361776827,86,robotics,126,ols_winsorized_raw,tema_arındırılmış
mom_12_1,0.057973332638970046,1.3180195308121865,0.040253872505588095,0.22476295817264147,0.10367982361776829,86,robotics,126,ols_winsorized_raw,ham
mom_12_1,0.005092289561331281,0.1574214875564509,0.005092289561331281,0.3168337878838901,0.20964378005987166,86,robotics,126,wls_sqrt_mcap,tema_arındırılmış
mom_12_1,0.005092289561331268,0.1574214875564505,0.005092289561331268,0.31683378788389016,0.20964378005987166,86,robotics,126,wls_sqrt_mcap,ham
profitable_growth,-0.010281890180725367,-2.9683355193585377,-0.010281890180725367,0.23185472238778138,0.09156169271169874,82,robotics,21,ols_rank_normal,tema_arındırılmış
profitable_growth,-0.010281890180725365,-2.9683355193585372,-0.010281890180725365,0.23185472238778135,0.0915616927116987,82,robotics,21,ols_rank_normal,ham
profitable_growth,-0.02359020202080864,-2.7304770315946802,-0.009608888980318891,0.22824243434195055,0.08739628414605854,82,robotics,21,ols_winsorized_raw,tema_arındırılmış
profitable_growth,-0.023590202020808644,-2.730477031594683,-0.009608888980318893,0.22824243434195055,0.08739628414605854,82,robotics,21,ols_winsorized_raw,ham
profitable_growth,-0.011933484282114989,-2.6448144306906736,-0.011933484282114989,0.39286360264213666,0.28229127490816996,82,robotics,21,wls_sqrt_mcap,tema_arındırılmış
profitable_growth,-0.01193348428211499,-2.644814430690673,-0.01193348428211499,0.39286360264213666,0.28229127490816996,82,robotics,21,wls_sqrt_mcap,ham
profitable_growth,-0.025774247843356468,-3.2904259688675923,-0.025774247843356468,0.21081157988457938,0.06630170872393848,80,robotics,63,ols_rank_normal,tema_arındırılmış
profitable_growth,-0.025774247843356458,-3.2904259688675914,-0.025774247843356458,0.21081157988457933,0.0663017087239385,80,robotics,63,ols_rank_normal,ham
profitable_growth,-0.06217359713664761,-3.230113577774923,-0.02533767712951541,0.2126539584955478,0.06888667608974089,80,robotics,63,ols_winsorized_raw,tema_arındırılmış
profitable_growth,-0.06217359713664763,-3.230113577774924,-0.02533767712951542,0.2126539584955478,0.06888667608974086,80,robotics,63,ols_winsorized_raw,ham
profitable_growth,-0.03164152180688715,-2.609442922538515,-0.03164152180688715,0.37456525273085106,0.261072763786633,80,robotics,63,wls_sqrt_mcap,tema_arındırılmış
profitable_growth,-0.03164152180688716,-2.6094429225385154,-0.03164152180688716,0.37456525273085106,0.2610727637866331,80,robotics,63,wls_sqrt_mcap,ham
profitable_growth,-0.05993347984616311,-3.5617846916466678,-0.05993347984616311,0.2200626085114955,0.07696072393549136,77,robotics,126,ols_rank_normal,tema_arındırılmış
profitable_growth,-0.05993347984616308,-3.561784691646665,-0.05993347984616308,0.2200626085114955,0.07696072393549136,77,robotics,126,ols_rank_normal,ham
profitable_growth,-0.1397751047106459,-3.788197242587814,-0.056725015668876055,0.210166193459843,0.06561397089342111,77,robotics,126,ols_winsorized_raw,tema_arındırılmış
profitable_growth,-0.1397751047106459,-3.788197242587814,-0.056725015668876055,0.21016619345984305,0.0656139708934212,77,robotics,126,ols_winsorized_raw,ham
profitable_growth,-0.07344363449371935,-2.218426122049903,-0.07344363449371935,0.3803572307419476,0.26780420780986947,77,robotics,126,wls_sqrt_mcap,tema_arındırılmış
profitable_growth,-0.07344363449371935,-2.218426122049903,-0.07344363449371935,0.3803572307419476,0.2678042078098695,77,robotics,126,wls_sqrt_mcap,ham
share_issuance,0.005258403386231377,1.4641372916007191,0.005258403386231377,0.23140191584344785,0.1107969125534667,89,robotics,21,ols_rank_normal,tema_arındırılmış
share_issuance,0.005258403386231376,1.464137291600719,0.005258403386231376,0.23140191584344777,0.11079691255346666,89,robotics,21,ols_rank_normal,ham
share_issuance,0.0242964282451944,0.5166726380164408,0.004225979796087022,0.2362288269870525,0.1165948893346767,89,robotics,21,ols_winsorized_raw,tema_arındırılmış
share_issuance,0.024296428245194398,0.5166726380164408,0.004225979796087021,0.2362288269870525,0.11659488933467667,89,robotics,21,ols_winsorized_raw,ham
share_issuance,0.0012012589934543092,0.2776185919621747,0.0012012589934543092,0.3343414551873709,0.2287807279454057,89,robotics,21,wls_sqrt_mcap,tema_arındırılmış
share_issuance,0.0012012589934543153,0.277618591962176,0.0012012589934543153,0.3343414551873709,0.2287807279454057,89,robotics,21,wls_sqrt_mcap,ham
share_issuance,0.00982279128989445,1.1117396985576893,0.00982279128989445,0.20909219091751788,0.0829446831794096,87,robotics,63,ols_rank_normal,tema_arındırılmış
share_issuance,0.009822791289894451,1.1117396985576895,0.009822791289894451,0.2090921909175179,0.08294468317940963,87,robotics,63,ols_rank_normal,ham
share_issuance,0.035199339438014655,0.34677654008215963,0.006022630975478035,0.22204383804308978,0.09875980006798135,87,robotics,63,ols_winsorized_raw,tema_arındırılmış
share_issuance,0.03519933943801464,0.34677654008215947,0.006022630975478033,0.22204383804308978,0.09875980006798135,87,robotics,63,ols_winsorized_raw,ham
share_issuance,0.0014135347192686036,0.11299008584009823,0.0014135347192686036,0.32129487849430466,0.21232439755703925,87,robotics,63,wls_sqrt_mcap,tema_arındırılmış
share_issuance,0.0014135347192686094,0.11299008584009874,0.0014135347192686094,0.3212948784943047,0.21232439755703925,87,robotics,63,wls_sqrt_mcap,ham
share_issuance,0.013238309458559895,0.6767631311447333,0.013238309458559895,0.20006983969369443,0.07133413945229049,84,robotics,126,ols_rank_normal,tema_arındırılmış
share_issuance,0.013238309458559895,0.6767631311447333,0.013238309458559895,0.20006983969369443,0.07133413945229047,84,robotics,126,ols_rank_normal,ham
share_issuance,-0.017987583873227204,-0.0743180128872234,-0.0029904179181328805,0.21784488607795208,0.09299232113170565,84,robotics,126,ols_winsorized_raw,tema_arındırılmış
share_issuance,-0.017987583873227176,-0.07431801288722331,-0.0029904179181328757,0.21784488607795216,0.09299232113170566,84,robotics,126,ols_winsorized_raw,ham
share_issuance,-0.003018419094418417,-0.10113174527136876,-0.003018419094418417,0.32404491083553005,0.2148173487004146,84,robotics,126,wls_sqrt_mcap,tema_arındırılmış
share_issuance,-0.0030184190944183894,-0.10113174527136783,-0.0030184190944183894,0.32404491083553005,0.2148173487004146,84,robotics,126,wls_sqrt_mcap,ham
sue,0.0016141456495023052,0.6200402536409925,0.0016141456495023052,0.23668029376963096,0.09389520513356567,86,robotics,21,ols_rank_normal,tema_arındırılmış
sue,0.0016141456495023037,0.6200402536409919,0.0016141456495023037,0.2366802937696309,0.09389520513356563,86,robotics,21,ols_rank_normal,ham
sue,0.00017775897767278865,0.07017942690294365,0.0001905771654002745,0.2356972776858923,0.09228298309522205,86,robotics,21,ols_winsorized_raw,tema_arındırılmış
sue,0.00017775897767278862,0.07017942690294364,0.00019057716540027447,0.23569727768589227,0.09228298309522202,86,robotics,21,ols_winsorized_raw,ham
sue,-0.0011025785625869938,-0.2937968663820765,-0.0011025785625869938,0.3758823036827439,0.2586017093245566,86,robotics,21,wls_sqrt_mcap,tema_arındırılmış
sue,-0.0011025785625869951,-0.29379686638207697,-0.0011025785625869951,0.375882303682744,0.2586017093245566,86,robotics,21,wls_sqrt_mcap,ham
sue,0.004869152344091293,0.7445879750597804,0.004869152344091293,0.19764235651537457,0.04647752577452666,84,robotics,63,ols_rank_normal,tema_arındırılmış
sue,0.004869152344091291,0.7445879750597801,0.004869152344091291,0.1976423565153745,0.04647752577452661,84,robotics,63,ols_rank_normal,ham
sue,0.0023555617240872194,0.3263349157571656,0.0025091221093337408,0.19810979001572787,0.04713536588950784,84,robotics,63,ols_winsorized_raw,tema_arındırılmış
sue,0.0023555617240872263,0.3263349157571665,0.002509122109333748,0.19810979001572787,0.047135365889507855,84,robotics,63,ols_winsorized_raw,ham
sue,-0.00016952641025721126,-0.018274001050457008,-0.00016952641025721126,0.350493215451637,0.22814715658767343,84,robotics,63,wls_sqrt_mcap,tema_arındırılmış
sue,-0.00016952641025723108,-0.018274001050459145,-0.00016952641025723108,0.3504932154516369,0.22814715658767343,84,robotics,63,wls_sqrt_mcap,ham
sue,0.015618778086143639,1.371956914664635,0.015618778086143639,0.19594366888761178,0.04395091730101845,81,robotics,126,ols_rank_normal,tema_arındırılmış
sue,0.015618778086143634,1.3719569146646349,0.015618778086143634,0.1959436688876118,0.043950917301018445,81,robotics,126,ols_rank_normal,ham
sue,0.015408628931308071,1.3626174258527768,0.016213348468071025,0.1886750530580415,0.0354919015118475,81,robotics,126,ols_winsorized_raw,tema_arındırılmış
sue,0.015408628931308071,1.3626174258527766,0.016213348468071025,0.1886750530580415,0.035491901511847494,81,robotics,126,ols_winsorized_raw,ham
sue,-0.0007609915100615027,-0.03713157913839331,-0.0007609915100615027,0.34431706769763054,0.22070260935225813,81,robotics,126,wls_sqrt_mcap,tema_arındırılmış
sue,-0.0007609915100615487,-0.037131579138395564,-0.0007609915100615487,0.34431706769763054,0.22070260935225816,81,robotics,126,wls_sqrt_mcap,ham
sue_announce,-0.0032993550156702103,-0.6390509331856805,-0.0032993550156702103,0.2236972440430392,0.04570243671334894,33,robotics,21,ols_rank_normal,tema_arındırılmış
sue_announce,-0.003299355015670207,-0.6390509331856797,-0.003299355015670207,0.2236972440430392,0.04570243671334895,33,robotics,21,ols_rank_normal,ham
sue_announce,-0.0032082957045662217,-0.6356412285605092,-0.0037360316043491583,0.23036576612767018,0.05351127671396536,33,robotics,21,ols_winsorized_raw,tema_arındırılmış
sue_announce,-0.0032082957045662204,-0.6356412285605089,-0.003736031604349157,0.23036576612767015,0.053511276713965335,33,robotics,21,ols_winsorized_raw,ham
sue_announce,-0.0025170628561269914,-0.5575547759481796,-0.0025170628561269914,0.24193638855521565,0.06755496885902681,33,robotics,21,wls_sqrt_mcap,tema_arındırılmış
sue_announce,-0.002517062856127003,-0.5575547759481826,-0.002517062856127003,0.24193638855521565,0.0675549688590268,33,robotics,21,wls_sqrt_mcap,ham
sue_announce,-0.013864628794294445,-1.18415830382871,-0.013864628794294445,0.24194745574743642,0.06640545073695858,31,robotics,63,ols_rank_normal,tema_arındırılmış
sue_announce,-0.013864628794294441,-1.1841583038287096,-0.013864628794294441,0.2419474557474364,0.06640545073695855,31,robotics,63,ols_rank_normal,ham
sue_announce,-0.008582579157858152,-0.8318787376848839,-0.009913786887213113,0.24084189044709173,0.06489920636038214,31,robotics,63,ols_winsorized_raw,tema_arındırılmış
sue_announce,-0.008582579157858147,-0.8318787376848833,-0.009913786887213108,0.2408418904470917,0.06489920636038207,31,robotics,63,ols_winsorized_raw,ham
sue_announce,-0.01229677433759163,-1.008736949695448,-0.01229677433759163,0.24265726881126493,0.06666208195253588,31,robotics,63,wls_sqrt_mcap,tema_arındırılmış
sue_announce,-0.01229677433759164,-1.0087369496954484,-0.01229677433759164,0.24265726881126487,0.06666208195253585,31,robotics,63,wls_sqrt_mcap,ham
sue_announce,-0.03432577909048135,-1.1155040138488588,-0.03432577909048135,0.24972941509601987,0.07373769092498395,28,robotics,126,ols_rank_normal,tema_arındırılmış
sue_announce,-0.03432577909048135,-1.1155040138488588,-0.03432577909048135,0.2497294150960199,0.07373769092498397,28,robotics,126,ols_rank_normal,ham
sue_announce,-0.029769615881468068,-1.2509265351213752,-0.034140559340956445,0.2350638393792013,0.05562506762107506,28,robotics,126,ols_winsorized_raw,tema_arındırılmış
sue_announce,-0.029769615881468068,-1.2509265351213747,-0.034140559340956445,0.2350638393792013,0.055625067621075094,28,robotics,126,ols_winsorized_raw,ham
sue_announce,-0.02600769836687611,-0.9791562131671817,-0.02600769836687611,0.23644472122390728,0.056762342431450744,28,robotics,126,wls_sqrt_mcap,tema_arındırılmış
sue_announce,-0.026007698366876116,-0.9791562131671814,-0.026007698366876116,0.23644472122390733,0.056762342431450806,28,robotics,126,wls_sqrt_mcap,ham
asset_growth,0.002059288540607539,1.5920875335609554,0.002059288540607539,0.0694934726557207,0.04489311622660948,182,biotech,21,ols_rank_normal,tema_arındırılmış
asset_growth,0.002059288540607539,1.5920875335609557,0.002059288540607539,0.06949347265572069,0.04489311622660948,182,biotech,21,ols_rank_normal,ham
asset_growth,0.003101095206325367,1.493628153754522,0.0023068925273685976,0.06719018147578623,0.04248007583822742,182,biotech,21,ols_winsorized_raw,tema_arındırılmış
asset_growth,0.0031010952063253608,1.4936281537545206,0.002306892527368593,0.06719018147578623,0.04248007583822743,182,biotech,21,ols_winsorized_raw,ham
asset_growth,0.0004922043098922216,0.36282440661017745,0.0004922043098922216,0.09960379715823986,0.07585228443355378,182,biotech,21,wls_sqrt_mcap,tema_arındırılmış
asset_growth,0.0004922043098922285,0.3628244066101825,0.0004922043098922285,0.09960379715823987,0.07585228443355378,182,biotech,21,wls_sqrt_mcap,ham
asset_growth,0.0023481524777741705,0.682975680672095,0.0023481524777741705,0.06058149604466665,0.03540487513543991,180,biotech,63,ols_rank_normal,tema_arındırılmış
asset_growth,0.0023481524777741697,0.6829756806720947,0.0023481524777741697,0.06058149604466667,0.03540487513543994,180,biotech,63,ols_rank_normal,ham
asset_growth,0.006235341159655088,1.240070036269734,0.0046278985129299165,0.05750209210272104,0.032165869419238706,180,biotech,63,ols_winsorized_raw,tema_arındırılmış
asset_growth,0.0062353411596550775,1.2400700362697334,0.004627898512929909,0.05750209210272104,0.03216586941923871,180,biotech,63,ols_winsorized_raw,ham
asset_growth,-0.0005731916793137584,-0.15434284334408813,-0.0005731916793137584,0.09021570996794949,0.06564860519712092,180,biotech,63,wls_sqrt_mcap,tema_arındırılmış
asset_growth,-0.0005731916793137565,-0.1543428433440875,-0.0005731916793137565,0.09021570996794949,0.06564860519712092,180,biotech,63,wls_sqrt_mcap,ham
asset_growth,0.0042198968278568975,0.6809205816306364,0.0042198968278568975,0.05706819642658684,0.03158100529464291,177,biotech,126,ols_rank_normal,tema_arındırılmış
asset_growth,0.004219896827856897,0.6809205816306365,0.004219896827856897,0.05706819642658684,0.03158100529464293,177,biotech,126,ols_rank_normal,ham
asset_growth,0.010314940679328255,1.172600873971036,0.007636755682476768,0.05235024510670932,0.026642397447164876,177,biotech,126,ols_winsorized_raw,tema_arındırılmış
asset_growth,0.010314940679328238,1.172600873971035,0.007636755682476755,0.052350245106709305,0.026642397447164866,177,biotech,126,ols_winsorized_raw,ham
asset_growth,0.0011941000994365007,0.18569383970878026,0.0011941000994365007,0.08094957656531779,0.05590764668954227,177,biotech,126,wls_sqrt_mcap,tema_arındırılmış
asset_growth,0.0011941000994365072,0.1856938397087811,0.0011941000994365072,0.08094957656531779,0.05590764668954227,177,biotech,126,wls_sqrt_mcap,ham
capex_at,-2.8638708642958508e-05,-0.019413175312213215,-2.8638708642958508e-05,0.06779598990338366,0.04233669031406695,182,biotech,21,ols_rank_normal,tema_arındırılmış
capex_at,-2.8638708642956296e-05,-0.019413175312211716,-2.8638708642956296e-05,0.06779598990338366,0.04233669031406695,182,biotech,21,ols_rank_normal,ham
capex_at,-0.059387565695077686,-0.8216895676015116,-0.0011635429019809644,0.06496349397566267,0.03946802718406247,182,biotech,21,ols_winsorized_raw,tema_arındırılmış
capex_at,-0.05938756569507767,-0.8216895676015114,-0.0011635429019809641,0.06496349397566267,0.03946802718406247,182,biotech,21,ols_winsorized_raw,ham
capex_at,-0.001241397041420257,-1.018999834588579,-0.001241397041420257,0.09311627073923698,0.06832102408001073,182,biotech,21,wls_sqrt_mcap,tema_arındırılmış
capex_at,-0.001241397041420255,-1.0189998345885767,-0.001241397041420255,0.09311627073923698,0.0683210240800107,182,biotech,21,wls_sqrt_mcap,ham
capex_at,0.004478249121654449,1.2602425155692782,0.004478249121654449,0.058936865062411324,0.032855430980540744,180,biotech,63,ols_rank_normal,tema_arındırılmış
capex_at,0.00447824912165445,1.2602425155692785,0.00447824912165445,0.05893686506241132,0.032855430980540744,180,biotech,63,ols_rank_normal,ham
capex_at,0.05920148672488009,0.35194413890216986,0.0011627911848795666,0.056001045666400746,0.0298718178425176,180,biotech,63,ols_winsorized_raw,tema_arındırılmış
capex_at,0.05920148672488007,0.35194413890216975,0.0011627911848795661,0.05600104566640075,0.02987181784251761,180,biotech,63,ols_winsorized_raw,ham
capex_at,0.00010194625164062498,0.035566714675660666,0.00010194625164062498,0.08635919057228603,0.061094003124214105,180,biotech,63,wls_sqrt_mcap,tema_arındırılmış
capex_at,0.00010194625164062838,0.03556671467566185,0.00010194625164062838,0.08635919057228603,0.061094003124214105,180,biotech,63,wls_sqrt_mcap,ham
capex_at,0.003607800276606322,0.5166332303028968,0.003607800276606322,0.053707737223890516,0.027358362382136233,177,biotech,126,ols_rank_normal,tema_arındırılmış
capex_at,0.0036078002766063238,0.5166332303028971,0.0036078002766063238,0.05370773722389053,0.027358362382136233,177,biotech,126,ols_rank_normal,ham
capex_at,-0.13474194511377993,-0.40772083355748306,-0.0026574512468081493,0.05325844568107877,0.02712538376463716,177,biotech,126,ols_winsorized_raw,tema_arındırılmış
capex_at,-0.1347419451137801,-0.40772083355748356,-0.002657451246808153,0.05325844568107876,0.02712538376463714,177,biotech,126,ols_winsorized_raw,ham
capex_at,-0.002249377406173811,-0.4418041494335652,-0.002249377406173811,0.07505797477093162,0.04928112463255964,177,biotech,126,wls_sqrt_mcap,tema_arındırılmış
capex_at,-0.002249377406173814,-0.4418041494335658,-0.002249377406173814,0.07505797477093162,0.04928112463255964,177,biotech,126,wls_sqrt_mcap,ham
cash_runway_years,-0.0030510346044027824,-1.739921651586237,-0.0030510346044027824,0.05574153603239869,0.011990255092042379,171,biotech,21,ols_rank_normal,tema_arındırılmış
cash_runway_years,-0.0030510346044027832,-1.7399216515862377,-0.0030510346044027832,0.0557415360323987,0.011990255092042393,171,biotech,21,ols_rank_normal,ham
cash_runway_years,-0.0009828540803482454,-1.4560874994566453,-0.0025473154346984956,0.052287837706188466,0.008050943465948944,171,biotech,21,ols_winsorized_raw,tema_arındırılmış
cash_runway_years,-0.0009828540803482454,-1.4560874994566453,-0.0025473154346984956,0.052287837706188466,0.00805094346594894,171,biotech,21,ols_winsorized_raw,ham
cash_runway_years,-0.0011159647640843172,-0.6381234108979162,-0.0011159647640843172,0.07255570519074207,0.029269134971858457,171,biotech,21,wls_sqrt_mcap,tema_arındırılmış
cash_runway_years,-0.001115964764084307,-0.6381234108979104,-0.001115964764084307,0.07255570519074207,0.029269134971858447,171,biotech,21,wls_sqrt_mcap,ham
cash_runway_years,-0.008714111985777139,-1.9376659863071088,-0.008714111985777139,0.05139712785194463,0.006892136477156027,169,biotech,63,ols_rank_normal,tema_arındırılmış
cash_runway_years,-0.008714111985777142,-1.9376659863071097,-0.008714111985777142,0.051397127851944606,0.006892136477156016,169,biotech,63,ols_rank_normal,ham
cash_runway_years,-0.0025872927931128013,-1.505737543197223,-0.006709584361424708,0.04760388241417305,0.0026958089855710567,169,biotech,63,ols_winsorized_raw,tema_arındırılmış
cash_runway_years,-0.0025872927931127987,-1.5057375431972215,-0.006709584361424702,0.04760388241417306,0.00269580898557107,169,biotech,63,ols_winsorized_raw,ham
cash_runway_years,-0.004072829475563315,-0.8727579010738966,-0.004072829475563315,0.06724835270026716,0.023215617668082417,169,biotech,63,wls_sqrt_mcap,tema_arındırılmış
cash_runway_years,-0.004072829475563306,-0.8727579010738944,-0.004072829475563306,0.06724835270026716,0.02321561766808242,169,biotech,63,wls_sqrt_mcap,ham
cash_runway_years,-0.011961220177118313,-1.6517105108837795,-0.011961220177118313,0.04885235956379945,0.0037631419471803413,166,biotech,126,ols_rank_normal,tema_arındırılmış
cash_runway_years,-0.011961220177118318,-1.6517105108837804,-0.011961220177118318,0.04885235956379945,0.0037631419471803535,166,biotech,126,ols_rank_normal,ham
cash_runway_years,-0.001796282227656417,-0.6179321915554592,-0.004662158836709628,0.04469829609497591,-0.0008847761997030742,166,biotech,126,ols_winsorized_raw,tema_arındırılmış
cash_runway_years,-0.0017962822276564156,-0.6179321915554586,-0.004662158836709625,0.044698296094975894,-0.0008847761997030848,166,biotech,126,ols_winsorized_raw,ham
cash_runway_years,-0.008823082166273767,-1.1342831946437957,-0.008823082166273767,0.060664206898144876,0.016051474526266922,166,biotech,126,wls_sqrt_mcap,tema_arındırılmış
cash_runway_years,-0.008823082166273765,-1.134283194643796,-0.008823082166273765,0.060664206898144876,0.016051474526266922,166,biotech,126,wls_sqrt_mcap,ham
cop_at,6.559283890087874e-05,0.05666468663162393,6.559283890087874e-05,0.10333369834800367,0.05723094786861572,182,biotech,21,ols_rank_normal,tema_arındırılmış
cop_at,6.55928389008775e-05,0.05666468663162287,6.55928389008775e-05,0.10333369834800367,0.05723094786861572,182,biotech,21,ols_rank_normal,ham
cop_at,-0.013354619018656958,-0.9213271771389224,-0.0011001313115533813,0.10471826566248399,0.058702461958127526,182,biotech,21,ols_winsorized_raw,tema_arındırılmış
cop_at,-0.01335461901865695,-0.9213271771389218,-0.0011001313115533806,0.10471826566248396,0.0587024619581275,182,biotech,21,ols_winsorized_raw,ham
cop_at,0.001043089743793572,0.9240589057734532,0.001043089743793572,0.12268533580854307,0.0775593162106024,182,biotech,21,wls_sqrt_mcap,tema_arındırılmış
cop_at,0.0010430897437935683,0.9240589057734495,0.0010430897437935683,0.12268533580854307,0.0775593162106024,182,biotech,21,wls_sqrt_mcap,ham
cop_at,-0.00046672532516560644,-0.174922239370841,-0.00046672532516560644,0.10126344056588586,0.05481137541647022,180,biotech,63,ols_rank_normal,tema_arındırılmış
cop_at,-0.0004667253251656072,-0.1749222393708413,-0.0004667253251656072,0.10126344056588586,0.05481137541647022,180,biotech,63,ols_rank_normal,ham
cop_at,-0.04493636590697282,-1.3070895334156847,-0.003688661721934879,0.10097754560025976,0.0544730455712201,180,biotech,63,ols_winsorized_raw,tema_arındırılmış
cop_at,-0.0449363659069728,-1.3070895334156845,-0.003688661721934877,0.10097754560025975,0.05447304557122011,180,biotech,63,ols_winsorized_raw,ham
cop_at,0.0030498668675529982,1.1547175136444492,0.0030498668675529982,0.11486981165295274,0.06911161184604471,180,biotech,63,wls_sqrt_mcap,tema_arındırılmış
cop_at,0.0030498668675529848,1.1547175136444434,0.0030498668675529848,0.11486981165295275,0.06911161184604474,180,biotech,63,wls_sqrt_mcap,ham
cop_at,-0.000967915003789195,-0.19649144628650225,-0.000967915003789195,0.0983470452715236,0.051557256561177045,177,biotech,126,ols_rank_normal,tema_arındırılmış
cop_at,-0.0009679150037891973,-0.19649144628650272,-0.0009679150037891973,0.09834704527152359,0.05155725656117703,177,biotech,126,ols_rank_normal,ham
cop_at,-0.07109212744458786,-1.0947634141661187,-0.005813759455128389,0.09844510781170046,0.0515873703939651,177,biotech,126,ols_winsorized_raw,tema_arındırılmış
cop_at,-0.07109212744458786,-1.094763414166119,-0.005813759455128389,0.09844510781170046,0.05158737039396509,177,biotech,126,ols_winsorized_raw,ham
cop_at,0.006830705325643813,1.4676459526094405,0.006830705325643813,0.10559345871850756,0.05910153824166295,177,biotech,126,wls_sqrt_mcap,tema_arındırılmış
cop_at,0.006830705325643805,1.4676459526094385,0.006830705325643805,0.10559345871850755,0.05910153824166295,177,biotech,126,wls_sqrt_mcap,ham
dist_52w_high,0.001221004550427264,0.6361792251526117,0.001221004550427264,0.07294825327245659,0.05057501786145443,182,biotech,21,ols_rank_normal,tema_arındırılmış
dist_52w_high,0.0012210045504272638,0.6361792251526116,0.0012210045504272638,0.07294825327245659,0.05057501786145441,182,biotech,21,ols_rank_normal,ham
dist_52w_high,0.018046471066292393,1.5230388289982955,0.003305677652256338,0.07544407650417688,0.05314701251951113,182,biotech,21,ols_winsorized_raw,tema_arındırılmış
dist_52w_high,0.018046471066292393,1.5230388289982955,0.003305677652256338,0.07544407650417687,0.05314701251951112,182,biotech,21,ols_winsorized_raw,ham
dist_52w_high,0.00034342693230451086,0.21666971445195254,0.00034342693230451086,0.09982269286602553,0.0780279795320158,182,biotech,21,wls_sqrt_mcap,tema_arındırılmış
dist_52w_high,0.00034342693230451037,0.21666971445195216,0.00034342693230451037,0.09982269286602553,0.0780279795320158,182,biotech,21,wls_sqrt_mcap,ham
dist_52w_high,0.006904409746910189,1.7239980748214336,0.006904409746910189,0.06291889756247218,0.040083632303057885,180,biotech,63,ols_rank_normal,tema_arındırılmış
dist_52w_high,0.006904409746910189,1.7239980748214336,0.006904409746910189,0.0629188975624722,0.040083632303057885,180,biotech,63,ols_rank_normal,ham
dist_52w_high,0.058333057636556676,2.3956625027806036,0.01068804050939161,0.06465709018231537,0.04186167274051333,180,biotech,63,ols_winsorized_raw,tema_arındırılmış
dist_52w_high,0.0583330576365567,2.3956625027806044,0.010688040509391613,0.06465709018231537,0.04186167274051335,180,biotech,63,ols_winsorized_raw,ham
dist_52w_high,0.0049808350540293716,1.3399371813541365,0.0049808350540293716,0.09070352271156293,0.06843765717245301,180,biotech,63,wls_sqrt_mcap,tema_arındırılmış
dist_52w_high,0.004980835054029361,1.3399371813541332,0.004980835054029361,0.09070352271156293,0.068437657172453,180,biotech,63,wls_sqrt_mcap,ham
dist_52w_high,0.012266978246458483,1.9645129384733522,0.012266978246458483,0.05744747300185719,0.034336951862405506,177,biotech,126,ols_rank_normal,tema_arındırılmış
dist_52w_high,0.012266978246458487,1.9645129384733528,0.012266978246458487,0.05744747300185719,0.034336951862405506,177,biotech,126,ols_rank_normal,ham
dist_52w_high,0.1057107037320673,2.6028325915902095,0.019378177728293262,0.05864285829714221,0.035572702087089625,177,biotech,126,ols_winsorized_raw,tema_arındırılmış
dist_52w_high,0.10571070373206734,2.6028325915902104,0.01937817772829327,0.0586428582971422,0.03557270208708961,177,biotech,126,ols_winsorized_raw,ham
dist_52w_high,0.008460966591381274,1.3261421929864212,0.008460966591381274,0.0817020561177017,0.05903947260599364,177,biotech,126,wls_sqrt_mcap,tema_arındırılmış
dist_52w_high,0.008460966591381264,1.326142192986419,0.008460966591381264,0.0817020561177017,0.05903947260599365,177,biotech,126,wls_sqrt_mcap,ham
droe,0.000831410426424519,0.7455844436227318,0.000831410426424519,0.11110602221103906,0.0625556938661275,182,biotech,21,ols_rank_normal,tema_arındırılmış
droe,0.0008314104264245186,0.7455844436227315,0.0008314104264245186,0.11110602221103906,0.06255569386612753,182,biotech,21,ols_rank_normal,ham
droe,-0.01727335167954282,-0.9437954820496915,-0.002478974203887583,0.11796540218285179,0.06995777872195222,182,biotech,21,ols_winsorized_raw,tema_arındırılmış
droe,-0.01727335167954281,-0.943795482049691,-0.0024789742038875814,0.11796540218285179,0.06995777872195222,182,biotech,21,ols_winsorized_raw,ham
droe,0.00013198283011408687,0.1378295072018714,0.00013198283011408687,0.12924695128776564,0.0815760369069319,182,biotech,21,wls_sqrt_mcap,tema_arındırılmış
droe,0.00013198283011408579,0.13782950720187032,0.00013198283011408579,0.12924695128776562,0.08157603690693191,182,biotech,21,wls_sqrt_mcap,ham
droe,0.002824903730360924,1.069872195536228,0.002824903730360924,0.11035510928577617,0.06135682528867634,180,biotech,63,ols_rank_normal,tema_arındırılmış
droe,0.002824903730360921,1.069872195536227,0.002824903730360921,0.11035510928577617,0.06135682528867634,180,biotech,63,ols_rank_normal,ham
droe,-0.016654777239293417,-0.6424295868532244,-0.002364369333233806,0.11281130281233195,0.06407545016897341,180,biotech,63,ols_winsorized_raw,tema_arındırılmış
droe,-0.016654777239293445,-0.6424295868532255,-0.0023643693332338097,0.11281130281233198,0.06407545016897345,180,biotech,63,ols_winsorized_raw,ham
droe,0.00028744932423262947,0.11241852260282621,0.00028744932423262947,0.12251586083784875,0.07401377576296803,180,biotech,63,wls_sqrt_mcap,tema_arındırılmış
droe,0.00028744932423262545,0.11241852260282466,0.00028744932423262545,0.12251586083784874,0.07401377576296803,180,biotech,63,wls_sqrt_mcap,ham
droe,0.0024403992299413635,0.48046605141113197,0.0024403992299413635,0.10626170294091546,0.05674260979986239,177,biotech,126,ols_rank_normal,tema_arındırılmış
droe,0.0024403992299413613,0.4804660514111316,0.0024403992299413613,0.10626170294091546,0.05674260979986239,177,biotech,126,ols_rank_normal,ham
droe,-0.07456780644992599,-1.149861090190444,-0.010433976754925725,0.10860766750709039,0.05939673571063107,177,biotech,126,ols_winsorized_raw,tema_arındırılmış
droe,-0.07456780644992601,-1.1498610901904445,-0.010433976754925729,0.10860766750709039,0.05939673571063107,177,biotech,126,ols_winsorized_raw,ham
droe,-0.0017576178117162358,-0.3700297128908025,-0.0017576178117162358,0.1144886503791692,0.06522685617118425,177,biotech,126,wls_sqrt_mcap,tema_arındırılmış
droe,-0.001757617811716234,-0.37002971289080205,-0.001757617811716234,0.11448865037916921,0.06522685617118425,177,biotech,126,wls_sqrt_mcap,ham
ear_3d,-0.0018070905172899204,-1.6088166864770432,-0.0018070905172899204,0.06487620397313332,0.039378153385338566,182,biotech,21,ols_rank_normal,tema_arındırılmış
ear_3d,-0.001807090517289921,-1.6088166864770437,-0.001807090517289921,0.06487620397313335,0.0393781533853386,182,biotech,21,ols_rank_normal,ham
ear_3d,-0.020151022232993258,-1.5405660590127346,-0.001973643841277212,0.06367086387613158,0.03815956084651836,182,biotech,21,ols_winsorized_raw,tema_arındırılmış
ear_3d,-0.020151022232993237,-1.5405660590127328,-0.00197364384127721,0.0636708638761316,0.03815956084651839,182,biotech,21,ols_winsorized_raw,ham
ear_3d,-0.0007178965062004124,-0.74684276453599,-0.0007178965062004124,0.090424317965259,0.06559022584867567,182,biotech,21,wls_sqrt_mcap,tema_arındırılmış
ear_3d,-0.0007178965062004185,-0.7468427645359964,-0.0007178965062004185,0.090424317965259,0.06559022584867565,182,biotech,21,wls_sqrt_mcap,ham
ear_3d,-0.004151516602228752,-1.7975280257134785,-0.004151516602228752,0.05699670363807936,0.03112087218697578,180,biotech,63,ols_rank_normal,tema_arındırılmış
ear_3d,-0.004151516602228752,-1.7975280257134785,-0.004151516602228752,0.05699670363807936,0.031120872186975786,180,biotech,63,ols_rank_normal,ham
ear_3d,-0.052301503429769566,-1.9036594667333697,-0.005109062187894089,0.056719617882112675,0.03081206252141196,180,biotech,63,ols_winsorized_raw,tema_arındırılmış
ear_3d,-0.052301503429769566,-1.9036594667333695,-0.005109062187894089,0.056719617882112675,0.030812062521411956,180,biotech,63,ols_winsorized_raw,ham
ear_3d,-0.002541457338529665,-1.1827723573919415,-0.002541457338529665,0.08229223271222705,0.05703017329173782,180,biotech,63,wls_sqrt_mcap,tema_arındırılmış
ear_3d,-0.0025414573385296717,-1.1827723573919446,-0.0025414573385296717,0.08229223271222706,0.057030173291737804,180,biotech,63,wls_sqrt_mcap,ham
ear_3d,-0.00014605581691319624,-0.03826133235701501,-0.00014605581691319624,0.053916392867717614,0.027936667292998183,177,biotech,126,ols_rank_normal,tema_arındırılmış
ear_3d,-0.00014605581691319589,-0.03826133235701492,-0.00014605581691319589,0.053916392867717614,0.027936667292998183,177,biotech,126,ols_rank_normal,ham
ear_3d,0.018811866147971215,0.3881552144774648,0.0018332174738409518,0.05394886202768546,0.027929463165356654,177,biotech,126,ols_winsorized_raw,tema_arındırılmış
ear_3d,0.018811866147971167,0.3881552144774639,0.001833217473840947,0.05394886202768545,0.027929463165356647,177,biotech,126,ols_winsorized_raw,ham
ear_3d,0.0004444157972323473,0.12197630459670623,0.0004444157972323473,0.07835758167689716,0.05301539770175384,177,biotech,126,wls_sqrt_mcap,tema_arındırılmış
ear_3d,0.00044441579723233693,0.12197630459670343,0.00044441579723233693,0.07835758167689716,0.05301539770175384,177,biotech,126,wls_sqrt_mcap,ham
gross_profitability,-0.0009500775236502681,-0.8164728430616297,-0.0009500775236502681,0.11547318399886068,0.06546057105797076,182,biotech,21,ols_rank_normal,tema_arındırılmış
gross_profitability,-0.0009500775236502691,-0.8164728430616306,-0.0009500775236502691,0.11547318399886068,0.06546057105797078,182,biotech,21,ols_rank_normal,ham
gross_profitability,-0.005132564274623071,-0.7781532458878798,-0.0009464218759085174,0.11518684357700341,0.06513988590927386,182,biotech,21,ols_winsorized_raw,tema_arındırılmış
gross_profitability,-0.005132564274623046,-0.778153245887876,-0.0009464218759085127,0.11518684357700341,0.06513988590927387,182,biotech,21,ols_winsorized_raw,ham
gross_profitability,-8.379139189783745e-05,-0.07921038440535381,-8.379139189783745e-05,0.13440140445602877,0.08544618843699137,182,biotech,21,wls_sqrt_mcap,tema_arındırılmış
gross_profitability,-8.379139189783552e-05,-0.07921038440535198,-8.379139189783552e-05,0.13440140445602877,0.08544618843699131,182,biotech,21,wls_sqrt_mcap,ham
gross_profitability,-0.002417149853731454,-0.8247454030525161,-0.002417149853731454,0.11310977726468681,0.06274486613055799,180,biotech,63,ols_rank_normal,tema_arındırılmış
gross_profitability,-0.0024171498537314557,-0.8247454030525168,-0.0024171498537314557,0.11310977726468682,0.06274486613055802,180,biotech,63,ols_rank_normal,ham
gross_profitability,-0.01717562219567496,-1.1152497885776018,-0.0031542977159270563,0.11314849598771709,0.0627452067805802,180,biotech,63,ols_winsorized_raw,tema_arındırılmış
gross_profitability,-0.01717562219567492,-1.1152497885775996,-0.003154297715927049,0.11314849598771709,0.06274520678058021,180,biotech,63,ols_winsorized_raw,ham
gross_profitability,0.0005343757599318312,0.19460554721656054,0.0005343757599318312,0.12565609734289787,0.07599581306475783,180,biotech,63,wls_sqrt_mcap,tema_arındırılmış
gross_profitability,0.0005343757599318295,0.19460554721655982,0.0005343757599318295,0.12565609734289784,0.0759958130647578,180,biotech,63,wls_sqrt_mcap,ham
gross_profitability,-0.0025366992875005823,-0.41569218993207974,-0.0025366992875005823,0.10794061344745316,0.05702840017452612,177,biotech,126,ols_rank_normal,tema_arındırılmış
gross_profitability,-0.0025366992875005844,-0.41569218993208007,-0.0025366992875005844,0.10794061344745316,0.057028400174526137,177,biotech,126,ols_rank_normal,ham
gross_profitability,-0.02727868029532204,-0.8546873170219004,-0.004983147512832586,0.10664658825309312,0.055520107041954,177,biotech,126,ols_winsorized_raw,tema_arındırılmış
gross_profitability,-0.02727868029532202,-0.8546873170218999,-0.004983147512832581,0.10664658825309312,0.055520107041954016,177,biotech,126,ols_winsorized_raw,ham
gross_profitability,0.0038157397773040534,0.6771696058732152,0.0038157397773040534,0.11654957385140728,0.06608302307592222,177,biotech,126,wls_sqrt_mcap,tema_arındırılmış
gross_profitability,0.003815739777304061,0.6771696058732165,0.003815739777304061,0.11654957385140725,0.0660830230759222,177,biotech,126,wls_sqrt_mcap,ham
idio_vol_60d,-0.00033835428545320466,-0.17396036818111496,-0.00033835428545320466,0.0664547104864832,0.04381405487539582,182,biotech,21,ols_rank_normal,tema_arındırılmış
idio_vol_60d,-0.00033835428545320536,-0.17396036818111535,-0.00033835428545320536,0.0664547104864832,0.043814054875395816,182,biotech,21,ols_rank_normal,ham
idio_vol_60d,-0.0017729877487443959,-0.2762364183539812,-0.0005971652167343492,0.06553209638235413,0.04288774718260281,182,biotech,21,ols_winsorized_raw,tema_arındırılmış
idio_vol_60d,-0.001772987748744401,-0.276236418353982,-0.0005971652167343509,0.06553209638235415,0.042887747182602826,182,biotech,21,ols_winsorized_raw,ham
idio_vol_60d,0.0007136798113882597,0.40420289070604876,0.0007136798113882597,0.09903958556561239,0.07712743817489777,182,biotech,21,wls_sqrt_mcap,tema_arındırılmış
idio_vol_60d,0.00071367981138826,0.4042028907060489,0.00071367981138826,0.09903958556561239,0.0771274381748978,182,biotech,21,wls_sqrt_mcap,ham
idio_vol_60d,-0.0010186863473616269,-0.21412150539652636,-0.0010186863473616269,0.06012010686448019,0.03715525378682981,180,biotech,63,ols_rank_normal,tema_arındırılmış
idio_vol_60d,-0.0010186863473616295,-0.21412150539652688,-0.0010186863473616295,0.06012010686448018,0.0371552537868298,180,biotech,63,ols_rank_normal,ham
idio_vol_60d,-0.005531833329984268,-0.3453099857384858,-0.0018650430788409139,0.06011912734738692,0.03716597883756409,180,biotech,63,ols_winsorized_raw,tema_arındırılmış
idio_vol_60d,-0.005531833329984276,-0.3453099857384863,-0.0018650430788409165,0.060119127347386926,0.037165978837564104,180,biotech,63,ols_winsorized_raw,ham
idio_vol_60d,0.0017701299596038222,0.35900181479406945,0.0017701299596038222,0.09345198490570271,0.07120696415252545,180,biotech,63,wls_sqrt_mcap,tema_arındırılmış
idio_vol_60d,0.001770129959603823,0.3590018147940696,0.001770129959603823,0.09345198490570271,0.07120696415252542,180,biotech,63,wls_sqrt_mcap,ham
idio_vol_60d,0.009372997290039296,1.1472272672073236,0.009372997290039296,0.05920492575281627,0.03607291947413719,177,biotech,126,ols_rank_normal,tema_arındırılmış
idio_vol_60d,0.009372997290039294,1.1472272672073234,0.009372997290039294,0.05920492575281626,0.036072919474137176,177,biotech,126,ols_rank_normal,ham
idio_vol_60d,0.013531292454946487,0.5366300659363649,0.0045735263239255084,0.05574194546214369,0.03251844710517517,177,biotech,126,ols_winsorized_raw,tema_arındırılmış
idio_vol_60d,0.013531292454946489,0.536630065936365,0.004573526323925509,0.055741945462143686,0.03251844710517517,177,biotech,126,ols_winsorized_raw,ham
idio_vol_60d,0.008251481660527095,0.88207735112533,0.008251481660527095,0.08908942164473123,0.0665926687716171,177,biotech,126,wls_sqrt_mcap,tema_arındırılmış
idio_vol_60d,0.008251481660527093,0.8820773511253299,0.008251481660527093,0.08908942164473121,0.0665926687716171,177,biotech,126,wls_sqrt_mcap,ham
max_ret_21d,2.7894761331283347e-06,0.0017574808134045278,2.7894761331283347e-06,0.06380585106036765,0.04103286585727828,182,biotech,21,ols_rank_normal,tema_arındırılmış
max_ret_21d,2.789476133129802e-06,0.001757480813405452,2.789476133129802e-06,0.06380585106036764,0.04103286585727827,182,biotech,21,ols_rank_normal,ham
max_ret_21d,-0.00295054392175347,-0.12047434240223817,-0.0002447739670105227,0.06626952209595598,0.04360341476304682,182,biotech,21,ols_winsorized_raw,tema_arındırılmış
max_ret_21d,-0.002950543921753487,-0.12047434240223887,-0.0002447739670105241,0.06626952209595598,0.04360341476304682,182,biotech,21,ols_winsorized_raw,ham
max_ret_21d,0.001578984674827586,1.1316210678136032,0.001578984674827586,0.09532785203391565,0.07328579510727865,182,biotech,21,wls_sqrt_mcap,tema_arındırılmış
max_ret_21d,0.0015789846748275895,1.131621067813605,0.0015789846748275895,0.09532785203391565,0.07328579510727863,182,biotech,21,wls_sqrt_mcap,ham
max_ret_21d,-0.0005793609358000823,-0.16650138911788964,-0.0005793609358000823,0.05603272409496889,0.032817040715486544,180,biotech,63,ols_rank_normal,tema_arındırılmış
max_ret_21d,-0.0005793609358000833,-0.16650138911788995,-0.0005793609358000833,0.05603272409496889,0.032817040715486544,180,biotech,63,ols_rank_normal,ham
max_ret_21d,-0.03071898700447904,-0.6258192391699362,-0.002543388508710482,0.0562709389734245,0.03308306294602089,180,biotech,63,ols_winsorized_raw,tema_arındırılmış
max_ret_21d,-0.030718987004479045,-0.6258192391699363,-0.0025433885087104828,0.0562709389734245,0.033083062946020904,180,biotech,63,ols_winsorized_raw,ham
max_ret_21d,0.0021146094638129108,0.6582831912985739,0.0021146094638129108,0.08699953248931504,0.0644944942691501,180,biotech,63,wls_sqrt_mcap,tema_arındırılmış
max_ret_21d,0.0021146094638129073,0.6582831912985726,0.0021146094638129073,0.08699953248931502,0.0644944942691501,180,biotech,63,wls_sqrt_mcap,ham
max_ret_21d,0.003962876472131868,0.6793047247124603,0.003962876472131868,0.05503638212684791,0.031721003793834086,177,biotech,126,ols_rank_normal,tema_arındırılmış
max_ret_21d,0.00396287647213187,0.6793047247124606,0.00396287647213187,0.0550363821268479,0.03172100379383408,177,biotech,126,ols_rank_normal,ham
max_ret_21d,-0.06153305909950978,-0.6399311335695966,-0.005098038556342635,0.05295723807640382,0.029631600411880926,177,biotech,126,ols_winsorized_raw,tema_arındırılmış
max_ret_21d,-0.06153305909950984,-0.6399311335695972,-0.0050980385563426395,0.05295723807640382,0.02963160041188092,177,biotech,126,ols_winsorized_raw,ham
max_ret_21d,0.0057735095228059275,0.9749734185654482,0.0057735095228059275,0.08363114326032699,0.060982561976137266,177,biotech,126,wls_sqrt_mcap,tema_arındırılmış
max_ret_21d,0.005773509522805925,0.974973418565447,0.005773509522805925,0.08363114326032699,0.060982561976137245,177,biotech,126,wls_sqrt_mcap,ham
mom_12_1,0.0015907285874010525,1.0037466132570982,0.0015907285874010525,0.06854002722426018,0.04590704414704582,182,biotech,21,ols_rank_normal,tema_arındırılmış
mom_12_1,0.0015907285874010527,1.0037466132570982,0.0015907285874010527,0.06854002722426018,0.045907044147045814,182,biotech,21,ols_rank_normal,ham
mom_12_1,0.0019223320746215328,0.8245005839268567,0.0018371504775527734,0.064883056828534,0.042099214203923284,182,biotech,21,ols_winsorized_raw,tema_arındırılmış
mom_12_1,0.0019223320746215285,0.8245005839268547,0.0018371504775527693,0.06488305682853399,0.04209921420392328,182,biotech,21,ols_winsorized_raw,ham
mom_12_1,0.0013003064334705843,0.8014269498072076,0.0013003064334705843,0.0995608269087824,0.07764639773951121,182,biotech,21,wls_sqrt_mcap,tema_arındırılmış
mom_12_1,0.0013003064334705865,0.801426949807209,0.0013003064334705865,0.09956082690878239,0.07764639773951122,182,biotech,21,wls_sqrt_mcap,ham
mom_12_1,0.006157482635214031,1.6207653945957654,0.006157482635214031,0.05966218280654415,0.03658557368509311,180,biotech,63,ols_rank_normal,tema_arındırılmış
mom_12_1,0.00615748263521403,1.6207653945957652,0.00615748263521403,0.059662182806544166,0.03658557368509311,180,biotech,63,ols_rank_normal,ham
mom_12_1,0.009047365553430473,1.736918538780675,0.00859169989083108,0.055473131991567864,0.03220363833724955,180,biotech,63,ols_winsorized_raw,tema_arındırılmış
mom_12_1,0.009047365553430473,1.7369185387806747,0.00859169989083108,0.055473131991567864,0.03220363833724956,180,biotech,63,ols_winsorized_raw,ham
mom_12_1,0.0056991197775525665,1.4002912461529327,0.0056991197775525665,0.0911023542917249,0.06872137473120131,180,biotech,63,wls_sqrt_mcap,tema_arındırılmış
mom_12_1,0.005699119777552562,1.4002912461529318,0.005699119777552562,0.09110235429172493,0.06872137473120132,180,biotech,63,wls_sqrt_mcap,ham
mom_12_1,0.00871393954170721,1.3825828957225677,0.00871393954170721,0.0539265083875341,0.030578537499593154,177,biotech,126,ols_rank_normal,tema_arındırılmış
mom_12_1,0.00871393954170721,1.3825828957225679,0.00871393954170721,0.05392650838753411,0.030578537499593165,177,biotech,126,ols_rank_normal,ham
mom_12_1,0.012331544259253207,1.6718579923417467,0.011501805066984313,0.05062338565587112,0.02713806240897948,177,biotech,126,ols_winsorized_raw,tema_arındırılmış
mom_12_1,0.012331544259253202,1.6718579923417456,0.011501805066984307,0.050623385655871114,0.02713806240897947,177,biotech,126,ols_winsorized_raw,ham
mom_12_1,0.007978747920918175,1.158889089618567,0.007978747920918175,0.08177802933461929,0.05903483697096028,177,biotech,126,wls_sqrt_mcap,tema_arındırılmış
mom_12_1,0.007978747920918166,1.158889089618566,0.007978747920918166,0.0817780293346193,0.05903483697096028,177,biotech,126,wls_sqrt_mcap,ham
share_issuance,0.0012856840067729095,0.8039195703385625,0.0012856840067729095,0.06915742569687776,0.04377558945050651,182,biotech,21,ols_rank_normal,tema_arındırılmış
share_issuance,0.0012856840067729113,0.8039195703385636,0.0012856840067729113,0.06915742569687776,0.04377558945050649,182,biotech,21,ols_rank_normal,ham
share_issuance,-0.00394071387395526,-0.3960693462698141,-0.0007337535241375137,0.06847945097741036,0.043104733873821126,182,biotech,21,ols_winsorized_raw,tema_arındırılmış
share_issuance,-0.003940713873955251,-0.39606934626981327,-0.0007337535241375121,0.06847945097741036,0.04310473387382115,182,biotech,21,ols_winsorized_raw,ham
share_issuance,0.0012885630896660538,0.8945741412787942,0.0012885630896660538,0.10240263748218517,0.07799818795588423,182,biotech,21,wls_sqrt_mcap,tema_arındırılmış
share_issuance,0.001288563089666053,0.8945741412787938,0.001288563089666053,0.10240263748218519,0.07799818795588423,182,biotech,21,wls_sqrt_mcap,ham
share_issuance,-0.0008638327557103614,-0.19169472467072993,-0.0008638327557103614,0.0631280155545826,0.03747709235941823,180,biotech,63,ols_rank_normal,tema_arındırılmış
share_issuance,-0.0008638327557103598,-0.1916947246707296,-0.0008638327557103598,0.0631280155545826,0.03747709235941824,180,biotech,63,ols_rank_normal,ham
share_issuance,-0.027396162707518743,-0.9510660363976359,-0.005067479888618423,0.06254191712447624,0.036873505194125945,180,biotech,63,ols_winsorized_raw,tema_arındırılmış
share_issuance,-0.02739616270751872,-0.951066036397635,-0.005067479888618419,0.06254191712447625,0.03687350519412595,180,biotech,63,ols_winsorized_raw,ham
share_issuance,0.00046008872978783817,0.10984544673022822,0.00046008872978783817,0.09589161925394865,0.0710019405843893,180,biotech,63,wls_sqrt_mcap,tema_arındırılmış
share_issuance,0.00046008872978783915,0.10984544673022849,0.00046008872978783915,0.09589161925394865,0.0710019405843893,180,biotech,63,wls_sqrt_mcap,ham
share_issuance,-0.0017270948482665906,-0.20440841681325742,-0.0017270948482665906,0.062044652797760634,0.036172144238084514,177,biotech,126,ols_rank_normal,tema_arındırılmış
share_issuance,-0.0017270948482665891,-0.20440841681325722,-0.0017270948482665891,0.06204465279776067,0.03617214423808452,177,biotech,126,ols_rank_normal,ham
share_issuance,-0.029900398769952673,-0.6143278850454658,-0.005454831557261199,0.058467963351031715,0.032519466952452274,177,biotech,126,ols_winsorized_raw,tema_arındırılmış
share_issuance,-0.029900398769952652,-0.6143278850454654,-0.005454831557261196,0.058467963351031715,0.032519466952452294,177,biotech,126,ols_winsorized_raw,ham
share_issuance,0.000949057839412752,0.12493867191802727,0.000949057839412752,0.08784756073346181,0.06252176874268817,177,biotech,126,wls_sqrt_mcap,tema_arındırılmış
share_issuance,0.0009490578394127463,0.12493867191802656,0.0009490578394127463,0.08784756073346181,0.06252176874268815,177,biotech,126,wls_sqrt_mcap,ham
sue,0.00012344663915543055,0.117177781575408,0.00012344663915543055,0.10849022411255659,0.05969353351132662,182,biotech,21,ols_rank_normal,tema_arındırılmış
sue,0.00012344663915543025,0.11717778157540769,0.00012344663915543025,0.10849022411255656,0.05969353351132662,182,biotech,21,ols_rank_normal,ham
sue,-0.00035406344089045555,-0.36413227818953126,-0.0004092852361141813,0.11182381443737952,0.06364659164446312,182,biotech,21,ols_winsorized_raw,tema_arındırılmış
sue,-0.0003540634408904541,-0.36413227818952976,-0.0004092852361141796,0.11182381443737949,0.0636465916444631,182,biotech,21,ols_winsorized_raw,ham
sue,-0.00011480012903029788,-0.1201057652630098,-0.00011480012903029788,0.1269958047101137,0.07874945884170184,182,biotech,21,wls_sqrt_mcap,tema_arındırılmış
sue,-0.00011480012903029971,-0.12010576526301178,-0.00011480012903029971,0.1269958047101137,0.07874945884170186,182,biotech,21,wls_sqrt_mcap,ham
sue,0.0012388138166848466,0.5212515151365323,0.0012388138166848466,0.10140405670483968,0.05072777063782918,180,biotech,63,ols_rank_normal,tema_arındırılmış
sue,0.001238813816684848,0.5212515151365329,0.001238813816684848,0.10140405670483972,0.0507277706378292,180,biotech,63,ols_rank_normal,ham
sue,0.00019313406172664444,0.09052653327734764,0.00022332636442049848,0.10114361050646016,0.05056263673665459,180,biotech,63,ols_winsorized_raw,tema_arındırılmış
sue,0.00019313406172664414,0.09052653327734753,0.00022332636442049813,0.10114361050646016,0.05056263673665457,180,biotech,63,ols_winsorized_raw,ham
sue,0.00024942112618539974,0.10499362150617085,0.00024942112618539974,0.11652021104553466,0.06634458642766698,180,biotech,63,wls_sqrt_mcap,tema_arındırılmış
sue,0.0002494211261853969,0.1049936215061697,0.0002494211261853969,0.11652021104553463,0.06634458642766697,180,biotech,63,wls_sqrt_mcap,ham
sue,0.002754347933404773,0.66033439019869,0.002754347933404773,0.09667281652828127,0.04524421922618328,177,biotech,126,ols_rank_normal,tema_arındırılmış
sue,0.002754347933404776,0.6603343901986907,0.002754347933404776,0.09667281652828125,0.045244219226183276,177,biotech,126,ols_rank_normal,ham
sue,0.0008440101903080744,0.22829719770324186,0.000977243080224935,0.09635140433694382,0.04499298730467465,177,biotech,126,ols_winsorized_raw,tema_arındırılmış
sue,0.0008440101903080687,0.22829719770324042,0.0009772430802249285,0.09635140433694382,0.04499298730467465,177,biotech,126,ols_winsorized_raw,ham
sue,0.0002451909542067396,0.05947130603878456,0.0002451909542067396,0.11240611775770547,0.061785026240341816,177,biotech,126,wls_sqrt_mcap,tema_arındırılmış
sue,0.00024519095420672704,0.05947130603878149,0.00024519095420672704,0.11240611775770547,0.06178502624034181,177,biotech,126,wls_sqrt_mcap,ham
sue_announce,0.0014188791310292765,0.9639626303883883,0.0014188791310292765,0.11110764574961776,0.05421195123252672,182,biotech,21,ols_rank_normal,tema_arındırılmış
sue_announce,0.0014188791310292758,0.9639626303883879,0.0014188791310292758,0.11110764574961776,0.054211951232526735,182,biotech,21,ols_rank_normal,ham
sue_announce,0.001108430077150043,1.0974492030122611,0.0016963996749666556,0.10619630172355136,0.048879536605522016,182,biotech,21,ols_winsorized_raw,tema_arındırılmış
sue_announce,0.0011084300771500427,1.0974492030122607,0.0016963996749666554,0.10619630172355132,0.04887953660552201,182,biotech,21,ols_winsorized_raw,ham
sue_announce,0.0010831614563967958,1.0249958277389632,0.0010831614563967958,0.13243646529834283,0.07681296571526636,182,biotech,21,wls_sqrt_mcap,tema_arındırılmış
sue_announce,0.0010831614563967993,1.0249958277389661,0.0010831614563967993,0.13243646529834283,0.07681296571526638,182,biotech,21,wls_sqrt_mcap,ham
sue_announce,0.007799107440831264,2.1172200139663775,0.007799107440831264,0.10180970946546856,0.04407694699013172,180,biotech,63,ols_rank_normal,tema_arındırılmış
sue_announce,0.007799107440831261,2.117220013966377,0.007799107440831261,0.10180970946546854,0.04407694699013172,180,biotech,63,ols_rank_normal,ham
sue_announce,0.005555547135030996,2.2182223031362276,0.00850694143075456,0.09618030829276064,0.037939140515117646,180,biotech,63,ols_winsorized_raw,tema_arındırılmış
sue_announce,0.005555547135030992,2.2182223031362263,0.008506941430754554,0.09618030829276063,0.03793914051511763,180,biotech,63,ols_winsorized_raw,ham
sue_announce,0.005062023704763494,1.7530288238692848,0.005062023704763494,0.12674304631481118,0.07038241744383474,180,biotech,63,wls_sqrt_mcap,tema_arındırılmış
sue_announce,0.0050620237047634955,1.7530288238692862,0.0050620237047634955,0.12674304631481118,0.07038241744383478,180,biotech,63,wls_sqrt_mcap,ham
sue_announce,0.016356506839218233,2.1421692438215287,0.016356506839218233,0.10756387491494732,0.049990985212156856,177,biotech,126,ols_rank_normal,tema_arındırılmış
sue_announce,0.01635650683921824,2.14216924382153,0.01635650683921824,0.10756387491494732,0.049990985212156856,177,biotech,126,ols_rank_normal,ham
sue_announce,0.0121374391810388,2.605255622123192,0.01861476447870654,0.0993160580822024,0.04090536337356504,177,biotech,126,ols_winsorized_raw,tema_arındırılmış
sue_announce,0.01213743918103879,2.6052556221231895,0.01861476447870652,0.09931605808220235,0.04090536337356502,177,biotech,126,ols_winsorized_raw,ham
sue_announce,0.009587383666335639,1.4105103537918395,0.009587383666335639,0.13367977717056556,0.0775492808280702,177,biotech,126,wls_sqrt_mcap,tema_arındırılmış
sue_announce,0.009587383666335644,1.4105103537918404,0.009587383666335644,0.13367977717056556,0.07754928082807022,177,biotech,126,wls_sqrt_mcap,ham
asset_growth,-0.001740996515430904,-0.7790899816071982,-0.001740996515430904,0.41488249650097947,0.18211000897183152,175,biotech,21,ols_rank_normal_all,tema_arındırılmış
capex_at,0.002932983097375412,1.4522544371142918,0.002932983097375412,0.41488249650097947,0.18211000897183152,175,biotech,21,ols_rank_normal_all,tema_arındırılmış
cash_runway_years,-0.000836458780372168,-0.22520508180712492,-0.000836458780372168,0.41488249650097947,0.18211000897183152,175,biotech,21,ols_rank_normal_all,tema_arındırılmış
cop_at,0.0010781875837161722,0.3371226850701225,0.0010781875837161722,0.41488249650097947,0.18211000897183152,175,biotech,21,ols_rank_normal_all,tema_arındırılmış
dist_52w_high,0.0029243372599495354,1.1875289065667447,0.0029243372599495354,0.41488249650097947,0.18211000897183152,175,biotech,21,ols_rank_normal_all,tema_arındırılmış
droe,0.0005698270924451445,0.2332995755727914,0.0005698270924451445,0.41488249650097947,0.18211000897183152,175,biotech,21,ols_rank_normal_all,tema_arındırılmış
ear_3d,0.0001432714899277167,0.08790892713371135,0.0001432714899277167,0.41488249650097947,0.18211000897183152,175,biotech,21,ols_rank_normal_all,tema_arındırılmış
ebit_ev,-0.003892419402618038,-1.1066654257368886,-0.003892419402618038,0.41488249650097947,0.18211000897183152,175,biotech,21,ols_rank_normal_all,tema_arındırılmış
gross_profitability,0.0031635381604419735,1.4591398467988095,0.0031635381604419735,0.41488249650097947,0.18211000897183152,175,biotech,21,ols_rank_normal_all,tema_arındırılmış
idio_vol_60d,-0.004744583879221331,-1.665352138875473,-0.004744583879221331,0.41488249650097947,0.18211000897183152,175,biotech,21,ols_rank_normal_all,tema_arındırılmış
max_ret_21d,0.0018633044047576756,0.8381065493988662,0.0018633044047576756,0.41488249650097947,0.18211000897183152,175,biotech,21,ols_rank_normal_all,tema_arındırılmış
mom_12_1,0.001556074833409292,0.6947009280709144,0.001556074833409292,0.41488249650097947,0.18211000897183152,175,biotech,21,ols_rank_normal_all,tema_arındırılmış
ocf_ev,0.0016790737850648529,0.477057211271272,0.0016790737850648529,0.41488249650097947,0.18211000897183152,175,biotech,21,ols_rank_normal_all,tema_arındırılmış
share_issuance,0.002546607652589516,1.2294750764590336,0.002546607652589516,0.41488249650097947,0.18211000897183152,175,biotech,21,ols_rank_normal_all,tema_arındırılmış
sue,0.001108012685319314,0.4591190155007758,0.001108012685319314,0.41488249650097947,0.18211000897183152,175,biotech,21,ols_rank_normal_all,tema_arındırılmış
asset_growth,-0.0059239874683802585,-1.1006980330775007,-0.0059239874683802585,0.398498643037089,0.1535123124832598,173,biotech,63,ols_rank_normal_all,tema_arındırılmış
capex_at,0.008523853032447752,1.662988114679809,0.008523853032447752,0.398498643037089,0.1535123124832598,173,biotech,63,ols_rank_normal_all,tema_arındırılmış
cash_runway_years,0.003255642046111253,0.40476065933514144,0.003255642046111253,0.398498643037089,0.1535123124832598,173,biotech,63,ols_rank_normal_all,tema_arındırılmış
cop_at,-0.002287484122409059,-0.25528238235892187,-0.002287484122409059,0.398498643037089,0.1535123124832598,173,biotech,63,ols_rank_normal_all,tema_arındırılmış
dist_52w_high,0.00036504203944090084,0.058293506238955975,0.00036504203944090084,0.398498643037089,0.1535123124832598,173,biotech,63,ols_rank_normal_all,tema_arındırılmış
droe,-0.00019385974452682873,-0.03667479749831011,-0.00019385974452682873,0.398498643037089,0.1535123124832598,173,biotech,63,ols_rank_normal_all,tema_arındırılmış
ear_3d,0.001760081331433931,0.43130683897627486,0.001760081331433931,0.398498643037089,0.1535123124832598,173,biotech,63,ols_rank_normal_all,tema_arındırılmış
ebit_ev,-0.010083093061707868,-1.2720854017814458,-0.010083093061707868,0.398498643037089,0.1535123124832598,173,biotech,63,ols_rank_normal_all,tema_arındırılmış
gross_profitability,0.0077206780758169785,1.305610340620008,0.0077206780758169785,0.398498643037089,0.1535123124832598,173,biotech,63,ols_rank_normal_all,tema_arındırılmış
idio_vol_60d,-0.000693964614969687,-0.12299591633385608,-0.000693964614969687,0.398498643037089,0.1535123124832598,173,biotech,63,ols_rank_normal_all,tema_arındırılmış
max_ret_21d,-0.00042810161286158707,-0.10457274599044944,-0.00042810161286158707,0.398498643037089,0.1535123124832598,173,biotech,63,ols_rank_normal_all,tema_arındırılmış
mom_12_1,0.005859613899177348,1.067767382580581,0.005859613899177348,0.398498643037089,0.1535123124832598,173,biotech,63,ols_rank_normal_all,tema_arındırılmış
ocf_ev,0.0055758263496692995,0.7375965302474599,0.0055758263496692995,0.398498643037089,0.1535123124832598,173,biotech,63,ols_rank_normal_all,tema_arındırılmış
share_issuance,0.002356618672857635,0.47378799125817583,0.002356618672857635,0.398498643037089,0.1535123124832598,173,biotech,63,ols_rank_normal_all,tema_arındırılmış
sue,0.004002457735389393,0.7516912598733348,0.004002457735389393,0.398498643037089,0.1535123124832598,173,biotech,63,ols_rank_normal_all,tema_arındırılmış
asset_growth,-0.013425090854408765,-1.3501670986657213,-0.013425090854408765,0.3905246423528726,0.1391852849519426,170,biotech,126,ols_rank_normal_all,tema_arındırılmış
capex_at,0.010085303942715442,1.0984758190943849,0.010085303942715442,0.3905246423528726,0.1391852849519426,170,biotech,126,ols_rank_normal_all,tema_arındırılmış
cash_runway_years,-0.0029854991399728423,-0.20722562645333703,-0.0029854991399728423,0.3905246423528726,0.1391852849519426,170,biotech,126,ols_rank_normal_all,tema_arındırılmış
cop_at,-0.0007120134167912391,-0.05906092916832902,-0.0007120134167912391,0.3905246423528726,0.1391852849519426,170,biotech,126,ols_rank_normal_all,tema_arındırılmış
dist_52w_high,-0.0032389377850283495,-0.2836893671788109,-0.0032389377850283495,0.3905246423528726,0.1391852849519426,170,biotech,126,ols_rank_normal_all,tema_arındırılmış
droe,0.0012539123954874052,0.14164906975444883,0.0012539123954874052,0.3905246423528726,0.1391852849519426,170,biotech,126,ols_rank_normal_all,tema_arındırılmış
ear_3d,-0.0009595998350831091,-0.15359098407911503,-0.0009595998350831091,0.3905246423528726,0.1391852849519426,170,biotech,126,ols_rank_normal_all,tema_arındırılmış
ebit_ev,-0.026094984487321553,-1.7565473744720477,-0.026094984487321553,0.3905246423528726,0.1391852849519426,170,biotech,126,ols_rank_normal_all,tema_arındırılmış
gross_profitability,0.0122305818012231,1.1911570111639693,0.0122305818012231,0.3905246423528726,0.1391852849519426,170,biotech,126,ols_rank_normal_all,tema_arındırılmış
idio_vol_60d,0.01951547956790748,1.6005500693298422,0.01951547956790748,0.3905246423528726,0.1391852849519426,170,biotech,126,ols_rank_normal_all,tema_arındırılmış
max_ret_21d,-0.0024320851029597077,-0.5024742583645923,-0.0024320851029597077,0.3905246423528726,0.1391852849519426,170,biotech,126,ols_rank_normal_all,tema_arındırılmış
mom_12_1,0.013019720108585469,1.6629672758733796,0.013019720108585469,0.3905246423528726,0.1391852849519426,170,biotech,126,ols_rank_normal_all,tema_arındırılmış
ocf_ev,0.022179930395000907,1.4706246837552532,0.022179930395000907,0.3905246423528726,0.1391852849519426,170,biotech,126,ols_rank_normal_all,tema_arındırılmış
share_issuance,0.0021454803322011836,0.2324815345354557,0.0021454803322011836,0.3905246423528726,0.1391852849519426,170,biotech,126,ols_rank_normal_all,tema_arındırılmış
sue,0.004159241723818182,0.5218624671074606,0.004159241723818182,0.3905246423528726,0.1391852849519426,170,biotech,126,ols_rank_normal_all,tema_arındırılmış
asset_growth,0.0024335759718288456,1.6034543607097111,0.0024335759718288456,0.06960009292404999,0.03674801878415409,181,biotech/biotech_all,21,ols_rank_normal,tema_arındırılmış
asset_growth,0.0024335759718288456,1.603454360709711,0.0024335759718288456,0.06960009292405,0.036748018784154124,181,biotech/biotech_all,21,ols_rank_normal,ham
asset_growth,0.004667498494943132,1.5288158846258209,0.0036280670823217198,0.06816010702603732,0.035476759348025244,181,biotech/biotech_all,21,ols_winsorized_raw,tema_arındırılmış
asset_growth,0.00466749849494313,1.5288158846258215,0.0036280670823217185,0.06816010702603732,0.03547675934802525,181,biotech/biotech_all,21,ols_winsorized_raw,ham
asset_growth,0.0008058155114845618,0.4995530836231117,0.0008058155114845618,0.10344790509644089,0.07145325350081444,181,biotech/biotech_all,21,wls_sqrt_mcap,tema_arındırılmış
asset_growth,0.0008058155114845582,0.4995530836231097,0.0008058155114845582,0.10344790509644089,0.07145325350081443,181,biotech/biotech_all,21,wls_sqrt_mcap,ham
asset_growth,0.0033073284522655436,0.8483120563568152,0.0033073284522655436,0.06075017456327539,0.027082128527671005,179,biotech/biotech_all,63,ols_rank_normal,tema_arındırılmış
asset_growth,0.003307328452265543,0.8483120563568153,0.003307328452265543,0.06075017456327537,0.02708212852767099,179,biotech/biotech_all,63,ols_rank_normal,ham
asset_growth,0.010022726309777576,1.4155618102945597,0.0077764095489650555,0.0572090783931266,0.023400856274982427,179,biotech/biotech_all,63,ols_winsorized_raw,tema_arındırılmış
asset_growth,0.010022726309777569,1.4155618102945593,0.00777640954896505,0.0572090783931266,0.023400856274982427,179,biotech/biotech_all,63,ols_winsorized_raw,ham
asset_growth,0.00017731120365035294,0.04190581743825521,0.00017731120365035294,0.09325944019549866,0.06038095714551203,179,biotech/biotech_all,63,wls_sqrt_mcap,tema_arındırılmış
asset_growth,0.0001773112036503672,0.04190581743825858,0.0001773112036503672,0.09325944019549866,0.060380957145512025,179,biotech/biotech_all,63,wls_sqrt_mcap,ham
asset_growth,0.005578576573693904,0.8440502658130612,0.005578576573693904,0.05646117618405646,0.02262898095062967,176,biotech/biotech_all,126,ols_rank_normal,tema_arındırılmış
asset_growth,0.005578576573693906,0.8440502658130613,0.005578576573693906,0.05646117618405648,0.022628980950629693,176,biotech/biotech_all,126,ols_rank_normal,ham
asset_growth,0.018652680168455102,1.391741986817186,0.014440313308950944,0.05089904328501283,0.01674508280178548,176,biotech/biotech_all,126,ols_winsorized_raw,tema_arındırılmış
asset_growth,0.018652680168455102,1.3917419868171863,0.014440313308950944,0.05089904328501285,0.016745082801785497,176,biotech/biotech_all,126,ols_winsorized_raw,ham
asset_growth,0.002488287333001644,0.38133824347911954,0.002488287333001644,0.08262778007588904,0.04933774488118391,176,biotech/biotech_all,126,wls_sqrt_mcap,tema_arındırılmış
asset_growth,0.00248828733300166,0.38133824347912204,0.00248828733300166,0.08262778007588906,0.04933774488118393,176,biotech/biotech_all,126,wls_sqrt_mcap,ham
capex_at,0.0004362287676839125,0.2605383417608789,0.0004362287676839125,0.0711375982044313,0.03609004823673943,182,biotech/biotech_all,21,ols_rank_normal,tema_arındırılmış
capex_at,0.00043622876768391165,0.26053834176087837,0.00043622876768391165,0.07113759820443132,0.03609004823673945,182,biotech/biotech_all,21,ols_rank_normal,ham
capex_at,-0.04801663370032663,-0.563663065354422,-0.0009330942027316346,0.07027508238709061,0.035568271477216806,182,biotech/biotech_all,21,ols_winsorized_raw,tema_arındırılmış
capex_at,-0.04801663370032657,-0.5636630653544212,-0.0009330942027316334,0.07027508238709064,0.035568271477216834,182,biotech/biotech_all,21,ols_winsorized_raw,ham
capex_at,-0.0011356283752980364,-0.8444768756219749,-0.0011356283752980364,0.09685792831455654,0.06218897623858799,182,biotech/biotech_all,21,wls_sqrt_mcap,tema_arındırılmış
capex_at,-0.0011356283752980356,-0.8444768756219742,-0.0011356283752980356,0.09685792831455657,0.06218897623858801,182,biotech/biotech_all,21,wls_sqrt_mcap,ham
capex_at,0.006158213512109585,1.5264658267070355,0.006158213512109585,0.061287326470216175,0.024912193970225486,180,biotech/biotech_all,63,ols_rank_normal,tema_arındırılmış
capex_at,0.006158213512109582,1.5264658267070348,0.006158213512109582,0.06128732647021617,0.02491219397022548,180,biotech/biotech_all,63,ols_rank_normal,ham
capex_at,0.0924681560456604,0.4526561131651705,0.0018031632844059831,0.061293850019083426,0.025490276481306345,180,biotech/biotech_all,63,ols_winsorized_raw,tema_arındırılmış
capex_at,0.0924681560456604,0.4526561131651705,0.0018031632844059831,0.061293850019083426,0.02549027648130634,180,biotech/biotech_all,63,ols_winsorized_raw,ham
capex_at,0.0011172412868764867,0.3579511926427078,0.0011172412868764867,0.08823965638178918,0.05271065242561924,180,biotech/biotech_all,63,wls_sqrt_mcap,tema_arındırılmış
capex_at,0.0011172412868764947,0.3579511926427103,0.0011172412868764947,0.08823965638178918,0.05271065242561923,180,biotech/biotech_all,63,wls_sqrt_mcap,ham
capex_at,0.006512802674834616,0.8245006665983124,0.006512802674834616,0.056207472197123694,0.019699848386987618,177,biotech/biotech_all,126,ols_rank_normal,tema_arındırılmış
capex_at,0.006512802674834614,0.8245006665983122,0.006512802674834614,0.05620747219712373,0.01969984838698764,177,biotech/biotech_all,126,ols_rank_normal,ham
capex_at,-0.1670201983452776,-0.4058052622074299,-0.003275336437199276,0.05876809155053409,0.0234143667090594,177,biotech/biotech_all,126,ols_winsorized_raw,tema_arındırılmış
capex_at,-0.16702019834527757,-0.4058052622074298,-0.0032753364371992757,0.05876809155053411,0.02341436670905942,177,biotech/biotech_all,126,ols_winsorized_raw,ham
capex_at,-0.000989497190496642,-0.17249132350299515,-0.000989497190496642,0.07720457969649303,0.04111340191090789,177,biotech/biotech_all,126,wls_sqrt_mcap,tema_arındırılmış
capex_at,-0.0009894971904966417,-0.17249132350299512,-0.0009894971904966417,0.077204579696493,0.04111340191090786,177,biotech/biotech_all,126,wls_sqrt_mcap,ham
cash_runway_years,-0.0031663851865610373,-1.8150534570536816,-0.0031663851865610373,0.05501465264627234,0.008259038016936417,170,biotech/biotech_all,21,ols_rank_normal,tema_arındırılmış
cash_runway_years,-0.0031663851865610373,-1.8150534570536816,-0.0031663851865610373,0.05501465264627234,0.00825903801693643,170,biotech/biotech_all,21,ols_rank_normal,ham
cash_runway_years,-0.0010928320956179126,-1.5969493934389538,-0.002810742171991042,0.052353047731003785,0.005360491250492977,170,biotech/biotech_all,21,ols_winsorized_raw,tema_arındırılmış
cash_runway_years,-0.001092832095617911,-1.5969493934389514,-0.0028107421719910375,0.052353047731003785,0.005360491250492968,170,biotech/biotech_all,21,ols_winsorized_raw,ham
cash_runway_years,-0.001274976694908632,-0.7227863295347254,-0.001274976694908632,0.07265156185042107,0.026315829516851148,170,biotech/biotech_all,21,wls_sqrt_mcap,tema_arındırılmış
cash_runway_years,-0.001274976694908634,-0.7227863295347265,-0.001274976694908634,0.07265156185042103,0.026315829516851102,170,biotech/biotech_all,21,wls_sqrt_mcap,ham
cash_runway_years,-0.008610231282544397,-2.0784768607429687,-0.008610231282544397,0.051301057116393975,0.004041205040985685,168,biotech/biotech_all,63,ols_rank_normal,tema_arındırılmış
cash_runway_years,-0.008610231282544392,-2.078476860742968,-0.008610231282544392,0.051301057116393975,0.004041205040985681,168,biotech/biotech_all,63,ols_rank_normal,ham
cash_runway_years,-0.002719672897036326,-1.7305850186378748,-0.006997560943857247,0.04784184239434769,0.0003617602256332204,168,biotech/biotech_all,63,ols_winsorized_raw,tema_arındırılmış
cash_runway_years,-0.0027196728970363265,-1.7305850186378753,-0.0069975609438572475,0.047841842394347675,0.0003617602256332138,168,biotech/biotech_all,63,ols_winsorized_raw,ham
cash_runway_years,-0.0036725156091023162,-0.812471125721458,-0.0036725156091023162,0.06719007694500634,0.020449937164317998,168,biotech/biotech_all,63,wls_sqrt_mcap,tema_arındırılmış
cash_runway_years,-0.0036725156091023162,-0.8124711257214581,-0.0036725156091023162,0.06719007694500632,0.020449937164317977,168,biotech/biotech_all,63,wls_sqrt_mcap,ham
cash_runway_years,-0.011914637009866896,-1.8026757897388428,-0.011914637009866896,0.04908994787659791,0.0013089460511146005,165,biotech/biotech_all,126,ols_rank_normal,tema_arındırılmış
cash_runway_years,-0.011914637009866893,-1.8026757897388423,-0.011914637009866893,0.04908994787659791,0.0013089460511145963,165,biotech/biotech_all,126,ols_rank_normal,ham
cash_runway_years,-0.002019117384298466,-0.7798176185247595,-0.005197582927491293,0.044980623328347985,-0.003176643247164926,165,biotech/biotech_all,126,ols_winsorized_raw,tema_arındırılmış
cash_runway_years,-0.0020191173842984667,-0.77981761852476,-0.005197582927491295,0.044980623328348,-0.0031766432471649207,165,biotech/biotech_all,126,ols_winsorized_raw,ham
cash_runway_years,-0.008143188574346132,-1.0716702166288812,-0.008143188574346132,0.06236951316078366,0.0152438520331779,165,biotech/biotech_all,126,wls_sqrt_mcap,tema_arındırılmış
cash_runway_years,-0.008143188574346146,-1.0716702166288832,-0.008143188574346146,0.06236951316078364,0.015243852033177886,165,biotech/biotech_all,126,wls_sqrt_mcap,ham
cop_at,-0.0006744230392784018,-0.4951125732759662,-0.0006744230392784018,0.12487341565401042,0.05462353896331708,182,biotech/biotech_all,21,ols_rank_normal,tema_arındırılmış
cop_at,-0.000674423039278402,-0.49511257327596636,-0.000674423039278402,0.12487341565401042,0.05462353896331708,182,biotech/biotech_all,21,ols_rank_normal,ham
cop_at,-0.020849016874616044,-1.2467534478477946,-0.0018415258553365372,0.12986902471473222,0.06023107295342751,182,biotech/biotech_all,21,ols_winsorized_raw,tema_arındırılmış
cop_at,-0.020849016874616037,-1.2467534478477942,-0.0018415258553365365,0.12986902471473222,0.06023107295342751,182,biotech/biotech_all,21,ols_winsorized_raw,ham
cop_at,0.0005705500184320701,0.4225463873504703,0.0005705500184320701,0.13567213196963168,0.06541661251190684,182,biotech/biotech_all,21,wls_sqrt_mcap,tema_arındırılmış
cop_at,0.0005705500184320661,0.4225463873504673,0.0005705500184320661,0.13567213196963165,0.06541661251190681,182,biotech/biotech_all,21,wls_sqrt_mcap,ham
cop_at,-0.0020976489662229074,-0.6525208781793473,-0.0020976489662229074,0.11576154882960997,0.04349780845307032,180,biotech/biotech_all,63,ols_rank_normal,tema_arındırılmış
cop_at,-0.002097648966222906,-0.6525208781793469,-0.002097648966222906,0.11576154882960997,0.04349780845307035,180,biotech/biotech_all,63,ols_rank_normal,ham
cop_at,-0.061867941398576244,-1.5990710216621251,-0.005445274794306317,0.11905069574941712,0.047460733256732425,180,biotech/biotech_all,63,ols_winsorized_raw,tema_arındırılmış
cop_at,-0.06186794139857626,-1.5990710216621253,-0.005445274794306319,0.1190506957494171,0.04746073325673242,180,biotech/biotech_all,63,ols_winsorized_raw,ham
cop_at,0.0021638291462131452,0.6773345302126145,0.0021638291462131452,0.12244584403136585,0.05054410652031327,180,biotech/biotech_all,63,wls_sqrt_mcap,tema_arındırılmış
cop_at,0.0021638291462131383,0.677334530212612,0.0021638291462131383,0.12244584403136588,0.05054410652031327,180,biotech/biotech_all,63,wls_sqrt_mcap,ham
cop_at,-0.0028319728848861603,-0.47532962206851637,-0.0028319728848861603,0.12116907237867686,0.04948834035317511,177,biotech/biotech_all,126,ols_rank_normal,tema_arındırılmış
cop_at,-0.002831972884886161,-0.47532962206851653,-0.002831972884886161,0.12116907237867687,0.04948834035317511,177,biotech/biotech_all,126,ols_rank_normal,ham
cop_at,-0.08583817013896927,-1.1637534031439267,-0.007528055428996849,0.12081066094728246,0.04927103602309484,177,biotech/biotech_all,126,ols_winsorized_raw,tema_arındırılmış
cop_at,-0.08583817013896929,-1.1637534031439267,-0.00752805542899685,0.12081066094728246,0.04927103602309484,177,biotech/biotech_all,126,ols_winsorized_raw,ham
cop_at,0.005240853081873961,0.9433105232305118,0.005240853081873961,0.1212916813145625,0.049428429375267834,177,biotech/biotech_all,126,wls_sqrt_mcap,tema_arındırılmış
cop_at,0.005240853081873956,0.9433105232305109,0.005240853081873956,0.1212916813145625,0.049428429375267834,177,biotech/biotech_all,126,wls_sqrt_mcap,ham
dist_52w_high,0.0011266504712053517,0.5161505538163512,0.0011266504712053517,0.07561546832696497,0.04624003308296485,182,biotech/biotech_all,21,ols_rank_normal,tema_arındırılmış
dist_52w_high,0.001126650471205351,0.5161505538163509,0.001126650471205351,0.075615468326965,0.046240033082964864,182,biotech/biotech_all,21,ols_rank_normal,ham
dist_52w_high,0.019174097772157728,1.4485118043992289,0.0035535586305964467,0.07876293947938423,0.04959818361497821,182,biotech/biotech_all,21,ols_winsorized_raw,tema_arındırılmış
dist_52w_high,0.01917409777215774,1.44851180439923,0.0035535586305964493,0.07876293947938424,0.04959818361497824,182,biotech/biotech_all,21,ols_winsorized_raw,ham
dist_52w_high,0.0011639627482624853,0.6952155824676359,0.0011639627482624853,0.10346149167737065,0.07458974389474597,182,biotech/biotech_all,21,wls_sqrt_mcap,tema_arındırılmış
dist_52w_high,0.0011639627482624806,0.6952155824676333,0.0011639627482624806,0.10346149167737066,0.07458974389474597,182,biotech/biotech_all,21,wls_sqrt_mcap,ham
dist_52w_high,0.0068081099041227226,1.5417250054083111,0.0068081099041227226,0.06429592365995536,0.03418071770411496,180,biotech/biotech_all,63,ols_rank_normal,tema_arındırılmış
dist_52w_high,0.006808109904122725,1.5417250054083118,0.006808109904122725,0.06429592365995536,0.03418071770411496,180,biotech/biotech_all,63,ols_rank_normal,ham
dist_52w_high,0.06276510736462065,2.3645694438339007,0.011638310680775216,0.06568337844307706,0.03563766971050323,180,biotech/biotech_all,63,ols_winsorized_raw,tema_arındırılmış
dist_52w_high,0.06276510736462065,2.3645694438339007,0.011638310680775216,0.06568337844307708,0.035637669710503236,180,biotech/biotech_all,63,ols_winsorized_raw,ham
dist_52w_high,0.006389480249189391,1.6202240376150856,0.006389480249189391,0.09248384049576845,0.06287739775088713,180,biotech/biotech_all,63,wls_sqrt_mcap,tema_arındırılmış
dist_52w_high,0.006389480249189379,1.6202240376150827,0.006389480249189379,0.09248384049576848,0.06287739775088716,180,biotech/biotech_all,63,wls_sqrt_mcap,ham
dist_52w_high,0.012029956580981986,1.633281567429593,0.012029956580981986,0.060290614179051176,0.03002032157474914,177,biotech/biotech_all,126,ols_rank_normal,tema_arındırılmış
dist_52w_high,0.012029956580981988,1.6332815674295935,0.012029956580981988,0.06029061417905118,0.030020321574749147,177,biotech/biotech_all,126,ols_rank_normal,ham
dist_52w_high,0.10883290483870589,2.236517611253137,0.020194004214189716,0.060823968879028065,0.030563134825444555,177,biotech/biotech_all,126,ols_winsorized_raw,tema_arındırılmış
dist_52w_high,0.10883290483870589,2.236517611253137,0.020194004214189716,0.060823968879028065,0.030563134825444555,177,biotech/biotech_all,126,ols_winsorized_raw,ham
dist_52w_high,0.00994172878490906,1.3720473449085597,0.00994172878490906,0.08376825953541457,0.05371018849048035,177,biotech/biotech_all,126,wls_sqrt_mcap,tema_arındırılmış
dist_52w_high,0.00994172878490903,1.3720473449085553,0.00994172878490903,0.08376825953541457,0.053710188490480364,177,biotech/biotech_all,126,wls_sqrt_mcap,ham
droe,0.0003832014125659102,0.271434299478296,0.0003832014125659102,0.13423863344274267,0.06025544476989555,181,biotech/biotech_all,21,ols_rank_normal,tema_arındırılmış
droe,0.0003832014125659119,0.27143429947829717,0.0003832014125659119,0.1342386334427427,0.06025544476989556,181,biotech/biotech_all,21,ols_rank_normal,ham
droe,-0.00199548690182287,-0.16730043286072785,-0.0003256992285089412,0.14843834781541684,0.07639457348742844,181,biotech/biotech_all,21,ols_winsorized_raw,tema_arındırılmış
droe,-0.001995486901822876,-0.16730043286072835,-0.0003256992285089421,0.1484383478154169,0.07639457348742848,181,biotech/biotech_all,21,ols_winsorized_raw,ham
droe,-0.0005504541418175294,-0.46175575147935055,-0.0005504541418175294,0.1408233498596953,0.06631624068362786,181,biotech/biotech_all,21,wls_sqrt_mcap,tema_arındırılmış
droe,-0.0005504541418175317,-0.4617557514793524,-0.0005504541418175317,0.1408233498596953,0.06631624068362786,181,biotech/biotech_all,21,wls_sqrt_mcap,ham
droe,0.0018634573016886565,0.5611511842975997,0.0018634573016886565,0.12690040725241372,0.05124991465147755,179,biotech/biotech_all,63,ols_rank_normal,tema_arındırılmış
droe,0.0018634573016886589,0.5611511842976005,0.0018634573016886589,0.1269004072524137,0.05124991465147754,179,biotech/biotech_all,63,ols_rank_normal,ham
droe,0.0025448919843949745,0.09674832598704285,0.00041111345282108706,0.13632170592010767,0.0624702048105363,179,biotech/biotech_all,63,ols_winsorized_raw,tema_arındırılmış
droe,0.0025448919843949545,0.0967483259870421,0.00041111345282108386,0.1363217059201077,0.0624702048105363,179,biotech/biotech_all,63,ols_winsorized_raw,ham
droe,-0.0009651052746035484,-0.3138541606595466,-0.0009651052746035484,0.1341090794668093,0.05881180944038408,179,biotech/biotech_all,63,wls_sqrt_mcap,tema_arındırılmış
droe,-0.0009651052746035527,-0.3138541606595479,-0.0009651052746035527,0.1341090794668093,0.058811809440384104,179,biotech/biotech_all,63,wls_sqrt_mcap,ham
droe,-0.00015684711133731773,-0.0250681363499107,-0.00015684711133731773,0.1291999677204002,0.0535460820945367,176,biotech/biotech_all,126,ols_rank_normal,tema_arındırılmış
droe,-0.00015684711133731157,-0.025068136349909717,-0.00015684711133731157,0.1291999677204002,0.053546082094536714,176,biotech/biotech_all,126,ols_rank_normal,ham
droe,-0.04611672334410701,-0.9625187370750293,-0.007337667613962141,0.1314649346697267,0.056359450931667276,176,biotech/biotech_all,126,ols_winsorized_raw,tema_arındırılmış
droe,-0.04611672334410703,-0.9625187370750299,-0.007337667613962144,0.13146493466972667,0.05635945093166725,176,biotech/biotech_all,126,ols_winsorized_raw,ham
droe,-0.0053842064364040656,-0.9572497266024284,-0.0053842064364040656,0.13350468766497955,0.058285558347154896,176,biotech/biotech_all,126,wls_sqrt_mcap,tema_arındırılmış
droe,-0.005384206436404072,-0.9572497266024291,-0.005384206436404072,0.13350468766497955,0.058285558347154875,176,biotech/biotech_all,126,wls_sqrt_mcap,ham
ear_3d,-0.0026363307906289834,-1.9557955985286646,-0.0026363307906289834,0.06955259351122323,0.03578610365548935,182,biotech/biotech_all,21,ols_rank_normal,tema_arındırılmış
ear_3d,-0.002636330790628982,-1.955795598528664,-0.002636330790628982,0.06955259351122323,0.03578610365548934,182,biotech/biotech_all,21,ols_rank_normal,ham
ear_3d,-0.029693879956314333,-1.7854721538696692,-0.0029004933712643,0.06792552303858025,0.03415223972122732,182,biotech/biotech_all,21,ols_winsorized_raw,tema_arındırılmış
ear_3d,-0.02969387995631433,-1.7854721538696685,-0.0029004933712642998,0.06792552303858024,0.03415223972122731,182,biotech/biotech_all,21,ols_winsorized_raw,ham
ear_3d,-0.0013395345802412377,-1.1709890676809944,-0.0013395345802412377,0.09548162303518663,0.062240428126484386,182,biotech/biotech_all,21,wls_sqrt_mcap,tema_arındırılmış
ear_3d,-0.0013395345802412358,-1.1709890676809938,-0.0013395345802412358,0.09548162303518663,0.06224042812648437,182,biotech/biotech_all,21,wls_sqrt_mcap,ham
ear_3d,-0.006510186579978563,-2.3003181896322493,-0.006510186579978563,0.05966288239546385,0.02515156952275542,180,biotech/biotech_all,63,ols_rank_normal,tema_arındırılmış
ear_3d,-0.006510186579978563,-2.3003181896322493,-0.006510186579978563,0.05966288239546385,0.025151569522755417,180,biotech/biotech_all,63,ols_rank_normal,ham
ear_3d,-0.09219062271801617,-2.628092136097151,-0.008988813808637659,0.059200323948025615,0.02465559886040756,180,biotech/biotech_all,63,ols_winsorized_raw,tema_arındırılmış
ear_3d,-0.09219062271801616,-2.6280921360971505,-0.008988813808637657,0.059200323948025595,0.024655598860407545,180,biotech/biotech_all,63,ols_winsorized_raw,ham
ear_3d,-0.0042783822050788105,-1.8512725381937687,-0.0042783822050788105,0.08369868568521265,0.049697764190967574,180,biotech/biotech_all,63,wls_sqrt_mcap,tema_arındırılmış
ear_3d,-0.004278382205078811,-1.8512725381937696,-0.004278382205078811,0.08369868568521265,0.049697764190967574,180,biotech/biotech_all,63,wls_sqrt_mcap,ham
ear_3d,-0.0018538490992876966,-0.39366077519680837,-0.0018538490992876966,0.05546320415227053,0.020695816864241372,177,biotech/biotech_all,126,ols_rank_normal,tema_arındırılmış
ear_3d,-0.001853849099287695,-0.3936607751968081,-0.001853849099287695,0.055463204152270545,0.02069581686424139,177,biotech/biotech_all,126,ols_rank_normal,ham
ear_3d,0.0008546962905342201,0.013450731667947349,8.322418216906675e-05,0.05486217850660914,0.020016868943356674,177,biotech/biotech_all,126,ols_winsorized_raw,tema_arındırılmış
ear_3d,0.0008546962905342452,0.013450731667947743,8.322418216906919e-05,0.054862178506609155,0.020016868943356685,177,biotech/biotech_all,126,ols_winsorized_raw,ham
ear_3d,-0.0018746715187748823,-0.4808759955067565,-0.0018746715187748823,0.0781534451044087,0.04372491026634871,177,biotech/biotech_all,126,wls_sqrt_mcap,tema_arındırılmış
ear_3d,-0.001874671518774884,-0.48087599550675697,-0.001874671518774884,0.07815344510440872,0.043724910266348734,177,biotech/biotech_all,126,wls_sqrt_mcap,ham
gross_profitability,-0.0011868045510508719,-0.8580789494586641,-0.0011868045510508719,0.13398863037763178,0.057079258573961594,182,biotech/biotech_all,21,ols_rank_normal,tema_arındırılmış
gross_profitability,-0.0011868045510508734,-0.8580789494586649,-0.0011868045510508734,0.13398863037763178,0.057079258573961594,182,biotech/biotech_all,21,ols_rank_normal,ham
gross_profitability,-0.00492815327844799,-0.6571721154037771,-0.0009726047539862372,0.13932340764458678,0.06303057600473773,182,biotech/biotech_all,21,ols_winsorized_raw,tema_arındırılmış
gross_profitability,-0.004928153278447981,-0.657172115403776,-0.0009726047539862356,0.13932340764458678,0.06303057600473772,182,biotech/biotech_all,21,ols_winsorized_raw,ham
gross_profitability,-8.517097890086317e-05,-0.06944125848161245,-8.517097890086317e-05,0.1464996003898048,0.07018241376887184,182,biotech/biotech_all,21,wls_sqrt_mcap,tema_arındırılmış
gross_profitability,-8.517097890086095e-05,-0.06944125848161062,-8.517097890086095e-05,0.14649960038980478,0.07018241376887184,182,biotech/biotech_all,21,wls_sqrt_mcap,ham
gross_profitability,-0.002165244621056384,-0.6852067390623295,-0.002165244621056384,0.12440289589544093,0.0453847179337932,180,biotech/biotech_all,63,ols_rank_normal,tema_arındırılmış
gross_profitability,-0.002165244621056384,-0.6852067390623294,-0.002165244621056384,0.12440289589544096,0.0453847179337932,180,biotech/biotech_all,63,ols_rank_normal,ham
gross_profitability,-0.010822637679902295,-0.6498758168374363,-0.002127803590867604,0.130832566189468,0.052750360656838954,180,biotech/biotech_all,63,ols_winsorized_raw,tema_arındırılmış
gross_profitability,-0.01082263767990223,-0.6498758168374322,-0.002127803590867591,0.13083256618946798,0.05275036065683892,180,biotech/biotech_all,63,ols_winsorized_raw,ham
gross_profitability,0.0007466837331235811,0.24039243130099436,0.0007466837331235811,0.13235297592354833,0.05428882028674255,180,biotech/biotech_all,63,wls_sqrt_mcap,tema_arındırılmış
gross_profitability,0.0007466837331235993,0.2403924313010003,0.0007466837331235993,0.13235297592354833,0.054288820286742534,180,biotech/biotech_all,63,wls_sqrt_mcap,ham
gross_profitability,-0.0022933997869649466,-0.32576142515380524,-0.0022933997869649466,0.1269575281658618,0.0481495836619701,177,biotech/biotech_all,126,ols_rank_normal,tema_arındırılmış
gross_profitability,-0.002293399786964947,-0.3257614251538053,-0.002293399786964947,0.1269575281658618,0.04814958366197009,177,biotech/biotech_all,126,ols_rank_normal,ham
gross_profitability,-0.015242270046113874,-0.43572914779513156,-0.002981969620231033,0.12958203560216022,0.051059859348686926,177,biotech/biotech_all,126,ols_winsorized_raw,tema_arındırılmış
gross_profitability,-0.015242270046113804,-0.43572914779512945,-0.0029819696202310194,0.12958203560216022,0.05105985934868691,177,biotech/biotech_all,126,ols_winsorized_raw,ham
gross_profitability,0.004285272396637563,0.6285675090398442,0.004285272396637563,0.1315834908109223,0.053490417519274525,177,biotech/biotech_all,126,wls_sqrt_mcap,tema_arındırılmış
gross_profitability,0.004285272396637586,0.6285675090398477,0.004285272396637586,0.1315834908109223,0.05349041751927453,177,biotech/biotech_all,126,wls_sqrt_mcap,ham
idio_vol_60d,-0.0006102538307613147,-0.2845476833422699,-0.0006102538307613147,0.0685488855490181,0.038915004195073356,182,biotech/biotech_all,21,ols_rank_normal,tema_arındırılmış
idio_vol_60d,-0.0006102538307613134,-0.2845476833422692,-0.0006102538307613134,0.06854888554901811,0.03891500419507337,182,biotech/biotech_all,21,ols_rank_normal,ham
idio_vol_60d,0.0004166572595426986,0.06322632354991428,0.00014783916821837473,0.06692820349280044,0.03723635596696125,182,biotech/biotech_all,21,ols_winsorized_raw,tema_arındırılmış
idio_vol_60d,0.00041665725954271064,0.06322632354991611,0.000147839168218379,0.06692820349280046,0.03723635596696126,182,biotech/biotech_all,21,ols_winsorized_raw,ham
idio_vol_60d,0.0005406543099230102,0.27163453335871535,0.0005406543099230102,0.10281544992605061,0.07388152494036548,182,biotech/biotech_all,21,wls_sqrt_mcap,tema_arındırılmış
idio_vol_60d,0.0005406543099230102,0.27163453335871535,0.0005406543099230102,0.10281544992605061,0.07388152494036551,182,biotech/biotech_all,21,wls_sqrt_mcap,ham
idio_vol_60d,-0.003880369289620782,-0.7181992428883598,-0.003880369289620782,0.06038635388548173,0.0301050581640798,180,biotech/biotech_all,63,ols_rank_normal,tema_arındırılmış
idio_vol_60d,-0.0038803692896207807,-0.7181992428883596,-0.0038803692896207807,0.06038635388548175,0.030105058164079813,180,biotech/biotech_all,63,ols_rank_normal,ham
idio_vol_60d,-0.01194215689824004,-0.60920786262162,-0.004242006933253896,0.061972291981603186,0.031878255924637035,180,biotech/biotech_all,63,ols_winsorized_raw,tema_arındırılmış
idio_vol_60d,-0.011942156898240013,-0.6092078626216185,-0.004242006933253885,0.061972291981603186,0.031878255924637035,180,biotech/biotech_all,63,ols_winsorized_raw,ham
idio_vol_60d,0.0009596469429957606,0.17550401575077376,0.0009596469429957606,0.09468248582951322,0.06518822733428056,180,biotech/biotech_all,63,wls_sqrt_mcap,tema_arındırılmış
idio_vol_60d,0.0009596469429957584,0.1755040157507734,0.0009596469429957584,0.09468248582951322,0.06518822733428058,180,biotech/biotech_all,63,wls_sqrt_mcap,ham
idio_vol_60d,0.004777061103015652,0.4923376281166169,0.004777061103015652,0.06358348323826897,0.03355007716893956,177,biotech/biotech_all,126,ols_rank_normal,tema_arındırılmış
idio_vol_60d,0.004777061103015652,0.4923376281166169,0.004777061103015652,0.06358348323826896,0.033550077168939554,177,biotech/biotech_all,126,ols_rank_normal,ham
idio_vol_60d,-0.009899736766011816,-0.2755914140759662,-0.003525598184788386,0.05848146598758573,0.028172715759611635,177,biotech/biotech_all,126,ols_winsorized_raw,tema_arındırılmış
idio_vol_60d,-0.009899736766011755,-0.27559141407596455,-0.0035255981847883643,0.05848146598758574,0.028172715759611635,177,biotech/biotech_all,126,ols_winsorized_raw,ham
idio_vol_60d,0.007340160372940486,0.7237992233278511,0.007340160372940486,0.09161527269657324,0.06203208956121079,177,biotech/biotech_all,126,wls_sqrt_mcap,tema_arındırılmış
idio_vol_60d,0.0073401603729404755,0.72379922332785,0.0073401603729404755,0.09161527269657324,0.06203208956121081,177,biotech/biotech_all,126,wls_sqrt_mcap,ham
max_ret_21d,9.158526737530172e-05,0.052365398737760686,9.158526737530172e-05,0.0655123380094194,0.03562097661411161,182,biotech/biotech_all,21,ols_rank_normal,tema_arındırılmış
max_ret_21d,9.158526737530042e-05,0.05236539873775995,9.158526737530042e-05,0.06551233800941941,0.03562097661411162,182,biotech/biotech_all,21,ols_rank_normal,ham
max_ret_21d,0.015823769907226802,0.5303319708902972,0.0014226877941262176,0.06890695706047262,0.03923182982688854,182,biotech/biotech_all,21,ols_winsorized_raw,tema_arındırılmış
max_ret_21d,0.01582376990722681,0.5303319708902974,0.0014226877941262183,0.06890695706047262,0.03923182982688854,182,biotech/biotech_all,21,ols_winsorized_raw,ham
max_ret_21d,0.00151223607664772,0.9570402340097904,0.00151223607664772,0.10009015146006577,0.07099802858639381,182,biotech/biotech_all,21,wls_sqrt_mcap,tema_arındırılmış
max_ret_21d,0.001512236076647722,0.9570402340097913,0.001512236076647722,0.10009015146006572,0.07099802858639379,182,biotech/biotech_all,21,wls_sqrt_mcap,ham
max_ret_21d,-0.0023041884228180106,-0.5884914464136032,-0.0023041884228180106,0.058538687039304704,0.028033739929394792,180,biotech/biotech_all,63,ols_rank_normal,tema_arındırılmış
max_ret_21d,-0.0023041884228180093,-0.588491446413603,-0.0023041884228180093,0.0585386870393047,0.028033739929394785,180,biotech/biotech_all,63,ols_rank_normal,ham
max_ret_21d,-0.03676226353005744,-0.5965551361203988,-0.003299707248507348,0.05927903989802835,0.028902711904293495,180,biotech/biotech_all,63,ols_winsorized_raw,tema_arındırılmış
max_ret_21d,-0.03676226353005742,-0.5965551361203985,-0.0032997072485073465,0.05927903989802833,0.028902711904293478,180,biotech/biotech_all,63,ols_winsorized_raw,ham
max_ret_21d,0.0015092042832889087,0.4180661503762257,0.0015092042832889087,0.09126768875232814,0.06158415623145892,180,biotech/biotech_all,63,wls_sqrt_mcap,tema_arındırılmış
max_ret_21d,0.001509204283288915,0.41806615037622713,0.001509204283288915,0.09126768875232817,0.061584156231458936,180,biotech/biotech_all,63,wls_sqrt_mcap,ham
max_ret_21d,-0.0005774844315541051,-0.08794587752783647,-0.0005774844315541051,0.05749549328883002,0.026974476772745132,177,biotech/biotech_all,126,ols_rank_normal,tema_arındırılmış
max_ret_21d,-0.0005774844315541033,-0.08794587752783621,-0.0005774844315541033,0.05749549328883002,0.026974476772745132,177,biotech/biotech_all,126,ols_rank_normal,ham
max_ret_21d,-0.1277452190222236,-0.9379902283083797,-0.011476949050009967,0.05504444585724953,0.024487573946100127,177,biotech/biotech_all,126,ols_winsorized_raw,tema_arındırılmış
max_ret_21d,-0.12774521902222358,-0.9379902283083797,-0.011476949050009965,0.05504444585724954,0.02448757394610015,177,biotech/biotech_all,126,ols_winsorized_raw,ham
max_ret_21d,0.003960128768828533,0.6397397761038058,0.003960128768828533,0.08697643599385116,0.05712992528252356,177,biotech/biotech_all,126,wls_sqrt_mcap,tema_arındırılmış
max_ret_21d,0.003960128768828532,0.6397397761038052,0.003960128768828532,0.08697643599385116,0.05712992528252356,177,biotech/biotech_all,126,wls_sqrt_mcap,ham
mom_12_1,0.0018649401713670165,1.051503595020468,0.0018649401713670165,0.07063545319627708,0.04088635087973583,182,biotech/biotech_all,21,ols_rank_normal,tema_arındırılmış
mom_12_1,0.0018649401713670172,1.0515035950204685,0.0018649401713670172,0.07063545319627709,0.04088635087973585,182,biotech/biotech_all,21,ols_rank_normal,ham
mom_12_1,0.0027710091441216465,1.0924650689473332,0.0027861480823908216,0.0676865577153412,0.03785130718437753,182,biotech/biotech_all,21,ols_winsorized_raw,tema_arındırılmış
mom_12_1,0.002771009144121647,1.0924650689473332,0.002786148082390822,0.06768655771534123,0.037851307184377556,182,biotech/biotech_all,21,ols_winsorized_raw,ham
mom_12_1,0.0015424749679906638,0.8585634983121401,0.0015424749679906638,0.10354910762847268,0.07454159018718302,182,biotech/biotech_all,21,wls_sqrt_mcap,tema_arındırılmış
mom_12_1,0.0015424749679906755,0.8585634983121467,0.0015424749679906755,0.10354910762847268,0.07454159018718302,182,biotech/biotech_all,21,wls_sqrt_mcap,ham
mom_12_1,0.007659368057241357,1.758558037600715,0.007659368057241357,0.059311593783201194,0.028755149608597198,180,biotech/biotech_all,63,ols_rank_normal,tema_arındırılmış
mom_12_1,0.007659368057241357,1.758558037600715,0.007659368057241357,0.05931159378320121,0.0287551496085972,180,biotech/biotech_all,63,ols_rank_normal,ham
mom_12_1,0.010874226532172166,1.85775637692907,0.01086454110472654,0.05545870389703532,0.024672925677021625,180,biotech/biotech_all,63,ols_winsorized_raw,tema_arındırılmış
mom_12_1,0.010874226532172168,1.8577563769290704,0.010864541104726542,0.05545870389703532,0.02467292567702163,180,biotech/biotech_all,63,ols_winsorized_raw,ham
mom_12_1,0.006879893040073306,1.5200537043837088,0.006879893040073306,0.09099484756368695,0.06111248189513875,180,biotech/biotech_all,63,wls_sqrt_mcap,tema_arındırılmış
mom_12_1,0.006879893040073328,1.520053704383715,0.006879893040073328,0.09099484756368695,0.06111248189513875,180,biotech/biotech_all,63,wls_sqrt_mcap,ham
mom_12_1,0.010068569771670548,1.3449694385648203,0.010068569771670548,0.05505648902055509,0.024242509410798276,177,biotech/biotech_all,126,ols_rank_normal,tema_arındırılmış
mom_12_1,0.010068569771670546,1.34496943856482,0.010068569771670546,0.0550564890205551,0.024242509410798297,177,biotech/biotech_all,126,ols_rank_normal,ham
mom_12_1,0.013197072898324893,1.495297642203265,0.012967868749565086,0.051138280067389255,0.020108620558846765,177,biotech/biotech_all,126,ols_winsorized_raw,tema_arındırılmış
mom_12_1,0.013197072898324889,1.4952976422032653,0.012967868749565082,0.05113828006738927,0.02010862055884678,177,biotech/biotech_all,126,ols_winsorized_raw,ham
mom_12_1,0.00812848820363333,1.0224542567371682,0.00812848820363333,0.0828306297634393,0.0525534153476511,177,biotech/biotech_all,126,wls_sqrt_mcap,tema_arındırılmış
mom_12_1,0.00812848820363336,1.0224542567371726,0.00812848820363336,0.0828306297634393,0.05255341534765111,177,biotech/biotech_all,126,wls_sqrt_mcap,ham
share_issuance,0.0008124230784304468,0.4533661967203325,0.0008124230784304468,0.0703921435791147,0.03650007360442541,181,biotech/biotech_all,21,ols_rank_normal,tema_arındırılmış
share_issuance,0.000812423078430447,0.4533661967203326,0.000812423078430447,0.07039214357911472,0.03650007360442541,181,biotech/biotech_all,21,ols_rank_normal,ham
share_issuance,-0.0072979639605748586,-0.5608350290703293,-0.0014278885814738645,0.0715137654168368,0.038013259708339554,181,biotech/biotech_all,21,ols_winsorized_raw,tema_arındırılmış
share_issuance,-0.0072979639605748265,-0.5608350290703269,-0.0014278885814738582,0.0715137654168368,0.038013259708339554,181,biotech/biotech_all,21,ols_winsorized_raw,ham
share_issuance,0.0012396140621179373,0.7676557950994294,0.0012396140621179373,0.10563578758057035,0.07248919736545223,181,biotech/biotech_all,21,wls_sqrt_mcap,tema_arındırılmış
share_issuance,0.0012396140621179373,0.7676557950994292,0.0012396140621179373,0.10563578758057038,0.07248919736545222,181,biotech/biotech_all,21,wls_sqrt_mcap,ham
share_issuance,-0.0033829220809225707,-0.6740173512514134,-0.0033829220809225707,0.06111518888522026,0.02643391838426979,179,biotech/biotech_all,63,ols_rank_normal,tema_arındırılmış
share_issuance,-0.0033829220809225725,-0.6740173512514137,-0.0033829220809225725,0.06111518888522026,0.026433918384269776,179,biotech/biotech_all,63,ols_rank_normal,ham
share_issuance,-0.04524470960686844,-1.1455346573632776,-0.008793915024138873,0.06089658951138964,0.026351184678676337,179,biotech/biotech_all,63,ols_winsorized_raw,tema_arındırılmış
share_issuance,-0.04524470960686842,-1.1455346573632768,-0.008793915024138869,0.06089658951138964,0.026351184678676323,179,biotech/biotech_all,63,ols_winsorized_raw,ham
share_issuance,-0.0003492706635433136,-0.07439185309970286,-0.0003492706635433136,0.09642161359397253,0.06258009114509805,179,biotech/biotech_all,63,wls_sqrt_mcap,tema_arındırılmış
share_issuance,-0.00034927066354330927,-0.07439185309970192,-0.00034927066354330927,0.09642161359397253,0.06258009114509804,179,biotech/biotech_all,63,wls_sqrt_mcap,ham
share_issuance,-0.004788227697116981,-0.5066360865228695,-0.004788227697116981,0.05730756540897996,0.022111093839626395,176,biotech/biotech_all,126,ols_rank_normal,tema_arındırılmış
share_issuance,-0.004788227697116976,-0.506636086522869,-0.004788227697116976,0.057307565408979945,0.02211109383962639,176,biotech/biotech_all,126,ols_rank_normal,ham
share_issuance,-0.031098366271543207,-0.5792434013356744,-0.005960592173369768,0.05334778520131179,0.018050251014949923,176,biotech/biotech_all,126,ols_winsorized_raw,tema_arındırılmış
share_issuance,-0.031098366271543186,-0.5792434013356741,-0.0059605921733697645,0.05334778520131179,0.018050251014949927,176,biotech/biotech_all,126,ols_winsorized_raw,ham
share_issuance,0.000271294066346643,0.032803850830826736,0.000271294066346643,0.08745324055788294,0.05302979990043808,176,biotech/biotech_all,126,wls_sqrt_mcap,tema_arındırılmış
share_issuance,0.0002712940663466405,0.03280385083082643,0.0002712940663466405,0.08745324055788296,0.0530297999004381,176,biotech/biotech_all,126,wls_sqrt_mcap,ham
sue,-0.0005069732184337649,-0.4045583224980232,-0.0005069732184337649,0.11962866205562442,0.04893507115841495,178,biotech/biotech_all,21,ols_rank_normal,tema_arındırılmış
sue,-0.0005069732184337643,-0.40455832249802276,-0.0005069732184337643,0.11962866205562442,0.048935071158414944,178,biotech/biotech_all,21,ols_rank_normal,ham
sue,-0.0010794164011813986,-0.9229467739890607,-0.0012361995444762817,0.12459553774371125,0.05452900955341645,178,biotech/biotech_all,21,ols_winsorized_raw,tema_arındırılmış
sue,-0.0010794164011814025,-0.922946773989064,-0.001236199544476286,0.12459553774371124,0.05452900955341649,178,biotech/biotech_all,21,ols_winsorized_raw,ham
sue,-0.00090028190844445,-0.7771896670733811,-0.00090028190844445,0.1330364009382527,0.06244023431341914,178,biotech/biotech_all,21,wls_sqrt_mcap,tema_arındırılmış
sue,-0.0009002819084444485,-0.77718966707338,-0.0009002819084444485,0.13303640093825272,0.06244023431341914,178,biotech/biotech_all,21,wls_sqrt_mcap,ham
sue,-0.000755838839867012,-0.27452640567920555,-0.000755838839867012,0.11157076516684877,0.03922535090036103,176,biotech/biotech_all,63,ols_rank_normal,tema_arındırılmış
sue,-0.0007558388398670128,-0.27452640567920583,-0.0007558388398670128,0.11157076516684877,0.03922535090036103,176,biotech/biotech_all,63,ols_rank_normal,ham
sue,-0.002028388765049542,-0.8077499712699417,-0.002324359290843896,0.1142192703444743,0.0424528048195477,176,biotech/biotech_all,63,ols_winsorized_raw,tema_arındırılmış
sue,-0.002028388765049543,-0.8077499712699423,-0.0023243592908438974,0.1142192703444743,0.0424528048195477,176,biotech/biotech_all,63,ols_winsorized_raw,ham
sue,-0.0012931994120064247,-0.5033839695704192,-0.0012931994120064247,0.12381227791068918,0.052202002802089975,176,biotech/biotech_all,63,wls_sqrt_mcap,tema_arındırılmış
sue,-0.001293199412006418,-0.5033839695704168,-0.001293199412006418,0.1238122779106892,0.052202002802089996,176,biotech/biotech_all,63,wls_sqrt_mcap,ham
sue,-0.003901417370201125,-0.7534768458720118,-0.003901417370201125,0.1161774523909004,0.0441035578288771,173,biotech/biotech_all,126,ols_rank_normal,tema_arındırılmış
sue,-0.003901417370201125,-0.7534768458720118,-0.003901417370201125,0.11617745239090037,0.04410355782887709,173,biotech/biotech_all,126,ols_rank_normal,ham
sue,-0.0055660163697739936,-1.1930581442017165,-0.006378694139588945,0.11400406908821424,0.04165099292179365,173,biotech/biotech_all,126,ols_winsorized_raw,tema_arındırılmış
sue,-0.005566016369774,-1.1930581442017179,-0.006378694139588952,0.11400406908821424,0.04165099292179367,173,biotech/biotech_all,126,ols_winsorized_raw,ham
sue,-0.005766351468382833,-1.2216253942682258,-0.005766351468382833,0.12728513004958647,0.05622689409458448,173,biotech/biotech_all,126,wls_sqrt_mcap,tema_arındırılmış
sue,-0.00576635146838282,-1.2216253942682231,-0.00576635146838282,0.12728513004958647,0.05622689409458447,173,biotech/biotech_all,126,wls_sqrt_mcap,ham
sue_announce,0.0006503308997123583,0.3751884646668274,0.0006503308997123583,0.12580322819125198,0.05216710875216662,182,biotech/biotech_all,21,ols_rank_normal,tema_arındırılmış
sue_announce,0.0006503308997123586,0.37518846466682765,0.0006503308997123586,0.12580322819125195,0.05216710875216662,182,biotech/biotech_all,21,ols_rank_normal,ham
sue_announce,0.0007396094550583141,0.6160113803197433,0.0011019817082007473,0.11947549261299836,0.04513285411515642,182,biotech/biotech_all,21,ols_winsorized_raw,tema_arındırılmış
sue_announce,0.0007396094550583133,0.6160113803197428,0.0011019817082007462,0.11947549261299836,0.04513285411515642,182,biotech/biotech_all,21,ols_winsorized_raw,ham
sue_announce,0.0002602488387326848,0.21804527122100875,0.0002602488387326848,0.14818354864930688,0.07582194871278213,182,biotech/biotech_all,21,wls_sqrt_mcap,tema_arındırılmış
sue_announce,0.00026024883873268176,0.2180452712210062,0.00026024883873268176,0.14818354864930688,0.0758219487127821,182,biotech/biotech_all,21,wls_sqrt_mcap,ham
sue_announce,0.005260147648702474,1.2675195922109215,0.005260147648702474,0.11228788746767696,0.03698132486604314,180,biotech/biotech_all,63,ols_rank_normal,tema_arındırılmış
sue_announce,0.0052601476487024726,1.267519592210921,0.0052601476487024726,0.11228788746767696,0.03698132486604312,180,biotech/biotech_all,63,ols_rank_normal,ham
sue_announce,0.004637965940127167,1.5110461206295156,0.006917257296273338,0.10762101825533105,0.03183284372149905,180,biotech/biotech_all,63,ols_winsorized_raw,tema_arındırılmış
sue_announce,0.00463796594012717,1.5110461206295165,0.006917257296273342,0.10762101825533102,0.031832843721499034,180,biotech/biotech_all,63,ols_winsorized_raw,ham
sue_announce,0.002885557362759412,0.9324827480970588,0.002885557362759412,0.13760202658768186,0.06369489137503007,180,biotech/biotech_all,63,wls_sqrt_mcap,tema_arındırılmış
sue_announce,0.002885557362759414,0.9324827480970597,0.002885557362759414,0.13760202658768192,0.06369489137503007,180,biotech/biotech_all,63,wls_sqrt_mcap,ham
sue_announce,0.011696380213904347,1.5184473561140244,0.011696380213904347,0.11758988631739306,0.042458632989038514,177,biotech/biotech_all,126,ols_rank_normal,tema_arındırılmış
sue_announce,0.011696380213904348,1.5184473561140246,0.011696380213904348,0.11758988631739305,0.04245863298903851,177,biotech/biotech_all,126,ols_rank_normal,ham
sue_announce,0.010738117623708568,2.1718150327397066,0.016041429855675565,0.11111980964154063,0.035006149749661444,177,biotech/biotech_all,126,ols_winsorized_raw,tema_arındırılmış
sue_announce,0.010738117623708566,2.1718150327397057,0.01604142985567556,0.11111980964154063,0.035006149749661444,177,biotech/biotech_all,126,ols_winsorized_raw,ham
sue_announce,0.004927003365169653,0.6941151709276604,0.004927003365169653,0.14711065893563127,0.07378200937790685,177,biotech/biotech_all,126,wls_sqrt_mcap,tema_arındırılmış
sue_announce,0.004927003365169646,0.6941151709276596,0.004927003365169646,0.14711065893563124,0.07378200937790685,177,biotech/biotech_all,126,wls_sqrt_mcap,ham
asset_growth,-0.002144307647154488,-0.7440828136858245,-0.002144307647154488,0.46431892087083954,0.1391449190670293,159,biotech/biotech_all,21,ols_rank_normal_all,tema_arındırılmış
capex_at,0.0031833913457664917,1.4745634474432439,0.0031833913457664917,0.46431892087083954,0.1391449190670293,159,biotech/biotech_all,21,ols_rank_normal_all,tema_arındırılmış
cash_runway_years,-0.003671935845335016,-0.7780791093019113,-0.003671935845335016,0.46431892087083954,0.1391449190670293,159,biotech/biotech_all,21,ols_rank_normal_all,tema_arındırılmış
cop_at,0.002863665176967914,0.694759784788003,0.002863665176967914,0.46431892087083954,0.1391449190670293,159,biotech/biotech_all,21,ols_rank_normal_all,tema_arındırılmış
dist_52w_high,0.0052217474130933665,1.5501558584320212,0.0052217474130933665,0.46431892087083954,0.1391449190670293,159,biotech/biotech_all,21,ols_rank_normal_all,tema_arındırılmış
droe,0.0036078482773886224,1.33243729488498,0.0036078482773886224,0.46431892087083954,0.1391449190670293,159,biotech/biotech_all,21,ols_rank_normal_all,tema_arındırılmış
ear_3d,-0.001147256857065333,-0.5276223033177277,-0.001147256857065333,0.46431892087083954,0.1391449190670293,159,biotech/biotech_all,21,ols_rank_normal_all,tema_arındırılmış
ebit_ev,0.00016601562786625293,0.03732833858486935,0.00016601562786625293,0.46431892087083954,0.1391449190670293,159,biotech/biotech_all,21,ols_rank_normal_all,tema_arındırılmış
gross_profitability,0.0027260931475891668,1.0388253849991471,0.0027260931475891668,0.46431892087083954,0.1391449190670293,159,biotech/biotech_all,21,ols_rank_normal_all,tema_arındırılmış
idio_vol_60d,-0.0028326586278411693,-0.7428197259599221,-0.0028326586278411693,0.46431892087083954,0.1391449190670293,159,biotech/biotech_all,21,ols_rank_normal_all,tema_arındırılmış
max_ret_21d,0.004078339633347765,1.4678062758762072,0.004078339633347765,0.46431892087083954,0.1391449190670293,159,biotech/biotech_all,21,ols_rank_normal_all,tema_arındırılmış
mom_12_1,0.00014216434557324565,0.0527925053497117,0.00014216434557324565,0.46431892087083954,0.1391449190670293,159,biotech/biotech_all,21,ols_rank_normal_all,tema_arındırılmış
ocf_ev,0.00034375545977158745,0.06997019636968878,0.00034375545977158745,0.46431892087083954,0.1391449190670293,159,biotech/biotech_all,21,ols_rank_normal_all,tema_arındırılmış
share_issuance,0.0016863619846042978,0.6188391924155465,0.0016863619846042978,0.46431892087083954,0.1391449190670293,159,biotech/biotech_all,21,ols_rank_normal_all,tema_arındırılmış
sue,-0.0035857530148919094,-1.5224038995009908,-0.0035857530148919094,0.46431892087083954,0.1391449190670293,159,biotech/biotech_all,21,ols_rank_normal_all,tema_arındırılmış
asset_growth,-0.00877952138333497,-1.1119979951181587,-0.00877952138333497,0.4511491516534531,0.11075423834095484,157,biotech/biotech_all,63,ols_rank_normal_all,tema_arındırılmış
capex_at,0.014494466834533554,2.7391725472947495,0.014494466834533554,0.4511491516534531,0.11075423834095484,157,biotech/biotech_all,63,ols_rank_normal_all,tema_arındırılmış
cash_runway_years,-0.00612079567719449,-0.5464918679691924,-0.00612079567719449,0.4511491516534531,0.11075423834095484,157,biotech/biotech_all,63,ols_rank_normal_all,tema_arındırılmış
cop_at,0.0049149660652369085,0.42709107105885097,0.0049149660652369085,0.4511491516534531,0.11075423834095484,157,biotech/biotech_all,63,ols_rank_normal_all,tema_arındırılmış
dist_52w_high,0.0029253610124570016,0.38563921882647945,0.0029253610124570016,0.4511491516534531,0.11075423834095484,157,biotech/biotech_all,63,ols_rank_normal_all,tema_arındırılmış
droe,0.004948266050151316,0.7745896651328875,0.004948266050151316,0.4511491516534531,0.11075423834095484,157,biotech/biotech_all,63,ols_rank_normal_all,tema_arındırılmış
ear_3d,-0.001410582956521172,-0.31161519745830435,-0.001410582956521172,0.4511491516534531,0.11075423834095484,157,biotech/biotech_all,63,ols_rank_normal_all,tema_arındırılmış
ebit_ev,0.0017033538862702127,0.19399697723749074,0.0017033538862702127,0.4511491516534531,0.11075423834095484,157,biotech/biotech_all,63,ols_rank_normal_all,tema_arındırılmış
gross_profitability,0.010312775499854357,1.6398697608328092,0.010312775499854357,0.4511491516534531,0.11075423834095484,157,biotech/biotech_all,63,ols_rank_normal_all,tema_arındırılmış
idio_vol_60d,0.0011599803149400468,0.17464321229258836,0.0011599803149400468,0.4511491516534531,0.11075423834095484,157,biotech/biotech_all,63,ols_rank_normal_all,tema_arındırılmış
max_ret_21d,0.0042378753137968395,0.8876189476034207,0.0042378753137968395,0.4511491516534531,0.11075423834095484,157,biotech/biotech_all,63,ols_rank_normal_all,tema_arındırılmış
mom_12_1,0.00023545372789460388,0.03818238052534315,0.00023545372789460388,0.4511491516534531,0.11075423834095484,157,biotech/biotech_all,63,ols_rank_normal_all,tema_arındırılmış
ocf_ev,-0.007983931893370525,-0.800202909826065,-0.007983931893370525,0.4511491516534531,0.11075423834095484,157,biotech/biotech_all,63,ols_rank_normal_all,tema_arındırılmış
share_issuance,5.863236540066451e-05,0.007718136554505961,5.863236540066451e-05,0.4511491516534531,0.11075423834095484,157,biotech/biotech_all,63,ols_rank_normal_all,tema_arındırılmış
sue,-0.007557716509254821,-1.341304921066803,-0.007557716509254821,0.4511491516534531,0.11075423834095484,157,biotech/biotech_all,63,ols_rank_normal_all,tema_arındırılmış
asset_growth,-0.01594109829416129,-1.135748267719665,-0.01594109829416129,0.4451831478266462,0.105121430641677,154,biotech/biotech_all,126,ols_rank_normal_all,tema_arındırılmış
capex_at,0.024704162699552962,2.7191463053003657,0.024704162699552962,0.4451831478266462,0.105121430641677,154,biotech/biotech_all,126,ols_rank_normal_all,tema_arındırılmış
cash_runway_years,-0.0069828418495494335,-0.3336234164992584,-0.0069828418495494335,0.4451831478266462,0.105121430641677,154,biotech/biotech_all,126,ols_rank_normal_all,tema_arındırılmış
cop_at,0.009758472549192067,0.4823410731835848,0.009758472549192067,0.4451831478266462,0.105121430641677,154,biotech/biotech_all,126,ols_rank_normal_all,tema_arındırılmış
dist_52w_high,-0.0033738226253247445,-0.23336759244949526,-0.0033738226253247445,0.4451831478266462,0.105121430641677,154,biotech/biotech_all,126,ols_rank_normal_all,tema_arındırılmış
droe,0.011586203556423326,0.8917653818643045,0.011586203556423326,0.4451831478266462,0.105121430641677,154,biotech/biotech_all,126,ols_rank_normal_all,tema_arındırılmış
ear_3d,-0.009472263650658367,-1.2803320803660445,-0.009472263650658367,0.4451831478266462,0.105121430641677,154,biotech/biotech_all,126,ols_rank_normal_all,tema_arındırılmış
ebit_ev,-0.0022602713242929604,-0.15088032206692037,-0.0022602713242929604,0.4451831478266462,0.105121430641677,154,biotech/biotech_all,126,ols_rank_normal_all,tema_arındırılmış
gross_profitability,0.016517455294612005,1.3219351522815848,0.016517455294612005,0.4451831478266462,0.105121430641677,154,biotech/biotech_all,126,ols_rank_normal_all,tema_arındırılmış
idio_vol_60d,0.02812286664032222,1.9559030428132935,0.02812286664032222,0.4451831478266462,0.105121430641677,154,biotech/biotech_all,126,ols_rank_normal_all,tema_arındırılmış
max_ret_21d,0.0019572135449234013,0.30218269630930744,0.0019572135449234013,0.4451831478266462,0.105121430641677,154,biotech/biotech_all,126,ols_rank_normal_all,tema_arındırılmış
mom_12_1,0.0035365650531108722,0.30239383275988946,0.0035365650531108722,0.4451831478266462,0.105121430641677,154,biotech/biotech_all,126,ols_rank_normal_all,tema_arındırılmış
ocf_ev,-0.004286224627680226,-0.23363266612747835,-0.004286224627680226,0.4451831478266462,0.105121430641677,154,biotech/biotech_all,126,ols_rank_normal_all,tema_arındırılmış
share_issuance,-0.00725986837542555,-0.5650043595099534,-0.00725986837542555,0.4451831478266462,0.105121430641677,154,biotech/biotech_all,126,ols_rank_normal_all,tema_arındırılmış
sue,-0.01220078327444387,-1.2845248283249977,-0.01220078327444387,0.4451831478266462,0.105121430641677,154,biotech/biotech_all,126,ols_rank_normal_all,tema_arındırılmış
asset_growth,0.00038870290252889065,0.18088750576434987,0.00038870290252889065,0.20191199339209645,0.08795101039403375,177,biotech/biotech_tools,21,ols_rank_normal,tema_arındırılmış
asset_growth,0.00038870290252889097,0.18088750576435,0.00038870290252889097,0.20191199339209648,0.08795101039403375,177,biotech/biotech_tools,21,ols_rank_normal,ham
asset_growth,0.0003471598504945366,0.03918455031796222,0.00018701100346734154,0.20781950277657074,0.09511418323352973,177,biotech/biotech_tools,21,ols_winsorized_raw,tema_arındırılmış
asset_growth,0.0003471598504945341,0.03918455031796194,0.0001870110034673402,0.20781950277657077,0.09511418323352973,177,biotech/biotech_tools,21,ols_winsorized_raw,ham
asset_growth,-0.0003827230715471443,-0.22653365926037042,-0.0003827230715471443,0.19544949983524254,0.07997948298729128,177,biotech/biotech_tools,21,wls_sqrt_mcap,tema_arındırılmış
asset_growth,-0.0003827230715471426,-0.2265336592603694,-0.0003827230715471426,0.19544949983524254,0.0799794829872913,177,biotech/biotech_tools,21,wls_sqrt_mcap,ham
asset_growth,-0.00266096833992751,-0.47828237936753676,-0.00266096833992751,0.2097137731436998,0.0966593853819404,175,biotech/biotech_tools,63,ols_rank_normal,tema_arındırılmış
asset_growth,-0.002660968339927511,-0.478282379367537,-0.002660968339927511,0.2097137731436998,0.09665938538194041,175,biotech/biotech_tools,63,ols_rank_normal,ham
asset_growth,-0.007395526348679133,-0.38062040136863695,-0.003962532134611833,0.21294953041361014,0.10060065667672798,175,biotech/biotech_tools,63,ols_winsorized_raw,tema_arındırılmış
asset_growth,-0.007395526348679141,-0.3806204013686373,-0.003962532134611837,0.21294953041361014,0.10060065667672798,175,biotech/biotech_tools,63,ols_winsorized_raw,ham
asset_growth,-0.002440317113483821,-0.5410864246911262,-0.002440317113483821,0.19763631171990792,0.08242679962085163,175,biotech/biotech_tools,63,wls_sqrt_mcap,tema_arındırılmış
asset_growth,-0.002440317113483819,-0.5410864246911259,-0.002440317113483819,0.19763631171990792,0.08242679962085166,175,biotech/biotech_tools,63,wls_sqrt_mcap,ham
asset_growth,-0.003903421121914527,-0.3377200779919458,-0.003903421121914527,0.210009746166194,0.09629449592738266,172,biotech/biotech_tools,126,ols_rank_normal,tema_arındırılmış
asset_growth,-0.0039034211219145212,-0.3377200779919453,-0.0039034211219145212,0.210009746166194,0.09629449592738269,172,biotech/biotech_tools,126,ols_rank_normal,ham
asset_growth,-0.010192110547328563,-0.2472184169549697,-0.005463964967856262,0.21655981033758548,0.10443772044214536,172,biotech/biotech_tools,126,ols_winsorized_raw,tema_arındırılmış
asset_growth,-0.010192110547328596,-0.2472184169549704,-0.0054639649678562795,0.21655981033758548,0.10443772044214533,172,biotech/biotech_tools,126,ols_winsorized_raw,ham
asset_growth,-0.004866407487153927,-0.5013982304892096,-0.004866407487153927,0.19712814493042446,0.08066835582293867,172,biotech/biotech_tools,126,wls_sqrt_mcap,tema_arındırılmış
asset_growth,-0.004866407487153929,-0.5013982304892097,-0.004866407487153929,0.19712814493042446,0.08066835582293867,172,biotech/biotech_tools,126,wls_sqrt_mcap,ham
capex_at,-0.0012796775517708555,-0.5601568051672373,-0.0012796775517708555,0.21395463212951582,0.10098209949857448,175,biotech/biotech_tools,21,ols_rank_normal,tema_arındırılmış
capex_at,-0.0012796775517708535,-0.5601568051672364,-0.0012796775517708535,0.21395463212951582,0.10098209949857448,175,biotech/biotech_tools,21,ols_rank_normal,ham
capex_at,-0.005262910046439241,-0.03920764053778805,-0.00010096943010878381,0.2176531013373607,0.10514200536789466,175,biotech/biotech_tools,21,ols_winsorized_raw,tema_arındırılmış
capex_at,-0.0052629100464392465,-0.03920764053778808,-0.0001009694301087839,0.2176531013373607,0.10514200536789466,175,biotech/biotech_tools,21,ols_winsorized_raw,ham
capex_at,-0.0007795947116072827,-0.44213913710714786,-0.0007795947116072827,0.20633482386153698,0.09169898030403593,175,biotech/biotech_tools,21,wls_sqrt_mcap,tema_arındırılmış
capex_at,-0.0007795947116072865,-0.44213913710715014,-0.0007795947116072865,0.20633482386153698,0.09169898030403593,175,biotech/biotech_tools,21,wls_sqrt_mcap,ham
capex_at,-0.0028183273287350568,-0.5096698149316022,-0.0028183273287350568,0.21236716753879642,0.09885935535524534,173,biotech/biotech_tools,63,ols_rank_normal,tema_arındırılmış
capex_at,-0.0028183273287350516,-0.5096698149316012,-0.0028183273287350516,0.21236716753879634,0.09885935535524533,173,biotech/biotech_tools,63,ols_rank_normal,ham
capex_at,0.11755046356105997,0.36092131036837877,0.0022562715050274823,0.21899306788094677,0.10615973463342904,173,biotech/biotech_tools,63,ols_winsorized_raw,tema_arındırılmış
capex_at,0.11755046356106001,0.3609213103683789,0.002256271505027483,0.21899306788094677,0.10615973463342904,173,biotech/biotech_tools,63,ols_winsorized_raw,ham
capex_at,-0.002775723059030706,-0.694288713984424,-0.002775723059030706,0.19647318820353565,0.08016410173322151,173,biotech/biotech_tools,63,wls_sqrt_mcap,tema_arındırılmış
capex_at,-0.0027757230590307156,-0.6942887139844264,-0.0027757230590307156,0.19647318820353565,0.08016410173322147,173,biotech/biotech_tools,63,wls_sqrt_mcap,ham
capex_at,-0.00590661526658789,-0.5907921093800885,-0.00590661526658789,0.2044662825073773,0.08880376774566746,170,biotech/biotech_tools,126,ols_rank_normal,tema_arındırılmış
capex_at,-0.005906615266587888,-0.5907921093800882,-0.005906615266587888,0.20446628250737725,0.08880376774566746,170,biotech/biotech_tools,126,ols_rank_normal,ham
capex_at,0.35417870425976133,0.5299828111177293,0.006802802750968111,0.22213520989355284,0.10892870855959988,170,biotech/biotech_tools,126,ols_winsorized_raw,tema_arındırılmış
capex_at,0.35417870425976106,0.5299828111177288,0.0068028027509681056,0.22213520989355282,0.10892870855959988,170,biotech/biotech_tools,126,ols_winsorized_raw,ham
capex_at,-0.005426797477473367,-0.8005024104921115,-0.005426797477473367,0.18086908423029577,0.06107842783365389,170,biotech/biotech_tools,126,wls_sqrt_mcap,tema_arındırılmış
capex_at,-0.0054267974774733765,-0.800502410492113,-0.0054267974774733765,0.18086908423029577,0.06107842783365391,170,biotech/biotech_tools,126,wls_sqrt_mcap,ham
cash_runway_years,0.007438369180573479,0.2628760870318716,0.007438369180573479,0.21343508305859385,0.00983709092308597,15,biotech/biotech_tools,21,ols_rank_normal,tema_arındırılmış
cash_runway_years,0.007438369180573474,0.2628760870318714,0.007438369180573474,0.21343508305859382,0.009837090923085993,15,biotech/biotech_tools,21,ols_rank_normal,ham
cash_runway_years,0.005244977437187409,1.1158455844205317,0.01604828393395263,0.20699008087457385,0.0017192140310328266,15,biotech/biotech_tools,21,ols_winsorized_raw,tema_arındırılmış
cash_runway_years,0.005244977437187415,1.1158455844205342,0.016048283933952648,0.20699008087457374,0.0017192140310327009,15,biotech/biotech_tools,21,ols_winsorized_raw,ham
cash_runway_years,0.008762644074536302,0.4965725047363555,0.008762644074536302,0.21438913164130177,0.011371507526412635,15,biotech/biotech_tools,21,wls_sqrt_mcap,tema_arındırılmış
cash_runway_years,0.0087626440745363,0.4965725047363554,0.0087626440745363,0.21438913164130188,0.011371507526412628,15,biotech/biotech_tools,21,wls_sqrt_mcap,ham
cash_runway_years,0.019431375435250885,0.9698078292503366,0.019431375435250885,0.1974157772464453,-0.010689241639128462,15,biotech/biotech_tools,63,ols_rank_normal,tema_arındırılmış
cash_runway_years,0.019431375435250916,0.9698078292503384,0.019431375435250916,0.19741577724644524,-0.01068924163912847,15,biotech/biotech_tools,63,ols_rank_normal,ham
cash_runway_years,0.009009059833911306,1.6059393097583974,0.027565409370017613,0.19590666169696488,-0.01309127867896655,15,biotech/biotech_tools,63,ols_winsorized_raw,tema_arındırılmış
cash_runway_years,0.00900905983391132,1.6059393097584012,0.027565409370017654,0.19590666169696494,-0.013091278678966645,15,biotech/biotech_tools,63,ols_winsorized_raw,ham
cash_runway_years,-0.00015300624206671573,-0.009636941231608262,-0.00015300624206671573,0.20802861530551145,0.0027322513627682974,15,biotech/biotech_tools,63,wls_sqrt_mcap,tema_arındırılmış
cash_runway_years,-0.00015300624206669722,-0.009636941231607096,-0.00015300624206669722,0.20802861530551145,0.002732251362768312,15,biotech/biotech_tools,63,wls_sqrt_mcap,ham
cash_runway_years,0.05722852695749432,1.1608346115742618,0.05722852695749432,0.1359255247475774,-0.08835708859492634,15,biotech/biotech_tools,126,ols_rank_normal,tema_arındırılmış
cash_runway_years,0.05722852695749432,1.1608346115742612,0.05722852695749432,0.13592552474757738,-0.08835708859492637,15,biotech/biotech_tools,126,ols_rank_normal,ham
cash_runway_years,0.024096169365727494,1.0541823461082982,0.07372808984077786,0.14300025973334182,-0.07996192494367663,15,biotech/biotech_tools,126,ols_winsorized_raw,tema_arındırılmış
cash_runway_years,0.024096169365727494,1.054182346108298,0.07372808984077786,0.1430002597333419,-0.07996192494367654,15,biotech/biotech_tools,126,ols_winsorized_raw,ham
cash_runway_years,0.001278530022574914,0.04173766710506472,0.001278530022574914,0.1330353214339712,-0.09218364369210105,15,biotech/biotech_tools,126,wls_sqrt_mcap,tema_arındırılmış
cash_runway_years,0.0012785300225749557,0.04173766710506606,0.0012785300225749557,0.13303532143397126,-0.09218364369210104,15,biotech/biotech_tools,126,wls_sqrt_mcap,ham
cop_at,0.0021947322549456033,1.3109382895563004,0.0021947322549456033,0.23584841630289072,0.09204086930301278,177,biotech/biotech_tools,21,ols_rank_normal,tema_arındırılmış
cop_at,0.0021947322549456033,1.3109382895563004,0.0021947322549456033,0.2358484163028907,0.09204086930301278,177,biotech/biotech_tools,21,ols_rank_normal,ham
cop_at,0.01816537884021609,0.7628903500080177,0.001144926641458417,0.2289061103379815,0.0839522481054062,177,biotech/biotech_tools,21,ols_winsorized_raw,tema_arındırılmış
cop_at,0.018165378840216136,0.7628903500080196,0.00114492664145842,0.2289061103379815,0.08395224810540619,177,biotech/biotech_tools,21,ols_winsorized_raw,ham
cop_at,0.0019578038234286375,1.3069688337873941,0.0019578038234286375,0.23142758326877247,0.08696452743175795,177,biotech/biotech_tools,21,wls_sqrt_mcap,tema_arındırılmış
cop_at,0.0019578038234286453,1.3069688337873995,0.0019578038234286453,0.23142758326877255,0.08696452743175796,177,biotech/biotech_tools,21,wls_sqrt_mcap,ham
cop_at,0.006096798185326325,1.4125712364787304,0.006096798185326325,0.22816891801804287,0.08280955595779244,175,biotech/biotech_tools,63,ols_rank_normal,tema_arındırılmış
cop_at,0.0060967981853263225,1.4125712364787297,0.0060967981853263225,0.22816891801804287,0.08280955595779244,175,biotech/biotech_tools,63,ols_rank_normal,ham
cop_at,0.04346417151812776,0.7222998489438551,0.002732349600785983,0.22230619654344438,0.07594126269118107,175,biotech/biotech_tools,63,ols_winsorized_raw,tema_arındırılmış
cop_at,0.04346417151812778,0.7222998489438556,0.002732349600785984,0.22230619654344438,0.07594126269118107,175,biotech/biotech_tools,63,ols_winsorized_raw,ham
cop_at,0.004316551206821844,1.1457339038576442,0.004316551206821844,0.22054525685552037,0.07387072568456923,175,biotech/biotech_tools,63,wls_sqrt_mcap,tema_arındırılmış
cop_at,0.00431655120682185,1.1457339038576453,0.00431655120682185,0.22054525685552034,0.07387072568456922,175,biotech/biotech_tools,63,wls_sqrt_mcap,ham
cop_at,0.012405667712591946,1.5353044095921842,0.012405667712591946,0.21881911063655976,0.06997828234038261,172,biotech/biotech_tools,126,ols_rank_normal,tema_arındırılmış
cop_at,0.012405667712591946,1.5353044095921842,0.012405667712591946,0.21881911063655976,0.0699782823403826,172,biotech/biotech_tools,126,ols_rank_normal,ham
cop_at,0.06508721914835593,0.6171578188394984,0.0040770183930116805,0.21014589862004576,0.05954322735718292,172,biotech/biotech_tools,126,ols_winsorized_raw,tema_arındırılmış
cop_at,0.06508721914835591,0.6171578188394983,0.00407701839301168,0.21014589862004576,0.05954322735718291,172,biotech/biotech_tools,126,ols_winsorized_raw,ham
cop_at,0.009559885715262069,1.241973319107632,0.009559885715262069,0.212678308535719,0.06269150187921091,172,biotech/biotech_tools,126,wls_sqrt_mcap,tema_arındırılmış
cop_at,0.009559885715262083,1.2419733191076339,0.009559885715262083,0.212678308535719,0.06269150187921088,172,biotech/biotech_tools,126,wls_sqrt_mcap,ham
dist_52w_high,0.002966846475372086,1.136845785290622,0.002966846475372086,0.20433644657686967,0.09384239917567688,182,biotech/biotech_tools,21,ols_rank_normal,tema_arındırılmış
dist_52w_high,0.002966846475372085,1.1368457852906217,0.002966846475372085,0.20433644657686967,0.09384239917567688,182,biotech/biotech_tools,21,ols_rank_normal,ham
dist_52w_high,0.03534878254481231,1.596685887285496,0.005421370148623568,0.22170640333839026,0.11367086182015058,182,biotech/biotech_tools,21,ols_winsorized_raw,tema_arındırılmış
dist_52w_high,0.035348782544812316,1.5966858872854963,0.005421370148623569,0.22170640333839026,0.11367086182015057,182,biotech/biotech_tools,21,ols_winsorized_raw,ham
dist_52w_high,-0.0009142236734462493,-0.4187578115563958,-0.0009142236734462493,0.2014830512555065,0.09025208553418883,182,biotech/biotech_tools,21,wls_sqrt_mcap,tema_arındırılmış
dist_52w_high,-0.0009142236734462493,-0.4187578115563958,-0.0009142236734462493,0.2014830512555065,0.09025208553418883,182,biotech/biotech_tools,21,wls_sqrt_mcap,ham
dist_52w_high,0.009822748057215159,1.5311438442743688,0.009822748057215159,0.19971383704157855,0.08793139463322468,180,biotech/biotech_tools,63,ols_rank_normal,tema_arındırılmış
dist_52w_high,0.009822748057215159,1.5311438442743686,0.009822748057215159,0.19971383704157855,0.08793139463322469,180,biotech/biotech_tools,63,ols_rank_normal,ham
dist_52w_high,0.07393250746059343,1.3986205359310084,0.01131098942039989,0.22405349341377534,0.1159159508526278,180,biotech/biotech_tools,63,ols_winsorized_raw,tema_arındırılmış
dist_52w_high,0.07393250746059342,1.3986205359310082,0.011310989420399889,0.22405349341377534,0.11591595085262783,180,biotech/biotech_tools,63,ols_winsorized_raw,ham
dist_52w_high,0.0011539476685404066,0.24284576962847,0.0011539476685404066,0.19106232556513242,0.07788217787552629,180,biotech/biotech_tools,63,wls_sqrt_mcap,tema_arındırılmış
dist_52w_high,0.0011539476685404051,0.2428457696284697,0.0011539476685404051,0.19106232556513242,0.0778821778755263,180,biotech/biotech_tools,63,wls_sqrt_mcap,ham
dist_52w_high,0.013233470206112954,1.160952220721061,0.013233470206112954,0.19898469984648845,0.08615585126283709,177,biotech/biotech_tools,126,ols_rank_normal,tema_arındırılmış
dist_52w_high,0.013233470206112954,1.160952220721061,0.013233470206112954,0.19898469984648845,0.08615585126283708,177,biotech/biotech_tools,126,ols_rank_normal,ham
dist_52w_high,0.12877075646371403,1.5328268990121177,0.01964871506406998,0.22580332838999304,0.11683825305788663,177,biotech/biotech_tools,126,ols_winsorized_raw,tema_arındırılmış
dist_52w_high,0.128770756463714,1.5328268990121172,0.019648715064069976,0.22580332838999304,0.11683825305788667,177,biotech/biotech_tools,126,ols_winsorized_raw,ham
dist_52w_high,0.004590704358420377,0.6081584287617361,0.004590704358420377,0.1805350759422063,0.06458934596971976,177,biotech/biotech_tools,126,wls_sqrt_mcap,tema_arındırılmış
dist_52w_high,0.00459070435842038,0.6081584287617366,0.00459070435842038,0.1805350759422063,0.06458934596971976,177,biotech/biotech_tools,126,wls_sqrt_mcap,ham
droe,0.0025554043698615605,1.835537256878293,0.0025554043698615605,0.22512809398000577,0.07319294833719628,177,biotech/biotech_tools,21,ols_rank_normal,tema_arındırılmış
droe,0.00255540436986156,1.8355372568782926,0.00255540436986156,0.22512809398000577,0.07319294833719629,177,biotech/biotech_tools,21,ols_rank_normal,ham
droe,0.040212967417955325,0.9238928551747134,0.003326497497809644,0.23226600794652705,0.08184644403114669,177,biotech/biotech_tools,21,ols_winsorized_raw,tema_arındırılmış
droe,0.04021296741795532,0.9238928551747134,0.003326497497809643,0.232266007946527,0.08184644403114669,177,biotech/biotech_tools,21,ols_winsorized_raw,ham
droe,0.0022704913760483456,2.0497679490482765,0.0022704913760483456,0.21826978965309915,0.06508043770626695,177,biotech/biotech_tools,21,wls_sqrt_mcap,tema_arındırılmış
droe,0.0022704913760483486,2.0497679490482796,0.0022704913760483486,0.21826978965309918,0.06508043770626695,177,biotech/biotech_tools,21,wls_sqrt_mcap,ham
droe,0.0072728172848479985,1.6869805740807884,0.0072728172848479985,0.2290165972470781,0.077846800150358,175,biotech/biotech_tools,63,ols_rank_normal,tema_arındırılmış
droe,0.007272817284848001,1.686980574080789,0.007272817284848001,0.2290165972470781,0.07784680015035801,175,biotech/biotech_tools,63,ols_rank_normal,ham
droe,0.12625132276679737,1.037244079201271,0.01030577404031829,0.24082852203399438,0.0921018001066471,175,biotech/biotech_tools,63,ols_winsorized_raw,tema_arındırılmış
droe,0.12625132276679737,1.037244079201271,0.01030577404031829,0.24082852203399438,0.09210180010664716,175,biotech/biotech_tools,63,ols_winsorized_raw,ham
droe,0.00568645107563141,1.7733667909194715,0.00568645107563141,0.217887010385517,0.06472512692215235,175,biotech/biotech_tools,63,wls_sqrt_mcap,tema_arındırılmış
droe,0.005686451075631406,1.7733667909194701,0.005686451075631406,0.217887010385517,0.06472512692215232,175,biotech/biotech_tools,63,wls_sqrt_mcap,ham
droe,0.009446835425621209,1.384893398996358,0.009446835425621209,0.21525074125240984,0.060086838187709504,172,biotech/biotech_tools,126,ols_rank_normal,tema_arındırılmış
droe,0.009446835425621214,1.384893398996359,0.009446835425621214,0.21525074125240987,0.0600868381877095,172,biotech/biotech_tools,126,ols_rank_normal,ham
droe,0.30642106070085373,1.8009507152976136,0.02495386995684652,0.22188450011596386,0.06771211966458801,172,biotech/biotech_tools,126,ols_winsorized_raw,tema_arındırılmış
droe,0.3064210607008536,1.800950715297613,0.024953869956846512,0.22188450011596383,0.067712119664588,172,biotech/biotech_tools,126,ols_winsorized_raw,ham
droe,0.010626354289510183,2.428404395248083,0.010626354289510183,0.20119310153253647,0.04342202663508568,172,biotech/biotech_tools,126,wls_sqrt_mcap,tema_arındırılmış
droe,0.01062635428951018,2.4284043952480827,0.01062635428951018,0.20119310153253647,0.043422026635085674,172,biotech/biotech_tools,126,wls_sqrt_mcap,ham
ear_3d,0.0007301380198609385,0.368555005681393,0.0007301380198609385,0.21799056146908977,0.10135063231273315,178,biotech/biotech_tools,21,ols_rank_normal,tema_arındırılmış
ear_3d,0.0007301380198609383,0.36855500568139293,0.0007301380198609383,0.2179905614690898,0.10135063231273318,178,biotech/biotech_tools,21,ols_rank_normal,ham
ear_3d,0.019951543969565555,0.8746582077964117,0.0019738332783847744,0.22059538603214918,0.10408867014627336,178,biotech/biotech_tools,21,ols_winsorized_raw,tema_arındırılmış
ear_3d,0.019951543969565545,0.8746582077964113,0.001973833278384773,0.22059538603214915,0.10408867014627336,178,biotech/biotech_tools,21,ols_winsorized_raw,ham
ear_3d,0.0006723654764137905,0.3853548150466453,0.0006723654764137905,0.2089271108460909,0.09039632946145068,178,biotech/biotech_tools,21,wls_sqrt_mcap,tema_arındırılmış
ear_3d,0.0006723654764137937,0.3853548150466471,0.0006723654764137937,0.2089271108460909,0.09039632946145068,178,biotech/biotech_tools,21,wls_sqrt_mcap,ham
ear_3d,0.00587328263470844,1.4016448975901432,0.00587328263470844,0.1985936854768693,0.07797796281375717,176,biotech/biotech_tools,63,ols_rank_normal,tema_arındırılmış
ear_3d,0.005873282634708441,1.4016448975901434,0.005873282634708441,0.1985936854768693,0.07797796281375718,176,biotech/biotech_tools,63,ols_rank_normal,ham
ear_3d,0.09630885010866379,2.195238616997687,0.009463682291965625,0.20694788465203684,0.08760936785293737,176,biotech/biotech_tools,63,ols_winsorized_raw,tema_arındırılmış
ear_3d,0.0963088501086638,2.1952386169976874,0.009463682291965626,0.20694788465203684,0.08760936785293738,176,biotech/biotech_tools,63,ols_winsorized_raw,ham
ear_3d,0.0029820030259573808,0.8427116238876518,0.0029820030259573808,0.18828342921132454,0.0658350940760414,176,biotech/biotech_tools,63,wls_sqrt_mcap,tema_arındırılmış
ear_3d,0.0029820030259573847,0.842711623887653,0.0029820030259573847,0.18828342921132454,0.06583509407604139,176,biotech/biotech_tools,63,wls_sqrt_mcap,ham
ear_3d,0.006865130445031853,0.7197215032849158,0.006865130445031853,0.21885970278975161,0.10120170680983419,173,biotech/biotech_tools,126,ols_rank_normal,tema_arındırılmış
ear_3d,0.006865130445031856,0.719721503284916,0.006865130445031856,0.21885970278975161,0.10120170680983416,173,biotech/biotech_tools,126,ols_rank_normal,ham
ear_3d,0.1403234498537871,1.2907089248812889,0.013682615263604531,0.2332483480982993,0.11788234596552528,173,biotech/biotech_tools,126,ols_winsorized_raw,tema_arındırılmış
ear_3d,0.14032344985378706,1.2907089248812884,0.013682615263604524,0.23324834809829925,0.11788234596552526,173,biotech/biotech_tools,126,ols_winsorized_raw,ham
ear_3d,0.007964261343776275,1.2764042668450615,0.007964261343776275,0.19889060514693493,0.07752280475094854,173,biotech/biotech_tools,126,wls_sqrt_mcap,tema_arındırılmış
ear_3d,0.007964261343776272,1.2764042668450613,0.007964261343776272,0.19889060514693493,0.07752280475094851,173,biotech/biotech_tools,126,wls_sqrt_mcap,ham
gross_profitability,0.0004217526554097139,0.266616865423664,0.0004217526554097139,0.2542431535717769,0.09848327291208593,177,biotech/biotech_tools,21,ols_rank_normal,tema_arındırılmış
gross_profitability,0.000421752655409713,0.26661686542366336,0.000421752655409713,0.2542431535717769,0.0984832729120859,177,biotech/biotech_tools,21,ols_rank_normal,ham
gross_profitability,0.0009253675324276427,0.08651416649139446,0.00013484045488287738,0.2540381592352279,0.09798942262081689,177,biotech/biotech_tools,21,ols_winsorized_raw,tema_arındırılmış
gross_profitability,0.0009253675324276302,0.08651416649139329,0.00013484045488287556,0.2540381592352279,0.09798942262081686,177,biotech/biotech_tools,21,ols_winsorized_raw,ham
gross_profitability,-0.0008825721243302307,-0.6340759168129593,-0.0008825721243302307,0.253244306716853,0.09730409923776946,177,biotech/biotech_tools,21,wls_sqrt_mcap,tema_arındırılmış
gross_profitability,-0.0008825721243302293,-0.6340759168129582,-0.0008825721243302293,0.25324430671685305,0.09730409923776949,177,biotech/biotech_tools,21,wls_sqrt_mcap,ham
gross_profitability,-0.0018725933900076194,-0.4616943929575066,-0.0018725933900076194,0.26046095606693737,0.10597659808302558,175,biotech/biotech_tools,63,ols_rank_normal,tema_arındırılmış
gross_profitability,-0.0018725933900076161,-0.46169439295750564,-0.0018725933900076161,0.26046095606693737,0.10597659808302556,175,biotech/biotech_tools,63,ols_rank_normal,ham
gross_profitability,-0.017776102483527245,-0.6419147898963444,-0.0025848262792315044,0.25741268866236855,0.10205634861511909,175,biotech/biotech_tools,63,ols_winsorized_raw,tema_arındırılmış
gross_profitability,-0.01777610248352723,-0.6419147898963439,-0.002584826279231502,0.25741268866236855,0.10205634861511909,175,biotech/biotech_tools,63,ols_winsorized_raw,ham
gross_profitability,-0.0040626283569079975,-1.156301303610953,-0.0040626283569079975,0.251082688121765,0.09466757667728702,175,biotech/biotech_tools,63,wls_sqrt_mcap,tema_arındırılmış
gross_profitability,-0.0040626283569079975,-1.1563013036109528,-0.0040626283569079975,0.251082688121765,0.09466757667728705,175,biotech/biotech_tools,63,wls_sqrt_mcap,ham
gross_profitability,-0.0023328317552256026,-0.29092874194299245,-0.0023328317552256026,0.2581262085710033,0.10205574744688645,172,biotech/biotech_tools,126,ols_rank_normal,tema_arındırılmış
gross_profitability,-0.002332831755225595,-0.2909287419429915,-0.002332831755225595,0.2581262085710033,0.10205574744688647,172,biotech/biotech_tools,126,ols_rank_normal,ham
gross_profitability,-0.01817843743484966,-0.35134141401092717,-0.002632109060370447,0.25430428936065486,0.09704222534488866,172,biotech/biotech_tools,126,ols_winsorized_raw,tema_arındırılmış
gross_profitability,-0.018178437434849683,-0.3513414140109276,-0.0026321090603704505,0.25430428936065486,0.09704222534488861,172,biotech/biotech_tools,126,ols_winsorized_raw,ham
gross_profitability,-0.0054630438673615575,-0.7725357363502451,-0.0054630438673615575,0.24774547623997753,0.08953364431583184,172,biotech/biotech_tools,126,wls_sqrt_mcap,tema_arındırılmış
gross_profitability,-0.005463043867361561,-0.7725357363502454,-0.005463043867361561,0.24774547623997753,0.08953364431583184,172,biotech/biotech_tools,126,wls_sqrt_mcap,ham
idio_vol_60d,0.0015562385946279544,0.48182597962183993,0.0015562385946279544,0.20624224281894413,0.09562586612493733,182,biotech/biotech_tools,21,ols_rank_normal,tema_arındırılmış
idio_vol_60d,0.0015562385946279547,0.48182597962184,0.0015562385946279547,0.20624224281894413,0.09562586612493733,182,biotech/biotech_tools,21,ols_rank_normal,ham
idio_vol_60d,-0.016036011388851645,-0.7611446631565979,-0.003325157863346481,0.24119359767438198,0.13585081512236158,182,biotech/biotech_tools,21,ols_winsorized_raw,tema_arındırılmış
idio_vol_60d,-0.016036011388851624,-0.761144663156597,-0.003325157863346477,0.24119359767438198,0.13585081512236155,182,biotech/biotech_tools,21,ols_winsorized_raw,ham
idio_vol_60d,0.003503746418770311,1.3340005697011301,0.003503746418770311,0.2047819397963441,0.09364159362055005,182,biotech/biotech_tools,21,wls_sqrt_mcap,tema_arındırılmış
idio_vol_60d,0.0035037464187703095,1.3340005697011297,0.0035037464187703095,0.2047819397963441,0.09364159362055006,182,biotech/biotech_tools,21,wls_sqrt_mcap,ham
idio_vol_60d,0.0052161346333996555,0.767106142971553,0.0052161346333996555,0.2056588576216315,0.09503930709072521,180,biotech/biotech_tools,63,ols_rank_normal,tema_arındırılmış
idio_vol_60d,0.0052161346333996555,0.7671061429715528,0.0052161346333996555,0.20565885762163155,0.09503930709072522,180,biotech/biotech_tools,63,ols_rank_normal,ham
idio_vol_60d,-0.01345635611583415,-0.31810530591041974,-0.0027910345837359727,0.22965568540318398,0.12253346249376804,180,biotech/biotech_tools,63,ols_winsorized_raw,tema_arındırılmış
idio_vol_60d,-0.013456356115834161,-0.31810530591041997,-0.002791034583735975,0.22965568540318398,0.12253346249376804,180,biotech/biotech_tools,63,ols_winsorized_raw,ham
idio_vol_60d,0.006284842960540563,1.0725184855199275,0.006284842960540563,0.20294146545574812,0.09179217111151053,180,biotech/biotech_tools,63,wls_sqrt_mcap,tema_arındırılmış
idio_vol_60d,0.006284842960540561,1.0725184855199272,0.006284842960540561,0.20294146545574815,0.09179217111151056,180,biotech/biotech_tools,63,wls_sqrt_mcap,ham
idio_vol_60d,0.010902053746101838,0.8338454463843842,0.010902053746101838,0.20164460919702307,0.08966457701446431,177,biotech/biotech_tools,126,ols_rank_normal,tema_arındırılmış
idio_vol_60d,0.010902053746101837,0.833845446384384,0.010902053746101837,0.20164460919702307,0.08966457701446429,177,biotech/biotech_tools,126,ols_rank_normal,ham
idio_vol_60d,0.0030215890304840674,0.034082703596176926,0.0006262139956630114,0.2312167022439169,0.1231918439027866,177,biotech/biotech_tools,126,ols_winsorized_raw,tema_arındırılmış
idio_vol_60d,0.0030215890304840275,0.03408270359617647,0.0006262139956630031,0.23121670224391697,0.12319184390278666,177,biotech/biotech_tools,126,ols_winsorized_raw,ham
idio_vol_60d,0.006865108805566813,0.6221085063263736,0.006865108805566813,0.19573917732933668,0.08233071944681089,177,biotech/biotech_tools,126,wls_sqrt_mcap,tema_arındırılmış
idio_vol_60d,0.006865108805566812,0.6221085063263737,0.006865108805566812,0.19573917732933668,0.08233071944681088,177,biotech/biotech_tools,126,wls_sqrt_mcap,ham
max_ret_21d,0.0002777435216568237,0.10938617696121396,0.0002777435216568237,0.19594983943877342,0.08375874240108677,182,biotech/biotech_tools,21,ols_rank_normal,tema_arındırılmış
max_ret_21d,0.00027774352165682364,0.10938617696121392,0.00027774352165682364,0.19594983943877337,0.08375874240108674,182,biotech/biotech_tools,21,ols_rank_normal,ham
max_ret_21d,-0.11578497037539492,-1.3662378475154457,-0.005166904664487928,0.2212716680282502,0.11290292516818466,182,biotech/biotech_tools,21,ols_winsorized_raw,tema_arındırılmış
max_ret_21d,-0.11578497037539487,-1.3662378475154449,-0.0051669046644879256,0.2212716680282502,0.11290292516818468,182,biotech/biotech_tools,21,ols_winsorized_raw,ham
max_ret_21d,0.0020130581820656137,1.0910195538374852,0.0020130581820656137,0.19522365923987858,0.08288878582378094,182,biotech/biotech_tools,21,wls_sqrt_mcap,tema_arındırılmış
max_ret_21d,0.0020130581820656133,1.0910195538374847,0.0020130581820656133,0.19522365923987867,0.08288878582378095,182,biotech/biotech_tools,21,wls_sqrt_mcap,ham
max_ret_21d,0.004127409216615051,0.7955371798990877,0.004127409216615051,0.1915864522846882,0.0783877260632882,180,biotech/biotech_tools,63,ols_rank_normal,tema_arındırılmış
max_ret_21d,0.004127409216615051,0.7955371798990877,0.004127409216615051,0.19158645228468826,0.07838772606328821,180,biotech/biotech_tools,63,ols_rank_normal,ham
max_ret_21d,-0.12704493485951585,-0.8961744616376035,-0.005653089609710536,0.21401224546355865,0.10380521116455946,180,biotech/biotech_tools,63,ols_winsorized_raw,tema_arındırılmış
max_ret_21d,-0.1270449348595159,-0.8961744616376037,-0.005653089609710539,0.21401224546355868,0.10380521116455949,180,biotech/biotech_tools,63,ols_winsorized_raw,ham
max_ret_21d,0.0055773109535260795,1.3885895883324229,0.0055773109535260795,0.18351032253205524,0.06906075276732147,180,biotech/biotech_tools,63,wls_sqrt_mcap,tema_arındırılmış
max_ret_21d,0.005577310953526079,1.3885895883324226,0.005577310953526079,0.18351032253205524,0.06906075276732149,180,biotech/biotech_tools,63,wls_sqrt_mcap,ham
max_ret_21d,0.008245262252055154,0.8793893291883697,0.008245262252055154,0.19215812558845966,0.07827748263368754,177,biotech/biotech_tools,126,ols_rank_normal,tema_arındırılmış
max_ret_21d,0.008245262252055158,0.87938932918837,0.008245262252055158,0.19215812558845963,0.07827748263368753,177,biotech/biotech_tools,126,ols_rank_normal,ham
max_ret_21d,0.23513685915458105,0.8869688138098113,0.010438693291295695,0.22214588682720166,0.11275424911675659,177,biotech/biotech_tools,126,ols_winsorized_raw,tema_arındırılmış
max_ret_21d,0.23513685915458088,0.8869688138098106,0.010438693291295688,0.22214588682720166,0.1127542491167566,177,biotech/biotech_tools,126,ols_winsorized_raw,ham
max_ret_21d,0.0071624373687018865,0.9653193395117462,0.0071624373687018865,0.1828632407013256,0.06715294096764922,177,biotech/biotech_tools,126,wls_sqrt_mcap,tema_arındırılmış
max_ret_21d,0.007162437368701889,0.9653193395117466,0.007162437368701889,0.1828632407013256,0.0671529409676492,177,biotech/biotech_tools,126,wls_sqrt_mcap,ham
mom_12_1,0.0005097669897717389,0.21281175534985272,0.0005097669897717389,0.21293272437361854,0.10376435367779986,182,biotech/biotech_tools,21,ols_rank_normal,tema_arındırılmış
mom_12_1,0.0005097669897717392,0.21281175534985283,0.0005097669897717392,0.21293272437361854,0.10376435367779985,182,biotech/biotech_tools,21,ols_rank_normal,ham
mom_12_1,-0.003563001228058055,-0.5932731805137645,-0.002450448454761205,0.2211108951555739,0.11323433396590701,182,biotech/biotech_tools,21,ols_winsorized_raw,tema_arındırılmış
mom_12_1,-0.0035630012280580565,-0.5932731805137647,-0.0024504484547612057,0.22111089515557392,0.11323433396590704,182,biotech/biotech_tools,21,ols_winsorized_raw,ham
mom_12_1,5.0103662788599555e-05,0.022527359090050277,5.0103662788599555e-05,0.20618626753209796,0.09542663217630035,182,biotech/biotech_tools,21,wls_sqrt_mcap,tema_arındırılmış
mom_12_1,5.010366278859803e-05,0.022527359090049593,5.010366278859803e-05,0.20618626753209796,0.09542663217630037,182,biotech/biotech_tools,21,wls_sqrt_mcap,ham
mom_12_1,0.0012143351675951966,0.1942380800420361,0.0012143351675951966,0.22656076050205026,0.11939325756130989,180,biotech/biotech_tools,63,ols_rank_normal,tema_arındırılmış
mom_12_1,0.001214335167595198,0.19423808004203633,0.001214335167595198,0.22656076050205026,0.11939325756130992,180,biotech/biotech_tools,63,ols_rank_normal,ham
mom_12_1,0.00017646193907747688,0.010302932141408868,0.00012128015535139724,0.2350068946278055,0.12860800498021557,180,biotech/biotech_tools,63,ols_winsorized_raw,tema_arındırılmış
mom_12_1,0.0001764619390774855,0.010302932141409371,0.00012128015535140316,0.23500689462780547,0.1286080049802156,180,biotech/biotech_tools,63,ols_winsorized_raw,ham
mom_12_1,-0.0006246159282538059,-0.11078167060152022,-0.0006246159282538059,0.21475578071034723,0.10544716356647103,180,biotech/biotech_tools,63,wls_sqrt_mcap,tema_arındırılmış
mom_12_1,-0.000624615928253809,-0.11078167060152079,-0.000624615928253809,0.21475578071034723,0.10544716356647103,180,biotech/biotech_tools,63,wls_sqrt_mcap,ham
mom_12_1,-0.001668736588804841,-0.14489468046529178,-0.001668736588804841,0.22116694422422256,0.11249047381169165,177,biotech/biotech_tools,126,ols_rank_normal,tema_arındırılmış
mom_12_1,-0.0016687365888048422,-0.1448946804652919,-0.0016687365888048422,0.22116694422422256,0.11249047381169165,177,biotech/biotech_tools,126,ols_rank_normal,ham
mom_12_1,-0.0030589984925164164,-0.08003820065504405,-0.002062202585721659,0.24157722141806345,0.13553692733808786,177,biotech/biotech_tools,126,ols_winsorized_raw,tema_arındırılmış
mom_12_1,-0.003058998492516401,-0.08003820065504365,-0.0020622025857216487,0.24157722141806337,0.13553692733808778,177,biotech/biotech_tools,126,ols_winsorized_raw,ham
mom_12_1,0.0016282903490366695,0.17015572198787313,0.0016282903490366695,0.20442525825938687,0.09268613812670486,177,biotech/biotech_tools,126,wls_sqrt_mcap,tema_arındırılmış
mom_12_1,0.0016282903490366734,0.17015572198787354,0.0016282903490366734,0.20442525825938687,0.09268613812670486,177,biotech/biotech_tools,126,wls_sqrt_mcap,ham
share_issuance,0.0008822008607711156,0.3539716011930871,0.0008822008607711156,0.2044020619065436,0.09045904161742621,175,biotech/biotech_tools,21,ols_rank_normal,tema_arındırılmış
share_issuance,0.0008822008607711142,0.3539716011930865,0.0008822008607711142,0.2044020619065436,0.09045904161742621,175,biotech/biotech_tools,21,ols_rank_normal,ham
share_issuance,-0.017967891690955078,-0.6139382513585433,-0.0022368001684162186,0.21808992494310678,0.10565876201178569,175,biotech/biotech_tools,21,ols_winsorized_raw,tema_arındırılmış
share_issuance,-0.017967891690955074,-0.6139382513585431,-0.002236800168416218,0.21808992494310678,0.10565876201178566,175,biotech/biotech_tools,21,ols_winsorized_raw,ham
share_issuance,6.65329154694802e-05,0.036985820399730376,6.65329154694802e-05,0.20012764524608606,0.08483120279517366,175,biotech/biotech_tools,21,wls_sqrt_mcap,tema_arındırılmış
share_issuance,6.653291546948092e-05,0.03698582039973077,6.653291546948092e-05,0.20012764524608606,0.08483120279517366,175,biotech/biotech_tools,21,wls_sqrt_mcap,ham
share_issuance,0.0015242379488211004,0.25151691668706416,0.0015242379488211004,0.20961257230879715,0.09582375317612538,173,biotech/biotech_tools,63,ols_rank_normal,tema_arındırılmış
share_issuance,0.0015242379488211008,0.2515169166870642,0.0015242379488211008,0.20961257230879715,0.09582375317612538,173,biotech/biotech_tools,63,ols_rank_normal,ham
share_issuance,-0.010810243342963757,-0.18265360182726767,-0.0013471307439842483,0.22016230975304252,0.10764399980315968,173,biotech/biotech_tools,63,ols_winsorized_raw,tema_arındırılmış
share_issuance,-0.010810243342963757,-0.18265360182726773,-0.0013471307439842483,0.22016230975304255,0.10764399980315972,173,biotech/biotech_tools,63,ols_winsorized_raw,ham
share_issuance,-0.001419790399608917,-0.31194809083244845,-0.001419790399608917,0.19889870670498122,0.08315864626662144,173,biotech/biotech_tools,63,wls_sqrt_mcap,tema_arındırılmış
share_issuance,-0.0014197903996089195,-0.31194809083244907,-0.0014197903996089195,0.19889870670498122,0.08315864626662144,173,biotech/biotech_tools,63,wls_sqrt_mcap,ham
share_issuance,0.0018237890100105691,0.15964214628295964,0.0018237890100105691,0.21057495051141892,0.0963530349492687,170,biotech/biotech_tools,126,ols_rank_normal,tema_arındırılmış
share_issuance,0.0018237890100105667,0.15964214628295945,0.0018237890100105667,0.21057495051141895,0.09635303494926871,170,biotech/biotech_tools,126,ols_rank_normal,ham
share_issuance,-0.016069189417001528,-0.12663963142633067,-0.00200593714188547,0.23435841959904885,0.12313679251933214,170,biotech/biotech_tools,126,ols_winsorized_raw,tema_arındırılmış
share_issuance,-0.016069189417001556,-0.12663963142633086,-0.0020059371418854736,0.23435841959904882,0.12313679251933214,170,biotech/biotech_tools,126,ols_winsorized_raw,ham
share_issuance,-0.0016464490285842991,-0.1733467175528178,-0.0016464490285842991,0.19753718981444576,0.08065319536598681,170,biotech/biotech_tools,126,wls_sqrt_mcap,tema_arındırılmış
share_issuance,-0.0016464490285843022,-0.17334671755281808,-0.0016464490285843022,0.19753718981444576,0.08065319536598681,170,biotech/biotech_tools,126,wls_sqrt_mcap,ham
sue,0.00278973956843715,1.6811228317616673,0.00278973956843715,0.2334576599940645,0.08716283704987429,171,biotech/biotech_tools,21,ols_rank_normal,tema_arındırılmış
sue,0.0027897395684371496,1.681122831761667,0.0027897395684371496,0.2334576599940645,0.08716283704987429,171,biotech/biotech_tools,21,ols_rank_normal,ham
sue,0.002044501534018811,1.216276980746945,0.002381230315019429,0.23484309014989838,0.08857944145120958,171,biotech/biotech_tools,21,ols_winsorized_raw,tema_arındırılmış
sue,0.0020445015340188133,1.2162769807469462,0.002381230315019432,0.23484309014989838,0.08857944145120959,171,biotech/biotech_tools,21,ols_winsorized_raw,ham
sue,0.002385853481916405,1.859560123586933,0.002385853481916405,0.2268024224156815,0.07942311591805327,171,biotech/biotech_tools,21,wls_sqrt_mcap,tema_arındırılmış
sue,0.002385853481916401,1.8595601235869303,0.002385853481916401,0.2268024224156815,0.07942311591805326,171,biotech/biotech_tools,21,wls_sqrt_mcap,ham
sue,0.006767487776553203,1.5645253334462281,0.006767487776553203,0.22817768375233036,0.08113361889633795,169,biotech/biotech_tools,63,ols_rank_normal,tema_arındırılmış
sue,0.006767487776553201,1.5645253334462277,0.006767487776553201,0.22817768375233036,0.08113361889633794,169,biotech/biotech_tools,63,ols_rank_normal,ham
sue,0.005195288061508884,1.2164838161149047,0.006051497990680707,0.2306295374449281,0.08403758553614024,169,biotech/biotech_tools,63,ols_winsorized_raw,tema_arındırılmış
sue,0.005195288061508884,1.2164838161149047,0.006051497990680707,0.23062953744492817,0.08403758553614024,169,biotech/biotech_tools,63,ols_winsorized_raw,ham
sue,0.005495917633686952,1.6560262003798982,0.005495917633686952,0.21430392992652064,0.0646065252812489,169,biotech/biotech_tools,63,wls_sqrt_mcap,tema_arındırılmış
sue,0.005495917633686949,1.6560262003798976,0.005495917633686949,0.2143039299265207,0.06460652528124891,169,biotech/biotech_tools,63,wls_sqrt_mcap,ham
sue,0.015461570145837517,2.0960751237538684,0.015461570145837517,0.22914761018463856,0.08009695676110282,166,biotech/biotech_tools,126,ols_rank_normal,tema_arındırılmış
sue,0.015461570145837517,2.096075123753868,0.015461570145837517,0.22914761018463856,0.08009695676110284,166,biotech/biotech_tools,126,ols_rank_normal,ham
sue,0.010301007749690347,1.3207037756624884,0.012062123248146938,0.23173086601499235,0.08284472792059455,166,biotech/biotech_tools,126,ols_winsorized_raw,tema_arındırılmış
sue,0.010301007749690342,1.320703775662488,0.012062123248146931,0.23173086601499235,0.08284472792059458,166,biotech/biotech_tools,126,ols_winsorized_raw,ham
sue,0.014733421065752225,3.1119827774035556,0.014733421065752225,0.20382642777088164,0.049953668644561744,166,biotech/biotech_tools,126,wls_sqrt_mcap,tema_arındırılmış
sue,0.014733421065752214,3.111982777403552,0.014733421065752214,0.2038264277708817,0.049953668644561765,166,biotech/biotech_tools,126,wls_sqrt_mcap,ham
sue_announce,,,,0.19948635789691127,-0.011045200195889116,2,biotech/biotech_tools,21,ols_rank_normal,tema_arındırılmış
sue_announce,,,,0.19948635789691133,-0.01104520019588906,2,biotech/biotech_tools,21,ols_rank_normal,ham
sue_announce,,,,0.1888153806635398,-0.023949867120164836,2,biotech/biotech_tools,21,ols_winsorized_raw,tema_arındırılmış
sue_announce,,,,0.18881538066353937,-0.023949867120165336,2,biotech/biotech_tools,21,ols_winsorized_raw,ham
sue_announce,,,,0.1458172559626888,-0.07853808624607345,2,biotech/biotech_tools,21,wls_sqrt_mcap,tema_arındırılmış
sue_announce,,,,0.14581725596268857,-0.07853808624607361,2,biotech/biotech_tools,21,wls_sqrt_mcap,ham
sue_announce,,,,0.4228387112749341,0.2727652425451181,2,biotech/biotech_tools,63,ols_rank_normal,tema_arındırılmış
sue_announce,,,,0.42283871127493394,0.2727652425451179,2,biotech/biotech_tools,63,ols_rank_normal,ham
sue_announce,,,,0.4304604043883463,0.2826851700600958,2,biotech/biotech_tools,63,ols_winsorized_raw,tema_arındırılmış
sue_announce,,,,0.4304604043883463,0.2826851700600959,2,biotech/biotech_tools,63,ols_winsorized_raw,ham
sue_announce,,,,0.21835268622086756,0.01390985410697565,2,biotech/biotech_tools,63,wls_sqrt_mcap,tema_arındırılmış
sue_announce,,,,0.21835268622086756,0.013909854106975594,2,biotech/biotech_tools,63,wls_sqrt_mcap,ham
sue_announce,,,,0.656673886879747,0.5682648878007155,2,biotech/biotech_tools,126,ols_rank_normal,tema_arındırılmış
sue_announce,,,,0.656673886879747,0.5682648878007156,2,biotech/biotech_tools,126,ols_rank_normal,ham
sue_announce,,,,0.6418583392205748,0.5495039691478529,2,biotech/biotech_tools,126,ols_winsorized_raw,tema_arındırılmış
sue_announce,,,,0.6418583392205752,0.5495039691478536,2,biotech/biotech_tools,126,ols_winsorized_raw,ham
sue_announce,,,,0.4119508588101172,0.2592384235205041,2,biotech/biotech_tools,126,wls_sqrt_mcap,tema_arındırılmış
sue_announce,,,,0.4119508588101173,0.2592384235205042,2,biotech/biotech_tools,126,wls_sqrt_mcap,ham
asset_growth,0.00264581182633239,2.078886621123402,0.00264581182633239,0.17830566757154853,0.15956495860781117,182,energy,21,ols_rank_normal,tema_arındırılmış
asset_growth,0.002645811826332389,2.0788866211234005,0.002645811826332389,0.17830566757154853,0.15956495860781117,182,energy,21,ols_rank_normal,ham
asset_growth,0.00610004723485927,1.4638191304697694,0.002077356432498923,0.1855214333964704,0.16694908392247595,182,energy,21,ols_winsorized_raw,tema_arındırılmış
asset_growth,0.0061000472348592665,1.4638191304697683,0.002077356432498922,0.1855214333964704,0.16694908392247593,182,energy,21,ols_winsorized_raw,ham
asset_growth,0.0020211717273681726,1.59589411039404,0.0020211717273681726,0.20485783516472827,0.18689052890062882,182,energy,21,wls_sqrt_mcap,tema_arındırılmış
asset_growth,0.0020211717273681557,1.595894110394026,0.0020211717273681557,0.20485783516472827,0.18689052890062882,182,energy,21,wls_sqrt_mcap,ham
asset_growth,0.0059753044722161645,1.956527874221394,0.0059753044722161645,0.1579517695031209,0.13859717663047166,180,energy,63,ols_rank_normal,tema_arındırılmış
asset_growth,0.005975304472216169,1.9565278742213952,0.005975304472216169,0.1579517695031209,0.13859717663047166,180,energy,63,ols_rank_normal,ham
asset_growth,0.014350008172659967,1.3378906628912925,0.004862093858199531,0.16395029499635774,0.14473892443984435,180,energy,63,ols_winsorized_raw,tema_arındırılmış
asset_growth,0.014350008172659967,1.3378906628912923,0.004862093858199531,0.16395029499635774,0.14473892443984437,180,energy,63,ols_winsorized_raw,ham
asset_growth,0.005480154856851728,1.6934410819505872,0.005480154856851728,0.18629148755118155,0.1677463961994442,180,energy,63,wls_sqrt_mcap,tema_arındırılmış
asset_growth,0.0054801548568517286,1.693441081950587,0.0054801548568517286,0.18629148755118155,0.1677463961994442,180,energy,63,wls_sqrt_mcap,ham
asset_growth,0.01137193778316741,1.7610613595621867,0.01137193778316741,0.15588609508406318,0.13645623526294814,177,energy,126,ols_rank_normal,tema_arındırılmış
asset_growth,0.011371937783167417,1.7610613595621878,0.011371937783167417,0.15588609508406318,0.13645623526294817,177,energy,126,ols_rank_normal,ham
asset_growth,0.028588445955069625,1.2667422033597875,0.009635465659752408,0.158794102773069,0.1394364050598764,177,energy,126,ols_winsorized_raw,tema_arındırılmış
asset_growth,0.02858844595506963,1.2667422033597875,0.009635465659752412,0.15879410277306902,0.1394364050598764,177,energy,126,ols_winsorized_raw,ham
asset_growth,0.010115641506801798,1.557276638931994,0.010115641506801798,0.18571940277888008,0.1671536437917054,177,energy,126,wls_sqrt_mcap,tema_arındırılmış
asset_growth,0.010115641506801804,1.5572766389319939,0.010115641506801804,0.18571940277888008,0.1671536437917054,177,energy,126,wls_sqrt_mcap,ham
capex_at,0.0012984882583557858,0.9279069221922344,0.0012984882583557858,0.18150043463234133,0.16154336770661246,182,energy,21,ols_rank_normal,tema_arındırılmış
capex_at,0.0012984882583557847,0.9279069221922335,0.0012984882583557847,0.18150043463234133,0.16154336770661246,182,energy,21,ols_rank_normal,ham
capex_at,0.008273547546946583,0.3178568527048656,0.0005343582500564546,0.1903728585488604,0.17064071848363888,182,energy,21,ols_winsorized_raw,tema_arındırılmış
capex_at,0.008273547546946598,0.31785685270486613,0.0005343582500564555,0.1903728585488604,0.17064071848363888,182,energy,21,ols_winsorized_raw,ham
capex_at,0.0014045191889048426,1.1681018450296476,0.0014045191889048426,0.2032565870452778,0.18396859171799956,182,energy,21,wls_sqrt_mcap,tema_arındırılmış
capex_at,0.0014045191889048426,1.1681018450296476,0.0014045191889048426,0.2032565870452778,0.18396859171799956,182,energy,21,wls_sqrt_mcap,ham
capex_at,0.005787950855676662,1.466231493854543,0.005787950855676662,0.1613734438195365,0.1407637777896489,180,energy,63,ols_rank_normal,tema_arındırılmış
capex_at,0.005787950855676662,1.466231493854543,0.005787950855676662,0.16137344381953653,0.14076377778964894,180,energy,63,ols_rank_normal,ham
capex_at,0.06801987829608327,0.9195087425836381,0.004400502322220812,0.1681981712042955,0.1477607918084556,180,energy,63,ols_winsorized_raw,tema_arındırılmış
capex_at,0.06801987829608323,0.9195087425836376,0.00440050232222081,0.1681981712042955,0.14776079180845564,180,energy,63,ols_winsorized_raw,ham
capex_at,0.005027496241602332,1.493036001677502,0.005027496241602332,0.18336281085515121,0.16343623712753916,180,energy,63,wls_sqrt_mcap,tema_arındırılmış
capex_at,0.0050274962416023295,1.4930360016775013,0.0050274962416023295,0.18336281085515127,0.16343623712753919,180,energy,63,wls_sqrt_mcap,ham
capex_at,0.011884814692296332,1.4353836080170357,0.011884814692296332,0.15923555543162032,0.1385649579455769,177,energy,126,ols_rank_normal,tema_arındırılmış
capex_at,0.011884814692296332,1.4353836080170357,0.011884814692296332,0.15923555543162032,0.13856495794557688,177,energy,126,ols_rank_normal,ham
capex_at,0.17554942624723818,1.1231404515123287,0.011378170210463502,0.16335573505681023,0.1427982312551466,177,energy,126,ols_winsorized_raw,tema_arındırılmış
capex_at,0.17554942624723816,1.1231404515123287,0.011378170210463499,0.16335573505681023,0.1427982312551466,177,energy,126,ols_winsorized_raw,ham
capex_at,0.00904972855527441,1.3385482251625032,0.00904972855527441,0.1824383637939103,0.1625338711668215,177,energy,126,wls_sqrt_mcap,tema_arındırılmış
capex_at,0.009049728555274398,1.338548225162501,0.009049728555274398,0.1824383637939103,0.1625338711668215,177,energy,126,wls_sqrt_mcap,ham
cash_runway_years,-0.012920659336636392,-0.7910359400626604,-0.012920659336636392,0.29591848137071186,0.11105950533286513,9,energy,21,ols_rank_normal,tema_arındırılmış
cash_runway_years,-0.012920659336636385,-0.7910359400626599,-0.012920659336636385,0.2959184813707119,0.11105950533286515,9,energy,21,ols_rank_normal,ham
cash_runway_years,-0.007583789957710002,-1.127489403483837,-0.019786612209982533,0.2980140427485971,0.11392649472047693,9,energy,21,ols_winsorized_raw,tema_arındırılmış
cash_runway_years,-0.007583789957710006,-1.1274894034838376,-0.019786612209982547,0.29801404274859705,0.11392649472047697,9,energy,21,ols_winsorized_raw,ham
cash_runway_years,-0.026309490640275452,-1.5146327361716612,-0.026309490640275452,0.4326588295240065,0.2838082666823638,9,energy,21,wls_sqrt_mcap,tema_arındırılmış
cash_runway_years,-0.02630949064027544,-1.5146327361716612,-0.02630949064027544,0.4326588295240065,0.28380826668236375,9,energy,21,wls_sqrt_mcap,ham
cash_runway_years,-0.0351411039848258,-1.637800688567047,-0.0351411039848258,0.2898564661371649,0.10536105751340658,8,energy,63,ols_rank_normal,tema_arındırılmış
cash_runway_years,-0.03514110398482581,-1.6378006885670486,-0.03514110398482581,0.289856466137165,0.10536105751340667,8,energy,63,ols_rank_normal,ham
cash_runway_years,-0.023148652428853226,-2.7171345622569416,-0.05712738276525712,0.3276414709258435,0.15328232376413992,8,energy,63,ols_winsorized_raw,tema_arındırılmış
cash_runway_years,-0.02314865242885325,-2.717134562256945,-0.05712738276525718,0.32764147092584345,0.15328232376413992,8,energy,63,ols_winsorized_raw,ham
cash_runway_years,-0.062444011573554864,-2.7646773669652918,-0.062444011573554864,0.4953957807634952,0.3643447588247198,8,energy,63,wls_sqrt_mcap,tema_arındırılmış
cash_runway_years,-0.062444011573554864,-2.7646773669652913,-0.062444011573554864,0.4953957807634952,0.3643447588247198,8,energy,63,wls_sqrt_mcap,ham
cash_runway_years,-0.10309307532925761,-10.590556387731048,-0.10309307532925761,0.2897114572254776,0.10408602096918952,7,energy,126,ols_rank_normal,tema_arındırılmış
cash_runway_years,-0.10309307532925761,-10.590556387731045,-0.10309307532925761,0.2897114572254776,0.10408602096918954,7,energy,126,ols_rank_normal,ham
cash_runway_years,-0.06171153998222583,-3.4650678146521154,-0.13835448115105933,0.3197932662307835,0.14261687393482686,7,energy,126,ols_winsorized_raw,tema_arındırılmış
cash_runway_years,-0.06171153998222586,-3.4650678146521177,-0.1383544811510594,0.31979326623078347,0.1426168739348269,7,energy,126,ols_winsorized_raw,ham
cash_runway_years,-0.1301856344269834,-11.83216110845685,-0.1301856344269834,0.5358910951989146,0.4148431502433442,7,energy,126,wls_sqrt_mcap,tema_arındırılmış
cash_runway_years,-0.13018563442698336,-11.832161108456846,-0.13018563442698336,0.5358910951989146,0.4148431502433443,7,energy,126,wls_sqrt_mcap,ham
cop_at,-1.7746684767240956e-05,-0.012977577765367922,-1.7746684767240956e-05,0.1935540101851994,0.1741646142790086,182,energy,21,ols_rank_normal,tema_arındırılmış
cop_at,-1.7746684767240635e-05,-0.012977577765367686,-1.7746684767240635e-05,0.1935540101851994,0.1741646142790086,182,energy,21,ols_rank_normal,ham
cop_at,0.0009120520087129072,0.0437275579645374,5.751142387347457e-05,0.19742426087201337,0.17814496070957556,182,energy,21,ols_winsorized_raw,tema_arındırılmış
cop_at,0.0009120520087129188,0.04372755796453795,5.75114238734753e-05,0.19742426087201342,0.17814496070957556,182,energy,21,ols_winsorized_raw,ham
cop_at,0.000473075016407941,0.3383637625676045,0.000473075016407941,0.22092595687838756,0.20231155069724413,182,energy,21,wls_sqrt_mcap,tema_arındırılmış
cop_at,0.000473075016407943,0.3383637625676058,0.000473075016407943,0.2209259568783875,0.20231155069724413,182,energy,21,wls_sqrt_mcap,ham
cop_at,-0.002662387118562847,-0.7415601768364161,-0.002662387118562847,0.17735883283704912,0.15742786171010878,180,energy,63,ols_rank_normal,tema_arındırılmış
cop_at,-0.0026623871185628466,-0.7415601768364158,-0.0026623871185628466,0.17735883283704912,0.15742786171010878,180,energy,63,ols_rank_normal,ham
cop_at,-0.04645656671365085,-0.8861826968336687,-0.002928171854792435,0.18190496441017506,0.16209789612194983,180,energy,63,ols_winsorized_raw,tema_arındırılmış
cop_at,-0.046456566713650796,-0.8861826968336676,-0.0029281718547924315,0.181904964410175,0.1620978961219498,180,energy,63,ols_winsorized_raw,ham
cop_at,-0.0014443015814673227,-0.3990513684926508,-0.0014443015814673227,0.208857745772197,0.18980284790786195,180,energy,63,wls_sqrt_mcap,tema_arındırılmış
cop_at,-0.0014443015814673253,-0.39905136849265155,-0.0014443015814673253,0.208857745772197,0.18980284790786195,180,energy,63,wls_sqrt_mcap,ham
cop_at,-0.006852498629377452,-0.9972355970161472,-0.006852498629377452,0.17150736833845093,0.15141236255929125,177,energy,126,ols_rank_normal,tema_arındırılmış
cop_at,-0.006852498629377455,-0.9972355970161477,-0.006852498629377455,0.17150736833845098,0.15141236255929125,177,energy,126,ols_rank_normal,ham
cop_at,-0.1316557489830919,-1.3572661352112347,-0.008310888485378356,0.17436650963918884,0.15434621413267477,177,energy,126,ols_winsorized_raw,tema_arındırılmış
cop_at,-0.13165574898309193,-1.3572661352112345,-0.008310888485378358,0.17436650963918884,0.15434621413267471,177,energy,126,ols_winsorized_raw,ham
cop_at,-0.004773346454267752,-0.7297909136175051,-0.004773346454267752,0.20745552158547065,0.1883680865334688,177,energy,126,wls_sqrt_mcap,tema_arındırılmış
cop_at,-0.0047733464542677575,-0.7297909136175061,-0.0047733464542677575,0.20745552158547065,0.1883680865334688,177,energy,126,wls_sqrt_mcap,ham
dist_52w_high,0.0015697601937810957,0.6064715916684218,0.0015697601937810957,0.19281314975166744,0.17485213566075555,182,energy,21,ols_rank_normal,tema_arındırılmış
dist_52w_high,0.0015697601937810968,0.6064715916684223,0.0015697601937810968,0.1928131497516675,0.17485213566075553,182,energy,21,ols_rank_normal,ham
dist_52w_high,0.015031965825433556,0.996689250578352,0.0023809414730956995,0.2067341776437202,0.18907190201137988,182,energy,21,ols_winsorized_raw,tema_arındırılmış
dist_52w_high,0.015031965825433567,0.9966892505783529,0.002380941473095701,0.2067341776437202,0.18907190201137983,182,energy,21,ols_winsorized_raw,ham
dist_52w_high,0.0014818221088816765,0.7102181181873425,0.0014818221088816765,0.2212834462277564,0.2040526966322296,182,energy,21,wls_sqrt_mcap,tema_arındırılmış
dist_52w_high,0.0014818221088816767,0.7102181181873432,0.0014818221088816767,0.22128344622775634,0.2040526966322296,182,energy,21,wls_sqrt_mcap,ham
dist_52w_high,0.0013982995478741538,0.2511495276911238,0.0013982995478741538,0.173295753462244,0.15485532570440888,180,energy,63,ols_rank_normal,tema_arındırılmış
dist_52w_high,0.0013982995478741516,0.2511495276911235,0.0013982995478741516,0.173295753462244,0.15485532570440885,180,energy,63,ols_rank_normal,ham
dist_52w_high,0.019029253131745236,0.5492153844364726,0.0030078610168523204,0.1868434027868258,0.16869566400326616,180,energy,63,ols_winsorized_raw,tema_arındırılmış
dist_52w_high,0.01902925313174524,0.5492153844364727,0.003007861016852321,0.18684340278682585,0.1686956640032662,180,energy,63,ols_winsorized_raw,ham
dist_52w_high,0.0032350958724754754,0.7038003358290074,0.0032350958724754754,0.20024374363469935,0.18247163798693147,180,energy,63,wls_sqrt_mcap,tema_arındırılmış
dist_52w_high,0.0032350958724754767,0.7038003358290076,0.0032350958724754767,0.20024374363469938,0.18247163798693147,180,energy,63,wls_sqrt_mcap,ham
dist_52w_high,0.00021205083525855265,0.02161975138003746,0.00021205083525855265,0.1601235508655455,0.14129641920844058,177,energy,126,ols_rank_normal,tema_arındırılmış
dist_52w_high,0.00021205083525855547,0.021619751380037747,0.00021205083525855547,0.1601235508655455,0.14129641920844058,177,energy,126,ols_rank_normal,ham
dist_52w_high,0.026472542045077204,0.4329854800415154,0.004193402321726694,0.16962420939133052,0.15099754520786865,177,energy,126,ols_winsorized_raw,tema_arındırılmış
dist_52w_high,0.026472542045077208,0.43298548004151544,0.0041934023217266945,0.16962420939133052,0.15099754520786865,177,energy,126,ols_winsorized_raw,ham
dist_52w_high,0.003014301941324363,0.3661888912685674,0.003014301941324363,0.18824278012539236,0.17014142227258838,177,energy,126,wls_sqrt_mcap,tema_arındırılmış
dist_52w_high,0.003014301941324364,0.3661888912685675,0.003014301941324364,0.18824278012539236,0.17014142227258838,177,energy,126,wls_sqrt_mcap,ham
ear_3d,0.0008663603044317703,0.7275357900676381,0.0008663603044317703,0.17902901848104089,0.158736399381558,182,energy,21,ols_rank_normal,tema_arındırılmış
ear_3d,0.0008663603044317707,0.7275357900676385,0.0008663603044317707,0.17902901848104089,0.158736399381558,182,energy,21,ols_rank_normal,ham
ear_3d,0.015231314277718266,0.8007283783210767,0.0010052698604938253,0.18807848313300657,0.16798639268223917,182,energy,21,ols_winsorized_raw,tema_arındırılmış
ear_3d,0.015231314277718257,0.8007283783210762,0.0010052698604938249,0.1880784831330066,0.16798639268223917,182,energy,21,ols_winsorized_raw,ham
ear_3d,0.0003947581386078938,0.341688005023331,0.0003947581386078938,0.20250367149935475,0.18288880926086992,182,energy,21,wls_sqrt_mcap,tema_arındırılmış
ear_3d,0.0003947581386078869,0.3416880050233249,0.0003947581386078869,0.2025036714993547,0.18288880926086992,182,energy,21,wls_sqrt_mcap,ham
ear_3d,0.001962285910350244,0.7612715582633389,0.001962285910350244,0.1607998914364376,0.14008405663237128,180,energy,63,ols_rank_normal,tema_arındırılmış
ear_3d,0.001962285910350243,0.7612715582633384,0.001962285910350243,0.1607998914364376,0.1400840566323713,180,energy,63,ols_rank_normal,ham
ear_3d,0.030382588113680966,0.6643324291015952,0.0020001140010769327,0.16972567338736402,0.1492296037668008,180,energy,63,ols_winsorized_raw,tema_arındırılmış
ear_3d,0.030382588113680966,0.6643324291015952,0.0020001140010769327,0.16972567338736402,0.1492296037668008,180,energy,63,ols_winsorized_raw,ham
ear_3d,0.0020456646577523266,0.8399866654695279,0.0020456646577523266,0.18557705977271147,0.16555760228252003,180,energy,63,wls_sqrt_mcap,tema_arındırılmış
ear_3d,0.0020456646577523196,0.839986665469525,0.0020456646577523196,0.18557705977271147,0.16555760228252003,180,energy,63,wls_sqrt_mcap,ham
ear_3d,0.0046457922841499555,1.0925368245415727,0.0046457922841499555,0.15295474009925517,0.13190834805603782,177,energy,126,ols_rank_normal,tema_arındırılmış
ear_3d,0.004645792284149958,1.0925368245415734,0.004645792284149958,0.15295474009925514,0.13190834805603782,177,energy,126,ols_rank_normal,ham
ear_3d,0.08980260964225585,1.1471391117162,0.0058819057646830085,0.15990735967290912,0.13903756794728458,177,energy,126,ols_winsorized_raw,tema_arındırılmış
ear_3d,0.08980260964225587,1.1471391117162004,0.005881905764683009,0.15990735967290917,0.13903756794728458,177,energy,126,ols_winsorized_raw,ham
ear_3d,0.005872088201190873,1.42358929336677,0.005872088201190873,0.18202101077176894,0.1617942887011354,177,energy,126,wls_sqrt_mcap,tema_arındırılmış
ear_3d,0.00587208820119086,1.423589293366767,0.00587208820119086,0.18202101077176894,0.1617942887011354,177,energy,126,wls_sqrt_mcap,ham
ebit_ev,-0.00021872734941841295,-0.15388281688928376,-0.00021872734941841295,0.20097970790929695,0.17920176217301562,182,energy,21,ols_rank_normal,tema_arındırılmış
ebit_ev,-0.00021872734941841268,-0.15388281688928357,-0.00021872734941841268,0.20097970790929695,0.17920176217301562,182,energy,21,ols_rank_normal,ham
ebit_ev,-0.0023566343416430904,-0.15276249333470268,-0.00045959539874093435,0.2074331404517964,0.1858529274597704,182,energy,21,ols_winsorized_raw,tema_arındırılmış
ebit_ev,-0.002356634341643122,-0.15276249333470474,-0.00045959539874094053,0.2074331404517964,0.1858529274597704,182,energy,21,ols_winsorized_raw,ham
ebit_ev,0.0004875018996950665,0.33383787349688954,0.0004875018996950665,0.23078210164782223,0.2099176933269994,182,energy,21,wls_sqrt_mcap,tema_arındırılmış
ebit_ev,0.00048750189969506486,0.3338378734968884,0.00048750189969506486,0.23078210164782223,0.20991769332699942,182,energy,21,wls_sqrt_mcap,ham
ebit_ev,-0.0017541003545349454,-0.4528389312594405,-0.0017541003545349454,0.18781598256942295,0.1654859204914149,180,energy,63,ols_rank_normal,tema_arındırılmış
ebit_ev,-0.001754100354534945,-0.4528389312594404,-0.001754100354534945,0.18781598256942295,0.1654859204914149,180,energy,63,ols_rank_normal,ham
ebit_ev,-0.02147254030198505,-0.5023240255626604,-0.004218831055679806,0.19434622874310997,0.17221021581611967,180,energy,63,ols_winsorized_raw,tema_arındırılmış
ebit_ev,-0.021472540301985085,-0.5023240255626613,-0.004218831055679813,0.19434622874311,0.1722102158161197,180,energy,63,ols_winsorized_raw,ham
ebit_ev,-0.0006249439127822801,-0.16793549043819928,-0.0006249439127822801,0.2205608599415149,0.1992322474813835,180,energy,63,wls_sqrt_mcap,tema_arındırılmış
ebit_ev,-0.0006249439127822803,-0.16793549043819933,-0.0006249439127822803,0.2205608599415149,0.19923224748138343,180,energy,63,wls_sqrt_mcap,ham
ebit_ev,-0.00332362048830616,-0.48588557076034344,-0.00332362048830616,0.18432682316881258,0.1618375313981936,177,energy,126,ols_rank_normal,tema_arındırılmış
ebit_ev,-0.003323620488306162,-0.48588557076034367,-0.003323620488306162,0.18432682316881258,0.1618375313981936,177,energy,126,ols_rank_normal,ham
ebit_ev,-0.06343450187075422,-0.8382598704505643,-0.012601427929136627,0.19090564104349209,0.16861604633147612,177,energy,126,ols_winsorized_raw,tema_arındırılmış
ebit_ev,-0.06343450187075421,-0.8382598704505642,-0.012601427929136625,0.19090564104349209,0.16861604633147612,177,energy,126,ols_winsorized_raw,ham
ebit_ev,-0.0010129949595483034,-0.15139337167834424,-0.0010129949595483034,0.21975174832157654,0.1983335667941065,177,energy,126,wls_sqrt_mcap,tema_arındırılmış
ebit_ev,-0.0010129949595483036,-0.1513933716783442,-0.0010129949595483036,0.21975174832157654,0.19833356679410646,177,energy,126,wls_sqrt_mcap,ham
gross_profitability,0.0006053000098319239,0.4527838821484498,0.0006053000098319239,0.16566877116486992,0.11405881861889121,182,energy,21,ols_rank_normal,tema_arındırılmış
gross_profitability,0.0006053000098319234,0.45278388214844945,0.0006053000098319234,0.16566877116486992,0.11405881861889121,182,energy,21,ols_rank_normal,ham
gross_profitability,-0.007432857585530221,-0.9087745629763148,-0.0013266384588232,0.16729618144555924,0.11566015814212773,182,energy,21,ols_winsorized_raw,tema_arındırılmış
gross_profitability,-0.007432857585530237,-0.9087745629763168,-0.0013266384588232027,0.16729618144555924,0.11566015814212775,182,energy,21,ols_winsorized_raw,ham
gross_profitability,-0.00012913371193767635,-0.09820027185542834,-0.00012913371193767635,0.18578833868540098,0.13594740356937926,182,energy,21,wls_sqrt_mcap,tema_arındırılmış
gross_profitability,-0.00012913371193767635,-0.09820027185542833,-0.00012913371193767635,0.18578833868540098,0.13594740356937926,182,energy,21,wls_sqrt_mcap,ham
gross_profitability,-0.0006814539681710515,-0.17835579340862018,-0.0006814539681710515,0.15469733794027427,0.10157526584244346,180,energy,63,ols_rank_normal,tema_arındırılmış
gross_profitability,-0.0006814539681710518,-0.17835579340862026,-0.0006814539681710518,0.15469733794027427,0.10157526584244345,180,energy,63,ols_rank_normal,ham
gross_profitability,-0.02536069969983834,-1.1138024671074302,-0.0045381178767093956,0.1533564830471064,0.10000524325618253,180,energy,63,ols_winsorized_raw,tema_arındırılmış
gross_profitability,-0.025360699699838344,-1.1138024671074305,-0.0045381178767093956,0.15335648304710642,0.10000524325618253,180,energy,63,ols_winsorized_raw,ham
gross_profitability,-0.0022626322127801486,-0.5960306649834647,-0.0022626322127801486,0.17955516021088375,0.12838602592253404,180,energy,63,wls_sqrt_mcap,tema_arındırılmış
gross_profitability,-0.0022626322127801595,-0.5960306649834676,-0.0022626322127801595,0.17955516021088375,0.12838602592253398,180,energy,63,wls_sqrt_mcap,ham
gross_profitability,-0.0011502511688316248,-0.16048847955614054,-0.0011502511688316248,0.14567034306334256,0.09160150124056879,177,energy,126,ols_rank_normal,tema_arındırılmış
gross_profitability,-0.0011502511688316248,-0.16048847955614054,-0.0011502511688316248,0.14567034306334256,0.0916015012405688,177,energy,126,ols_rank_normal,ham
gross_profitability,-0.05412659317551115,-1.2447213368103038,-0.009722090274486055,0.14566889034944455,0.09139115959291702,177,energy,126,ols_winsorized_raw,tema_arındırılmış
gross_profitability,-0.05412659317551116,-1.2447213368103043,-0.009722090274486056,0.1456688903494445,0.09139115959291699,177,energy,126,ols_winsorized_raw,ham
gross_profitability,-0.004591977514574251,-0.6022499596290212,-0.004591977514574251,0.1720117863177648,0.11971717656642579,177,energy,126,wls_sqrt_mcap,tema_arındırılmış
gross_profitability,-0.004591977514574267,-0.6022499596290234,-0.004591977514574267,0.1720117863177648,0.11971717656642579,177,energy,126,wls_sqrt_mcap,ham
idio_vol_60d,-0.0020005868759213037,-0.6741633665639093,-0.0020005868759213037,0.1919170621570417,0.17393025788790115,182,energy,21,ols_rank_normal,tema_arındırılmış
idio_vol_60d,-0.0020005868759213046,-0.6741633665639096,-0.0020005868759213046,0.1919170621570417,0.17393025788790112,182,energy,21,ols_rank_normal,ham
idio_vol_60d,-0.01381625733891905,-0.9372805020762375,-0.003336912896247056,0.2067735904839732,0.18909215499327886,182,energy,21,ols_winsorized_raw,tema_arındırılmış
idio_vol_60d,-0.013816257338919035,-0.9372805020762368,-0.0033369128962470527,0.2067735904839732,0.18909215499327883,182,energy,21,ols_winsorized_raw,ham
idio_vol_60d,-0.0004334623106692316,-0.17444328044293542,-0.0004334623106692316,0.2185787647935469,0.2012731179826966,182,energy,21,wls_sqrt_mcap,tema_arındırılmış
idio_vol_60d,-0.0004334623106692414,-0.17444328044293933,-0.0004334623106692414,0.21857876479354688,0.2012731179826966,182,energy,21,wls_sqrt_mcap,ham
idio_vol_60d,-0.007914662017179495,-1.0394041719212714,-0.007914662017179495,0.17034521297962424,0.15184081968071034,180,energy,63,ols_rank_normal,tema_arındırılmış
idio_vol_60d,-0.007914662017179499,-1.0394041719212719,-0.007914662017179499,0.1703452129796242,0.1518408196807103,180,energy,63,ols_rank_normal,ham
idio_vol_60d,-0.043404448785048,-1.1912877708456693,-0.010479976843876231,0.1831963666729669,0.16496723327363638,180,energy,63,ols_winsorized_raw,tema_arındırılmış
idio_vol_60d,-0.04340444878504798,-1.1912877708456695,-0.010479976843876228,0.1831963666729669,0.1649672332736364,180,energy,63,ols_winsorized_raw,ham
idio_vol_60d,-0.003973144187283636,-0.624100210992042,-0.003973144187283636,0.1961859630094956,0.1783309518144323,180,energy,63,wls_sqrt_mcap,tema_arındırılmış
idio_vol_60d,-0.003973144187283633,-0.6241002109920417,-0.003973144187283633,0.1961859630094956,0.1783309518144323,180,energy,63,wls_sqrt_mcap,ham
idio_vol_60d,-0.01328296371741501,-1.0117303757514162,-0.01328296371741501,0.16028933746250623,0.14149835586949983,177,energy,126,ols_rank_normal,tema_arındırılmış
idio_vol_60d,-0.013282963717415008,-1.0117303757514162,-0.013282963717415008,0.1602893374625062,0.14149835586949983,177,energy,126,ols_rank_normal,ham
idio_vol_60d,-0.06726187064509097,-1.0579425955273847,-0.016220113399247654,0.17256083256322155,0.15402774611737027,177,energy,126,ols_winsorized_raw,tema_arındırılmış
idio_vol_60d,-0.06726187064509097,-1.0579425955273847,-0.016220113399247654,0.17256083256322155,0.15402774611737025,177,energy,126,ols_winsorized_raw,ham
idio_vol_60d,-0.007679656808366501,-0.69380055096197,-0.007679656808366501,0.18936701202451953,0.17133169892792613,177,energy,126,wls_sqrt_mcap,tema_arındırılmış
idio_vol_60d,-0.007679656808366499,-0.6938005509619698,-0.007679656808366499,0.18936701202451953,0.17133169892792616,177,energy,126,wls_sqrt_mcap,ham
max_ret_21d,-0.0005494006725890913,-0.27853043374344677,-0.0005494006725890913,0.18263393554350296,0.16442168916185781,182,energy,21,ols_rank_normal,tema_arındırılmış
max_ret_21d,-0.0005494006725890912,-0.2785304337434467,-0.0005494006725890912,0.18263393554350296,0.16442168916185781,182,energy,21,ols_rank_normal,ham
max_ret_21d,-0.056497938869179094,-1.0718394729674723,-0.001999123430534334,0.19312893104099796,0.17513997906934697,182,energy,21,ols_winsorized_raw,tema_arındırılmış
max_ret_21d,-0.05649793886917913,-1.0718394729674727,-0.0019991234305343354,0.19312893104099796,0.175139979069347,182,energy,21,ols_winsorized_raw,ham
max_ret_21d,-0.00016121857534471295,-0.09057176005510437,-0.00016121857534471295,0.20980276878934778,0.19229900819639376,182,energy,21,wls_sqrt_mcap,tema_arındırılmış
max_ret_21d,-0.0001612185753446977,-0.09057176005509589,-0.0001612185753446977,0.2098027687893478,0.19229900819639378,182,energy,21,wls_sqrt_mcap,ham
max_ret_21d,-0.0021758900212589718,-0.5112445282664075,-0.0021758900212589718,0.15904614159549496,0.1402634346270396,180,energy,63,ols_rank_normal,tema_arındırılmış
max_ret_21d,-0.002175890021258972,-0.5112445282664076,-0.002175890021258972,0.159046141595495,0.14026343462703963,180,energy,63,ols_rank_normal,ham
max_ret_21d,-0.09361440705244337,-0.8838167770666064,-0.003301321733051431,0.16987814029749093,0.15133293454523114,180,energy,63,ols_winsorized_raw,tema_arındırılmış
max_ret_21d,-0.09361440705244341,-0.8838167770666068,-0.0033013217330514323,0.16987814029749093,0.15133293454523114,180,energy,63,ols_winsorized_raw,ham
max_ret_21d,-6.119862959093769e-05,-0.015810777201008312,-6.119862959093769e-05,0.18734031006474477,0.16928141576911734,180,energy,63,wls_sqrt_mcap,tema_arındırılmış
max_ret_21d,-6.119862959092534e-05,-0.01581077720100512,-6.119862959092534e-05,0.18734031006474477,0.16928141576911732,180,energy,63,wls_sqrt_mcap,ham
max_ret_21d,-0.009185211030455484,-1.2891617761056473,-0.009185211030455484,0.15149966639980006,0.1325043849937649,177,energy,126,ols_rank_normal,tema_arındırılmış
max_ret_21d,-0.009185211030455482,-1.2891617761056469,-0.009185211030455482,0.15149966639980006,0.1325043849937649,177,energy,126,ols_rank_normal,ham
max_ret_21d,-0.22809241246581471,-1.2840564194908242,-0.007995018823235807,0.15950184059755582,0.14066992409269494,177,energy,126,ols_winsorized_raw,tema_arındırılmış
max_ret_21d,-0.22809241246581466,-1.284056419490824,-0.007995018823235804,0.15950184059755584,0.14066992409269496,177,energy,126,ols_winsorized_raw,ham
max_ret_21d,-0.006060993141235312,-0.9176743790344312,-0.006060993141235312,0.18172018766949194,0.1635114784438347,177,energy,126,wls_sqrt_mcap,tema_arındırılmış
max_ret_21d,-0.0060609931412353,-0.9176743790344292,-0.0060609931412353,0.18172018766949194,0.16351147844383468,177,energy,126,wls_sqrt_mcap,ham
mom_12_1,0.0030109575126975705,1.3879703347751775,0.0030109575126975705,0.20295952480483842,0.185180036110894,182,energy,21,ols_rank_normal,tema_arındırılmış
mom_12_1,0.0030109575126975696,1.3879703347751775,0.0030109575126975696,0.20295952480483842,0.185180036110894,182,energy,21,ols_rank_normal,ham
mom_12_1,0.011293507326960857,2.061370052552887,0.007229056520328683,0.2127638438310537,0.19520597787673913,182,energy,21,ols_winsorized_raw,tema_arındırılmış
mom_12_1,0.011293507326960836,2.0613700525528835,0.00722905652032867,0.2127638438310537,0.19520597787673913,182,energy,21,ols_winsorized_raw,ham
mom_12_1,0.00316163083873176,1.438835894491999,0.00316163083873176,0.23710933510145996,0.2201752683234421,182,energy,21,wls_sqrt_mcap,tema_arındırılmış
mom_12_1,0.003161630838731759,1.4388358944919988,0.003161630838731759,0.23710933510145993,0.2201752683234421,182,energy,21,wls_sqrt_mcap,ham
mom_12_1,0.009490649211813255,1.9010750987608864,0.009490649211813255,0.18044474869647104,0.16213479568273928,180,energy,63,ols_rank_normal,tema_arındırılmış
mom_12_1,0.009490649211813253,1.901075098760886,0.009490649211813253,0.18044474869647104,0.16213479568273925,180,energy,63,ols_rank_normal,ham
mom_12_1,0.027285087896020487,1.9077695756556023,0.017314748071525856,0.1878374692030239,0.16971180632359797,180,energy,63,ols_winsorized_raw,tema_arındırılmış
mom_12_1,0.027285087896020476,1.9077695756556015,0.01731474807152585,0.1878374692030239,0.16971180632359797,180,energy,63,ols_winsorized_raw,ham
mom_12_1,0.011084025259074854,2.182624983493033,0.011084025259074854,0.21167824150063944,0.19412793014126564,180,energy,63,wls_sqrt_mcap,tema_arındırılmış
mom_12_1,0.011084025259074851,2.182624983493032,0.011084025259074851,0.21167824150063938,0.19412793014126567,180,energy,63,wls_sqrt_mcap,ham
mom_12_1,0.014595269772332135,1.6039046591557282,0.014595269772332135,0.16981923286237177,0.15120001237242467,177,energy,126,ols_rank_normal,tema_arındırılmış
mom_12_1,0.014595269772332128,1.6039046591557276,0.014595269772332128,0.16981923286237177,0.15120001237242467,177,energy,126,ols_rank_normal,ham
mom_12_1,0.05137749054555262,1.850977044504953,0.03183527033831065,0.18088653775118627,0.1625263903319446,177,energy,126,ols_winsorized_raw,tema_arındırılmış
mom_12_1,0.05137749054555262,1.8509770445049536,0.03183527033831065,0.18088653775118627,0.1625263903319446,177,energy,126,ols_winsorized_raw,ham
mom_12_1,0.01734346866948403,1.8267143191408246,0.01734346866948403,0.20006506024973825,0.18221831034168867,177,energy,126,wls_sqrt_mcap,tema_arındırılmış
mom_12_1,0.017343468669484028,1.8267143191408242,0.017343468669484028,0.20006506024973822,0.18221831034168864,177,energy,126,wls_sqrt_mcap,ham
net_debt_ebitda,0.0005974442221781677,0.4872517515884011,0.0005974442221781677,0.19386387200222938,0.17026325945853288,182,energy,21,ols_rank_normal,tema_arındırılmış
net_debt_ebitda,0.0005974442221781666,0.48725175158840023,0.0005974442221781666,0.1938638720022294,0.1702632594585329,182,energy,21,ols_rank_normal,ham
net_debt_ebitda,0.0002889394853582825,0.9069989993591495,0.0012166488483785717,0.199482723856491,0.176076562467818,182,energy,21,ols_winsorized_raw,tema_arındırılmış
net_debt_ebitda,0.0002889394853582833,0.9069989993591514,0.001216648848378575,0.199482723856491,0.176076562467818,182,energy,21,ols_winsorized_raw,ham
net_debt_ebitda,0.0005822959812202226,0.46452889018609406,0.0005822959812202226,0.22082232370132934,0.19810523102266833,182,energy,21,wls_sqrt_mcap,tema_arındırılmış
net_debt_ebitda,0.0005822959812202228,0.4645288901860942,0.0005822959812202228,0.22082232370132943,0.19810523102266836,182,energy,21,wls_sqrt_mcap,ham
net_debt_ebitda,0.0012123438903250652,0.3656698983719371,0.0012123438903250652,0.17901082957394532,0.15480322585397338,180,energy,63,ols_rank_normal,tema_arındırılmış
net_debt_ebitda,0.0012123438903250674,0.36566989837193775,0.0012123438903250674,0.17901082957394532,0.15480322585397338,180,energy,63,ols_rank_normal,ham
net_debt_ebitda,0.0006098683069999889,0.7423232991923538,0.0025727220597783727,0.1833387272332348,0.15926688714851286,180,energy,63,ols_winsorized_raw,tema_arındırılmış
net_debt_ebitda,0.000609868306999987,0.7423232991923514,0.002572722059778365,0.1833387272332348,0.1592668871485129,180,energy,63,ols_winsorized_raw,ham
net_debt_ebitda,-0.0005264846958568227,-0.16007644618519423,-0.0005264846958568227,0.21016930982305662,0.18698219329425067,180,energy,63,wls_sqrt_mcap,tema_arındırılmış
net_debt_ebitda,-0.0005264846958568221,-0.160076446185194,-0.0005264846958568221,0.21016930982305657,0.18698219329425067,180,energy,63,wls_sqrt_mcap,ham
net_debt_ebitda,0.00315152537499453,0.562897357380452,0.00315152537499453,0.1748978247879012,0.15047840746644614,177,energy,126,ols_rank_normal,tema_arındırılmış
net_debt_ebitda,0.00315152537499453,0.562897357380452,0.00315152537499453,0.17489782478790122,0.15047840746644617,177,energy,126,ols_rank_normal,ham
net_debt_ebitda,0.0006708377552940843,0.49820514993267734,0.002842347994298416,0.17643351387042902,0.15205356117767194,177,energy,126,ols_winsorized_raw,tema_arındırılmış
net_debt_ebitda,0.000670837755294078,0.49820514993267273,0.002842347994298389,0.17643351387042902,0.15205356117767194,177,energy,126,ols_winsorized_raw,ham
net_debt_ebitda,-0.001602343085858084,-0.2900460855551673,-0.001602343085858084,0.20820192015570219,0.18488851167778253,177,energy,126,wls_sqrt_mcap,tema_arındırılmış
net_debt_ebitda,-0.001602343085858082,-0.29004608555516687,-0.001602343085858082,0.20820192015570219,0.18488851167778253,177,energy,126,wls_sqrt_mcap,ham
ocf_ev,0.0013987378529290372,0.8474411909543673,0.0013987378529290372,0.20169236453386888,0.18249622188734624,182,energy,21,ols_rank_normal,tema_arındırılmış
ocf_ev,0.0013987378529290348,0.8474411909543659,0.0013987378529290348,0.2016923645338689,0.18249622188734624,182,energy,21,ols_rank_normal,ham
ocf_ev,0.021571611434041803,1.1671688053932727,0.0017243316000240913,0.20318070585370984,0.18405173093009758,182,energy,21,ols_winsorized_raw,tema_arındırılmış
ocf_ev,0.02157161143404181,1.1671688053932732,0.001724331600024092,0.20318070585370981,0.18405173093009755,182,energy,21,ols_winsorized_raw,ham
ocf_ev,0.002075825760029015,1.2771283054233487,0.002075825760029015,0.23313882974922695,0.21482371454515536,182,energy,21,wls_sqrt_mcap,tema_arındırılmış
ocf_ev,0.002075825760029011,1.2771283054233462,0.002075825760029011,0.23313882974922695,0.21482371454515542,182,energy,21,wls_sqrt_mcap,ham
ocf_ev,0.0016227965438102509,0.3894626695936347,0.0016227965438102509,0.18510878114972457,0.16536577927016666,180,energy,63,ols_rank_normal,tema_arındırılmış
ocf_ev,0.0016227965438102504,0.38946266959363457,0.0016227965438102504,0.18510878114972454,0.16536577927016666,180,energy,63,ols_rank_normal,ham
ocf_ev,0.027288041688945268,0.5599801121130136,0.0021816895034743504,0.18760257609700753,0.16795154543783133,180,energy,63,ols_winsorized_raw,tema_arındırılmış
ocf_ev,0.027288041688945292,0.5599801121130141,0.0021816895034743526,0.18760257609700762,0.16795154543783133,180,energy,63,ols_winsorized_raw,ham
ocf_ev,0.0029110864716832053,0.7107298365200369,0.0029110864716832053,0.220947308857905,0.202213046804935,180,energy,63,wls_sqrt_mcap,tema_arındırılmış
ocf_ev,0.0029110864716832053,0.7107298365200369,0.0029110864716832053,0.220947308857905,0.20221304680493501,180,energy,63,wls_sqrt_mcap,ham
ocf_ev,0.0018398345602571068,0.21684338455073404,0.0018398345602571068,0.18175396288708578,0.16189950291422436,177,energy,126,ols_rank_normal,tema_arındırılmış
ocf_ev,0.0018398345602571088,0.21684338455073426,0.0018398345602571088,0.18175396288708578,0.16189950291422434,177,energy,126,ols_rank_normal,ham
ocf_ev,0.020406564684046197,0.20074739927455548,0.0016308933965667228,0.18264914439815833,0.1628256309463265,177,energy,126,ols_winsorized_raw,tema_arındırılmış
ocf_ev,0.02040656468404619,0.20074739927455537,0.0016308933965667224,0.18264914439815827,0.1628256309463265,177,energy,126,ols_winsorized_raw,ham
ocf_ev,0.004856743377638885,0.602576639000729,0.004856743377638885,0.22186192865112866,0.20315697943349473,177,energy,126,wls_sqrt_mcap,tema_arındırılmış
ocf_ev,0.0048567433776388865,0.6025766390007289,0.0048567433776388865,0.22186192865112866,0.20315697943349473,177,energy,126,wls_sqrt_mcap,ham
oil_beta_trend,-0.00026711631688023366,-0.11007877207938395,-0.00026711631688023366,0.15780677333880072,0.12688301197957713,182,energy,21,ols_rank_normal,tema_arındırılmış
oil_beta_trend,-0.00026711631688023215,-0.11007877207938334,-0.00026711631688023215,0.15780677333880072,0.12688301197957713,182,energy,21,ols_rank_normal,ham
oil_beta_trend,0.0018216054667958184,0.206213881482911,0.0006888803912341847,0.15633875173762107,0.12537473106554764,182,energy,21,ols_winsorized_raw,tema_arındırılmış
oil_beta_trend,0.0018216054667958227,0.20621388148291153,0.0006888803912341863,0.15633875173762105,0.12537473106554764,182,energy,21,ols_winsorized_raw,ham
oil_beta_trend,0.0007914376576053516,0.35942438883526545,0.0007914376576053516,0.18007571831842384,0.150084580134584,182,energy,21,wls_sqrt_mcap,tema_arındırılmış
oil_beta_trend,0.0007914376576053522,0.3594243888352659,0.0007914376576053522,0.18007571831842387,0.150084580134584,182,energy,21,wls_sqrt_mcap,ham
oil_beta_trend,-0.003222710558664105,-0.5838254145528755,-0.003222710558664105,0.15757438886926511,0.12645539995965724,180,energy,63,ols_rank_normal,tema_arındırılmış
oil_beta_trend,-0.0032227105586641047,-0.5838254145528755,-0.0032227105586641047,0.15757438886926514,0.12645539995965724,180,energy,63,ols_rank_normal,ham
oil_beta_trend,-0.0032086755372877306,-0.15055948834518068,-0.0012190852347831323,0.15753854987359797,0.126431848967379,180,energy,63,ols_winsorized_raw,tema_arındırılmış
oil_beta_trend,-0.0032086755372877215,-0.15055948834518026,-0.0012190852347831289,0.15753854987359797,0.12643184896737902,180,energy,63,ols_winsorized_raw,ham
oil_beta_trend,-0.001954983357761456,-0.37370986714193033,-0.001954983357761456,0.1823689304340676,0.15229126911838417,180,energy,63,wls_sqrt_mcap,tema_arındırılmış
oil_beta_trend,-0.0019549833577614485,-0.373709867141929,-0.0019549833577614485,0.1823689304340676,0.15229126911838414,180,energy,63,wls_sqrt_mcap,ham
oil_beta_trend,-0.002293598379693219,-0.2333824552088293,-0.002293598379693219,0.15909921954794287,0.12793059828099748,177,energy,126,ols_rank_normal,tema_arındırılmış
oil_beta_trend,-0.002293598379693218,-0.23338245520882922,-0.002293598379693218,0.15909921954794287,0.12793059828099748,177,energy,126,ols_rank_normal,ham
oil_beta_trend,0.007838542681344542,0.2134817456216108,0.0029979268784893908,0.15673148127830433,0.1254867567394245,177,energy,126,ols_winsorized_raw,tema_arındırılmış
oil_beta_trend,0.007838542681344552,0.21348174562161107,0.0029979268784893947,0.1567314812783043,0.1254867567394245,177,energy,126,ols_winsorized_raw,ham
oil_beta_trend,-0.001997538438813079,-0.20677584902473775,-0.001997538438813079,0.18740830971078373,0.1574606061913706,177,energy,126,wls_sqrt_mcap,tema_arındırılmış
oil_beta_trend,-0.0019975384388130914,-0.20677584902473908,-0.0019975384388130914,0.18740830971078373,0.15746060619137056,177,energy,126,wls_sqrt_mcap,ham
share_issuance,0.0007658449135475181,0.7311371239890304,0.0007658449135475181,0.17919585493669568,0.15949131905940925,182,energy,21,ols_rank_normal,tema_arındırılmış
share_issuance,0.0007658449135475175,0.73113712398903,0.0007658449135475175,0.17919585493669568,0.15949131905940925,182,energy,21,ols_rank_normal,ham
share_issuance,0.000804445007517584,0.14934521858694208,0.00015214690303776363,0.18478537782808963,0.1652354133892762,182,energy,21,ols_winsorized_raw,tema_arındırılmış
share_issuance,0.0008044450075175886,0.14934521858694294,0.0001521469030377645,0.1847853778280896,0.16523541338927616,182,energy,21,ols_winsorized_raw,ham
share_issuance,0.0010267659071303587,0.9821290933641067,0.0010267659071303587,0.20925829310162028,0.1904272739680822,182,energy,21,wls_sqrt_mcap,tema_arındırılmış
share_issuance,0.0010267659071303624,0.9821290933641105,0.0010267659071303624,0.20925829310162028,0.1904272739680822,182,energy,21,wls_sqrt_mcap,ham
share_issuance,0.0015475866051093917,0.606672835930324,0.0015475866051093917,0.15674117539083177,0.13635085519338266,180,energy,63,ols_rank_normal,tema_arındırılmış
share_issuance,0.0015475866051093937,0.606672835930325,0.0015475866051093937,0.15674117539083177,0.13635085519338266,180,energy,63,ols_rank_normal,ham
share_issuance,-0.0033234486118489536,-0.2530661541085826,-0.0006288173835356729,0.1610882081699348,0.14082314124388012,180,energy,63,ols_winsorized_raw,tema_arındırılmış
share_issuance,-0.0033234486118489523,-0.2530661541085824,-0.0006288173835356727,0.16108820816993477,0.1408231412438801,180,energy,63,ols_winsorized_raw,ham
share_issuance,0.002422366993807946,0.8906310055534016,0.002422366993807946,0.18918480221226325,0.16974059010223858,180,energy,63,wls_sqrt_mcap,tema_arındırılmış
share_issuance,0.0024223669938079474,0.8906310055534022,0.0024223669938079474,0.18918480221226325,0.16974059010223855,180,energy,63,wls_sqrt_mcap,ham
share_issuance,0.003002621430068235,0.5732732352000076,0.003002621430068235,0.15385673589255322,0.1333585035320558,177,energy,126,ols_rank_normal,tema_arındırılmış
share_issuance,0.0030026214300682332,0.5732732352000072,0.0030026214300682332,0.15385673589255322,0.13335850353205578,177,energy,126,ols_rank_normal,ham
share_issuance,-0.00695426863807175,-0.21314813718757172,-0.0013187137006888427,0.1588001292530292,0.13843377418044095,177,energy,126,ols_winsorized_raw,tema_arındırılmış
share_issuance,-0.006954268638071748,-0.21314813718757164,-0.0013187137006888422,0.1588001292530292,0.13843377418044095,177,energy,126,ols_winsorized_raw,ham
share_issuance,0.004506610333708502,0.7844035146154658,0.004506610333708502,0.1877471339241525,0.16823672873957313,177,energy,126,wls_sqrt_mcap,tema_arındırılmış
share_issuance,0.004506610333708502,0.7844035146154658,0.004506610333708502,0.1877471339241525,0.16823672873957313,177,energy,126,wls_sqrt_mcap,ham
sue_announce,0.0017094215688525682,1.656997855309817,0.0017094215688525682,0.2005299768059548,0.1682482778831867,182,energy,21,ols_rank_normal,tema_arındırılmış
sue_announce,0.0017094215688525686,1.656997855309818,0.0017094215688525686,0.2005299768059548,0.1682482778831867,182,energy,21,ols_rank_normal,ham
sue_announce,0.001386498560747538,1.502777621863662,0.0016007853586202192,0.21406893611409353,0.18231833091628064,182,energy,21,ols_winsorized_raw,tema_arındırılmış
sue_announce,0.0013864985607475394,1.5027776218636635,0.001600785358620221,0.21406893611409353,0.18231833091628064,182,energy,21,ols_winsorized_raw,ham
sue_announce,0.0018546281557243703,2.069610156860117,0.0018546281557243703,0.21258627119528303,0.18091701912220085,182,energy,21,wls_sqrt_mcap,tema_arındırılmış
sue_announce,0.0018546281557243719,2.0696101568601177,0.0018546281557243719,0.21258627119528303,0.18091701912220085,182,energy,21,wls_sqrt_mcap,ham
sue_announce,0.003741421016307436,1.5625608696588735,0.003741421016307436,0.18010076010566295,0.14693498031618635,180,energy,63,ols_rank_normal,tema_arındırılmış
sue_announce,0.0037414210163074354,1.5625608696588733,0.0037414210163074354,0.18010076010566295,0.14693498031618638,180,energy,63,ols_rank_normal,ham
sue_announce,0.003356024835487321,1.6095267199547414,0.003873998542906108,0.1911605854651799,0.15844260508025187,180,energy,63,ols_winsorized_raw,tema_arındırılmış
sue_announce,0.0033560248354873234,1.609526719954743,0.003873998542906111,0.1911605854651799,0.15844260508025185,180,energy,63,ols_winsorized_raw,ham
sue_announce,0.004649777998995762,2.110116988902728,0.004649777998995762,0.19505076044983363,0.1626257028119615,180,energy,63,wls_sqrt_mcap,tema_arındırılmış
sue_announce,0.004649777998995759,2.110116988902727,0.004649777998995759,0.1950507604498337,0.1626257028119615,180,energy,63,wls_sqrt_mcap,ham
sue_announce,0.006673373650120846,1.491647126003187,0.006673373650120846,0.16971011746866255,0.13599874321945066,177,energy,126,ols_rank_normal,tema_arındırılmış
sue_announce,0.006673373650120846,1.491647126003187,0.006673373650120846,0.16971011746866252,0.13599874321945066,177,energy,126,ols_rank_normal,ham
sue_announce,0.006495500691214161,1.672978177344167,0.007504698982113732,0.17869312091417938,0.14532131793705144,177,energy,126,ols_winsorized_raw,tema_arındırılmış
sue_announce,0.0064955006912141644,1.6729781773441676,0.0075046989821137364,0.17869312091417935,0.1453213179370514,177,energy,126,ols_winsorized_raw,ham
sue_announce,0.007904618003562479,2.0707981781909446,0.007904618003562479,0.19383342198922066,0.16122906735311196,177,energy,126,wls_sqrt_mcap,tema_arındırılmış
sue_announce,0.007904618003562479,2.0707981781909437,0.007904618003562479,0.19383342198922063,0.16122906735311193,177,energy,126,wls_sqrt_mcap,ham
asset_growth,-0.004882399955602489,-1.4587567680618803,-0.004882399955602489,0.7890793235442745,0.4448394529149424,59,energy,21,ols_rank_normal_all,tema_arındırılmış
capex_at,0.004160138289038006,0.8138783170667341,0.004160138289038006,0.7890793235442745,0.4448394529149424,59,energy,21,ols_rank_normal_all,tema_arındırılmış
cash_runway_years,0.0090765323139829,1.246022006097204,0.0090765323139829,0.7890793235442745,0.4448394529149424,59,energy,21,ols_rank_normal_all,tema_arındırılmış
cop_at,-0.007875092546875762,-1.7621789770312577,-0.007875092546875762,0.7890793235442745,0.4448394529149424,59,energy,21,ols_rank_normal_all,tema_arındırılmış
dist_52w_high,0.003430542314832883,0.385404638473209,0.003430542314832883,0.7890793235442745,0.4448394529149424,59,energy,21,ols_rank_normal_all,tema_arındırılmış
droe,-0.0008752597091325188,-0.1764393874438645,-0.0008752597091325188,0.7890793235442745,0.4448394529149424,59,energy,21,ols_rank_normal_all,tema_arındırılmış
ear_3d,-0.0015392904956220805,-0.4468361336343677,-0.0015392904956220805,0.7890793235442745,0.4448394529149424,59,energy,21,ols_rank_normal_all,tema_arındırılmış
ebit_ev,0.0008841393374117859,0.1889294172319205,0.0008841393374117859,0.7890793235442745,0.4448394529149424,59,energy,21,ols_rank_normal_all,tema_arındırılmış
idio_vol_60d,-0.009863774704001946,-1.0478162486185945,-0.009863774704001946,0.7890793235442745,0.4448394529149424,59,energy,21,ols_rank_normal_all,tema_arındırılmış
max_ret_21d,0.005293290877064829,0.7644974826065664,0.005293290877064829,0.7890793235442745,0.4448394529149424,59,energy,21,ols_rank_normal_all,tema_arındırılmış
mom_12_1,0.0015070563294453546,0.2456379475914649,0.0015070563294453546,0.7890793235442745,0.4448394529149424,59,energy,21,ols_rank_normal_all,tema_arındırılmış
net_debt_ebitda,0.003383136179533509,0.9453619296275394,0.003383136179533509,0.7890793235442745,0.4448394529149424,59,energy,21,ols_rank_normal_all,tema_arındırılmış
ocf_ev,0.005242338113326403,1.0165274638471535,0.005242338113326403,0.7890793235442745,0.4448394529149424,59,energy,21,ols_rank_normal_all,tema_arındırılmış
oil_beta_trend,-0.009568987248920106,-1.2759761785940544,-0.009568987248920106,0.7890793235442745,0.4448394529149424,59,energy,21,ols_rank_normal_all,tema_arındırılmış
profitable_growth,-0.0024665064157370505,-0.5208729788120102,-0.0024665064157370505,0.7890793235442745,0.4448394529149424,59,energy,21,ols_rank_normal_all,tema_arındırılmış
share_issuance,-0.001073163064561511,-0.3006050083701541,-0.001073163064561511,0.7890793235442745,0.4448394529149424,59,energy,21,ols_rank_normal_all,tema_arındırılmış
sue,-0.0007146528314931374,-0.11964240946132593,-0.0007146528314931374,0.7890793235442745,0.4448394529149424,59,energy,21,ols_rank_normal_all,tema_arındırılmış
sue_announce,-0.0006435871151667911,-0.18973170510730475,-0.0006435871151667911,0.7890793235442745,0.4448394529149424,59,energy,21,ols_rank_normal_all,tema_arındırılmış
asset_growth,-0.005397741858744252,-0.8513593197230049,-0.005397741858744252,0.7579396019133348,0.36253951998936357,57,energy,63,ols_rank_normal_all,tema_arındırılmış
capex_at,0.019389319276677697,1.7977860095052474,0.019389319276677697,0.7579396019133348,0.36253951998936357,57,energy,63,ols_rank_normal_all,tema_arındırılmış
cash_runway_years,0.013844924250134673,1.0293298719554713,0.013844924250134673,0.7579396019133348,0.36253951998936357,57,energy,63,ols_rank_normal_all,tema_arındırılmış
cop_at,-0.009641294157697867,-0.8047299005724674,-0.009641294157697867,0.7579396019133348,0.36253951998936357,57,energy,63,ols_rank_normal_all,tema_arındırılmış
dist_52w_high,0.000757853197351187,0.06523747639373219,0.000757853197351187,0.7579396019133348,0.36253951998936357,57,energy,63,ols_rank_normal_all,tema_arındırılmış
droe,-0.004607785189408916,-0.45417512511322305,-0.004607785189408916,0.7579396019133348,0.36253951998936357,57,energy,63,ols_rank_normal_all,tema_arındırılmış
ear_3d,-0.01109073721606565,-1.7773682327249987,-0.01109073721606565,0.7579396019133348,0.36253951998936357,57,energy,63,ols_rank_normal_all,tema_arındırılmış
ebit_ev,0.007576584808029225,0.8702280757459229,0.007576584808029225,0.7579396019133348,0.36253951998936357,57,energy,63,ols_rank_normal_all,tema_arındırılmış
idio_vol_60d,-0.00775679164654387,-0.5238549558749879,-0.00775679164654387,0.7579396019133348,0.36253951998936357,57,energy,63,ols_rank_normal_all,tema_arındırılmış
max_ret_21d,0.005648652929067729,0.44520989458006976,0.005648652929067729,0.7579396019133348,0.36253951998936357,57,energy,63,ols_rank_normal_all,tema_arındırılmış
mom_12_1,0.0004797803349320583,0.03273647545021885,0.0004797803349320583,0.7579396019133348,0.36253951998936357,57,energy,63,ols_rank_normal_all,tema_arındırılmış
net_debt_ebitda,0.005575214625501005,0.8073731585439059,0.005575214625501005,0.7579396019133348,0.36253951998936357,57,energy,63,ols_rank_normal_all,tema_arındırılmış
ocf_ev,0.0026827407670323993,0.2241755388246651,0.0026827407670323993,0.7579396019133348,0.36253951998936357,57,energy,63,ols_rank_normal_all,tema_arındırılmış
oil_beta_trend,-0.023868575771720177,-1.3606379876140122,-0.023868575771720177,0.7579396019133348,0.36253951998936357,57,energy,63,ols_rank_normal_all,tema_arındırılmış
profitable_growth,-0.013692419165559877,-1.2445273108574737,-0.013692419165559877,0.7579396019133348,0.36253951998936357,57,energy,63,ols_rank_normal_all,tema_arındırılmış
share_issuance,0.006621343732839791,0.9234648696223792,0.006621343732839791,0.7579396019133348,0.36253951998936357,57,energy,63,ols_rank_normal_all,tema_arındırılmış
sue,0.003185268083489763,0.2320479138084188,0.003185268083489763,0.7579396019133348,0.36253951998936357,57,energy,63,ols_rank_normal_all,tema_arındırılmış
sue_announce,-8.611649741586908e-06,-0.001456754282453983,-8.611649741586908e-06,0.7579396019133348,0.36253951998936357,57,energy,63,ols_rank_normal_all,tema_arındırılmış
asset_growth,-0.016145725235424537,-1.0525027304441428,-0.016145725235424537,0.752456548283967,0.35392912022121575,54,energy,126,ols_rank_normal_all,tema_arındırılmış
capex_at,0.029632204893456103,2.5112617226187806,0.029632204893456103,0.752456548283967,0.35392912022121575,54,energy,126,ols_rank_normal_all,tema_arındırılmış
cash_runway_years,0.02382389894525651,1.1225352932974828,0.02382389894525651,0.752456548283967,0.35392912022121575,54,energy,126,ols_rank_normal_all,tema_arındırılmış
cop_at,-0.00023654478689894655,-0.011601975084023417,-0.00023654478689894655,0.752456548283967,0.35392912022121575,54,energy,126,ols_rank_normal_all,tema_arındırılmış
dist_52w_high,0.0010683268877169148,0.08445753991977181,0.0010683268877169148,0.752456548283967,0.35392912022121575,54,energy,126,ols_rank_normal_all,tema_arındırılmış
droe,0.008588523072678418,0.5451208973263082,0.008588523072678418,0.752456548283967,0.35392912022121575,54,energy,126,ols_rank_normal_all,tema_arındırılmış
ear_3d,-0.02371916559207065,-1.97471315343737,-0.02371916559207065,0.752456548283967,0.35392912022121575,54,energy,126,ols_rank_normal_all,tema_arındırılmış
ebit_ev,0.0021026488982254983,0.1724214276195607,0.0021026488982254983,0.752456548283967,0.35392912022121575,54,energy,126,ols_rank_normal_all,tema_arındırılmış
idio_vol_60d,-0.00881477262491062,-0.29430134757809523,-0.00881477262491062,0.752456548283967,0.35392912022121575,54,energy,126,ols_rank_normal_all,tema_arındırılmış
max_ret_21d,0.014420029056384516,0.9315931654155428,0.014420029056384516,0.752456548283967,0.35392912022121575,54,energy,126,ols_rank_normal_all,tema_arındırılmış
mom_12_1,-0.008551926182297411,-0.413339985462678,-0.008551926182297411,0.752456548283967,0.35392912022121575,54,energy,126,ols_rank_normal_all,tema_arındırılmış
net_debt_ebitda,0.019606535777281203,2.503519629401006,0.019606535777281203,0.752456548283967,0.35392912022121575,54,energy,126,ols_rank_normal_all,tema_arındırılmış
ocf_ev,-0.0064183814325569225,-0.3682751218617942,-0.0064183814325569225,0.752456548283967,0.35392912022121575,54,energy,126,ols_rank_normal_all,tema_arındırılmış
oil_beta_trend,-0.04392626830476675,-2.0003416187296335,-0.04392626830476675,0.752456548283967,0.35392912022121575,54,energy,126,ols_rank_normal_all,tema_arındırılmış
profitable_growth,-0.03304311369521943,-2.217969767032658,-0.03304311369521943,0.752456548283967,0.35392912022121575,54,energy,126,ols_rank_normal_all,tema_arındırılmış
share_issuance,0.02065555926011243,1.4549368832871539,0.02065555926011243,0.752456548283967,0.35392912022121575,54,energy,126,ols_rank_normal_all,tema_arındırılmış
sue,0.0017584920283322074,0.09408191385554142,0.0017584920283322074,0.752456548283967,0.35392912022121575,54,energy,126,ols_rank_normal_all,tema_arındırılmış
sue_announce,-0.008622049828138235,-0.9916660286548992,-0.008622049828138235,0.752456548283967,0.35392912022121575,54,energy,126,ols_rank_normal_all,tema_arındırılmış
asset_growth,0.0022866169721473483,1.995503064376751,0.0022866169721473483,0.1377941087882134,0.1057011101741656,182,energy/oil_gas,21,ols_rank_normal,tema_arındırılmış
asset_growth,0.0022866169721473483,1.995503064376751,0.0022866169721473483,0.1377941087882134,0.10570111017416556,182,energy/oil_gas,21,ols_rank_normal,ham
asset_growth,0.004290150717515601,1.1912011682788126,0.0016310253707264653,0.13687366329249878,0.10476047865974036,182,energy/oil_gas,21,ols_winsorized_raw,tema_arındırılmış
asset_growth,0.004290150717515601,1.1912011682788122,0.0016310253707264653,0.1368736632924988,0.10476047865974038,182,energy/oil_gas,21,ols_winsorized_raw,ham
asset_growth,0.0014662950700097608,1.3627482054720441,0.0014662950700097608,0.15671777371191356,0.12545266048753512,182,energy/oil_gas,21,wls_sqrt_mcap,tema_arındırılmış
asset_growth,0.0014662950700097582,1.3627482054720417,0.0014662950700097582,0.15671777371191353,0.12545266048753512,182,energy/oil_gas,21,wls_sqrt_mcap,ham
asset_growth,0.005024614404007349,1.9158915329621857,0.005024614404007349,0.13298387264685105,0.10051933127163512,180,energy/oil_gas,63,ols_rank_normal,tema_arındırılmış
asset_growth,0.005024614404007352,1.915891532962187,0.005024614404007352,0.13298387264685108,0.10051933127163512,180,energy/oil_gas,63,ols_rank_normal,ham
asset_growth,0.01008138400224624,1.2037982846638486,0.003838908038446856,0.1292702911688767,0.09665062295583024,180,energy/oil_gas,63,ols_winsorized_raw,tema_arındırılmış
asset_growth,0.01008138400224625,1.203798284663849,0.00383890803844686,0.1292702911688767,0.09665062295583025,180,energy/oil_gas,63,ols_winsorized_raw,ham
asset_growth,0.00313235819992232,1.2385084052449271,0.00313235819992232,0.15605849269452618,0.12456726284143439,180,energy/oil_gas,63,wls_sqrt_mcap,tema_arındırılmış
asset_growth,0.0031323581999223157,1.2385084052449258,0.0031323581999223157,0.1560584926945262,0.12456726284143438,180,energy/oil_gas,63,wls_sqrt_mcap,ham
asset_growth,0.010343887088641594,1.9437530275604389,0.010343887088641594,0.13398148461961426,0.1013813115040302,177,energy/oil_gas,126,ols_rank_normal,tema_arındırılmış
asset_growth,0.010343887088641602,1.9437530275604402,0.010343887088641602,0.13398148461961426,0.10138131150403015,177,energy/oil_gas,126,ols_rank_normal,ham
asset_growth,0.01809747440524774,1.0759654542601063,0.0069387251412414575,0.12721184821215106,0.09438411993740037,177,energy/oil_gas,126,ols_winsorized_raw,tema_arındırılmış
asset_growth,0.01809747440524775,1.0759654542601067,0.006938725141241462,0.12721184821215106,0.09438411993740038,177,energy/oil_gas,126,ols_winsorized_raw,ham
asset_growth,0.004592521246869722,0.8287375253390724,0.004592521246869722,0.16242422166768414,0.1311154869042716,177,energy/oil_gas,126,wls_sqrt_mcap,tema_arındırılmış
asset_growth,0.004592521246869723,0.8287375253390725,0.004592521246869723,0.16242422166768414,0.1311154869042716,177,energy/oil_gas,126,wls_sqrt_mcap,ham
capex_at,8.351065558780476e-05,0.054546912257951295,8.351065558780476e-05,0.14824847455531578,0.11497196216362751,182,energy/oil_gas,21,ols_rank_normal,tema_arındırılmış
capex_at,8.35106555878058e-05,0.05454691225795196,8.35106555878058e-05,0.14824847455531578,0.11497196216362751,182,energy/oil_gas,21,ols_rank_normal,ham
capex_at,-0.00984881298529681,-0.3762475826041119,-0.0007385746556669877,0.15248003581665806,0.11940273742056294,182,energy/oil_gas,21,ols_winsorized_raw,tema_arındırılmış
capex_at,-0.009848812985296806,-0.3762475826041118,-0.0007385746556669875,0.1524800358166581,0.11940273742056295,182,energy/oil_gas,21,ols_winsorized_raw,ham
capex_at,0.0005057294351790033,0.3889457055773952,0.0005057294351790033,0.16053638737682918,0.12780890510036946,182,energy/oil_gas,21,wls_sqrt_mcap,tema_arındırılmış
capex_at,0.0005057294351789964,0.3889457055773897,0.0005057294351789964,0.16053638737682915,0.12780890510036946,182,energy/oil_gas,21,wls_sqrt_mcap,ham
capex_at,0.0009421331941659589,0.23025072537196495,0.0009421331941659589,0.1421723269210469,0.10832096536238636,180,energy/oil_gas,63,ols_rank_normal,tema_arındırılmış
capex_at,0.0009421331941659564,0.23025072537196434,0.0009421331941659564,0.1421723269210469,0.10832096536238636,180,energy/oil_gas,63,ols_rank_normal,ham
capex_at,-0.012791704687620762,-0.17642906493413923,-0.0009610141420583053,0.14557807859552568,0.11186145847698904,180,energy/oil_gas,63,ols_winsorized_raw,tema_arındırılmış
capex_at,-0.012791704687620767,-0.17642906493413932,-0.0009610141420583057,0.14557807859552568,0.11186145847698903,180,energy/oil_gas,63,ols_winsorized_raw,ham
capex_at,0.0017183914167274695,0.5048039198669575,0.0017183914167274695,0.1594312192081086,0.1264065394303267,180,energy/oil_gas,63,wls_sqrt_mcap,tema_arındırılmış
capex_at,0.001718391416727463,0.5048039198669555,0.001718391416727463,0.15943121920810863,0.1264065394303267,180,energy/oil_gas,63,wls_sqrt_mcap,ham
capex_at,0.00046945563087102363,0.05429412720442596,0.00046945563087102363,0.1416914626992112,0.10773594042897236,177,energy/oil_gas,126,ols_rank_normal,tema_arındırılmış
capex_at,0.00046945563087102304,0.05429412720442588,0.00046945563087102304,0.1416914626992112,0.10773594042897236,177,energy/oil_gas,126,ols_rank_normal,ham
capex_at,-0.004288703589938886,-0.027018705138537782,-0.00032284948143780417,0.1448452608290393,0.11106059490409889,177,energy/oil_gas,126,ols_winsorized_raw,tema_arındırılmış
capex_at,-0.004288703589938926,-0.027018705138538032,-0.00032284948143780715,0.14484526082903934,0.11106059490409889,177,energy/oil_gas,126,ols_winsorized_raw,ham
capex_at,0.0021319470523433657,0.2957667081714939,0.0021319470523433657,0.16164656048076245,0.1287270667990951,177,energy/oil_gas,126,wls_sqrt_mcap,tema_arındırılmış
capex_at,0.0021319470523433644,0.29576670817149375,0.0021319470523433644,0.16164656048076245,0.1287270667990951,177,energy/oil_gas,126,wls_sqrt_mcap,ham
cop_at,-0.0003813360675566631,-0.3081032124319432,-0.0003813360675566631,0.147948956583622,0.11497377864513911,182,energy/oil_gas,21,ols_rank_normal,tema_arındırılmış
cop_at,-0.0003813360675566631,-0.3081032124319432,-0.0003813360675566631,0.147948956583622,0.11497377864513911,182,energy/oil_gas,21,ols_rank_normal,ham
cop_at,-0.005547498263112842,-0.3034756295625817,-0.0003813989821443736,0.14737092667999296,0.11442843226209697,182,energy/oil_gas,21,ols_winsorized_raw,tema_arındırılmış
cop_at,-0.005547498263112834,-0.3034756295625812,-0.00038139898214437307,0.14737092667999294,0.11442843226209695,182,energy/oil_gas,21,ols_winsorized_raw,ham
cop_at,-0.0007921695190405374,-0.6819723718361542,-0.0007921695190405374,0.16709683671687184,0.13497750441777895,182,energy/oil_gas,21,wls_sqrt_mcap,tema_arındırılmış
cop_at,-0.000792169519040537,-0.6819723718361537,-0.000792169519040537,0.16709683671687184,0.13497750441777898,182,energy/oil_gas,21,wls_sqrt_mcap,ham
cop_at,-0.0037911284246334455,-1.1677521685554477,-0.0037911284246334455,0.13921512854295895,0.10564271358111695,180,energy/oil_gas,63,ols_rank_normal,tema_arındırılmış
cop_at,-0.003791128424633444,-1.1677521685554473,-0.003791128424633444,0.13921512854295892,0.10564271358111693,180,energy/oil_gas,63,ols_rank_normal,ham
cop_at,-0.05200281504726691,-1.1296646728981175,-0.0035796522145563475,0.13655402555102253,0.10288858707546401,180,energy/oil_gas,63,ols_winsorized_raw,tema_arındırılmış
cop_at,-0.05200281504726687,-1.1296646728981163,-0.0035796522145563445,0.13655402555102253,0.10288858707546401,180,energy/oil_gas,63,ols_winsorized_raw,ham
cop_at,-0.0042854790960314615,-1.3212763949187922,-0.0042854790960314615,0.16638666653070575,0.13401257767959468,180,energy/oil_gas,63,wls_sqrt_mcap,tema_arındırılmış
cop_at,-0.004285479096031459,-1.3212763949187913,-0.004285479096031459,0.16638666653070575,0.13401257767959468,180,energy/oil_gas,63,wls_sqrt_mcap,ham
cop_at,-0.010790184560230603,-1.86887700360403,-0.010790184560230603,0.13488877479146053,0.10104343851758497,177,energy/oil_gas,126,ols_rank_normal,tema_arındırılmış
cop_at,-0.010790184560230605,-1.8688770036040303,-0.010790184560230605,0.13488877479146058,0.10104343851758497,177,energy/oil_gas,126,ols_rank_normal,ham
cop_at,-0.15896897250764733,-2.1433665045930566,-0.010972993798255743,0.1313793045959266,0.09740023671411026,177,energy/oil_gas,126,ols_winsorized_raw,tema_arındırılmış
cop_at,-0.15896897250764733,-2.143366504593056,-0.010972993798255743,0.1313793045959266,0.09740023671411026,177,energy/oil_gas,126,ols_winsorized_raw,ham
cop_at,-0.010883867107691573,-1.8836263596808838,-0.010883867107691573,0.16583860332238948,0.1334126736641207,177,energy/oil_gas,126,wls_sqrt_mcap,tema_arındırılmış
cop_at,-0.010883867107691568,-1.8836263596808829,-0.010883867107691568,0.16583860332238948,0.13341267366412074,177,energy/oil_gas,126,wls_sqrt_mcap,ham
dist_52w_high,-0.00011109731491889379,-0.039096695752051255,-0.00011109731491889379,0.15731691643889703,0.12717823322246466,182,energy/oil_gas,21,ols_rank_normal,tema_arındırılmış
dist_52w_high,-0.00011109731491889501,-0.039096695752051686,-0.00011109731491889501,0.157316916438897,0.12717823322246466,182,energy/oil_gas,21,ols_rank_normal,ham
dist_52w_high,0.00304101767786127,0.17790968036860857,0.00044004595435609563,0.1604186610976291,0.13041182818669875,182,energy/oil_gas,21,ols_winsorized_raw,tema_arındırılmış
dist_52w_high,0.003041017677861261,0.17790968036860805,0.0004400459543560943,0.1604186610976291,0.13041182818669875,182,energy/oil_gas,21,ols_winsorized_raw,ham
dist_52w_high,-0.0007766257508090239,-0.2946055190260262,-0.0007766257508090239,0.18026061267232465,0.1510526696720197,182,energy/oil_gas,21,wls_sqrt_mcap,tema_arındırılmış
dist_52w_high,-0.0007766257508090276,-0.29460551902602755,-0.0007766257508090276,0.18026061267232465,0.1510526696720197,182,energy/oil_gas,21,wls_sqrt_mcap,ham
dist_52w_high,-0.000930838794853226,-0.14662717426878186,-0.000930838794853226,0.1567633236556243,0.12645737102798005,180,energy/oil_gas,63,ols_rank_normal,tema_arındırılmış
dist_52w_high,-0.0009308387948532259,-0.14662717426878186,-0.0009308387948532259,0.1567633236556243,0.12645737102798005,180,energy/oil_gas,63,ols_rank_normal,ham
dist_52w_high,0.004694713212559463,0.11908207022294742,0.0006796192660155028,0.1592575068513965,0.12904019773459888,180,energy/oil_gas,63,ols_winsorized_raw,tema_arındırılmış
dist_52w_high,0.004694713212559473,0.11908207022294769,0.0006796192660155043,0.1592575068513965,0.12904019773459888,180,energy/oil_gas,63,ols_winsorized_raw,ham
dist_52w_high,-0.0013183271813884665,-0.22969716233078863,-0.0013183271813884665,0.18088362667429958,0.15151917344911306,180,energy/oil_gas,63,wls_sqrt_mcap,tema_arındırılmış
dist_52w_high,-0.0013183271813884659,-0.22969716233078846,-0.0013183271813884659,0.18088362667429958,0.1515191734491131,180,energy/oil_gas,63,wls_sqrt_mcap,ham
dist_52w_high,-0.0033432251772037877,-0.3202666390452914,-0.0033432251772037877,0.1512049856064467,0.1205378470069793,177,energy/oil_gas,126,ols_rank_normal,tema_arındırılmış
dist_52w_high,-0.003343225177203789,-0.3202666390452916,-0.003343225177203789,0.1512049856064467,0.12053784700697927,177,energy/oil_gas,126,ols_rank_normal,ham
dist_52w_high,-0.006440476484525618,-0.09526780650026022,-0.0009366125263594316,0.15316753981401676,0.12258757631236009,177,energy/oil_gas,126,ols_winsorized_raw,tema_arındırılmış
dist_52w_high,-0.006440476484525641,-0.09526780650026052,-0.0009366125263594348,0.15316753981401676,0.12258757631236011,177,energy/oil_gas,126,ols_winsorized_raw,ham
dist_52w_high,-0.005495932399471184,-0.5679205888560375,-0.005495932399471184,0.17627775839683757,0.1466280083169205,177,energy/oil_gas,126,wls_sqrt_mcap,tema_arındırılmış
dist_52w_high,-0.005495932399471193,-0.5679205888560385,-0.005495932399471193,0.17627775839683757,0.14662800831692052,177,energy/oil_gas,126,wls_sqrt_mcap,ham
ear_3d,0.0008594507884929324,0.7264607356851243,0.0008594507884929324,0.139916235803628,0.10589776754249967,182,energy/oil_gas,21,ols_rank_normal,tema_arındırılmış
ear_3d,0.0008594507884929315,0.7264607356851236,0.0008594507884929315,0.139916235803628,0.10589776754249967,182,energy/oil_gas,21,ols_rank_normal,ham
ear_3d,0.00894022416224155,0.4803244830411461,0.0005977891095089459,0.1405550463287579,0.10657472579182196,182,energy/oil_gas,21,ols_winsorized_raw,tema_arındırılmış
ear_3d,0.008940224162241545,0.48032448304114594,0.0005977891095089456,0.1405550463287579,0.10657472579182195,182,energy/oil_gas,21,ols_winsorized_raw,ham
ear_3d,0.0014181310891568622,1.2472544325017747,0.0014181310891568622,0.1565843845237744,0.1233886134539876,182,energy/oil_gas,21,wls_sqrt_mcap,tema_arındırılmış
ear_3d,0.0014181310891568618,1.247254432501774,0.0014181310891568618,0.1565843845237744,0.1233886134539876,182,energy/oil_gas,21,wls_sqrt_mcap,ham
ear_3d,-0.0009686620757541568,-0.4088113126594154,-0.0009686620757541568,0.13706624816690827,0.10287343676997524,180,energy/oil_gas,63,ols_rank_normal,tema_arındırılmış
ear_3d,-0.0009686620757541549,-0.4088113126594146,-0.0009686620757541549,0.13706624816690827,0.10287343676997524,180,energy/oil_gas,63,ols_rank_normal,ham
ear_3d,-0.018206629964923223,-0.4710418799496375,-0.0012164282730950503,0.13751033200739218,0.10335064042688731,180,energy/oil_gas,63,ols_winsorized_raw,tema_arındırılmış
ear_3d,-0.018206629964923227,-0.4710418799496376,-0.0012164282730950506,0.13751033200739218,0.10335064042688727,180,energy/oil_gas,63,ols_winsorized_raw,ham
ear_3d,0.0009420849352124363,0.40850996239349757,0.0009420849352124363,0.15730458645703274,0.12403513576983802,180,energy/oil_gas,63,wls_sqrt_mcap,tema_arındırılmış
ear_3d,0.0009420849352124357,0.40850996239349724,0.0009420849352124357,0.15730458645703274,0.12403513576983803,180,energy/oil_gas,63,wls_sqrt_mcap,ham
ear_3d,-0.001779578988406723,-0.3758057268796839,-0.001779578988406723,0.13792031928129125,0.10358048817525602,177,energy/oil_gas,126,ols_rank_normal,tema_arındırılmış
ear_3d,-0.0017795789884067212,-0.3758057268796835,-0.0017795789884067212,0.13792031928129125,0.10358048817525597,177,energy/oil_gas,126,ols_rank_normal,ham
ear_3d,-0.01058937651520297,-0.13267072744727612,-0.0007083869566847431,0.1371661545729359,0.10282037795196787,177,energy/oil_gas,126,ols_winsorized_raw,tema_arındırılmış
ear_3d,-0.01058937651520296,-0.13267072744727598,-0.0007083869566847425,0.13716615457293588,0.10282037795196784,177,energy/oil_gas,126,ols_winsorized_raw,ham
ear_3d,0.0007440468239948062,0.17163753661683856,0.0007440468239948062,0.1586960290379328,0.1253631727109148,177,energy/oil_gas,126,wls_sqrt_mcap,tema_arındırılmış
ear_3d,0.0007440468239948034,0.1716375366168379,0.0007440468239948034,0.1586960290379328,0.1253631727109148,177,energy/oil_gas,126,wls_sqrt_mcap,ham
ebit_ev,-0.0008485699272521804,-0.5315830125946461,-0.0008485699272521804,0.163452520586977,0.12435488803187261,182,energy/oil_gas,21,ols_rank_normal,tema_arındırılmış
ebit_ev,-0.0008485699272521783,-0.5315830125946449,-0.0008485699272521783,0.163452520586977,0.12435488803187261,182,energy/oil_gas,21,ols_rank_normal,ham
ebit_ev,-0.00408113814014597,-0.2674278814418393,-0.001139484739525691,0.1616963913168965,0.12252025061630649,182,energy/oil_gas,21,ols_winsorized_raw,tema_arındırılmış
ebit_ev,-0.004081138140145983,-0.2674278814418402,-0.0011394847395256947,0.1616963913168965,0.12252025061630646,182,energy/oil_gas,21,ols_winsorized_raw,ham
ebit_ev,-0.00034981158872200545,-0.22041600680224396,-0.00034981158872200545,0.18498677220887433,0.1470192848790307,182,energy/oil_gas,21,wls_sqrt_mcap,tema_arındırılmış
ebit_ev,-0.0003498115887220013,-0.22041600680224138,-0.0003498115887220013,0.18498677220887433,0.1470192848790307,182,energy/oil_gas,21,wls_sqrt_mcap,ham
ebit_ev,-0.003568507215263649,-0.8002132968303312,-0.003568507215263649,0.1573803308622766,0.11753580354367846,180,energy/oil_gas,63,ols_rank_normal,tema_arındırılmış
ebit_ev,-0.0035685072152636488,-0.8002132968303312,-0.0035685072152636488,0.1573803308622766,0.1175358035436785,180,energy/oil_gas,63,ols_rank_normal,ham
ebit_ev,-0.021727186481691158,-0.4929350400663411,-0.006116301147015104,0.15291728708112212,0.11281736862813047,180,energy/oil_gas,63,ols_winsorized_raw,tema_arındırılmış
ebit_ev,-0.021727186481691148,-0.49293504006634087,-0.006116301147015102,0.15291728708112212,0.11281736862813045,180,energy/oil_gas,63,ols_winsorized_raw,ham
ebit_ev,-0.0028678359126074484,-0.6478457390969908,-0.0028678359126074484,0.18911777824130385,0.1508206754796371,180,energy/oil_gas,63,wls_sqrt_mcap,tema_arındırılmış
ebit_ev,-0.0028678359126074427,-0.6478457390969896,-0.0028678359126074427,0.1891177782413039,0.15082067547963712,180,energy/oil_gas,63,wls_sqrt_mcap,ham
ebit_ev,-0.007879078246209228,-1.0483292477234232,-0.007879078246209228,0.1559601787582173,0.11581311565052188,177,energy/oil_gas,126,ols_rank_normal,tema_arındırılmış
ebit_ev,-0.00787907824620923,-1.0483292477234234,-0.00787907824620923,0.1559601787582173,0.11581311565052191,177,energy/oil_gas,126,ols_rank_normal,ham
ebit_ev,-0.07353479040922092,-0.961643021552819,-0.020951301474115572,0.1536631859113291,0.11340581646374916,177,energy/oil_gas,126,ols_winsorized_raw,tema_arındırılmış
ebit_ev,-0.0735347904092209,-0.9616430215528187,-0.020951301474115565,0.1536631859113291,0.11340581646374916,177,energy/oil_gas,126,ols_winsorized_raw,ham
ebit_ev,-0.004960187723986895,-0.617742474351785,-0.004960187723986895,0.18740083348231448,0.14879712695716082,177,energy/oil_gas,126,wls_sqrt_mcap,tema_arındırılmış
ebit_ev,-0.004960187723986892,-0.6177424743517848,-0.004960187723986892,0.18740083348231443,0.1487971269571608,177,energy/oil_gas,126,wls_sqrt_mcap,ham
gross_profitability,-0.0006007608321607873,-0.3982413784935985,-0.0006007608321607873,0.17499602313791382,0.10389316788300329,179,energy/oil_gas,21,ols_rank_normal,tema_arındırılmış
gross_profitability,-0.0006007608321607873,-0.3982413784935985,-0.0006007608321607873,0.17499602313791382,0.10389316788300329,179,energy/oil_gas,21,ols_rank_normal,ham
gross_profitability,-0.013796182194931278,-1.6138630094805617,-0.002788122417388341,0.17502172049409964,0.10369303009971095,179,energy/oil_gas,21,ols_winsorized_raw,tema_arındırılmış
gross_profitability,-0.013796182194931278,-1.6138630094805617,-0.002788122417388341,0.17502172049409964,0.10369303009971093,179,energy/oil_gas,21,ols_winsorized_raw,ham
gross_profitability,-0.0016648515400673396,-1.1604932869948699,-0.0016648515400673396,0.19986578602223767,0.13187345834110467,179,energy/oil_gas,21,wls_sqrt_mcap,tema_arındırılmış
gross_profitability,-0.0016648515400673391,-1.1604932869948696,-0.0016648515400673391,0.1998657860222377,0.13187345834110467,179,energy/oil_gas,21,wls_sqrt_mcap,ham
gross_profitability,-0.004100641978775656,-0.9331793758328841,-0.004100641978775656,0.1763201153248087,0.10372586944240011,177,energy/oil_gas,63,ols_rank_normal,tema_arındırılmış
gross_profitability,-0.004100641978775655,-0.9331793758328838,-0.004100641978775655,0.17632011532480873,0.10372586944240014,177,energy/oil_gas,63,ols_rank_normal,ham
gross_profitability,-0.04014185842778186,-1.700035331559701,-0.008134929397423813,0.17415272992137207,0.1012004060221429,177,energy/oil_gas,63,ols_winsorized_raw,tema_arındırılmış
gross_profitability,-0.04014185842778186,-1.700035331559701,-0.008134929397423813,0.17415272992137207,0.10120040602214288,177,energy/oil_gas,63,ols_winsorized_raw,ham
gross_profitability,-0.006223847554977256,-1.5085097837228276,-0.006223847554977256,0.2036250054965223,0.1342557112793268,177,energy/oil_gas,63,wls_sqrt_mcap,tema_arındırılmış
gross_profitability,-0.006223847554977261,-1.5085097837228292,-0.006223847554977261,0.2036250054965223,0.1342557112793268,177,energy/oil_gas,63,wls_sqrt_mcap,ham
gross_profitability,-0.010849150016626043,-1.2363047526073523,-0.010849150016626043,0.17346628828573266,0.09982355369502753,174,energy/oil_gas,126,ols_rank_normal,tema_arındırılmış
gross_profitability,-0.01084915001662604,-1.2363047526073518,-0.01084915001662604,0.17346628828573266,0.09982355369502757,174,energy/oil_gas,126,ols_rank_normal,ham
gross_profitability,-0.09303271360277776,-2.0592274197097153,-0.01893131670618433,0.17205615128221557,0.0980856701286717,174,energy/oil_gas,126,ols_winsorized_raw,tema_arındırılmış
gross_profitability,-0.09303271360277776,-2.0592274197097153,-0.01893131670618433,0.17205615128221557,0.0980856701286717,174,energy/oil_gas,126,ols_winsorized_raw,ham
gross_profitability,-0.014402970701342882,-1.7290656547259726,-0.014402970701342882,0.19860043654659237,0.12762730508388265,174,energy/oil_gas,126,wls_sqrt_mcap,tema_arındırılmış
gross_profitability,-0.014402970701342877,-1.729065654725972,-0.014402970701342877,0.19860043654659237,0.12762730508388265,174,energy/oil_gas,126,wls_sqrt_mcap,ham
idio_vol_60d,-0.0016530824412304287,-0.6142834686343108,-0.0016530824412304287,0.15177433060174525,0.1214017944406986,182,energy/oil_gas,21,ols_rank_normal,tema_arındırılmış
idio_vol_60d,-0.0016530824412304293,-0.6142834686343109,-0.0016530824412304293,0.15177433060174525,0.1214017944406986,182,energy/oil_gas,21,ols_rank_normal,ham
idio_vol_60d,-0.002747817676665095,-0.18400132082552162,-0.0007522599321223515,0.15426270613827522,0.12397293045920613,182,energy/oil_gas,21,ols_winsorized_raw,tema_arındırılmış
idio_vol_60d,-0.002747817676665106,-0.18400132082552234,-0.0007522599321223545,0.15426270613827528,0.12397293045920614,182,energy/oil_gas,21,ols_winsorized_raw,ham
idio_vol_60d,-0.00032308073677321416,-0.13664812605902663,-0.00032308073677321416,0.17268921433694787,0.14317545783949093,182,energy/oil_gas,21,wls_sqrt_mcap,tema_arındırılmış
idio_vol_60d,-0.0003230807367732124,-0.13664812605902588,-0.0003230807367732124,0.1726892143369478,0.1431754578394909,182,energy/oil_gas,21,wls_sqrt_mcap,ham
idio_vol_60d,-0.0043453931910376236,-0.6493997257746502,-0.0043453931910376236,0.14229594320134403,0.11146230076593124,180,energy/oil_gas,63,ols_rank_normal,tema_arındırılmış
idio_vol_60d,-0.004345393191037625,-0.6493997257746505,-0.004345393191037625,0.142295943201344,0.11146230076593125,180,energy/oil_gas,63,ols_rank_normal,ham
idio_vol_60d,0.0010187364906413946,0.027589757945819995,0.00027995553276416457,0.14662682730765347,0.11598812046737411,180,energy/oil_gas,63,ols_winsorized_raw,tema_arındırılmış
idio_vol_60d,0.0010187364906413736,0.027589757945819426,0.0002799555327641588,0.1466268273076535,0.11598812046737411,180,energy/oil_gas,63,ols_winsorized_raw,ham
idio_vol_60d,-0.0011656479333138595,-0.20038285379643328,-0.0011656479333138595,0.169950029842336,0.14022199801328172,180,energy/oil_gas,63,wls_sqrt_mcap,tema_arındırılmış
idio_vol_60d,-0.001165647933313856,-0.20038285379643267,-0.001165647933313856,0.169950029842336,0.14022199801328175,180,energy/oil_gas,63,wls_sqrt_mcap,ham
idio_vol_60d,-0.004036420701223758,-0.3344872012864717,-0.004036420701223758,0.144427532006659,0.11353773231909711,177,energy/oil_gas,126,ols_rank_normal,tema_arındırılmış
idio_vol_60d,-0.004036420701223758,-0.3344872012864717,-0.004036420701223758,0.144427532006659,0.11353773231909711,177,energy/oil_gas,126,ols_rank_normal,ham
idio_vol_60d,0.04795962491039328,0.6433083834537375,0.013254454930048122,0.1511257841611554,0.12052760136532788,177,energy/oil_gas,126,ols_winsorized_raw,tema_arındırılmış
idio_vol_60d,0.04795962491039327,0.6433083834537373,0.013254454930048119,0.15112578416115538,0.12052760136532788,177,energy/oil_gas,126,ols_winsorized_raw,ham
idio_vol_60d,-0.0013723708323215703,-0.11903850600903855,-0.0013723708323215703,0.17679895629831868,0.1472306653560697,177,energy/oil_gas,126,wls_sqrt_mcap,tema_arındırılmış
idio_vol_60d,-0.0013723708323215638,-0.11903850600903797,-0.0013723708323215638,0.1767989562983187,0.1472306653560697,177,energy/oil_gas,126,wls_sqrt_mcap,ham
max_ret_21d,-0.00010119773057117196,-0.056583761402564214,-0.00010119773057117196,0.1428219890906229,0.11211551467481672,182,energy/oil_gas,21,ols_rank_normal,tema_arındırılmış
max_ret_21d,-0.00010119773057117268,-0.056583761402564596,-0.00010119773057117268,0.1428219890906229,0.11211551467481674,182,energy/oil_gas,21,ols_rank_normal,ham
max_ret_21d,0.02652716311990067,0.49639966707839644,0.0008693680407154826,0.1423096320762276,0.11158804736331053,182,energy/oil_gas,21,ols_winsorized_raw,tema_arındırılmış
max_ret_21d,0.02652716311990067,0.49639966707839644,0.0008693680407154826,0.1423096320762276,0.11158804736331052,182,energy/oil_gas,21,ols_winsorized_raw,ham
max_ret_21d,0.0004930078500281336,0.31011414709146834,0.0004930078500281336,0.16191047074737022,0.1319896094970213,182,energy/oil_gas,21,wls_sqrt_mcap,tema_arındırılmış
max_ret_21d,0.0004930078500281333,0.3101141470914681,0.0004930078500281333,0.16191047074737022,0.1319896094970213,182,energy/oil_gas,21,wls_sqrt_mcap,ham
max_ret_21d,-0.00042840028120428816,-0.12226701616156846,-0.00042840028120428816,0.13260827613109544,0.10140551063272987,180,energy/oil_gas,63,ols_rank_normal,tema_arındırılmış
max_ret_21d,-0.0004284002812042863,-0.12226701616156793,-0.0004284002812042863,0.1326082761310954,0.10140551063272987,180,energy/oil_gas,63,ols_rank_normal,ham
max_ret_21d,0.01306226150275331,0.13456544796720388,0.00042712437785223276,0.1327978193291484,0.10159849749731102,180,energy/oil_gas,63,ols_winsorized_raw,tema_arındırılmış
max_ret_21d,0.01306226150275331,0.13456544796720388,0.00042712437785223276,0.13279781932914841,0.101598497497311,180,energy/oil_gas,63,ols_winsorized_raw,ham
max_ret_21d,0.00107942381746473,0.32476362008128257,0.00107942381746473,0.15705278797494657,0.12687438369599163,180,energy/oil_gas,63,wls_sqrt_mcap,tema_arındırılmış
max_ret_21d,0.0010794238174647286,0.32476362008128207,0.0010794238174647286,0.15705278797494657,0.12687438369599166,180,energy/oil_gas,63,wls_sqrt_mcap,ham
max_ret_21d,-0.003397165621959551,-0.5712793489241785,-0.003397165621959551,0.13102857379697663,0.09964145681516019,177,energy/oil_gas,126,ols_rank_normal,tema_arındırılmış
max_ret_21d,-0.0033971656219595483,-0.5712793489241782,-0.0033971656219595483,0.1310285737969766,0.09964145681516018,177,energy/oil_gas,126,ols_rank_normal,ham
max_ret_21d,0.016894654076319016,0.09617039372565048,0.0005541793200148043,0.1302803799064371,0.09886438378483116,177,energy/oil_gas,126,ols_winsorized_raw,tema_arındırılmış
max_ret_21d,0.01689465407631907,0.0961703937256508,0.0005541793200148061,0.13028037990643707,0.09886438378483113,177,energy/oil_gas,126,ols_winsorized_raw,ham
max_ret_21d,-0.003093489078814049,-0.49042379338532,-0.003093489078814049,0.16141342014279828,0.1312943962591358,177,energy/oil_gas,126,wls_sqrt_mcap,tema_arındırılmış
max_ret_21d,-0.003093489078814054,-0.4904237933853206,-0.003093489078814054,0.16141342014279825,0.1312943962591358,177,energy/oil_gas,126,wls_sqrt_mcap,ham
mom_12_1,0.0010106353193482947,0.44343798666064177,0.0010106353193482947,0.16059028337704107,0.13053668917409078,182,energy/oil_gas,21,ols_rank_normal,tema_arındırılmış
mom_12_1,0.0010106353193482939,0.44343798666064127,0.0010106353193482939,0.16059028337704104,0.13053668917409078,182,energy/oil_gas,21,ols_rank_normal,ham
mom_12_1,0.0012326911906876423,0.1499135335447136,0.0009832040705016443,0.16099205261859542,0.13098017654114444,182,energy/oil_gas,21,ols_winsorized_raw,tema_arındırılmış
mom_12_1,0.0012326911906876447,0.14991353354471393,0.0009832040705016463,0.16099205261859542,0.13098017654114444,182,energy/oil_gas,21,ols_winsorized_raw,ham
mom_12_1,0.00028760548542473873,0.1313671549206047,0.00028760548542473873,0.1828823145925224,0.15371084902587703,182,energy/oil_gas,21,wls_sqrt_mcap,tema_arındırılmış
mom_12_1,0.0002876054854247369,0.13136715492060386,0.0002876054854247369,0.1828823145925224,0.15371084902587703,182,energy/oil_gas,21,wls_sqrt_mcap,ham
mom_12_1,0.0021977981788860795,0.43427788864425315,0.0021977981788860795,0.15279729806388215,0.12231689951373244,180,energy/oil_gas,63,ols_rank_normal,tema_arındırılmış
mom_12_1,0.002197798178886081,0.4342778886442534,0.002197798178886081,0.15279729806388215,0.12231689951373244,180,energy/oil_gas,63,ols_rank_normal,ham
mom_12_1,0.0037997615613158103,0.21376399419624456,0.003041290237001925,0.15299818603317494,0.12255194770575892,180,energy/oil_gas,63,ols_winsorized_raw,tema_arındırılmış
mom_12_1,0.0037997615613158077,0.21376399419624442,0.0030412902370019227,0.15299818603317494,0.12255194770575889,180,energy/oil_gas,63,ols_winsorized_raw,ham
mom_12_1,0.0009711555791546515,0.20047811678152813,0.0009711555791546515,0.1764741147325175,0.14691867366403366,180,energy/oil_gas,63,wls_sqrt_mcap,tema_arındırılmış
mom_12_1,0.0009711555791546466,0.20047811678152716,0.0009711555791546466,0.17647411473251748,0.14691867366403366,180,energy/oil_gas,63,wls_sqrt_mcap,ham
mom_12_1,2.4544598476247697e-05,0.0027782876539068618,2.4544598476247697e-05,0.14788325810502298,0.11706575889540141,177,energy/oil_gas,126,ols_rank_normal,tema_arındırılmış
mom_12_1,2.4544598476246284e-05,0.0027782876539067017,2.4544598476246284e-05,0.14788325810502298,0.11706575889540144,177,energy/oil_gas,126,ols_rank_normal,ham
mom_12_1,-0.000248111199411349,-0.009117327420795709,-0.00019916214874337337,0.14756018144605795,0.11675118312491536,177,energy/oil_gas,126,ols_winsorized_raw,tema_arındırılmış
mom_12_1,-0.0002481111994113547,-0.009117327420795917,-0.00019916214874337795,0.14756018144605793,0.11675118312491532,177,energy/oil_gas,126,ols_winsorized_raw,ham
mom_12_1,-0.003650250440717184,-0.41465096868901286,-0.003650250440717184,0.1729933069209698,0.14321598868996083,177,energy/oil_gas,126,wls_sqrt_mcap,tema_arındırılmış
mom_12_1,-0.0036502504407171796,-0.4146509686890125,-0.0036502504407171796,0.1729933069209698,0.14321598868996085,177,energy/oil_gas,126,wls_sqrt_mcap,ham
net_debt_ebitda,-0.0004876247987220267,-0.3257860953876361,-0.0004876247987220267,0.15990561767783168,0.11532409879986538,182,energy/oil_gas,21,ols_rank_normal,tema_arındırılmış
net_debt_ebitda,-0.00048762479872202686,-0.32578609538763614,-0.00048762479872202686,0.15990561767783168,0.1153240987998654,182,energy/oil_gas,21,ols_rank_normal,ham
net_debt_ebitda,4.081430008814445e-05,0.10981481904213701,0.00017758779544622497,0.15663055490017347,0.11201274483743967,182,energy/oil_gas,21,ols_winsorized_raw,tema_arındırılmış
net_debt_ebitda,4.081430008814518e-05,0.10981481904213897,0.00017758779544622816,0.15663055490017344,0.11201274483743968,182,energy/oil_gas,21,ols_winsorized_raw,ham
net_debt_ebitda,-0.0009286250806711358,-0.6070594117866858,-0.0009286250806711358,0.18256197370600358,0.1392119118078765,182,energy/oil_gas,21,wls_sqrt_mcap,tema_arındırılmış
net_debt_ebitda,-0.0009286250806711339,-0.6070594117866842,-0.0009286250806711339,0.1825619737060036,0.13921191180787645,182,energy/oil_gas,21,wls_sqrt_mcap,ham
net_debt_ebitda,-0.0025047742944783553,-0.6413799008406641,-0.0025047742944783553,0.1576000040723148,0.1126033503199045,180,energy/oil_gas,63,ols_rank_normal,tema_arındırılmış
net_debt_ebitda,-0.0025047742944783566,-0.6413799008406644,-0.0025047742944783566,0.15760000407231484,0.1126033503199045,180,energy/oil_gas,63,ols_rank_normal,ham
net_debt_ebitda,1.256719009914366e-05,0.012061969181344992,5.486853764616218e-05,0.15185174248139055,0.10662180711811733,180,energy/oil_gas,63,ols_winsorized_raw,tema_arındırılmış
net_debt_ebitda,1.2567190099143736e-05,0.012061969181345063,5.486853764616252e-05,0.1518517424813906,0.10662180711811738,180,energy/oil_gas,63,ols_winsorized_raw,ham
net_debt_ebitda,-0.0038517319708506635,-0.9663452444976197,-0.0038517319708506635,0.18817289603877005,0.14483514385183907,180,energy/oil_gas,63,wls_sqrt_mcap,tema_arındırılmış
net_debt_ebitda,-0.003851731970850663,-0.9663452444976197,-0.003851731970850663,0.18817289603877005,0.14483514385183907,180,energy/oil_gas,63,wls_sqrt_mcap,ham
net_debt_ebitda,-0.007011378387296099,-1.1912960329602493,-0.007011378387296099,0.1532424078367652,0.107704527084583,177,energy/oil_gas,126,ols_rank_normal,tema_arındırılmış
net_debt_ebitda,-0.007011378387296103,-1.1912960329602502,-0.007011378387296103,0.15324240783676518,0.10770452708458299,177,energy/oil_gas,126,ols_rank_normal,ham
net_debt_ebitda,-0.000675615615991813,-0.4166301875768172,-0.002971259255455294,0.146871283099375,0.10098261830225091,177,energy/oil_gas,126,ols_winsorized_raw,tema_arındırılmış
net_debt_ebitda,-0.0006756156159918149,-0.4166301875768187,-0.0029712592554553027,0.146871283099375,0.10098261830225091,177,energy/oil_gas,126,ols_winsorized_raw,ham
net_debt_ebitda,-0.009345758381377208,-1.4384718193632162,-0.009345758381377208,0.18582729045498378,0.14210754902870193,177,energy/oil_gas,126,wls_sqrt_mcap,tema_arındırılmış
net_debt_ebitda,-0.009345758381377215,-1.438471819363218,-0.009345758381377215,0.18582729045498375,0.14210754902870193,177,energy/oil_gas,126,wls_sqrt_mcap,ham
ocf_ev,0.0006456114457935816,0.4267011058258968,0.0006456114457935816,0.1543419739296153,0.12162632721230769,182,energy/oil_gas,21,ols_rank_normal,tema_arındırılmış
ocf_ev,0.00064561144579358,0.4267011058258958,0.00064561144579358,0.1543419739296153,0.12162632721230769,182,energy/oil_gas,21,ols_rank_normal,ham
ocf_ev,0.010772116625374138,0.6101461826461961,0.0008938833636942038,0.15356039057283205,0.12088777683926998,182,energy/oil_gas,21,ols_winsorized_raw,tema_arındırılmış
ocf_ev,0.010772116625374148,0.6101461826461967,0.0008938833636942047,0.15356039057283205,0.12088777683926999,182,energy/oil_gas,21,ols_winsorized_raw,ham
ocf_ev,0.00123039693082948,0.7835820539723167,0.00123039693082948,0.18128470896761043,0.14976722085784047,182,energy/oil_gas,21,wls_sqrt_mcap,tema_arındırılmış
ocf_ev,0.0012303969308294865,0.7835820539723207,0.0012303969308294865,0.18128470896761048,0.1497672208578405,182,energy/oil_gas,21,wls_sqrt_mcap,ham
ocf_ev,-0.0003525643871917246,-0.09543772567895659,-0.0003525643871917246,0.14608644592959547,0.11278787833088705,180,energy/oil_gas,63,ols_rank_normal,tema_arındırılmış
ocf_ev,-0.0003525643871917246,-0.09543772567895659,-0.0003525643871917246,0.14608644592959547,0.11278787833088706,180,energy/oil_gas,63,ols_rank_normal,ham
ocf_ev,0.007647092223089764,0.16646907357340476,0.0006349716107535521,0.14465473935418593,0.11132272779854652,180,energy/oil_gas,63,ols_winsorized_raw,tema_arındırılmış
ocf_ev,0.007647092223089739,0.1664690735734042,0.0006349716107535501,0.14465473935418593,0.11132272779854652,180,energy/oil_gas,63,ols_winsorized_raw,ham
ocf_ev,0.000759367774798393,0.19058210673434056,0.000759367774798393,0.1805601839545416,0.14882910023003898,180,energy/oil_gas,63,wls_sqrt_mcap,tema_arındırılmış
ocf_ev,0.0007593677747984072,0.1905821067343441,0.0007593677747984072,0.1805601839545416,0.14882910023003898,180,energy/oil_gas,63,wls_sqrt_mcap,ham
ocf_ev,-0.0014703678241249631,-0.21458866259537498,-0.0014703678241249631,0.13997673463752372,0.10630531755608305,177,energy/oil_gas,126,ols_rank_normal,tema_arındırılmış
ocf_ev,-0.001470367824124965,-0.21458866259537526,-0.001470367824124965,0.13997673463752378,0.10630531755608309,177,energy/oil_gas,126,ols_rank_normal,ham
ocf_ev,-0.004945155975000015,-0.05325693762754674,-0.0004106459112052826,0.1409041962300524,0.10728314921965851,177,energy/oil_gas,126,ols_winsorized_raw,tema_arındırılmış
ocf_ev,-0.004945155975000005,-0.05325693762754664,-0.00041064591120528176,0.1409041962300524,0.10728314921965851,177,energy/oil_gas,126,ols_winsorized_raw,ham
ocf_ev,0.00039899185096877674,0.05376481941545116,0.00039899185096877674,0.17746824298209937,0.1456005680441106,177,energy/oil_gas,126,wls_sqrt_mcap,tema_arındırılmış
ocf_ev,0.00039899185096880374,0.053764819415454794,0.00039899185096880374,0.1774682429820994,0.14560056804411056,177,energy/oil_gas,126,wls_sqrt_mcap,ham
oil_beta_trend,-0.00026711631688023366,-0.11007877207938395,-0.00026711631688023366,0.15780677333880072,0.12688301197957713,182,energy/oil_gas,21,ols_rank_normal,tema_arındırılmış
oil_beta_trend,-0.00026711631688023215,-0.11007877207938334,-0.00026711631688023215,0.15780677333880072,0.12688301197957713,182,energy/oil_gas,21,ols_rank_normal,ham
oil_beta_trend,0.0018216054667958184,0.206213881482911,0.0006888803912341847,0.15633875173762107,0.12537473106554764,182,energy/oil_gas,21,ols_winsorized_raw,tema_arındırılmış
oil_beta_trend,0.0018216054667958227,0.20621388148291153,0.0006888803912341863,0.15633875173762105,0.12537473106554764,182,energy/oil_gas,21,ols_winsorized_raw,ham
oil_beta_trend,0.0007914376576053516,0.35942438883526545,0.0007914376576053516,0.18007571831842384,0.150084580134584,182,energy/oil_gas,21,wls_sqrt_mcap,tema_arındırılmış
oil_beta_trend,0.0007914376576053522,0.3594243888352659,0.0007914376576053522,0.18007571831842387,0.150084580134584,182,energy/oil_gas,21,wls_sqrt_mcap,ham
oil_beta_trend,-0.003222710558664105,-0.5838254145528755,-0.003222710558664105,0.15757438886926511,0.12645539995965724,180,energy/oil_gas,63,ols_rank_normal,tema_arındırılmış
oil_beta_trend,-0.0032227105586641047,-0.5838254145528755,-0.0032227105586641047,0.15757438886926514,0.12645539995965724,180,energy/oil_gas,63,ols_rank_normal,ham
oil_beta_trend,-0.0032086755372877306,-0.15055948834518068,-0.0012190852347831323,0.15753854987359797,0.126431848967379,180,energy/oil_gas,63,ols_winsorized_raw,tema_arındırılmış
oil_beta_trend,-0.0032086755372877215,-0.15055948834518026,-0.0012190852347831289,0.15753854987359797,0.12643184896737902,180,energy/oil_gas,63,ols_winsorized_raw,ham
oil_beta_trend,-0.001954983357761456,-0.37370986714193033,-0.001954983357761456,0.1823689304340676,0.15229126911838417,180,energy/oil_gas,63,wls_sqrt_mcap,tema_arındırılmış
oil_beta_trend,-0.0019549833577614485,-0.373709867141929,-0.0019549833577614485,0.1823689304340676,0.15229126911838414,180,energy/oil_gas,63,wls_sqrt_mcap,ham
oil_beta_trend,-0.002293598379693219,-0.2333824552088293,-0.002293598379693219,0.15909921954794287,0.12793059828099748,177,energy/oil_gas,126,ols_rank_normal,tema_arındırılmış
oil_beta_trend,-0.002293598379693218,-0.23338245520882922,-0.002293598379693218,0.15909921954794287,0.12793059828099748,177,energy/oil_gas,126,ols_rank_normal,ham
oil_beta_trend,0.007838542681344542,0.2134817456216108,0.0029979268784893908,0.15673148127830433,0.1254867567394245,177,energy/oil_gas,126,ols_winsorized_raw,tema_arındırılmış
oil_beta_trend,0.007838542681344552,0.21348174562161107,0.0029979268784893947,0.1567314812783043,0.1254867567394245,177,energy/oil_gas,126,ols_winsorized_raw,ham
oil_beta_trend,-0.001997538438813079,-0.20677584902473775,-0.001997538438813079,0.18740830971078373,0.1574606061913706,177,energy/oil_gas,126,wls_sqrt_mcap,tema_arındırılmış
oil_beta_trend,-0.0019975384388130914,-0.20677584902473908,-0.0019975384388130914,0.18740830971078373,0.15746060619137056,177,energy/oil_gas,126,wls_sqrt_mcap,ham
share_issuance,0.0012115955247544578,0.9687524629066976,0.0012115955247544578,0.14395844362960372,0.10977448391323631,182,energy/oil_gas,21,ols_rank_normal,tema_arındırılmış
share_issuance,0.0012115955247544578,0.9687524629066976,0.0012115955247544578,0.14395844362960372,0.1097744839132363,182,energy/oil_gas,21,ols_rank_normal,ham
share_issuance,0.0002206662210247128,0.03125039485953283,4.060061496466552e-05,0.14093880717153567,0.10664997111707583,182,energy/oil_gas,21,ols_winsorized_raw,tema_arındırılmış
share_issuance,0.00022066622102471234,0.03125039485953276,4.060061496466543e-05,0.1409388071715356,0.10664997111707579,182,energy/oil_gas,21,ols_winsorized_raw,ham
share_issuance,0.001079622299729317,0.9280584822112374,0.001079622299729317,0.16873396295583934,0.13567646143913042,182,energy/oil_gas,21,wls_sqrt_mcap,tema_arındırılmış
share_issuance,0.001079622299729317,0.9280584822112372,0.001079622299729317,0.1687339629558393,0.13567646143913045,182,energy/oil_gas,21,wls_sqrt_mcap,ham
share_issuance,0.003495535617652854,1.136357525310233,0.003495535617652854,0.13509198386739338,0.10023563724723333,180,energy/oil_gas,63,ols_rank_normal,tema_arındırılmış
share_issuance,0.003495535617652854,1.1363575253102327,0.003495535617652854,0.1350919838673934,0.10023563724723336,180,energy/oil_gas,63,ols_rank_normal,ham
share_issuance,0.0028769711105996027,0.17103476369042886,0.0005300969402381708,0.13284769665349938,0.09794968251809831,180,energy/oil_gas,63,ols_winsorized_raw,tema_arındırılmış
share_issuance,0.0028769711105996057,0.171034763690429,0.0005300969402381715,0.13284769665349938,0.0979496825180983,180,energy/oil_gas,63,ols_winsorized_raw,ham
share_issuance,0.0030949719053355437,1.0599542122676224,0.0030949719053355437,0.1643189219289868,0.1308459161062796,180,energy/oil_gas,63,wls_sqrt_mcap,tema_arındırılmış
share_issuance,0.0030949719053355454,1.0599542122676233,0.0030949719053355454,0.1643189219289868,0.1308459161062796,180,energy/oil_gas,63,wls_sqrt_mcap,ham
share_issuance,0.007400252407099772,1.2841510285170878,0.007400252407099772,0.13643422231491498,0.1015323953727303,177,energy/oil_gas,126,ols_rank_normal,tema_arındırılmış
share_issuance,0.0074002524070997736,1.2841510285170883,0.0074002524070997736,0.136434222314915,0.10153239537273032,177,energy/oil_gas,126,ols_rank_normal,ham
share_issuance,0.01725283736235691,0.5379667074819959,0.003191033061629972,0.1320969106868885,0.09708128992269245,177,energy/oil_gas,126,ols_winsorized_raw,tema_arındırılmış
share_issuance,0.01725283736235691,0.5379667074819959,0.003191033061629972,0.1320969106868885,0.09708128992269247,177,energy/oil_gas,126,ols_winsorized_raw,ham
share_issuance,0.005553084611020204,0.9109229313341871,0.005553084611020204,0.16801342283031523,0.13468523239593042,177,energy/oil_gas,126,wls_sqrt_mcap,tema_arındırılmış
share_issuance,0.005553084611020216,0.9109229313341894,0.005553084611020216,0.16801342283031523,0.13468523239593042,177,energy/oil_gas,126,wls_sqrt_mcap,ham
sue_announce,0.0010203806769455467,0.7984461675832779,0.0010203806769455467,0.18289555264071067,0.12256814183824576,182,energy/oil_gas,21,ols_rank_normal,tema_arındırılmış
sue_announce,0.001020380676945546,0.7984461675832775,0.001020380676945546,0.18289555264071067,0.12256814183824576,182,energy/oil_gas,21,ols_rank_normal,ham
sue_announce,0.000739142545556846,0.6192952425166403,0.0008609467127242742,0.1896008165525913,0.12984294619167913,182,energy/oil_gas,21,ols_winsorized_raw,tema_arındırılmış
sue_announce,0.0007391425455568439,0.6192952425166385,0.0008609467127242717,0.1896008165525913,0.12984294619167913,182,energy/oil_gas,21,ols_winsorized_raw,ham
sue_announce,0.0010402531162840686,0.9390672021341219,0.0010402531162840686,0.1842444407743012,0.12389667925937325,182,energy/oil_gas,21,wls_sqrt_mcap,tema_arındırılmış
sue_announce,0.0010402531162840706,0.9390672021341235,0.0010402531162840706,0.1842444407743012,0.12389667925937325,182,energy/oil_gas,21,wls_sqrt_mcap,ham
sue_announce,0.0012084770030467255,0.39083798553451443,0.0012084770030467255,0.1644636614018542,0.10252169371603972,180,energy/oil_gas,63,ols_rank_normal,tema_arındırılmış
sue_announce,0.0012084770030467275,0.39083798553451504,0.0012084770030467275,0.1644636614018542,0.10252169371603968,180,energy/oil_gas,63,ols_rank_normal,ham
sue_announce,0.0017289479467446998,0.6174346676772149,0.002011303861004129,0.1694054649100472,0.10788135091211848,180,energy/oil_gas,63,ols_winsorized_raw,tema_arındırılmış
sue_announce,0.0017289479467447006,0.6174346676772152,0.00201130386100413,0.16940546491004715,0.10788135091211848,180,energy/oil_gas,63,ols_winsorized_raw,ham
sue_announce,0.0017143214827847009,0.6307960597413043,0.0017143214827847009,0.17031960745378766,0.10874596277060931,180,energy/oil_gas,63,wls_sqrt_mcap,tema_arındırılmış
sue_announce,0.001714321482784703,0.630796059741305,0.001714321482784703,0.17031960745378766,0.10874596277060931,180,energy/oil_gas,63,wls_sqrt_mcap,ham
sue_announce,-0.00012615270199321628,-0.025038054168736397,-0.00012615270199321628,0.15607450733588601,0.09310175448449612,177,energy/oil_gas,126,ols_rank_normal,tema_arındırılmış
sue_announce,-0.00012615270199321644,-0.02503805416873643,-0.00012615270199321644,0.15607450733588601,0.09310175448449609,177,energy/oil_gas,126,ols_rank_normal,ham
sue_announce,0.0008787594425046972,0.2056509979475745,0.0010214214670709056,0.15828881253662375,0.09551491857190393,177,energy/oil_gas,126,ols_winsorized_raw,tema_arındırılmış
sue_announce,0.0008787594425046874,0.20565099794757216,0.0010214214670708943,0.15828881253662375,0.09551491857190392,177,energy/oil_gas,126,ols_winsorized_raw,ham
sue_announce,0.0005188912080076416,0.12750246887255645,0.0005188912080076416,0.16556460811273896,0.10329466466632692,177,energy/oil_gas,126,wls_sqrt_mcap,tema_arındırılmış
sue_announce,0.0005188912080076459,0.12750246887255753,0.0005188912080076459,0.16556460811273896,0.10329466466632692,177,energy/oil_gas,126,wls_sqrt_mcap,ham
asset_growth,0.011607533733413902,2.1689115493529982,0.011607533733413902,0.8235096344705529,0.31358331696483543,17,energy/oil_gas,21,ols_rank_normal_all,tema_arındırılmış
capex_at,0.0017165379350935362,0.2019795618457282,0.0017165379350935362,0.8235096344705529,0.31358331696483543,17,energy/oil_gas,21,ols_rank_normal_all,tema_arındırılmış
cash_runway_years,-0.003301017418988625,-0.17395356610999732,-0.003301017418988625,0.8235096344705529,0.31358331696483543,17,energy/oil_gas,21,ols_rank_normal_all,tema_arındırılmış
cop_at,-0.0056417337403018505,-0.549270451554849,-0.0056417337403018505,0.8235096344705529,0.31358331696483543,17,energy/oil_gas,21,ols_rank_normal_all,tema_arındırılmış
dist_52w_high,-0.013577613742625933,-0.9306154618380583,-0.013577613742625933,0.8235096344705529,0.31358331696483543,17,energy/oil_gas,21,ols_rank_normal_all,tema_arındırılmış
droe,-0.007559770762387889,-0.788302810940993,-0.007559770762387889,0.8235096344705529,0.31358331696483543,17,energy/oil_gas,21,ols_rank_normal_all,tema_arındırılmış
ear_3d,-0.003309364177782066,-0.818121656196074,-0.003309364177782066,0.8235096344705529,0.31358331696483543,17,energy/oil_gas,21,ols_rank_normal_all,tema_arındırılmış
ebit_ev,0.001432099713121713,0.23729521774077103,0.001432099713121713,0.8235096344705529,0.31358331696483543,17,energy/oil_gas,21,ols_rank_normal_all,tema_arındırılmış
gross_profitability,-0.00023680496013418924,-0.030412866502561517,-0.00023680496013418924,0.8235096344705529,0.31358331696483543,17,energy/oil_gas,21,ols_rank_normal_all,tema_arındırılmış
idio_vol_60d,-0.0055983615467666906,-0.38629677355913794,-0.0055983615467666906,0.8235096344705529,0.31358331696483543,17,energy/oil_gas,21,ols_rank_normal_all,tema_arındırılmış
max_ret_21d,0.016594066611103252,1.6402175164467634,0.016594066611103252,0.8235096344705529,0.31358331696483543,17,energy/oil_gas,21,ols_rank_normal_all,tema_arındırılmış
mom_12_1,0.004727950421654703,0.33626016226133115,0.004727950421654703,0.8235096344705529,0.31358331696483543,17,energy/oil_gas,21,ols_rank_normal_all,tema_arındırılmış
net_debt_ebitda,0.016736688559349046,2.0837613164110764,0.016736688559349046,0.8235096344705529,0.31358331696483543,17,energy/oil_gas,21,ols_rank_normal_all,tema_arındırılmış
ocf_ev,0.007551609950435392,0.5079347406329002,0.007551609950435392,0.8235096344705529,0.31358331696483543,17,energy/oil_gas,21,ols_rank_normal_all,tema_arındırılmış
oil_beta_trend,0.002857484172202425,0.2642530592555618,0.002857484172202425,0.8235096344705529,0.31358331696483543,17,energy/oil_gas,21,ols_rank_normal_all,tema_arındırılmış
profitable_growth,-0.0020578996164349055,-0.25746356174527113,-0.0020578996164349055,0.8235096344705529,0.31358331696483543,17,energy/oil_gas,21,ols_rank_normal_all,tema_arındırılmış
share_issuance,-0.005034851826779829,-0.6272966781962739,-0.005034851826779829,0.8235096344705529,0.31358331696483543,17,energy/oil_gas,21,ols_rank_normal_all,tema_arındırılmış
sue,-0.007622286282128706,-0.7902626682741125,-0.007622286282128706,0.8235096344705529,0.31358331696483543,17,energy/oil_gas,21,ols_rank_normal_all,tema_arındırılmış
sue_announce,0.012124583447797441,1.6926201496473372,0.012124583447797441,0.8235096344705529,0.31358331696483543,17,energy/oil_gas,21,ols_rank_normal_all,tema_arındırılmış
asset_growth,0.016418202375892782,1.1599529243230073,0.016418202375892782,0.7965221165456258,0.19789620963091317,17,energy/oil_gas,63,ols_rank_normal_all,tema_arındırılmış
capex_at,0.004922173034808047,0.41631299054037946,0.004922173034808047,0.7965221165456258,0.19789620963091317,17,energy/oil_gas,63,ols_rank_normal_all,tema_arındırılmış
cash_runway_years,0.05781128049195042,1.5909526414388637,0.05781128049195042,0.7965221165456258,0.19789620963091317,17,energy/oil_gas,63,ols_rank_normal_all,tema_arındırılmış
cop_at,-0.004364602603755274,-0.17933840570154574,-0.004364602603755274,0.7965221165456258,0.19789620963091317,17,energy/oil_gas,63,ols_rank_normal_all,tema_arındırılmış
dist_52w_high,-0.0217277683866378,-1.7698264094980716,-0.0217277683866378,0.7965221165456258,0.19789620963091317,17,energy/oil_gas,63,ols_rank_normal_all,tema_arındırılmış
droe,-0.010370218114128828,-0.7400552788800296,-0.010370218114128828,0.7965221165456258,0.19789620963091317,17,energy/oil_gas,63,ols_rank_normal_all,tema_arındırılmış
ear_3d,-0.014873796844240486,-2.1887496406034086,-0.014873796844240486,0.7965221165456258,0.19789620963091317,17,energy/oil_gas,63,ols_rank_normal_all,tema_arındırılmış
ebit_ev,-0.017119153505343272,-1.392797285029347,-0.017119153505343272,0.7965221165456258,0.19789620963091317,17,energy/oil_gas,63,ols_rank_normal_all,tema_arındırılmış
gross_profitability,-0.0014765742972988,-0.11037530799420153,-0.0014765742972988,0.7965221165456258,0.19789620963091317,17,energy/oil_gas,63,ols_rank_normal_all,tema_arındırılmış
idio_vol_60d,0.013822488917587025,0.798094055687517,0.013822488917587025,0.7965221165456258,0.19789620963091317,17,energy/oil_gas,63,ols_rank_normal_all,tema_arındırılmış
max_ret_21d,0.014741346425591557,0.7773462051598226,0.014741346425591557,0.7965221165456258,0.19789620963091317,17,energy/oil_gas,63,ols_rank_normal_all,tema_arındırılmış
mom_12_1,-0.011169062301312378,-0.29510745064390165,-0.011169062301312378,0.7965221165456258,0.19789620963091317,17,energy/oil_gas,63,ols_rank_normal_all,tema_arındırılmış
net_debt_ebitda,0.026913662763398065,1.7039440281735037,0.026913662763398065,0.7965221165456258,0.19789620963091317,17,energy/oil_gas,63,ols_rank_normal_all,tema_arındırılmış
ocf_ev,-0.016931487634808517,-0.5204944343954105,-0.016931487634808517,0.7965221165456258,0.19789620963091317,17,energy/oil_gas,63,ols_rank_normal_all,tema_arındırılmış
oil_beta_trend,-0.007739885383979347,-0.3643255289192556,-0.007739885383979347,0.7965221165456258,0.19789620963091317,17,energy/oil_gas,63,ols_rank_normal_all,tema_arındırılmış
profitable_growth,-0.018617578740066986,-2.6433756036341958,-0.018617578740066986,0.7965221165456258,0.19789620963091317,17,energy/oil_gas,63,ols_rank_normal_all,tema_arındırılmış
share_issuance,0.0020229230275600157,0.20430573361310067,0.0020229230275600157,0.7965221165456258,0.19789620963091317,17,energy/oil_gas,63,ols_rank_normal_all,tema_arındırılmış
sue,-0.012926626613963555,-0.7147588069677792,-0.012926626613963555,0.7965221165456258,0.19789620963091317,17,energy/oil_gas,63,ols_rank_normal_all,tema_arındırılmış
sue_announce,0.025377634510608996,1.983105540895774,0.025377634510608996,0.7965221165456258,0.19789620963091317,17,energy/oil_gas,63,ols_rank_normal_all,tema_arındırılmış
asset_growth,0.04567419509429551,1.9970034294317873,0.04567419509429551,0.8087797780810623,0.18407294647493425,17,energy/oil_gas,126,ols_rank_normal_all,tema_arındırılmış
capex_at,-0.01155252671105213,-2.2059000918448373,-0.01155252671105213,0.8087797780810623,0.18407294647493425,17,energy/oil_gas,126,ols_rank_normal_all,tema_arındırılmış
cash_runway_years,0.15106274210552992,6.567529925516916,0.15106274210552992,0.8087797780810623,0.18407294647493425,17,energy/oil_gas,126,ols_rank_normal_all,tema_arındırılmış
cop_at,0.0023625303917706665,0.061622055279668915,0.0023625303917706665,0.8087797780810623,0.18407294647493425,17,energy/oil_gas,126,ols_rank_normal_all,tema_arındırılmış
dist_52w_high,-0.01696275278110665,-0.6716409259285677,-0.01696275278110665,0.8087797780810623,0.18407294647493425,17,energy/oil_gas,126,ols_rank_normal_all,tema_arındırılmış
droe,-0.0009850454364448338,-0.04581843458168914,-0.0009850454364448338,0.8087797780810623,0.18407294647493425,17,energy/oil_gas,126,ols_rank_normal_all,tema_arındırılmış
ear_3d,-0.021149226146947486,-1.395292506266302,-0.021149226146947486,0.8087797780810623,0.18407294647493425,17,energy/oil_gas,126,ols_rank_normal_all,tema_arındırılmış
ebit_ev,-0.05298736308246822,-3.260535310841788,-0.05298736308246822,0.8087797780810623,0.18407294647493425,17,energy/oil_gas,126,ols_rank_normal_all,tema_arındırılmış
gross_profitability,-0.0329528242929748,-2.1269998523768785,-0.0329528242929748,0.8087797780810623,0.18407294647493425,17,energy/oil_gas,126,ols_rank_normal_all,tema_arındırılmış
idio_vol_60d,0.08587188055718334,3.237426244004884,0.08587188055718334,0.8087797780810623,0.18407294647493425,17,energy/oil_gas,126,ols_rank_normal_all,tema_arındırılmış
max_ret_21d,-0.0047486261390515885,-0.2057036633153194,-0.0047486261390515885,0.8087797780810623,0.18407294647493425,17,energy/oil_gas,126,ols_rank_normal_all,tema_arındırılmış
mom_12_1,-0.05846608487063415,-0.6772978545065355,-0.05846608487063415,0.8087797780810623,0.18407294647493425,17,energy/oil_gas,126,ols_rank_normal_all,tema_arındırılmış
net_debt_ebitda,0.014648910927940762,0.47213530236359696,0.014648910927940762,0.8087797780810623,0.18407294647493425,17,energy/oil_gas,126,ols_rank_normal_all,tema_arındırılmış
ocf_ev,-0.025058400282158628,-0.5538131590288295,-0.025058400282158628,0.8087797780810623,0.18407294647493425,17,energy/oil_gas,126,ols_rank_normal_all,tema_arındırılmış
oil_beta_trend,-0.049924646167553745,-1.1103007294833571,-0.049924646167553745,0.8087797780810623,0.18407294647493425,17,energy/oil_gas,126,ols_rank_normal_all,tema_arındırılmış
profitable_growth,-0.01818004136922563,-0.7666147687095435,-0.01818004136922563,0.8087797780810623,0.18407294647493425,17,energy/oil_gas,126,ols_rank_normal_all,tema_arındırılmış
share_issuance,0.05045129677504214,3.01176832854911,0.05045129677504214,0.8087797780810623,0.18407294647493425,17,energy/oil_gas,126,ols_rank_normal_all,tema_arındırılmış
sue,0.010671387665299051,0.24577422488126316,0.010671387665299051,0.8087797780810623,0.18407294647493425,17,energy/oil_gas,126,ols_rank_normal_all,tema_arındırılmış
sue_announce,0.02037865250874656,1.0873576676705463,0.02037865250874656,0.8087797780810623,0.18407294647493425,17,energy/oil_gas,126,ols_rank_normal_all,tema_arındırılmış
asset_growth,-4.70829411630752e-05,-0.05310078104791276,-4.70829411630752e-05,0.26372784587769604,0.13747522273050994,181,energy/power_utilities,21,ols_rank_normal,tema_arındırılmış
asset_growth,-4.708294116307497e-05,-0.05310078104791249,-4.708294116307497e-05,0.26372784587769604,0.13747522273050994,181,energy/power_utilities,21,ols_rank_normal,ham
asset_growth,0.02937558041363085,1.888210055815647,0.0025491916365549864,0.31241812192138047,0.19429170029658677,181,energy/power_utilities,21,ols_winsorized_raw,tema_arındırılmış
asset_growth,0.02937558041363084,1.8882100558156463,0.002549191636554985,0.3124181219213804,0.19429170029658668,181,energy/power_utilities,21,ols_winsorized_raw,ham
asset_growth,-0.00010930667238715636,-0.12603826324421538,-0.00010930667238715636,0.2697772866118964,0.1446733164365542,181,energy/power_utilities,21,wls_sqrt_mcap,tema_arındırılmış
asset_growth,-0.00010930667238715739,-0.12603826324421655,-0.00010930667238715739,0.2697772866118964,0.1446733164365543,181,energy/power_utilities,21,wls_sqrt_mcap,ham
asset_growth,0.00023628610134814268,0.09749183662071946,0.00023628610134814268,0.2641828343231829,0.13781951856467128,179,energy/power_utilities,63,ols_rank_normal,tema_arındırılmış
asset_growth,0.00023628610134814406,0.09749183662072003,0.00023628610134814406,0.2641828343231829,0.13781951856467123,179,energy/power_utilities,63,ols_rank_normal,ham
asset_growth,0.06686809099073568,1.6225428633627303,0.005836323676872541,0.31138550506598583,0.19294807491133228,179,energy/power_utilities,63,ols_winsorized_raw,tema_arındırılmış
asset_growth,0.06686809099073567,1.6225428633627301,0.005836323676872539,0.31138550506598583,0.19294807491133228,179,energy/power_utilities,63,ols_winsorized_raw,ham
asset_growth,0.00030253441840276017,0.12106202102623484,0.00030253441840276017,0.27198226532132563,0.14693363327014797,179,energy/power_utilities,63,wls_sqrt_mcap,tema_arındırılmış
asset_growth,0.0003025344184027575,0.1210620210262338,0.0003025344184027575,0.27198226532132563,0.14693363327014797,179,energy/power_utilities,63,wls_sqrt_mcap,ham
asset_growth,-0.00048185107675077744,-0.1234698589811847,-0.00048185107675077744,0.25406328960348,0.12573559520878505,176,energy/power_utilities,126,ols_rank_normal,tema_arındırılmış
asset_growth,-0.000481851076750779,-0.1234698589811851,-0.000481851076750779,0.25406328960348,0.12573559520878505,176,energy/power_utilities,126,ols_rank_normal,ham
asset_growth,0.07507088642742803,1.1380979844131602,0.0066075542614305195,0.3061362837738621,0.18661395827356778,176,energy/power_utilities,126,ols_winsorized_raw,tema_arındırılmış
asset_growth,0.07507088642742799,1.1380979844131593,0.006607554261430516,0.3061362837738621,0.1866139582735677,176,energy/power_utilities,126,ols_winsorized_raw,ham
asset_growth,-1.7614636580914636e-06,-0.0004181534089193318,-1.7614636580914636e-06,0.25673995307626113,0.12889334588801885,176,energy/power_utilities,126,wls_sqrt_mcap,tema_arındırılmış
asset_growth,-1.761463658087048e-06,-0.00041815340891828367,-1.761463658087048e-06,0.25673995307626113,0.1288933458880189,176,energy/power_utilities,126,wls_sqrt_mcap,ham
capex_at,0.000464300129241919,0.56504115530653,0.000464300129241919,0.26025658407668195,0.10955028470224262,182,energy/power_utilities,21,ols_rank_normal,tema_arındırılmış
capex_at,0.0004643001292419187,0.5650411553065295,0.0004643001292419187,0.26025658407668195,0.10955028470224261,182,energy/power_utilities,21,ols_rank_normal,ham
capex_at,0.039855080832245,0.9347668073114191,0.0008575321482758712,0.30581473376281254,0.16395466389309393,182,energy/power_utilities,21,ols_winsorized_raw,tema_arındırılmış
capex_at,0.039855080832245024,0.9347668073114195,0.0008575321482758717,0.3058147337628126,0.16395466389309393,182,energy/power_utilities,21,ols_winsorized_raw,ham
capex_at,0.00047552762295919394,0.5610085678395933,0.00047552762295919394,0.26741738518195285,0.11845731663734303,182,energy/power_utilities,21,wls_sqrt_mcap,tema_arındırılmış
capex_at,0.0004755276229591951,0.5610085678395946,0.0004755276229591951,0.2674173851819529,0.11845731663734303,182,energy/power_utilities,21,wls_sqrt_mcap,ham
capex_at,0.0017776446693442307,0.8469208756309707,0.0017776446693442307,0.2796759454637156,0.13283565732076794,180,energy/power_utilities,63,ols_rank_normal,tema_arındırılmış
capex_at,0.00177764466934423,0.8469208756309704,0.00177764466934423,0.2796759454637156,0.13283565732076794,180,energy/power_utilities,63,ols_rank_normal,ham
capex_at,0.0877443050559592,0.7471210809816329,0.001880922252555316,0.3274886155217818,0.19008886651450857,180,energy/power_utilities,63,ols_winsorized_raw,tema_arındırılmış
capex_at,0.08774430505595923,0.7471210809816332,0.0018809222525553164,0.3274886155217819,0.19008886651450857,180,energy/power_utilities,63,ols_winsorized_raw,ham
capex_at,0.0017776750974577515,0.8183305959372823,0.0017776750974577515,0.2822765923372526,0.13585797839296934,180,energy/power_utilities,63,wls_sqrt_mcap,tema_arındırılmış
capex_at,0.001777675097457752,0.8183305959372823,0.001777675097457752,0.28227659233725266,0.13585797839296934,180,energy/power_utilities,63,wls_sqrt_mcap,ham
capex_at,0.0012665493549121362,0.3260878634396765,0.0012665493549121362,0.2583961661064899,0.10628805398677012,177,energy/power_utilities,126,ols_rank_normal,tema_arındırılmış
capex_at,0.001266549354912134,0.32608786343967594,0.001266549354912134,0.2583961661064899,0.10628805398677016,177,energy/power_utilities,126,ols_rank_normal,ham
capex_at,0.07364449732275943,0.3474645742076989,0.0015702756090934904,0.30963177084408683,0.16775353546278096,177,energy/power_utilities,126,ols_winsorized_raw,tema_arındırılmış
capex_at,0.07364449732275935,0.3474645742076985,0.0015702756090934886,0.3096317708440869,0.16775353546278096,177,energy/power_utilities,126,ols_winsorized_raw,ham
capex_at,0.002250233736402004,0.564236836770252,0.002250233736402004,0.25775956479124396,0.10548247005801022,177,energy/power_utilities,126,wls_sqrt_mcap,tema_arındırılmış
capex_at,0.0022502337364020152,0.5642368367702549,0.0022502337364020152,0.25775956479124396,0.10548247005801017,177,energy/power_utilities,126,wls_sqrt_mcap,ham
cop_at,-0.00043140553160076275,-0.5837508405203163,-0.00043140553160076275,0.25112222072054236,0.11878426443862401,182,energy/power_utilities,21,ols_rank_normal,tema_arındırılmış
cop_at,-0.00043140553160076297,-0.5837508405203167,-0.00043140553160076297,0.25112222072054236,0.11878426443862401,182,energy/power_utilities,21,ols_rank_normal,ham
cop_at,-0.019643283749347668,-0.3747180907623696,-0.0003116157867901933,0.3056603113350779,0.18261085288316217,182,energy/power_utilities,21,ols_winsorized_raw,tema_arındırılmış
cop_at,-0.01964328374934768,-0.3747180907623698,-0.00031161578679019344,0.305660311335078,0.1826108528831622,182,energy/power_utilities,21,ols_winsorized_raw,ham
cop_at,-0.0008639887133786057,-1.192265202304345,-0.0008639887133786057,0.2587916335831476,0.12800643430324077,182,energy/power_utilities,21,wls_sqrt_mcap,tema_arındırılmış
cop_at,-0.0008639887133786049,-1.192265202304343,-0.0008639887133786049,0.2587916335831476,0.12800643430324077,182,energy/power_utilities,21,wls_sqrt_mcap,ham
cop_at,-0.0016815936983641845,-0.8965902235834091,-0.0016815936983641845,0.2606336545946201,0.12978483595695256,180,energy/power_utilities,63,ols_rank_normal,tema_arındırılmış
cop_at,-0.0016815936983641839,-0.8965902235834087,-0.0016815936983641839,0.2606336545946201,0.12978483595695256,180,energy/power_utilities,63,ols_rank_normal,ham
cop_at,-0.03796101424982279,-0.288041614946256,-0.0006034910895942788,0.3166371962152757,0.19553654080152308,180,energy/power_utilities,63,ols_winsorized_raw,tema_arındırılmış
cop_at,-0.03796101424982286,-0.2880416149462565,-0.00060349108959428,0.3166371962152757,0.1955365408015231,180,energy/power_utilities,63,ols_winsorized_raw,ham
cop_at,-0.0027471905325615166,-1.434091893306493,-0.0027471905325615166,0.26891215082118874,0.1395793298023061,180,energy/power_utilities,63,wls_sqrt_mcap,tema_arındırılmış
cop_at,-0.002747190532561522,-1.4340918933064961,-0.002747190532561522,0.26891215082118874,0.1395793298023061,180,energy/power_utilities,63,wls_sqrt_mcap,ham
cop_at,-0.004167151364230816,-1.3119752448712139,-0.004167151364230816,0.24840650317226254,0.11485822493541943,177,energy/power_utilities,126,ols_rank_normal,tema_arındırılmış
cop_at,-0.004167151364230816,-1.3119752448712139,-0.004167151364230816,0.24840650317226254,0.11485822493541947,177,energy/power_utilities,126,ols_rank_normal,ham
cop_at,-0.09281783272675907,-0.4090852240421168,-0.0014664290986139313,0.29846580082740143,0.1736605107469126,177,energy/power_utilities,126,ols_winsorized_raw,tema_arındırılmış
cop_at,-0.09281783272675913,-0.4090852240421171,-0.0014664290986139323,0.29846580082740143,0.1736605107469126,177,energy/power_utilities,126,ols_winsorized_raw,ham
cop_at,-0.006140511129572217,-1.7775007088447803,-0.006140511129572217,0.24872495225111751,0.11535212705618518,177,energy/power_utilities,126,wls_sqrt_mcap,tema_arındırılmış
cop_at,-0.006140511129572226,-1.7775007088447836,-0.006140511129572226,0.24872495225111751,0.11535212705618522,177,energy/power_utilities,126,wls_sqrt_mcap,ham
dist_52w_high,-0.0005728461759780548,-0.5275206850439884,-0.0005728461759780548,0.274130471196181,0.15024340065041947,182,energy/power_utilities,21,ols_rank_normal,tema_arındırılmış
dist_52w_high,-0.0005728461759780546,-0.5275206850439882,-0.0005728461759780546,0.274130471196181,0.1502434006504195,182,energy/power_utilities,21,ols_rank_normal,ham
dist_52w_high,-0.023894495513657434,-0.9366892101588326,-0.0015509633316578809,0.3657995458939519,0.25709298060491775,182,energy/power_utilities,21,ols_winsorized_raw,tema_arındırılmış
dist_52w_high,-0.023894495513657417,-0.9366892101588319,-0.0015509633316578798,0.3657995458939519,0.25709298060491775,182,energy/power_utilities,21,ols_winsorized_raw,ham
dist_52w_high,0.00034893233801175545,0.3271558514619627,0.00034893233801175545,0.27997962564153367,0.15709398330651597,182,energy/power_utilities,21,wls_sqrt_mcap,tema_arındırılmış
dist_52w_high,0.00034893233801175724,0.3271558514619643,0.00034893233801175724,0.27997962564153367,0.15709398330651603,182,energy/power_utilities,21,wls_sqrt_mcap,ham
dist_52w_high,-0.001941397363622026,-0.8499718874672629,-0.001941397363622026,0.271208972777849,0.14656063701620287,180,energy/power_utilities,63,ols_rank_normal,tema_arındırılmış
dist_52w_high,-0.0019413973636220254,-0.8499718874672627,-0.0019413973636220254,0.271208972777849,0.14656063701620287,180,energy/power_utilities,63,ols_rank_normal,ham
dist_52w_high,-0.0160128724473381,-0.3155479478832698,-0.0010295670180986056,0.36969952890949886,0.2614987678505172,180,energy/power_utilities,63,ols_winsorized_raw,tema_arındırılmış
dist_52w_high,-0.01601287244733809,-0.3155479478832696,-0.001029567018098605,0.36969952890949886,0.2614987678505171,180,energy/power_utilities,63,ols_winsorized_raw,ham
dist_52w_high,5.5489500736556776e-05,0.023132148186431268,5.5489500736556776e-05,0.2855940307497021,0.16346786133514687,180,energy/power_utilities,63,wls_sqrt_mcap,tema_arındırılmış
dist_52w_high,5.548950073655292e-05,0.02313214818642967,5.548950073655292e-05,0.2855940307497021,0.16346786133514687,180,energy/power_utilities,63,wls_sqrt_mcap,ham
dist_52w_high,0.0009441720626442647,0.24914434090654336,0.0009441720626442647,0.25555316422359603,0.12803676299930303,177,energy/power_utilities,126,ols_rank_normal,tema_arındırılmış
dist_52w_high,0.0009441720626442654,0.24914434090654353,0.0009441720626442654,0.25555316422359603,0.12803676299930303,177,energy/power_utilities,126,ols_rank_normal,ham
dist_52w_high,0.0463205742537679,0.46646048711850896,0.002973818945772394,0.35317392743979964,0.24201026895743144,177,energy/power_utilities,126,ols_winsorized_raw,tema_arındırılmış
dist_52w_high,0.046320574253767836,0.4664604871185083,0.00297381894577239,0.35317392743979964,0.24201026895743144,177,energy/power_utilities,126,ols_winsorized_raw,ham
dist_52w_high,0.0037977661676644723,0.9049941246607563,0.0037977661676644723,0.2651168640982015,0.13933761985740287,177,energy/power_utilities,126,wls_sqrt_mcap,tema_arındırılmış
dist_52w_high,0.003797766167664462,0.9049941246607539,0.003797766167664462,0.26511686409820145,0.13933761985740292,177,energy/power_utilities,126,wls_sqrt_mcap,ham
ear_3d,-0.0011536731399802366,-1.3194021198905344,-0.0011536731399802366,0.2675072576934032,0.12724912531809945,170,energy/power_utilities,21,ols_rank_normal,tema_arındırılmış
ear_3d,-0.001153673139980236,-1.3194021198905335,-0.001153673139980236,0.26750725769340317,0.12724912531809945,170,energy/power_utilities,21,ols_rank_normal,ham
ear_3d,-0.04623871723247428,-1.5454814301529165,-0.0016698003585837865,0.334754438805915,0.20692809688447353,170,energy/power_utilities,21,ols_winsorized_raw,tema_arındırılmış
ear_3d,-0.04623871723247426,-1.5454814301529158,-0.0016698003585837859,0.3347544388059151,0.2069280968844736,170,energy/power_utilities,21,ols_winsorized_raw,ham
ear_3d,-0.0008729616696652367,-1.1242207052302333,-0.0008729616696652367,0.26576001798872234,0.12523368323788872,170,energy/power_utilities,21,wls_sqrt_mcap,tema_arındırılmış
ear_3d,-0.0008729616696652377,-1.1242207052302347,-0.0008729616696652377,0.2657600179887224,0.12523368323788878,170,energy/power_utilities,21,wls_sqrt_mcap,ham
ear_3d,-0.0018176273051319384,-0.8872950935014763,-0.0018176273051319384,0.2613409899373585,0.11967138987593269,168,energy/power_utilities,63,ols_rank_normal,tema_arındırılmış
ear_3d,-0.0018176273051319378,-0.8872950935014762,-0.0018176273051319378,0.2613409899373585,0.11967138987593269,168,energy/power_utilities,63,ols_rank_normal,ham
ear_3d,-0.04787799538675007,-0.7454119129542505,-0.0017188037894101179,0.32576557490053687,0.19614521056967094,168,energy/power_utilities,63,ols_winsorized_raw,tema_arındırılmış
ear_3d,-0.04787799538675006,-0.7454119129542504,-0.0017188037894101177,0.3257655749005369,0.196145210569671,168,energy/power_utilities,63,ols_winsorized_raw,ham
ear_3d,-0.001626981470479132,-0.8246151576035791,-0.001626981470479132,0.266369644299929,0.12606885808783025,168,energy/power_utilities,63,wls_sqrt_mcap,tema_arındırılmış
ear_3d,-0.001626981470479134,-0.8246151576035801,-0.001626981470479134,0.266369644299929,0.12606885808783028,168,energy/power_utilities,63,wls_sqrt_mcap,ham
ear_3d,0.002463731914107041,0.8279701837963807,0.002463731914107041,0.26207882681804445,0.1206516922448752,165,energy/power_utilities,126,ols_rank_normal,tema_arındırılmış
ear_3d,0.0024637319141070407,0.8279701837963805,0.0024637319141070407,0.26207882681804445,0.1206516922448752,165,energy/power_utilities,126,ols_rank_normal,ham
ear_3d,0.055352425288149605,0.5265334722371358,0.0019636541474661816,0.3269790342088803,0.19767230666318664,165,energy/power_utilities,126,ols_winsorized_raw,tema_arındırılmış
ear_3d,0.055352425288149626,0.5265334722371361,0.0019636541474661825,0.3269790342088804,0.1976723066631867,165,energy/power_utilities,126,ols_winsorized_raw,ham
ear_3d,0.00247863810766434,0.7445912003788974,0.00247863810766434,0.263193760418229,0.12210277039715797,165,energy/power_utilities,126,wls_sqrt_mcap,tema_arındırılmış
ear_3d,0.0024786381076643393,0.7445912003788968,0.0024786381076643393,0.26319376041822906,0.12210277039715797,165,energy/power_utilities,126,wls_sqrt_mcap,ham
ebit_ev,0.001526470061670783,1.5034603556586275,0.001526470061670783,0.26679586054235555,0.13093216120761011,182,energy/power_utilities,21,ols_rank_normal,tema_arındırılmış
ebit_ev,0.0015264700616707829,1.5034603556586275,0.0015264700616707829,0.2667958605423556,0.13093216120761011,182,energy/power_utilities,21,ols_rank_normal,ham
ebit_ev,0.11958988736578287,2.3374292332935194,0.0077915458993817925,0.3335506524167724,0.20949012404794182,182,energy/power_utilities,21,ols_winsorized_raw,tema_arındırılmış
ebit_ev,0.1195898873657829,2.3374292332935203,0.007791545899381794,0.33355065241677234,0.20949012404794182,182,energy/power_utilities,21,ols_winsorized_raw,ham
ebit_ev,0.0012022045415115144,1.2855138050534451,0.0012022045415115144,0.2781453428833465,0.14440285437952843,182,energy/power_utilities,21,wls_sqrt_mcap,tema_arındırılmış
ebit_ev,0.0012022045415115128,1.2855138050534434,0.0012022045415115128,0.27814534288334647,0.14440285437952846,182,energy/power_utilities,21,wls_sqrt_mcap,ham
ebit_ev,0.00433769123306625,1.732836873429602,0.00433769123306625,0.2789240870660126,0.145119469233544,180,energy/power_utilities,63,ols_rank_normal,tema_arındırılmış
ebit_ev,0.004337691233066251,1.7328368734296022,0.004337691233066251,0.27892408706601257,0.145119469233544,180,energy/power_utilities,63,ols_rank_normal,ham
ebit_ev,0.32037555089011477,2.443782979238561,0.02107200851787158,0.338389145718795,0.2152899401404689,180,energy/power_utilities,63,ols_winsorized_raw,tema_arındırılmış
ebit_ev,0.3203755508901149,2.4437829792385615,0.021072008517871586,0.3383891457187951,0.21528994014046895,180,energy/power_utilities,63,ols_winsorized_raw,ham
ebit_ev,0.003997096244535169,1.5321703667474258,0.003997096244535169,0.2896349920878167,0.1578213993815486,180,energy/power_utilities,63,wls_sqrt_mcap,tema_arındırılmış
ebit_ev,0.003997096244535157,1.5321703667474211,0.003997096244535157,0.28963499208781673,0.15782139938154863,180,energy/power_utilities,63,wls_sqrt_mcap,ham
ebit_ev,0.009084367209655414,2.2272866043371913,0.009084367209655414,0.2716201038184924,0.13598768442096712,177,energy/power_utilities,126,ols_rank_normal,tema_arındırılmış
ebit_ev,0.009084367209655414,2.2272866043371917,0.009084367209655414,0.2716201038184924,0.13598768442096712,177,energy/power_utilities,126,ols_rank_normal,ham
ebit_ev,0.699075531289634,2.731126671323112,0.04665224138315972,0.3326918791416386,0.20818784001280632,177,energy/power_utilities,126,ols_winsorized_raw,tema_arındırılmış
ebit_ev,0.6990755312896342,2.731126671323113,0.04665224138315974,0.3326918791416386,0.20818784001280632,177,energy/power_utilities,126,ols_winsorized_raw,ham
ebit_ev,0.008234965048477219,1.9572613997747987,0.008234965048477219,0.278753213071659,0.14460163933685466,177,energy/power_utilities,126,wls_sqrt_mcap,tema_arındırılmış
ebit_ev,0.008234965048477205,1.9572613997747945,0.008234965048477205,0.27875321307165896,0.1446016393368547,177,energy/power_utilities,126,wls_sqrt_mcap,ham
idio_vol_60d,-0.0002546831369521011,-0.2262624325088765,-0.0002546831369521011,0.26549597499151073,0.14011342383295736,182,energy/power_utilities,21,ols_rank_normal,tema_arındırılmış
idio_vol_60d,-0.00025468313695210034,-0.2262624325088758,-0.00025468313695210034,0.2654959749915108,0.14011342383295736,182,energy/power_utilities,21,ols_rank_normal,ham
idio_vol_60d,0.015739443560624188,0.5314632743540293,0.001086072902346151,0.35799860414522144,0.2478313837392277,182,energy/power_utilities,21,ols_winsorized_raw,tema_arındırılmış
idio_vol_60d,0.01573944356062419,0.5314632743540294,0.0010860729023461511,0.35799860414522144,0.24783138373922778,182,energy/power_utilities,21,ols_winsorized_raw,ham
idio_vol_60d,0.00020096568103446948,0.1866835991001085,0.00020096568103446948,0.27255853425907023,0.14842604766026798,182,energy/power_utilities,21,wls_sqrt_mcap,tema_arındırılmış
idio_vol_60d,0.000200965681034472,0.18668359910011087,0.000200965681034472,0.27255853425907023,0.148426047660268,182,energy/power_utilities,21,wls_sqrt_mcap,ham
idio_vol_60d,-0.0026682539343287196,-1.069040679463598,-0.0026682539343287196,0.26949087072254346,0.1445385981436134,180,energy/power_utilities,63,ols_rank_normal,tema_arındırılmış
idio_vol_60d,-0.002668253934328719,-1.069040679463598,-0.002668253934328719,0.26949087072254346,0.1445385981436134,180,energy/power_utilities,63,ols_rank_normal,ham
idio_vol_60d,0.011149130009450283,0.15315610327700305,0.0007598197081810643,0.3628265208629562,0.25343519664871683,180,energy/power_utilities,63,ols_winsorized_raw,tema_arındırılmış
idio_vol_60d,0.011149130009450312,0.15315610327700346,0.0007598197081810662,0.3628265208629562,0.25343519664871683,180,energy/power_utilities,63,ols_winsorized_raw,ham
idio_vol_60d,-0.0012495011623911768,-0.5008616818597093,-0.0012495011623911768,0.28197873086514225,0.15921528284844985,180,energy/power_utilities,63,wls_sqrt_mcap,tema_arındırılmış
idio_vol_60d,-0.0012495011623911735,-0.5008616818597079,-0.0012495011623911735,0.28197873086514214,0.15921528284844985,180,energy/power_utilities,63,wls_sqrt_mcap,ham
idio_vol_60d,-0.0023109026059626022,-0.5543836385966964,-0.0023109026059626022,0.2620652281035594,0.13570416293836177,177,energy/power_utilities,126,ols_rank_normal,tema_arındırılmış
idio_vol_60d,-0.002310902605962602,-0.5543836385966961,-0.002310902605962602,0.2620652281035594,0.13570416293836174,177,energy/power_utilities,126,ols_rank_normal,ham
idio_vol_60d,-0.01913470751119684,-0.16791141717386715,-0.0012732314805820382,0.3464197440390309,0.23410807025625197,177,energy/power_utilities,126,ols_winsorized_raw,tema_arındırılmış
idio_vol_60d,-0.01913470751119686,-0.16791141717386732,-0.0012732314805820398,0.34641974403903086,0.23410807025625202,177,energy/power_utilities,126,ols_winsorized_raw,ham
idio_vol_60d,-0.0011541277076459419,-0.26165341396274955,-0.0011541277076459419,0.2705902511937147,0.14573294573667328,177,energy/power_utilities,126,wls_sqrt_mcap,tema_arındırılmış
idio_vol_60d,-0.0011541277076459312,-0.26165341396274727,-0.0011541277076459312,0.2705902511937147,0.14573294573667325,177,energy/power_utilities,126,wls_sqrt_mcap,ham
max_ret_21d,0.0008901597987269952,0.9012304942544698,0.0008901597987269952,0.2690321559094722,0.14432615063321913,182,energy/power_utilities,21,ols_rank_normal,tema_arındırılmış
max_ret_21d,0.0008901597987269943,0.9012304942544687,0.0008901597987269943,0.2690321559094722,0.14432615063321916,182,energy/power_utilities,21,ols_rank_normal,ham
max_ret_21d,0.049186118707934025,0.3523207480324019,0.0006580955721631315,0.3492066467711028,0.2377391446931752,182,energy/power_utilities,21,ols_winsorized_raw,tema_arındırılmış
max_ret_21d,0.04918611870793395,0.3523207480324013,0.0006580955721631305,0.34920664677110286,0.23773914469317517,182,energy/power_utilities,21,ols_winsorized_raw,ham
max_ret_21d,0.0007993809160157154,0.8798660091239007,0.0007993809160157154,0.27308425433436495,0.1491055333972072,182,energy/power_utilities,21,wls_sqrt_mcap,tema_arındırılmış
max_ret_21d,0.0007993809160157111,0.8798660091238971,0.0007993809160157111,0.27308425433436495,0.14910553339720722,182,energy/power_utilities,21,wls_sqrt_mcap,ham
max_ret_21d,0.00022060333850732933,0.10638650799127486,0.00022060333850732933,0.2716314166212241,0.1470577665495189,180,energy/power_utilities,63,ols_rank_normal,tema_arındırılmış
max_ret_21d,0.0002206033385073275,0.10638650799127397,0.0002206033385073275,0.27163141662122403,0.14705776654951888,180,energy/power_utilities,63,ols_rank_normal,ham
max_ret_21d,0.1930420780792472,0.6922202939970558,0.0025606449446915554,0.36165809078500993,0.25208359722795215,180,energy/power_utilities,63,ols_winsorized_raw,tema_arındırılmış
max_ret_21d,0.1930420780792471,0.6922202939970554,0.0025606449446915537,0.36165809078500993,0.25208359722795215,180,energy/power_utilities,63,ols_winsorized_raw,ham
max_ret_21d,0.00034960019038187594,0.1756012759006892,0.00034960019038187594,0.2742380564931681,0.15013308204013245,180,energy/power_utilities,63,wls_sqrt_mcap,tema_arındırılmış
max_ret_21d,0.00034960019038187437,0.1756012759006884,0.00034960019038187437,0.2742380564931681,0.15013308204013248,180,energy/power_utilities,63,wls_sqrt_mcap,ham
max_ret_21d,0.001005913537355673,0.3296990460285294,0.001005913537355673,0.2681687904732022,0.14279468848112595,177,energy/power_utilities,126,ols_rank_normal,tema_arındırılmış
max_ret_21d,0.001005913537355675,0.32969904602853,0.001005913537355675,0.2681687904732022,0.14279468848112595,177,energy/power_utilities,126,ols_rank_normal,ham
max_ret_21d,0.5076491415377861,1.1964076081407715,0.006571762728223578,0.35837853723871854,0.2481652106867682,177,energy/power_utilities,126,ols_winsorized_raw,tema_arındırılmış
max_ret_21d,0.5076491415377858,1.1964076081407709,0.006571762728223574,0.35837853723871854,0.2481652106867682,177,energy/power_utilities,126,ols_winsorized_raw,ham
max_ret_21d,0.0012026982358996133,0.3936210853753053,0.0012026982358996133,0.26961392568328973,0.14451370032818495,177,energy/power_utilities,126,wls_sqrt_mcap,tema_arındırılmış
max_ret_21d,0.0012026982358996183,0.39362108537530677,0.0012026982358996183,0.26961392568328973,0.14451370032818497,177,energy/power_utilities,126,wls_sqrt_mcap,ham
mom_12_1,0.001377655192537175,1.2925799073638113,0.001377655192537175,0.28529930407709925,0.16333738867436062,182,energy/power_utilities,21,ols_rank_normal,tema_arındırılmış
mom_12_1,0.0013776551925371754,1.2925799073638118,0.0013776551925371754,0.28529930407709925,0.16333738867436065,182,energy/power_utilities,21,ols_rank_normal,ham
mom_12_1,0.015139232961561519,1.5311126469861391,0.0021519495021419697,0.3494187768624016,0.23804551198115942,182,energy/power_utilities,21,ols_winsorized_raw,tema_arındırılmış
mom_12_1,0.015139232961561522,1.5311126469861391,0.00215194950214197,0.3494187768624016,0.2380455119811595,182,energy/power_utilities,21,ols_winsorized_raw,ham
mom_12_1,0.001956817987405038,1.892645548588473,0.001956817987405038,0.28830330370894824,0.1668816924946922,182,energy/power_utilities,21,wls_sqrt_mcap,tema_arındırılmış
mom_12_1,0.0019568179874050323,1.8926455485884672,0.0019568179874050323,0.28830330370894824,0.16688169249469223,182,energy/power_utilities,21,wls_sqrt_mcap,ham
mom_12_1,0.003696975356218651,1.4041946340432903,0.003696975356218651,0.2824979568946937,0.15979312530088263,180,energy/power_utilities,63,ols_rank_normal,tema_arındırılmış
mom_12_1,0.003696975356218649,1.4041946340432896,0.003696975356218649,0.28249795689469376,0.15979312530088263,180,energy/power_utilities,63,ols_rank_normal,ham
mom_12_1,0.03198975989247203,1.259225480111201,0.004546606547799315,0.3594155296582055,0.24963268443296371,180,energy/power_utilities,63,ols_winsorized_raw,tema_arındırılmış
mom_12_1,0.03198975989247204,1.2592254801112017,0.004546606547799316,0.35941552965820545,0.24963268443296371,180,energy/power_utilities,63,ols_winsorized_raw,ham
mom_12_1,0.005380556164768759,1.9440686747967306,0.005380556164768759,0.29270101221630496,0.1718205832347244,180,energy/power_utilities,63,wls_sqrt_mcap,tema_arındırılmış
mom_12_1,0.005380556164768751,1.9440686747967277,0.005380556164768751,0.292701012216305,0.17182058323472443,180,energy/power_utilities,63,wls_sqrt_mcap,ham
mom_12_1,0.0057798562933769285,1.1125445480190177,0.0057798562933769285,0.2723911737807256,0.14778828394234494,177,energy/power_utilities,126,ols_rank_normal,tema_arındırılmış
mom_12_1,0.0057798562933769285,1.1125445480190175,0.0057798562933769285,0.2723911737807256,0.14778828394234497,177,energy/power_utilities,126,ols_rank_normal,ham
mom_12_1,0.04661705672557382,0.9740968842165648,0.006543228116755031,0.3498290767779411,0.23831708429818682,177,energy/power_utilities,126,ols_winsorized_raw,tema_arındırılmış
mom_12_1,0.04661705672557384,0.9740968842165652,0.006543228116755034,0.3498290767779411,0.2383170842981868,177,energy/power_utilities,126,ols_winsorized_raw,ham
mom_12_1,0.008212366177451075,1.4128558519179053,0.008212366177451075,0.2844066179139096,0.1619462981900722,177,energy/power_utilities,126,wls_sqrt_mcap,tema_arındırılmış
mom_12_1,0.008212366177451073,1.4128558519179053,0.008212366177451073,0.2844066179139096,0.1619462981900722,177,energy/power_utilities,126,wls_sqrt_mcap,ham
net_debt_ebitda,-0.00029251828391278344,-0.3349582630459455,-0.00029251828391278344,0.2743866441014387,0.1381790047640027,182,energy/power_utilities,21,ols_rank_normal,tema_arındırılmış
net_debt_ebitda,-0.00029251828391278355,-0.33495826304594567,-0.00029251828391278355,0.27438664410143876,0.13817900476400272,182,energy/power_utilities,21,ols_rank_normal,ham
net_debt_ebitda,-0.00031588101415783686,-0.5317660949573858,-0.0009114867964112097,0.3315221853609435,0.20610055152216886,182,energy/power_utilities,21,ols_winsorized_raw,tema_arındırılmış
net_debt_ebitda,-0.0003158810141578403,-0.5317660949573916,-0.0009114867964112198,0.33152218536094347,0.20610055152216877,182,energy/power_utilities,21,ols_winsorized_raw,ham
net_debt_ebitda,0.0003825855953368079,0.4238639899205979,0.0003825855953368079,0.28737537709191613,0.1536582208740801,182,energy/power_utilities,21,wls_sqrt_mcap,tema_arındırılmış
net_debt_ebitda,0.00038258559533680997,0.4238639899206,0.00038258559533680997,0.28737537709191613,0.1536582208740801,182,energy/power_utilities,21,wls_sqrt_mcap,ham
net_debt_ebitda,-0.0006049418568647586,-0.2622124833241568,-0.0006049418568647586,0.27562263477328897,0.13932118434233282,180,energy/power_utilities,63,ols_rank_normal,tema_arındırılmış
net_debt_ebitda,-0.0006049418568647599,-0.2622124833241574,-0.0006049418568647599,0.27562263477328897,0.13932118434233282,180,energy/power_utilities,63,ols_rank_normal,ham
net_debt_ebitda,-0.0002646211863506303,-0.20814701334813213,-0.0007666210048857271,0.34466496202498803,0.22139284657171104,180,energy/power_utilities,63,ols_winsorized_raw,tema_arındırılmış
net_debt_ebitda,-0.00026462118635063467,-0.20814701334813562,-0.0007666210048857398,0.34466496202498803,0.22139284657171104,180,energy/power_utilities,63,ols_winsorized_raw,ham
net_debt_ebitda,0.0005039708368346255,0.20266518471952055,0.0005039708368346255,0.2925749903310974,0.1594545177149217,180,energy/power_utilities,63,wls_sqrt_mcap,tema_arındırılmış
net_debt_ebitda,0.0005039708368346354,0.20266518471952447,0.0005039708368346354,0.2925749903310974,0.1594545177149217,180,energy/power_utilities,63,wls_sqrt_mcap,ham
net_debt_ebitda,0.0009234112444754353,0.22336309945569224,0.0009234112444754353,0.26181240231505554,0.12247792563055444,177,energy/power_utilities,126,ols_rank_normal,tema_arındırılmış
net_debt_ebitda,0.0009234112444754366,0.2233630994556926,0.0009234112444754366,0.26181240231505554,0.12247792563055442,177,energy/power_utilities,126,ols_rank_normal,ham
net_debt_ebitda,0.0009275515335807324,0.35628397199387773,0.0027038279772218683,0.3235990034798124,0.19606458841100496,177,energy/power_utilities,126,ols_winsorized_raw,tema_arındırılmış
net_debt_ebitda,0.0009275515335807283,0.35628397199387624,0.002703827977221856,0.3235990034798124,0.19606458841100494,177,energy/power_utilities,126,ols_winsorized_raw,ham
net_debt_ebitda,0.0019009925947316424,0.40940405551274367,0.0019009925947316424,0.2756540260370211,0.13905010459990857,177,energy/power_utilities,126,wls_sqrt_mcap,tema_arındırılmış
net_debt_ebitda,0.0019009925947316556,0.40940405551274645,0.0019009925947316556,0.2756540260370211,0.1390501045999086,177,energy/power_utilities,126,wls_sqrt_mcap,ham
ocf_ev,0.0006659260680227075,0.6735299991945145,0.0006659260680227075,0.2585783481622292,0.12738382880794585,182,energy/power_utilities,21,ols_rank_normal,tema_arındırılmış
ocf_ev,0.0006659260680227075,0.6735299991945145,0.0006659260680227075,0.2585783481622292,0.12738382880794585,182,energy/power_utilities,21,ols_rank_normal,ham
ocf_ev,0.010561790204874846,0.2419091979483116,0.00037715851296415677,0.3257755180337191,0.2061315932934507,182,energy/power_utilities,21,ols_winsorized_raw,tema_arındırılmış
ocf_ev,0.010561790204874808,0.24190919794831073,0.0003771585129641554,0.3257755180337192,0.20613159329345074,182,energy/power_utilities,21,ols_winsorized_raw,ham
ocf_ev,-0.0002620166881437432,-0.29750919850222973,-0.0002620166881437432,0.2738419030782331,0.1454413714923467,182,energy/power_utilities,21,wls_sqrt_mcap,tema_arındırılmış
ocf_ev,-0.0002620166881437386,-0.2975091985022244,-0.0002620166881437386,0.27384190307823314,0.14544137149234673,182,energy/power_utilities,21,wls_sqrt_mcap,ham
ocf_ev,0.00047236154929023843,0.21025225482122914,0.00047236154929023843,0.27107405119020095,0.14189955030631082,180,energy/power_utilities,63,ols_rank_normal,tema_arındırılmış
ocf_ev,0.00047236154929023935,0.21025225482122956,0.00047236154929023935,0.27107405119020095,0.14189955030631088,180,energy/power_utilities,63,ols_rank_normal,ham
ocf_ev,-0.012219025661477357,-0.12387856352110506,-0.0004396084511126253,0.3376441477183261,0.2201638268828112,180,energy/power_utilities,63,ols_winsorized_raw,tema_arındırılmış
ocf_ev,-0.012219025661477367,-0.1238785635211052,-0.0004396084511126257,0.3376441477183261,0.22016382688281128,180,energy/power_utilities,63,ols_winsorized_raw,ham
ocf_ev,-0.000970697548862981,-0.4370601538062474,-0.000970697548862981,0.2819177944517048,0.15461134719922923,180,energy/power_utilities,63,wls_sqrt_mcap,tema_arındırılmış
ocf_ev,-0.0009706975488629764,-0.43706015380624536,-0.0009706975488629764,0.28191779445170484,0.15461134719922925,180,energy/power_utilities,63,wls_sqrt_mcap,ham
ocf_ev,-0.0006897493366678048,-0.17586545860559716,-0.0006897493366678048,0.2567758896498871,0.1245513046368488,177,energy/power_utilities,126,ols_rank_normal,tema_arındırılmış
ocf_ev,-0.0006897493366678054,-0.17586545860559732,-0.0006897493366678054,0.2567758896498872,0.12455130463684883,177,energy/power_utilities,126,ols_rank_normal,ham
ocf_ev,-0.07447932112410945,-0.3898610026893306,-0.002710375956352465,0.3175229503851425,0.19592278784432093,177,energy/power_utilities,126,ols_winsorized_raw,tema_arındırılmış
ocf_ev,-0.0744793211241094,-0.38986100268933044,-0.0027103759563524635,0.3175229503851425,0.19592278784432093,177,energy/power_utilities,126,ols_winsorized_raw,ham
ocf_ev,-0.003392864485907232,-0.8735854124392227,-0.003392864485907232,0.25405104345663976,0.12132346155499431,177,energy/power_utilities,126,wls_sqrt_mcap,tema_arındırılmış
ocf_ev,-0.003392864485907231,-0.8735854124392223,-0.003392864485907231,0.2540510434566398,0.12132346155499431,177,energy/power_utilities,126,wls_sqrt_mcap,ham
share_issuance,0.0005816079619259682,0.7650124349991314,0.0005816079619259682,0.2529726961404969,0.1237110221087878,182,energy/power_utilities,21,ols_rank_normal,tema_arındırılmış
share_issuance,0.0005816079619259677,0.7650124349991311,0.0005816079619259677,0.2529726961404969,0.12371102210878786,182,energy/power_utilities,21,ols_rank_normal,ham
share_issuance,0.022990548135285838,0.7143813447430999,0.002338429538426751,0.30894163844532646,0.18907575340039143,182,energy/power_utilities,21,ols_winsorized_raw,tema_arındırılmış
share_issuance,0.022990548135285827,0.7143813447430996,0.0023384295384267497,0.3089416384453264,0.18907575340039146,182,energy/power_utilities,21,ols_winsorized_raw,ham
share_issuance,0.00018737349749276127,0.2602964875259616,0.00018737349749276127,0.25676723030196885,0.12815976208911048,182,energy/power_utilities,21,wls_sqrt_mcap,tema_arındırılmış
share_issuance,0.00018737349749275913,0.2602964875259586,0.00018737349749275913,0.25676723030196885,0.12815976208911048,182,energy/power_utilities,21,wls_sqrt_mcap,ham
share_issuance,0.0017177914986937516,0.91914597143358,0.0017177914986937516,0.25224534479132227,0.12272669262388733,180,energy/power_utilities,63,ols_rank_normal,tema_arındırılmış
share_issuance,0.0017177914986937512,0.9191459714335799,0.0017177914986937512,0.2522453447913222,0.12272669262388733,180,energy/power_utilities,63,ols_rank_normal,ham
share_issuance,0.04083394625596475,0.5155264674866846,0.0041861269101883865,0.32857573476463026,0.21210184995328746,180,energy/power_utilities,63,ols_winsorized_raw,tema_arındırılmış
share_issuance,0.040833946255964725,0.5155264674866844,0.004186126910188384,0.3285757347646302,0.2121018499532874,180,energy/power_utilities,63,ols_winsorized_raw,ham
share_issuance,0.001113172757804005,0.6228666700307608,0.001113172757804005,0.24834929660494046,0.1181641683033995,180,energy/power_utilities,63,wls_sqrt_mcap,tema_arındırılmış
share_issuance,0.001113172757804004,0.6228666700307603,0.001113172757804004,0.24834929660494046,0.11816416830339949,180,energy/power_utilities,63,wls_sqrt_mcap,ham
share_issuance,0.0023674467783305637,0.6160075761587264,0.0023674467783305637,0.25168084053745554,0.12178335057967929,177,energy/power_utilities,126,ols_rank_normal,tema_arındırılmış
share_issuance,0.0023674467783305615,0.6160075761587258,0.0023674467783305615,0.2516808405374556,0.12178335057967926,177,energy/power_utilities,126,ols_rank_normal,ham
share_issuance,0.01835877957205676,0.1399276390406052,0.0019045520701044848,0.3197451466570603,0.20146981917619097,177,energy/power_utilities,126,ols_winsorized_raw,tema_arındırılmış
share_issuance,0.018358779572056737,0.13992763904060504,0.0019045520701044827,0.3197451466570603,0.201469819176191,177,energy/power_utilities,126,ols_winsorized_raw,ham
share_issuance,0.002308945153774616,0.6642593228304362,0.002308945153774616,0.24001819831397636,0.10821079439714879,177,energy/power_utilities,126,wls_sqrt_mcap,tema_arındırılmış
share_issuance,0.0023089451537746134,0.6642593228304358,0.0023089451537746134,0.24001819831397636,0.10821079439714881,177,energy/power_utilities,126,wls_sqrt_mcap,ham
sue_announce,0.0006012240079381927,0.4046165121795263,0.0006012240079381927,0.29883383617567055,0.12293558822857577,81,energy/power_utilities,21,ols_rank_normal,tema_arındırılmış
sue_announce,0.0006012240079381932,0.4046165121795266,0.0006012240079381932,0.2988338361756706,0.12293558822857581,81,energy/power_utilities,21,ols_rank_normal,ham
sue_announce,-0.00037380394891219846,-0.24403993575400038,-0.00036321063311046617,0.35759411827991655,0.19557444751719308,81,energy/power_utilities,21,ols_winsorized_raw,tema_arındırılmış
sue_announce,-0.0003738039489121954,-0.24403993575399835,-0.0003632106331104632,0.35759411827991655,0.1955744475171931,81,energy/power_utilities,21,ols_winsorized_raw,ham
sue_announce,0.00029060544543272373,0.24962598977028264,0.00029060544543272373,0.28006732762672876,0.09990505258207347,81,energy/power_utilities,21,wls_sqrt_mcap,tema_arındırılmış
sue_announce,0.00029060544543272417,0.2496259897702831,0.00029060544543272417,0.28006732762672876,0.09990505258207343,81,energy/power_utilities,21,wls_sqrt_mcap,ham
sue_announce,0.002564778337912536,0.6857743090735798,0.002564778337912536,0.28921150015255004,0.10998667943977698,79,energy/power_utilities,63,ols_rank_normal,tema_arındırılmış
sue_announce,0.002564778337912534,0.6857743090735795,0.002564778337912534,0.28921150015255004,0.10998667943977701,79,energy/power_utilities,63,ols_rank_normal,ham
sue_announce,-0.0015442593412111983,-0.398517117979233,-0.0014959727453520844,0.339217311750234,0.17193637754095756,79,energy/power_utilities,63,ols_winsorized_raw,tema_arındırılmış
sue_announce,-0.0015442593412111928,-0.39851711797923145,-0.0014959727453520792,0.339217311750234,0.17193637754095756,79,energy/power_utilities,63,ols_winsorized_raw,ham
sue_announce,0.002122977477489983,0.7583911267202615,0.002122977477489983,0.27079712634002046,0.08715673189239423,79,energy/power_utilities,63,wls_sqrt_mcap,tema_arındırılmış
sue_announce,0.002122977477489984,0.7583911267202621,0.002122977477489984,0.27079712634002046,0.08715673189239424,79,energy/power_utilities,63,wls_sqrt_mcap,ham
sue_announce,0.004071870154644336,0.651548298079449,0.004071870154644336,0.2628082565808761,0.07552067029306865,76,energy/power_utilities,126,ols_rank_normal,tema_arındırılmış
sue_announce,0.004071870154644337,0.6515482980794493,0.004071870154644337,0.26280825658087603,0.07552067029306864,76,energy/power_utilities,126,ols_rank_normal,ham
sue_announce,0.001808880888549503,0.32160453977089826,0.0017628977882113027,0.30026683736257426,0.12158212693294923,76,energy/power_utilities,126,ols_winsorized_raw,tema_arındırılmış
sue_announce,0.0018088808885495054,0.3216045397708987,0.001762897788211305,0.30026683736257437,0.12158212693294933,76,energy/power_utilities,126,ols_winsorized_raw,ham
sue_announce,0.004115549348432772,0.9148325814201397,0.004115549348432772,0.25226757241267805,0.06226790219737003,76,energy/power_utilities,126,wls_sqrt_mcap,tema_arındırılmış
sue_announce,0.004115549348432779,0.9148325814201408,0.004115549348432779,0.25226757241267805,0.06226790219736998,76,energy/power_utilities,126,wls_sqrt_mcap,ham
asset_growth,-0.0012341733299006457,-0.4974757487333687,-0.0012341733299006457,0.296231826825463,0.19607129311367713,150,energy/renewables,21,ols_rank_normal,tema_arındırılmış
asset_growth,-0.001234173329900644,-0.49747574873336786,-0.001234173329900644,0.29623182682546306,0.19607129311367716,150,energy/renewables,21,ols_rank_normal,ham
asset_growth,-0.005820761076779057,-0.3537476207376622,-0.0014321109368396663,0.3509315522058156,0.25903455109164214,150,energy/renewables,21,ols_winsorized_raw,tema_arındırılmış
asset_growth,-0.00582076107677905,-0.3537476207376617,-0.0014321109368396648,0.3509315522058157,0.2590345510916421,150,energy/renewables,21,ols_winsorized_raw,ham
asset_growth,-0.0002420741235729577,-0.11380460263322038,-0.0002420741235729577,0.28398622711056154,0.18207218229708957,150,energy/renewables,21,wls_sqrt_mcap,tema_arındırılmış
asset_growth,-0.00024207412357295902,-0.11380460263322101,-0.00024207412357295902,0.28398622711056154,0.18207218229708957,150,energy/renewables,21,wls_sqrt_mcap,ham
asset_growth,-0.004334286431871461,-0.6235194008461451,-0.004334286431871461,0.2941028410429059,0.19355764589949773,148,energy/renewables,63,ols_rank_normal,tema_arındırılmış
asset_growth,-0.004334286431871458,-0.6235194008461448,-0.004334286431871458,0.2941028410429059,0.19355764589949775,148,energy/renewables,63,ols_rank_normal,ham
asset_growth,-0.04042649035276839,-1.0748055615180148,-0.009918914387122172,0.33851094668371023,0.24428741453832167,148,energy/renewables,63,ols_winsorized_raw,tema_arındırılmış
asset_growth,-0.04042649035276838,-1.0748055615180143,-0.009918914387122169,0.33851094668371023,0.24428741453832167,148,energy/renewables,63,ols_winsorized_raw,ham
asset_growth,-0.002153439374317847,-0.33716886269121277,-0.002153439374317847,0.27341329007739434,0.16974061985424466,148,energy/renewables,63,wls_sqrt_mcap,tema_arındırılmış
asset_growth,-0.002153439374317836,-0.3371688626912112,-0.002153439374317836,0.27341329007739434,0.16974061985424466,148,energy/renewables,63,wls_sqrt_mcap,ham
asset_growth,-0.014750591851618549,-0.8417191405302847,-0.014750591851618549,0.28970480159003464,0.18767644287523166,145,energy/renewables,126,ols_rank_normal,tema_arındırılmış
asset_growth,-0.014750591851618543,-0.8417191405302841,-0.014750591851618543,0.28970480159003464,0.18767644287523166,145,energy/renewables,126,ols_rank_normal,ham
asset_growth,-0.14113866725365062,-1.6021846575208252,-0.03489128032031872,0.33250833555293635,0.23678640028672138,145,energy/renewables,126,ols_winsorized_raw,tema_arındırılmış
asset_growth,-0.14113866725365057,-1.6021846575208245,-0.034891280320318706,0.3325083355529364,0.2367864002867214,145,energy/renewables,126,ols_winsorized_raw,ham
asset_growth,-0.007132566809263765,-0.4682548367499136,-0.007132566809263765,0.26534007263719467,0.15912778664156862,145,energy/renewables,126,wls_sqrt_mcap,tema_arındırılmış
asset_growth,-0.007132566809263755,-0.468254836749913,-0.007132566809263755,0.2653400726371947,0.15912778664156862,145,energy/renewables,126,wls_sqrt_mcap,ham
capex_at,0.0007560890145700121,0.37256861635416877,0.0007560890145700121,0.26976221892059243,0.16243284703155791,142,energy/renewables,21,ols_rank_normal,tema_arındırılmış
capex_at,0.0007560890145700114,0.37256861635416844,0.0007560890145700114,0.2697622189205924,0.16243284703155791,142,energy/renewables,21,ols_rank_normal,ham
capex_at,0.035684779781288735,0.591409781687058,0.0012227665320365783,0.2999414907946484,0.19712133300312454,142,energy/renewables,21,ols_winsorized_raw,tema_arındırılmış
capex_at,0.035684779781288714,0.5914097816870578,0.0012227665320365777,0.2999414907946484,0.19712133300312448,142,energy/renewables,21,ols_winsorized_raw,ham
capex_at,0.001100908447105448,0.6385546781813305,0.001100908447105448,0.274570120046224,0.1683497079410379,142,energy/renewables,21,wls_sqrt_mcap,tema_arındırılmış
capex_at,0.001100908447105446,0.6385546781813293,0.001100908447105446,0.274570120046224,0.1683497079410379,142,energy/renewables,21,wls_sqrt_mcap,ham
capex_at,0.00844921090233371,1.5561995018680317,0.00844921090233371,0.265904747277898,0.1581134965730836,140,energy/renewables,63,ols_rank_normal,tema_arındırılmış
capex_at,0.00844921090233371,1.5561995018680315,0.00844921090233371,0.265904747277898,0.1581134965730836,140,energy/renewables,63,ols_rank_normal,ham
capex_at,0.24213766083924113,1.598266190398152,0.008284608405320392,0.2915558264079145,0.1879232936419173,140,energy/renewables,63,ols_winsorized_raw,tema_arındırılmış
capex_at,0.24213766083924101,1.5982661903981512,0.008284608405320387,0.2915558264079145,0.18792329364191737,140,energy/renewables,63,ols_winsorized_raw,ham
capex_at,0.006541665180296544,1.563135320597483,0.006541665180296544,0.2552075625023314,0.14542405567954256,140,energy/renewables,63,wls_sqrt_mcap,tema_arındırılmış
capex_at,0.006541665180296542,1.563135320597482,0.006541665180296542,0.25520756250233145,0.14542405567954256,140,energy/renewables,63,wls_sqrt_mcap,ham
capex_at,0.021793984999084363,1.8338679156058828,0.021793984999084363,0.2525791812594709,0.14196505146140348,137,energy/renewables,126,ols_rank_normal,tema_arındırılmış
capex_at,0.021793984999084363,1.8338679156058835,0.021793984999084363,0.2525791812594709,0.1419650514614035,137,energy/renewables,126,ols_rank_normal,ham
capex_at,0.67631269310058,1.9176859342558616,0.02310380419670015,0.2839536368963833,0.17804360665149938,137,energy/renewables,126,ols_winsorized_raw,tema_arındırılmış
capex_at,0.67631269310058,1.9176859342558616,0.02310380419670015,0.28395363689638325,0.17804360665149932,137,energy/renewables,126,ols_winsorized_raw,ham
capex_at,0.015443094780248266,1.8201640648316164,0.015443094780248266,0.24723375820479707,0.13584871886002667,137,energy/renewables,126,wls_sqrt_mcap,tema_arındırılmış
capex_at,0.01544309478024827,1.8201640648316169,0.01544309478024827,0.247233758204797,0.13584871886002667,137,energy/renewables,126,wls_sqrt_mcap,ham
cop_at,0.0018900891648401762,1.037771178349131,0.0018900891648401762,0.2799660832120595,0.16782088000701403,147,energy/renewables,21,ols_rank_normal,tema_arındırılmış
cop_at,0.0018900891648401812,1.037771178349134,0.0018900891648401812,0.2799660832120595,0.16782088000701403,147,energy/renewables,21,ols_rank_normal,ham
cop_at,0.08747360096530167,1.4230428929494443,0.0032744311756482316,0.3344931784888981,0.23122848105063099,147,energy/renewables,21,ols_winsorized_raw,tema_arındırılmış
cop_at,0.0874736009653017,1.4230428929494447,0.0032744311756482325,0.3344931784888981,0.23122848105063096,147,energy/renewables,21,ols_winsorized_raw,ham
cop_at,0.0020621057937825595,1.1405179420649039,0.0020621057937825595,0.281491820697265,0.16955738359262398,147,energy/renewables,21,wls_sqrt_mcap,tema_arındırılmış
cop_at,0.0020621057937825565,1.1405179420649023,0.0020621057937825565,0.281491820697265,0.16955738359262396,147,energy/renewables,21,wls_sqrt_mcap,ham
cop_at,0.004659566388329241,1.0193331670709145,0.004659566388329241,0.27047369526063314,0.1570835740232416,145,energy/renewables,63,ols_rank_normal,tema_arındırılmış
cop_at,0.004659566388329243,1.0193331670709147,0.004659566388329243,0.2704736952606332,0.1570835740232416,145,energy/renewables,63,ols_rank_normal,ham
cop_at,0.22496987618023634,1.4292111436359904,0.008436089113719904,0.33320731300614215,0.22968379235809552,145,energy/renewables,63,ols_winsorized_raw,tema_arındırılmış
cop_at,0.2249698761802364,1.429211143635991,0.008436089113719906,0.33320731300614215,0.22968379235809552,145,energy/renewables,63,ols_winsorized_raw,ham
cop_at,0.006542156234564013,1.416037132028086,0.006542156234564013,0.26946623415030996,0.1557833399407384,145,energy/renewables,63,wls_sqrt_mcap,tema_arındırılmış
cop_at,0.006542156234564007,1.4160371320280851,0.006542156234564007,0.26946623415030996,0.15578333994073842,145,energy/renewables,63,wls_sqrt_mcap,ham
cop_at,0.014652730757349314,1.4579955641237792,0.014652730757349314,0.26110948642171966,0.1453979557435357,142,energy/renewables,126,ols_rank_normal,tema_arındırılmış
cop_at,0.014652730757349321,1.45799556412378,0.014652730757349321,0.26110948642171966,0.1453979557435357,142,energy/renewables,126,ols_rank_normal,ham
cop_at,0.661277962091634,1.6237364009822044,0.024863585167262947,0.33238943877542915,0.2284248440536316,142,energy/renewables,126,ols_winsorized_raw,tema_arındırılmış
cop_at,0.6612779620916343,1.623736400982205,0.024863585167262954,0.33238943877542915,0.2284248440536316,142,energy/renewables,126,ols_winsorized_raw,ham
cop_at,0.016764016251886196,1.8416571977527911,0.016764016251886196,0.2537241930095847,0.13662945282837777,142,energy/renewables,126,wls_sqrt_mcap,tema_arındırılmış
cop_at,0.016764016251886196,1.8416571977527911,0.016764016251886196,0.25372419300958476,0.13662945282837774,142,energy/renewables,126,wls_sqrt_mcap,ham
dist_52w_high,-0.00044145635887054614,-0.1533316811372976,-0.00044145635887054614,0.2922178445338215,0.192075092054317,150,energy/renewables,21,ols_rank_normal,tema_arındırılmış
dist_52w_high,-0.0004414563588705472,-0.15333168113729795,-0.0004414563588705472,0.29221784453382144,0.19207509205431697,150,energy/renewables,21,ols_rank_normal,ham
dist_52w_high,-0.01858711132632771,-0.6439738370480002,-0.0027038204142637414,0.35103988750753345,0.25984944196570914,150,energy/renewables,21,ols_winsorized_raw,tema_arındırılmış
dist_52w_high,-0.018587111326327708,-0.6439738370479999,-0.002703820414263741,0.3510398875075335,0.25984944196570914,150,energy/renewables,21,ols_winsorized_raw,ham
dist_52w_high,-0.00048334685710596216,-0.20375880688538586,-0.00048334685710596216,0.2856159122611677,0.18468051984616243,150,energy/renewables,21,wls_sqrt_mcap,tema_arındırılmış
dist_52w_high,-0.0004833468571059624,-0.20375880688538597,-0.0004833468571059624,0.2856159122611677,0.1846805198461624,150,energy/renewables,21,wls_sqrt_mcap,ham
dist_52w_high,-0.0004691669387618005,-0.0718833115672289,-0.0004691669387618005,0.29544523919747456,0.19658151047163597,148,energy/renewables,63,ols_rank_normal,tema_arındırılmış
dist_52w_high,-0.0004691669387618016,-0.07188331156722906,-0.0004691669387618016,0.29544523919747456,0.19658151047163597,148,energy/renewables,63,ols_rank_normal,ham
dist_52w_high,-0.054884930154414445,-0.7322625273560989,-0.007937393732097212,0.3512682159558072,0.2612631154296423,148,energy/renewables,63,ols_winsorized_raw,tema_arındırılmış
dist_52w_high,-0.05488493015441446,-0.732262527356099,-0.007937393732097214,0.35126821595580715,0.26126311542964226,148,energy/renewables,63,ols_winsorized_raw,ham
dist_52w_high,0.0013950666162986132,0.24036118966019235,0.0013950666162986132,0.2699151585920396,0.16681146806032737,148,energy/renewables,63,wls_sqrt_mcap,tema_arındırılmış
dist_52w_high,0.0013950666162986154,0.24036118966019274,0.0013950666162986154,0.2699151585920396,0.16681146806032734,148,energy/renewables,63,wls_sqrt_mcap,ham
dist_52w_high,-0.007228062902782136,-0.49229197596411434,-0.007228062902782136,0.2641940017459412,0.15853143005515602,145,energy/renewables,126,ols_rank_normal,tema_arındırılmış
dist_52w_high,-0.007228062902782136,-0.4922919759641144,-0.007228062902782136,0.26419400174594126,0.15853143005515602,145,energy/renewables,126,ols_rank_normal,ham
dist_52w_high,-0.1548806449546581,-1.0831876729061318,-0.0224149940948007,0.3328546398630013,0.23876734760413343,145,energy/renewables,126,ols_winsorized_raw,tema_arındırılmış
dist_52w_high,-0.1548806449546581,-1.0831876729061314,-0.0224149940948007,0.33285463986300123,0.23876734760413343,145,energy/renewables,126,ols_winsorized_raw,ham
dist_52w_high,0.001316349670433184,0.10777126230705261,0.001316349670433184,0.24080239469311096,0.1310251094133977,145,energy/renewables,126,wls_sqrt_mcap,tema_arındırılmış
dist_52w_high,0.0013163496704331865,0.10777126230705282,0.0013163496704331865,0.24080239469311096,0.13102510941339773,145,energy/renewables,126,wls_sqrt_mcap,ham
ear_3d,0.0030370943493625733,1.2259864886017355,0.0030370943493625733,0.3182007975564889,0.21472932531322023,142,energy/renewables,21,ols_rank_normal,tema_arındırılmış
ear_3d,0.0030370943493625716,1.2259864886017349,0.0030370943493625716,0.3182007975564889,0.21472932531322023,142,energy/renewables,21,ols_rank_normal,ham
ear_3d,0.07011412209217951,1.937907003565028,0.00555029672613959,0.37253384785434035,0.27786858028796796,142,energy/renewables,21,ols_winsorized_raw,tema_arındırılmış
ear_3d,0.0701141220921795,1.9379070035650277,0.005550296726139589,0.37253384785434035,0.277868580287968,142,energy/renewables,21,ols_winsorized_raw,ham
ear_3d,0.0004759831642386456,0.2171134736728367,0.0004759831642386456,0.2993981449169348,0.1936907172735895,142,energy/renewables,21,wls_sqrt_mcap,tema_arındırılmış
ear_3d,0.0004759831642386382,0.2171134736728333,0.0004759831642386382,0.2993981449169348,0.1936907172735895,142,energy/renewables,21,wls_sqrt_mcap,ham
ear_3d,0.015113840753984815,3.2182074216268823,0.015113840753984815,0.3078081276441321,0.20347523696079817,140,energy/renewables,63,ols_rank_normal,tema_arındırılmış
ear_3d,0.015113840753984815,3.2182074216268823,0.015113840753984815,0.3078081276441322,0.20347523696079817,140,energy/renewables,63,ols_rank_normal,ham
ear_3d,0.2501841784530488,2.681402401873217,0.019529327295804682,0.3493254519222589,0.25161426850128105,140,energy/renewables,63,ols_winsorized_raw,tema_arındırılmış
ear_3d,0.2501841784530488,2.6814024018732177,0.019529327295804682,0.34932545192225894,0.25161426850128105,140,energy/renewables,63,ols_winsorized_raw,ham
ear_3d,0.007673850165445867,2.2462038497354198,0.007673850165445867,0.2689249413365818,0.15870720724402673,140,energy/renewables,63,wls_sqrt_mcap,tema_arındırılmış
ear_3d,0.007673850165445861,2.2462038497354166,0.007673850165445861,0.2689249413365818,0.15870720724402676,140,energy/renewables,63,wls_sqrt_mcap,ham
ear_3d,0.023552490383031914,2.9038808266238436,0.023552490383031914,0.28455066318150607,0.17646067427538567,137,energy/renewables,126,ols_rank_normal,tema_arındırılmış
ear_3d,0.023552490383031918,2.9038808266238445,0.023552490383031918,0.284550663181506,0.17646067427538567,137,energy/renewables,126,ols_rank_normal,ham
ear_3d,0.4978615384513193,2.376962257579949,0.03791350119292256,0.33854311104354495,0.23943966359710153,137,energy/renewables,126,ols_winsorized_raw,tema_arındırılmış
ear_3d,0.4978615384513193,2.3769622575799496,0.03791350119292256,0.338543111043545,0.23943966359710153,137,energy/renewables,126,ols_winsorized_raw,ham
ear_3d,0.01819384122726875,3.0573169159968896,0.01819384122726875,0.2553474927583301,0.14279652820997304,137,energy/renewables,126,wls_sqrt_mcap,tema_arındırılmış
ear_3d,0.018193841227268744,3.0573169159968874,0.018193841227268744,0.25534749275833013,0.14279652820997307,137,energy/renewables,126,wls_sqrt_mcap,ham
ebit_ev,-0.0006401728968381692,-0.32388917801243994,-0.0006401728968381692,0.2934976793349175,0.1784872329670434,143,energy/renewables,21,ols_rank_normal,tema_arındırılmış
ebit_ev,-0.0006401728968381693,-0.32388917801244,-0.0006401728968381693,0.29349767933491744,0.1784872329670434,143,energy/renewables,21,ols_rank_normal,ham
ebit_ev,-0.012915593743872772,-0.13150179376399226,-0.0005158837003871248,0.3456130879246771,0.23992780652223747,143,energy/renewables,21,ols_winsorized_raw,tema_arındırılmış
ebit_ev,-0.012915593743872673,-0.13150179376399124,-0.0005158837003871209,0.3456130879246771,0.2399278065222374,143,energy/renewables,21,ols_winsorized_raw,ham
ebit_ev,0.0009030033444981024,0.4820124820796836,0.0009030033444981024,0.2914748299634577,0.17572330540953873,143,energy/renewables,21,wls_sqrt_mcap,tema_arındırılmış
ebit_ev,0.0009030033444981031,0.482012482079684,0.0009030033444981031,0.29147482996345775,0.17572330540953876,143,energy/renewables,21,wls_sqrt_mcap,ham
ebit_ev,-0.0018505279553671138,-0.337354404811081,-0.0018505279553671138,0.2915541007361978,0.1769587226136444,141,energy/renewables,63,ols_rank_normal,tema_arındırılmış
ebit_ev,-0.0018505279553671138,-0.337354404811081,-0.0018505279553671138,0.29155410073619786,0.1769587226136444,141,energy/renewables,63,ols_rank_normal,ham
ebit_ev,-0.1358175083129059,-0.5258852846635126,-0.005400996630239672,0.3507585942340821,0.24706246462480408,141,energy/renewables,63,ols_winsorized_raw,tema_arındırılmış
ebit_ev,-0.13581750831290587,-0.5258852846635125,-0.00540099663023967,0.3507585942340821,0.24706246462480402,141,energy/renewables,63,ols_winsorized_raw,ham
ebit_ev,0.001782327628415842,0.34992578346011105,0.001782327628415842,0.2756716399380064,0.15814915103091773,141,energy/renewables,63,wls_sqrt_mcap,tema_arındırılmış
ebit_ev,0.001782327628415843,0.3499257834601113,0.001782327628415843,0.2756716399380064,0.15814915103091773,141,energy/renewables,63,wls_sqrt_mcap,ham
ebit_ev,0.003782155348999193,0.3074838789164368,0.003782155348999193,0.27408109783493245,0.15616520582133434,138,energy/renewables,126,ols_rank_normal,tema_arındırılmış
ebit_ev,0.003782155348999192,0.30748387891643675,0.003782155348999192,0.27408109783493245,0.15616520582133434,138,energy/renewables,126,ols_rank_normal,ham
ebit_ev,-0.08861969787503403,-0.15929684638265806,-0.0035192964668844884,0.3372651936399254,0.23053453360970808,138,energy/renewables,126,ols_winsorized_raw,tema_arındırılmış
ebit_ev,-0.08861969787503408,-0.15929684638265815,-0.0035192964668844906,0.33726519363992546,0.23053453360970808,138,energy/renewables,126,ols_winsorized_raw,ham
ebit_ev,0.007589555817717208,0.7199551947569505,0.007589555817717208,0.2609842033500191,0.14054721595832612,138,energy/renewables,126,wls_sqrt_mcap,tema_arındırılmış
ebit_ev,0.007589555817717213,0.7199551947569508,0.007589555817717213,0.2609842033500191,0.1405472159583261,138,energy/renewables,126,wls_sqrt_mcap,ham
gross_profitability,0.0017818340586809797,0.22120047404465096,0.0017818340586809797,0.37191788828040684,0.20596195412630167,24,energy/renewables,21,ols_rank_normal,tema_arındırılmış
gross_profitability,0.001781834058680979,0.22120047404465087,0.001781834058680979,0.37191788828040684,0.20596195412630172,24,energy/renewables,21,ols_rank_normal,ham
gross_profitability,0.031275574537440405,0.38242239996070976,0.004430804994628475,0.4111288237473105,0.2563144033125016,24,energy/renewables,21,ols_winsorized_raw,tema_arındırılmış
gross_profitability,0.031275574537440426,0.3824223999607101,0.004430804994628478,0.41112882374731047,0.2563144033125015,24,energy/renewables,21,ols_winsorized_raw,ham
gross_profitability,0.007052873098288028,0.9923339618074378,0.007052873098288028,0.3659791857195762,0.19868492929750203,24,energy/renewables,21,wls_sqrt_mcap,tema_arındırılmış
gross_profitability,0.007052873098288034,0.9923339618074388,0.007052873098288034,0.36597918571957616,0.19868492929750203,24,energy/renewables,21,wls_sqrt_mcap,ham
gross_profitability,0.00794512270207432,0.760937855903478,0.00794512270207432,0.32961108925446164,0.1530952269271063,24,energy/renewables,63,ols_rank_normal,tema_arındırılmış
gross_profitability,0.007945122702074332,0.7609378559034792,0.007945122702074332,0.32961108925446164,0.15309522692710634,24,energy/renewables,63,ols_rank_normal,ham
gross_profitability,0.09255152302444665,0.806793574576095,0.01311175754697267,0.3629871373585308,0.19586355009926307,24,energy/renewables,63,ols_winsorized_raw,tema_arındırılmış
gross_profitability,0.09255152302444665,0.8067935745760949,0.01311175754697267,0.362987137358531,0.1958635500992633,24,energy/renewables,63,ols_winsorized_raw,ham
gross_profitability,0.014232194361626474,1.7181479574413108,0.014232194361626474,0.3082612811069325,0.1259576658972994,24,energy/renewables,63,wls_sqrt_mcap,tema_arındırılmış
gross_profitability,0.014232194361626477,1.7181479574413112,0.014232194361626477,0.30826128110693257,0.1259576658972994,24,energy/renewables,63,wls_sqrt_mcap,ham
gross_profitability,0.02858431488201407,1.4844429621589024,0.02858431488201407,0.34208901229744354,0.16813517145809728,23,energy/renewables,126,ols_rank_normal,tema_arındırılmış
gross_profitability,0.02858431488201407,1.484442962158902,0.02858431488201407,0.34208901229744354,0.16813517145809728,23,energy/renewables,126,ols_rank_normal,ham
gross_profitability,0.28991950922317594,1.1257709901458024,0.04116990944167857,0.4075974532339186,0.2513071076574011,23,energy/renewables,126,ols_winsorized_raw,tema_arındırılmış
gross_profitability,0.2899195092231759,1.1257709901458024,0.041169909441678566,0.40759745323391877,0.2513071076574013,23,energy/renewables,126,ols_winsorized_raw,ham
gross_profitability,0.029432504805137667,2.362118106385411,0.029432504805137667,0.34431925799538304,0.17066442178298633,23,energy/renewables,126,wls_sqrt_mcap,tema_arındırılmış
gross_profitability,0.02943250480513767,2.3621181063854113,0.02943250480513767,0.34431925799538304,0.17066442178298633,23,energy/renewables,126,wls_sqrt_mcap,ham
idio_vol_60d,-0.0029961360793592925,-0.7757196537146708,-0.0029961360793592925,0.29438602766598226,0.19438661284236217,150,energy/renewables,21,ols_rank_normal,tema_arındırılmış
idio_vol_60d,-0.002996136079359295,-0.7757196537146716,-0.002996136079359295,0.2943860276659822,0.1943866128423622,150,energy/renewables,21,ols_rank_normal,ham
idio_vol_60d,-0.01803246262517021,-0.5518659408666386,-0.0035840748673084165,0.3789294554610267,0.29191284650616267,150,energy/renewables,21,ols_winsorized_raw,tema_arındırılmış
idio_vol_60d,-0.01803246262517021,-0.5518659408666386,-0.0035840748673084165,0.3789294554610267,0.2919128465061628,150,energy/renewables,21,ols_winsorized_raw,ham
idio_vol_60d,-0.0016171109313271102,-0.5223143788237228,-0.0016171109313271102,0.2744429498988255,0.17146896412700158,150,energy/renewables,21,wls_sqrt_mcap,tema_arındırılmış
idio_vol_60d,-0.0016171109313271057,-0.5223143788237213,-0.0016171109313271057,0.27444294989882556,0.17146896412700158,150,energy/renewables,21,wls_sqrt_mcap,ham
idio_vol_60d,-0.009775595191135092,-0.9231368875978788,-0.009775595191135092,0.2976718048678347,0.19791590862519332,148,energy/renewables,63,ols_rank_normal,tema_arındırılmış
idio_vol_60d,-0.009775595191135097,-0.9231368875978795,-0.009775595191135097,0.2976718048678347,0.19791590862519332,148,energy/renewables,63,ols_rank_normal,ham
idio_vol_60d,-0.0713203651518686,-0.7427853477903047,-0.0140546170506101,0.38835187685970823,0.3023703136890002,148,energy/renewables,63,ols_winsorized_raw,tema_arındırılmış
idio_vol_60d,-0.0713203651518686,-0.7427853477903048,-0.0140546170506101,0.38835187685970834,0.3023703136890002,148,energy/renewables,63,ols_winsorized_raw,ham
idio_vol_60d,-0.005882121677977463,-0.7653599443689527,-0.005882121677977463,0.2553034950934766,0.14886038726637638,148,energy/renewables,63,wls_sqrt_mcap,tema_arındırılmış
idio_vol_60d,-0.005882121677977457,-0.7653599443689519,-0.005882121677977457,0.2553034950934766,0.14886038726637638,148,energy/renewables,63,wls_sqrt_mcap,ham
idio_vol_60d,-0.028737481271847495,-1.4580601270952904,-0.028737481271847495,0.274055874692127,0.16998855691925946,145,energy/renewables,126,ols_rank_normal,tema_arındırılmış
idio_vol_60d,-0.028737481271847488,-1.45806012709529,-0.028737481271847488,0.274055874692127,0.16998855691925946,145,energy/renewables,126,ols_rank_normal,ham
idio_vol_60d,-0.22732283783666118,-1.125521118893653,-0.04389058587595039,0.3802287157846765,0.2923329622894152,145,energy/renewables,126,ols_winsorized_raw,tema_arındırılmış
idio_vol_60d,-0.22732283783666116,-1.125521118893653,-0.043890585875950384,0.38022871578467654,0.2923329622894152,145,energy/renewables,126,ols_winsorized_raw,ham
idio_vol_60d,-0.018076254577914865,-1.3829887459082881,-0.018076254577914865,0.23213092785593364,0.12140443490990882,145,energy/renewables,126,wls_sqrt_mcap,tema_arındırılmış
idio_vol_60d,-0.01807625457791486,-1.3829887459082881,-0.01807625457791486,0.23213092785593364,0.12140443490990882,145,energy/renewables,126,wls_sqrt_mcap,ham
max_ret_21d,-0.001770866757126555,-0.5723826604606824,-0.001770866757126555,0.2828307850107406,0.18113361803220557,150,energy/renewables,21,ols_rank_normal,tema_arındırılmış
max_ret_21d,-0.0017708667571265557,-0.5723826604606826,-0.0017708667571265557,0.2828307850107406,0.18113361803220557,150,energy/renewables,21,ols_rank_normal,ham
max_ret_21d,-0.0906617603377056,-0.6135091068653898,-0.003449256600812737,0.34838821700633055,0.2568085535926904,150,energy/renewables,21,ols_winsorized_raw,tema_arındırılmış
max_ret_21d,-0.09066176033770552,-0.6135091068653893,-0.0034492566008127346,0.3483882170063306,0.25680855359269034,150,energy/renewables,21,ols_winsorized_raw,ham
max_ret_21d,-0.0003177552332905529,-0.11495464316428657,-0.0003177552332905529,0.27497297728166586,0.17210862488240786,150,energy/renewables,21,wls_sqrt_mcap,tema_arındırılmış
max_ret_21d,-0.00031775523329054977,-0.11495464316428543,-0.00031775523329054977,0.27497297728166586,0.1721086248824079,150,energy/renewables,21,wls_sqrt_mcap,ham
max_ret_21d,-0.008697975169848094,-1.1012974157031812,-0.008697975169848094,0.28617110894756315,0.1845567716390695,148,energy/renewables,63,ols_rank_normal,tema_arındırılmış
max_ret_21d,-0.008697975169848092,-1.101297415703181,-0.008697975169848092,0.28617110894756315,0.1845567716390695,148,energy/renewables,63,ols_rank_normal,ham
max_ret_21d,-0.4801845141202399,-1.2279255008341161,-0.018188333906826913,0.3501801910221958,0.25870894562418384,148,energy/renewables,63,ols_winsorized_raw,tema_arındırılmış
max_ret_21d,-0.48018451412023977,-1.227925500834116,-0.01818833390682691,0.35018019102219566,0.25870894562418384,148,energy/renewables,63,ols_winsorized_raw,ham
max_ret_21d,-0.004057281448133143,-0.6939020280259417,-0.004057281448133143,0.2604626425131665,0.15510826451913334,148,energy/renewables,63,wls_sqrt_mcap,tema_arındırılmış
max_ret_21d,-0.004057281448133141,-0.6939020280259414,-0.004057281448133141,0.2604626425131665,0.15510826451913334,148,energy/renewables,63,wls_sqrt_mcap,ham
max_ret_21d,-0.026077879782162798,-1.7678781729592041,-0.026077879782162798,0.2640876449302613,0.15831892810641865,145,energy/renewables,126,ols_rank_normal,tema_arındırılmış
max_ret_21d,-0.026077879782162795,-1.767878172959204,-0.026077879782162795,0.2640876449302613,0.15831892810641862,145,energy/renewables,126,ols_rank_normal,ham
max_ret_21d,-1.125974172577391,-1.1505551685256068,-0.041823939187221104,0.3433694298928017,0.24979145347076442,145,energy/renewables,126,ols_winsorized_raw,tema_arındırılmış
max_ret_21d,-1.125974172577391,-1.150555168525607,-0.041823939187221104,0.3433694298928016,0.24979145347076442,145,energy/renewables,126,ols_winsorized_raw,ham
max_ret_21d,-0.01928943943301329,-1.7745018165196338,-0.01928943943301329,0.2398773907151653,0.13033309103822033,145,energy/renewables,126,wls_sqrt_mcap,tema_arındırılmış
max_ret_21d,-0.01928943943301328,-1.7745018165196336,-0.01928943943301328,0.2398773907151653,0.1303330910382203,145,energy/renewables,126,wls_sqrt_mcap,ham
mom_12_1,0.0013878197302920477,0.5322242806206117,0.0013878197302920477,0.30974562349753576,0.21252469374883268,150,energy/renewables,21,ols_rank_normal,tema_arındırılmış
mom_12_1,0.0013878197302920514,0.5322242806206131,0.0013878197302920514,0.30974562349753576,0.21252469374883268,150,energy/renewables,21,ols_rank_normal,ham
mom_12_1,0.007151657020824419,0.7711842471866639,0.004972712382008175,0.3903835330187599,0.3054179250181652,150,energy/renewables,21,ols_winsorized_raw,tema_arındırılmış
mom_12_1,0.007151657020824423,0.7711842471866646,0.0049727123820081775,0.3903835330187599,0.3054179250181652,150,energy/renewables,21,ols_winsorized_raw,ham
mom_12_1,0.0019515376373569866,0.7506573509521904,0.0019515376373569866,0.3023083875449843,0.20397371978689752,150,energy/renewables,21,wls_sqrt_mcap,tema_arındırılmış
mom_12_1,0.001951537637356986,0.7506573509521903,0.001951537637356986,0.3023083875449843,0.20397371978689757,150,energy/renewables,21,wls_sqrt_mcap,ham
mom_12_1,0.00346916938268345,0.4695438520422392,0.00346916938268345,0.31435752182461785,0.21790359073858878,148,energy/renewables,63,ols_rank_normal,tema_arındırılmış
mom_12_1,0.003469169382683453,0.4695438520422397,0.003469169382683453,0.31435752182461785,0.21790359073858878,148,energy/renewables,63,ols_rank_normal,ham
mom_12_1,0.017320959792533275,0.6447790676553914,0.011295369860927027,0.38488768000304713,0.29886074483688246,148,energy/renewables,63,ols_winsorized_raw,tema_arındırılmış
mom_12_1,0.017320959792533286,0.6447790676553917,0.011295369860927034,0.3848876800030472,0.29886074483688246,148,energy/renewables,63,ols_winsorized_raw,ham
mom_12_1,0.006557295452527421,0.9522237281907696,0.006557295452527421,0.28417612265496006,0.18267753896417216,148,energy/renewables,63,wls_sqrt_mcap,tema_arındırılmış
mom_12_1,0.006557295452527419,0.9522237281907693,0.006557295452527419,0.28417612265496006,0.1826775389641722,148,energy/renewables,63,wls_sqrt_mcap,ham
mom_12_1,0.005227682681205715,0.3586881767480134,0.005227682681205715,0.2960572702051257,0.1962121444106098,145,energy/renewables,126,ols_rank_normal,tema_arındırılmış
mom_12_1,0.005227682681205721,0.3586881767480138,0.005227682681205721,0.2960572702051257,0.1962121444106098,145,energy/renewables,126,ols_rank_normal,ham
mom_12_1,0.025052545182976244,0.4997021099135254,0.013088929505342229,0.37543797325328626,0.287306535292741,145,energy/renewables,126,ols_winsorized_raw,tema_arındırılmış
mom_12_1,0.025052545182976223,0.49970210991352504,0.013088929505342219,0.37543797325328626,0.287306535292741,145,energy/renewables,126,ols_winsorized_raw,ham
mom_12_1,0.014309199061020997,1.0164086979613227,0.014309199061020997,0.2723678987013888,0.16822455609131884,145,energy/renewables,126,wls_sqrt_mcap,tema_arındırılmış
mom_12_1,0.014309199061020994,1.016408697961322,0.014309199061020994,0.2723678987013888,0.16822455609131884,145,energy/renewables,126,wls_sqrt_mcap,ham
net_debt_ebitda,0.0028162392016230415,1.4005699414061736,0.0028162392016230415,0.2975775760502419,0.1796374806971939,143,energy/renewables,21,ols_rank_normal,tema_arındırılmış
net_debt_ebitda,0.0028162392016230424,1.400569941406174,0.0028162392016230424,0.2975775760502419,0.17963748069719396,143,energy/renewables,21,ols_rank_normal,ham
net_debt_ebitda,0.001474214574182695,2.1715699866421905,0.005630575233688449,0.34866195415685797,0.2395979016594566,143,energy/renewables,21,ols_winsorized_raw,tema_arındırılmış
net_debt_ebitda,0.001474214574182696,2.171569986642192,0.005630575233688453,0.34866195415685797,0.2395979016594566,143,energy/renewables,21,ols_winsorized_raw,ham
net_debt_ebitda,0.0023041431763093302,1.2168638112599743,0.0023041431763093302,0.28673405303131205,0.16671664882943377,143,energy/renewables,21,wls_sqrt_mcap,tema_arındırılmış
net_debt_ebitda,0.0023041431763093324,1.2168638112599752,0.0023041431763093324,0.28673405303131205,0.16671664882943377,143,energy/renewables,21,wls_sqrt_mcap,ham
net_debt_ebitda,0.007874318472497364,1.5208762308043007,0.007874318472497364,0.28427652831551053,0.165674855345338,141,energy/renewables,63,ols_rank_normal,tema_arındırılmış
net_debt_ebitda,0.007874318472497364,1.520876230804301,0.007874318472497364,0.28427652831551053,0.16567485534533796,141,energy/renewables,63,ols_rank_normal,ham
net_debt_ebitda,0.003889849124102969,2.1256428470210946,0.014900726495178294,0.34777101379209674,0.24076020127494063,141,energy/renewables,63,ols_winsorized_raw,tema_arındırılmış
net_debt_ebitda,0.003889849124102969,2.1256428470210946,0.014900726495178294,0.34777101379209674,0.24076020127494063,141,energy/renewables,63,ols_winsorized_raw,ham
net_debt_ebitda,0.006762198409517598,1.3564490846719273,0.006762198409517598,0.27598174963875416,0.15557463299418056,141,energy/renewables,63,wls_sqrt_mcap,tema_arındırılmış
net_debt_ebitda,0.006762198409517595,1.356449084671927,0.006762198409517595,0.27598174963875416,0.15557463299418056,141,energy/renewables,63,wls_sqrt_mcap,ham
net_debt_ebitda,0.020576250046512267,1.9368941893995957,0.020576250046512267,0.2810609035679949,0.16166385509542122,138,energy/renewables,126,ols_rank_normal,tema_arındırılmış
net_debt_ebitda,0.020576250046512267,1.9368941893995957,0.020576250046512267,0.28106090356799485,0.1616638550954212,138,energy/renewables,126,ols_rank_normal,ham
net_debt_ebitda,0.008325331422845368,2.273512477325135,0.03200400970771358,0.35361278470535457,0.2470384727461938,138,energy/renewables,126,ols_winsorized_raw,tema_arındırılmış
net_debt_ebitda,0.008325331422845363,2.273512477325134,0.03200400970771356,0.35361278470535445,0.2470384727461938,138,energy/renewables,126,ols_winsorized_raw,ham
net_debt_ebitda,0.01796286269201694,1.819189832137452,0.01796286269201694,0.2648861800275572,0.14230057040206492,138,energy/renewables,126,wls_sqrt_mcap,tema_arındırılmış
net_debt_ebitda,0.017962862692016923,1.8191898321374498,0.017962862692016923,0.2648861800275572,0.14230057040206492,138,energy/renewables,126,wls_sqrt_mcap,ham
ocf_ev,-0.0006292717536483056,-0.35307766083403197,-0.0006292717536483056,0.28494608693993895,0.17351886683493617,147,energy/renewables,21,ols_rank_normal,tema_arındırılmış
ocf_ev,-0.0006292717536483056,-0.3530776608340319,-0.0006292717536483056,0.284946086939939,0.1735188668349362,147,energy/renewables,21,ols_rank_normal,ham
ocf_ev,-0.045305379036862214,-1.4647139623231187,-0.0026289250528646496,0.31029606461807474,0.20323031422730437,147,energy/renewables,21,ols_winsorized_raw,tema_arındırılmış
ocf_ev,-0.04530537903686224,-1.4647139623231196,-0.0026289250528646513,0.31029606461807474,0.20323031422730442,147,energy/renewables,21,ols_winsorized_raw,ham
ocf_ev,0.00013709206626292677,0.08168314908158511,0.00013709206626292677,0.2805872910346771,0.16820915143550005,147,energy/renewables,21,wls_sqrt_mcap,tema_arındırılmış
ocf_ev,0.00013709206626292517,0.08168314908158415,0.00013709206626292517,0.28058729103467717,0.16820915143550005,147,energy/renewables,21,wls_sqrt_mcap,ham
ocf_ev,-0.0034012736090753256,-0.6791320140757672,-0.0034012736090753256,0.2652255999500117,0.1499550082690718,145,energy/renewables,63,ols_rank_normal,tema_arındırılmış
ocf_ev,-0.003401273609075327,-0.6791320140757675,-0.003401273609075327,0.26522559995001166,0.1499550082690718,145,energy/renewables,63,ols_rank_normal,ham
ocf_ev,-0.13290059334665816,-1.6909030697920202,-0.0076504365001605155,0.2955274611341344,0.1856011371466299,145,energy/renewables,63,ols_winsorized_raw,tema_arındırılmış
ocf_ev,-0.13290059334665816,-1.69090306979202,-0.0076504365001605155,0.29552746113413436,0.18560113714662987,145,energy/renewables,63,ols_winsorized_raw,ham
ocf_ev,-3.0446376840984154e-05,-0.00679906217196979,-3.0446376840984154e-05,0.2541371144265953,0.13627608809024067,145,energy/renewables,63,wls_sqrt_mcap,tema_arındırılmış
ocf_ev,-3.0446376840982623e-05,-0.006799062171969446,-3.0446376840982623e-05,0.2541371144265953,0.13627608809024067,145,energy/renewables,63,wls_sqrt_mcap,ham
ocf_ev,-0.006255962759933497,-0.5247037599490725,-0.006255962759933497,0.255787522983063,0.13802876057842542,142,energy/renewables,126,ols_rank_normal,tema_arındırılmış
ocf_ev,-0.006255962759933497,-0.5247037599490724,-0.006255962759933497,0.25578752298306295,0.13802876057842545,142,energy/renewables,126,ols_rank_normal,ham
ocf_ev,-0.23981904379808003,-1.4018215733466237,-0.013667897347124524,0.28536319182902126,0.17296216084227853,142,energy/renewables,126,ols_winsorized_raw,tema_arındırılmış
ocf_ev,-0.23981904379808003,-1.4018215733466237,-0.013667897347124524,0.28536319182902126,0.17296216084227847,142,energy/renewables,126,ols_winsorized_raw,ham
ocf_ev,-0.0007825786818247888,-0.0832669804329412,-0.0007825786818247888,0.23381817406182231,0.11160655119003039,142,energy/renewables,126,wls_sqrt_mcap,tema_arındırılmış
ocf_ev,-0.00078257868182479,-0.08326698043294134,-0.00078257868182479,0.23381817406182231,0.11160655119003038,142,energy/renewables,126,wls_sqrt_mcap,ham
share_issuance,-0.0024749242353617543,-1.1778861980269928,-0.0024749242353617543,0.2981286174489146,0.19295076413041884,150,energy/renewables,21,ols_rank_normal,tema_arındırılmış
share_issuance,-0.00247492423536175,-1.1778861980269906,-0.00247492423536175,0.2981286174489146,0.1929507641304188,150,energy/renewables,21,ols_rank_normal,ham
share_issuance,-0.054391397056943375,-1.0783978550895936,-0.007334513092969561,0.33045874100749756,0.23013338444899128,150,energy/renewables,21,ols_winsorized_raw,tema_arındırılmış
share_issuance,-0.05439139705694342,-1.0783978550895945,-0.007334513092969567,0.33045874100749756,0.23013338444899128,150,energy/renewables,21,ols_winsorized_raw,ham
share_issuance,0.0003069801412742712,0.16723145103521292,0.0003069801412742712,0.2824866934953991,0.17478499528642352,150,energy/renewables,21,wls_sqrt_mcap,tema_arındırılmış
share_issuance,0.00030698014127426604,0.16723145103521012,0.00030698014127426604,0.282486693495399,0.1747849952864235,150,energy/renewables,21,wls_sqrt_mcap,ham
share_issuance,-0.0055323032100232355,-0.8718322574938178,-0.0055323032100232355,0.2887722122011956,0.18126448659481445,148,energy/renewables,63,ols_rank_normal,tema_arındırılmış
share_issuance,-0.00553230321002323,-0.8718322574938169,-0.00553230321002323,0.2887722122011956,0.18126448659481442,148,energy/renewables,63,ols_rank_normal,ham
share_issuance,-0.16418020078262832,-1.102247716332998,-0.021951397592112988,0.32194513461466834,0.2197045441185373,148,energy/renewables,63,ols_winsorized_raw,tema_arındırılmış
share_issuance,-0.16418020078262838,-1.1022477163329982,-0.021951397592112995,0.3219451346146684,0.2197045441185373,148,energy/renewables,63,ols_winsorized_raw,ham
share_issuance,0.0023274692041357907,0.3992808663589425,0.0023274692041357907,0.262613071098467,0.15065353578692162,148,energy/renewables,63,wls_sqrt_mcap,tema_arındırılmış
share_issuance,0.0023274692041357877,0.39928086635894194,0.0023274692041357877,0.262613071098467,0.15065353578692164,148,energy/renewables,63,wls_sqrt_mcap,ham
share_issuance,-0.01675393563807226,-1.0091843200964652,-0.01675393563807226,0.28017300821856655,0.17005090752985783,145,energy/renewables,126,ols_rank_normal,tema_arındırılmış
share_issuance,-0.01675393563807226,-1.0091843200964652,-0.01675393563807226,0.28017300821856655,0.17005090752985788,145,energy/renewables,126,ols_rank_normal,ham
share_issuance,-0.44928017414689797,-1.176633260491439,-0.05934549348029351,0.31677001889154716,0.2125149887324696,145,energy/renewables,126,ols_winsorized_raw,tema_arındırılmış
share_issuance,-0.44928017414689797,-1.176633260491439,-0.05934549348029351,0.31677001889154716,0.21251498873246963,145,energy/renewables,126,ols_winsorized_raw,ham
share_issuance,0.0010070298074004145,0.06797335015309301,0.0010070298074004145,0.26559211368516494,0.152778435307121,145,energy/renewables,126,wls_sqrt_mcap,tema_arındırılmış
share_issuance,0.0010070298074004085,0.06797335015309261,0.0010070298074004085,0.26559211368516494,0.15277843530712104,145,energy/renewables,126,wls_sqrt_mcap,ham
sue_announce,0.0007283680671115173,0.3522498112838027,0.0007283680671115173,0.28851181789024394,0.1576215349982997,109,energy/renewables,21,ols_rank_normal,tema_arındırılmış
sue_announce,0.000728368067111518,0.352249811283803,0.000728368067111518,0.28851181789024394,0.1576215349982997,109,energy/renewables,21,ols_rank_normal,ham
sue_announce,0.0014758717585805425,0.7988846733398808,0.0016793921821872742,0.33053139449911667,0.20717474598839894,109,energy/renewables,21,ols_winsorized_raw,tema_arındırılmış
sue_announce,0.001475871758580541,0.79888467333988,0.0016793921821872725,0.3305313944991166,0.20717474598839897,109,energy/renewables,21,ols_winsorized_raw,ham
sue_announce,-0.00020134193812860646,-0.10647565547117109,-0.00020134193812860646,0.2845367368330948,0.15303665991347845,109,energy/renewables,21,wls_sqrt_mcap,tema_arındırılmış
sue_announce,-0.00020134193812860844,-0.10647565547117216,-0.00020134193812860844,0.2845367368330948,0.1530366599134784,109,energy/renewables,21,wls_sqrt_mcap,ham
sue_announce,-0.0002603062934593932,-0.054449423687761574,-0.0002603062934593932,0.2695389516285566,0.13467461451058685,107,energy/renewables,63,ols_rank_normal,tema_arındırılmış
sue_announce,-0.00026030629345939125,-0.054449423687761164,-0.00026030629345939125,0.26953895162855657,0.13467461451058685,107,energy/renewables,63,ols_rank_normal,ham
sue_announce,0.0019482179308908756,0.42605908861069647,0.002226351020450661,0.3075723414754684,0.17999208942291547,107,energy/renewables,63,ols_winsorized_raw,tema_arındırılmış
sue_announce,0.0019482179308908689,0.426059088610695,0.002226351020450653,0.30757234147546847,0.17999208942291559,107,energy/renewables,63,ols_winsorized_raw,ham
sue_announce,-0.0007298835962533107,-0.15136999974688567,-0.0007298835962533107,0.24957664402330765,0.11109459157550268,107,energy/renewables,63,wls_sqrt_mcap,tema_arındırılmış
sue_announce,-0.0007298835962533099,-0.15136999974688556,-0.0007298835962533099,0.24957664402330762,0.1110945915755027,107,energy/renewables,63,wls_sqrt_mcap,ham
sue_announce,-0.004582901639692059,-0.41828390296539586,-0.004582901639692059,0.2342660877449054,0.09242336172147209,104,energy/renewables,126,ols_rank_normal,tema_arındırılmış
sue_announce,-0.004582901639692055,-0.4182839029653954,-0.004582901639692055,0.2342660877449054,0.0924233617214721,104,energy/renewables,126,ols_rank_normal,ham
sue_announce,0.00014386224075174447,0.01695317938393683,0.00016568992312558458,0.266035680569307,0.13041941896199818,104,energy/renewables,126,ols_winsorized_raw,tema_arındırılmış
sue_announce,0.00014386224075175382,0.01695317938393793,0.00016568992312559537,0.26603568056930704,0.13041941896199824,104,energy/renewables,126,ols_winsorized_raw,ham
sue_announce,-0.003571435514329354,-0.34446674431129126,-0.003571435514329354,0.2155537197510698,0.06953819632454182,104,energy/renewables,126,wls_sqrt_mcap,tema_arındırılmış
sue_announce,-0.0035714355143293495,-0.3444667443112908,-0.0035714355143293495,0.2155537197510698,0.0695381963245418,104,energy/renewables,126,wls_sqrt_mcap,ham
asset_growth,-0.00010623515018050391,-0.07511788080031247,-0.00010623515018050391,0.13504352129844358,0.08383396403197989,174,ai,21,ols_rank_normal,tema_arındırılmış
asset_growth,-0.00010623515018050344,-0.07511788080031213,-0.00010623515018050344,0.13504352129844358,0.0838339640319799,174,ai,21,ols_rank_normal,ham
asset_growth,0.0006208619753304543,0.09159394377576745,0.00025225409446210696,0.13642651888663102,0.0854329574142251,174,ai,21,ols_winsorized_raw,tema_arındırılmış
asset_growth,0.0006208619753304588,0.09159394377576807,0.00025225409446210875,0.13642651888663096,0.08543295741422507,174,ai,21,ols_winsorized_raw,ham
asset_growth,0.00019616880363809708,0.134017639958949,0.00019616880363809708,0.16890379411609469,0.12011171101401226,174,ai,21,wls_sqrt_mcap,tema_arındırılmış
asset_growth,0.000196168803638103,0.13401763995895302,0.000196168803638103,0.16890379411609463,0.12011171101401223,174,ai,21,wls_sqrt_mcap,ham
asset_growth,0.000257571527413545,0.07519655577935966,0.000257571527413545,0.11818927373120983,0.06452515662695896,172,ai,63,ols_rank_normal,tema_arındırılmış
asset_growth,0.0002575715274135425,0.07519655577935892,0.0002575715274135425,0.11818927373120983,0.06452515662695898,172,ai,63,ols_rank_normal,ham
asset_growth,0.006530555512133488,0.41164693621082366,0.0026264022420589323,0.12080093202082202,0.06757410433009388,172,ai,63,ols_winsorized_raw,tema_arındırılmış
asset_growth,0.006530555512133488,0.41164693621082366,0.0026264022420589323,0.12080093202082202,0.06757410433009389,172,ai,63,ols_winsorized_raw,ham
asset_growth,0.0028290135405558137,0.722059099690989,0.0028290135405558137,0.15754392280827534,0.10746461959978475,172,ai,63,wls_sqrt_mcap,tema_arındırılmış
asset_growth,0.0028290135405558293,0.722059099690993,0.0028290135405558293,0.15754392280827534,0.10746461959978475,172,ai,63,wls_sqrt_mcap,ham
asset_growth,0.0045540845930163885,0.7079754014906562,0.0045540845930163885,0.10640359120718362,0.0504262956930312,169,ai,126,ols_rank_normal,tema_arındırılmış
asset_growth,0.004554084593016384,0.7079754014906557,0.004554084593016384,0.1064035912071836,0.05042629569303117,169,ai,126,ols_rank_normal,ham
asset_growth,0.018075958065496882,0.7897647180979528,0.007162488644465944,0.10768270627215656,0.051936045803068806,169,ai,126,ols_winsorized_raw,tema_arındırılmış
asset_growth,0.018075958065496892,0.7897647180979535,0.007162488644465948,0.10768270627215656,0.05193604580306881,169,ai,126,ols_winsorized_raw,ham
asset_growth,0.008941530475582424,1.1064169926212772,0.008941530475582424,0.15005192673564532,0.09760478056196677,169,ai,126,wls_sqrt_mcap,tema_arındırılmış
asset_growth,0.008941530475582434,1.1064169926212784,0.008941530475582434,0.15005192673564532,0.09760478056196677,169,ai,126,wls_sqrt_mcap,ham
capex_at,-0.0012334201075122277,-0.8874734035149978,-0.0012334201075122277,0.1296522232197702,0.07910632151284937,169,ai,21,ols_rank_normal,tema_arındırılmış
capex_at,-0.0012334201075122281,-0.887473403514998,-0.0012334201075122281,0.1296522232197702,0.07910632151284937,169,ai,21,ols_rank_normal,ham
capex_at,-0.047166143828285705,-1.0020360078437924,-0.0013796214660735748,0.12876048364194156,0.07821525894477473,169,ai,21,ols_winsorized_raw,tema_arındırılmış
capex_at,-0.047166143828285725,-1.0020360078437929,-0.0013796214660735753,0.12876048364194156,0.07821525894477473,169,ai,21,ols_winsorized_raw,ham
capex_at,-0.0005122892050425018,-0.4093019682521596,-0.0005122892050425018,0.15877154072138988,0.11053446825882791,169,ai,21,wls_sqrt_mcap,tema_arındırılmış
capex_at,-0.0005122892050425018,-0.4093019682521596,-0.0005122892050425018,0.15877154072138985,0.11053446825882791,169,ai,21,wls_sqrt_mcap,ham
capex_at,-0.005480888946198885,-1.3084150944043298,-0.005480888946198885,0.12041906349823046,0.06793046185649047,167,ai,63,ols_rank_normal,tema_arındırılmış
capex_at,-0.0054808889461988855,-1.30841509440433,-0.0054808889461988855,0.12041906349823048,0.06793046185649049,167,ai,63,ols_rank_normal,ham
capex_at,-0.24495419956126077,-1.9769372268124012,-0.007123327890823851,0.11983571309230158,0.06785527712650337,167,ai,63,ols_winsorized_raw,tema_arındırılmış
capex_at,-0.2449541995612607,-1.976937226812401,-0.007123327890823849,0.11983571309230158,0.06785527712650338,167,ai,63,ols_winsorized_raw,ham
capex_at,-0.002445381425432625,-0.6509291171549577,-0.002445381425432625,0.1491814228055141,0.09963128228397852,167,ai,63,wls_sqrt_mcap,tema_arındırılmış
capex_at,-0.0024453814254326266,-0.6509291171549579,-0.0024453814254326266,0.14918142280551408,0.0996312822839785,167,ai,63,wls_sqrt_mcap,ham
capex_at,-0.010457789102396182,-1.1371563268597955,-0.010457789102396182,0.1077171798547182,0.05313212912237009,164,ai,126,ols_rank_normal,tema_arındırılmış
capex_at,-0.01045778910239619,-1.1371563268597962,-0.01045778910239619,0.1077171798547182,0.05313212912237007,164,ai,126,ols_rank_normal,ham
capex_at,-0.39372184697338153,-1.3875003745315164,-0.011353086544721539,0.10894171199471807,0.05511470379943945,164,ai,126,ols_winsorized_raw,tema_arındırılmış
capex_at,-0.39372184697338153,-1.3875003745315164,-0.011353086544721539,0.10894171199471805,0.05511470379943945,164,ai,126,ols_winsorized_raw,ham
capex_at,-0.0061169875064725635,-0.7547111128431331,-0.0061169875064725635,0.14322809792956864,0.09242712749075432,164,ai,126,wls_sqrt_mcap,tema_arındırılmış
capex_at,-0.006116987506472556,-0.7547111128431322,-0.006116987506472556,0.14322809792956864,0.09242712749075431,164,ai,126,wls_sqrt_mcap,ham
cash_runway_years,0.004061341664391345,0.44403679899127685,0.004061341664391345,0.2255226120499243,0.09275393369260171,67,ai,21,ols_rank_normal,tema_arındırılmış
cash_runway_years,0.004061341664391344,0.4440367989912767,0.004061341664391344,0.2255226120499243,0.09275393369260171,67,ai,21,ols_rank_normal,ham
cash_runway_years,0.002205848879124246,0.852360401278134,0.007345844257508237,0.22142972546240655,0.08813117670415088,67,ai,21,ols_winsorized_raw,tema_arındırılmış
cash_runway_years,0.002205848879124248,0.8523604012781348,0.007345844257508244,0.22142972546240655,0.08813117670415088,67,ai,21,ols_winsorized_raw,ham
cash_runway_years,0.013280041546688942,1.1920858089489477,0.013280041546688942,0.2832411354133253,0.16052549984927858,67,ai,21,wls_sqrt_mcap,tema_arındırılmış
cash_runway_years,0.013280041546688928,1.1920858089489468,0.013280041546688928,0.2832411354133253,0.16052549984927858,67,ai,21,wls_sqrt_mcap,ham
cash_runway_years,0.012449164509616086,0.4675470385473929,0.012449164509616086,0.233179349780533,0.09817400776875658,65,ai,63,ols_rank_normal,tema_arındırılmış
cash_runway_years,0.012449164509616103,0.4675470385473934,0.012449164509616103,0.233179349780533,0.09817400776875661,65,ai,63,ols_rank_normal,ham
cash_runway_years,0.005323762066918577,0.788185939745079,0.017672197916385374,0.23133461253587065,0.0958454422082124,65,ai,63,ols_winsorized_raw,tema_arındırılmış
cash_runway_years,0.005323762066918575,0.7881859397450787,0.01767219791638537,0.23133461253587065,0.09584544220821238,65,ai,63,ols_winsorized_raw,ham
cash_runway_years,0.03628735049221495,0.9930074685136141,0.03628735049221495,0.2957587610865864,0.1719608782088359,65,ai,63,wls_sqrt_mcap,tema_arındırılmış
cash_runway_years,0.03628735049221495,0.9930074685136143,0.03628735049221495,0.29575876108658644,0.1719608782088359,65,ai,63,wls_sqrt_mcap,ham
cash_runway_years,-0.046268192877317836,-1.03361102281491,-0.046268192877317836,0.25752008853534714,0.12392572394868369,62,ai,126,ols_rank_normal,tema_arındırılmış
cash_runway_years,-0.04626819287731786,-1.0336110228149105,-0.04626819287731786,0.25752008853534714,0.12392572394868367,62,ai,126,ols_rank_normal,ham
cash_runway_years,-0.008053975573578146,-0.6654969649976542,-0.02660191074445789,0.258187947601606,0.12489905588730012,62,ai,126,ols_winsorized_raw,tema_arındırılmış
cash_runway_years,-0.008053975573578146,-0.6654969649976544,-0.02660191074445789,0.25818794760160596,0.12489905588730002,62,ai,126,ols_winsorized_raw,ham
cash_runway_years,-0.0314330789608905,-0.5779411048035386,-0.0314330789608905,0.3221064464980476,0.20125406012985375,62,ai,126,wls_sqrt_mcap,tema_arındırılmış
cash_runway_years,-0.031433078960890475,-0.5779411048035381,-0.031433078960890475,0.3221064464980476,0.2012540601298537,62,ai,126,wls_sqrt_mcap,ham
cop_at,0.0018929922119047139,1.4588108622184712,0.0018929922119047139,0.1364192192846337,0.08127262323911734,175,ai,21,ols_rank_normal,tema_arındırılmış
cop_at,0.0018929922119047139,1.458810862218471,0.0018929922119047139,0.13641921928463374,0.08127262323911734,175,ai,21,ols_rank_normal,ham
cop_at,0.03979575710511955,1.8401648899311627,0.0025775461451424124,0.1317096763254352,0.07614010168527477,175,ai,21,ols_winsorized_raw,tema_arındırılmış
cop_at,0.03979575710511954,1.840164889931162,0.0025775461451424115,0.13170967632543523,0.07614010168527477,175,ai,21,ols_winsorized_raw,ham
cop_at,0.002075200931615029,1.5037618152855539,0.002075200931615029,0.1708573917360145,0.11759486750801662,175,ai,21,wls_sqrt_mcap,tema_arındırılmış
cop_at,0.0020752009316150296,1.5037618152855545,0.0020752009316150296,0.1708573917360145,0.11759486750801665,175,ai,21,wls_sqrt_mcap,ham
cop_at,0.007630787015222555,2.1724650510617325,0.007630787015222555,0.1333569841702217,0.07715276281699686,173,ai,63,ols_rank_normal,tema_arındırılmış
cop_at,0.007630787015222555,2.1724650510617325,0.007630787015222555,0.13335698417022165,0.07715276281699684,173,ai,63,ols_rank_normal,ham
cop_at,0.14119958477246566,2.3971457722090674,0.009089374175315005,0.1335671149089786,0.07788385200878209,173,ai,63,ols_winsorized_raw,tema_arındırılmış
cop_at,0.14119958477246564,2.3971457722090674,0.009089374175315003,0.13356711490897857,0.07788385200878209,173,ai,63,ols_winsorized_raw,ham
cop_at,0.007303713540963443,1.7785861591016123,0.007303713540963443,0.17381433253816958,0.12033374360899868,173,ai,63,wls_sqrt_mcap,tema_arındırılmış
cop_at,0.007303713540963442,1.7785861591016117,0.007303713540963442,0.17381433253816958,0.1203337436089987,173,ai,63,wls_sqrt_mcap,ham
cop_at,0.016265704327146024,2.487889580147906,0.016265704327146024,0.12792830781317532,0.07002693574812209,170,ai,126,ols_rank_normal,tema_arındırılmış
cop_at,0.016265704327146024,2.4878895801479066,0.016265704327146024,0.12792830781317532,0.07002693574812212,170,ai,126,ols_rank_normal,ham
cop_at,0.2843472796246144,2.538682863922833,0.01815818524450881,0.12843352178301712,0.07099167886080868,170,ai,126,ols_winsorized_raw,tema_arındırılmış
cop_at,0.2843472796246144,2.538682863922833,0.01815818524450881,0.12843352178301712,0.07099167886080868,170,ai,126,ols_winsorized_raw,ham
cop_at,0.016309631340722903,1.899842127875191,0.016309631340722903,0.17325124214311818,0.11795022736436855,170,ai,126,wls_sqrt_mcap,tema_arındırılmış
cop_at,0.016309631340722892,1.8998421278751898,0.016309631340722892,0.17325124214311818,0.11795022736436853,170,ai,126,wls_sqrt_mcap,ham
dist_52w_high,0.002528278074582053,1.471352448599585,0.002528278074582053,0.13921879921764185,0.08245832319882933,182,ai,21,ols_rank_normal,tema_arındırılmış
dist_52w_high,0.002528278074582051,1.4713524485995841,0.002528278074582051,0.13921879921764185,0.08245832319882934,182,ai,21,ols_rank_normal,ham
dist_52w_high,0.015884460134187973,1.268253847669298,0.0023976412287495196,0.14432605254530942,0.08775372353526727,182,ai,21,ols_winsorized_raw,tema_arındırılmış
dist_52w_high,0.015884460134187976,1.2682538476692982,0.00239764122874952,0.14432605254530945,0.08775372353526727,182,ai,21,ols_winsorized_raw,ham
dist_52w_high,0.00291529309103652,1.8380075216682419,0.00291529309103652,0.16799758466088643,0.11328295603496936,182,ai,21,wls_sqrt_mcap,tema_arındırılmış
dist_52w_high,0.0029152930910365193,1.8380075216682412,0.0029152930910365193,0.16799758466088643,0.11328295603496935,182,ai,21,wls_sqrt_mcap,ham
dist_52w_high,0.009854816861669025,2.102158978396899,0.009854816861669025,0.1239597685809405,0.06444572799405114,180,ai,63,ols_rank_normal,tema_arındırılmış
dist_52w_high,0.009854816861669027,2.1021589783968992,0.009854816861669027,0.1239597685809405,0.06444572799405116,180,ai,63,ols_rank_normal,ham
dist_52w_high,0.06512947867574129,1.8303802917159355,0.00980045480736445,0.13485154326563503,0.07691226374696758,180,ai,63,ols_winsorized_raw,tema_arındırılmış
dist_52w_high,0.06512947867574129,1.830380291715936,0.00980045480736445,0.13485154326563506,0.0769122637469676,180,ai,63,ols_winsorized_raw,ham
dist_52w_high,0.0108734312061048,2.4175829181283497,0.0108734312061048,0.15396001378279744,0.09740200173899663,180,ai,63,wls_sqrt_mcap,tema_arındırılmış
dist_52w_high,0.010873431206104804,2.4175829181283506,0.010873431206104804,0.15396001378279747,0.09740200173899664,180,ai,63,wls_sqrt_mcap,ham
dist_52w_high,0.02151684145980428,2.425643569165674,0.02151684145980428,0.11924662833828871,0.058987718146023944,177,ai,126,ols_rank_normal,tema_arındırılmış
dist_52w_high,0.021516841459804283,2.4256435691656737,0.021516841459804283,0.1192466283382887,0.05898771814602396,177,ai,126,ols_rank_normal,ham
dist_52w_high,0.15146675064856757,2.137588666616287,0.02263311579956753,0.13233089728910327,0.07388748698108553,177,ai,126,ols_winsorized_raw,tema_arındırılmış
dist_52w_high,0.15146675064856757,2.137588666616287,0.02263311579956753,0.13233089728910322,0.07388748698108552,177,ai,126,ols_winsorized_raw,ham
dist_52w_high,0.021874417831793717,2.397430053265697,0.021874417831793717,0.15812310536898247,0.10195168009740126,177,ai,126,wls_sqrt_mcap,tema_arındırılmış
dist_52w_high,0.021874417831793714,2.3974300532656962,0.021874417831793714,0.15812310536898244,0.10195168009740124,177,ai,126,wls_sqrt_mcap,ham
droe,0.0037672806307756366,3.495806625768079,0.0037672806307756366,0.12735460209334387,0.07365102947651607,166,ai,21,ols_rank_normal,tema_arındırılmış
droe,0.003767280630775637,3.495806625768079,0.003767280630775637,0.12735460209334393,0.07365102947651608,166,ai,21,ols_rank_normal,ham
droe,0.032481154256831714,2.5368186155544623,0.004040039350754123,0.12722600951580598,0.07355634990680192,166,ai,21,ols_winsorized_raw,tema_arındırılmış
droe,0.03248115425683172,2.5368186155544628,0.004040039350754124,0.12722600951580593,0.0735563499068019,166,ai,21,ols_winsorized_raw,ham
droe,0.004067108557245351,3.856029073198218,0.004067108557245351,0.16406742308888372,0.11324026765993712,166,ai,21,wls_sqrt_mcap,tema_arındırılmış
droe,0.004067108557245355,3.856029073198222,0.004067108557245355,0.16406742308888372,0.11324026765993712,166,ai,21,wls_sqrt_mcap,ham
droe,0.009320860059509998,3.4979655532089753,0.009320860059509998,0.11762671962202881,0.06188219434471028,164,ai,63,ols_rank_normal,tema_arındırılmış
droe,0.009320860059509998,3.4979655532089744,0.009320860059509998,0.11762671962202881,0.061882194344710297,164,ai,63,ols_rank_normal,ham
droe,0.06144519037899615,2.469602864055227,0.007652736268271211,0.11709558774426869,0.06174899082762648,164,ai,63,ols_winsorized_raw,tema_arındırılmış
droe,0.06144519037899614,2.4696028640552266,0.007652736268271209,0.11709558774426866,0.061748990827626464,164,ai,63,ols_winsorized_raw,ham
droe,0.012116303622616568,4.730521750104295,0.012116303622616568,0.15759817533949244,0.10499200647102408,164,ai,63,wls_sqrt_mcap,tema_arındırılmış
droe,0.01211630362261657,4.730521750104293,0.01211630362261657,0.15759817533949244,0.10499200647102404,164,ai,63,wls_sqrt_mcap,ham
droe,0.016235629273520326,3.3917904143169815,0.016235629273520326,0.11832495593092808,0.0631103296467686,161,ai,126,ols_rank_normal,tema_arındırılmış
droe,0.016235629273520326,3.391790414316983,0.016235629273520326,0.11832495593092808,0.06311032964676859,161,ai,126,ols_rank_normal,ham
droe,0.12963034226241596,1.997301652434908,0.016128183483422803,0.11475547473574825,0.05951255711705742,161,ai,126,ols_winsorized_raw,tema_arındırılmış
droe,0.12963034226241602,1.997301652434908,0.01612818348342281,0.11475547473574825,0.0595125571170574,161,ai,126,ols_winsorized_raw,ham
droe,0.019649984824042645,3.7175527296995297,0.019649984824042645,0.16164507657659782,0.10921236897046835,161,ai,126,wls_sqrt_mcap,tema_arındırılmış
droe,0.019649984824042652,3.7175527296995297,0.019649984824042652,0.16164507657659785,0.10921236897046838,161,ai,126,wls_sqrt_mcap,ham
ear_3d,0.0008451861068474212,0.6554288637436361,0.0008451861068474212,0.14248872948371644,0.08451445315809712,178,ai,21,ols_rank_normal,tema_arındırılmış
ear_3d,0.0008451861068474187,0.6554288637436342,0.0008451861068474187,0.14248872948371644,0.0845144531580971,178,ai,21,ols_rank_normal,ham
ear_3d,0.005847869015474244,0.40254795814144384,0.0006146898730583655,0.14595485564907965,0.08854153502884539,178,ai,21,ols_winsorized_raw,tema_arındırılmış
ear_3d,0.0058478690154742455,0.40254795814144406,0.0006146898730583657,0.14595485564907965,0.0885415350288454,178,ai,21,ols_winsorized_raw,ham
ear_3d,0.001439246142600207,1.1567840374465357,0.001439246142600207,0.17083628093450595,0.11522538051629762,178,ai,21,wls_sqrt_mcap,tema_arındırılmış
ear_3d,0.001439246142600204,1.156784037446534,0.001439246142600204,0.17083628093450595,0.11522538051629762,178,ai,21,wls_sqrt_mcap,ham
ear_3d,0.0014084831991417641,0.42961544411434693,0.0014084831991417641,0.1259024778423874,0.06480742856320805,176,ai,63,ols_rank_normal,tema_arındırılmış
ear_3d,0.0014084831991417633,0.42961544411434666,0.0014084831991417633,0.12590247784238742,0.06480742856320805,176,ai,63,ols_rank_normal,ham
ear_3d,0.008040710130330718,0.22400060703435604,0.0008408734551010792,0.12789972092476315,0.06751314159632495,176,ai,63,ols_winsorized_raw,tema_arındırılmış
ear_3d,0.008040710130330714,0.22400060703435593,0.0008408734551010789,0.12789972092476318,0.06751314159632497,176,ai,63,ols_winsorized_raw,ham
ear_3d,0.0001938878703426514,0.06060717273368913,0.0001938878703426514,0.15291975002441693,0.09407276953961592,176,ai,63,wls_sqrt_mcap,tema_arındırılmış
ear_3d,0.0001938878703426492,0.060607172733688444,0.0001938878703426492,0.15291975002441693,0.09407276953961592,176,ai,63,wls_sqrt_mcap,ham
ear_3d,0.006558915519046165,1.534128436316224,0.006558915519046165,0.12060029886042417,0.05867562800060631,173,ai,126,ols_rank_normal,tema_arındırılmış
ear_3d,0.006558915519046169,1.5341284363162253,0.006558915519046169,0.12060029886042417,0.058675628000606286,173,ai,126,ols_rank_normal,ham
ear_3d,0.05774317319890642,1.2614227910757518,0.005978195825713673,0.12192037104813302,0.06057827131876234,173,ai,126,ols_winsorized_raw,tema_arındırılmış
ear_3d,0.05774317319890642,1.261422791075752,0.005978195825713673,0.12192037104813304,0.06057827131876235,173,ai,126,ols_winsorized_raw,ham
ear_3d,0.005746792991289124,0.9816587874894026,0.005746792991289124,0.16179393064993974,0.1035553891671016,173,ai,126,wls_sqrt_mcap,tema_arındırılmış
ear_3d,0.005746792991289132,0.981658787489404,0.005746792991289132,0.16179393064993972,0.10355538916710157,173,ai,126,wls_sqrt_mcap,ham
gross_profitability,0.0020912322354045393,1.5514452110660886,0.0020912322354045393,0.1339587353609664,0.07798335504619872,163,ai,21,ols_rank_normal,tema_arındırılmış
gross_profitability,0.002091232235404539,1.5514452110660881,0.002091232235404539,0.1339587353609664,0.07798335504619869,163,ai,21,ols_rank_normal,ham
gross_profitability,0.011418234289875342,1.1912110394848294,0.00187929059742734,0.13133314417675124,0.07520604062631184,163,ai,21,ols_winsorized_raw,tema_arındırılmış
gross_profitability,0.011418234289875352,1.1912110394848305,0.0018792905974273416,0.13133314417675124,0.07520604062631181,163,ai,21,ols_winsorized_raw,ham
gross_profitability,0.0018687685335560277,1.4951732999459937,0.0018687685335560277,0.16794442601580048,0.11407345463721184,163,ai,21,wls_sqrt_mcap,tema_arındırılmış
gross_profitability,0.001868768533556022,1.4951732999459884,0.001868768533556022,0.16794442601580048,0.11407345463721184,163,ai,21,wls_sqrt_mcap,ham
gross_profitability,0.007027818273220424,1.5884787356484038,0.007027818273220424,0.12520831766758087,0.06626177804067213,161,ai,63,ols_rank_normal,tema_arındırılmış
gross_profitability,0.007027818273220422,1.5884787356484034,0.007027818273220422,0.1252083176675809,0.06626177804067213,161,ai,63,ols_rank_normal,ham
gross_profitability,0.038971368029969505,1.4264831621413154,0.006375527921834794,0.12270922689151369,0.06380284434135722,161,ai,63,ols_winsorized_raw,tema_arındırılmış
gross_profitability,0.03897136802996951,1.4264831621413157,0.006375527921834796,0.1227092268915137,0.06380284434135725,161,ai,63,ols_winsorized_raw,ham
gross_profitability,0.0056517975019041685,1.3782773123522367,0.0056517975019041685,0.15585975995418305,0.09875978013264572,161,ai,63,wls_sqrt_mcap,tema_arındırılmış
gross_profitability,0.00565179750190416,1.378277312352234,0.00565179750190416,0.15585975995418305,0.09875978013264572,161,ai,63,wls_sqrt_mcap,ham
gross_profitability,0.012674346345201723,1.2572195569955316,0.012674346345201723,0.1211873234118737,0.060591223620922646,158,ai,126,ols_rank_normal,tema_arındırılmış
gross_profitability,0.012674346345201721,1.2572195569955311,0.012674346345201721,0.1211873234118737,0.06059122362092263,158,ai,126,ols_rank_normal,ham
gross_profitability,0.07645470693544262,1.2977653743522295,0.012406940891411576,0.12095205470694646,0.06095532356406919,158,ai,126,ols_winsorized_raw,tema_arındırılmış
gross_profitability,0.07645470693544262,1.2977653743522295,0.012406940891411576,0.12095205470694645,0.06095532356406918,158,ai,126,ols_winsorized_raw,ham
gross_profitability,0.009476738212443018,0.9801362190842835,0.009476738212443018,0.15724466669180198,0.09892269097857431,158,ai,126,wls_sqrt_mcap,tema_arındırılmış
gross_profitability,0.009476738212443011,0.9801362190842823,0.009476738212443011,0.15724466669180195,0.09892269097857431,158,ai,126,wls_sqrt_mcap,ham
idio_vol_60d,-0.0010913927553782455,-0.6232272585964067,-0.0010913927553782455,0.13821463866647424,0.08173187335214477,182,ai,21,ols_rank_normal,tema_arındırılmış
idio_vol_60d,-0.0010913927553782455,-0.6232272585964067,-0.0010913927553782455,0.13821463866647424,0.08173187335214477,182,ai,21,ols_rank_normal,ham
idio_vol_60d,-0.0025482428739436536,-0.17565437353301602,-0.0004456815480290081,0.15163308113810778,0.09675490633194432,182,ai,21,ols_winsorized_raw,tema_arındırılmış
idio_vol_60d,-0.0025482428739436484,-0.1756543735330157,-0.0004456815480290072,0.15163308113810778,0.09675490633194431,182,ai,21,ols_winsorized_raw,ham
idio_vol_60d,-0.002443603797796534,-1.2859555971483445,-0.002443603797796534,0.17477187148123227,0.1209875703124834,182,ai,21,wls_sqrt_mcap,tema_arındırılmış
idio_vol_60d,-0.002443603797796535,-1.285955597148345,-0.002443603797796535,0.17477187148123222,0.1209875703124834,182,ai,21,wls_sqrt_mcap,ham
idio_vol_60d,-0.0009624856025031384,-0.209293150124988,-0.0009624856025031384,0.1199025966366831,0.06053000543623903,180,ai,63,ols_rank_normal,tema_arındırılmış
idio_vol_60d,-0.0009624856025031373,-0.20929315012498773,-0.0009624856025031373,0.1199025966366831,0.06053000543623905,180,ai,63,ols_rank_normal,ham
idio_vol_60d,0.0045761386288332,0.1224182207822575,0.0007977267073035193,0.13511103693171206,0.07761116090429687,180,ai,63,ols_winsorized_raw,tema_arındırılmış
idio_vol_60d,0.004576138628833188,0.12241822078225718,0.0007977267073035172,0.1351110369317121,0.0776111609042969,180,ai,63,ols_winsorized_raw,ham
idio_vol_60d,-0.004365872848078295,-0.9447405726383303,-0.004365872848078295,0.15671980414367015,0.10099435923366519,180,ai,63,wls_sqrt_mcap,tema_arındırılmış
idio_vol_60d,-0.004365872848078296,-0.9447405726383306,-0.004365872848078296,0.15671980414367012,0.10099435923366519,180,ai,63,wls_sqrt_mcap,ham
idio_vol_60d,0.000725936382404943,0.07398734533695099,0.000725936382404943,0.11525394909900442,0.05434707316576241,177,ai,126,ols_rank_normal,tema_arındırılmış
idio_vol_60d,0.0007259363824049409,0.07398734533695077,0.0007259363824049409,0.11525394909900438,0.0543470731657624,177,ai,126,ols_rank_normal,ham
idio_vol_60d,0.026241593389029573,0.37007164095336853,0.004533757251165524,0.12925114735564303,0.07001422337847948,177,ai,126,ols_winsorized_raw,tema_arındırılmış
idio_vol_60d,0.02624159338902958,0.3700716409533686,0.004533757251165526,0.12925114735564303,0.07001422337847948,177,ai,126,ols_winsorized_raw,ham
idio_vol_60d,-0.005289407396003647,-0.5677871280809825,-0.005289407396003647,0.159112435559835,0.10237488058708498,177,ai,126,wls_sqrt_mcap,tema_arındırılmış
idio_vol_60d,-0.005289407396003648,-0.5677871280809825,-0.005289407396003648,0.159112435559835,0.10237488058708498,177,ai,126,wls_sqrt_mcap,ham
max_ret_21d,-0.0012631740000463383,-0.8354073717245002,-0.0012631740000463383,0.13691283290197262,0.08054518822769982,182,ai,21,ols_rank_normal,tema_arındırılmış
max_ret_21d,-0.0012631740000463387,-0.8354073717245006,-0.0012631740000463387,0.13691283290197262,0.08054518822769983,182,ai,21,ols_rank_normal,ham
max_ret_21d,-0.04893823567875873,-0.9837589227224852,-0.0020458105998772728,0.14242434664400458,0.08602474190071169,182,ai,21,ols_winsorized_raw,tema_arındırılmış
max_ret_21d,-0.04893823567875874,-0.9837589227224853,-0.002045810599877273,0.1424243466440046,0.08602474190071172,182,ai,21,ols_winsorized_raw,ham
max_ret_21d,-0.0012528981795979566,-0.8225622220929467,-0.0012528981795979566,0.171025952706955,0.1172591098851325,182,ai,21,wls_sqrt_mcap,tema_arındırılmış
max_ret_21d,-0.0012528981795979566,-0.8225622220929467,-0.0012528981795979566,0.17102595270695498,0.1172591098851325,182,ai,21,wls_sqrt_mcap,ham
max_ret_21d,-0.004457955177308646,-1.4361983452955331,-0.004457955177308646,0.12007316876803494,0.06072956901006889,180,ai,63,ols_rank_normal,tema_arındırılmış
max_ret_21d,-0.004457955177308644,-1.4361983452955331,-0.004457955177308644,0.12007316876803495,0.0607295690100689,180,ai,63,ols_rank_normal,ham
max_ret_21d,-0.12406559004319481,-1.1251913875797446,-0.005156708656864921,0.12934224403546377,0.07136769065528914,180,ai,63,ols_winsorized_raw,tema_arındırılmış
max_ret_21d,-0.12406559004319476,-1.1251913875797441,-0.0051567086568649195,0.12934224403546377,0.07136769065528911,180,ai,63,ols_winsorized_raw,ham
max_ret_21d,-0.004616173788481827,-1.5183099912754048,-0.004616173788481827,0.15492221452203359,0.09874122514686559,180,ai,63,wls_sqrt_mcap,tema_arındırılmış
max_ret_21d,-0.004616173788481824,-1.5183099912754034,-0.004616173788481824,0.15492221452203359,0.09874122514686555,180,ai,63,wls_sqrt_mcap,ham
max_ret_21d,-0.004640975401005774,-0.7540986883417373,-0.004640975401005774,0.1127893605293381,0.05183022078253455,177,ai,126,ols_rank_normal,tema_arındırılmış
max_ret_21d,-0.004640975401005772,-0.7540986883417369,-0.004640975401005772,0.1127893605293381,0.05183022078253455,177,ai,126,ols_rank_normal,ham
max_ret_21d,-0.07283137995167395,-0.4006426851736432,-0.0029947793282784525,0.12118304868450547,0.061471532954570085,177,ai,126,ols_winsorized_raw,tema_arındırılmış
max_ret_21d,-0.07283137995167399,-0.40064268517364343,-0.0029947793282784543,0.12118304868450545,0.0614715329545701,177,ai,126,ols_winsorized_raw,ham
max_ret_21d,-0.00464226668491077,-0.7878860597437151,-0.00464226668491077,0.1582252452424635,0.1016511777102779,177,ai,126,wls_sqrt_mcap,tema_arındırılmış
max_ret_21d,-0.004642266684910774,-0.7878860597437154,-0.004642266684910774,0.1582252452424635,0.10165117771027787,177,ai,126,wls_sqrt_mcap,ham
mom_12_1,0.003211373496625149,1.9007104416574854,0.003211373496625149,0.14835907143142518,0.09241501196197899,182,ai,21,ols_rank_normal,tema_arındırılmış
mom_12_1,0.0032113734966251486,1.9007104416574854,0.0032113734966251486,0.14835907143142518,0.09241501196197899,182,ai,21,ols_rank_normal,ham
mom_12_1,0.00809254291554332,1.9536070027775716,0.00450698271088447,0.147508207963999,0.09109084885318948,182,ai,21,ols_winsorized_raw,tema_arındırılmış
mom_12_1,0.008092542915543309,1.9536070027775694,0.004506982710884464,0.147508207963999,0.09109084885318948,182,ai,21,ols_winsorized_raw,ham
mom_12_1,0.005015017155903512,2.640120413785,0.005015017155903512,0.17972073951999268,0.12617303494048218,182,ai,21,wls_sqrt_mcap,tema_arındırılmış
mom_12_1,0.005015017155903511,2.6401204137849983,0.005015017155903511,0.17972073951999268,0.1261730349404822,182,ai,21,wls_sqrt_mcap,ham
mom_12_1,0.009919567349468502,2.4850507491713096,0.009919567349468502,0.12786690492064715,0.06882651512149288,180,ai,63,ols_rank_normal,tema_arındırılmış
mom_12_1,0.0099195673494685,2.485050749171309,0.0099195673494685,0.12786690492064715,0.06882651512149288,180,ai,63,ols_rank_normal,ham
mom_12_1,0.025793053850236357,2.136132873954591,0.014155771771692673,0.13331031814453745,0.07474743592757108,180,ai,63,ols_winsorized_raw,tema_arındırılmış
mom_12_1,0.025793053850236353,2.136132873954591,0.014155771771692669,0.13331031814453745,0.07474743592757106,180,ai,63,ols_winsorized_raw,ham
mom_12_1,0.016180188703048434,3.365535032088461,0.016180188703048434,0.16599007843631805,0.11060850374972811,180,ai,63,wls_sqrt_mcap,tema_arındırılmış
mom_12_1,0.016180188703048437,3.3655350320884616,0.016180188703048437,0.16599007843631802,0.1106085037497281,180,ai,63,wls_sqrt_mcap,ham
mom_12_1,0.026104602608964037,3.763864062280717,0.026104602608964037,0.12349957263419703,0.06378668843022335,177,ai,126,ols_rank_normal,tema_arındırılmış
mom_12_1,0.026104602608964037,3.7638640622807156,0.026104602608964037,0.123499572634197,0.06378668843022334,177,ai,126,ols_rank_normal,ham
mom_12_1,0.06975845207281142,3.0810274545754672,0.03659809341526149,0.1319232861698046,0.0730828730828935,177,ai,126,ols_winsorized_raw,tema_arındırılmış
mom_12_1,0.06975845207281141,3.0810274545754663,0.03659809341526148,0.13192328616980464,0.07308287308289353,177,ai,126,ols_winsorized_raw,ham
mom_12_1,0.03564038515110367,4.1843959953246825,0.03564038515110367,0.16891954675093188,0.11330597349865762,177,ai,126,wls_sqrt_mcap,tema_arındırılmış
mom_12_1,0.03564038515110367,4.1843959953246825,0.03564038515110367,0.1689195467509319,0.11330597349865759,177,ai,126,wls_sqrt_mcap,ham
profitable_growth,4.845949040932033e-05,0.03549199458232724,4.845949040932033e-05,0.13531824606726156,0.07843950103236608,171,ai,21,ols_rank_normal,tema_arındırılmış
profitable_growth,4.845949040932285e-05,0.03549199458232909,4.845949040932285e-05,0.13531824606726156,0.07843950103236609,171,ai,21,ols_rank_normal,ham
profitable_growth,-0.00016239334379238715,-0.045823819778768524,-6.289848245419226e-05,0.13167975835063178,0.07432717594808376,171,ai,21,ols_winsorized_raw,tema_arındırılmış
profitable_growth,-0.00016239334379238422,-0.045823819778767705,-6.289848245419113e-05,0.13167975835063178,0.07432717594808376,171,ai,21,ols_winsorized_raw,ham
profitable_growth,0.0006596742079323951,0.43318915953243203,0.0006596742079323951,0.17885651908530392,0.12590732113323094,171,ai,21,wls_sqrt_mcap,tema_arındırılmış
profitable_growth,0.0006596742079323942,0.43318915953243153,0.0006596742079323942,0.1788565190853039,0.12590732113323092,171,ai,21,wls_sqrt_mcap,ham
profitable_growth,0.002458646268951488,0.597918974909038,0.002458646268951488,0.12976996775981822,0.07112229329819694,169,ai,63,ols_rank_normal,tema_arındırılmış
profitable_growth,0.0024586462689514883,0.5979189749090381,0.0024586462689514883,0.12976996775981822,0.07112229329819694,169,ai,63,ols_rank_normal,ham
profitable_growth,0.004233072690633576,0.40602642536123823,0.0016396214679937995,0.12772786858034035,0.06924547936949309,169,ai,63,ols_winsorized_raw,tema_arındırılmış
profitable_growth,0.004233072690633575,0.40602642536123806,0.0016396214679937988,0.12772786858034035,0.06924547936949309,169,ai,63,ols_winsorized_raw,ham
profitable_growth,0.0031073384632038354,0.6945417984028595,0.0031073384632038354,0.17579810768313417,0.12084485842943246,169,ai,63,wls_sqrt_mcap,tema_arındırılmış
profitable_growth,0.0031073384632038345,0.6945417984028592,0.0031073384632038345,0.17579810768313417,0.12084485842943246,169,ai,63,wls_sqrt_mcap,ham
profitable_growth,0.005544249658342379,0.6549251717513537,0.005544249658342379,0.12171568789747025,0.06133751456315997,166,ai,126,ols_rank_normal,tema_arındırılmış
profitable_growth,0.005544249658342378,0.6549251717513537,0.005544249658342378,0.12171568789747028,0.06133751456316,166,ai,126,ols_rank_normal,ham
profitable_growth,0.011548009637564322,0.5297067710124225,0.004470493154483645,0.12181356694154077,0.0620002469764004,166,ai,126,ols_winsorized_raw,tema_arındırılmış
profitable_growth,0.011548009637564312,0.5297067710124219,0.004470493154483642,0.12181356694154076,0.06200024697640039,166,ai,126,ols_winsorized_raw,ham
profitable_growth,0.006789663526485619,0.6947379679183119,0.006789663526485619,0.1793765129079945,0.12400554658813523,166,ai,126,wls_sqrt_mcap,tema_arındırılmış
profitable_growth,0.006789663526485616,0.6947379679183114,0.006789663526485616,0.1793765129079945,0.12400554658813523,166,ai,126,wls_sqrt_mcap,ham
share_issuance,0.0009137130624491789,0.5630239222482121,0.0009137130624491789,0.1383784109731942,0.087389831897537,172,ai,21,ols_rank_normal,tema_arındırılmış
share_issuance,0.0009137130624491789,0.5630239222482121,0.0009137130624491789,0.1383784109731942,0.087389831897537,172,ai,21,ols_rank_normal,ham
share_issuance,-0.0127798688142159,-0.7125800458794491,-0.0019378713409003824,0.1383424922825907,0.08653955785907076,172,ai,21,ols_winsorized_raw,tema_arındırılmış
share_issuance,-0.012779868814215901,-0.7125800458794491,-0.0019378713409003829,0.1383424922825907,0.08653955785907078,172,ai,21,ols_winsorized_raw,ham
share_issuance,0.0003890012664297705,0.23686986419236342,0.0003890012664297705,0.17394641588113044,0.12581834794078361,172,ai,21,wls_sqrt_mcap,tema_arındırılmış
share_issuance,0.00038900126642976967,0.23686986419236294,0.00038900126642976967,0.17394641588113044,0.12581834794078361,172,ai,21,wls_sqrt_mcap,ham
share_issuance,0.0026775715581111386,0.6072012545346437,0.0026775715581111386,0.12041557802820864,0.06585602436538267,170,ai,63,ols_rank_normal,tema_arındırılmış
share_issuance,0.0026775715581111386,0.6072012545346437,0.0026775715581111386,0.12041557802820861,0.06585602436538267,170,ai,63,ols_rank_normal,ham
share_issuance,0.013966686109284818,0.29202672825907583,0.0021094721499510132,0.11990995689853523,0.06473799562852445,170,ai,63,ols_winsorized_raw,tema_arındırılmış
share_issuance,0.013966686109284799,0.29202672825907544,0.00210947214995101,0.11990995689853522,0.06473799562852445,170,ai,63,ols_winsorized_raw,ham
share_issuance,0.002155255597991767,0.5086075570127467,0.002155255597991767,0.16046778179998736,0.10960821068207259,170,ai,63,wls_sqrt_mcap,tema_arındırılmış
share_issuance,0.0021552555979917664,0.5086075570127467,0.0021552555979917664,0.16046778179998736,0.10960821068207259,170,ai,63,wls_sqrt_mcap,ham
share_issuance,0.007970938438211062,0.872659751194418,0.007970938438211062,0.11890509508797963,0.06393733358637874,167,ai,126,ols_rank_normal,tema_arındırılmış
share_issuance,0.00797093843821106,0.8726597511944177,0.00797093843821106,0.11890509508797967,0.06393733358637875,167,ai,126,ols_rank_normal,ham
share_issuance,0.11461742299725784,1.0444665815386007,0.017240929126882108,0.1277158672159028,0.0727791359381798,167,ai,126,ols_winsorized_raw,tema_arındırılmış
share_issuance,0.11461742299725788,1.044466581538601,0.01724092912688211,0.12771586721590283,0.0727791359381798,167,ai,126,ols_winsorized_raw,ham
share_issuance,0.007308587196422971,0.8301925194551099,0.007308587196422971,0.1628846771334565,0.11197191278112643,167,ai,126,wls_sqrt_mcap,tema_arındırılmış
share_issuance,0.007308587196422973,0.8301925194551101,0.007308587196422973,0.1628846771334565,0.11197191278112643,167,ai,126,wls_sqrt_mcap,ham
sue,0.002677002905523703,2.913428728476219,0.002677002905523703,0.12421356643055159,0.07164233267262902,169,ai,21,ols_rank_normal,tema_arındırılmış
sue,0.002677002905523703,2.913428728476219,0.002677002905523703,0.12421356643055156,0.07164233267262902,169,ai,21,ols_rank_normal,ham
sue,0.00198622892351031,2.5828707095813903,0.002496024653866344,0.12198482584651182,0.0691455687885136,169,ai,21,ols_winsorized_raw,tema_arındırılmış
sue,0.0019862289235103086,2.5828707095813885,0.0024960246538663425,0.1219848258465118,0.06914556878851362,169,ai,21,ols_winsorized_raw,ham
sue,0.0020666225914305033,2.33253208077414,0.0020666225914305033,0.15763925227514383,0.1071555276042308,169,ai,21,wls_sqrt_mcap,tema_arındırılmış
sue,0.0020666225914305046,2.3325320807741416,0.0020666225914305046,0.15763925227514383,0.1071555276042308,169,ai,21,wls_sqrt_mcap,ham
sue,0.00621608814841554,2.542905119825906,0.00621608814841554,0.10930011829444461,0.0538969566028742,167,ai,63,ols_rank_normal,tema_arındırılmış
sue,0.006216088148415542,2.542905119825907,0.006216088148415542,0.10930011829444461,0.0538969566028742,167,ai,63,ols_rank_normal,ham
sue,0.004715343772987662,2.2123590929099817,0.005928293482231836,0.1098671068665943,0.054828233779452056,167,ai,63,ols_winsorized_raw,tema_arındırılmış
sue,0.004715343772987662,2.2123590929099812,0.005928293482231836,0.1098671068665943,0.05482823377945207,167,ai,63,ols_winsorized_raw,ham
sue,0.006919013641955447,2.9430259821646234,0.006919013641955447,0.14935311851047764,0.09705948485822725,167,ai,63,wls_sqrt_mcap,tema_arındırılmış
sue,0.006919013641955444,2.943025982164622,0.006919013641955444,0.14935311851047764,0.09705948485822727,167,ai,63,wls_sqrt_mcap,ham
sue,0.013239578040744106,3.063023886788573,0.013239578040744106,0.10467654744849736,0.048064894976429184,164,ai,126,ols_rank_normal,tema_arındırılmış
sue,0.013239578040744106,3.063023886788573,0.013239578040744106,0.10467654744849733,0.04806489497642916,164,ai,126,ols_rank_normal,ham
sue,0.009386698556277976,2.484420462418222,0.01180729818992555,0.10620680295634104,0.05018915022437829,164,ai,126,ols_winsorized_raw,tema_arındırılmış
sue,0.009386698556277976,2.484420462418221,0.01180729818992555,0.10620680295634104,0.05018915022437827,164,ai,126,ols_winsorized_raw,ham
sue,0.012798505332275417,2.6614822517215058,0.012798505332275417,0.15024060345242857,0.09674433423529141,164,ai,126,wls_sqrt_mcap,tema_arındırılmış
sue,0.012798505332275412,2.661482251721505,0.012798505332275412,0.15024060345242854,0.0967443342352914,164,ai,126,wls_sqrt_mcap,ham
sue_announce,0.0029180575674125605,2.052344277115607,0.0029180575674125605,0.1379962900879851,0.0807320399904305,132,ai,21,ols_rank_normal,tema_arındırılmış
sue_announce,0.00291805756741256,2.0523442771156066,0.00291805756741256,0.13799629008798509,0.0807320399904305,132,ai,21,ols_rank_normal,ham
sue_announce,0.0015454098433143578,1.7249552921555438,0.0023622935697529142,0.13250691112046423,0.07455100540030021,132,ai,21,ols_winsorized_raw,tema_arındırılmış
sue_announce,0.0015454098433143576,1.7249552921555433,0.0023622935697529142,0.13250691112046423,0.07455100540030024,132,ai,21,ols_winsorized_raw,ham
sue_announce,0.0025886873250348737,1.7408941208342033,0.0025886873250348737,0.17486968554893628,0.1203455130023085,132,ai,21,wls_sqrt_mcap,tema_arındırılmış
sue_announce,0.0025886873250348767,1.7408941208342057,0.0025886873250348767,0.17486968554893628,0.12034551300230849,132,ai,21,wls_sqrt_mcap,ham
sue_announce,0.010076244432053322,2.814029556072494,0.010076244432053322,0.13111306201670891,0.07271339332216896,130,ai,63,ols_rank_normal,tema_arındırılmış
sue_announce,0.010076244432053323,2.8140295560724944,0.010076244432053323,0.13111306201670894,0.072713393322169,130,ai,63,ols_rank_normal,ham
sue_announce,0.006140291071616702,2.601208700551038,0.009379803552937676,0.12482188231595756,0.06533470087341951,130,ai,63,ols_winsorized_raw,tema_arındırılmış
sue_announce,0.006140291071616704,2.6012087005510387,0.009379803552937677,0.12482188231595756,0.0653347008734195,130,ai,63,ols_winsorized_raw,ham
sue_announce,0.008415837500996396,2.1147358342320124,0.008415837500996396,0.16667550301804215,0.11077451434879876,130,ai,63,wls_sqrt_mcap,tema_arındırılmış
sue_announce,0.0084158375009964,2.1147358342320137,0.0084158375009964,0.16667550301804213,0.11077451434879877,130,ai,63,wls_sqrt_mcap,ham
sue_announce,0.022101656890572457,3.6987913927831637,0.022101656890572457,0.12604011928335654,0.06640908183032562,127,ai,126,ols_rank_normal,tema_arındırılmış
sue_announce,0.022101656890572464,3.698791392783165,0.022101656890572464,0.12604011928335657,0.06640908183032565,127,ai,126,ols_rank_normal,ham
sue_announce,0.013704796536295026,3.2494689885093413,0.02092152381169211,0.120641929329533,0.06021083721499576,127,ai,126,ols_winsorized_raw,tema_arındırılmış
sue_announce,0.013704796536295022,3.2494689885093404,0.020921523811692107,0.12064192932953301,0.06021083721499576,127,ai,126,ols_winsorized_raw,ham
sue_announce,0.015958574915487127,2.2111793054634123,0.015958574915487127,0.1742104969395331,0.1183640947737287,127,ai,126,wls_sqrt_mcap,tema_arındırılmış
sue_announce,0.01595857491548714,2.2111793054634146,0.01595857491548714,0.1742104969395331,0.11836409477372872,127,ai,126,wls_sqrt_mcap,ham
asset_growth,-0.006657881260974023,-2.5634021030631113,-0.006657881260974023,0.5837024963863798,0.24692194543165952,95,ai,21,ols_rank_normal_all,tema_arındırılmış
capex_at,-0.003622289213212437,-1.4782397069324047,-0.003622289213212437,0.5837024963863798,0.24692194543165952,95,ai,21,ols_rank_normal_all,tema_arındırılmış
cash_runway_years,0.005861830709503757,1.0068436111208185,0.005861830709503757,0.5837024963863798,0.24692194543165952,95,ai,21,ols_rank_normal_all,tema_arındırılmış
cop_at,-0.006106531477649046,-1.5217614721320674,-0.006106531477649046,0.5837024963863798,0.24692194543165952,95,ai,21,ols_rank_normal_all,tema_arındırılmış
dist_52w_high,-0.00015567192310753976,-0.04516427639681814,-0.00015567192310753976,0.5837024963863798,0.24692194543165952,95,ai,21,ols_rank_normal_all,tema_arındırılmış
droe,0.0012013433573713882,0.3768664475168481,0.0012013433573713882,0.5837024963863798,0.24692194543165952,95,ai,21,ols_rank_normal_all,tema_arındırılmış
ear_3d,0.0012677878412656928,0.5228583969352518,0.0012677878412656928,0.5837024963863798,0.24692194543165952,95,ai,21,ols_rank_normal_all,tema_arındırılmış
ebit_ev,-0.005235241599680625,-1.7725722174239908,-0.005235241599680625,0.5837024963863798,0.24692194543165952,95,ai,21,ols_rank_normal_all,tema_arındırılmış
gross_profitability,0.0011152440176786052,0.42038519754821224,0.0011152440176786052,0.5837024963863798,0.24692194543165952,95,ai,21,ols_rank_normal_all,tema_arındırılmış
idio_vol_60d,0.004106595756657587,1.3033443826315707,0.004106595756657587,0.5837024963863798,0.24692194543165952,95,ai,21,ols_rank_normal_all,tema_arındırılmış
max_ret_21d,-0.002914474798558963,-0.9329769690920192,-0.002914474798558963,0.5837024963863798,0.24692194543165952,95,ai,21,ols_rank_normal_all,tema_arındırılmış
mom_12_1,0.0031376521266244946,0.8531484373145142,0.0031376521266244946,0.5837024963863798,0.24692194543165952,95,ai,21,ols_rank_normal_all,tema_arındırılmış
net_debt_ebitda,-7.302072164802824e-05,-0.030329360888387988,-7.302072164802824e-05,0.5837024963863798,0.24692194543165952,95,ai,21,ols_rank_normal_all,tema_arındırılmış
ocf_ev,0.007970623227602242,2.0637208421838285,0.007970623227602242,0.5837024963863798,0.24692194543165952,95,ai,21,ols_rank_normal_all,tema_arındırılmış
profitable_growth,-0.0019979747576826094,-0.8231595556684999,-0.0019979747576826094,0.5837024963863798,0.24692194543165952,95,ai,21,ols_rank_normal_all,tema_arındırılmış
share_issuance,0.0038993151901111933,1.6295720724195983,0.0038993151901111933,0.5837024963863798,0.24692194543165952,95,ai,21,ols_rank_normal_all,tema_arındırılmış
sue,-0.0014566202386526593,-0.46655219836106626,-0.0014566202386526593,0.5837024963863798,0.24692194543165952,95,ai,21,ols_rank_normal_all,tema_arındırılmış
sue_announce,5.6275921865266204e-05,0.026757665124744836,5.6275921865266204e-05,0.5837024963863798,0.24692194543165952,95,ai,21,ols_rank_normal_all,tema_arındırılmış
asset_growth,-0.01549128585727187,-3.091509549911877,-0.01549128585727187,0.550957641159885,0.14243508627517715,93,ai,63,ols_rank_normal_all,tema_arındırılmış
capex_at,-0.010680877656566256,-1.6336837839878278,-0.010680877656566256,0.550957641159885,0.14243508627517715,93,ai,63,ols_rank_normal_all,tema_arındırılmış
cash_runway_years,0.00029467492908725296,0.02125265400351045,0.00029467492908725296,0.550957641159885,0.14243508627517715,93,ai,63,ols_rank_normal_all,tema_arındırılmış
cop_at,-0.004528399934701158,-0.4451823571036097,-0.004528399934701158,0.550957641159885,0.14243508627517715,93,ai,63,ols_rank_normal_all,tema_arındırılmış
dist_52w_high,0.007118544075862104,1.344525807857692,0.007118544075862104,0.550957641159885,0.14243508627517715,93,ai,63,ols_rank_normal_all,tema_arındırılmış
droe,-0.0010964711189621812,-0.17496378088417283,-0.0010964711189621812,0.550957641159885,0.14243508627517715,93,ai,63,ols_rank_normal_all,tema_arındırılmış
ear_3d,-0.0014963529886247227,-0.29295740519677593,-0.0014963529886247227,0.550957641159885,0.14243508627517715,93,ai,63,ols_rank_normal_all,tema_arındırılmış
ebit_ev,-0.005589942828137491,-0.7364621344329972,-0.005589942828137491,0.550957641159885,0.14243508627517715,93,ai,63,ols_rank_normal_all,tema_arındırılmış
gross_profitability,0.0007506643515872169,0.12657278934532898,0.0007506643515872169,0.550957641159885,0.14243508627517715,93,ai,63,ols_rank_normal_all,tema_arındırılmış
idio_vol_60d,0.004050854632667103,0.674865964199608,0.004050854632667103,0.550957641159885,0.14243508627517715,93,ai,63,ols_rank_normal_all,tema_arındırılmış
max_ret_21d,-0.004995185910110734,-0.9990778048553066,-0.004995185910110734,0.550957641159885,0.14243508627517715,93,ai,63,ols_rank_normal_all,tema_arındırılmış
mom_12_1,0.007202870952071914,0.9030761009633178,0.007202870952071914,0.550957641159885,0.14243508627517715,93,ai,63,ols_rank_normal_all,tema_arındırılmış
net_debt_ebitda,0.0012680967058035317,0.21139551728936626,0.0012680967058035317,0.550957641159885,0.14243508627517715,93,ai,63,ols_rank_normal_all,tema_arındırılmış
ocf_ev,0.008188342548621755,0.8302165384759475,0.008188342548621755,0.550957641159885,0.14243508627517715,93,ai,63,ols_rank_normal_all,tema_arındırılmış
profitable_growth,-0.0031649756315704565,-0.4436318450895961,-0.0031649756315704565,0.550957641159885,0.14243508627517715,93,ai,63,ols_rank_normal_all,tema_arındırılmış
share_issuance,0.012167762626375795,2.157726330834354,0.012167762626375795,0.550957641159885,0.14243508627517715,93,ai,63,ols_rank_normal_all,tema_arındırılmış
sue,0.0014046173573356515,0.21555419428219955,0.0014046173573356515,0.550957641159885,0.14243508627517715,93,ai,63,ols_rank_normal_all,tema_arındırılmış
sue_announce,-0.0016914793818045245,-0.3065048483437271,-0.0016914793818045245,0.550957641159885,0.14243508627517715,93,ai,63,ols_rank_normal_all,tema_arındırılmış
asset_growth,-0.02292926951588983,-2.238403754779682,-0.02292926951588983,0.5604922081495836,0.1585704172487645,90,ai,126,ols_rank_normal_all,tema_arındırılmış
capex_at,-0.01939498552918062,-1.2677981486924619,-0.01939498552918062,0.5604922081495836,0.1585704172487645,90,ai,126,ols_rank_normal_all,tema_arındırılmış
cash_runway_years,-0.010902694513198228,-0.2929742240526011,-0.010902694513198228,0.5604922081495836,0.1585704172487645,90,ai,126,ols_rank_normal_all,tema_arındırılmış
cop_at,0.0008123888299962221,0.040999559461958525,0.0008123888299962221,0.5604922081495836,0.1585704172487645,90,ai,126,ols_rank_normal_all,tema_arındırılmış
dist_52w_high,0.01714553125225665,1.7570373181340426,0.01714553125225665,0.5604922081495836,0.1585704172487645,90,ai,126,ols_rank_normal_all,tema_arındırılmış
droe,0.005892101553601721,0.6233675450342643,0.005892101553601721,0.5604922081495836,0.1585704172487645,90,ai,126,ols_rank_normal_all,tema_arındırılmış
ear_3d,-0.00693806554347032,-0.7870877752828971,-0.00693806554347032,0.5604922081495836,0.1585704172487645,90,ai,126,ols_rank_normal_all,tema_arındırılmış
ebit_ev,-0.0019828369491995657,-0.15752079414803666,-0.0019828369491995657,0.5604922081495836,0.1585704172487645,90,ai,126,ols_rank_normal_all,tema_arındırılmış
gross_profitability,-0.004014406656856214,-0.5079133692974861,-0.004014406656856214,0.5604922081495836,0.1585704172487645,90,ai,126,ols_rank_normal_all,tema_arındırılmış
idio_vol_60d,-0.004140750940337717,-0.41957956740207325,-0.004140750940337717,0.5604922081495836,0.1585704172487645,90,ai,126,ols_rank_normal_all,tema_arındırılmış
max_ret_21d,-0.00466339598637431,-0.5182731377570938,-0.00466339598637431,0.5604922081495836,0.1585704172487645,90,ai,126,ols_rank_normal_all,tema_arındırılmış
mom_12_1,0.028837923510293115,2.5762808285082035,0.028837923510293115,0.5604922081495836,0.1585704172487645,90,ai,126,ols_rank_normal_all,tema_arındırılmış
net_debt_ebitda,0.0029953321382352282,0.2884308724056076,0.0029953321382352282,0.5604922081495836,0.1585704172487645,90,ai,126,ols_rank_normal_all,tema_arındırılmış
ocf_ev,0.012505485585912095,0.7461860241351085,0.012505485585912095,0.5604922081495836,0.1585704172487645,90,ai,126,ols_rank_normal_all,tema_arındırılmış
profitable_growth,-0.014605289376830944,-1.2353602642693426,-0.014605289376830944,0.5604922081495836,0.1585704172487645,90,ai,126,ols_rank_normal_all,tema_arındırılmış
share_issuance,0.0108520137072922,1.3445776933056814,0.0108520137072922,0.5604922081495836,0.1585704172487645,90,ai,126,ols_rank_normal_all,tema_arındırılmış
sue,-0.008078428108505575,-0.7003154651827147,-0.008078428108505575,0.5604922081495836,0.1585704172487645,90,ai,126,ols_rank_normal_all,tema_arındırılmış
sue_announce,0.00029143783238515984,0.026519188627969807,0.00029143783238515984,0.5604922081495836,0.1585704172487645,90,ai,126,ols_rank_normal_all,tema_arındırılmış
asset_growth,-0.0005155709471225908,-0.26676001898553264,-0.0005155709471225908,0.16923179179676562,0.09242187492422423,172,ai/ai_infrastructure,21,ols_rank_normal,tema_arındırılmış
asset_growth,-0.0005155709471225905,-0.2667600189855324,-0.0005155709471225905,0.16923179179676565,0.09242187492422423,172,ai/ai_infrastructure,21,ols_rank_normal,ham
asset_growth,0.005841067602451699,0.758659270647515,0.0022305836628468104,0.1773730944503746,0.10152843233149329,172,ai/ai_infrastructure,21,ols_winsorized_raw,tema_arındırılmış
asset_growth,0.005841067602451711,0.7586592706475167,0.002230583662846815,0.17737309445037458,0.10152843233149328,172,ai/ai_infrastructure,21,ols_winsorized_raw,ham
asset_growth,-0.0014718585355937299,-0.8455709682245225,-0.0014718585355937299,0.18608408030574647,0.11102523572252167,172,ai/ai_infrastructure,21,wls_sqrt_mcap,tema_arındırılmış
asset_growth,-0.0014718585355937312,-0.8455709682245232,-0.0014718585355937312,0.18608408030574647,0.11102523572252167,172,ai/ai_infrastructure,21,wls_sqrt_mcap,ham
asset_growth,-0.0025127587280853623,-0.44370203306902223,-0.0025127587280853623,0.15036973201956882,0.07082416256585887,170,ai/ai_infrastructure,63,ols_rank_normal,tema_arındırılmış
asset_growth,-0.0025127587280853636,-0.44370203306902245,-0.0025127587280853636,0.15036973201956882,0.0708241625658589,170,ai/ai_infrastructure,63,ols_rank_normal,ham
asset_growth,0.015869542389854635,0.678610829860077,0.005949708934886847,0.1615058369861389,0.0829968512313433,170,ai/ai_infrastructure,63,ols_winsorized_raw,tema_arındırılmış
asset_growth,0.01586954238985463,0.6786108298600768,0.0059497089348868465,0.16150583698613893,0.0829968512313433,170,ai/ai_infrastructure,63,ols_winsorized_raw,ham
asset_growth,-0.0015869090383665038,-0.29397574556335554,-0.0015869090383665038,0.17477830963701593,0.09803844241958937,170,ai/ai_infrastructure,63,wls_sqrt_mcap,tema_arındırılmış
asset_growth,-0.0015869090383665045,-0.29397574556335565,-0.0015869090383665045,0.17477830963701596,0.09803844241958937,170,ai/ai_infrastructure,63,wls_sqrt_mcap,ham
asset_growth,-0.000219300399092116,-0.01695664481779433,-0.000219300399092116,0.13757967042100774,0.05575619594245406,167,ai/ai_infrastructure,126,ols_rank_normal,tema_arındırılmış
asset_growth,-0.00021930039909210636,-0.01695664481779358,-0.00021930039909210636,0.13757967042100772,0.055756195942454054,167,ai/ai_infrastructure,126,ols_rank_normal,ham
asset_growth,0.02824811826527077,0.6667662579849695,0.010384397762097217,0.1420687987511966,0.06099305995766591,167,ai/ai_infrastructure,126,ols_winsorized_raw,tema_arındırılmış
asset_growth,0.028248118265270763,0.6667662579849694,0.010384397762097215,0.1420687987511966,0.06099305995766593,167,ai/ai_infrastructure,126,ols_winsorized_raw,ham
asset_growth,0.0034892478966366417,0.27996497930081227,0.0034892478966366417,0.15316732622667098,0.07290899074922698,167,ai/ai_infrastructure,126,wls_sqrt_mcap,tema_arındırılmış
asset_growth,0.0034892478966366443,0.27996497930081254,0.0034892478966366443,0.15316732622667095,0.07290899074922697,167,ai/ai_infrastructure,126,wls_sqrt_mcap,ham
capex_at,-0.0002509196023660907,-0.12193466372252194,-0.0002509196023660907,0.16948246180300602,0.09042329366990996,169,ai/ai_infrastructure,21,ols_rank_normal,tema_arındırılmış
capex_at,-0.00025091960236608887,-0.12193466372252108,-0.00025091960236608887,0.16948246180300602,0.09042329366990999,169,ai/ai_infrastructure,21,ols_rank_normal,ham
capex_at,-0.0024177769233919974,-0.026381865069604923,-7.088570424484394e-05,0.17282867186043904,0.09395829499310325,169,ai/ai_infrastructure,21,ols_winsorized_raw,tema_arındırılmış
capex_at,-0.0024177769233920104,-0.02638186506960507,-7.088570424484432e-05,0.17282867186043907,0.09395829499310326,169,ai/ai_infrastructure,21,ols_winsorized_raw,ham
capex_at,0.001234045753211595,0.6449050886004646,0.001234045753211595,0.18376393463515375,0.10619205857058955,169,ai/ai_infrastructure,21,wls_sqrt_mcap,tema_arındırılmış
capex_at,0.0012340457532115942,0.6449050886004642,0.0012340457532115942,0.18376393463515375,0.10619205857058955,169,ai/ai_infrastructure,21,wls_sqrt_mcap,ham
capex_at,-0.004188342231120266,-0.6802596354815846,-0.004188342231120266,0.153814075246012,0.07222113039008764,167,ai/ai_infrastructure,63,ols_rank_normal,tema_arındırılmış
capex_at,-0.00418834223112025,-0.6802596354815819,-0.00418834223112025,0.153814075246012,0.07222113039008765,167,ai/ai_infrastructure,63,ols_rank_normal,ham
capex_at,-0.17666433996044034,-0.7328552119843688,-0.005113601297327064,0.1577646484273728,0.07657515014427044,167,ai/ai_infrastructure,63,ols_winsorized_raw,tema_arındırılmış
capex_at,-0.17666433996044031,-0.7328552119843685,-0.005113601297327063,0.1577646484273728,0.07657515014427047,167,ai/ai_infrastructure,63,ols_winsorized_raw,ham
capex_at,0.0016244057311575182,0.24966678227438577,0.0016244057311575182,0.16896183085435865,0.08891807707123657,167,ai/ai_infrastructure,63,wls_sqrt_mcap,tema_arındırılmış
capex_at,0.0016244057311575121,0.24966678227438494,0.0016244057311575121,0.16896183085435865,0.08891807707123656,167,ai/ai_infrastructure,63,wls_sqrt_mcap,ham
capex_at,-0.008181874429907234,-0.6920167641130679,-0.008181874429907234,0.12886187406506877,0.043800853292644555,164,ai/ai_infrastructure,126,ols_rank_normal,tema_arındırılmış
capex_at,-0.008181874429907216,-0.6920167641130665,-0.008181874429907216,0.12886187406506877,0.04380085329264456,164,ai/ai_infrastructure,126,ols_rank_normal,ham
capex_at,-0.2694258915374746,-0.7176585554314571,-0.007699308125142896,0.13577276172525035,0.051473708178169465,164,ai/ai_infrastructure,126,ols_winsorized_raw,tema_arındırılmış
capex_at,-0.26942589153747465,-0.7176585554314573,-0.007699308125142897,0.13577276172525035,0.051473708178169465,164,ai/ai_infrastructure,126,ols_winsorized_raw,ham
capex_at,-0.0004889116532001732,-0.038428105701714656,-0.0004889116532001732,0.1513243046043824,0.06893988044985841,164,ai/ai_infrastructure,126,wls_sqrt_mcap,tema_arındırılmış
capex_at,-0.0004889116532001728,-0.03842810570171462,-0.0004889116532001728,0.1513243046043824,0.0689398804498584,164,ai/ai_infrastructure,126,wls_sqrt_mcap,ham
cash_runway_years,,,,0.4652414133948216,0.3193981625025002,1,ai/ai_infrastructure,21,ols_rank_normal,tema_arındırılmış
cash_runway_years,,,,0.4652414133948217,0.3193981625025004,1,ai/ai_infrastructure,21,ols_rank_normal,ham
cash_runway_years,,,,0.11330812251249278,-0.1285169349841,1,ai/ai_infrastructure,21,ols_winsorized_raw,tema_arındırılmış
cash_runway_years,,,,0.11330812251249256,-0.12851693498410044,1,ai/ai_infrastructure,21,ols_winsorized_raw,ham
cash_runway_years,,,,0.5373811100074224,0.41121232182762846,1,ai/ai_infrastructure,21,wls_sqrt_mcap,tema_arındırılmış
cash_runway_years,,,,0.5373811100074223,0.41121232182762835,1,ai/ai_infrastructure,21,wls_sqrt_mcap,ham
cash_runway_years,,,,0.5907124488133519,0.47908857121699344,1,ai/ai_infrastructure,63,ols_rank_normal,tema_arındırılmış
cash_runway_years,,,,0.590712448813352,0.47908857121699355,1,ai/ai_infrastructure,63,ols_rank_normal,ham
cash_runway_years,,,,0.3955421555451948,0.23069001614842966,1,ai/ai_infrastructure,63,ols_winsorized_raw,tema_arındırılmış
cash_runway_years,,,,0.3955421555451949,0.23069001614842977,1,ai/ai_infrastructure,63,ols_winsorized_raw,ham
cash_runway_years,,,,0.5825215236273843,0.4686637573439436,1,ai/ai_infrastructure,63,wls_sqrt_mcap,tema_arındırılmış
cash_runway_years,,,,0.5825215236273844,0.46866375734394383,1,ai/ai_infrastructure,63,wls_sqrt_mcap,ham
cop_at,0.001289980769440449,0.8260648353961791,0.001289980769440449,0.17277399006863456,0.09163164542475845,171,ai/ai_infrastructure,21,ols_rank_normal,tema_arındırılmış
cop_at,0.001289980769440449,0.8260648353961791,0.001289980769440449,0.17277399006863456,0.09163164542475843,171,ai/ai_infrastructure,21,ols_rank_normal,ham
cop_at,0.03704261367062841,1.2838352590854354,0.0019553592121825314,0.16535161535657072,0.08341380934307113,171,ai/ai_infrastructure,21,ols_winsorized_raw,tema_arındırılmış
cop_at,0.03704261367062839,1.2838352590854347,0.00195535921218253,0.16535161535657067,0.08341380934307113,171,ai/ai_infrastructure,21,ols_winsorized_raw,ham
cop_at,0.0014243856947888903,0.9649025506874711,0.0014243856947888903,0.18762187916649845,0.1078748445501719,171,ai/ai_infrastructure,21,wls_sqrt_mcap,tema_arındırılmış
cop_at,0.0014243856947888922,0.9649025506874718,0.0014243856947888922,0.18762187916649845,0.1078748445501719,171,ai/ai_infrastructure,21,wls_sqrt_mcap,ham
cop_at,0.005605265700598011,1.4489765998468538,0.005605265700598011,0.16315101435317722,0.07979119936944416,169,ai/ai_infrastructure,63,ols_rank_normal,tema_arındırılmış
cop_at,0.005605265700598011,1.4489765998468538,0.005605265700598011,0.16315101435317728,0.07979119936944416,169,ai/ai_infrastructure,63,ols_rank_normal,ham
cop_at,0.12973457975793232,1.7732221162380262,0.006830683920410991,0.16163558891960236,0.0783814456111194,169,ai/ai_infrastructure,63,ols_winsorized_raw,tema_arındırılmış
cop_at,0.12973457975793232,1.7732221162380262,0.006830683920410991,0.1616355889196024,0.07838144561111941,169,ai/ai_infrastructure,63,ols_winsorized_raw,ham
cop_at,0.005725885469607853,1.5029853916758178,0.005725885469607853,0.1783393874971223,0.09619418158430111,169,ai/ai_infrastructure,63,wls_sqrt_mcap,tema_arındırılmış
cop_at,0.005725885469607848,1.502985391675817,0.005725885469607848,0.1783393874971223,0.09619418158430108,169,ai/ai_infrastructure,63,wls_sqrt_mcap,ham
cop_at,0.0027721715077929443,0.3075352663034329,0.0027721715077929443,0.13880756501329553,0.05192016680500602,166,ai/ai_infrastructure,126,ols_rank_normal,tema_arındırılmış
cop_at,0.0027721715077929435,0.30753526630343275,0.0027721715077929435,0.13880756501329553,0.051920166805006,166,ai/ai_infrastructure,126,ols_rank_normal,ham
cop_at,0.1274827207443714,0.8407754154576219,0.00669523380035003,0.13715797593584847,0.050421651309267,166,ai/ai_infrastructure,126,ols_winsorized_raw,tema_arındırılmış
cop_at,0.12748272074437136,0.8407754154576217,0.006695233800350029,0.13715797593584847,0.05042165130926699,166,ai/ai_infrastructure,126,ols_winsorized_raw,ham
cop_at,0.007424273058921352,0.9627989734637197,0.007424273058921352,0.1593071625929103,0.07447440808983488,166,ai/ai_infrastructure,126,wls_sqrt_mcap,tema_arındırılmış
cop_at,0.007424273058921353,0.9627989734637199,0.007424273058921353,0.1593071625929103,0.07447440808983485,166,ai/ai_infrastructure,126,wls_sqrt_mcap,ham
dist_52w_high,0.002232515598062215,0.9276604205295242,0.002232515598062215,0.18094378801159236,0.09938860124425176,181,ai/ai_infrastructure,21,ols_rank_normal,tema_arındırılmış
dist_52w_high,0.0022325155980622157,0.9276604205295247,0.0022325155980622157,0.18094378801159236,0.0993886012442518,181,ai/ai_infrastructure,21,ols_rank_normal,ham
dist_52w_high,0.015839272756475828,0.8345441004115809,0.0023126859831092473,0.19425922750319902,0.1138043272974885,181,ai/ai_infrastructure,21,ols_winsorized_raw,tema_arındırılmış
dist_52w_high,0.015839272756475824,0.8345441004115808,0.0023126859831092464,0.194259227503199,0.11380432729748848,181,ai/ai_infrastructure,21,ols_winsorized_raw,ham
dist_52w_high,0.0016860819607975924,0.8133490312529854,0.0016860819607975924,0.1913083833259831,0.11081553339783683,181,ai/ai_infrastructure,21,wls_sqrt_mcap,tema_arındırılmış
dist_52w_high,0.0016860819607975917,0.8133490312529853,0.0016860819607975917,0.19130838332598313,0.11081553339783681,181,ai/ai_infrastructure,21,wls_sqrt_mcap,ham
dist_52w_high,0.010728438505965646,1.7567146863829295,0.010728438505965646,0.16678938624054662,0.08245616134578115,179,ai/ai_infrastructure,63,ols_rank_normal,tema_arındırılmış
dist_52w_high,0.010728438505965646,1.7567146863829293,0.010728438505965646,0.16678938624054665,0.08245616134578117,179,ai/ai_infrastructure,63,ols_rank_normal,ham
dist_52w_high,0.08221710749736698,1.7259926352915682,0.011950902846419557,0.18492653121841454,0.1026727678029846,179,ai/ai_infrastructure,63,ols_winsorized_raw,tema_arındırılmış
dist_52w_high,0.082217107497367,1.7259926352915687,0.01195090284641956,0.18492653121841454,0.10267276780298464,179,ai/ai_infrastructure,63,ols_winsorized_raw,ham
dist_52w_high,0.007490095437739635,1.4187718714375734,0.007490095437739635,0.17849596703854193,0.09568549689164244,179,ai/ai_infrastructure,63,wls_sqrt_mcap,tema_arındırılmış
dist_52w_high,0.007490095437739635,1.4187718714375734,0.007490095437739635,0.17849596703854193,0.09568549689164241,179,ai/ai_infrastructure,63,wls_sqrt_mcap,ham
dist_52w_high,0.027784815593926745,2.2513645324994647,0.027784815593926745,0.15549294577876663,0.06981820628172203,176,ai/ai_infrastructure,126,ols_rank_normal,tema_arındırılmış
dist_52w_high,0.02778481559392674,2.251364532499464,0.02778481559392674,0.15549294577876663,0.06981820628172203,176,ai/ai_infrastructure,126,ols_rank_normal,ham
dist_52w_high,0.20933140815025747,2.2822432948062987,0.03024775747216515,0.17563685188390538,0.09248999028874082,176,ai/ai_infrastructure,126,ols_winsorized_raw,tema_arındırılmış
dist_52w_high,0.20933140815025747,2.2822432948062983,0.03024775747216515,0.17563685188390538,0.09248999028874083,176,ai/ai_infrastructure,126,ols_winsorized_raw,ham
dist_52w_high,0.02113266274950405,1.8086908522380971,0.02113266274950405,0.17356507676427158,0.09126195872334045,176,ai/ai_infrastructure,126,wls_sqrt_mcap,tema_arındırılmış
dist_52w_high,0.02113266274950405,1.8086908522380971,0.02113266274950405,0.1735650767642716,0.09126195872334045,176,ai/ai_infrastructure,126,wls_sqrt_mcap,ham
droe,0.004854824100247365,3.0658347069562137,0.004854824100247365,0.1700677393665081,0.08338257751257644,164,ai/ai_infrastructure,21,ols_rank_normal,tema_arındırılmış
droe,0.004854824100247363,3.0658347069562124,0.004854824100247363,0.17006773936650807,0.08338257751257641,164,ai/ai_infrastructure,21,ols_rank_normal,ham
droe,0.04005793532000799,2.2335537432398405,0.005358522014318718,0.1750473968301804,0.08896580287355765,164,ai/ai_infrastructure,21,ols_winsorized_raw,tema_arındırılmış
droe,0.04005793532000799,2.2335537432398405,0.005358522014318718,0.17504739683018036,0.08896580287355763,164,ai/ai_infrastructure,21,ols_winsorized_raw,ham
droe,0.003071633049031637,1.8548609688732554,0.003071633049031637,0.18774513248284222,0.10332978368999987,164,ai/ai_infrastructure,21,wls_sqrt_mcap,tema_arındırılmış
droe,0.003071633049031634,1.8548609688732534,0.003071633049031634,0.18774513248284225,0.10332978368999984,164,ai/ai_infrastructure,21,wls_sqrt_mcap,ham
droe,0.01141140102222175,2.5871783999698517,0.01141140102222175,0.15867846005992575,0.06974364789682888,162,ai/ai_infrastructure,63,ols_rank_normal,tema_arındırılmış
droe,0.011411401022221754,2.587178399969853,0.011411401022221754,0.15867846005992575,0.0697436478968289,162,ai/ai_infrastructure,63,ols_rank_normal,ham
droe,0.05495410175669029,1.5687366909981912,0.007357233022325236,0.15986809392197118,0.07110850414000865,162,ai/ai_infrastructure,63,ols_winsorized_raw,tema_arındırılmış
droe,0.05495410175669027,1.568736690998191,0.007357233022325233,0.15986809392197118,0.07110850414000865,162,ai/ai_infrastructure,63,ols_winsorized_raw,ham
droe,0.009617240491789596,2.0217932907454395,0.009617240491789596,0.17416474887902247,0.08682873290375444,162,ai/ai_infrastructure,63,wls_sqrt_mcap,tema_arındırılmış
droe,0.009617240491789596,2.02179329074544,0.009617240491789596,0.17416474887902245,0.08682873290375442,162,ai/ai_infrastructure,63,wls_sqrt_mcap,ham
droe,0.02353591830485976,1.9721764228764174,0.02353591830485976,0.1547280265472724,0.06563300554253791,159,ai/ai_infrastructure,126,ols_rank_normal,tema_arındırılmış
droe,0.023535918304859755,1.9721764228764171,0.023535918304859755,0.15472802654727238,0.0656330055425379,159,ai/ai_infrastructure,126,ols_rank_normal,ham
droe,0.20187675778250794,2.2446890709199523,0.02712534303241428,0.1468112243596364,0.056810837200163854,159,ai/ai_infrastructure,126,ols_winsorized_raw,tema_arındırılmış
droe,0.20187675778250794,2.244689070919952,0.02712534303241428,0.1468112243596364,0.05681083720016383,159,ai/ai_infrastructure,126,ols_winsorized_raw,ham
droe,0.019146326474205177,1.6671905378115675,0.019146326474205177,0.17345569688296536,0.0860379602803266,159,ai/ai_infrastructure,126,wls_sqrt_mcap,tema_arındırılmış
droe,0.019146326474205177,1.6671905378115675,0.019146326474205177,0.17345569688296542,0.08603796028032662,159,ai/ai_infrastructure,126,wls_sqrt_mcap,ham
ear_3d,-0.0008825113421540696,-0.47683575160299346,-0.0008825113421540696,0.18740261664269342,0.10319868071063705,175,ai/ai_infrastructure,21,ols_rank_normal,tema_arındırılmış
ear_3d,-0.0008825113421540685,-0.47683575160299285,-0.0008825113421540685,0.18740261664269342,0.10319868071063705,175,ai/ai_infrastructure,21,ols_rank_normal,ham
ear_3d,-0.013831599255233808,-0.6610194706367799,-0.001420871605094575,0.19737896183789494,0.11446748104231155,175,ai/ai_infrastructure,21,ols_winsorized_raw,tema_arındırılmış
ear_3d,-0.013831599255233815,-0.6610194706367802,-0.0014208716050945756,0.19737896183789494,0.11446748104231151,175,ai/ai_infrastructure,21,ols_winsorized_raw,ham
ear_3d,-0.001528034731994622,-0.8643331098593322,-0.001528034731994622,0.19896669862558652,0.11643542164738538,175,ai/ai_infrastructure,21,wls_sqrt_mcap,tema_arındırılmış
ear_3d,-0.0015280347319946237,-0.8643331098593331,-0.0015280347319946237,0.19896669862558652,0.11643542164738538,175,ai/ai_infrastructure,21,wls_sqrt_mcap,ham
ear_3d,0.0005040432396461041,0.09206587914420601,0.0005040432396461041,0.1668157292170182,0.07791526097394985,173,ai/ai_infrastructure,63,ols_rank_normal,tema_arındırılmış
ear_3d,0.0005040432396461034,0.0920658791442059,0.0005040432396461034,0.1668157292170182,0.07791526097394988,173,ai/ai_infrastructure,63,ols_rank_normal,ham
ear_3d,-0.011499861757644841,-0.19735048419539314,-0.001173855416851984,0.17481422678323832,0.08704239385638714,173,ai/ai_infrastructure,63,ols_winsorized_raw,tema_arındırılmış
ear_3d,-0.011499861757644796,-0.1973504841953924,-0.0011738554168519793,0.17481422678323832,0.08704239385638714,173,ai/ai_infrastructure,63,ols_winsorized_raw,ham
ear_3d,-0.0038720181271293223,-0.7561428645938265,-0.0038720181271293223,0.1723138338033333,0.08431819744716787,173,ai/ai_infrastructure,63,wls_sqrt_mcap,tema_arındırılmış
ear_3d,-0.0038720181271293184,-0.7561428645938258,-0.0038720181271293184,0.17231383380333326,0.08431819744716787,173,ai/ai_infrastructure,63,wls_sqrt_mcap,ham
ear_3d,0.0045864007634624756,0.6061870130109367,0.0045864007634624756,0.14530421362927204,0.05396027191223577,170,ai/ai_infrastructure,126,ols_rank_normal,tema_arındırılmış
ear_3d,0.004586400763462478,0.6061870130109371,0.004586400763462478,0.14530421362927204,0.05396027191223575,170,ai/ai_infrastructure,126,ols_rank_normal,ham
ear_3d,0.038599576360614195,0.5164049408321274,0.003908710216295327,0.15176269853664065,0.06143410255994751,170,ai/ai_infrastructure,126,ols_winsorized_raw,tema_arındırılmış
ear_3d,0.038599576360614195,0.5164049408321274,0.003908710216295327,0.15176269853664062,0.06143410255994747,170,ai/ai_infrastructure,126,ols_winsorized_raw,ham
ear_3d,0.0017402316107403353,0.23680456505382586,0.0017402316107403353,0.16242845202185838,0.07406493103889344,170,ai/ai_infrastructure,126,wls_sqrt_mcap,tema_arındırılmış
ear_3d,0.0017402316107403327,0.2368045650538254,0.0017402316107403327,0.16242845202185838,0.07406493103889343,170,ai/ai_infrastructure,126,wls_sqrt_mcap,ham
gross_profitability,0.0031841417830918216,1.8188224687132606,0.0031841417830918216,0.1848327149419352,0.09352793619262721,163,ai/ai_infrastructure,21,ols_rank_normal,tema_arındırılmış
gross_profitability,0.0031841417830918216,1.8188224687132601,0.0031841417830918216,0.18483271494193523,0.09352793619262721,163,ai/ai_infrastructure,21,ols_rank_normal,ham
gross_profitability,0.021317890680636328,1.5941390149904595,0.0031178765981063426,0.184462023285631,0.09305918341005706,163,ai/ai_infrastructure,21,ols_winsorized_raw,tema_arındırılmış
gross_profitability,0.021317890680636335,1.5941390149904604,0.003117876598106344,0.184462023285631,0.09305918341005705,163,ai/ai_infrastructure,21,ols_winsorized_raw,ham
gross_profitability,0.0031374185648905184,1.8975721841564177,0.0031374185648905184,0.20717474463182692,0.11860484805444331,163,ai/ai_infrastructure,21,wls_sqrt_mcap,tema_arındırılmış
gross_profitability,0.0031374185648905145,1.8975721841564148,0.0031374185648905145,0.20717474463182692,0.11860484805444331,163,ai/ai_infrastructure,21,wls_sqrt_mcap,ham
gross_profitability,0.010509908515672775,2.2441910493495953,0.010509908515672775,0.16849717690530774,0.07300779735269028,161,ai/ai_infrastructure,63,ols_rank_normal,tema_arındırılmış
gross_profitability,0.010509908515672775,2.244191049349595,0.010509908515672775,0.16849717690530777,0.07300779735269029,161,ai/ai_infrastructure,63,ols_rank_normal,ham
gross_profitability,0.06877009785774744,2.0449590005076668,0.01004948980815941,0.17302273422871733,0.07815089086443174,161,ai/ai_infrastructure,63,ols_winsorized_raw,tema_arındırılmış
gross_profitability,0.06877009785774743,2.0449590005076668,0.010049489808159407,0.17302273422871736,0.07815089086443175,161,ai/ai_infrastructure,63,ols_winsorized_raw,ham
gross_profitability,0.010786024412917433,2.534503370682556,0.010786024412917433,0.1910677255956669,0.09860397043973874,161,ai/ai_infrastructure,63,wls_sqrt_mcap,tema_arındırılmış
gross_profitability,0.010786024412917438,2.5345033706825575,0.010786024412917438,0.19106772559566687,0.09860397043973872,161,ai/ai_infrastructure,63,wls_sqrt_mcap,ham
gross_profitability,0.015277654133467464,1.5271498190862722,0.015277654133467464,0.14920499995603068,0.05062673771723383,158,ai/ai_infrastructure,126,ols_rank_normal,tema_arındırılmış
gross_profitability,0.015277654133467464,1.5271498190862722,0.015277654133467464,0.14920499995603068,0.050626737717233826,158,ai/ai_infrastructure,126,ols_rank_normal,ham
gross_profitability,0.10168555564109706,1.458946678873105,0.01484922701434379,0.15444761435788884,0.05689707463529608,158,ai/ai_infrastructure,126,ols_winsorized_raw,tema_arındırılmış
gross_profitability,0.10168555564109706,1.458946678873105,0.01484922701434379,0.15444761435788887,0.05689707463529611,158,ai/ai_infrastructure,126,ols_winsorized_raw,ham
gross_profitability,0.019531497429369576,2.652148816189404,0.019531497429369576,0.17318714254557568,0.07797133375863313,158,ai/ai_infrastructure,126,wls_sqrt_mcap,tema_arındırılmış
gross_profitability,0.01953149742936958,2.6521488161894045,0.01953149742936958,0.17318714254557568,0.07797133375863315,158,ai/ai_infrastructure,126,wls_sqrt_mcap,ham
idio_vol_60d,-0.004407289749986985,-1.530151836551829,-0.004407289749986985,0.1752457812545447,0.09336042091003031,181,ai/ai_infrastructure,21,ols_rank_normal,tema_arındırılmış
idio_vol_60d,-0.004407289749986985,-1.5301518365518292,-0.004407289749986985,0.1752457812545447,0.09336042091003031,181,ai/ai_infrastructure,21,ols_rank_normal,ham
idio_vol_60d,-0.009744627182149995,-0.4566344481328538,-0.001795303259826894,0.2036903938157688,0.12512290225276862,181,ai/ai_infrastructure,21,ols_winsorized_raw,tema_arındırılmış
idio_vol_60d,-0.009744627182149995,-0.4566344481328539,-0.001795303259826894,0.2036903938157688,0.12512290225276865,181,ai/ai_infrastructure,21,ols_winsorized_raw,ham
idio_vol_60d,-0.004076210384602083,-1.5097118405796537,-0.004076210384602083,0.19748233023151965,0.11772663266244934,181,ai/ai_infrastructure,21,wls_sqrt_mcap,tema_arındırılmış
idio_vol_60d,-0.004076210384602081,-1.509711840579653,-0.004076210384602081,0.1974823302315197,0.11772663266244938,181,ai/ai_infrastructure,21,wls_sqrt_mcap,ham
idio_vol_60d,-0.008787692513577028,-1.1585279574940528,-0.008787692513577028,0.15574158479833636,0.07058793218782002,179,ai/ai_infrastructure,63,ols_rank_normal,tema_arındırılmış
idio_vol_60d,-0.008787692513577033,-1.1585279574940535,-0.008787692513577033,0.15574158479833639,0.07058793218782002,179,ai/ai_infrastructure,63,ols_rank_normal,ham
idio_vol_60d,-0.0263539136476625,-0.44339510472541693,-0.0048232128700383785,0.17907321355419403,0.09655543922632039,179,ai/ai_infrastructure,63,ols_winsorized_raw,tema_arındırılmış
idio_vol_60d,-0.026353913647662538,-0.4433951047254176,-0.004823212870038385,0.17907321355419403,0.09655543922632039,179,ai/ai_infrastructure,63,ols_winsorized_raw,ham
idio_vol_60d,-0.010111517516458229,-1.4048191604700142,-0.010111517516458229,0.1767703504734188,0.09409825936264911,179,ai/ai_infrastructure,63,wls_sqrt_mcap,tema_arındırılmış
idio_vol_60d,-0.010111517516458233,-1.4048191604700146,-0.010111517516458233,0.17677035047341877,0.09409825936264908,179,ai/ai_infrastructure,63,wls_sqrt_mcap,ham
idio_vol_60d,-0.010482581257009887,-0.6958965039086218,-0.010482581257009887,0.14187862969318432,0.0543917840286964,176,ai/ai_infrastructure,126,ols_rank_normal,tema_arındırılmış
idio_vol_60d,-0.01048258125700988,-0.6958965039086215,-0.01048258125700988,0.14187862969318432,0.054391784028696405,176,ai/ai_infrastructure,126,ols_rank_normal,ham
idio_vol_60d,0.01831556476314732,0.20158790413537614,0.0033188759840504668,0.16451050749163992,0.0796383325219622,176,ai/ai_infrastructure,126,ols_winsorized_raw,tema_arındırılmış
idio_vol_60d,0.018315564763147295,0.20158790413537583,0.0033188759840504624,0.16451050749163995,0.07963833252196222,176,ai/ai_infrastructure,126,ols_winsorized_raw,ham
idio_vol_60d,-0.0125749659896574,-0.7777595126256458,-0.0125749659896574,0.1692964647233903,0.08546239151900535,176,ai/ai_infrastructure,126,wls_sqrt_mcap,tema_arındırılmış
idio_vol_60d,-0.01257496598965739,-0.7777595126256452,-0.01257496598965739,0.16929646472339033,0.08546239151900537,176,ai/ai_infrastructure,126,wls_sqrt_mcap,ham
max_ret_21d,-0.004235530223001884,-1.9806180575970227,-0.004235530223001884,0.17161671560036665,0.08961120804880279,181,ai/ai_infrastructure,21,ols_rank_normal,tema_arındırılmış
max_ret_21d,-0.004235530223001887,-1.9806180575970238,-0.004235530223001887,0.17161671560036665,0.08961120804880279,181,ai/ai_infrastructure,21,ols_rank_normal,ham
max_ret_21d,-0.04738645837484665,-0.6884890404367315,-0.002019921436339713,0.18804617884243757,0.10730286926121248,181,ai/ai_infrastructure,21,ols_winsorized_raw,tema_arındırılmış
max_ret_21d,-0.04738645837484664,-0.6884890404367313,-0.0020199214363397122,0.18804617884243763,0.10730286926121248,181,ai/ai_infrastructure,21,ols_winsorized_raw,ham
max_ret_21d,-0.003099039831229119,-1.5987425970983944,-0.003099039831229119,0.18776246361205387,0.10738764721984954,181,ai/ai_infrastructure,21,wls_sqrt_mcap,tema_arındırılmış
max_ret_21d,-0.0030990398312291207,-1.5987425970983953,-0.0030990398312291207,0.18776246361205387,0.1073876472198495,181,ai/ai_infrastructure,21,wls_sqrt_mcap,ham
max_ret_21d,-0.010388674408025354,-2.04830261847755,-0.010388674408025354,0.15034667269309399,0.06461977176179548,179,ai/ai_infrastructure,63,ols_rank_normal,tema_arındırılmış
max_ret_21d,-0.01038867440802536,-2.0483026184775515,-0.01038867440802536,0.15034667269309399,0.06461977176179548,179,ai/ai_infrastructure,63,ols_rank_normal,ham
max_ret_21d,-0.1258864458809304,-0.7666693977865541,-0.005306765318752119,0.16454828012966102,0.08055867427801723,179,ai/ai_infrastructure,63,ols_winsorized_raw,tema_arındırılmış
max_ret_21d,-0.12588644588093037,-0.7666693977865536,-0.005306765318752118,0.16454828012966105,0.08055867427801723,179,ai/ai_infrastructure,63,ols_winsorized_raw,ham
max_ret_21d,-0.009449772275686438,-1.9740538125377145,-0.009449772275686438,0.1699959726740488,0.08637485107035085,179,ai/ai_infrastructure,63,wls_sqrt_mcap,tema_arındırılmış
max_ret_21d,-0.009449772275686441,-1.9740538125377145,-0.009449772275686441,0.1699959726740488,0.08637485107035082,179,ai/ai_infrastructure,63,wls_sqrt_mcap,ham
max_ret_21d,-0.012323241286831278,-1.3320425647101164,-0.012323241286831278,0.13523086068664877,0.047144724399621245,176,ai/ai_infrastructure,126,ols_rank_normal,tema_arındırılmış
max_ret_21d,-0.012323241286831281,-1.332042564710117,-0.012323241286831281,0.13523086068664877,0.04714472439962123,176,ai/ai_infrastructure,126,ols_rank_normal,ham
max_ret_21d,-0.06746599117349905,-0.24754709644170939,-0.002816812144642311,0.15263121225372694,0.0665903783300401,176,ai/ai_infrastructure,126,ols_winsorized_raw,tema_arındırılmış
max_ret_21d,-0.06746599117349904,-0.24754709644170933,-0.0028168121446423104,0.15263121225372692,0.06659037833004011,176,ai/ai_infrastructure,126,ols_winsorized_raw,ham
max_ret_21d,-0.013291569125230189,-1.4201578550328815,-0.013291569125230189,0.1584034414717391,0.0736563196078198,176,ai/ai_infrastructure,126,wls_sqrt_mcap,tema_arındırılmış
max_ret_21d,-0.013291569125230183,-1.4201578550328806,-0.013291569125230183,0.1584034414717391,0.0736563196078198,176,ai/ai_infrastructure,126,wls_sqrt_mcap,ham
mom_12_1,0.0034979163463086504,1.406754663810463,0.0034979163463086504,0.1930336847852453,0.11267510678631014,181,ai/ai_infrastructure,21,ols_rank_normal,tema_arındırılmış
mom_12_1,0.003497916346308651,1.406754663810463,0.003497916346308651,0.1930336847852453,0.11267510678631011,181,ai/ai_infrastructure,21,ols_rank_normal,ham
mom_12_1,0.009497910824807642,1.521704318956183,0.005820765981361782,0.20157636119316832,0.12174288074004194,181,ai/ai_infrastructure,21,ols_winsorized_raw,tema_arındırılmış
mom_12_1,0.00949791082480764,1.5217043189561825,0.005820765981361781,0.20157636119316832,0.12174288074004191,181,ai/ai_infrastructure,21,ols_winsorized_raw,ham
mom_12_1,0.004582574356918311,1.761846896125224,0.004582574356918311,0.20427061488876458,0.12513533800304327,181,ai/ai_infrastructure,21,wls_sqrt_mcap,tema_arındırılmış
mom_12_1,0.004582574356918315,1.761846896125226,0.004582574356918315,0.20427061488876458,0.12513533800304324,181,ai/ai_infrastructure,21,wls_sqrt_mcap,ham
mom_12_1,0.014249179459466821,1.8470730018963564,0.014249179459466821,0.1737556859641634,0.09023588978622175,179,ai/ai_infrastructure,63,ols_rank_normal,tema_arındırılmış
mom_12_1,0.014249179459466818,1.847073001896356,0.014249179459466818,0.1737556859641634,0.09023588978622175,179,ai/ai_infrastructure,63,ols_rank_normal,ham
mom_12_1,0.028456638563202647,1.519568027288328,0.017094137772048965,0.18907341733470162,0.1068457390953512,179,ai/ai_infrastructure,63,ols_winsorized_raw,tema_arındırılmış
mom_12_1,0.028456638563202657,1.5195680272883285,0.01709413777204897,0.18907341733470162,0.10684573909535121,179,ai/ai_infrastructure,63,ols_winsorized_raw,ham
mom_12_1,0.018867208836329002,2.18725962055166,0.018867208836329002,0.192883925065579,0.11188973333461982,179,ai/ai_infrastructure,63,wls_sqrt_mcap,tema_arındırılmış
mom_12_1,0.01886720883632901,2.1872596205516603,0.01886720883632901,0.192883925065579,0.11188973333461982,179,ai/ai_infrastructure,63,wls_sqrt_mcap,ham
mom_12_1,0.03964754645030641,2.704769271327617,0.03964754645030641,0.17126037488269263,0.08729430201940579,176,ai/ai_infrastructure,126,ols_rank_normal,tema_arındırılmış
mom_12_1,0.03964754645030641,2.704769271327617,0.03964754645030641,0.17126037488269266,0.08729430201940581,176,ai/ai_infrastructure,126,ols_rank_normal,ham
mom_12_1,0.0765750897046509,2.091484804531655,0.042911439572653635,0.18861042899164815,0.10624465994187858,176,ai/ai_infrastructure,126,ols_winsorized_raw,tema_arındırılmış
mom_12_1,0.07657508970465089,2.0914848045316545,0.04291143957265363,0.18861042899164815,0.10624465994187858,176,ai/ai_infrastructure,126,ols_winsorized_raw,ham
mom_12_1,0.04412575389397384,2.6323659569016664,0.04412575389397384,0.18917074119074942,0.1081650915632499,176,ai/ai_infrastructure,126,wls_sqrt_mcap,tema_arındırılmış
mom_12_1,0.04412575389397386,2.6323659569016677,0.04412575389397386,0.18917074119074942,0.10816509156324988,176,ai/ai_infrastructure,126,wls_sqrt_mcap,ham
profitable_growth,-0.001210855729957774,-0.8323840296208092,-0.001210855729957774,0.1699711894981119,0.08433706893609073,169,ai/ai_infrastructure,21,ols_rank_normal,tema_arındırılmış
profitable_growth,-0.0012108557299577737,-0.8323840296208089,-0.0012108557299577737,0.1699711894981119,0.08433706893609073,169,ai/ai_infrastructure,21,ols_rank_normal,ham
profitable_growth,-0.0028875760498069136,-0.732100578023599,-0.0010679813662947157,0.1648377102649867,0.07852729363649148,169,ai/ai_infrastructure,21,ols_winsorized_raw,tema_arındırılmış
profitable_growth,-0.0028875760498069084,-0.7321005780235975,-0.0010679813662947137,0.1648377102649867,0.07852729363649148,169,ai/ai_infrastructure,21,ols_winsorized_raw,ham
profitable_growth,-0.0015744462570382923,-1.1346914283399867,-0.0015744462570382923,0.18754864212569272,0.10406781643783822,169,ai/ai_infrastructure,21,wls_sqrt_mcap,tema_arındırılmış
profitable_growth,-0.0015744462570382873,-1.134691428339983,-0.0015744462570382873,0.1875486421256927,0.10406781643783822,169,ai/ai_infrastructure,21,wls_sqrt_mcap,ham
profitable_growth,0.0017294077168480222,0.482215624559474,0.0017294077168480222,0.15506504674597252,0.06603083812481882,167,ai/ai_infrastructure,63,ols_rank_normal,tema_arındırılmış
profitable_growth,0.0017294077168480226,0.48221562455947425,0.0017294077168480226,0.15506504674597252,0.06603083812481882,167,ai/ai_infrastructure,63,ols_rank_normal,ham
profitable_growth,0.003118913363790215,0.33140350727691326,0.0011534904108740434,0.1513195856394129,0.06214412134518191,167,ai/ai_infrastructure,63,ols_winsorized_raw,tema_arındırılmış
profitable_growth,0.003118913363790209,0.3314035072769126,0.001153490410874041,0.15131958563941292,0.06214412134518193,167,ai/ai_infrastructure,63,ols_winsorized_raw,ham
profitable_growth,0.0003325200895140371,0.09163191363992736,0.0003325200895140371,0.17210596994165506,0.08506856755802353,167,ai/ai_infrastructure,63,wls_sqrt_mcap,tema_arındırılmış
profitable_growth,0.0003325200895140396,0.09163191363992809,0.0003325200895140396,0.17210596994165506,0.08506856755802351,167,ai/ai_infrastructure,63,wls_sqrt_mcap,ham
profitable_growth,0.0010974618649910728,0.1595639838854862,0.0010974618649910728,0.13314158514115085,0.040794042726685804,164,ai/ai_infrastructure,126,ols_rank_normal,tema_arındırılmış
profitable_growth,0.0010974618649910693,0.1595639838854857,0.0010974618649910693,0.13314158514115088,0.04079404272668581,164,ai/ai_infrastructure,126,ols_rank_normal,ham
profitable_growth,0.0010974963878955463,0.05866893215468015,0.0004057266054922584,0.13021108329788203,0.03778733561312427,164,ai/ai_infrastructure,126,ols_winsorized_raw,tema_arındırılmış
profitable_growth,0.0010974963878955435,0.058668932154680005,0.0004057266054922574,0.13021108329788203,0.03778733561312426,164,ai/ai_infrastructure,126,ols_winsorized_raw,ham
profitable_growth,-0.00024642783559717,-0.03431560536213933,-0.00024642783559717,0.15808322028533872,0.06886169449072842,164,ai/ai_infrastructure,126,wls_sqrt_mcap,tema_arındırılmış
profitable_growth,-0.0002464278355971656,-0.03431560536213873,-0.0002464278355971656,0.15808322028533872,0.06886169449072842,164,ai/ai_infrastructure,126,wls_sqrt_mcap,ham
share_issuance,-0.0004620455627317747,-0.24403933775846118,-0.0004620455627317747,0.16547208763187712,0.08981375968662479,169,ai/ai_infrastructure,21,ols_rank_normal,tema_arındırılmış
share_issuance,-0.00046204556273177406,-0.24403933775846087,-0.00046204556273177406,0.16547208763187715,0.0898137596866248,169,ai/ai_infrastructure,21,ols_rank_normal,ham
share_issuance,-0.008661292642216262,-0.25456354538397724,-0.0013623490231894893,0.17843612831491182,0.10356212082105531,169,ai/ai_infrastructure,21,ols_winsorized_raw,tema_arındırılmış
share_issuance,-0.008661292642216252,-0.2545635453839771,-0.0013623490231894876,0.17843612831491182,0.10356212082105529,169,ai/ai_infrastructure,21,ols_winsorized_raw,ham
share_issuance,-0.000962395044424506,-0.5447737325645341,-0.000962395044424506,0.18321472074160616,0.10929722016900349,169,ai/ai_infrastructure,21,wls_sqrt_mcap,tema_arındırılmış
share_issuance,-0.0009623950444245034,-0.5447737325645328,-0.0009623950444245034,0.18321472074160616,0.1092972201690035,169,ai/ai_infrastructure,21,wls_sqrt_mcap,ham
share_issuance,-0.0011368764574381375,-0.21090855025446342,-0.0011368764574381375,0.1424546918289274,0.06273707501216712,167,ai/ai_infrastructure,63,ols_rank_normal,tema_arındırılmış
share_issuance,-0.0011368764574381375,-0.21090855025446348,-0.0011368764574381375,0.1424546918289274,0.06273707501216712,167,ai/ai_infrastructure,63,ols_rank_normal,ham
share_issuance,-0.05406161419336686,-0.45719938329043447,-0.00839670554430423,0.1579627643387408,0.07962026612424555,167,ai/ai_infrastructure,63,ols_winsorized_raw,tema_arındırılmış
share_issuance,-0.05406161419336685,-0.4571993832904344,-0.008396705544304228,0.15796276433874082,0.07962026612424558,167,ai/ai_infrastructure,63,ols_winsorized_raw,ham
share_issuance,-0.001757793130492374,-0.325550593051894,-0.001757793130492374,0.16243886419597606,0.08452711201714554,167,ai/ai_infrastructure,63,wls_sqrt_mcap,tema_arındırılmış
share_issuance,-0.0017577931304923818,-0.32555059305189527,-0.0017577931304923818,0.16243886419597606,0.08452711201714556,167,ai/ai_infrastructure,63,wls_sqrt_mcap,ham
share_issuance,0.0004725519828489877,0.04937297512564926,0.0004725519828489877,0.13492821676918532,0.05429950347053262,164,ai/ai_infrastructure,126,ols_rank_normal,tema_arındırılmış
share_issuance,0.0004725519828489891,0.049372975125649414,0.0004725519828489891,0.13492821676918534,0.05429950347053264,164,ai/ai_infrastructure,126,ols_rank_normal,ham
share_issuance,0.045943245048231676,0.33019859647395666,0.007061755220090999,0.15802275028667245,0.07943773809391906,164,ai/ai_infrastructure,126,ols_winsorized_raw,tema_arındırılmış
share_issuance,0.0459432450482317,0.33019859647395683,0.007061755220091002,0.15802275028667243,0.07943773809391907,164,ai/ai_infrastructure,126,ols_winsorized_raw,ham
share_issuance,0.0019165987316651543,0.21985232707402466,0.0019165987316651543,0.15301465392523886,0.07411749269141678,164,ai/ai_infrastructure,126,wls_sqrt_mcap,tema_arındırılmış
share_issuance,0.0019165987316651402,0.21985232707402277,0.0019165987316651402,0.15301465392523886,0.07411749269141679,164,ai/ai_infrastructure,126,wls_sqrt_mcap,ham
sue,0.004995985485822986,3.969530420419314,0.004995985485822986,0.15825724241085998,0.0758378205139239,169,ai/ai_infrastructure,21,ols_rank_normal,tema_arındırılmış
sue,0.0049959854858229865,3.969530420419315,0.0049959854858229865,0.15825724241085998,0.0758378205139239,169,ai/ai_infrastructure,21,ols_rank_normal,ham
sue,0.0044182000727103245,4.299120066338305,0.00542035390780684,0.15536551549267996,0.0725824076188551,169,ai/ai_infrastructure,21,ols_winsorized_raw,tema_arındırılmış
sue,0.004418200072710323,4.299120066338303,0.005420353907806838,0.15536551549268,0.07258240761885512,169,ai/ai_infrastructure,21,ols_winsorized_raw,ham
sue,0.002501655958687859,2.4123187360547296,0.002501655958687859,0.16922943514663605,0.08769484032892322,169,ai/ai_infrastructure,21,wls_sqrt_mcap,tema_arındırılmış
sue,0.002501655958687857,2.4123187360547282,0.002501655958687857,0.16922943514663605,0.08769484032892322,169,ai/ai_infrastructure,21,wls_sqrt_mcap,ham
sue,0.011548993160613717,3.7109984117678017,0.011548993160613717,0.14490108470275861,0.05952379029383096,167,ai/ai_infrastructure,63,ols_rank_normal,tema_arındırılmış
sue,0.011548993160613717,3.710998411767802,0.011548993160613717,0.14490108470275864,0.05952379029383099,167,ai/ai_infrastructure,63,ols_rank_normal,ham
sue,0.009680094636133497,4.057499527877705,0.011878280645683107,0.14450268415975667,0.05916816747198054,167,ai/ai_infrastructure,63,ols_winsorized_raw,tema_arındırılmış
sue,0.009680094636133497,4.057499527877705,0.011878280645683107,0.14450268415975673,0.05916816747198057,167,ai/ai_infrastructure,63,ols_winsorized_raw,ham
sue,0.006721330825274654,2.7825987171969637,0.006721330825274654,0.1543131555357418,0.06990038823387999,167,ai/ai_infrastructure,63,wls_sqrt_mcap,tema_arındırılmış
sue,0.006721330825274649,2.7825987171969615,0.006721330825274649,0.1543131555357418,0.06990038823387998,167,ai/ai_infrastructure,63,wls_sqrt_mcap,ham
sue,0.021716609914880773,2.9820033340837733,0.021716609914880773,0.1366297082109732,0.04950438240548224,164,ai/ai_infrastructure,126,ols_rank_normal,tema_arındırılmış
sue,0.021716609914880777,2.9820033340837746,0.021716609914880777,0.13662970821097314,0.049504382405482224,164,ai/ai_infrastructure,126,ols_rank_normal,ham
sue,0.015247633112007058,3.242839449229298,0.01870764480166643,0.13517993167364373,0.048110463112221426,164,ai/ai_infrastructure,126,ols_winsorized_raw,tema_arındırılmış
sue,0.015247633112007056,3.2428394492292973,0.018707644801666427,0.1351799316736437,0.048110463112221384,164,ai/ai_infrastructure,126,ols_winsorized_raw,ham
sue,0.01060105992690106,2.2857579634608376,0.01060105992690106,0.14355989659274165,0.056979302758706725,164,ai/ai_infrastructure,126,wls_sqrt_mcap,tema_arındırılmış
sue,0.010601059926901052,2.285757963460835,0.010601059926901052,0.14355989659274168,0.05697930275870674,164,ai/ai_infrastructure,126,wls_sqrt_mcap,ham
sue_announce,0.002947088364956318,1.4312767714030803,0.002947088364956318,0.2088078256574083,0.09699117560606173,129,ai/ai_infrastructure,21,ols_rank_normal,tema_arındırılmış
sue_announce,0.002947088364956316,1.4312767714030794,0.002947088364956316,0.2088078256574083,0.0969911756060617,129,ai/ai_infrastructure,21,ols_rank_normal,ham
sue_announce,0.00193290086809768,1.4880108998029926,0.0029124779860538355,0.21100687583256533,0.09961618016095702,129,ai/ai_infrastructure,21,ols_winsorized_raw,tema_arındırılmış
sue_announce,0.001932900868097677,1.4880108998029908,0.002912477986053831,0.21100687583256533,0.09961618016095704,129,ai/ai_infrastructure,21,ols_winsorized_raw,ham
sue_announce,0.0012560848839797195,0.6496215039460156,0.0012560848839797195,0.2293833743548695,0.1208623231439988,129,ai/ai_infrastructure,21,wls_sqrt_mcap,tema_arındırılmış
sue_announce,0.0012560848839797186,0.6496215039460151,0.0012560848839797186,0.22938337435486947,0.12086232314399878,129,ai/ai_infrastructure,21,wls_sqrt_mcap,ham
sue_announce,0.010744274387079878,2.019827223743385,0.010744274387079878,0.20768639039755174,0.09401329667578971,127,ai/ai_infrastructure,63,ols_rank_normal,tema_arındırılmış
sue_announce,0.010744274387079882,2.019827223743386,0.010744274387079882,0.20768639039755174,0.09401329667578971,127,ai/ai_infrastructure,63,ols_rank_normal,ham
sue_announce,0.007162216477888669,2.1570436206916295,0.010778818678092765,0.2126920149954982,0.09961727375041192,127,ai/ai_infrastructure,63,ols_winsorized_raw,tema_arındırılmış
sue_announce,0.007162216477888664,2.1570436206916286,0.010778818678092758,0.2126920149954982,0.0996172737504119,127,ai/ai_infrastructure,63,ols_winsorized_raw,ham
sue_announce,0.007013762507668636,1.6839601670096143,0.007013762507668636,0.2143320716430902,0.10175500780363754,127,ai/ai_infrastructure,63,wls_sqrt_mcap,tema_arındırılmış
sue_announce,0.007013762507668637,1.683960167009615,0.007013762507668637,0.21433207164309018,0.10175500780363751,127,ai/ai_infrastructure,63,wls_sqrt_mcap,ham
sue_announce,0.027906795911711166,3.139390669946901,0.027906795911711166,0.19789166630751417,0.08285530769264299,124,ai/ai_infrastructure,126,ols_rank_normal,tema_arındırılmış
sue_announce,0.02790679591171117,3.139390669946901,0.02790679591171117,0.19789166630751417,0.08285530769264297,124,ai/ai_infrastructure,126,ols_rank_normal,ham
sue_announce,0.015133434302128903,2.5269341154567817,0.022748955724478534,0.19958128945586381,0.08450783853480362,124,ai/ai_infrastructure,126,ols_winsorized_raw,tema_arındırılmış
sue_announce,0.015133434302128898,2.5269341154567817,0.022748955724478527,0.19958128945586381,0.08450783853480368,124,ai/ai_infrastructure,126,ols_winsorized_raw,ham
sue_announce,0.016833586421511847,2.7545660096719886,0.016833586421511847,0.1933621748380611,0.07858004928102089,124,ai/ai_infrastructure,126,wls_sqrt_mcap,tema_arındırılmış
sue_announce,0.01683358642151185,2.75456600967199,0.01683358642151185,0.19336217483806112,0.07858004928102089,124,ai/ai_infrastructure,126,wls_sqrt_mcap,ham
asset_growth,-0.006563722312149828,-0.6744416371476847,-0.006563722312149828,0.7651677346935999,0.21253014763478797,16,ai/ai_infrastructure,21,ols_rank_normal_all,tema_arındırılmış
capex_at,-0.0061740396754809985,-0.3258161225753951,-0.0061740396754809985,0.7651677346935999,0.21253014763478797,16,ai/ai_infrastructure,21,ols_rank_normal_all,tema_arındırılmış
cash_runway_years,-0.017718469364437866,-0.9551161731539459,-0.017718469364437866,0.7651677346935999,0.21253014763478797,16,ai/ai_infrastructure,21,ols_rank_normal_all,tema_arındırılmış
cop_at,-0.04023258878493507,-1.868591288029369,-0.04023258878493507,0.7651677346935999,0.21253014763478797,16,ai/ai_infrastructure,21,ols_rank_normal_all,tema_arındırılmış
dist_52w_high,-0.010739908061001988,-1.669651137121122,-0.010739908061001988,0.7651677346935999,0.21253014763478797,16,ai/ai_infrastructure,21,ols_rank_normal_all,tema_arındırılmış
droe,0.007486464236487885,0.6441308484362614,0.007486464236487885,0.7651677346935999,0.21253014763478797,16,ai/ai_infrastructure,21,ols_rank_normal_all,tema_arındırılmış
ear_3d,-0.004831754239682287,-0.31492421090775174,-0.004831754239682287,0.7651677346935999,0.21253014763478797,16,ai/ai_infrastructure,21,ols_rank_normal_all,tema_arındırılmış
ebit_ev,-0.02379133947175127,-1.1583234714013964,-0.02379133947175127,0.7651677346935999,0.21253014763478797,16,ai/ai_infrastructure,21,ols_rank_normal_all,tema_arındırılmış
gross_profitability,0.004580148106974127,0.4268186067909344,0.004580148106974127,0.7651677346935999,0.21253014763478797,16,ai/ai_infrastructure,21,ols_rank_normal_all,tema_arındırılmış
idio_vol_60d,0.0018213353909919657,0.16544409444577482,0.0018213353909919657,0.7651677346935999,0.21253014763478797,16,ai/ai_infrastructure,21,ols_rank_normal_all,tema_arındırılmış
max_ret_21d,-0.03427053362001119,-2.963958110945572,-0.03427053362001119,0.7651677346935999,0.21253014763478797,16,ai/ai_infrastructure,21,ols_rank_normal_all,tema_arındırılmış
mom_12_1,0.021151479151504827,1.3307542535651034,0.021151479151504827,0.7651677346935999,0.21253014763478797,16,ai/ai_infrastructure,21,ols_rank_normal_all,tema_arındırılmış
net_debt_ebitda,-0.006306309315053933,-0.4132614915043381,-0.006306309315053933,0.7651677346935999,0.21253014763478797,16,ai/ai_infrastructure,21,ols_rank_normal_all,tema_arındırılmış
ocf_ev,0.04219779549690682,2.8037700651823934,0.04219779549690682,0.7651677346935999,0.21253014763478797,16,ai/ai_infrastructure,21,ols_rank_normal_all,tema_arındırılmış
profitable_growth,0.018884544564039422,1.4491793562793553,0.018884544564039422,0.7651677346935999,0.21253014763478797,16,ai/ai_infrastructure,21,ols_rank_normal_all,tema_arındırılmış
share_issuance,0.029426988200581195,1.963983745215731,0.029426988200581195,0.7651677346935999,0.21253014763478797,16,ai/ai_infrastructure,21,ols_rank_normal_all,tema_arındırılmış
sue,0.01597397363412377,1.217329273635011,0.01597397363412377,0.7651677346935999,0.21253014763478797,16,ai/ai_infrastructure,21,ols_rank_normal_all,tema_arındırılmış
sue_announce,-0.0006120360101765504,-0.03871099876501737,-0.0006120360101765504,0.7651677346935999,0.21253014763478797,16,ai/ai_infrastructure,21,ols_rank_normal_all,tema_arındırılmış
asset_growth,0.009707926316182265,0.29892084491791754,0.009707926316182265,0.8439244948144295,0.5151941591034331,14,ai/ai_infrastructure,63,ols_rank_normal_all,tema_arındırılmış
capex_at,-0.07507919858430215,-1.3988491465164123,-0.07507919858430215,0.8439244948144295,0.5151941591034331,14,ai/ai_infrastructure,63,ols_rank_normal_all,tema_arındırılmış
cash_runway_years,0.006623444804779058,0.26837288914321755,0.006623444804779058,0.8439244948144295,0.5151941591034331,14,ai/ai_infrastructure,63,ols_rank_normal_all,tema_arındırılmış
cop_at,-0.13128173842078225,-3.607647941547438,-0.13128173842078225,0.8439244948144295,0.5151941591034331,14,ai/ai_infrastructure,63,ols_rank_normal_all,tema_arındırılmış
dist_52w_high,-0.03138464115669327,-0.904281874479553,-0.03138464115669327,0.8439244948144295,0.5151941591034331,14,ai/ai_infrastructure,63,ols_rank_normal_all,tema_arındırılmış
droe,0.04523408262483706,1.5605961476679697,0.04523408262483706,0.8439244948144295,0.5151941591034331,14,ai/ai_infrastructure,63,ols_rank_normal_all,tema_arındırılmış
ear_3d,-0.10085339690542552,-2.3057529606823595,-0.10085339690542552,0.8439244948144295,0.5151941591034331,14,ai/ai_infrastructure,63,ols_rank_normal_all,tema_arındırılmış
ebit_ev,-0.08609444320714503,-3.0162561442753955,-0.08609444320714503,0.8439244948144295,0.5151941591034331,14,ai/ai_infrastructure,63,ols_rank_normal_all,tema_arındırılmış
gross_profitability,0.07492486336395211,2.8080315518796675,0.07492486336395211,0.8439244948144295,0.5151941591034331,14,ai/ai_infrastructure,63,ols_rank_normal_all,tema_arındırılmış
idio_vol_60d,0.050392163647564416,1.0327427320705982,0.050392163647564416,0.8439244948144295,0.5151941591034331,14,ai/ai_infrastructure,63,ols_rank_normal_all,tema_arındırılmış
max_ret_21d,-0.08595661961696334,-2.9158201269014956,-0.08595661961696334,0.8439244948144295,0.5151941591034331,14,ai/ai_infrastructure,63,ols_rank_normal_all,tema_arındırılmış
mom_12_1,0.06447865436000925,1.1478461073016923,0.06447865436000925,0.8439244948144295,0.5151941591034331,14,ai/ai_infrastructure,63,ols_rank_normal_all,tema_arındırılmış
net_debt_ebitda,-0.014240283599283992,-0.30978770122102595,-0.014240283599283992,0.8439244948144295,0.5151941591034331,14,ai/ai_infrastructure,63,ols_rank_normal_all,tema_arındırılmış
ocf_ev,0.048189807201481964,1.6674977443074852,0.048189807201481964,0.8439244948144295,0.5151941591034331,14,ai/ai_infrastructure,63,ols_rank_normal_all,tema_arındırılmış
profitable_growth,0.06422877305541809,1.0267854904956888,0.06422877305541809,0.8439244948144295,0.5151941591034331,14,ai/ai_infrastructure,63,ols_rank_normal_all,tema_arındırılmış
share_issuance,0.06101049750247201,2.4696875360626147,0.06101049750247201,0.8439244948144295,0.5151941591034331,14,ai/ai_infrastructure,63,ols_rank_normal_all,tema_arındırılmış
sue,-0.022284054429971417,-0.6652897441480845,-0.022284054429971417,0.8439244948144295,0.5151941591034331,14,ai/ai_infrastructure,63,ols_rank_normal_all,tema_arındırılmış
sue_announce,0.07549231690149953,1.8164040569167497,0.07549231690149953,0.8439244948144295,0.5151941591034331,14,ai/ai_infrastructure,63,ols_rank_normal_all,tema_arındırılmış
asset_growth,0.06969489305237829,1.6736121849995111,0.06969489305237829,0.8486662385429434,0.4750593891843813,11,ai/ai_infrastructure,126,ols_rank_normal_all,tema_arındırılmış
capex_at,-0.1285589746314439,-2.0137422983827,-0.1285589746314439,0.8486662385429434,0.4750593891843813,11,ai/ai_infrastructure,126,ols_rank_normal_all,tema_arındırılmış
cash_runway_years,-0.03467542232759255,-0.5123568780957387,-0.03467542232759255,0.8486662385429434,0.4750593891843813,11,ai/ai_infrastructure,126,ols_rank_normal_all,tema_arındırılmış
cop_at,-0.33011871076788457,-5.485712160341567,-0.33011871076788457,0.8486662385429434,0.4750593891843813,11,ai/ai_infrastructure,126,ols_rank_normal_all,tema_arındırılmış
dist_52w_high,0.16651468011900475,4.529705919765383,0.16651468011900475,0.8486662385429434,0.4750593891843813,11,ai/ai_infrastructure,126,ols_rank_normal_all,tema_arındırılmış
droe,0.21780034721511746,2.5995240133604764,0.21780034721511746,0.8486662385429434,0.4750593891843813,11,ai/ai_infrastructure,126,ols_rank_normal_all,tema_arındırılmış
ear_3d,-0.21038963032961389,-4.233418987215065,-0.21038963032961389,0.8486662385429434,0.4750593891843813,11,ai/ai_infrastructure,126,ols_rank_normal_all,tema_arındırılmış
ebit_ev,-0.3841910428333435,-5.704159871542354,-0.3841910428333435,0.8486662385429434,0.4750593891843813,11,ai/ai_infrastructure,126,ols_rank_normal_all,tema_arındırılmış
gross_profitability,0.14393176076979838,2.225523280243074,0.14393176076979838,0.8486662385429434,0.4750593891843813,11,ai/ai_infrastructure,126,ols_rank_normal_all,tema_arındırılmış
idio_vol_60d,-0.19158896389703675,-1.9613123136563269,-0.19158896389703675,0.8486662385429434,0.4750593891843813,11,ai/ai_infrastructure,126,ols_rank_normal_all,tema_arındırılmış
max_ret_21d,-0.15816344912919156,-8.193784425062551,-0.15816344912919156,0.8486662385429434,0.4750593891843813,11,ai/ai_infrastructure,126,ols_rank_normal_all,tema_arındırılmış
mom_12_1,0.09816590063794063,0.9705480379886723,0.09816590063794063,0.8486662385429434,0.4750593891843813,11,ai/ai_infrastructure,126,ols_rank_normal_all,tema_arındırılmış
net_debt_ebitda,-0.013562452115359757,-0.17117522206507516,-0.013562452115359757,0.8486662385429434,0.4750593891843813,11,ai/ai_infrastructure,126,ols_rank_normal_all,tema_arındırılmış
ocf_ev,0.20485738712791993,2.0107903543285306,0.20485738712791993,0.8486662385429434,0.4750593891843813,11,ai/ai_infrastructure,126,ols_rank_normal_all,tema_arındırılmış
profitable_growth,0.019161155025620328,0.39287039345855573,0.019161155025620328,0.8486662385429434,0.4750593891843813,11,ai/ai_infrastructure,126,ols_rank_normal_all,tema_arındırılmış
share_issuance,0.1312775183710351,2.4421033657120605,0.1312775183710351,0.8486662385429434,0.4750593891843813,11,ai/ai_infrastructure,126,ols_rank_normal_all,tema_arındırılmış
sue,-0.027630959827772483,-0.582431367693924,-0.027630959827772483,0.8486662385429434,0.4750593891843813,11,ai/ai_infrastructure,126,ols_rank_normal_all,tema_arındırılmış
sue_announce,0.2011363842613055,3.5432189235423706,0.2011363842613055,0.8486662385429434,0.4750593891843813,11,ai/ai_infrastructure,126,ols_rank_normal_all,tema_arındırılmış
asset_growth,-0.0003823846606932206,-0.24969304346296758,-0.0003823846606932206,0.12879389364285576,0.06994892133412269,108,ai/ai_software,21,ols_rank_normal,tema_arındırılmış
asset_growth,-0.00038238466069322045,-0.24969304346296747,-0.00038238466069322045,0.12879389364285576,0.0699489213341227,108,ai/ai_software,21,ols_rank_normal,ham
asset_growth,-0.005435997778493919,-0.8756715288113149,-0.002349703239502964,0.12923324867545838,0.06990767634288506,108,ai/ai_software,21,ols_winsorized_raw,tema_arındırılmış
asset_growth,-0.005435997778493923,-0.8756715288113154,-0.0023497032395029655,0.1292332486754584,0.0699076763428851,108,ai/ai_software,21,ols_winsorized_raw,ham
asset_growth,0.00012967444912873136,0.08200178596424378,0.00012967444912873136,0.16259059402004525,0.10568241364923657,108,ai/ai_software,21,wls_sqrt_mcap,tema_arındırılmış
asset_growth,0.00012967444912873315,0.08200178596424491,0.00012967444912873315,0.16259059402004522,0.10568241364923656,108,ai/ai_software,21,wls_sqrt_mcap,ham
asset_growth,-0.001185147990899953,-0.31067285475571443,-0.001185147990899953,0.13320872557886393,0.07454359817444353,106,ai/ai_software,63,ols_rank_normal,tema_arındırılmış
asset_growth,-0.0011851479908999533,-0.31067285475571454,-0.0011851479908999533,0.1332087255788639,0.07454359817444356,106,ai/ai_software,63,ols_rank_normal,ham
asset_growth,-0.010831421836912205,-0.9436920423307721,-0.004669293702278273,0.13062366139408008,0.07123798522390443,106,ai/ai_software,63,ols_winsorized_raw,tema_arındırılmış
asset_growth,-0.010831421836912207,-0.9436920423307723,-0.0046692937022782734,0.13062366139408008,0.07123798522390438,106,ai/ai_software,63,ols_winsorized_raw,ham
asset_growth,0.0028765879116705653,0.8292283207410107,0.0028765879116705653,0.1616751907992826,0.10369926916989243,106,ai/ai_software,63,wls_sqrt_mcap,tema_arındırılmış
asset_growth,0.0028765879116705645,0.8292283207410105,0.0028765879116705645,0.1616751907992826,0.10369926916989244,106,ai/ai_software,63,wls_sqrt_mcap,ham
asset_growth,0.003118387104911398,0.4253424220040745,0.003118387104911398,0.13445345793530475,0.07513858801384987,103,ai/ai_software,126,ols_rank_normal,tema_arındırılmış
asset_growth,0.003118387104911398,0.4253424220040744,0.003118387104911398,0.13445345793530475,0.07513858801384987,103,ai/ai_software,126,ols_rank_normal,ham
asset_growth,0.002746363723892009,0.09820118673109828,0.001175449817943086,0.12901067076234624,0.06851499390942925,103,ai/ai_software,126,ols_winsorized_raw,tema_arındırılmış
asset_growth,0.002746363723892041,0.09820118673109939,0.0011754498179430996,0.1290106707623463,0.0685149939094293,103,ai/ai_software,126,ols_winsorized_raw,ham
asset_growth,0.013112340346608093,2.1236607478496037,0.013112340346608093,0.15628762011252245,0.09454736335467898,103,ai/ai_software,126,wls_sqrt_mcap,tema_arındırılmış
asset_growth,0.013112340346608084,2.1236607478496023,0.013112340346608084,0.15628762011252245,0.09454736335467899,103,ai/ai_software,126,wls_sqrt_mcap,ham
capex_at,-0.001224099719026377,-0.8744664993799042,-0.001224099719026377,0.12829716769544214,0.06918897438019424,108,ai/ai_software,21,ols_rank_normal,tema_arındırılmış
capex_at,-0.0012240997190263777,-0.8744664993799048,-0.0012240997190263777,0.12829716769544214,0.06918897438019422,108,ai/ai_software,21,ols_rank_normal,ham
capex_at,-0.08168044043480796,-1.4480941262455724,-0.0020993577828659045,0.1349890824701797,0.0765094780965575,108,ai/ai_software,21,ols_winsorized_raw,tema_arındırılmış
capex_at,-0.08168044043480796,-1.4480941262455727,-0.0020993577828659045,0.1349890824701797,0.07650947809655749,108,ai/ai_software,21,ols_winsorized_raw,ham
capex_at,-0.000775730251237578,-0.4732283389632298,-0.000775730251237578,0.176790398224527,0.12066839271889013,108,ai/ai_software,21,wls_sqrt_mcap,tema_arındırılmış
capex_at,-0.0007757302512375802,-0.47322833896323124,-0.0007757302512375802,0.176790398224527,0.12066839271889009,108,ai/ai_software,21,wls_sqrt_mcap,ham
capex_at,-0.006409782301618905,-1.5678639622265245,-0.006409782301618905,0.1294875458481762,0.07037237948028299,106,ai/ai_software,63,ols_rank_normal,tema_arındırılmış
capex_at,-0.006409782301618903,-1.567863962226524,-0.006409782301618903,0.1294875458481762,0.070372379480283,106,ai/ai_software,63,ols_rank_normal,ham
capex_at,-0.29874452831746634,-1.9545735408204299,-0.007591839887587984,0.1367373623725226,0.0785469728703517,106,ai/ai_software,63,ols_winsorized_raw,tema_arındırılmış
capex_at,-0.29874452831746634,-1.9545735408204294,-0.007591839887587984,0.1367373623725226,0.07854697287035169,106,ai/ai_software,63,ols_winsorized_raw,ham
capex_at,-0.0038918899046618345,-0.8044185005675686,-0.0038918899046618345,0.1725074115925772,0.11496648665355703,106,ai/ai_software,63,wls_sqrt_mcap,tema_arındırılmış
capex_at,-0.0038918899046618415,-0.8044185005675698,-0.0038918899046618415,0.17250741159257724,0.11496648665355705,106,ai/ai_software,63,wls_sqrt_mcap,ham
capex_at,-0.008010798752101275,-0.8730966505550968,-0.008010798752101275,0.1331720009800147,0.0735649496222626,103,ai/ai_software,126,ols_rank_normal,tema_arındırılmış
capex_at,-0.008010798752101273,-0.8730966505550964,-0.008010798752101273,0.13317200098001475,0.07356494962226262,103,ai/ai_software,126,ols_rank_normal,ham
capex_at,-0.41161615279841424,-1.1577722170367362,-0.010254286761853483,0.12762695483890388,0.06665737893877405,103,ai/ai_software,126,ols_winsorized_raw,tema_arındırılmış
capex_at,-0.41161615279841424,-1.157772217036736,-0.010254286761853483,0.12762695483890388,0.06665737893877405,103,ai/ai_software,126,ols_winsorized_raw,ham
capex_at,-0.006845526838323402,-0.6883186836890368,-0.006845526838323402,0.16457506098663632,0.10303350279421643,103,ai/ai_software,126,wls_sqrt_mcap,tema_arındırılmış
capex_at,-0.006845526838323405,-0.6883186836890368,-0.006845526838323405,0.16457506098663632,0.10303350279421643,103,ai/ai_software,126,wls_sqrt_mcap,ham
cash_runway_years,0.030068086789210653,1.599972030653207,0.030068086789210653,0.26182192088026657,0.09877250531305774,15,ai/ai_software,21,ols_rank_normal,tema_arındırılmış
cash_runway_years,0.030068086789210646,1.5999720306532064,0.030068086789210646,0.26182192088026657,0.09877250531305784,15,ai/ai_software,21,ols_rank_normal,ham
cash_runway_years,0.00956745180754272,1.5979716515366766,0.030575086795087473,0.2672391470584042,0.10552617650923084,15,ai/ai_software,21,ols_winsorized_raw,tema_arındırılmış
cash_runway_years,0.009567451807542723,1.597971651536677,0.030575086795087483,0.2672391470584043,0.10552617650923099,15,ai/ai_software,21,ols_winsorized_raw,ham
cash_runway_years,0.032955730492781915,1.7649297170696856,0.032955730492781915,0.27003371487117095,0.10926867515413224,15,ai/ai_software,21,wls_sqrt_mcap,tema_arındırılmış
cash_runway_years,0.03295573049278192,1.7649297170696854,0.03295573049278192,0.27003371487117095,0.10926867515413227,15,ai/ai_software,21,wls_sqrt_mcap,ham
cash_runway_years,0.058214073792637405,1.3937219142839485,0.058214073792637405,0.2638035856278903,0.09973613399103261,15,ai/ai_software,63,ols_rank_normal,tema_arındırılmış
cash_runway_years,0.0582140737926374,1.393721914283949,0.0582140737926374,0.26380358562789036,0.09973613399103266,15,ai/ai_software,63,ols_rank_normal,ham
cash_runway_years,0.021207806727868147,1.704780582960522,0.0677746326275512,0.26938502617819515,0.1065450843298008,15,ai/ai_software,63,ols_winsorized_raw,tema_arındırılmış
cash_runway_years,0.021207806727868157,1.704780582960522,0.06777463262755125,0.2693850261781951,0.10654508432980078,15,ai/ai_software,63,ols_winsorized_raw,ham
cash_runway_years,0.06571184383717134,1.483680696731932,0.06571184383717134,0.25369436925748007,0.08738848775816907,15,ai/ai_software,63,wls_sqrt_mcap,tema_arındırılmış
cash_runway_years,0.06571184383717134,1.4836806967319323,0.06571184383717134,0.2536943692574801,0.08738848775816914,15,ai/ai_software,63,wls_sqrt_mcap,ham
cash_runway_years,0.11531467397818206,2.871768131182315,0.11531467397818206,0.2397220662450232,0.0717112797289281,14,ai/ai_software,126,ols_rank_normal,tema_arındırılmış
cash_runway_years,0.11531467397818207,2.871768131182314,0.11531467397818207,0.23972206624502318,0.07171127972892807,14,ai/ai_software,126,ols_rank_normal,ham
cash_runway_years,0.04332478695173015,3.377969802730485,0.13626910124859057,0.24890359930655934,0.08254967047446603,14,ai/ai_software,126,ols_winsorized_raw,tema_arındırılmış
cash_runway_years,0.04332478695173014,3.377969802730483,0.13626910124859054,0.2489035993065593,0.082549670474466,14,ai/ai_software,126,ols_winsorized_raw,ham
cash_runway_years,0.11529601032993694,2.4372573261960695,0.11529601032993694,0.2536490777299804,0.08814442262192614,14,ai/ai_software,126,wls_sqrt_mcap,tema_arındırılmış
cash_runway_years,0.11529601032993696,2.4372573261960686,0.11529601032993696,0.25364907772998035,0.08814442262192615,14,ai/ai_software,126,wls_sqrt_mcap,ham
cop_at,0.002136417719048022,1.050876574317214,0.002136417719048022,0.13918348079468135,0.07374045491744113,108,ai/ai_software,21,ols_rank_normal,tema_arındırılmış
cop_at,0.0021364177190480267,1.050876574317216,0.0021364177190480267,0.13918348079468135,0.07374045491744113,108,ai/ai_software,21,ols_rank_normal,ham
cop_at,0.03061568520268865,1.2003461845422103,0.002490349982249433,0.13372960990086868,0.06779082480326198,108,ai/ai_software,21,ols_winsorized_raw,tema_arındırılmış
cop_at,0.03061568520268865,1.2003461845422103,0.002490349982249433,0.1337296099008687,0.067790824803262,108,ai/ai_software,21,ols_winsorized_raw,ham
cop_at,0.0032943564176939667,1.8792651285185982,0.0032943564176939667,0.17786862103629503,0.11480247227739865,108,ai/ai_software,21,wls_sqrt_mcap,tema_arındırılmış
cop_at,0.003294356417693962,1.8792651285185944,0.003294356417693962,0.17786862103629503,0.11480247227739862,108,ai/ai_software,21,wls_sqrt_mcap,ham
cop_at,0.008434709541453964,1.5358565818221592,0.008434709541453964,0.14807704301191352,0.0833769064593022,106,ai/ai_software,63,ols_rank_normal,tema_arındırılmış
cop_at,0.008434709541453964,1.535856581822159,0.008434709541453964,0.14807704301191346,0.0833769064593022,106,ai/ai_software,63,ols_rank_normal,ham
cop_at,0.1178829705209805,1.628466547454193,0.009523674557499582,0.14363470661740826,0.07837869424472059,106,ai/ai_software,63,ols_winsorized_raw,tema_arındırılmış
cop_at,0.1178829705209805,1.6284665474541928,0.009523674557499582,0.14363470661740824,0.07837869424472055,106,ai/ai_software,63,ols_winsorized_raw,ham
cop_at,0.010938941006068735,2.6472890120859374,0.010938941006068735,0.18568310329219506,0.12252981395777256,106,ai/ai_software,63,wls_sqrt_mcap,tema_arındırılmış
cop_at,0.010938941006068733,2.6472890120859365,0.010938941006068733,0.185683103292195,0.12252981395777254,106,ai/ai_software,63,wls_sqrt_mcap,ham
cop_at,0.023688449847889075,2.460635516700594,0.023688449847889075,0.15218392851552093,0.08614968063693501,103,ai/ai_software,126,ols_rank_normal,tema_arındırılmış
cop_at,0.023688449847889072,2.4606355167005938,0.023688449847889072,0.15218392851552093,0.08614968063693498,103,ai/ai_software,126,ols_rank_normal,ham
cop_at,0.34047093641492887,2.7329355069643535,0.027274679465574436,0.15194229395454278,0.08559112496755066,103,ai/ai_software,126,ols_winsorized_raw,tema_arındırılmış
cop_at,0.34047093641492887,2.7329355069643535,0.027274679465574436,0.15194229395454276,0.08559112496755063,103,ai/ai_software,126,ols_winsorized_raw,ham
cop_at,0.024764518713386106,3.1394362731826697,0.024764518713386106,0.18355936022483874,0.1157089642360166,103,ai/ai_software,126,wls_sqrt_mcap,tema_arındırılmış
cop_at,0.024764518713386096,3.1394362731826693,0.024764518713386096,0.18355936022483874,0.11570896423601662,103,ai/ai_software,126,wls_sqrt_mcap,ham
dist_52w_high,-1.3708910445552868e-05,-0.005472812905195635,-1.3708910445552868e-05,0.14202131534321077,0.08575767171449263,108,ai/ai_software,21,ols_rank_normal,tema_arındırılmış
dist_52w_high,-1.3708910445554795e-05,-0.005472812905196404,-1.3708910445554795e-05,0.14202131534321075,0.08575767171449258,108,ai/ai_software,21,ols_rank_normal,ham
dist_52w_high,-0.0036103515180145175,-0.2072703217545526,-0.0005753431462816051,0.14445405867473662,0.08844237646678732,108,ai/ai_software,21,ols_winsorized_raw,tema_arındırılmış
dist_52w_high,-0.0036103515180145227,-0.2072703217545529,-0.0005753431462816058,0.1444540586747366,0.08844237646678729,108,ai/ai_software,21,ols_winsorized_raw,ham
dist_52w_high,0.0008928344105666834,0.3709016117141217,0.0008928344105666834,0.18550551674539187,0.13210924077955724,108,ai/ai_software,21,wls_sqrt_mcap,tema_arındırılmış
dist_52w_high,0.0008928344105666826,0.3709016117141213,0.0008928344105666826,0.1855055167453919,0.13210924077955724,108,ai/ai_software,21,wls_sqrt_mcap,ham
dist_52w_high,0.002323420032004183,0.3424511174516132,0.002323420032004183,0.1557551553528889,0.10118088068655867,106,ai/ai_software,63,ols_rank_normal,tema_arındırılmış
dist_52w_high,0.002323420032004182,0.34245111745161305,0.002323420032004182,0.1557551553528889,0.10118088068655867,106,ai/ai_software,63,ols_rank_normal,ham
dist_52w_high,0.02089399334903683,0.40143074315467203,0.0033143182342319777,0.16063179388283963,0.10662128318612277,106,ai/ai_software,63,ols_winsorized_raw,tema_arındırılmış
dist_52w_high,0.02089399334903676,0.40143074315467064,0.003314318234231967,0.1606317938828396,0.10662128318612277,106,ai/ai_software,63,ols_winsorized_raw,ham
dist_52w_high,0.006933413452261275,1.2232579130063674,0.006933413452261275,0.18388108069210882,0.1296910348404849,106,ai/ai_software,63,wls_sqrt_mcap,tema_arındırılmış
dist_52w_high,0.006933413452261269,1.223257913006366,0.006933413452261269,0.18388108069210887,0.12969103484048491,106,ai/ai_software,63,wls_sqrt_mcap,ham
dist_52w_high,0.011554155877383196,1.0332948519887646,0.011554155877383196,0.1437439662842721,0.08641807925344865,103,ai/ai_software,126,ols_rank_normal,tema_arındırılmış
dist_52w_high,0.011554155877383192,1.0332948519887641,0.011554155877383192,0.14374396628427208,0.08641807925344865,103,ai/ai_software,126,ols_rank_normal,ham
dist_52w_high,0.08024802418468488,0.7585550378551542,0.01263719091551622,0.1498216918725491,0.09277516659153853,103,ai/ai_software,126,ols_winsorized_raw,tema_arındırılmış
dist_52w_high,0.08024802418468487,0.7585550378551541,0.012637190915516218,0.14982169187254915,0.09277516659153859,103,ai/ai_software,126,ols_winsorized_raw,ham
dist_52w_high,0.015924541959548795,1.4828546827500455,0.015924541959548795,0.18053260526796322,0.12277642033660228,103,ai/ai_software,126,wls_sqrt_mcap,tema_arındırılmış
dist_52w_high,0.01592454195954878,1.4828546827500446,0.01592454195954878,0.18053260526796322,0.12277642033660228,103,ai/ai_software,126,wls_sqrt_mcap,ham
droe,0.0013056335570718312,0.6622545703794698,0.0013056335570718312,0.14114991758607257,0.07267403440324581,108,ai/ai_software,21,ols_rank_normal,tema_arındırılmış
droe,0.00130563355707183,0.6622545703794691,0.00130563355707183,0.14114991758607254,0.0726740344032458,108,ai/ai_software,21,ols_rank_normal,ham
droe,0.010747467161136002,0.4335053921317718,0.001413306055969478,0.14217726216162146,0.07443842463085393,108,ai/ai_software,21,ols_winsorized_raw,tema_arındırılmış
droe,0.010747467161136014,0.4335053921317723,0.0014133060559694795,0.1421772621616214,0.0744384246308539,108,ai/ai_software,21,ols_winsorized_raw,ham
droe,0.002498531750643881,1.4118742205647083,0.002498531750643881,0.19196750958715883,0.12757867464900863,108,ai/ai_software,21,wls_sqrt_mcap,tema_arındırılmış
droe,0.002498531750643891,1.4118742205647135,0.002498531750643891,0.19196750958715883,0.12757867464900863,108,ai/ai_software,21,wls_sqrt_mcap,ham
droe,0.003876554947965848,0.7379581360318631,0.003876554947965848,0.14003146023306282,0.07086008311263221,106,ai/ai_software,63,ols_rank_normal,tema_arındırılmış
droe,0.0038765549479658533,0.7379581360318643,0.0038765549479658533,0.14003146023306282,0.0708600831126322,106,ai/ai_software,63,ols_rank_normal,ham
droe,0.06031061869022566,1.3016967314902357,0.007962562961477754,0.14473351431761627,0.07672671297850713,106,ai/ai_software,63,ols_winsorized_raw,tema_arındırılmış
droe,0.06031061869022569,1.3016967314902363,0.00796256296147776,0.14473351431761627,0.0767267129785071,106,ai/ai_software,63,ols_winsorized_raw,ham
droe,0.0074918936298871905,1.7591841277761742,0.0074918936298871905,0.1958834747789716,0.13082786264777946,106,ai/ai_software,63,wls_sqrt_mcap,tema_arındırılmış
droe,0.007491893629887194,1.7591841277761753,0.007491893629887194,0.19588347477897156,0.13082786264777946,106,ai/ai_software,63,wls_sqrt_mcap,ham
droe,0.013731876207176204,2.005871259881272,0.013731876207176204,0.13506946317950563,0.06422318864496455,103,ai/ai_software,126,ols_rank_normal,tema_arındırılmış
droe,0.013731876207176202,2.0058712598812716,0.013731876207176202,0.13506946317950563,0.06422318864496453,103,ai/ai_software,126,ols_rank_normal,ham
droe,0.17614481550290625,2.181030645606762,0.023217949600705053,0.13858202220776936,0.06825967311627876,103,ai/ai_software,126,ols_winsorized_raw,tema_arındırılmış
droe,0.1761448155029063,2.1810306456067634,0.02321794960070506,0.13858202220776936,0.06825967311627877,103,ai/ai_software,126,ols_winsorized_raw,ham
droe,0.015520714321916896,2.3802604497208764,0.015520714321916896,0.18712057231014598,0.11774471709428513,103,ai/ai_software,126,wls_sqrt_mcap,tema_arındırılmış
droe,0.015520714321916908,2.3802604497208786,0.015520714321916908,0.18712057231014598,0.11774471709428512,103,ai/ai_software,126,wls_sqrt_mcap,ham
ear_3d,0.0024188268347553,1.5006187687800852,0.0024188268347553,0.12386865025482341,0.06835495112977427,102,ai/ai_software,21,ols_rank_normal,tema_arındırılmış
ear_3d,0.0024188268347552994,1.5006187687800847,0.0024188268347552994,0.1238686502548234,0.06835495112977426,102,ai/ai_software,21,ols_rank_normal,ham
ear_3d,0.017295097021150126,1.139526838554742,0.0020595019680058353,0.12179707567004079,0.065872522735195,102,ai/ai_software,21,ols_winsorized_raw,tema_arındırılmış
ear_3d,0.01729509702115011,1.1395268385547406,0.002059501968005833,0.12179707567004085,0.06587252273519503,102,ai/ai_software,21,ols_winsorized_raw,ham
ear_3d,0.002266557160469713,1.3926603339592742,0.002266557160469713,0.1612287470944975,0.10772782717846324,102,ai/ai_software,21,wls_sqrt_mcap,tema_arındırılmış
ear_3d,0.002266557160469711,1.3926603339592731,0.002266557160469711,0.16122874709449753,0.10772782717846327,102,ai/ai_software,21,wls_sqrt_mcap,ham
ear_3d,0.0029581728409579715,0.7300925585704637,0.0029581728409579715,0.12725406331662245,0.07172115814607762,100,ai/ai_software,63,ols_rank_normal,tema_arındırılmış
ear_3d,0.00295817284095797,0.7300925585704636,0.00295817284095797,0.12725406331662242,0.07172115814607757,100,ai/ai_software,63,ols_rank_normal,ham
ear_3d,0.018790656958617005,0.5803448044896801,0.0022240086605130743,0.1302670642130055,0.07473125064164039,100,ai/ai_software,63,ols_winsorized_raw,tema_arındırılmış
ear_3d,0.018790656958616994,0.5803448044896797,0.0022240086605130735,0.13026706421300543,0.07473125064164038,100,ai/ai_software,63,ols_winsorized_raw,ham
ear_3d,-0.001104241644404701,-0.29988661580159803,-0.001104241644404701,0.16888006129493896,0.11599476778735446,100,ai/ai_software,63,wls_sqrt_mcap,tema_arındırılmış
ear_3d,-0.0011042416444047112,-0.2998866158016008,-0.0011042416444047112,0.168880061294939,0.11599476778735442,100,ai/ai_software,63,wls_sqrt_mcap,ham
ear_3d,0.005063027733327381,0.6285142921827663,0.005063027733327381,0.12249862115031109,0.06437328389733954,97,ai/ai_software,126,ols_rank_normal,tema_arındırılmış
ear_3d,0.00506302773332738,0.6285142921827661,0.00506302773332738,0.12249862115031111,0.06437328389733957,97,ai/ai_software,126,ols_rank_normal,ham
ear_3d,0.02896359675606293,0.4425133394581019,0.0033851602750211533,0.12091193201778803,0.06214789535731827,97,ai/ai_software,126,ols_winsorized_raw,tema_arındırılmış
ear_3d,0.028963596756062974,0.44251333945810256,0.0033851602750211585,0.12091193201778805,0.06214789535731829,97,ai/ai_software,126,ols_winsorized_raw,ham
ear_3d,0.0013111728427940346,0.18776260800538314,0.0013111728427940346,0.1697066407274005,0.11328976719098442,97,ai/ai_software,126,wls_sqrt_mcap,tema_arındırılmış
ear_3d,0.001311172842794032,0.18776260800538272,0.001311172842794032,0.1697066407274005,0.11328976719098438,97,ai/ai_software,126,wls_sqrt_mcap,ham
gross_profitability,0.0025252000702092247,1.6189849516223758,0.0025252000702092247,0.1273231583060427,0.058793237652452236,106,ai/ai_software,21,ols_rank_normal,tema_arındırılmış
gross_profitability,0.0025252000702092265,1.6189849516223762,0.0025252000702092265,0.1273231583060427,0.05879323765245223,106,ai/ai_software,21,ols_rank_normal,ham
gross_profitability,0.008253588759305151,1.0998951812597904,0.001700527665104763,0.12262809447062005,0.053703620388548624,106,ai/ai_software,21,ols_winsorized_raw,tema_arındırılmış
gross_profitability,0.008253588759305161,1.0998951812597917,0.0017005276651047652,0.12262809447062002,0.05370362038854863,106,ai/ai_software,21,ols_winsorized_raw,ham
gross_profitability,0.0029592790907170493,2.026066375903951,0.0029592790907170493,0.16732643451288892,0.10149076165932976,106,ai/ai_software,21,wls_sqrt_mcap,tema_arındırılmış
gross_profitability,0.0029592790907170493,2.0260663759039512,0.0029592790907170493,0.16732643451288887,0.10149076165932971,106,ai/ai_software,21,wls_sqrt_mcap,ham
gross_profitability,0.008058784557130152,1.8306673121403858,0.008058784557130152,0.13308076730120202,0.06541290196248203,104,ai/ai_software,63,ols_rank_normal,tema_arındırılmış
gross_profitability,0.008058784557130164,1.830667312140389,0.008058784557130164,0.13308076730120205,0.06541290196248203,104,ai/ai_software,63,ols_rank_normal,ham
gross_profitability,0.03051705353519998,1.4988308886977648,0.006239303884752537,0.12673506652470223,0.058390799894136126,104,ai/ai_software,63,ols_winsorized_raw,tema_arındırılmış
gross_profitability,0.03051705353519998,1.4988308886977648,0.006239303884752537,0.1267350665247022,0.058390799894136085,104,ai/ai_software,63,ols_winsorized_raw,ham
gross_profitability,0.00746961170857505,1.8445411592698928,0.00746961170857505,0.18028432075820253,0.11521658904739501,104,ai/ai_software,63,wls_sqrt_mcap,tema_arındırılmış
gross_profitability,0.007469611708575055,1.8445411592698941,0.007469611708575055,0.18028432075820255,0.11521658904739501,104,ai/ai_software,63,wls_sqrt_mcap,ham
gross_profitability,0.019886678219500006,2.506796920797689,0.019886678219500006,0.14241795265448515,0.07397660355732084,101,ai/ai_software,126,ols_rank_normal,tema_arındırılmış
gross_profitability,0.0198866782195,2.5067969207976875,0.0198866782195,0.14241795265448512,0.07397660355732082,101,ai/ai_software,126,ols_rank_normal,ham
gross_profitability,0.08462165856258126,2.4703848498427323,0.017126486847194162,0.1400433402097477,0.07145608388925062,101,ai/ai_software,126,ols_winsorized_raw,tema_arındırılmış
gross_profitability,0.08462165856258129,2.470384849842733,0.01712648684719417,0.1400433402097477,0.07145608388925061,101,ai/ai_software,126,ols_winsorized_raw,ham
gross_profitability,0.013813457962574955,1.7501428618052668,0.013813457962574955,0.18718808343831564,0.11941337017697994,101,ai/ai_software,126,wls_sqrt_mcap,tema_arındırılmış
gross_profitability,0.013813457962574952,1.7501428618052666,0.013813457962574952,0.18718808343831564,0.11941337017697995,101,ai/ai_software,126,wls_sqrt_mcap,ham
idio_vol_60d,4.742378195696811e-05,0.01897608213736959,4.742378195696811e-05,0.13694443697888944,0.0800825262456414,108,ai/ai_software,21,ols_rank_normal,tema_arındırılmış
idio_vol_60d,4.7423781956964135e-05,0.018976082137368,4.7423781956964135e-05,0.13694443697888944,0.0800825262456414,108,ai/ai_software,21,ols_rank_normal,ham
idio_vol_60d,0.009944815908404894,0.6808399672720825,0.0019060987236588247,0.1412722531076326,0.0848873096283745,108,ai/ai_software,21,ols_winsorized_raw,tema_arındırılmış
idio_vol_60d,0.0099448159084049,0.680839967272083,0.001906098723658826,0.1412722531076326,0.08488730962837447,108,ai/ai_software,21,ols_winsorized_raw,ham
idio_vol_60d,-0.0015308118725739363,-0.641150946689548,-0.0015308118725739363,0.1752276822962104,0.12041740612289566,108,ai/ai_software,21,wls_sqrt_mcap,tema_arındırılmış
idio_vol_60d,-0.0015308118725739293,-0.6411509466895452,-0.0015308118725739293,0.17522768229621036,0.12041740612289564,108,ai/ai_software,21,wls_sqrt_mcap,ham
idio_vol_60d,0.006633265244730337,0.979642679069084,0.006633265244730337,0.1442155009421299,0.08789532055156998,106,ai/ai_software,63,ols_rank_normal,tema_arındırılmış
idio_vol_60d,0.006633265244730335,0.9796426790690836,0.006633265244730335,0.14421550094212984,0.08789532055156996,106,ai/ai_software,63,ols_rank_normal,ham
idio_vol_60d,0.05475961842223034,1.3155392018644074,0.010491878069656645,0.1480783796434864,0.0918718638071214,106,ai/ai_software,63,ols_winsorized_raw,tema_arındırılmış
idio_vol_60d,0.05475961842223031,1.3155392018644065,0.01049187806965664,0.14807837964348644,0.09187186380712142,106,ai/ai_software,63,ols_winsorized_raw,ham
idio_vol_60d,0.006010696544282153,0.9539342568310154,0.006010696544282153,0.17843891664540626,0.12349601905613972,106,ai/ai_software,63,wls_sqrt_mcap,tema_arındırılmış
idio_vol_60d,0.006010696544282148,0.9539342568310146,0.006010696544282148,0.1784389166454062,0.12349601905613967,106,ai/ai_software,63,wls_sqrt_mcap,ham
idio_vol_60d,0.015259425210997239,1.1352565640591712,0.015259425210997239,0.14667766086670056,0.08951026865564422,103,ai/ai_software,126,ols_rank_normal,tema_arındırılmış
idio_vol_60d,0.015259425210997237,1.135256564059171,0.015259425210997237,0.14667766086670056,0.08951026865564421,103,ai/ai_software,126,ols_rank_normal,ham
idio_vol_60d,0.1148913908593336,1.1620891477957076,0.021889694846518926,0.14786126674258712,0.09054405523664541,103,ai/ai_software,126,ols_winsorized_raw,tema_arındırılmış
idio_vol_60d,0.11489139085933354,1.162089147795707,0.021889694846518915,0.1478612667425871,0.09054405523664535,103,ai/ai_software,126,ols_winsorized_raw,ham
idio_vol_60d,0.012663872076501744,0.9940340585510621,0.012663872076501744,0.16988095481732396,0.11004464448230797,103,ai/ai_software,126,wls_sqrt_mcap,tema_arındırılmış
idio_vol_60d,0.012663872076501726,0.99403405855106,0.012663872076501726,0.16988095481732396,0.11004464448230794,103,ai/ai_software,126,wls_sqrt_mcap,ham
max_ret_21d,0.0007251989672248477,0.3611295249318083,0.0007251989672248477,0.13017292159714036,0.07274039328254504,108,ai/ai_software,21,ols_rank_normal,tema_arındırılmış
max_ret_21d,0.0007251989672248465,0.3611295249318077,0.0007251989672248465,0.13017292159714033,0.07274039328254503,108,ai/ai_software,21,ols_rank_normal,ham
max_ret_21d,0.03620225956955533,0.5560225839194273,0.0017170964807491681,0.13532676947745473,0.07828768372166169,108,ai/ai_software,21,ols_winsorized_raw,tema_arındırılmış
max_ret_21d,0.03620225956955532,0.5560225839194272,0.001717096480749168,0.13532676947745476,0.07828768372166171,108,ai/ai_software,21,ols_winsorized_raw,ham
max_ret_21d,-0.0004873961299423602,-0.26090458508475856,-0.0004873961299423602,0.1708576937582103,0.11637062462474394,108,ai/ai_software,21,wls_sqrt_mcap,tema_arındırılmış
max_ret_21d,-0.0004873961299423656,-0.2609045850847614,-0.0004873961299423656,0.1708576937582103,0.11637062462474394,108,ai/ai_software,21,wls_sqrt_mcap,ham
max_ret_21d,0.0021779866526901253,0.523925198359494,0.0021779866526901253,0.13095484494832954,0.07310960848324762,106,ai/ai_software,63,ols_rank_normal,tema_arındırılmış
max_ret_21d,0.002177986652690118,0.5239251983594923,0.002177986652690118,0.13095484494832954,0.07310960848324762,106,ai/ai_software,63,ols_rank_normal,ham
max_ret_21d,0.16967539720188993,1.2757435705084499,0.008028445730800872,0.14012743027401403,0.08318636515313496,106,ai/ai_software,63,ols_winsorized_raw,tema_arındırılmış
max_ret_21d,0.16967539720188995,1.27574357050845,0.008028445730800872,0.1401274302740141,0.08318636515313496,106,ai/ai_software,63,ols_winsorized_raw,ham
max_ret_21d,0.0008409059451541302,0.1894080713542178,0.0008409059451541302,0.16952973959672302,0.11396177411381643,106,ai/ai_software,63,wls_sqrt_mcap,tema_arındırılmış
max_ret_21d,0.0008409059451541326,0.18940807135421833,0.0008409059451541326,0.16952973959672302,0.11396177411381643,106,ai/ai_software,63,wls_sqrt_mcap,ham
max_ret_21d,0.009161406265014207,1.0957657070753837,0.009161406265014207,0.13143814432716253,0.07268223548261452,103,ai/ai_software,126,ols_rank_normal,tema_arındırılmış
max_ret_21d,0.009161406265014202,1.0957657070753828,0.009161406265014202,0.13143814432716255,0.07268223548261452,103,ai/ai_software,126,ols_rank_normal,ham
max_ret_21d,0.3182053730330906,1.0723476407039991,0.014954855025107489,0.13207393193609757,0.07267951974075501,103,ai/ai_software,126,ols_winsorized_raw,tema_arındırılmış
max_ret_21d,0.31820537303309065,1.0723476407039993,0.01495485502510749,0.1320739319360976,0.07267951974075502,103,ai/ai_software,126,ols_winsorized_raw,ham
max_ret_21d,0.010812270271539382,1.3655379471374587,0.010812270271539382,0.16572095836312914,0.10646890684915929,103,ai/ai_software,126,wls_sqrt_mcap,tema_arındırılmış
max_ret_21d,0.010812270271539378,1.365537947137458,0.010812270271539378,0.1657209583631291,0.10646890684915926,103,ai/ai_software,126,wls_sqrt_mcap,ham
mom_12_1,0.0005885704553701044,0.2513453330182567,0.0005885704553701044,0.14429505501086282,0.08797627285393071,108,ai/ai_software,21,ols_rank_normal,tema_arındırılmış
mom_12_1,0.0005885704553701061,0.2513453330182574,0.0005885704553701061,0.14429505501086282,0.08797627285393068,108,ai/ai_software,21,ols_rank_normal,ham
mom_12_1,-0.0007051551375554509,-0.1155259598745694,-0.00038254632703113605,0.14752323117018334,0.09157617647077752,108,ai/ai_software,21,ols_winsorized_raw,tema_arındırılmış
mom_12_1,-0.0007051551375554619,-0.11552595987457122,-0.00038254632703114196,0.14752323117018332,0.09157617647077752,108,ai/ai_software,21,ols_winsorized_raw,ham
mom_12_1,0.0031048724384529487,1.3073245471952721,0.0031048724384529487,0.18502901916467782,0.13261841982717185,108,ai/ai_software,21,wls_sqrt_mcap,tema_arındırılmış
mom_12_1,0.003104872438452947,1.3073245471952712,0.003104872438452947,0.1850290191646778,0.13261841982717187,108,ai/ai_software,21,wls_sqrt_mcap,ham
mom_12_1,0.0004275246506103578,0.07424650199227803,0.0004275246506103578,0.14732358826390352,0.09161129560490434,106,ai/ai_software,63,ols_rank_normal,tema_arındırılmış
mom_12_1,0.0004275246506103557,0.07424650199227768,0.0004275246506103557,0.14732358826390352,0.09161129560490434,106,ai/ai_software,63,ols_rank_normal,ham
mom_12_1,0.0030051847116809097,0.18719620603666964,0.0016269031708694335,0.15580787626700884,0.10119855358847059,106,ai/ai_software,63,ols_winsorized_raw,tema_arındırılmış
mom_12_1,0.0030051847116809023,0.1871962060366692,0.0016269031708694296,0.15580787626700884,0.1011985535884706,106,ai/ai_software,63,ols_winsorized_raw,ham
mom_12_1,0.009472630033508848,1.5404573834597142,0.009472630033508848,0.18285468617883738,0.12929102623419936,106,ai/ai_software,63,wls_sqrt_mcap,tema_arındırılmış
mom_12_1,0.009472630033508855,1.5404573834597157,0.009472630033508855,0.18285468617883738,0.12929102623419933,106,ai/ai_software,63,wls_sqrt_mcap,ham
mom_12_1,0.009456760216628727,0.9063491917951454,0.009456760216628727,0.13802355406337177,0.08010936276289093,103,ai/ai_software,126,ols_rank_normal,tema_arındırılmış
mom_12_1,0.009456760216628723,0.9063491917951448,0.009456760216628723,0.13802355406337177,0.08010936276289092,103,ai/ai_software,126,ols_rank_normal,ham
mom_12_1,0.02129027339198622,0.7569055008632971,0.011524737162795416,0.14485928675078044,0.08732533499314164,103,ai/ai_software,126,ols_winsorized_raw,tema_arındırılmış
mom_12_1,0.021290273391986223,0.7569055008632972,0.011524737162795418,0.14485928675078039,0.08732533499314164,103,ai/ai_software,126,ols_winsorized_raw,ham
mom_12_1,0.023367079835803523,1.7764428048264682,0.023367079835803523,0.18293767917163625,0.12685700296820587,103,ai/ai_software,126,wls_sqrt_mcap,tema_arındırılmış
mom_12_1,0.023367079835803523,1.7764428048264687,0.023367079835803523,0.1829376791716363,0.1268570029682059,103,ai/ai_software,126,wls_sqrt_mcap,ham
profitable_growth,-0.00029504404221101474,-0.1442668800424784,-0.00029504404221101474,0.14400409081877333,0.079287474651354,107,ai/ai_software,21,ols_rank_normal,tema_arındırılmış
profitable_growth,-0.0002950440422110147,-0.1442668800424784,-0.0002950440422110147,0.14400409081877336,0.07928747465135401,107,ai/ai_software,21,ols_rank_normal,ham
profitable_growth,0.0003079445204956505,0.05034011568876141,0.00010698405796906842,0.1482684664409983,0.08437297569394668,107,ai/ai_software,21,ols_winsorized_raw,tema_arındırılmış
profitable_growth,0.000307944520495651,0.05034011568876149,0.00010698405796906861,0.14826846644099828,0.08437297569394668,107,ai/ai_software,21,ols_winsorized_raw,ham
profitable_growth,0.0008290692495833008,0.39567698473577895,0.0008290692495833008,0.18880715397018236,0.1266555564206991,107,ai/ai_software,21,wls_sqrt_mcap,tema_arındırılmış
profitable_growth,0.0008290692495833077,0.39567698473578206,0.0008290692495833077,0.18880715397018236,0.1266555564206991,107,ai/ai_software,21,wls_sqrt_mcap,ham
profitable_growth,3.698958978203396e-05,0.0061175475955834,3.698958978203396e-05,0.14273377030667517,0.07667281355996745,105,ai/ai_software,63,ols_rank_normal,tema_arındırılmış
profitable_growth,3.6989589782033264e-05,0.006117547595583284,3.6989589782033264e-05,0.14273377030667514,0.07667281355996745,105,ai/ai_software,63,ols_rank_normal,ham
profitable_growth,0.0010735834998113214,0.06050681776321732,0.000372803753311465,0.1483517272464062,0.08348840094267009,105,ai/ai_software,63,ols_winsorized_raw,tema_arındırılmış
profitable_growth,0.0010735834998113248,0.060506817763217514,0.0003728037533114662,0.14835172724640622,0.08348840094267009,105,ai/ai_software,63,ols_winsorized_raw,ham
profitable_growth,0.0020065937675897445,0.35707105561114916,0.0020065937675897445,0.1884990801969367,0.12465413295893137,105,ai/ai_software,63,wls_sqrt_mcap,tema_arındırılmış
profitable_growth,0.0020065937675897536,0.35707105561115066,0.0020065937675897536,0.1884990801969367,0.1246541329589314,105,ai/ai_software,63,wls_sqrt_mcap,ham
profitable_growth,0.0035608525489304282,0.31223222166935155,0.0035608525489304282,0.14300200409525854,0.07518033474320229,102,ai/ai_software,126,ols_rank_normal,tema_arındırılmış
profitable_growth,0.0035608525489304274,0.31223222166935144,0.0035608525489304274,0.1430020040952585,0.07518033474320225,102,ai/ai_software,126,ols_rank_normal,ham
profitable_growth,0.008018167560773542,0.23596704573338953,0.0027812357840215985,0.14517883694200112,0.07763935502452014,102,ai/ai_software,126,ols_winsorized_raw,tema_arındırılmış
profitable_growth,0.00801816756077355,0.2359670457333899,0.0027812357840216015,0.14517883694200107,0.0776393550245201,102,ai/ai_software,126,ols_winsorized_raw,ham
profitable_growth,0.001266227072408621,0.11820240263084578,0.001266227072408621,0.1838292134344676,0.11535335751760112,102,ai/ai_software,126,wls_sqrt_mcap,tema_arındırılmış
profitable_growth,0.0012662270724086355,0.11820240263084708,0.0012662270724086355,0.1838292134344676,0.11535335751760112,102,ai/ai_software,126,wls_sqrt_mcap,ham
share_issuance,0.002155620822982155,0.9212373669934861,0.002155620822982155,0.1547033266953325,0.08999353397053754,108,ai/ai_software,21,ols_rank_normal,tema_arındırılmış
share_issuance,0.002155620822982156,0.9212373669934865,0.002155620822982156,0.15470332669533254,0.08999353397053754,108,ai/ai_software,21,ols_rank_normal,ham
share_issuance,-0.025072206758930366,-0.6203062888246994,-0.00288507561183787,0.15272907893201262,0.08786481542634249,108,ai/ai_software,21,ols_winsorized_raw,tema_arındırılmış
share_issuance,-0.025072206758930342,-0.6203062888246988,-0.0028850756118378672,0.15272907893201262,0.0878648154263425,108,ai/ai_software,21,ols_winsorized_raw,ham
share_issuance,0.0024539887446655977,1.0416678961880321,0.0024539887446655977,0.18775695458123273,0.1252985375962904,108,ai/ai_software,21,wls_sqrt_mcap,tema_arındırılmış
share_issuance,0.002453988744665594,1.0416678961880306,0.002453988744665594,0.18775695458123276,0.1252985375962904,108,ai/ai_software,21,wls_sqrt_mcap,ham
share_issuance,0.0059808239703155455,0.9656616217908081,0.0059808239703155455,0.1679165875148017,0.10367854405837083,106,ai/ai_software,63,ols_rank_normal,tema_arındırılmış
share_issuance,0.005980823970315552,0.965661621790809,0.005980823970315552,0.16791658751480174,0.10367854405837086,106,ai/ai_software,63,ols_rank_normal,ham
share_issuance,-0.08351980014626648,-0.8832677495790493,-0.00962173482914287,0.16712593351952681,0.1029671176063702,106,ai/ai_software,63,ols_winsorized_raw,tema_arındırılmış
share_issuance,-0.08351980014626649,-0.8832677495790494,-0.009621734829142872,0.16712593351952681,0.10296711760637021,106,ai/ai_software,63,ols_winsorized_raw,ham
share_issuance,0.007537723377397036,1.184694898565645,0.007537723377397036,0.19860947342696805,0.13544825364121624,106,ai/ai_software,63,wls_sqrt_mcap,tema_arındırılmış
share_issuance,0.007537723377397036,1.1846948985656451,0.007537723377397036,0.198609473426968,0.1354482536412162,106,ai/ai_software,63,wls_sqrt_mcap,ham
share_issuance,0.014145224561009565,1.0989642894376175,0.014145224561009565,0.17149235981097088,0.10619260446678636,103,ai/ai_software,126,ols_rank_normal,tema_arındırılmış
share_issuance,0.014145224561009565,1.0989642894376173,0.014145224561009565,0.1714923598109709,0.10619260446678633,103,ai/ai_software,126,ols_rank_normal,ham
share_issuance,-0.08049512788128914,-0.4527456133901881,-0.00920167380115234,0.17133056348612274,0.10596015832540415,103,ai/ai_software,126,ols_winsorized_raw,tema_arındırılmış
share_issuance,-0.0804951278812891,-0.4527456133901879,-0.009201673801152334,0.17133056348612274,0.10596015832540417,103,ai/ai_software,126,ols_winsorized_raw,ham
share_issuance,0.023523420021998028,1.9565720406834366,0.023523420021998028,0.1855426057837411,0.11721878969919958,103,ai/ai_software,126,wls_sqrt_mcap,tema_arındırılmış
share_issuance,0.023523420021998035,1.9565720406834377,0.023523420021998035,0.18554260578374113,0.11721878969919958,103,ai/ai_software,126,wls_sqrt_mcap,ham
sue,0.0007485748144127315,0.437109816010831,0.0007485748144127315,0.1335850049713097,0.06483655591241969,108,ai/ai_software,21,ols_rank_normal,tema_arındırılmış
sue,0.0007485748144127319,0.4371098160108312,0.0007485748144127319,0.13358500497130968,0.06483655591241969,108,ai/ai_software,21,ols_rank_normal,ham
sue,0.0015038785249490382,1.0278272843853484,0.0018471807840726516,0.1335213598510292,0.06476155841578875,108,ai/ai_software,21,ols_winsorized_raw,tema_arındırılmış
sue,0.0015038785249490382,1.0278272843853486,0.0018471807840726516,0.13352135985102917,0.0647615584157887,108,ai/ai_software,21,ols_winsorized_raw,ham
sue,0.0018139675524087911,1.2082094331253486,0.0018139675524087911,0.18253903822114673,0.11783831319441626,108,ai/ai_software,21,wls_sqrt_mcap,tema_arındırılmış
sue,0.0018139675524087918,1.2082094331253495,0.0018139675524087918,0.18253903822114678,0.11783831319441627,108,ai/ai_software,21,wls_sqrt_mcap,ham
sue,0.0020089450024782084,0.4112693198551066,0.0020089450024782084,0.13703420442509373,0.06778740368866723,106,ai/ai_software,63,ols_rank_normal,tema_arındırılmış
sue,0.002008945002478209,0.41126931985510673,0.002008945002478209,0.13703420442509373,0.06778740368866723,106,ai/ai_software,63,ols_rank_normal,ham
sue,0.002633843927405492,0.6089264131192567,0.0032384615337422403,0.1381210137039798,0.0689006858662635,106,ai/ai_software,63,ols_winsorized_raw,tema_arındırılmış
sue,0.0026338439274054904,0.6089264131192567,0.003238461533742238,0.1381210137039798,0.06890068586626345,106,ai/ai_software,63,ols_winsorized_raw,ham
sue,0.006727915742223182,1.715941378023163,0.006727915742223182,0.17985275437330095,0.1133736785726936,106,ai/ai_software,63,wls_sqrt_mcap,tema_arındırılmış
sue,0.006727915742223185,1.715941378023164,0.006727915742223185,0.17985275437330095,0.11337367857269362,106,ai/ai_software,63,wls_sqrt_mcap,ham
sue,0.00809002546470153,1.0688859206403944,0.00809002546470153,0.13725596074922913,0.06703354341248036,103,ai/ai_software,126,ols_rank_normal,tema_arındırılmış
sue,0.008090025464701533,1.068885920640395,0.008090025464701533,0.13725596074922913,0.06703354341248038,103,ai/ai_software,126,ols_rank_normal,ham
sue,0.007483051416887905,1.1005017042130762,0.009204805783296794,0.1367933302647344,0.06611800926418392,103,ai/ai_software,126,ols_winsorized_raw,tema_arındırılmış
sue,0.007483051416887913,1.100501704213078,0.009204805783296804,0.13679333026473442,0.06611800926418394,103,ai/ai_software,126,ols_winsorized_raw,ham
sue,0.015304351381519695,2.204594232889256,0.015304351381519695,0.1777159270791394,0.10748728142117026,103,ai/ai_software,126,wls_sqrt_mcap,tema_arındırılmış
sue,0.015304351381519688,2.204594232889255,0.015304351381519688,0.17771592707913944,0.1074872814211703,103,ai/ai_software,126,wls_sqrt_mcap,ham
sue_announce,0.0027880504906083576,1.3964080826363612,0.0027880504906083576,0.15153236827268768,0.07585992735594203,91,ai/ai_software,21,ols_rank_normal,tema_arındırılmış
sue_announce,0.0027880504906083576,1.3964080826363612,0.0027880504906083576,0.15153236827268765,0.07585992735594203,91,ai/ai_software,21,ols_rank_normal,ham
sue_announce,0.002164898364129356,1.5814645304789756,0.0031520408999768626,0.14553929025066148,0.06934570350071441,91,ai/ai_software,21,ols_winsorized_raw,tema_arındırılmış
sue_announce,0.0021648983641293566,1.5814645304789754,0.003152040899976863,0.14553929025066148,0.06934570350071444,91,ai/ai_software,21,ols_winsorized_raw,ham
sue_announce,0.003405143085786682,1.8238475906704124,0.003405143085786682,0.20814514067291254,0.13689627284605393,91,ai/ai_software,21,wls_sqrt_mcap,tema_arındırılmış
sue_announce,0.0034051430857866788,1.8238475906704106,0.0034051430857866788,0.2081451406729126,0.13689627284605393,91,ai/ai_software,21,wls_sqrt_mcap,ham
sue_announce,0.008771639651168723,1.6349723637327493,0.008771639651168723,0.1451439065447985,0.06768665190909137,89,ai/ai_software,63,ols_rank_normal,tema_arındırılmış
sue_announce,0.008771639651168719,1.6349723637327487,0.008771639651168719,0.1451439065447985,0.06768665190909139,89,ai/ai_software,63,ols_rank_normal,ham
sue_announce,0.006862261728300673,1.8987227525322556,0.009960697833961732,0.13781268520634396,0.059655426823032084,89,ai/ai_software,63,ols_winsorized_raw,tema_arındırılmış
sue_announce,0.00686226172830067,1.8987227525322548,0.009960697833961727,0.13781268520634396,0.05965542682303208,89,ai/ai_software,63,ols_winsorized_raw,ham
sue_announce,0.010561209080246214,2.4807356009993,0.010561209080246214,0.2079331466575492,0.13648334544411767,89,ai/ai_software,63,wls_sqrt_mcap,tema_arındırılmış
sue_announce,0.01056120908024621,2.4807356009992985,0.01056120908024621,0.20793314665754917,0.13648334544411764,89,ai/ai_software,63,wls_sqrt_mcap,ham
sue_announce,0.013449580888283191,1.3194185529489453,0.013449580888283191,0.15657373880193412,0.07887655716642,86,ai/ai_software,126,ols_rank_normal,tema_arındırılmış
sue_announce,0.013449580888283187,1.3194185529489446,0.013449580888283187,0.15657373880193404,0.07887655716641997,86,ai/ai_software,126,ols_rank_normal,ham
sue_announce,0.010379496599413686,1.5333384312740759,0.015012874244863871,0.14799181808098502,0.06908651560710388,86,ai/ai_software,126,ols_winsorized_raw,tema_arındırılmış
sue_announce,0.010379496599413679,1.533338431274075,0.01501287424486386,0.14799181808098505,0.06908651560710392,86,ai/ai_software,126,ols_winsorized_raw,ham
sue_announce,0.011754975591682322,1.3820023364311813,0.011754975591682322,0.233022080777623,0.1640424807832511,86,ai/ai_software,126,wls_sqrt_mcap,tema_arındırılmış
sue_announce,0.011754975591682322,1.3820023364311813,0.011754975591682322,0.23302208077762296,0.16404248078325107,86,ai/ai_software,126,wls_sqrt_mcap,ham
asset_growth,-0.01632781896069398,-2.9952483265540204,-0.01632781896069398,0.691195062949798,0.35334510018343407,30,ai/ai_software,21,ols_rank_normal_all,tema_arındırılmış
capex_at,0.009622588075269299,1.3821413659687911,0.009622588075269299,0.691195062949798,0.35334510018343407,30,ai/ai_software,21,ols_rank_normal_all,tema_arındırılmış
cash_runway_years,0.01776599808934061,1.9316465497685107,0.01776599808934061,0.691195062949798,0.35334510018343407,30,ai/ai_software,21,ols_rank_normal_all,tema_arındırılmış
cop_at,0.021082345480994122,1.604080514098298,0.021082345480994122,0.691195062949798,0.35334510018343407,30,ai/ai_software,21,ols_rank_normal_all,tema_arındırılmış
dist_52w_high,0.018923133967279644,2.2166185311660445,0.018923133967279644,0.691195062949798,0.35334510018343407,30,ai/ai_software,21,ols_rank_normal_all,tema_arındırılmış
droe,-0.0001968547382269492,-0.04049689110914316,-0.0001968547382269492,0.691195062949798,0.35334510018343407,30,ai/ai_software,21,ols_rank_normal_all,tema_arındırılmış
ear_3d,-0.004839490013366439,-0.8513222759534639,-0.004839490013366439,0.691195062949798,0.35334510018343407,30,ai/ai_software,21,ols_rank_normal_all,tema_arındırılmış
ebit_ev,0.0021226341651719664,0.28590510925314194,0.0021226341651719664,0.691195062949798,0.35334510018343407,30,ai/ai_software,21,ols_rank_normal_all,tema_arındırılmış
gross_profitability,-0.015725543601156647,-1.151976023251401,-0.015725543601156647,0.691195062949798,0.35334510018343407,30,ai/ai_software,21,ols_rank_normal_all,tema_arındırılmış
idio_vol_60d,-0.006987732921213607,-0.8846224307448949,-0.006987732921213607,0.691195062949798,0.35334510018343407,30,ai/ai_software,21,ols_rank_normal_all,tema_arındırılmış
max_ret_21d,-0.0018694028238389086,-0.3273233537357223,-0.0018694028238389086,0.691195062949798,0.35334510018343407,30,ai/ai_software,21,ols_rank_normal_all,tema_arındırılmış
mom_12_1,-0.014727026484862902,-1.5269691848669236,-0.014727026484862902,0.691195062949798,0.35334510018343407,30,ai/ai_software,21,ols_rank_normal_all,tema_arındırılmış
net_debt_ebitda,0.007496406057900821,0.8029382008663657,0.007496406057900821,0.691195062949798,0.35334510018343407,30,ai/ai_software,21,ols_rank_normal_all,tema_arındırılmış
ocf_ev,-0.005638286017905244,-0.5752133807200215,-0.005638286017905244,0.691195062949798,0.35334510018343407,30,ai/ai_software,21,ols_rank_normal_all,tema_arındırılmış
profitable_growth,-0.008706717911486077,-0.9964145227412992,-0.008706717911486077,0.691195062949798,0.35334510018343407,30,ai/ai_software,21,ols_rank_normal_all,tema_arındırılmış
share_issuance,0.012898019605089893,1.7573184257744072,0.012898019605089893,0.691195062949798,0.35334510018343407,30,ai/ai_software,21,ols_rank_normal_all,tema_arındırılmış
sue,0.009558731744293163,1.6970699420934967,0.009558731744293163,0.691195062949798,0.35334510018343407,30,ai/ai_software,21,ols_rank_normal_all,tema_arındırılmış
sue_announce,0.002066872833145468,0.31703219683901834,0.002066872833145468,0.691195062949798,0.35334510018343407,30,ai/ai_software,21,ols_rank_normal_all,tema_arındırılmış
asset_growth,-0.017838060848579907,-1.4479848696971194,-0.017838060848579907,0.6642497058283175,0.272149496077075,28,ai/ai_software,63,ols_rank_normal_all,tema_arındırılmış
capex_at,0.008800752527038084,0.40520473119537587,0.008800752527038084,0.6642497058283175,0.272149496077075,28,ai/ai_software,63,ols_rank_normal_all,tema_arındırılmış
cash_runway_years,0.03477756808838645,1.9332432205912515,0.03477756808838645,0.6642497058283175,0.272149496077075,28,ai/ai_software,63,ols_rank_normal_all,tema_arındırılmış
cop_at,0.044332508477536045,1.8694135481862129,0.044332508477536045,0.6642497058283175,0.272149496077075,28,ai/ai_software,63,ols_rank_normal_all,tema_arındırılmış
dist_52w_high,0.025019459860359507,1.797778801273892,0.025019459860359507,0.6642497058283175,0.272149496077075,28,ai/ai_software,63,ols_rank_normal_all,tema_arındırılmış
droe,0.015932141970867657,0.9458612756643903,0.015932141970867657,0.6642497058283175,0.272149496077075,28,ai/ai_software,63,ols_rank_normal_all,tema_arındırılmış
ear_3d,-0.01795375514016772,-1.9482021396377613,-0.01795375514016772,0.6642497058283175,0.272149496077075,28,ai/ai_software,63,ols_rank_normal_all,tema_arındırılmış
ebit_ev,0.0367982793461975,2.2918280495327457,0.0367982793461975,0.6642497058283175,0.272149496077075,28,ai/ai_software,63,ols_rank_normal_all,tema_arındırılmış
gross_profitability,-0.04771774673400749,-1.782760890782226,-0.04771774673400749,0.6642497058283175,0.272149496077075,28,ai/ai_software,63,ols_rank_normal_all,tema_arındırılmış
idio_vol_60d,-0.0005381014442782669,-0.03788402691092464,-0.0005381014442782669,0.6642497058283175,0.272149496077075,28,ai/ai_software,63,ols_rank_normal_all,tema_arındırılmış
max_ret_21d,-0.002126515682652812,-0.2527259679789923,-0.002126515682652812,0.6642497058283175,0.272149496077075,28,ai/ai_software,63,ols_rank_normal_all,tema_arındırılmış
mom_12_1,-0.02028934019561972,-1.049444962184862,-0.02028934019561972,0.6642497058283175,0.272149496077075,28,ai/ai_software,63,ols_rank_normal_all,tema_arındırılmış
net_debt_ebitda,0.02781286294622502,1.352962856239992,0.02781286294622502,0.6642497058283175,0.272149496077075,28,ai/ai_software,63,ols_rank_normal_all,tema_arındırılmış
ocf_ev,-0.03621928419403853,-1.821313776377871,-0.03621928419403853,0.6642497058283175,0.272149496077075,28,ai/ai_software,63,ols_rank_normal_all,tema_arındırılmış
profitable_growth,-0.001736987979175619,-0.09570625018353295,-0.001736987979175619,0.6642497058283175,0.272149496077075,28,ai/ai_software,63,ols_rank_normal_all,tema_arındırılmış
share_issuance,0.011508931793342909,0.850344016687178,0.011508931793342909,0.6642497058283175,0.272149496077075,28,ai/ai_software,63,ols_rank_normal_all,tema_arındırılmış
sue,0.01532976007803322,0.9716475981267342,0.01532976007803322,0.6642497058283175,0.272149496077075,28,ai/ai_software,63,ols_rank_normal_all,tema_arındırılmış
sue_announce,0.008688202350631098,0.8829903127218065,0.008688202350631098,0.6642497058283175,0.272149496077075,28,ai/ai_software,63,ols_rank_normal_all,tema_arındırılmış
asset_growth,0.004629946995831103,0.238047314533199,0.004629946995831103,0.6674688647173609,0.27647657873858683,25,ai/ai_software,126,ols_rank_normal_all,tema_arındırılmış
capex_at,0.005263038393613339,0.09946720532403476,0.005263038393613339,0.6674688647173609,0.27647657873858683,25,ai/ai_software,126,ols_rank_normal_all,tema_arındırılmış
cash_runway_years,0.03320066257634625,0.7011433287298681,0.03320066257634625,0.6674688647173609,0.27647657873858683,25,ai/ai_software,126,ols_rank_normal_all,tema_arındırılmış
cop_at,0.07669960256816155,1.8525633073840695,0.07669960256816155,0.6674688647173609,0.27647657873858683,25,ai/ai_software,126,ols_rank_normal_all,tema_arındırılmış
dist_52w_high,0.07339496511096277,2.351294715477675,0.07339496511096277,0.6674688647173609,0.27647657873858683,25,ai/ai_software,126,ols_rank_normal_all,tema_arındırılmış
droe,-0.0012141528496646624,-0.04388599562016873,-0.0012141528496646624,0.6674688647173609,0.27647657873858683,25,ai/ai_software,126,ols_rank_normal_all,tema_arındırılmış
ear_3d,-0.026023508768272273,-1.5400868373957755,-0.026023508768272273,0.6674688647173609,0.27647657873858683,25,ai/ai_software,126,ols_rank_normal_all,tema_arındırılmış
ebit_ev,0.05127334413345319,1.5066255022832706,0.05127334413345319,0.6674688647173609,0.27647657873858683,25,ai/ai_software,126,ols_rank_normal_all,tema_arındırılmış
gross_profitability,-0.08852355408699278,-2.131772976304745,-0.08852355408699278,0.6674688647173609,0.27647657873858683,25,ai/ai_software,126,ols_rank_normal_all,tema_arındırılmış
idio_vol_60d,-0.025315763739015923,-1.2270974879361143,-0.025315763739015923,0.6674688647173609,0.27647657873858683,25,ai/ai_software,126,ols_rank_normal_all,tema_arındırılmış
max_ret_21d,-0.000801405694473234,-0.06144442550287397,-0.000801405694473234,0.6674688647173609,0.27647657873858683,25,ai/ai_software,126,ols_rank_normal_all,tema_arındırılmış
mom_12_1,-0.04291369008651613,-1.6103218057372979,-0.04291369008651613,0.6674688647173609,0.27647657873858683,25,ai/ai_software,126,ols_rank_normal_all,tema_arındırılmış
net_debt_ebitda,0.06545397945477649,1.9494107733239467,0.06545397945477649,0.6674688647173609,0.27647657873858683,25,ai/ai_software,126,ols_rank_normal_all,tema_arındırılmış
ocf_ev,-0.06160143415812157,-1.6295142133670104,-0.06160143415812157,0.6674688647173609,0.27647657873858683,25,ai/ai_software,126,ols_rank_normal_all,tema_arındırılmış
profitable_growth,-0.006517346767057111,-0.24114384360022342,-0.006517346767057111,0.6674688647173609,0.27647657873858683,25,ai/ai_software,126,ols_rank_normal_all,tema_arındırılmış
share_issuance,-0.0047572288007448685,-0.2226841770410231,-0.0047572288007448685,0.6674688647173609,0.27647657873858683,25,ai/ai_software,126,ols_rank_normal_all,tema_arındırılmış
sue,0.04495781412654879,1.6881964990217218,0.04495781412654879,0.6674688647173609,0.27647657873858683,25,ai/ai_software,126,ols_rank_normal_all,tema_arındırılmış
sue_announce,0.045090970401556574,1.6843529242064887,0.045090970401556574,0.6674688647173609,0.27647657873858683,25,ai/ai_software,126,ols_rank_normal_all,tema_arındırılmış
asset_growth,-0.0006190174260477415,-0.45431934923197836,-0.0006190174260477415,0.10976991278140251,0.05841524591539299,181,semiconductors,21,ols_rank_normal,tema_arındırılmış
asset_growth,-0.00061901742604774,-0.45431934923197725,-0.00061901742604774,0.10976991278140251,0.058415245915392974,181,semiconductors,21,ols_rank_normal,ham
asset_growth,-0.008225265155748215,-1.355657896423604,-0.0025851319845104936,0.11213015972911183,0.06087397325130359,181,semiconductors,21,ols_winsorized_raw,tema_arındırılmış
asset_growth,-0.008225265155748219,-1.3556578964236041,-0.0025851319845104945,0.11213015972911185,0.06087397325130361,181,semiconductors,21,ols_winsorized_raw,ham
asset_growth,0.000638410824100427,0.4031247697218814,0.000638410824100427,0.1738637825531295,0.1265849709126726,181,semiconductors,21,wls_sqrt_mcap,tema_arındırılmış
asset_growth,0.0006384108241004286,0.4031247697218822,0.0006384108241004286,0.1738637825531295,0.12658497091267262,181,semiconductors,21,wls_sqrt_mcap,ham
asset_growth,-0.0034512583345548712,-0.9598483766519211,-0.0034512583345548712,0.09889479751697697,0.04678899610639622,179,semiconductors,63,ols_rank_normal,tema_arındırılmış
asset_growth,-0.0034512583345548725,-0.9598483766519216,-0.0034512583345548725,0.09889479751697697,0.04678899610639622,179,semiconductors,63,ols_rank_normal,ham
asset_growth,-0.030722578258228637,-1.8446972213926986,-0.009609502991639365,0.10036312136653432,0.04826439917065416,179,semiconductors,63,ols_winsorized_raw,tema_arındırılmış
asset_growth,-0.030722578258228647,-1.8446972213926989,-0.009609502991639367,0.10036312136653434,0.04826439917065419,179,semiconductors,63,ols_winsorized_raw,ham
asset_growth,-0.0012509933680956418,-0.2804129959879739,-0.0012509933680956418,0.18006099273484244,0.1330514402101076,179,semiconductors,63,wls_sqrt_mcap,tema_arındırılmış
asset_growth,-0.0012509933680956418,-0.28041299598797387,-0.0012509933680956418,0.18006099273484247,0.1330514402101076,179,semiconductors,63,wls_sqrt_mcap,ham
asset_growth,-0.009849056776766415,-1.383080105878799,-0.009849056776766415,0.08549789160299735,0.03222452438616916,176,semiconductors,126,ols_rank_normal,tema_arındırılmış
asset_growth,-0.009849056776766417,-1.3830801058787991,-0.009849056776766417,0.08549789160299735,0.03222452438616916,176,semiconductors,126,ols_rank_normal,ham
asset_growth,-0.06233096544968635,-1.9575260197095352,-0.019380584033559387,0.08719344589520343,0.03396883540141701,176,semiconductors,126,ols_winsorized_raw,tema_arındırılmış
asset_growth,-0.062330965449686436,-1.9575260197095374,-0.01938058403355941,0.08719344589520345,0.033968835401417014,176,semiconductors,126,ols_winsorized_raw,ham
asset_growth,-0.004550027114341198,-0.4838708086453029,-0.004550027114341198,0.17809408571032248,0.1302558685954798,176,semiconductors,126,wls_sqrt_mcap,tema_arındırılmış
asset_growth,-0.004550027114341219,-0.48387080864530513,-0.004550027114341219,0.17809408571032248,0.1302558685954798,176,semiconductors,126,wls_sqrt_mcap,ham
capex_at,0.0012725260613652561,0.9969454362986496,0.0012725260613652561,0.10688059373952487,0.05326843087729991,182,semiconductors,21,ols_rank_normal,tema_arındırılmış
capex_at,0.001272526061365256,0.9969454362986494,0.001272526061365256,0.10688059373952487,0.05326843087729993,182,semiconductors,21,ols_rank_normal,ham
capex_at,0.006460070784789595,0.156465749935228,0.00022086072101769807,0.1098170498413872,0.056393235813248656,182,semiconductors,21,ols_winsorized_raw,tema_arındırılmış
capex_at,0.006460070784789595,0.156465749935228,0.00022086072101769807,0.10981704984138718,0.056393235813248635,182,semiconductors,21,ols_winsorized_raw,ham
capex_at,2.7850701604684732e-05,0.017993784159756474,2.7850701604684732e-05,0.16621366927210782,0.11675855919401373,182,semiconductors,21,wls_sqrt_mcap,tema_arındırılmış
capex_at,2.7850701604683475e-05,0.017993784159755666,2.7850701604683475e-05,0.1662136692721078,0.1167585591940137,182,semiconductors,21,wls_sqrt_mcap,ham
capex_at,0.0026066857573155333,0.6937823124046967,0.0026066857573155333,0.09052151576584692,0.035583234431967564,180,semiconductors,63,ols_rank_normal,tema_arındırılmış
capex_at,0.002606685757315532,0.6937823124046962,0.002606685757315532,0.09052151576584691,0.03558323443196756,180,semiconductors,63,ols_rank_normal,ham
capex_at,-0.007393602162322822,-0.05659846388053919,-0.00025298652135651153,0.09504417771579081,0.040463636701221044,180,semiconductors,63,ols_winsorized_raw,tema_arındırılmış
capex_at,-0.007393602162322822,-0.056598463880539206,-0.00025298652135651153,0.09504417771579081,0.04046363670122102,180,semiconductors,63,ols_winsorized_raw,ham
capex_at,0.001918273295011901,0.4791231466705561,0.001918273295011901,0.1592840773395981,0.10928499332387212,180,semiconductors,63,wls_sqrt_mcap,tema_arındırılmış
capex_at,0.0019182732950119063,0.47912314667055744,0.0019182732950119063,0.1592840773395981,0.10928499332387212,180,semiconductors,63,wls_sqrt_mcap,ham
capex_at,0.001577673876808618,0.17129521734354114,0.001577673876808618,0.07711438422643238,0.02088350274927478,177,semiconductors,126,ols_rank_normal,tema_arındırılmış
capex_at,0.0015776738768086154,0.17129521734354083,0.0015776738768086154,0.07711438422643238,0.02088350274927478,177,semiconductors,126,ols_rank_normal,ham
capex_at,-0.16439789149453476,-0.49322839319235584,-0.0056277406560050905,0.0798627099608973,0.023837265195816082,177,semiconductors,126,ols_winsorized_raw,tema_arındırılmış
capex_at,-0.16439789149453488,-0.4932283931923561,-0.005627740656005095,0.07986270996089727,0.02383726519581607,177,semiconductors,126,ols_winsorized_raw,ham
capex_at,0.0015202441078189285,0.16062685744531402,0.0015202441078189285,0.14571906993995629,0.09419977310557508,177,semiconductors,126,wls_sqrt_mcap,tema_arındırılmış
capex_at,0.0015202441078189161,0.1606268574453126,0.0015202441078189161,0.14571906993995634,0.09419977310557508,177,semiconductors,126,wls_sqrt_mcap,ham
cash_runway_years,,,,0.269533741850594,0.0941941975785503,5,semiconductors,21,ols_rank_normal,tema_arındırılmış
cash_runway_years,,,,0.269533741850594,0.09419419757855023,5,semiconductors,21,ols_rank_normal,ham
cash_runway_years,,,,0.2634198790843585,0.08624538367363836,5,semiconductors,21,ols_winsorized_raw,tema_arındırılmış
cash_runway_years,,,,0.2634198790843586,0.08624538367363851,5,semiconductors,21,ols_winsorized_raw,ham
cash_runway_years,,,,0.2723523542091527,0.09892265704046772,5,semiconductors,21,wls_sqrt_mcap,tema_arındırılmış
cash_runway_years,,,,0.2723523542091527,0.09892265704046768,5,semiconductors,21,wls_sqrt_mcap,ham
cash_runway_years,,,,0.21607025259750864,0.036070989166214575,3,semiconductors,63,ols_rank_normal,tema_arındırılmış
cash_runway_years,,,,0.21607025259750864,0.03607098916621465,3,semiconductors,63,ols_rank_normal,ham
cash_runway_years,,,,0.18345050558675915,-0.006240362662364496,3,semiconductors,63,ols_winsorized_raw,tema_arındırılmış
cash_runway_years,,,,0.18345050558675888,-0.006240362662364866,3,semiconductors,63,ols_winsorized_raw,ham
cash_runway_years,,,,0.168751458002228,-0.020986879367859108,3,semiconductors,63,wls_sqrt_mcap,tema_arındırılmış
cash_runway_years,,,,0.16875145800222813,-0.020986879367858962,3,semiconductors,63,wls_sqrt_mcap,ham
cop_at,-0.0004635511943159895,-0.32220570052626646,-0.0004635511943159895,0.10907290031755866,0.053739876046831794,182,semiconductors,21,ols_rank_normal,tema_arındırılmış
cop_at,-0.00046355119431598874,-0.322205700526266,-0.00046355119431598874,0.10907290031755867,0.053739876046831815,182,semiconductors,21,ols_rank_normal,ham
cop_at,0.0011510542589749562,0.05957471578559038,7.925007788444954e-05,0.1042635137396346,0.04859694860033067,182,semiconductors,21,ols_winsorized_raw,tema_arındırılmış
cop_at,0.001151054258974966,0.059574715785590884,7.92500778844502e-05,0.10426351373963463,0.04859694860033069,182,semiconductors,21,ols_winsorized_raw,ham
cop_at,-0.0002175026874308864,-0.1100465188455511,-0.0002175026874308864,0.17624889109029165,0.12558826088798428,182,semiconductors,21,wls_sqrt_mcap,tema_arındırılmış
cop_at,-0.0002175026874308867,-0.11004651884555125,-0.0002175026874308867,0.1762488910902917,0.12558826088798428,182,semiconductors,21,wls_sqrt_mcap,ham
cop_at,-0.0012482197174097684,-0.33658482731824696,-0.0012482197174097684,0.09483366539560459,0.03845976738995237,180,semiconductors,63,ols_rank_normal,tema_arındırılmış
cop_at,-0.0012482197174097684,-0.33658482731824685,-0.0012482197174097684,0.09483366539560459,0.03845976738995237,180,semiconductors,63,ols_rank_normal,ham
cop_at,-0.013435372403971569,-0.24724717299985083,-0.0009223455859043641,0.09322339878587954,0.03681110063819209,180,semiconductors,63,ols_winsorized_raw,tema_arındırılmış
cop_at,-0.013435372403971578,-0.24724717299985094,-0.0009223455859043646,0.09322339878587955,0.0368111006381921,180,semiconductors,63,ols_winsorized_raw,ham
cop_at,-0.0016182495553683377,-0.2879567338712118,-0.0016182495553683377,0.18450081529172088,0.13440713857646805,180,semiconductors,63,wls_sqrt_mcap,tema_arındırılmış
cop_at,-0.001618249555368333,-0.287956733871211,-0.001618249555368333,0.1845008152917209,0.13440713857646808,180,semiconductors,63,wls_sqrt_mcap,ham
cop_at,-0.0023615370945698514,-0.3559186706404467,-0.0023615370945698514,0.08518893989027403,0.027960348680941036,177,semiconductors,126,ols_rank_normal,tema_arındırılmış
cop_at,-0.002361537094569851,-0.35591867064044663,-0.002361537094569851,0.08518893989027401,0.027960348680940994,177,semiconductors,126,ols_rank_normal,ham
cop_at,-0.04703793904243075,-0.4863346327222845,-0.0032146614163852394,0.08114506362458264,0.023684517030638175,177,semiconductors,126,ols_winsorized_raw,tema_arındırılmış
cop_at,-0.04703793904243075,-0.4863346327222845,-0.0032146614163852394,0.08114506362458263,0.02368451703063816,177,semiconductors,126,ols_winsorized_raw,ham
cop_at,-0.00395175963773979,-0.42272670001416457,-0.00395175963773979,0.18145369102280184,0.1306752192487624,177,semiconductors,126,wls_sqrt_mcap,tema_arındırılmış
cop_at,-0.003951759637739786,-0.4227267000141641,-0.003951759637739786,0.18145369102280184,0.1306752192487624,177,semiconductors,126,wls_sqrt_mcap,ham
dist_52w_high,0.002976247799969315,1.7675173977043637,0.002976247799969315,0.11283576248094533,0.06310290946217233,182,semiconductors,21,ols_rank_normal,tema_arındırılmış
dist_52w_high,0.0029762477999693156,1.767517397704364,0.0029762477999693156,0.11283576248094533,0.06310290946217233,182,semiconductors,21,ols_rank_normal,ham
dist_52w_high,0.016796571837713697,1.1878884079450878,0.0022965646032814552,0.11864351651059574,0.06924123787759225,182,semiconductors,21,ols_winsorized_raw,tema_arındırılmış
dist_52w_high,0.01679657183771368,1.1878884079450869,0.0022965646032814526,0.1186435165105957,0.06924123787759223,182,semiconductors,21,ols_winsorized_raw,ham
dist_52w_high,0.0008885565508149592,0.47473247605860314,0.0008885565508149592,0.18035892017167976,0.134827457839094,182,semiconductors,21,wls_sqrt_mcap,tema_arındırılmış
dist_52w_high,0.0008885565508149561,0.47473247605860136,0.0008885565508149561,0.18035892017167973,0.134827457839094,182,semiconductors,21,wls_sqrt_mcap,ham
dist_52w_high,0.006240995223452845,1.5750646010840545,0.006240995223452845,0.09892901612043009,0.04816757857319195,180,semiconductors,63,ols_rank_normal,tema_arındırılmış
dist_52w_high,0.006240995223452845,1.5750646010840545,0.006240995223452845,0.09892901612043008,0.04816757857319194,180,semiconductors,63,ols_rank_normal,ham
dist_52w_high,0.03936375061252084,1.1578338090566078,0.005383840137863973,0.10334671234966508,0.05286389815553894,180,semiconductors,63,ols_winsorized_raw,tema_arındırılmış
dist_52w_high,0.039363750612520815,1.1578338090566067,0.0053838401378639685,0.10334671234966508,0.05286389815553894,180,semiconductors,63,ols_winsorized_raw,ham
dist_52w_high,0.0015396968740826673,0.3591024112895338,0.0015396968740826673,0.17632399390678175,0.13041901311247692,180,semiconductors,63,wls_sqrt_mcap,tema_arındırılmış
dist_52w_high,0.0015396968740826707,0.35910241128953463,0.0015396968740826707,0.17632399390678177,0.13041901311247692,180,semiconductors,63,wls_sqrt_mcap,ham
dist_52w_high,-0.00023081057654027816,-0.03185938200636696,-0.00023081057654027816,0.07983374050220253,0.02783928879886447,177,semiconductors,126,ols_rank_normal,tema_arındırılmış
dist_52w_high,-0.0002308105765402769,-0.0318593820063668,-0.0002308105765402769,0.07983374050220254,0.02783928879886448,177,semiconductors,126,ols_rank_normal,ham
dist_52w_high,-0.026056802207444368,-0.38977587965855626,-0.0035725014490016957,0.08268708864412937,0.0308232345295006,177,semiconductors,126,ols_winsorized_raw,tema_arındırılmış
dist_52w_high,-0.02605680220744442,-0.389775879658557,-0.003572501449001703,0.08268708864412934,0.030823234529500608,177,semiconductors,126,ols_winsorized_raw,ham
dist_52w_high,-0.005356431083685393,-0.7602180275126402,-0.005356431083685393,0.16791025254518233,0.12116092817375829,177,semiconductors,126,wls_sqrt_mcap,tema_arındırılmış
dist_52w_high,-0.00535643108368539,-0.7602180275126399,-0.00535643108368539,0.16791025254518233,0.12116092817375829,177,semiconductors,126,wls_sqrt_mcap,ham
droe,0.0012996642330711456,0.9553672305526364,0.0012996642330711456,0.10575680444577443,0.050263156645186435,181,semiconductors,21,ols_rank_normal,tema_arındırılmış
droe,0.0012996642330711456,0.9553672305526363,0.0012996642330711456,0.10575680444577443,0.05026315664518642,181,semiconductors,21,ols_rank_normal,ham
droe,0.02284409188905539,0.9615133214921712,0.0017183668787167123,0.10645783463294685,0.05103230532712198,181,semiconductors,21,ols_winsorized_raw,tema_arındırılmış
droe,0.02284409188905541,0.961513321492172,0.0017183668787167138,0.10645783463294685,0.05103230532712196,181,semiconductors,21,ols_winsorized_raw,ham
droe,0.002342547660029988,1.359726501678611,0.002342547660029988,0.17953342647963413,0.12893399865823246,181,semiconductors,21,wls_sqrt_mcap,tema_arındırılmış
droe,0.0023425476600299902,1.3597265016786115,0.0023425476600299902,0.17953342647963413,0.12893399865823246,181,semiconductors,21,wls_sqrt_mcap,ham
droe,0.0016064031415872664,0.5125206682488782,0.0016064031415872664,0.09309743263335438,0.036624613669953725,179,semiconductors,63,ols_rank_normal,tema_arındırılmış
droe,0.0016064031415872664,0.5125206682488782,0.0016064031415872664,0.0930974326333544,0.03662461366995373,179,semiconductors,63,ols_rank_normal,ham
droe,0.00848465388662306,0.14006052310338912,0.000640377005529383,0.10082377827182185,0.04502334707800515,179,semiconductors,63,ols_winsorized_raw,tema_arındırılmış
droe,0.008484653886623068,0.14006052310338923,0.0006403770055293836,0.10082377827182185,0.04502334707800516,179,semiconductors,63,ols_winsorized_raw,ham
droe,0.007473999826010139,1.594737098455508,0.007473999826010139,0.17960996126838752,0.12895156139284183,179,semiconductors,63,wls_sqrt_mcap,tema_arındırılmış
droe,0.007473999826010133,1.594737098455506,0.007473999826010133,0.17960996126838757,0.12895156139284183,179,semiconductors,63,wls_sqrt_mcap,ham
droe,0.004619295575978049,1.0471575533158586,0.004619295575978049,0.08296493707224403,0.025542665890059154,176,semiconductors,126,ols_rank_normal,tema_arındırılmış
droe,0.0046192955759780515,1.0471575533158592,0.0046192955759780515,0.08296493707224402,0.025542665890059123,176,semiconductors,126,ols_rank_normal,ham
droe,-0.006968905879519841,-0.06860449015585315,-0.0005248950385232809,0.09193911088301757,0.03523269149839436,176,semiconductors,126,ols_winsorized_raw,tema_arındırılmış
droe,-0.006968905879519745,-0.06860449015585221,-0.0005248950385232737,0.09193911088301757,0.03523269149839434,176,semiconductors,126,ols_winsorized_raw,ham
droe,0.013420344617892084,1.6643597956955885,0.013420344617892084,0.1781592221093426,0.12690858818164974,176,semiconductors,126,wls_sqrt_mcap,tema_arındırılmış
droe,0.013420344617892082,1.6643597956955878,0.013420344617892082,0.17815922210934254,0.12690858818164974,176,semiconductors,126,wls_sqrt_mcap,ham
ear_3d,0.0014923609559419633,0.9632670614308352,0.0014923609559419633,0.1169132746772934,0.06345213463836737,182,semiconductors,21,ols_rank_normal,tema_arındırılmış
ear_3d,0.0014923609559419633,0.9632670614308352,0.0014923609559419633,0.11691327467729337,0.06345213463836737,182,semiconductors,21,ols_rank_normal,ham
ear_3d,0.016417297355665852,0.9548888316242051,0.0016229458314039478,0.12005281268885278,0.0667769677187712,182,semiconductors,21,ols_winsorized_raw,tema_arındırılmış
ear_3d,0.016417297355665834,0.9548888316242039,0.0016229458314039461,0.12005281268885276,0.06677696771877119,182,semiconductors,21,ols_winsorized_raw,ham
ear_3d,0.0025446380894694415,1.299061595323552,0.0025446380894694415,0.18089490441021872,0.13178596998000652,182,semiconductors,21,wls_sqrt_mcap,tema_arındırılmış
ear_3d,0.002544638089469447,1.299061595323555,0.002544638089469447,0.18089490441021872,0.13178596998000652,182,semiconductors,21,wls_sqrt_mcap,ham
ear_3d,0.005190510306220215,1.3243729883298052,0.005190510306220215,0.10302741962999132,0.04839087918370196,180,semiconductors,63,ols_rank_normal,tema_arındırılmış
ear_3d,0.005190510306220216,1.3243729883298054,0.005190510306220216,0.10302741962999132,0.04839087918370196,180,semiconductors,63,ols_rank_normal,ham
ear_3d,0.05809311201453,1.3922162140435688,0.005712667736942303,0.10516062357985828,0.050647857212713344,180,semiconductors,63,ols_winsorized_raw,tema_arındırılmış
ear_3d,0.05809311201452998,1.392216214043568,0.005712667736942301,0.10516062357985828,0.05064785721271334,180,semiconductors,63,ols_winsorized_raw,ham
ear_3d,0.005877373220359781,1.1790705284346046,0.005877373220359781,0.18127433629425801,0.1318586947374601,180,semiconductors,63,wls_sqrt_mcap,tema_arındırılmış
ear_3d,0.005877373220359782,1.1790705284346048,0.005877373220359782,0.18127433629425807,0.1318586947374601,180,semiconductors,63,wls_sqrt_mcap,ham
ear_3d,0.006563433766277503,0.9935468829041102,0.006563433766277503,0.08921154273768721,0.033381443850137756,177,semiconductors,126,ols_rank_normal,tema_arındırılmış
ear_3d,0.006563433766277505,0.9935468829041102,0.006563433766277505,0.08921154273768721,0.03338144385013777,177,semiconductors,126,ols_rank_normal,ham
ear_3d,0.11159893707771537,1.531939784715479,0.010809809133325677,0.09243980443157833,0.036812383171779595,177,semiconductors,126,ols_winsorized_raw,tema_arındırılmış
ear_3d,0.11159893707771537,1.531939784715479,0.010809809133325677,0.09243980443157836,0.0368123831717796,177,semiconductors,126,ols_winsorized_raw,ham
ear_3d,0.01104156600712544,1.3785304942245395,0.01104156600712544,0.17720412483287967,0.12687166920708207,177,semiconductors,126,wls_sqrt_mcap,tema_arındırılmış
ear_3d,0.011041566007125449,1.37853049422454,0.011041566007125449,0.17720412483287967,0.12687166920708207,177,semiconductors,126,wls_sqrt_mcap,ham
gross_profitability,-0.0004471208955206116,-0.3482099187669541,-0.0004471208955206116,0.10629190145315118,0.051229172986997466,182,semiconductors,21,ols_rank_normal,tema_arındırılmış
gross_profitability,-0.00044712089552061265,-0.3482099187669549,-0.00044712089552061265,0.1062919014531512,0.05122917298699744,182,semiconductors,21,ols_rank_normal,ham
gross_profitability,-0.00017138096110217896,-0.013969745490121923,-1.847567147921248e-05,0.10588352028013573,0.05075388857562479,182,semiconductors,21,ols_winsorized_raw,tema_arındırılmış
gross_profitability,-0.0001713809611021706,-0.01396974549012124,-1.8475671479211577e-05,0.10588352028013572,0.05075388857562479,182,semiconductors,21,ols_winsorized_raw,ham
gross_profitability,-0.00014258606527897365,-0.08378235500459531,-0.00014258606527897365,0.17662394956237487,0.12618559075776675,182,semiconductors,21,wls_sqrt_mcap,tema_arındırılmış
gross_profitability,-0.0001425860652789722,-0.08378235500459442,-0.0001425860652789722,0.17662394956237484,0.12618559075776675,182,semiconductors,21,wls_sqrt_mcap,ham
gross_profitability,-0.00015550408579910284,-0.04084162676380516,-0.00015550408579910284,0.10268430540749279,0.047180552542161844,180,semiconductors,63,ols_rank_normal,tema_arındırılmış
gross_profitability,-0.0001555040857991033,-0.040841626763805275,-0.0001555040857991033,0.10268430540749275,0.04718055254216182,180,semiconductors,63,ols_rank_normal,ham
gross_profitability,0.0075190655723382915,0.20146179774746822,0.0008097111466901882,0.10472999900772553,0.04945012540608873,180,semiconductors,63,ols_winsorized_raw,tema_arındırılmış
gross_profitability,0.007519065572338293,0.20146179774746828,0.0008097111466901884,0.10472999900772553,0.049450125406088716,180,semiconductors,63,ols_winsorized_raw,ham
gross_profitability,-0.0003249385121384336,-0.061065033867316834,-0.0003249385121384336,0.18908844935401106,0.13939971867233833,180,semiconductors,63,wls_sqrt_mcap,tema_arındırılmış
gross_profitability,-0.0003249385121384308,-0.061065033867316314,-0.0003249385121384308,0.18908844935401106,0.13939971867233833,180,semiconductors,63,wls_sqrt_mcap,ham
gross_profitability,-0.003184931977401513,-0.4058632570611263,-0.003184931977401513,0.09366142235015061,0.03731048844467679,177,semiconductors,126,ols_rank_normal,tema_arındırılmış
gross_profitability,-0.0031849319774015124,-0.40586325706112625,-0.0031849319774015124,0.09366142235015061,0.03731048844467677,177,semiconductors,126,ols_rank_normal,ham
gross_profitability,-0.01336323511436955,-0.17025895879138417,-0.001437054753219699,0.0949028804464443,0.038701600159248076,177,semiconductors,126,ols_winsorized_raw,tema_arındırılmış
gross_profitability,-0.013363235114369544,-0.17025895879138409,-0.0014370547532196985,0.09490288044644428,0.03870160015924806,177,semiconductors,126,ols_winsorized_raw,ham
gross_profitability,-0.0022404282303328856,-0.2020809077271505,-0.0022404282303328856,0.19087082402505026,0.14077541492533388,177,semiconductors,126,wls_sqrt_mcap,tema_arındırılmış
gross_profitability,-0.002240428230332878,-0.2020809077271498,-0.002240428230332878,0.19087082402505026,0.1407754149253339,177,semiconductors,126,wls_sqrt_mcap,ham
idio_vol_60d,-0.0005829442031120188,-0.2790055358695995,-0.0005829442031120188,0.11756357029176677,0.06813005956304963,182,semiconductors,21,ols_rank_normal,tema_arındırılmış
idio_vol_60d,-0.0005829442031120182,-0.2790055358695991,-0.0005829442031120182,0.11756357029176676,0.06813005956304961,182,semiconductors,21,ols_rank_normal,ham
idio_vol_60d,-0.0031167071592997065,-0.23396590732977132,-0.0005488879176304329,0.12887141490076354,0.08001650851913153,182,semiconductors,21,ols_winsorized_raw,tema_arındırılmış
idio_vol_60d,-0.0031167071592997143,-0.23396590732977188,-0.0005488879176304343,0.1288714149007635,0.08001650851913152,182,semiconductors,21,ols_winsorized_raw,ham
idio_vol_60d,-0.0040316608202990425,-1.7136603371733283,-0.0040316608202990425,0.17890892533879818,0.13332036431337685,182,semiconductors,21,wls_sqrt_mcap,tema_arındırılmış
idio_vol_60d,-0.004031660820299044,-1.7136603371733283,-0.004031660820299044,0.17890892533879818,0.13332036431337685,182,semiconductors,21,wls_sqrt_mcap,ham
idio_vol_60d,-0.00137020029523062,-0.27319025794208246,-0.00137020029523062,0.10279923096590869,0.05233219368445055,180,semiconductors,63,ols_rank_normal,tema_arındırılmış
idio_vol_60d,-0.0013702002952306212,-0.2731902579420827,-0.0013702002952306212,0.10279923096590869,0.05233219368445055,180,semiconductors,63,ols_rank_normal,ham
idio_vol_60d,0.002226924315597481,0.06493931762328295,0.0003901341211770005,0.11260585166944057,0.0626220512044182,180,semiconductors,63,ols_winsorized_raw,tema_arındırılmış
idio_vol_60d,0.002226924315597461,0.06493931762328237,0.000390134121176997,0.11260585166944052,0.06262205120441817,180,semiconductors,63,ols_winsorized_raw,ham
idio_vol_60d,-0.011164460159660607,-1.7538602475004603,-0.011164460159660607,0.17968583144775466,0.13393241447408435,180,semiconductors,63,wls_sqrt_mcap,tema_arındırılmış
idio_vol_60d,-0.011164460159660603,-1.7538602475004597,-0.011164460159660603,0.17968583144775466,0.13393241447408435,180,semiconductors,63,wls_sqrt_mcap,ham
idio_vol_60d,-0.006210444614712359,-0.7230877778755984,-0.006210444614712359,0.08729242305381675,0.03568575099088258,177,semiconductors,126,ols_rank_normal,tema_arındırılmış
idio_vol_60d,-0.006210444614712359,-0.7230877778755986,-0.006210444614712359,0.08729242305381676,0.03568575099088259,177,semiconductors,126,ols_rank_normal,ham
idio_vol_60d,-0.004459547709579029,-0.06812788107833753,-0.0007693739543195744,0.09975815391629687,0.04877876740783282,177,semiconductors,126,ols_winsorized_raw,tema_arındırılmış
idio_vol_60d,-0.004459547709579069,-0.06812788107833813,-0.0007693739543195812,0.0997581539162969,0.04877876740783284,177,semiconductors,126,ols_winsorized_raw,ham
idio_vol_60d,-0.01995224283305647,-1.9497061126463526,-0.01995224283305647,0.17386758885465323,0.1272889657491196,177,semiconductors,126,wls_sqrt_mcap,tema_arındırılmış
idio_vol_60d,-0.01995224283305647,-1.949706112646352,-0.01995224283305647,0.17386758885465325,0.1272889657491196,177,semiconductors,126,wls_sqrt_mcap,ham
max_ret_21d,0.001550518683137082,0.9743588356136988,0.001550518683137082,0.10445752043348741,0.05418476770728951,182,semiconductors,21,ols_rank_normal,tema_arındırılmış
max_ret_21d,0.0015505186831370828,0.9743588356136994,0.0015505186831370828,0.10445752043348741,0.05418476770728951,182,semiconductors,21,ols_rank_normal,ham
max_ret_21d,0.03271985223637785,0.7083095740332954,0.0013588692577729134,0.11176554366811878,0.06187315465450938,182,semiconductors,21,ols_winsorized_raw,tema_arındırılmış
max_ret_21d,0.03271985223637784,0.7083095740332952,0.001358869257772913,0.11176554366811879,0.061873154654509384,182,semiconductors,21,ols_winsorized_raw,ham
max_ret_21d,0.0003243114747206464,0.18730831739957546,0.0003243114747206464,0.17236949611479827,0.12639742517010885,182,semiconductors,21,wls_sqrt_mcap,tema_arındırılmış
max_ret_21d,0.00032431147472064217,0.18730831739957296,0.00032431147472064217,0.17236949611479827,0.12639742517010885,182,semiconductors,21,wls_sqrt_mcap,ham
max_ret_21d,-0.0003800198954592897,-0.11686300400597661,-0.0003800198954592897,0.09078656980299103,0.03953584671612568,180,semiconductors,63,ols_rank_normal,tema_arındırılmış
max_ret_21d,-0.0003800198954592888,-0.11686300400597634,-0.0003800198954592888,0.09078656980299103,0.03953584671612564,180,semiconductors,63,ols_rank_normal,ham
max_ret_21d,0.009340754308012133,0.10785886880067104,0.00038576264400746357,0.09697433135861212,0.04607878321570405,180,semiconductors,63,ols_winsorized_raw,tema_arındırılmış
max_ret_21d,0.009340754308012162,0.1078588688006714,0.00038576264400746476,0.0969743313586121,0.04607878321570403,180,semiconductors,63,ols_winsorized_raw,ham
max_ret_21d,-0.0037502076533524873,-1.1900538664481988,-0.0037502076533524873,0.17141659702726988,0.12516324156837724,180,semiconductors,63,wls_sqrt_mcap,tema_arındırılmış
max_ret_21d,-0.0037502076533525133,-1.1900538664482057,-0.0037502076533525133,0.17141659702726988,0.12516324156837721,180,semiconductors,63,wls_sqrt_mcap,ham
max_ret_21d,-0.008620046362095133,-1.6344769505622998,-0.008620046362095133,0.07784551079751664,0.02563849352192035,177,semiconductors,126,ols_rank_normal,tema_arındırılmış
max_ret_21d,-0.008620046362095133,-1.6344769505622998,-0.008620046362095133,0.07784551079751667,0.025638493521920373,177,semiconductors,126,ols_rank_normal,ham
max_ret_21d,-0.10248979282540631,-0.6730519461358019,-0.004171014534332544,0.08784009341723789,0.03619972874324008,177,semiconductors,126,ols_winsorized_raw,tema_arındırılmış
max_ret_21d,-0.10248979282540631,-0.6730519461358017,-0.004171014534332544,0.0878400934172379,0.036199728743240095,177,semiconductors,126,ols_winsorized_raw,ham
max_ret_21d,-0.014227583059627838,-2.3337283616337876,-0.014227583059627838,0.1690467619711003,0.12213259348559444,177,semiconductors,126,wls_sqrt_mcap,tema_arındırılmış
max_ret_21d,-0.014227583059627845,-2.3337283616337885,-0.014227583059627845,0.1690467619711003,0.12213259348559442,177,semiconductors,126,wls_sqrt_mcap,ham
mom_12_1,0.003943087282870021,2.5711253477120737,0.003943087282870021,0.12096107498919659,0.07173338158433054,182,semiconductors,21,ols_rank_normal,tema_arındırılmış
mom_12_1,0.003943087282870021,2.5711253477120732,0.003943087282870021,0.12096107498919659,0.07173338158433054,182,semiconductors,21,ols_rank_normal,ham
mom_12_1,0.010548796726829833,2.5214329605319645,0.0061036343046422465,0.12902762484148553,0.0802587993919383,182,semiconductors,21,ols_winsorized_raw,tema_arındırılmış
mom_12_1,0.010548796726829835,2.521432960531965,0.006103634304642248,0.12902762484148553,0.0802587993919383,182,semiconductors,21,ols_winsorized_raw,ham
mom_12_1,0.0033578321155382502,1.7796111348855426,0.0033578321155382502,0.1855376876379116,0.14033414067828062,182,semiconductors,21,wls_sqrt_mcap,tema_arındırılmış
mom_12_1,0.0033578321155382446,1.7796111348855401,0.0033578321155382446,0.18553768763791154,0.14033414067828062,182,semiconductors,21,wls_sqrt_mcap,ham
mom_12_1,0.006427343439729497,1.7794285372668877,0.006427343439729497,0.10112053654829219,0.050526558945315804,180,semiconductors,63,ols_rank_normal,tema_arındırılmış
mom_12_1,0.006427343439729497,1.7794285372668877,0.006427343439729497,0.10112053654829217,0.05052655894531578,180,semiconductors,63,ols_rank_normal,ham
mom_12_1,0.020185404989691527,1.890780555215748,0.011314020282149064,0.11064775044976322,0.06060853930280843,180,semiconductors,63,ols_winsorized_raw,tema_arındırılmış
mom_12_1,0.02018540498969153,1.8907805552157484,0.011314020282149067,0.11064775044976322,0.06060853930280841,180,semiconductors,63,ols_winsorized_raw,ham
mom_12_1,0.007410896728814394,1.6193338773398833,0.007410896728814394,0.18280785455838794,0.1372580572112924,180,semiconductors,63,wls_sqrt_mcap,tema_arındırılmış
mom_12_1,0.007410896728814395,1.6193338773398835,0.007410896728814395,0.18280785455838797,0.1372580572112924,180,semiconductors,63,wls_sqrt_mcap,ham
mom_12_1,0.0050260576870540365,0.6475989525238897,0.0050260576870540365,0.08796693992463638,0.03646060466458905,177,semiconductors,126,ols_rank_normal,tema_arındırılmış
mom_12_1,0.0050260576870540365,0.6475989525238897,0.0050260576870540365,0.08796693992463638,0.03646060466458906,177,semiconductors,126,ols_rank_normal,ham
mom_12_1,0.03143378722868001,1.2451597064840887,0.016169382245910805,0.10361057192206921,0.0529369337527365,177,semiconductors,126,ols_winsorized_raw,tema_arındırılmış
mom_12_1,0.031433787228680024,1.2451597064840891,0.016169382245910812,0.10361057192206921,0.0529369337527365,177,semiconductors,126,ols_winsorized_raw,ham
mom_12_1,0.007208824468508213,0.8213057343524772,0.007208824468508213,0.1797984425577268,0.13368175810034133,177,semiconductors,126,wls_sqrt_mcap,tema_arındırılmış
mom_12_1,0.007208824468508213,0.8213057343524772,0.007208824468508213,0.1797984425577268,0.1336817581003413,177,semiconductors,126,wls_sqrt_mcap,ham
profitable_growth,0.00016093025611609482,0.11974005520890602,0.00016093025611609482,0.10976581587161933,0.054683117474762385,182,semiconductors,21,ols_rank_normal,tema_arındırılmış
profitable_growth,0.0001609302561160939,0.11974005520890535,0.0001609302561160939,0.10976581587161933,0.05468311747476237,182,semiconductors,21,ols_rank_normal,ham
profitable_growth,0.0002509565156891117,0.07546524744579164,0.00010226031200989414,0.10990046355952202,0.054765237583363276,182,semiconductors,21,ols_winsorized_raw,tema_arındırılmış
profitable_growth,0.0002509565156891181,0.07546524744579354,0.00010226031200989676,0.10990046355952202,0.054765237583363255,182,semiconductors,21,ols_winsorized_raw,ham
profitable_growth,-0.0004956019092734664,-0.27716804851854404,-0.0004956019092734664,0.18449849069008262,0.13433803617013293,182,semiconductors,21,wls_sqrt_mcap,tema_arındırılmış
profitable_growth,-0.0004956019092734619,-0.27716804851854165,-0.0004956019092734619,0.18449849069008262,0.13433803617013293,182,semiconductors,21,wls_sqrt_mcap,ham
profitable_growth,0.0014851878810476864,0.39917516556919397,0.0014851878810476864,0.09549129050678597,0.03923888574472764,180,semiconductors,63,ols_rank_normal,tema_arındırılmış
profitable_growth,0.001485187881047685,0.3991751655691935,0.001485187881047685,0.09549129050678597,0.03923888574472764,180,semiconductors,63,ols_rank_normal,ham
profitable_growth,0.002971389084424895,0.31475229559242746,0.0012103423067207136,0.09646541357839565,0.04027589809027927,180,semiconductors,63,ols_winsorized_raw,tema_arındırılmış
profitable_growth,0.002971389084424894,0.3147522955924273,0.001210342306720713,0.09646541357839564,0.04027589809027925,180,semiconductors,63,ols_winsorized_raw,ham
profitable_growth,-0.0008159176913784706,-0.15342991480435605,-0.0008159176913784706,0.18718171319685706,0.13698497955998978,180,semiconductors,63,wls_sqrt_mcap,tema_arındırılmış
profitable_growth,-0.0008159176913784729,-0.15342991480435647,-0.0008159176913784729,0.18718171319685706,0.13698497955998976,180,semiconductors,63,wls_sqrt_mcap,ham
profitable_growth,0.001666714714832712,0.22416173469710413,0.001666714714832712,0.09098679144090784,0.03433212175971546,177,semiconductors,126,ols_rank_normal,tema_arındırılmış
profitable_growth,0.0016667147148327131,0.22416173469710426,0.0016667147148327131,0.09098679144090784,0.034332121759715443,177,semiconductors,126,ols_rank_normal,ham
profitable_growth,0.003313605057490005,0.17972521278448955,0.0013491040120597612,0.08995849022985745,0.033199564890724495,177,semiconductors,126,ols_winsorized_raw,tema_arındırılmış
profitable_growth,0.00331360505749001,0.17972521278448986,0.0013491040120597634,0.08995849022985745,0.03319956489072448,177,semiconductors,126,ols_winsorized_raw,ham
profitable_growth,-0.003280395630469023,-0.2763591697994824,-0.003280395630469023,0.1912070982539473,0.14077003465252116,177,semiconductors,126,wls_sqrt_mcap,tema_arındırılmış
profitable_growth,-0.0032803956304690296,-0.2763591697994829,-0.0032803956304690296,0.19120709825394736,0.14077003465252116,177,semiconductors,126,wls_sqrt_mcap,ham
share_issuance,-0.0013598179469587063,-0.9541225988530266,-0.0013598179469587063,0.10615920846134608,0.05390953363147867,181,semiconductors,21,ols_rank_normal,tema_arındırılmış
share_issuance,-0.0013598179469587056,-0.9541225988530262,-0.0013598179469587056,0.1061592084613461,0.05390953363147868,181,semiconductors,21,ols_rank_normal,ham
share_issuance,0.005098601223690005,0.2681914539226214,0.0006804034670023173,0.10833811009989072,0.05613695436307646,181,semiconductors,21,ols_winsorized_raw,tema_arındırılmış
share_issuance,0.005098601223690022,0.2681914539226222,0.0006804034670023196,0.10833811009989076,0.05613695436307649,181,semiconductors,21,ols_winsorized_raw,ham
share_issuance,-0.0029015461512041044,-1.6349983998266215,-0.0029015461512041044,0.17489554910185431,0.12722360748437317,181,semiconductors,21,wls_sqrt_mcap,tema_arındırılmış
share_issuance,-0.0029015461512041096,-1.6349983998266235,-0.0029015461512041096,0.17489554910185431,0.12722360748437317,181,semiconductors,21,wls_sqrt_mcap,ham
share_issuance,-0.007371298637114863,-1.8217739071882646,-0.007371298637114863,0.09492146450438109,0.0416797373793436,179,semiconductors,63,ols_rank_normal,tema_arındırılmış
share_issuance,-0.007371298637114863,-1.8217739071882648,-0.007371298637114863,0.09492146450438108,0.0416797373793436,179,semiconductors,63,ols_rank_normal,ham
share_issuance,0.008810521341314513,0.21411973754607472,0.0011746796968367917,0.09395289433682677,0.04064637346397773,179,semiconductors,63,ols_winsorized_raw,tema_arındırılmış
share_issuance,0.008810521341314567,0.21411973754607597,0.0011746796968367989,0.09395289433682676,0.04064637346397771,179,semiconductors,63,ols_winsorized_raw,ham
share_issuance,-0.009850942714998537,-2.100802927415593,-0.009850942714998537,0.17654285076663778,0.12862133535052953,179,semiconductors,63,wls_sqrt_mcap,tema_arındırılmış
share_issuance,-0.009850942714998541,-2.1008029274155935,-0.009850942714998541,0.17654285076663778,0.12862133535052953,179,semiconductors,63,wls_sqrt_mcap,ham
share_issuance,-0.016630538539755726,-2.0592753967557664,-0.016630538539755726,0.08010495857002943,0.02563029205160636,176,semiconductors,126,ols_rank_normal,tema_arındırılmış
share_issuance,-0.016630538539755726,-2.059275396755767,-0.016630538539755726,0.0801049585700294,0.02563029205160636,176,semiconductors,126,ols_rank_normal,ham
share_issuance,-0.06330853178638031,-0.7356531683824453,-0.008432325715682806,0.07805646219500134,0.023477618498009136,176,semiconductors,126,ols_winsorized_raw,tema_arındırılmış
share_issuance,-0.06330853178638035,-0.7356531683824457,-0.00843232571568281,0.07805646219500133,0.023477618498009133,176,semiconductors,126,ols_winsorized_raw,ham
share_issuance,-0.01891492518550237,-2.140507994401103,-0.01891492518550237,0.1691456395668217,0.12007727499311621,176,semiconductors,126,wls_sqrt_mcap,tema_arındırılmış
share_issuance,-0.01891492518550236,-2.140507994401102,-0.01891492518550236,0.16914563956682166,0.12007727499311621,176,semiconductors,126,wls_sqrt_mcap,ham
sue,0.0007724098144494882,0.6218845224793951,0.0007724098144494882,0.10481538029204847,0.048949540400552334,178,semiconductors,21,ols_rank_normal,tema_arındırılmış
sue,0.0007724098144494882,0.6218845224793951,0.0007724098144494882,0.10481538029204844,0.048949540400552306,178,semiconductors,21,ols_rank_normal,ham
sue,0.000593077442653562,0.5276622121502595,0.0006730799330824944,0.104966095839425,0.04906938226588713,178,semiconductors,21,ols_winsorized_raw,tema_arındırılmış
sue,0.0005930774426535625,0.52766221215026,0.0006730799330824949,0.10496609583942501,0.04906938226588712,178,semiconductors,21,ols_winsorized_raw,ham
sue,-5.083591789238017e-05,-0.030361309279379307,-5.083591789238017e-05,0.1819734135681671,0.13168965860281034,178,semiconductors,21,wls_sqrt_mcap,tema_arındırılmış
sue,-5.083591789238243e-05,-0.03036130927938066,-5.083591789238243e-05,0.18197341356816704,0.13168965860281032,178,semiconductors,21,wls_sqrt_mcap,ham
sue,0.0018882057033927614,0.5630141186614228,0.0018882057033927614,0.09622627719735427,0.03962235592605747,176,semiconductors,63,ols_rank_normal,tema_arındırılmış
sue,0.001888205703392763,0.5630141186614234,0.001888205703392763,0.09622627719735427,0.03962235592605746,176,semiconductors,63,ols_rank_normal,ham
sue,0.0026221027691431154,0.8167954860652266,0.0029741623049666785,0.1000996701933952,0.04386355931440308,176,semiconductors,63,ols_winsorized_raw,tema_arındırılmış
sue,0.0026221027691431145,0.8167954860652265,0.002974162304966677,0.10009967019339518,0.04386355931440308,176,semiconductors,63,ols_winsorized_raw,ham
sue,0.0012425279351544803,0.2910290913086997,0.0012425279351544803,0.18439279493225982,0.1343938967670792,176,semiconductors,63,wls_sqrt_mcap,tema_arındırılmış
sue,0.0012425279351544734,0.29102909130869814,0.0012425279351544734,0.18439279493225982,0.1343938967670792,176,semiconductors,63,wls_sqrt_mcap,ham
sue,0.0058456050052702185,0.872919446030348,0.0058456050052702185,0.09072059728495478,0.03356683782454557,173,semiconductors,126,ols_rank_normal,tema_arındırılmış
sue,0.0058456050052702185,0.872919446030348,0.0058456050052702185,0.09072059728495474,0.033566837824545545,173,semiconductors,126,ols_rank_normal,ham
sue,0.007122683845113139,1.0875303759329473,0.008073071864539788,0.09338027429965474,0.036501149082579516,173,semiconductors,126,ols_winsorized_raw,tema_arındırılmış
sue,0.007122683845113139,1.0875303759329473,0.008073071864539788,0.0933802742996547,0.03650114908257949,173,semiconductors,126,ols_winsorized_raw,ham
sue,0.0036380852686229517,0.4576080303086608,0.0036380852686229517,0.1832757603122892,0.13263971793397877,173,semiconductors,126,wls_sqrt_mcap,tema_arındırılmış
sue,0.0036380852686229287,0.45760803030865804,0.0036380852686229287,0.18327576031228918,0.13263971793397877,173,semiconductors,126,wls_sqrt_mcap,ham
sue_announce,0.000925029189142527,0.5982208989188847,0.000925029189142527,0.14318354291765456,0.051124142018177034,182,semiconductors,21,ols_rank_normal,tema_arındırılmış
sue_announce,0.0009250291891425261,0.5982208989188842,0.0009250291891425261,0.14318354291765456,0.051124142018177034,182,semiconductors,21,ols_rank_normal,ham
sue_announce,0.0005075231747577948,0.4147671951682154,0.0006438244989500026,0.14448738114837403,0.05261853905046955,182,semiconductors,21,ols_winsorized_raw,tema_arındırılmış
sue_announce,0.0005075231747577967,0.4147671951682171,0.0006438244989500051,0.14448738114837406,0.052618539050469586,182,semiconductors,21,ols_winsorized_raw,ham
sue_announce,0.000810035973720819,0.4825157760744108,0.000810035973720819,0.2071189943452999,0.12257418904288911,182,semiconductors,21,wls_sqrt_mcap,tema_arındırılmış
sue_announce,0.0008100359737208228,0.48251577607441287,0.0008100359737208228,0.2071189943452999,0.1225741890428891,182,semiconductors,21,wls_sqrt_mcap,ham
sue_announce,0.003263273659802608,0.7796720175072337,0.003263273659802608,0.130285272526715,0.03575696681909165,180,semiconductors,63,ols_rank_normal,tema_arındırılmış
sue_announce,0.0032632736598026094,0.779672017507234,0.0032632736598026094,0.130285272526715,0.03575696681909165,180,semiconductors,63,ols_rank_normal,ham
sue_announce,0.002431130420388578,0.7369983772545108,0.0030762389603231854,0.13680272046964476,0.04313359742780735,180,semiconductors,63,ols_winsorized_raw,tema_arındırılmış
sue_announce,0.0024311304203885756,0.73699837725451,0.003076238960323182,0.1368027204696448,0.043133597427807355,180,semiconductors,63,ols_winsorized_raw,ham
sue_announce,0.0023322980458320122,0.4994740377124482,0.0023322980458320122,0.20331103803670464,0.11774011687650257,180,semiconductors,63,wls_sqrt_mcap,tema_arındırılmış
sue_announce,0.0023322980458320127,0.4994740377124483,0.0023322980458320127,0.20331103803670467,0.11774011687650257,180,semiconductors,63,wls_sqrt_mcap,ham
sue_announce,0.0029490717125571155,0.3816742974588304,0.0029490717125571155,0.12245707729624539,0.026708949508836292,177,semiconductors,126,ols_rank_normal,tema_arındırılmış
sue_announce,0.002949071712557118,0.3816742974588308,0.002949071712557118,0.12245707729624537,0.026708949508836292,177,semiconductors,126,ols_rank_normal,ham
sue_announce,0.0037349432905850154,0.585833639315606,0.004708610890845188,0.12848538232493303,0.033544337244339195,177,semiconductors,126,ols_winsorized_raw,tema_arındırılmış
sue_announce,0.0037349432905850136,0.5858336393156055,0.004708610890845185,0.12848538232493303,0.033544337244339216,177,semiconductors,126,ols_winsorized_raw,ham
sue_announce,0.00048239676298240903,0.05709315897599242,0.00048239676298240903,0.20277852368888946,0.11649042900020022,177,semiconductors,126,wls_sqrt_mcap,tema_arındırılmış
sue_announce,0.0004823967629824103,0.05709315897599259,0.0004823967629824103,0.20277852368888946,0.11649042900020022,177,semiconductors,126,wls_sqrt_mcap,ham
asset_growth,-0.0013995653032647377,-0.40027628718380026,-0.0013995653032647377,0.715222328368736,0.21272928869320823,110,semiconductors,21,ols_rank_normal_all,tema_arındırılmış
capex_at,0.00030580792202507224,0.09773043773507466,0.00030580792202507224,0.715222328368736,0.21272928869320823,110,semiconductors,21,ols_rank_normal_all,tema_arındırılmış
cash_runway_years,-7.592739027790958e-05,-0.010896986462482581,-7.592739027790958e-05,0.715222328368736,0.21272928869320823,110,semiconductors,21,ols_rank_normal_all,tema_arındırılmış
cop_at,-0.002562560905644664,-0.48691068104528556,-0.002562560905644664,0.715222328368736,0.21272928869320823,110,semiconductors,21,ols_rank_normal_all,tema_arındırılmış
dist_52w_high,-3.850641087968421e-05,-0.009753625988677597,-3.850641087968421e-05,0.715222328368736,0.21272928869320823,110,semiconductors,21,ols_rank_normal_all,tema_arındırılmış
droe,0.011229077159115058,2.284185543722374,0.011229077159115058,0.715222328368736,0.21272928869320823,110,semiconductors,21,ols_rank_normal_all,tema_arındırılmış
ear_3d,0.002068765988748739,0.7338165900840482,0.002068765988748739,0.715222328368736,0.21272928869320823,110,semiconductors,21,ols_rank_normal_all,tema_arındırılmış
ebit_ev,-0.011875832367627164,-2.0808623060554896,-0.011875832367627164,0.715222328368736,0.21272928869320823,110,semiconductors,21,ols_rank_normal_all,tema_arındırılmış
gross_profitability,0.009092058471457698,1.8347371223130082,0.009092058471457698,0.715222328368736,0.21272928869320823,110,semiconductors,21,ols_rank_normal_all,tema_arındırılmış
idio_vol_60d,0.008024070356217144,1.9511651932120346,0.008024070356217144,0.715222328368736,0.21272928869320823,110,semiconductors,21,ols_rank_normal_all,tema_arındırılmış
max_ret_21d,-0.005218430833410701,-1.3116381355340807,-0.005218430833410701,0.715222328368736,0.21272928869320823,110,semiconductors,21,ols_rank_normal_all,tema_arındırılmış
mom_12_1,0.004064467856448179,1.0663858829002555,0.004064467856448179,0.715222328368736,0.21272928869320823,110,semiconductors,21,ols_rank_normal_all,tema_arındırılmış
net_debt_ebitda,-0.006266092196677467,-2.1788840688396345,-0.006266092196677467,0.715222328368736,0.21272928869320823,110,semiconductors,21,ols_rank_normal_all,tema_arındırılmış
ocf_ev,0.00910391230338138,1.406328437972289,0.00910391230338138,0.715222328368736,0.21272928869320823,110,semiconductors,21,ols_rank_normal_all,tema_arındırılmış
profitable_growth,0.00018339824841711512,0.04161213059779039,0.00018339824841711512,0.715222328368736,0.21272928869320823,110,semiconductors,21,ols_rank_normal_all,tema_arındırılmış
share_issuance,-0.003114325092817014,-0.8208869493991178,-0.003114325092817014,0.715222328368736,0.21272928869320823,110,semiconductors,21,ols_rank_normal_all,tema_arındırılmış
sue,-0.007152165912662954,-1.5395679131569189,-0.007152165912662954,0.715222328368736,0.21272928869320823,110,semiconductors,21,ols_rank_normal_all,tema_arındırılmış
sue_announce,0.0003923044777560726,0.0978006527207603,0.0003923044777560726,0.715222328368736,0.21272928869320823,110,semiconductors,21,ols_rank_normal_all,tema_arındırılmış
asset_growth,-0.017260651893620544,-2.185958066675123,-0.017260651893620544,0.6912804513554524,0.16572687376669762,108,semiconductors,63,ols_rank_normal_all,tema_arındırılmış
capex_at,0.0003203214648347458,0.05286289771223985,0.0003203214648347458,0.6912804513554524,0.16572687376669762,108,semiconductors,63,ols_rank_normal_all,tema_arındırılmış
cash_runway_years,0.0011613066513499746,0.07353611836424172,0.0011613066513499746,0.6912804513554524,0.16572687376669762,108,semiconductors,63,ols_rank_normal_all,tema_arındırılmış
cop_at,0.0007452494314686083,0.05503608686596329,0.0007452494314686083,0.6912804513554524,0.16572687376669762,108,semiconductors,63,ols_rank_normal_all,tema_arındırılmış
dist_52w_high,-0.0039389065805537134,-0.3934001951949895,-0.0039389065805537134,0.6912804513554524,0.16572687376669762,108,semiconductors,63,ols_rank_normal_all,tema_arındırılmış
droe,0.016082217696196287,1.608148315059218,0.016082217696196287,0.6912804513554524,0.16572687376669762,108,semiconductors,63,ols_rank_normal_all,tema_arındırılmış
ear_3d,0.0021520266463995155,0.39463218955808377,0.0021520266463995155,0.6912804513554524,0.16572687376669762,108,semiconductors,63,ols_rank_normal_all,tema_arındırılmış
ebit_ev,-0.024198878537524924,-1.8584557270123554,-0.024198878537524924,0.6912804513554524,0.16572687376669762,108,semiconductors,63,ols_rank_normal_all,tema_arındırılmış
gross_profitability,0.006966244730149988,0.6805238956645211,0.006966244730149988,0.6912804513554524,0.16572687376669762,108,semiconductors,63,ols_rank_normal_all,tema_arındırılmış
idio_vol_60d,0.0006641898028150596,0.07421776857815827,0.0006641898028150596,0.6912804513554524,0.16572687376669762,108,semiconductors,63,ols_rank_normal_all,tema_arındırılmış
max_ret_21d,0.0081486137320455,1.1008421457413555,0.0081486137320455,0.6912804513554524,0.16572687376669762,108,semiconductors,63,ols_rank_normal_all,tema_arındırılmış
mom_12_1,0.005443502926733171,0.6648691258420137,0.005443502926733171,0.6912804513554524,0.16572687376669762,108,semiconductors,63,ols_rank_normal_all,tema_arındırılmış
net_debt_ebitda,-0.020408988869431616,-2.91012997344112,-0.020408988869431616,0.6912804513554524,0.16572687376669762,108,semiconductors,63,ols_rank_normal_all,tema_arındırılmış
ocf_ev,0.014510144909918365,0.9596215658774057,0.014510144909918365,0.6912804513554524,0.16572687376669762,108,semiconductors,63,ols_rank_normal_all,tema_arındırılmış
profitable_growth,-0.0015999117014523017,-0.20741223469381206,-0.0015999117014523017,0.6912804513554524,0.16572687376669762,108,semiconductors,63,ols_rank_normal_all,tema_arındırılmış
share_issuance,-0.006592252261467046,-0.8392582541330028,-0.006592252261467046,0.6912804513554524,0.16572687376669762,108,semiconductors,63,ols_rank_normal_all,tema_arındırılmış
sue,-0.011557399633178275,-1.278688518797765,-0.011557399633178275,0.6912804513554524,0.16572687376669762,108,semiconductors,63,ols_rank_normal_all,tema_arındırılmış
sue_announce,0.0002650063597254202,0.029144353320105103,0.0002650063597254202,0.6912804513554524,0.16572687376669762,108,semiconductors,63,ols_rank_normal_all,tema_arındırılmış
asset_growth,-0.023625106532844074,-2.0830749730107763,-0.023625106532844074,0.6873514859102932,0.14617864986347132,105,semiconductors,126,ols_rank_normal_all,tema_arındırılmış
capex_at,0.0031176687690045116,0.187034585866634,0.0031176687690045116,0.6873514859102932,0.14617864986347132,105,semiconductors,126,ols_rank_normal_all,tema_arındırılmış
cash_runway_years,-0.00407900742041611,-0.1541474751632216,-0.00407900742041611,0.6873514859102932,0.14617864986347132,105,semiconductors,126,ols_rank_normal_all,tema_arındırılmış
cop_at,-0.005120111411583432,-0.16132042555991322,-0.005120111411583432,0.6873514859102932,0.14617864986347132,105,semiconductors,126,ols_rank_normal_all,tema_arındırılmış
dist_52w_high,0.012350164613965875,0.6403423055871434,0.012350164613965875,0.6873514859102932,0.14617864986347132,105,semiconductors,126,ols_rank_normal_all,tema_arındırılmış
droe,0.020020361443927673,1.1686903059686078,0.020020361443927673,0.6873514859102932,0.14617864986347132,105,semiconductors,126,ols_rank_normal_all,tema_arındırılmış
ear_3d,-0.007747301299422968,-0.5421142474512969,-0.007747301299422968,0.6873514859102932,0.14617864986347132,105,semiconductors,126,ols_rank_normal_all,tema_arındırılmış
ebit_ev,-0.04485222425288507,-2.3641261196866052,-0.04485222425288507,0.6873514859102932,0.14617864986347132,105,semiconductors,126,ols_rank_normal_all,tema_arındırılmış
gross_profitability,0.003105085078307451,0.17839006526909068,0.003105085078307451,0.6873514859102932,0.14617864986347132,105,semiconductors,126,ols_rank_normal_all,tema_arındırılmış
idio_vol_60d,0.01033731873176133,0.6249012527996776,0.01033731873176133,0.6873514859102932,0.14617864986347132,105,semiconductors,126,ols_rank_normal_all,tema_arındırılmış
max_ret_21d,-0.0034448529801870314,-0.2427540305441187,-0.0034448529801870314,0.6873514859102932,0.14617864986347132,105,semiconductors,126,ols_rank_normal_all,tema_arındırılmış
mom_12_1,0.01982595255657379,1.6977918168562163,0.01982595255657379,0.6873514859102932,0.14617864986347132,105,semiconductors,126,ols_rank_normal_all,tema_arındırılmış
net_debt_ebitda,-0.021681698282168115,-2.5138422815213075,-0.021681698282168115,0.6873514859102932,0.14617864986347132,105,semiconductors,126,ols_rank_normal_all,tema_arındırılmış
ocf_ev,0.04272017078386109,1.533924051512627,0.04272017078386109,0.6873514859102932,0.14617864986347132,105,semiconductors,126,ols_rank_normal_all,tema_arındırılmış
profitable_growth,0.00034899244307267535,0.02427649029786973,0.00034899244307267535,0.6873514859102932,0.14617864986347132,105,semiconductors,126,ols_rank_normal_all,tema_arındırılmış
share_issuance,-0.006089979925920613,-0.5765166287215004,-0.006089979925920613,0.6873514859102932,0.14617864986347132,105,semiconductors,126,ols_rank_normal_all,tema_arındırılmış
sue,-0.01456865879684451,-0.8896876454842998,-0.01456865879684451,0.6873514859102932,0.14617864986347132,105,semiconductors,126,ols_rank_normal_all,tema_arındırılmış
sue_announce,-0.006619675637420034,-0.3905807336769627,-0.006619675637420034,0.6873514859102932,0.14617864986347132,105,semiconductors,126,ols_rank_normal_all,tema_arındırılmış
asset_growth,-0.0008169969289712228,-0.5224724297063935,-0.0008169969289712228,0.13548860857245265,0.07060711430961432,181,semiconductors/semis_all,21,ols_rank_normal,tema_arındırılmış
asset_growth,-0.0008169969289712228,-0.5224724297063935,-0.0008169969289712228,0.13548860857245265,0.07060711430961432,181,semiconductors/semis_all,21,ols_rank_normal,ham
asset_growth,-0.00973269011992529,-1.3464243380815257,-0.0030900308141380466,0.13789436313663825,0.07308942480525189,181,semiconductors/semis_all,21,ols_winsorized_raw,tema_arındırılmış
asset_growth,-0.00973269011992528,-1.3464243380815244,-0.003090030814138043,0.13789436313663822,0.07308942480525187,181,semiconductors/semis_all,21,ols_winsorized_raw,ham
asset_growth,0.0007086355816362002,0.39153637046275663,0.0007086355816362002,0.20078263289808224,0.14129641864547918,181,semiconductors/semis_all,21,wls_sqrt_mcap,tema_arındırılmış
asset_growth,0.0007086355816362007,0.391536370462757,0.0007086355816362007,0.20078263289808218,0.14129641864547918,181,semiconductors/semis_all,21,wls_sqrt_mcap,ham
asset_growth,-0.0037906762982378916,-0.9079266164961212,-0.0037906762982378916,0.12359385366251473,0.05760190668665808,179,semiconductors/semis_all,63,ols_rank_normal,tema_arındırılmış
asset_growth,-0.003790676298237891,-0.907926616496121,-0.003790676298237891,0.12359385366251469,0.057601906686658044,179,semiconductors/semis_all,63,ols_rank_normal,ham
asset_growth,-0.03249972307730022,-1.6284626602878483,-0.01025741422005019,0.12680921773397222,0.06094855741735365,179,semiconductors/semis_all,63,ols_winsorized_raw,tema_arındırılmış
asset_growth,-0.03249972307730022,-1.6284626602878478,-0.01025741422005019,0.1268092177339722,0.06094855741735364,179,semiconductors/semis_all,63,ols_winsorized_raw,ham
asset_growth,-0.0009145025462811372,-0.1787917963069372,-0.0009145025462811372,0.20959072648247845,0.15057546465983226,179,semiconductors/semis_all,63,wls_sqrt_mcap,tema_arındırılmış
asset_growth,-0.00091450254628114,-0.17879179630693778,-0.00091450254628114,0.20959072648247853,0.15057546465983226,179,semiconductors/semis_all,63,wls_sqrt_mcap,ham
asset_growth,-0.01108193343189754,-1.355464802351021,-0.01108193343189754,0.10659647852320399,0.038715877694816166,176,semiconductors/semis_all,126,ols_rank_normal,tema_arındırılmış
asset_growth,-0.01108193343189754,-1.3554648023510205,-0.01108193343189754,0.10659647852320403,0.038715877694816166,176,semiconductors/semis_all,126,ols_rank_normal,ham
asset_growth,-0.08468418725151933,-2.0365752200408265,-0.026514241314248184,0.11469605585558978,0.04740763946549183,176,semiconductors/semis_all,126,ols_winsorized_raw,tema_arındırılmış
asset_growth,-0.0846841872515193,-2.036575220040826,-0.026514241314248174,0.11469605585558978,0.04740763946549182,176,semiconductors/semis_all,126,ols_winsorized_raw,ham
asset_growth,-0.004676632962841719,-0.4383626419582483,-0.004676632962841719,0.20364556138392678,0.1430603914641115,176,semiconductors/semis_all,126,wls_sqrt_mcap,tema_arındırılmış
asset_growth,-0.0046766329628417265,-0.438362641958249,-0.0046766329628417265,0.20364556138392678,0.1430603914641115,176,semiconductors/semis_all,126,wls_sqrt_mcap,ham
capex_at,0.0004574626977590109,0.33206366740486476,0.0004574626977590109,0.1267283127399149,0.05756658453990289,182,semiconductors/semis_all,21,ols_rank_normal,tema_arındırılmış
capex_at,0.00045746269775901035,0.33206366740486437,0.00045746269775901035,0.12672831273991494,0.05756658453990291,182,semiconductors/semis_all,21,ols_rank_normal,ham
capex_at,-0.01198528115288497,-0.2796060379867086,-0.0004444472870805335,0.13087863762373594,0.06216028889858756,182,semiconductors/semis_all,21,ols_winsorized_raw,tema_arındırılmış
capex_at,-0.011985281152884952,-0.27960603798670813,-0.0004444472870805328,0.13087863762373597,0.06216028889858758,182,semiconductors/semis_all,21,ols_winsorized_raw,ham
capex_at,-0.0006774978486352842,-0.40775742331281967,-0.0006774978486352842,0.19038649393841142,0.12714159537908712,182,semiconductors/semis_all,21,wls_sqrt_mcap,tema_arındırılmış
capex_at,-0.0006774978486352832,-0.407757423312819,-0.0006774978486352832,0.19038649393841145,0.12714159537908712,182,semiconductors/semis_all,21,wls_sqrt_mcap,ham
capex_at,0.0010770354644703982,0.26702935221652563,0.0010770354644703982,0.10953639387891856,0.03852527460377537,180,semiconductors/semis_all,63,ols_rank_normal,tema_arındırılmış
capex_at,0.0010770354644703997,0.2670293522165261,0.0010770354644703997,0.10953639387891854,0.03852527460377535,180,semiconductors/semis_all,63,ols_rank_normal,ham
capex_at,-0.04099416742484619,-0.30729585629863554,-0.0015216710673927832,0.11645343623217974,0.0461451933659847,180,semiconductors/semis_all,63,ols_winsorized_raw,tema_arındırılmış
capex_at,-0.040994167424846184,-0.3072958562986355,-0.0015216710673927828,0.11645343623217974,0.0461451933659847,180,semiconductors/semis_all,63,ols_winsorized_raw,ham
capex_at,0.0003409944322680797,0.07961977985853104,0.0003409944322680797,0.18444351185126737,0.12063586995597365,180,semiconductors/semis_all,63,wls_sqrt_mcap,tema_arındırılmış
capex_at,0.00034099443226807817,0.07961977985853069,0.00034099443226807817,0.18444351185126734,0.12063586995597365,180,semiconductors/semis_all,63,wls_sqrt_mcap,ham
capex_at,-0.0009503327210646161,-0.0980050726891596,-0.0009503327210646161,0.09435090597198711,0.021377925510079394,177,semiconductors/semis_all,126,ols_rank_normal,tema_arındırılmış
capex_at,-0.0009503327210646155,-0.09800507268915956,-0.0009503327210646155,0.0943509059719871,0.02137792551007937,177,semiconductors/semis_all,126,ols_rank_normal,ham
capex_at,-0.2060545235771627,-0.612707393507932,-0.007653090616207692,0.09892992745901719,0.026420136723992276,177,semiconductors/semis_all,126,ols_winsorized_raw,tema_arındırılmış
capex_at,-0.2060545235771627,-0.612707393507932,-0.007653090616207692,0.09892992745901714,0.026420136723992255,177,semiconductors/semis_all,126,ols_winsorized_raw,ham
capex_at,-0.0011119541340249733,-0.11500668196246083,-0.0011119541340249733,0.16803290002480983,0.1019138991627467,177,semiconductors/semis_all,126,wls_sqrt_mcap,tema_arındırılmış
capex_at,-0.00111195413402497,-0.1150066819624605,-0.00111195413402497,0.16803290002480983,0.10191389916274668,177,semiconductors/semis_all,126,wls_sqrt_mcap,ham
cash_runway_years,,,,0.30650175582450356,0.13441434469933683,2,semiconductors/semis_all,21,ols_rank_normal,tema_arındırılmış
cash_runway_years,,,,0.3065017558245038,0.13441434469933716,2,semiconductors/semis_all,21,ols_rank_normal,ham
cash_runway_years,,,,0.30361781889557965,0.1309154189964552,2,semiconductors/semis_all,21,ols_winsorized_raw,tema_arındırılmış
cash_runway_years,,,,0.3036178188955799,0.13091541899645565,2,semiconductors/semis_all,21,ols_winsorized_raw,ham
cash_runway_years,,,,0.2960586230610766,0.12428552509552931,2,semiconductors/semis_all,21,wls_sqrt_mcap,tema_arındırılmış
cash_runway_years,,,,0.29605862306107666,0.12428552509552943,2,semiconductors/semis_all,21,wls_sqrt_mcap,ham
cash_runway_years,,,,0.07647533636805542,-0.1563985603337691,2,semiconductors/semis_all,63,ols_rank_normal,tema_arındırılmış
cash_runway_years,,,,0.07647533636805515,-0.15639856033376942,2,semiconductors/semis_all,63,ols_rank_normal,ham
cash_runway_years,,,,0.07892713829778847,-0.15311541172215992,2,semiconductors/semis_all,63,ols_winsorized_raw,tema_arındırılmış
cash_runway_years,,,,0.07892713829778825,-0.15311541172216014,2,semiconductors/semis_all,63,ols_winsorized_raw,ham
cash_runway_years,,,,0.053738818652358133,-0.18496360749042762,2,semiconductors/semis_all,63,wls_sqrt_mcap,tema_arındırılmış
cash_runway_years,,,,0.05373881865235808,-0.18496360749042762,2,semiconductors/semis_all,63,wls_sqrt_mcap,ham
cop_at,-3.5357329768489277e-05,-0.02099247245793593,-3.5357329768489277e-05,0.1304434428067056,0.059858960923992004,182,semiconductors/semis_all,21,ols_rank_normal,tema_arındırılmış
cop_at,-3.535732976848775e-05,-0.020992472457935025,-3.535732976848775e-05,0.1304434428067056,0.059858960923992,182,semiconductors/semis_all,21,ols_rank_normal,ham
cop_at,0.005026012842587803,0.22613577932516923,0.0003530656565363225,0.12469431420353892,0.05359269323261535,182,semiconductors/semis_all,21,ols_winsorized_raw,tema_arındırılmış
cop_at,0.005026012842587798,0.22613577932516898,0.0003530656565363221,0.12469431420353892,0.05359269323261535,182,semiconductors/semis_all,21,ols_winsorized_raw,ham
cop_at,-0.0006630407829596603,-0.29702354327198077,-0.0006630407829596603,0.20127838736407314,0.13713502007837364,182,semiconductors/semis_all,21,wls_sqrt_mcap,tema_arındırılmış
cop_at,-0.0006630407829596625,-0.29702354327198166,-0.0006630407829596625,0.20127838736407314,0.13713502007837358,182,semiconductors/semis_all,21,wls_sqrt_mcap,ham
cop_at,-0.0008692180067047558,-0.18407677034129546,-0.0008692180067047558,0.1201621596905104,0.0486074675655956,180,semiconductors/semis_all,63,ols_rank_normal,tema_arındırılmış
cop_at,-0.0008692180067047558,-0.18407677034129538,-0.0008692180067047558,0.1201621596905104,0.04860746756559559,180,semiconductors/semis_all,63,ols_rank_normal,ham
cop_at,-0.01197070946700408,-0.1786439806708062,-0.0008384956625872119,0.11634513531160971,0.04447220094291329,180,semiconductors/semis_all,63,ols_winsorized_raw,tema_arındırılmış
cop_at,-0.011970709467004119,-0.17864398067080672,-0.0008384956625872146,0.11634513531160974,0.04447220094291331,180,semiconductors/semis_all,63,ols_winsorized_raw,ham
cop_at,-0.0029134736710117537,-0.43594695534136263,-0.0029134736710117537,0.21540716517590278,0.15250912982504852,180,semiconductors/semis_all,63,wls_sqrt_mcap,tema_arındırılmış
cop_at,-0.002913473671011757,-0.4359469553413632,-0.002913473671011757,0.21540716517590278,0.15250912982504852,180,semiconductors/semis_all,63,wls_sqrt_mcap,ham
cop_at,-0.003611843495261035,-0.41674088940826953,-0.003611843495261035,0.11164446661098515,0.03899749760445054,177,semiconductors/semis_all,126,ols_rank_normal,tema_arındırılmış
cop_at,-0.003611843495261035,-0.41674088940826964,-0.003611843495261035,0.11164446661098515,0.03899749760445052,177,semiconductors/semis_all,126,ols_rank_normal,ham
cop_at,-0.06298135126788997,-0.5219206802773946,-0.004393550988416664,0.10418039744125387,0.03084042922184937,177,semiconductors/semis_all,126,ols_winsorized_raw,tema_arındırılmış
cop_at,-0.06298135126789,-0.5219206802773949,-0.004393550988416667,0.10418039744125387,0.03084042922184938,177,semiconductors/semis_all,126,ols_winsorized_raw,ham
cop_at,-0.0070155055996258455,-0.5891117091406565,-0.0070155055996258455,0.2132276326076342,0.1493954742554518,177,semiconductors/semis_all,126,wls_sqrt_mcap,tema_arındırılmış
cop_at,-0.007015505599625851,-0.5891117091406568,-0.007015505599625851,0.2132276326076342,0.1493954742554518,177,semiconductors/semis_all,126,wls_sqrt_mcap,ham
dist_52w_high,0.003905959152616815,2.1566812286148926,0.003905959152616815,0.13273601894254838,0.06934208601933654,182,semiconductors/semis_all,21,ols_rank_normal,tema_arındırılmış
dist_52w_high,0.003905959152616815,2.1566812286148926,0.003905959152616815,0.13273601894254838,0.06934208601933654,182,semiconductors/semis_all,21,ols_rank_normal,ham
dist_52w_high,0.02347279112746033,1.6077172571466236,0.0032846788086372913,0.14113204189554907,0.07836859492681728,182,semiconductors/semis_all,21,ols_winsorized_raw,tema_arındırılmış
dist_52w_high,0.02347279112746031,1.6077172571466225,0.0032846788086372887,0.14113204189554907,0.07836859492681722,182,semiconductors/semis_all,21,ols_winsorized_raw,ham
dist_52w_high,0.0012377015097218603,0.610965961201792,0.0012377015097218603,0.20127991015271898,0.1433690631237369,182,semiconductors/semis_all,21,wls_sqrt_mcap,tema_arındırılmış
dist_52w_high,0.0012377015097218527,0.6109659612017883,0.0012377015097218527,0.201279910152719,0.1433690631237369,182,semiconductors/semis_all,21,wls_sqrt_mcap,ham
dist_52w_high,0.008092558650223442,1.8905881925199264,0.008092558650223442,0.1207821746845979,0.0560892156884677,180,semiconductors/semis_all,63,ols_rank_normal,tema_arındırılmış
dist_52w_high,0.00809255865022344,1.8905881925199255,0.00809255865022344,0.1207821746845979,0.05608921568846768,180,semiconductors/semis_all,63,ols_rank_normal,ham
dist_52w_high,0.049210373988010474,1.3516738701985236,0.006886850040172891,0.12819026878089287,0.064081688568416,180,semiconductors/semis_all,63,ols_winsorized_raw,tema_arındırılmış
dist_52w_high,0.049210373988010404,1.3516738701985216,0.006886850040172881,0.12819026878089287,0.06408168856841598,180,semiconductors/semis_all,63,ols_winsorized_raw,ham
dist_52w_high,0.0026976986824827033,0.5893918073414419,0.0026976986824827033,0.2034152219952564,0.14539662973040796,180,semiconductors/semis_all,63,wls_sqrt_mcap,tema_arındırılmış
dist_52w_high,0.0026976986824827,0.5893918073414413,0.0026976986824827,0.20341522199525638,0.14539662973040796,180,semiconductors/semis_all,63,wls_sqrt_mcap,ham
dist_52w_high,-0.003953948657470187,-0.42842520427040137,-0.003953948657470187,0.10315083533536935,0.036934197548464845,177,semiconductors/semis_all,126,ols_rank_normal,tema_arındırılmış
dist_52w_high,-0.003953948657470186,-0.4284252042704012,-0.003953948657470186,0.10315083533536934,0.03693419754846483,177,semiconductors/semis_all,126,ols_rank_normal,ham
dist_52w_high,-0.04304095833655851,-0.5607887081052418,-0.0060361133918328536,0.10746224897376994,0.041479620775114835,177,semiconductors/semis_all,126,ols_winsorized_raw,tema_arındırılmış
dist_52w_high,-0.043040958336558556,-0.5607887081052424,-0.0060361133918328605,0.10746224897376998,0.041479620775114856,177,semiconductors/semis_all,126,ols_winsorized_raw,ham
dist_52w_high,-0.0075641428749087,-0.8681093628669893,-0.0075641428749087,0.19396685133771513,0.1347248545444687,177,semiconductors/semis_all,126,wls_sqrt_mcap,tema_arındırılmış
dist_52w_high,-0.007564142874908688,-0.868109362866988,-0.007564142874908688,0.19396685133771513,0.13472485454446875,177,semiconductors/semis_all,126,wls_sqrt_mcap,ham
droe,0.0023548107756353374,1.4378168153418343,0.0023548107756353374,0.13071410511909212,0.05992101409669981,181,semiconductors/semis_all,21,ols_rank_normal,tema_arındırılmış
droe,0.002354810775635336,1.4378168153418334,0.002354810775635336,0.1307141051190921,0.0599210140966998,181,semiconductors/semis_all,21,ols_rank_normal,ham
droe,0.03732688660433395,1.2830446472678638,0.002803398934623957,0.13239387579893222,0.06175199230178595,181,semiconductors/semis_all,21,ols_winsorized_raw,tema_arındırılmış
droe,0.037326886604333975,1.2830446472678645,0.002803398934623959,0.13239387579893225,0.06175199230178596,181,semiconductors/semis_all,21,ols_winsorized_raw,ham
droe,0.0031894256271542327,1.6221697698927902,0.0031894256271542327,0.20664229149221625,0.1425303466521738,181,semiconductors/semis_all,21,wls_sqrt_mcap,tema_arındırılmış
droe,0.003189425627154227,1.6221697698927884,0.003189425627154227,0.20664229149221627,0.1425303466521738,181,semiconductors/semis_all,21,wls_sqrt_mcap,ham
droe,0.002171062972044405,0.5699673967430952,0.002171062972044405,0.12006993797261167,0.0481392959528093,179,semiconductors/semis_all,63,ols_rank_normal,tema_arındırılmış
droe,0.0021710629720444047,0.569967396743095,0.0021710629720444047,0.12006993797261167,0.0481392959528093,179,semiconductors/semis_all,63,ols_rank_normal,ham
droe,0.00878893073437773,0.11885707744807643,0.0006618538069652985,0.1286061335070636,0.05769931103188816,179,semiconductors/semis_all,63,ols_winsorized_raw,tema_arındırılmış
droe,0.008788930734377776,0.11885707744807704,0.0006618538069653019,0.1286061335070636,0.05769931103188819,179,semiconductors/semis_all,63,ols_winsorized_raw,ham
droe,0.008667815872304821,1.6565550425098168,0.008667815872304821,0.20876670032616096,0.14463741277124767,179,semiconductors/semis_all,63,wls_sqrt_mcap,tema_arındırılmış
droe,0.008667815872304823,1.6565550425098174,0.008667815872304823,0.20876670032616096,0.1446374127712477,179,semiconductors/semis_all,63,wls_sqrt_mcap,ham
droe,0.003087832005896145,0.5602520006061344,0.003087832005896145,0.10492607369961773,0.031262045592793636,176,semiconductors/semis_all,126,ols_rank_normal,tema_arındırılmış
droe,0.0030878320058961473,0.5602520006061349,0.0030878320058961473,0.10492607369961773,0.031262045592793636,176,semiconductors/semis_all,126,ols_rank_normal,ham
droe,-0.07799298928821113,-0.638387972155914,-0.005879346386872157,0.1161762392509334,0.04370573868449579,176,semiconductors/semis_all,126,ols_winsorized_raw,tema_arındırılmış
droe,-0.07799298928821102,-0.6383879721559133,-0.0058793463868721495,0.1161762392509334,0.04370573868449576,176,semiconductors/semis_all,126,ols_winsorized_raw,ham
droe,0.014604584953934545,1.6231553391405136,0.014604584953934545,0.2012670276935678,0.1357256878054308,176,semiconductors/semis_all,126,wls_sqrt_mcap,tema_arındırılmış
droe,0.01460458495393454,1.623155339140513,0.01460458495393454,0.20126702769356777,0.13572568780543076,176,semiconductors/semis_all,126,wls_sqrt_mcap,ham
ear_3d,0.0021661806773751757,1.328006714410153,0.0021661806773751757,0.1348373379481585,0.06634110126223282,182,semiconductors/semis_all,21,ols_rank_normal,tema_arındırılmış
ear_3d,0.002166180677375176,1.3280067144101533,0.002166180677375176,0.1348373379481585,0.06634110126223282,182,semiconductors/semis_all,21,ols_rank_normal,ham
ear_3d,0.02597418574861179,1.479128099107193,0.0026147473849371175,0.13890168479643722,0.07071488729750797,182,semiconductors/semis_all,21,ols_winsorized_raw,tema_arındırılmış
ear_3d,0.025974185748611794,1.479128099107193,0.002614747384937118,0.13890168479643722,0.07071488729750798,182,semiconductors/semis_all,21,ols_winsorized_raw,ham
ear_3d,0.0034503783500137645,1.5409093465179886,0.0034503783500137645,0.20438008624186219,0.14198172522726885,182,semiconductors/semis_all,21,wls_sqrt_mcap,tema_arındırılmış
ear_3d,0.0034503783500137567,1.5409093465179848,0.0034503783500137567,0.20438008624186219,0.14198172522726887,182,semiconductors/semis_all,21,wls_sqrt_mcap,ham
ear_3d,0.00691850338647637,1.7084742714854115,0.00691850338647637,0.11975506400015225,0.049668669805191946,180,semiconductors/semis_all,63,ols_rank_normal,tema_arındırılmış
ear_3d,0.006918503386476369,1.7084742714854109,0.006918503386476369,0.11975506400015222,0.049668669805191926,180,semiconductors/semis_all,63,ols_rank_normal,ham
ear_3d,0.08375689216067767,1.9854447620762572,0.008382628246205842,0.1233952660534275,0.053603847911527266,180,semiconductors/semis_all,63,ols_winsorized_raw,tema_arındırılmış
ear_3d,0.08375689216067772,1.985444762076258,0.008382628246205847,0.12339526605342747,0.05360384791152725,180,semiconductors/semis_all,63,ols_winsorized_raw,ham
ear_3d,0.00689874417185731,1.1804095274026325,0.00689874417185731,0.20812996987692464,0.14557633810999393,180,semiconductors/semis_all,63,wls_sqrt_mcap,tema_arındırılmış
ear_3d,0.006898744171857304,1.180409527402631,0.006898744171857304,0.20812996987692464,0.14557633810999399,180,semiconductors/semis_all,63,wls_sqrt_mcap,ham
ear_3d,0.00830022708008073,1.0671313036117795,0.00830022708008073,0.11142813374424947,0.04017400209872999,177,semiconductors/semis_all,126,ols_rank_normal,tema_arındırılmış
ear_3d,0.00830022708008073,1.0671313036117798,0.00830022708008073,0.11142813374424948,0.04017400209873001,177,semiconductors/semis_all,126,ols_rank_normal,ham
ear_3d,0.14716719603834064,1.8119502481956968,0.014486351057618935,0.1148132212844471,0.04384098843773909,177,semiconductors/semis_all,126,ols_winsorized_raw,tema_arındırılmış
ear_3d,0.14716719603834072,1.8119502481956984,0.014486351057618944,0.1148132212844471,0.0438409884377391,177,semiconductors/semis_all,126,ols_winsorized_raw,ham
ear_3d,0.012080105957409075,1.2466354933596044,0.012080105957409075,0.2047398956488395,0.14105397304256434,177,semiconductors/semis_all,126,wls_sqrt_mcap,tema_arındırılmış
ear_3d,0.012080105957409075,1.2466354933596044,0.012080105957409075,0.20473989564883943,0.14105397304256434,177,semiconductors/semis_all,126,wls_sqrt_mcap,ham
gross_profitability,-0.0007192612256721855,-0.4855998029633479,-0.0007192612256721855,0.128420934840944,0.05810492802206058,182,semiconductors/semis_all,21,ols_rank_normal,tema_arındırılmış
gross_profitability,-0.0007192612256721859,-0.4855998029633482,-0.0007192612256721859,0.128420934840944,0.05810492802206056,182,semiconductors/semis_all,21,ols_rank_normal,ham
gross_profitability,-0.003815025042480904,-0.27951670854208516,-0.0004166677682103811,0.12703947927309045,0.056593397181580817,182,semiconductors/semis_all,21,ols_winsorized_raw,tema_arındırılmış
gross_profitability,-0.003815025042480904,-0.27951670854208516,-0.0004166677682103811,0.12703947927309045,0.05659339718158081,182,semiconductors/semis_all,21,ols_winsorized_raw,ham
gross_profitability,-0.0003317854382384036,-0.16836732006478003,-0.0003317854382384036,0.20203776998778783,0.13809493928402852,182,semiconductors/semis_all,21,wls_sqrt_mcap,tema_arındırılmış
gross_profitability,-0.00033178543823840576,-0.1683673200647811,-0.00033178543823840576,0.20203776998778783,0.13809493928402852,182,semiconductors/semis_all,21,wls_sqrt_mcap,ham
gross_profitability,-0.0007922861996217988,-0.17881834839216726,-0.0007922861996217988,0.12595134254007984,0.05520823316698218,180,semiconductors/semis_all,63,ols_rank_normal,tema_arındırılmış
gross_profitability,-0.0007922861996217982,-0.1788183483921671,-0.0007922861996217982,0.12595134254007984,0.05520823316698217,180,semiconductors/semis_all,63,ols_rank_normal,ham
gross_profitability,-0.003205873646794319,-0.07503635925514086,-0.0003498133358025194,0.12843619058092465,0.05806693085327548,180,semiconductors/semis_all,63,ols_winsorized_raw,tema_arındırılmış
gross_profitability,-0.0032058736467943313,-0.07503635925514116,-0.0003498133358025207,0.12843619058092462,0.05806693085327548,180,semiconductors/semis_all,63,ols_winsorized_raw,ham
gross_profitability,-0.0007407726998676326,-0.12086520471496834,-0.0007407726998676326,0.21673662664524,0.15390570222759253,180,semiconductors/semis_all,63,wls_sqrt_mcap,tema_arındırılmış
gross_profitability,-0.0007407726998676312,-0.12086520471496812,-0.0007407726998676312,0.21673662664524,0.15390570222759253,180,semiconductors/semis_all,63,wls_sqrt_mcap,ham
gross_profitability,-0.004535496349038368,-0.4943742110422857,-0.004535496349038368,0.11596973464849497,0.04391941300045003,177,semiconductors/semis_all,126,ols_rank_normal,tema_arındırılmış
gross_profitability,-0.004535496349038367,-0.4943742110422855,-0.004535496349038367,0.11596973464849493,0.04391941300045001,177,semiconductors/semis_all,126,ols_rank_normal,ham
gross_profitability,-0.03603619694316577,-0.39937572949601674,-0.003926882594064513,0.11832849755883525,0.0466378469531559,177,semiconductors/semis_all,126,ols_winsorized_raw,tema_arındırılmış
gross_profitability,-0.03603619694316575,-0.39937572949601663,-0.003926882594064512,0.11832849755883525,0.046637846953155905,177,semiconductors/semis_all,126,ols_winsorized_raw,ham
gross_profitability,-0.0034895636991767536,-0.272697012036535,-0.0034895636991767536,0.21692976452987922,0.15331635126067467,177,semiconductors/semis_all,126,wls_sqrt_mcap,tema_arındırılmış
gross_profitability,-0.003489563699176769,-0.27269701203653623,-0.003489563699176769,0.21692976452987922,0.15331635126067464,177,semiconductors/semis_all,126,wls_sqrt_mcap,ham
idio_vol_60d,-0.001470961274341338,-0.6558369874005597,-0.001470961274341338,0.13736448938082063,0.07421552154946927,182,semiconductors/semis_all,21,ols_rank_normal,tema_arındırılmış
idio_vol_60d,-0.0014709612743413374,-0.6558369874005594,-0.0014709612743413374,0.13736448938082066,0.07421552154946927,182,semiconductors/semis_all,21,ols_rank_normal,ham
idio_vol_60d,-0.009108806321525926,-0.6264227501365243,-0.0016177307708692675,0.15052364441833135,0.08827296523695256,182,semiconductors/semis_all,21,ols_winsorized_raw,tema_arındırılmış
idio_vol_60d,-0.009108806321525945,-0.6264227501365255,-0.001617730770869271,0.15052364441833135,0.08827296523695256,182,semiconductors/semis_all,21,ols_winsorized_raw,ham
idio_vol_60d,-0.005233439150206519,-2.0276332287278835,-0.005233439150206519,0.2017127400958827,0.143779189277633,182,semiconductors/semis_all,21,wls_sqrt_mcap,tema_arındırılmış
idio_vol_60d,-0.005233439150206517,-2.027633228727883,-0.005233439150206517,0.2017127400958827,0.14377918927763295,182,semiconductors/semis_all,21,wls_sqrt_mcap,ham
idio_vol_60d,-0.004989369854340894,-0.8816883530517972,-0.004989369854340894,0.12145355226336212,0.05679255851029172,180,semiconductors/semis_all,63,ols_rank_normal,tema_arındırılmış
idio_vol_60d,-0.004989369854340896,-0.8816883530517976,-0.004989369854340896,0.1214535522633621,0.05679255851029172,180,semiconductors/semis_all,63,ols_rank_normal,ham
idio_vol_60d,-0.023266711668835427,-0.6098079382098335,-0.004108522411958365,0.13276651690156696,0.06887337242076488,180,semiconductors/semis_all,63,ols_winsorized_raw,tema_arındırılmış
idio_vol_60d,-0.023266711668835423,-0.6098079382098335,-0.004108522411958364,0.13276651690156696,0.06887337242076488,180,semiconductors/semis_all,63,ols_winsorized_raw,ham
idio_vol_60d,-0.013667465915947514,-1.921339575479619,-0.013667465915947514,0.20420084912475142,0.14606678229184353,180,semiconductors/semis_all,63,wls_sqrt_mcap,tema_arındırılmış
idio_vol_60d,-0.01366746591594752,-1.92133957547962,-0.01366746591594752,0.2042008491247514,0.14606678229184353,180,semiconductors/semis_all,63,wls_sqrt_mcap,ham
idio_vol_60d,-0.01181209781608867,-1.20424789082995,-0.01181209781608867,0.10385556466120759,0.0374947443443035,177,semiconductors/semis_all,126,ols_rank_normal,tema_arındırılmış
idio_vol_60d,-0.011812097816088671,-1.20424789082995,-0.011812097816088671,0.10385556466120757,0.0374947443443035,177,semiconductors/semis_all,126,ols_rank_normal,ham
idio_vol_60d,-0.041325645712000265,-0.571848720338224,-0.007175339917909937,0.11750838511912846,0.05203526825717974,177,semiconductors/semis_all,126,ols_winsorized_raw,tema_arındırılmış
idio_vol_60d,-0.04132564571200026,-0.571848720338224,-0.007175339917909935,0.1175083851191285,0.05203526825717978,177,semiconductors/semis_all,126,ols_winsorized_raw,ham
idio_vol_60d,-0.025117618216209458,-2.212230593480878,-0.025117618216209458,0.19607665828147136,0.13663434363892604,177,semiconductors/semis_all,126,wls_sqrt_mcap,tema_arındırılmış
idio_vol_60d,-0.02511761821620947,-2.2122305934808772,-0.02511761821620947,0.19607665828147136,0.13663434363892604,177,semiconductors/semis_all,126,wls_sqrt_mcap,ham
max_ret_21d,0.0012418667191556115,0.720382501223503,0.0012418667191556115,0.12536436652876373,0.061223061148668635,182,semiconductors/semis_all,21,ols_rank_normal,tema_arındırılmış
max_ret_21d,0.001241866719155612,0.7203825012235033,0.001241866719155612,0.12536436652876373,0.06122306114866865,182,semiconductors/semis_all,21,ols_rank_normal,ham
max_ret_21d,0.04801420469339795,0.9321084976568778,0.0019837037975696465,0.13198900696819404,0.06830141977172031,182,semiconductors/semis_all,21,ols_winsorized_raw,tema_arındırılmış
max_ret_21d,0.04801420469339793,0.9321084976568774,0.0019837037975696456,0.13198900696819404,0.06830141977172031,182,semiconductors/semis_all,21,ols_winsorized_raw,ham
max_ret_21d,-0.000196504683560455,-0.10168776525191707,-0.000196504683560455,0.19743749033177083,0.1392198824366137,182,semiconductors/semis_all,21,wls_sqrt_mcap,tema_arındırılmış
max_ret_21d,-0.0001965046835604576,-0.1016877652519184,-0.0001965046835604576,0.19743749033177083,0.1392198824366137,182,semiconductors/semis_all,21,wls_sqrt_mcap,ham
max_ret_21d,-0.0033897104907352755,-0.9509140270740758,-0.0033897104907352755,0.11130473032533411,0.045819989964927324,180,semiconductors/semis_all,63,ols_rank_normal,tema_arındırılmış
max_ret_21d,-0.0033897104907352747,-0.9509140270740756,-0.0033897104907352747,0.1113047303253341,0.045819989964927324,180,semiconductors/semis_all,63,ols_rank_normal,ham
max_ret_21d,-0.020499201816139855,-0.19787322944456867,-0.000841553453801519,0.11755149859980824,0.052533450806215076,180,semiconductors/semis_all,63,ols_winsorized_raw,tema_arındırılmış
max_ret_21d,-0.020499201816139845,-0.1978732294445686,-0.0008415534538015187,0.11755149859980824,0.05253345080621506,180,semiconductors/semis_all,63,ols_winsorized_raw,ham
max_ret_21d,-0.006705051220603991,-1.8091428106541378,-0.006705051220603991,0.20028443369443982,0.14193526472617377,180,semiconductors/semis_all,63,wls_sqrt_mcap,tema_arındırılmış
max_ret_21d,-0.0067050512206039995,-1.80914281065414,-0.0067050512206039995,0.2002844336944398,0.1419352647261738,180,semiconductors/semis_all,63,wls_sqrt_mcap,ham
max_ret_21d,-0.012653502037699417,-2.1604760814997555,-0.012653502037699417,0.09683361330570132,0.029938929553186302,177,semiconductors/semis_all,126,ols_rank_normal,tema_arındırılmış
max_ret_21d,-0.012653502037699419,-2.160476081499756,-0.012653502037699419,0.09683361330570132,0.02993892955318629,177,semiconductors/semis_all,126,ols_rank_normal,ham
max_ret_21d,-0.1436760385867278,-0.7807195361555095,-0.005800077261714278,0.1070134013910822,0.04087895213230616,177,semiconductors/semis_all,126,ols_winsorized_raw,tema_arındırılmış
max_ret_21d,-0.1436760385867278,-0.7807195361555095,-0.005800077261714278,0.10701340139108222,0.04087895213230619,177,semiconductors/semis_all,126,ols_winsorized_raw,ham
max_ret_21d,-0.017515461682552087,-2.535815094537403,-0.017515461682552087,0.19560621621705138,0.13615231702737618,177,semiconductors/semis_all,126,wls_sqrt_mcap,tema_arındırılmış
max_ret_21d,-0.017515461682552087,-2.5358150945374027,-0.017515461682552087,0.19560621621705138,0.13615231702737618,177,semiconductors/semis_all,126,wls_sqrt_mcap,ham
mom_12_1,0.003887708154621652,2.3008326321982637,0.003887708154621652,0.1429602578684923,0.08036142870530003,182,semiconductors/semis_all,21,ols_rank_normal,tema_arındırılmış
mom_12_1,0.0038877081546216503,2.3008326321982624,0.0038877081546216503,0.14296025786849234,0.08036142870530003,182,semiconductors/semis_all,21,ols_rank_normal,ham
mom_12_1,0.011677934094706915,2.501110630634194,0.007081872092164727,0.15442699934548224,0.09274624620238052,182,semiconductors/semis_all,21,ols_winsorized_raw,tema_arındırılmış
mom_12_1,0.01167793409470692,2.501110630634195,0.00708187209216473,0.15442699934548224,0.09274624620238052,182,semiconductors/semis_all,21,ols_winsorized_raw,ham
mom_12_1,0.003337046502247389,1.6117131572782128,0.003337046502247389,0.20770631346907487,0.15029977438619607,182,semiconductors/semis_all,21,wls_sqrt_mcap,tema_arındırılmış
mom_12_1,0.003337046502247391,1.6117131572782142,0.003337046502247391,0.20770631346907484,0.1502997743861961,182,semiconductors/semis_all,21,wls_sqrt_mcap,ham
mom_12_1,0.0043067771836485455,0.9696960847331424,0.0043067771836485455,0.12690458471007587,0.06272947531506384,180,semiconductors/semis_all,63,ols_rank_normal,tema_arındırılmış
mom_12_1,0.004306777183648544,0.9696960847331421,0.004306777183648544,0.12690458471007587,0.06272947531506384,180,semiconductors/semis_all,63,ols_rank_normal,ham
mom_12_1,0.016324004549014146,1.305997510776971,0.009552203882014174,0.13899326228063952,0.07580013576517614,180,semiconductors/semis_all,63,ols_winsorized_raw,tema_arındırılmış
mom_12_1,0.016324004549014143,1.305997510776971,0.009552203882014172,0.1389932622806395,0.07580013576517611,180,semiconductors/semis_all,63,ols_winsorized_raw,ham
mom_12_1,0.006879888240209732,1.2606239030525945,0.006879888240209732,0.21060500041792984,0.1530425083577251,180,semiconductors/semis_all,63,wls_sqrt_mcap,tema_arındırılmış
mom_12_1,0.00687988824020973,1.2606239030525943,0.00687988824020973,0.21060500041792984,0.1530425083577251,180,semiconductors/semis_all,63,wls_sqrt_mcap,ham
mom_12_1,0.0016265026296813454,0.16140867156382266,0.0016265026296813454,0.11409126095732802,0.048676645750048986,177,semiconductors/semis_all,126,ols_rank_normal,tema_arındırılmış
mom_12_1,0.0016265026296813506,0.1614086715638232,0.0016265026296813506,0.11409126095732801,0.04867664575004897,177,semiconductors/semis_all,126,ols_rank_normal,ham
mom_12_1,0.023417970300278142,0.7519365520728222,0.012401224602803355,0.1324618841045283,0.06834697161949889,177,semiconductors/semis_all,126,ols_winsorized_raw,tema_arındırılmış
mom_12_1,0.023417970300278142,0.7519365520728222,0.012401224602803355,0.1324618841045283,0.06834697161949889,177,semiconductors/semis_all,126,ols_winsorized_raw,ham
mom_12_1,0.007093989368964733,0.6768407711645574,0.007093989368964733,0.2077754676046484,0.1494438382816208,177,semiconductors/semis_all,126,wls_sqrt_mcap,tema_arındırılmış
mom_12_1,0.007093989368964739,0.6768407711645582,0.007093989368964739,0.2077754676046484,0.1494438382816208,177,semiconductors/semis_all,126,wls_sqrt_mcap,ham
profitable_growth,-0.00019785562158550313,-0.13752581865391136,-0.00019785562158550313,0.12735478952448837,0.056636460618019274,182,semiconductors/semis_all,21,ols_rank_normal,tema_arındırılmış
profitable_growth,-0.00019785562158550346,-0.13752581865391159,-0.00019785562158550346,0.12735478952448837,0.05663646061801927,182,semiconductors/semis_all,21,ols_rank_normal,ham
profitable_growth,-0.00031840583054003715,-0.09308954409925788,-0.00012945373066401093,0.12641953963465544,0.055588840817045904,182,semiconductors/semis_all,21,ols_winsorized_raw,tema_arındırılmış
profitable_growth,-0.00031840583054004143,-0.09308954409925914,-0.00012945373066401266,0.12641953963465544,0.0555888408170459,182,semiconductors/semis_all,21,ols_winsorized_raw,ham
profitable_growth,-0.0011849629267623619,-0.618321708676457,-0.0011849629267623619,0.20672456489307356,0.14284650762162254,182,semiconductors/semis_all,21,wls_sqrt_mcap,tema_arındırılmış
profitable_growth,-0.001184962926762363,-0.6183217086764574,-0.001184962926762363,0.20672456489307356,0.14284650762162251,182,semiconductors/semis_all,21,wls_sqrt_mcap,ham
profitable_growth,-9.479927592713119e-05,-0.02403285213751278,-9.479927592713119e-05,0.11096104942551344,0.03845375448334018,180,semiconductors/semis_all,63,ols_rank_normal,tema_arındırılmış
profitable_growth,-9.479927592713242e-05,-0.0240328521375131,-9.479927592713242e-05,0.11096104942551342,0.03845375448334017,180,semiconductors/semis_all,63,ols_rank_normal,ham
profitable_growth,0.0003136811915982381,0.03150285952563073,0.00012744657749552555,0.11215362467735376,0.039771405274025805,180,semiconductors/semis_all,63,ols_winsorized_raw,tema_arındırılmış
profitable_growth,0.000313681191598223,0.031502859525629215,0.00012744657749551942,0.11215362467735379,0.03977140527402582,180,semiconductors/semis_all,63,ols_winsorized_raw,ham
profitable_growth,-0.0033853205962814225,-0.5826964131440577,-0.0033853205962814225,0.21190703146817896,0.14812705081019747,180,semiconductors/semis_all,63,wls_sqrt_mcap,tema_arındırılmış
profitable_growth,-0.0033853205962814355,-0.5826964131440596,-0.0033853205962814355,0.21190703146817896,0.14812705081019747,180,semiconductors/semis_all,63,wls_sqrt_mcap,ham
profitable_growth,-0.0017485067693262192,-0.21917196145554277,-0.0017485067693262192,0.10730060574206873,0.034180531012939115,177,semiconductors/semis_all,126,ols_rank_normal,tema_arındırılmış
profitable_growth,-0.0017485067693262235,-0.21917196145554327,-0.0017485067693262235,0.10730060574206873,0.034180531012939094,177,semiconductors/semis_all,126,ols_rank_normal,ham
profitable_growth,-0.002032268164504084,-0.10249705070816592,-0.0008248483983786098,0.10682538530485661,0.033683716751402436,177,semiconductors/semis_all,126,ols_winsorized_raw,tema_arındırılmış
profitable_growth,-0.002032268164504084,-0.10249705070816591,-0.0008248483983786098,0.10682538530485661,0.033683716751402415,177,semiconductors/semis_all,126,ols_winsorized_raw,ham
profitable_growth,-0.008109921409646116,-0.6024389625574339,-0.008109921409646116,0.21500442518669402,0.1506530431537045,177,semiconductors/semis_all,126,wls_sqrt_mcap,tema_arındırılmış
profitable_growth,-0.008109921409646132,-0.6024389625574349,-0.008109921409646132,0.21500442518669402,0.1506530431537045,177,semiconductors/semis_all,126,wls_sqrt_mcap,ham
share_issuance,-0.0026186138815609203,-1.6703464586199077,-0.0026186138815609203,0.12796675945424035,0.06139863060265476,181,semiconductors/semis_all,21,ols_rank_normal,tema_arındırılmış
share_issuance,-0.0026186138815609203,-1.6703464586199077,-0.0026186138815609203,0.12796675945424033,0.06139863060265474,181,semiconductors/semis_all,21,ols_rank_normal,ham
share_issuance,-0.025888886065989793,-1.032159990823788,-0.003610753349460021,0.13000929958739157,0.06352920400102174,181,semiconductors/semis_all,21,ols_winsorized_raw,tema_arındırılmış
share_issuance,-0.025888886065989783,-1.0321599908237875,-0.0036107533494600195,0.1300092995873916,0.06352920400102177,181,semiconductors/semis_all,21,ols_winsorized_raw,ham
share_issuance,-0.003970089092998767,-1.994604456641851,-0.003970089092998767,0.1981697568202165,0.13767256814247913,181,semiconductors/semis_all,21,wls_sqrt_mcap,tema_arındırılmış
share_issuance,-0.003970089092998764,-1.9946044566418497,-0.003970089092998764,0.19816975682021648,0.13767256814247913,181,semiconductors/semis_all,21,wls_sqrt_mcap,ham
share_issuance,-0.012003845266798277,-2.7505192141705295,-0.012003845266798277,0.114237784202845,0.04614123615543706,179,semiconductors/semis_all,63,ols_rank_normal,tema_arındırılmış
share_issuance,-0.012003845266798279,-2.75051921417053,-0.012003845266798279,0.11423778420284503,0.04614123615543706,179,semiconductors/semis_all,63,ols_rank_normal,ham
share_issuance,-0.08500172961751641,-1.3818789854310143,-0.011837166432387521,0.11370844201276346,0.04554489364069726,179,semiconductors/semis_all,63,ols_winsorized_raw,tema_arındırılmış
share_issuance,-0.08500172961751637,-1.3818789854310136,-0.011837166432387516,0.11370844201276345,0.045544893640697234,179,semiconductors/semis_all,63,ols_winsorized_raw,ham
share_issuance,-0.013342453848862547,-2.429771617782436,-0.013342453848862547,0.20203057714547462,0.1413096068551099,179,semiconductors/semis_all,63,wls_sqrt_mcap,tema_arındırılmış
share_issuance,-0.013342453848862542,-2.429771617782436,-0.013342453848862542,0.20203057714547462,0.14130960685510993,179,semiconductors/semis_all,63,wls_sqrt_mcap,ham
share_issuance,-0.02450399850730991,-2.7053403373656657,-0.02450399850730991,0.09959285899963886,0.02985544390094401,176,semiconductors/semis_all,126,ols_rank_normal,tema_arındırılmış
share_issuance,-0.02450399850730991,-2.7053403373656657,-0.02450399850730991,0.09959285899963884,0.029855443900944002,176,semiconductors/semis_all,126,ols_rank_normal,ham
share_issuance,-0.24671931339781297,-1.486270084043428,-0.034291772707528693,0.10214647910138575,0.03258318194850804,176,semiconductors/semis_all,126,ols_winsorized_raw,tema_arındırılmış
share_issuance,-0.24671931339781297,-1.486270084043428,-0.034291772707528693,0.10214647910138575,0.03258318194850804,176,semiconductors/semis_all,126,ols_winsorized_raw,ham
share_issuance,-0.02472806627756712,-2.2535929863556508,-0.02472806627756712,0.19374092448184352,0.13133776853233117,176,semiconductors/semis_all,126,wls_sqrt_mcap,tema_arındırılmış
share_issuance,-0.024728066277567108,-2.2535929863556503,-0.024728066277567108,0.19374092448184352,0.1313377685323312,176,semiconductors/semis_all,126,wls_sqrt_mcap,ham
sue,0.001458556048223544,0.9994510211606371,0.001458556048223544,0.12757277033307235,0.05638460662957507,178,semiconductors/semis_all,21,ols_rank_normal,tema_arındırılmış
sue,0.0014585560482235447,0.9994510211606378,0.0014585560482235447,0.12757277033307235,0.05638460662957508,178,semiconductors/semis_all,21,ols_rank_normal,ham
sue,0.001352941146189824,1.0114720894903728,0.001545697946427746,0.12735948021607843,0.056131393172700515,178,semiconductors/semis_all,21,ols_winsorized_raw,tema_arındırılmış
sue,0.0013529411461898257,1.011472089490374,0.001545697946427748,0.12735948021607843,0.056131393172700515,178,semiconductors/semis_all,21,ols_winsorized_raw,ham
sue,0.000509083463899304,0.27915771448961824,0.000509083463899304,0.2061206801139882,0.14231374831127627,178,semiconductors/semis_all,21,wls_sqrt_mcap,tema_arındırılmış
sue,0.0005090834638993087,0.2791577144896208,0.0005090834638993087,0.20612068011398815,0.14231374831127627,178,semiconductors/semis_all,21,wls_sqrt_mcap,ham
sue,0.002016492890421527,0.522614354488801,0.002016492890421527,0.1196831137734224,0.0474773547704258,176,semiconductors/semis_all,63,ols_rank_normal,tema_arındırılmış
sue,0.002016492890421528,0.5226143544888013,0.002016492890421528,0.1196831137734224,0.04747735477042578,176,semiconductors/semis_all,63,ols_rank_normal,ham
sue,0.0031250339965585637,0.8379438827871176,0.0035714589199322046,0.12401447353017163,0.052314377713009445,176,semiconductors/semis_all,63,ols_winsorized_raw,tema_arındırılmış
sue,0.0031250339965585637,0.8379438827871172,0.0035714589199322046,0.12401447353017163,0.05231437771300944,176,semiconductors/semis_all,63,ols_winsorized_raw,ham
sue,0.0016562440601803113,0.3508972539559621,0.0016562440601803113,0.21054305118558805,0.1469853017652986,176,semiconductors/semis_all,63,wls_sqrt_mcap,tema_arındırılmış
sue,0.0016562440601803155,0.3508972539559629,0.0016562440601803155,0.21054305118558805,0.14698530176529856,176,semiconductors/semis_all,63,wls_sqrt_mcap,ham
sue,0.005789679760705297,0.8243546496405587,0.005789679760705297,0.11002482332757196,0.03674341789975337,173,semiconductors/semis_all,126,ols_rank_normal,tema_arındırılmış
sue,0.0057896797607053,0.824354649640559,0.0057896797607053,0.11002482332757196,0.03674341789975337,173,semiconductors/semis_all,126,ols_rank_normal,ham
sue,0.008186621187719146,1.1692227940532252,0.00936894017640087,0.11248028659087203,0.03945749789339434,173,semiconductors/semis_all,126,ols_winsorized_raw,tema_arındırılmış
sue,0.008186621187719139,1.1692227940532243,0.009368940176400862,0.11248028659087203,0.039457497893394325,173,semiconductors/semis_all,126,ols_winsorized_raw,ham
sue,0.005574720473008175,0.6388387856643705,0.005574720473008175,0.20724404307695593,0.14265663329457973,173,semiconductors/semis_all,126,wls_sqrt_mcap,tema_arındırılmış
sue,0.005574720473008175,0.6388387856643701,0.005574720473008175,0.20724404307695593,0.14265663329457973,173,semiconductors/semis_all,126,wls_sqrt_mcap,ham
sue_announce,0.0021529277146261597,1.203831234429734,0.0021529277146261597,0.17538991167041568,0.05704282722737226,181,semiconductors/semis_all,21,ols_rank_normal,tema_arındırılmış
sue_announce,0.00215292771462616,1.2038312344297342,0.00215292771462616,0.17538991167041565,0.057042827227372264,181,semiconductors/semis_all,21,ols_rank_normal,ham
sue_announce,0.0015660218965449736,1.173639166495713,0.002047932211076321,0.17972775421364037,0.06229467144059597,181,semiconductors/semis_all,21,ols_winsorized_raw,tema_arındırılmış
sue_announce,0.0015660218965449725,1.1736391664957126,0.0020479322110763198,0.17972775421364032,0.06229467144059597,181,semiconductors/semis_all,21,ols_winsorized_raw,ham
sue_announce,0.0020275555596045913,1.0452430115967652,0.0020275555596045913,0.2383344503587767,0.1293074769339947,181,semiconductors/semis_all,21,wls_sqrt_mcap,tema_arındırılmış
sue_announce,0.002027555559604602,1.0452430115967704,0.002027555559604602,0.2383344503587767,0.12930747693399475,181,semiconductors/semis_all,21,wls_sqrt_mcap,ham
sue_announce,0.006419279105820912,1.368334753099756,0.006419279105820912,0.1707721602536118,0.05063431964414396,179,semiconductors/semis_all,63,ols_rank_normal,tema_arındırılmış
sue_announce,0.006419279105820913,1.3683347530997558,0.006419279105820913,0.17077216025361186,0.05063431964414397,179,semiconductors/semis_all,63,ols_rank_normal,ham
sue_announce,0.004908454734354238,1.335635332196553,0.0064066888192752915,0.17809687271365865,0.059090991837315775,179,semiconductors/semis_all,63,ols_winsorized_raw,tema_arındırılmış
sue_announce,0.004908454734354239,1.335635332196554,0.006406688819275293,0.17809687271365862,0.05909099183731577,179,semiconductors/semis_all,63,ols_winsorized_raw,ham
sue_announce,0.005368102488293927,0.9868962503735645,0.005368102488293927,0.23881439607817767,0.1292007233711399,179,semiconductors/semis_all,63,wls_sqrt_mcap,tema_arındırılmış
sue_announce,0.005368102488293956,0.9868962503735702,0.005368102488293956,0.23881439607817767,0.1292007233711399,179,semiconductors/semis_all,63,wls_sqrt_mcap,ham
sue_announce,0.00908424248585636,1.0246971587056175,0.00908424248585636,0.16697640965790084,0.045561575255228214,176,semiconductors/semis_all,126,ols_rank_normal,tema_arındırılmış
sue_announce,0.009084242485856358,1.0246971587056175,0.009084242485856358,0.16697640965790086,0.045561575255228234,176,semiconductors/semis_all,126,ols_rank_normal,ham
sue_announce,0.008135202536959376,1.1415274111933436,0.010593476541439738,0.17302389560276696,0.05268060183373176,176,semiconductors/semis_all,126,ols_winsorized_raw,tema_arındırılmış
sue_announce,0.008135202536959372,1.1415274111933431,0.010593476541439733,0.17302389560276699,0.05268060183373177,176,semiconductors/semis_all,126,ols_winsorized_raw,ham
sue_announce,0.005255892278527416,0.5350685573166843,0.005255892278527416,0.240792276447383,0.1305885738696693,176,semiconductors/semis_all,126,wls_sqrt_mcap,tema_arındırılmış
sue_announce,0.005255892278527443,0.5350685573166872,0.005255892278527443,0.24079227644738302,0.1305885738696693,176,semiconductors/semis_all,126,wls_sqrt_mcap,ham
asset_growth,-0.0009429109269947889,-0.18401545926565024,-0.0009429109269947889,0.7941448785241225,0.21843456713081522,66,semiconductors/semis_all,21,ols_rank_normal_all,tema_arındırılmış
capex_at,-0.0036540305251069522,-0.6233267400654103,-0.0036540305251069522,0.7941448785241225,0.21843456713081522,66,semiconductors/semis_all,21,ols_rank_normal_all,tema_arındırılmış
cash_runway_years,0.003496667504941558,0.29725339184720956,0.003496667504941558,0.7941448785241225,0.21843456713081522,66,semiconductors/semis_all,21,ols_rank_normal_all,tema_arındırılmış
cop_at,-0.008836788996378462,-0.7542628988523572,-0.008836788996378462,0.7941448785241225,0.21843456713081522,66,semiconductors/semis_all,21,ols_rank_normal_all,tema_arındırılmış
dist_52w_high,0.006528331944014784,0.9005920459154242,0.006528331944014784,0.7941448785241225,0.21843456713081522,66,semiconductors/semis_all,21,ols_rank_normal_all,tema_arındırılmış
droe,0.013231926092776118,1.3493152537000568,0.013231926092776118,0.7941448785241225,0.21843456713081522,66,semiconductors/semis_all,21,ols_rank_normal_all,tema_arındırılmış
ear_3d,0.0006649373667048706,0.129809969117694,0.0006649373667048706,0.7941448785241225,0.21843456713081522,66,semiconductors/semis_all,21,ols_rank_normal_all,tema_arındırılmış
ebit_ev,-0.009501365288508326,-0.8384981825654338,-0.009501365288508326,0.7941448785241225,0.21843456713081522,66,semiconductors/semis_all,21,ols_rank_normal_all,tema_arındırılmış
gross_profitability,0.00699391597013352,0.7455506631794117,0.00699391597013352,0.7941448785241225,0.21843456713081522,66,semiconductors/semis_all,21,ols_rank_normal_all,tema_arındırılmış
idio_vol_60d,0.012192854932189044,1.4862001713504793,0.012192854932189044,0.7941448785241225,0.21843456713081522,66,semiconductors/semis_all,21,ols_rank_normal_all,tema_arındırılmış
max_ret_21d,-0.006164210398906396,-0.939602351468563,-0.006164210398906396,0.7941448785241225,0.21843456713081522,66,semiconductors/semis_all,21,ols_rank_normal_all,tema_arındırılmış
mom_12_1,-0.0005913655747086061,-0.08274123090093961,-0.0005913655747086061,0.7941448785241225,0.21843456713081522,66,semiconductors/semis_all,21,ols_rank_normal_all,tema_arındırılmış
net_debt_ebitda,-0.005681191063291063,-0.990367361224777,-0.005681191063291063,0.7941448785241225,0.21843456713081522,66,semiconductors/semis_all,21,ols_rank_normal_all,tema_arındırılmış
ocf_ev,0.010964946287944883,0.7823851834463815,0.010964946287944883,0.7941448785241225,0.21843456713081522,66,semiconductors/semis_all,21,ols_rank_normal_all,tema_arındırılmış
profitable_growth,0.011040005539056656,1.1471212400772468,0.011040005539056656,0.7941448785241225,0.21843456713081522,66,semiconductors/semis_all,21,ols_rank_normal_all,tema_arındırılmış
share_issuance,-0.005591583848087345,-0.9025783785470521,-0.005591583848087345,0.7941448785241225,0.21843456713081522,66,semiconductors/semis_all,21,ols_rank_normal_all,tema_arındırılmış
sue,-0.0024444939407955854,-0.28212229144576134,-0.0024444939407955854,0.7941448785241225,0.21843456713081522,66,semiconductors/semis_all,21,ols_rank_normal_all,tema_arındırılmış
sue_announce,-0.004665234571998545,-0.5484260975027772,-0.004665234571998545,0.7941448785241225,0.21843456713081522,66,semiconductors/semis_all,21,ols_rank_normal_all,tema_arındırılmış
asset_growth,-0.013552097248122749,-1.0639709344024098,-0.013552097248122749,0.7513380339153393,0.05196110106519035,64,semiconductors/semis_all,63,ols_rank_normal_all,tema_arındırılmış
capex_at,0.00385158518564894,0.2819153811523949,0.00385158518564894,0.7513380339153393,0.05196110106519035,64,semiconductors/semis_all,63,ols_rank_normal_all,tema_arındırılmış
cash_runway_years,-0.0086267336938933,-0.3039456825102248,-0.0086267336938933,0.7513380339153393,0.05196110106519035,64,semiconductors/semis_all,63,ols_rank_normal_all,tema_arındırılmış
cop_at,0.0014477953734936544,0.040987988713232185,0.0014477953734936544,0.7513380339153393,0.05196110106519035,64,semiconductors/semis_all,63,ols_rank_normal_all,tema_arındırılmış
dist_52w_high,0.0016065362617332813,0.1005777784553058,0.0016065362617332813,0.7513380339153393,0.05196110106519035,64,semiconductors/semis_all,63,ols_rank_normal_all,tema_arındırılmış
droe,0.02765602354704313,1.1610728692203958,0.02765602354704313,0.7513380339153393,0.05196110106519035,64,semiconductors/semis_all,63,ols_rank_normal_all,tema_arındırılmış
ear_3d,-0.004970871539524987,-0.41407296249473086,-0.004970871539524987,0.7513380339153393,0.05196110106519035,64,semiconductors/semis_all,63,ols_rank_normal_all,tema_arındırılmış
ebit_ev,-0.005934540846083958,-0.19785825631997667,-0.005934540846083958,0.7513380339153393,0.05196110106519035,64,semiconductors/semis_all,63,ols_rank_normal_all,tema_arındırılmış
gross_profitability,0.0009573126023778578,0.03504979467420897,0.0009573126023778578,0.7513380339153393,0.05196110106519035,64,semiconductors/semis_all,63,ols_rank_normal_all,tema_arındırılmış
idio_vol_60d,0.02384624343065906,1.2436058603012556,0.02384624343065906,0.7513380339153393,0.05196110106519035,64,semiconductors/semis_all,63,ols_rank_normal_all,tema_arındırılmış
max_ret_21d,-0.004897320951313854,-0.35122657107407695,-0.004897320951313854,0.7513380339153393,0.05196110106519035,64,semiconductors/semis_all,63,ols_rank_normal_all,tema_arındırılmış
mom_12_1,0.0016983766036501539,0.10742365085341404,0.0016983766036501539,0.7513380339153393,0.05196110106519035,64,semiconductors/semis_all,63,ols_rank_normal_all,tema_arındırılmış
net_debt_ebitda,-0.018630091250386255,-1.1310472793869761,-0.018630091250386255,0.7513380339153393,0.05196110106519035,64,semiconductors/semis_all,63,ols_rank_normal_all,tema_arındırılmış
ocf_ev,0.0004599497634256832,0.01241797204673365,0.0004599497634256832,0.7513380339153393,0.05196110106519035,64,semiconductors/semis_all,63,ols_rank_normal_all,tema_arındırılmış
profitable_growth,-0.008331266672323543,-0.47674892133671853,-0.008331266672323543,0.7513380339153393,0.05196110106519035,64,semiconductors/semis_all,63,ols_rank_normal_all,tema_arındırılmış
share_issuance,-0.028859023371139138,-2.208696675092244,-0.028859023371139138,0.7513380339153393,0.05196110106519035,64,semiconductors/semis_all,63,ols_rank_normal_all,tema_arındırılmış
sue,0.007477850427057848,0.44936334222559327,0.007477850427057848,0.7513380339153393,0.05196110106519035,64,semiconductors/semis_all,63,ols_rank_normal_all,tema_arındırılmış
sue_announce,-0.01119853875090855,-0.5393857128670712,-0.01119853875090855,0.7513380339153393,0.05196110106519035,64,semiconductors/semis_all,63,ols_rank_normal_all,tema_arındırılmış
asset_growth,-0.021002486576555575,-1.0225342409081257,-0.021002486576555575,0.7452573554086412,0.020785601453897753,61,semiconductors/semis_all,126,ols_rank_normal_all,tema_arındırılmış
capex_at,-0.011112254342710591,-0.2616160705679212,-0.011112254342710591,0.7452573554086412,0.020785601453897753,61,semiconductors/semis_all,126,ols_rank_normal_all,tema_arındırılmış
cash_runway_years,-0.0015659441906833973,-0.024144841424736514,-0.0015659441906833973,0.7452573554086412,0.020785601453897753,61,semiconductors/semis_all,126,ols_rank_normal_all,tema_arındırılmış
cop_at,-0.017280869086298306,-0.2525752361129281,-0.017280869086298306,0.7452573554086412,0.020785601453897753,61,semiconductors/semis_all,126,ols_rank_normal_all,tema_arındırılmış
dist_52w_high,0.04745057084445639,1.229507493721875,0.04745057084445639,0.7452573554086412,0.020785601453897753,61,semiconductors/semis_all,126,ols_rank_normal_all,tema_arındırılmış
droe,0.025101452188102395,0.43844257117837165,0.025101452188102395,0.7452573554086412,0.020785601453897753,61,semiconductors/semis_all,126,ols_rank_normal_all,tema_arındırılmış
ear_3d,-0.04880766397465001,-1.1424780618342734,-0.04880766397465001,0.7452573554086412,0.020785601453897753,61,semiconductors/semis_all,126,ols_rank_normal_all,tema_arındırılmış
ebit_ev,-0.0063844489191881805,-0.12432473995624246,-0.0063844489191881805,0.7452573554086412,0.020785601453897753,61,semiconductors/semis_all,126,ols_rank_normal_all,tema_arındırılmış
gross_profitability,-0.003839693587279656,-0.06599139569623512,-0.003839693587279656,0.7452573554086412,0.020785601453897753,61,semiconductors/semis_all,126,ols_rank_normal_all,tema_arındırılmış
idio_vol_60d,0.05378456517500916,1.6782424014121406,0.05378456517500916,0.7452573554086412,0.020785601453897753,61,semiconductors/semis_all,126,ols_rank_normal_all,tema_arındırılmış
max_ret_21d,-0.031153661478707618,-0.9693048657773308,-0.031153661478707618,0.7452573554086412,0.020785601453897753,61,semiconductors/semis_all,126,ols_rank_normal_all,tema_arındırılmış
mom_12_1,0.03255961656721837,1.1750860177908098,0.03255961656721837,0.7452573554086412,0.020785601453897753,61,semiconductors/semis_all,126,ols_rank_normal_all,tema_arındırılmış
net_debt_ebitda,-0.029842354964357075,-1.1801865297326128,-0.029842354964357075,0.7452573554086412,0.020785601453897753,61,semiconductors/semis_all,126,ols_rank_normal_all,tema_arındırılmış
ocf_ev,-0.008389664117126945,-0.15445565545995393,-0.008389664117126945,0.7452573554086412,0.020785601453897753,61,semiconductors/semis_all,126,ols_rank_normal_all,tema_arındırılmış
profitable_growth,0.0016789635387918077,0.05174876510980451,0.0016789635387918077,0.7452573554086412,0.020785601453897753,61,semiconductors/semis_all,126,ols_rank_normal_all,tema_arındırılmış
share_issuance,-0.00029919116677075533,-0.006838438677848116,-0.00029919116677075533,0.7452573554086412,0.020785601453897753,61,semiconductors/semis_all,126,ols_rank_normal_all,tema_arındırılmış
sue,0.02583957259343022,0.9752245098683539,0.02583957259343022,0.7452573554086412,0.020785601453897753,61,semiconductors/semis_all,126,ols_rank_normal_all,tema_arındırılmış
sue_announce,-0.056964706322604294,-1.7378257717396326,-0.056964706322604294,0.7452573554086412,0.020785601453897753,61,semiconductors/semis_all,126,ols_rank_normal_all,tema_arındırılmış
asset_growth,-0.00024160197193314985,-0.18560361647838314,-0.00024160197193314985,0.11171355287252836,0.06763194712611566,181,cyber_cloud,21,ols_rank_normal,tema_arındırılmış
asset_growth,-0.0002416019719331492,-0.18560361647838267,-0.0002416019719331492,0.11171355287252836,0.06763194712611566,181,cyber_cloud,21,ols_rank_normal,ham
asset_growth,0.0012517749700220809,0.29508357508881417,0.0005048237728904059,0.11247976427803896,0.06844226979199249,181,cyber_cloud,21,ols_winsorized_raw,tema_arındırılmış
asset_growth,0.0012517749700220791,0.2950835750888137,0.0005048237728904052,0.11247976427803896,0.06844226979199249,181,cyber_cloud,21,ols_winsorized_raw,ham
asset_growth,-0.0009120443304062328,-0.6988190034652249,-0.0009120443304062328,0.14870729084719347,0.10697722592394872,181,cyber_cloud,21,wls_sqrt_mcap,tema_arındırılmış
asset_growth,-0.0009120443304062323,-0.6988190034652246,-0.0009120443304062323,0.14870729084719347,0.10697722592394872,181,cyber_cloud,21,wls_sqrt_mcap,ham
asset_growth,-0.0028596546386503107,-0.8847502544497271,-0.0028596546386503107,0.10864382766494221,0.06360596533989421,179,cyber_cloud,63,ols_rank_normal,tema_arındırılmış
asset_growth,-0.0028596546386503107,-0.884750254449727,-0.0028596546386503107,0.10864382766494221,0.06360596533989421,179,cyber_cloud,63,ols_rank_normal,ham
asset_growth,-0.010682702508141972,-1.1595588286166612,-0.004292285022644723,0.10796720056422576,0.06296490243008221,179,cyber_cloud,63,ols_winsorized_raw,tema_arındırılmış
asset_growth,-0.010682702508141972,-1.1595588286166612,-0.004292285022644723,0.10796720056422579,0.06296490243008221,179,cyber_cloud,63,ols_winsorized_raw,ham
asset_growth,-0.003946126378159169,-1.1776116248617634,-0.003946126378159169,0.15096395282508024,0.10837166382901772,179,cyber_cloud,63,wls_sqrt_mcap,tema_arındırılmış
asset_growth,-0.003946126378159167,-1.1776116248617623,-0.003946126378159167,0.15096395282508027,0.10837166382901772,179,cyber_cloud,63,wls_sqrt_mcap,ham
asset_growth,-0.0035305505011131747,-0.6212098003032634,-0.0035305505011131747,0.09874461891972422,0.05258864647787573,176,cyber_cloud,126,ols_rank_normal,tema_arındırılmış
asset_growth,-0.003530550501113176,-0.6212098003032637,-0.003530550501113176,0.09874461891972426,0.05258864647787575,176,cyber_cloud,126,ols_rank_normal,ham
asset_growth,-0.0176638673637136,-1.0230144024639105,-0.007064399526089123,0.10338866869770222,0.057404820460233257,176,cyber_cloud,126,ols_winsorized_raw,tema_arındırılmış
asset_growth,-0.017663867363713587,-1.0230144024639096,-0.007064399526089117,0.10338866869770222,0.05740482046023328,176,cyber_cloud,126,ols_winsorized_raw,ham
asset_growth,-0.004740821767086164,-0.7508417754544942,-0.004740821767086164,0.13777647426948794,0.09325345785073602,176,cyber_cloud,126,wls_sqrt_mcap,tema_arındırılmış
asset_growth,-0.004740821767086173,-0.7508417754544956,-0.004740821767086173,0.13777647426948797,0.09325345785073604,176,cyber_cloud,126,wls_sqrt_mcap,ham
capex_at,-0.002231171278660279,-2.1174317683255963,-0.002231171278660279,0.10415191931421953,0.0625158019732068,177,cyber_cloud,21,ols_rank_normal,tema_arındırılmış
capex_at,-0.002231171278660282,-2.117431768325599,-0.002231171278660282,0.10415191931421952,0.0625158019732068,177,cyber_cloud,21,ols_rank_normal,ham
capex_at,-0.10037283952710432,-2.0281727351768435,-0.0021564834477603963,0.10434497336260702,0.06269943199862225,177,cyber_cloud,21,ols_winsorized_raw,tema_arındırılmış
capex_at,-0.10037283952710432,-2.0281727351768435,-0.0021564834477603963,0.10434497336260702,0.06269943199862224,177,cyber_cloud,21,ols_winsorized_raw,ham
capex_at,-0.001533775096818703,-1.7052702151781232,-0.001533775096818703,0.13671476547391714,0.09659384361247061,177,cyber_cloud,21,wls_sqrt_mcap,tema_arındırılmış
capex_at,-0.0015337750968187054,-1.705270215178126,-0.0015337750968187054,0.13671476547391712,0.09659384361247061,177,cyber_cloud,21,wls_sqrt_mcap,ham
capex_at,-0.004677761792516213,-1.7870158903691684,-0.004677761792516213,0.09804402270228138,0.05628815906034123,175,cyber_cloud,63,ols_rank_normal,tema_arındırılmış
capex_at,-0.004677761792516214,-1.7870158903691684,-0.004677761792516214,0.09804402270228141,0.05628815906034125,175,cyber_cloud,63,ols_rank_normal,ham
capex_at,-0.23292514023088107,-1.9502527562180667,-0.004953420019069955,0.09691275138580384,0.055024241841450175,175,cyber_cloud,63,ols_winsorized_raw,tema_arındırılmış
capex_at,-0.23292514023088115,-1.9502527562180672,-0.004953420019069957,0.09691275138580384,0.055024241841450196,175,cyber_cloud,63,ols_winsorized_raw,ham
capex_at,-0.004266429993003667,-1.7190600704166583,-0.004266429993003667,0.13976365868115978,0.09987691428113718,175,cyber_cloud,63,wls_sqrt_mcap,tema_arındırılmış
capex_at,-0.004266429993003669,-1.7190600704166603,-0.004266429993003669,0.13976365868115978,0.09987691428113717,175,cyber_cloud,63,wls_sqrt_mcap,ham
capex_at,-0.009173823030958966,-1.7747067424367542,-0.009173823030958966,0.09227068445683861,0.04939282842884049,172,cyber_cloud,126,ols_rank_normal,tema_arındırılmış
capex_at,-0.009173823030958966,-1.7747067424367542,-0.009173823030958966,0.09227068445683859,0.049392828428840484,172,cyber_cloud,126,ols_rank_normal,ham
capex_at,-0.3815441598477875,-1.5099684554507131,-0.008037249077951586,0.09060186567181494,0.047391912049370585,172,cyber_cloud,126,ols_winsorized_raw,tema_arındırılmış
capex_at,-0.3815441598477875,-1.5099684554507127,-0.008037249077951586,0.09060186567181493,0.047391912049370585,172,cyber_cloud,126,ols_winsorized_raw,ham
capex_at,-0.009159842046059017,-1.9176978499721078,-0.009159842046059017,0.1281550125342167,0.08631017096058358,172,cyber_cloud,126,wls_sqrt_mcap,tema_arındırılmış
capex_at,-0.009159842046059016,-1.917697849972108,-0.009159842046059016,0.12815501253421668,0.08631017096058358,172,cyber_cloud,126,wls_sqrt_mcap,ham
cash_runway_years,0.004333593182031019,0.6072536080097849,0.004333593182031019,0.19657455364837817,0.054005780588112534,48,cyber_cloud,21,ols_rank_normal,tema_arındırılmış
cash_runway_years,0.004333593182031016,0.6072536080097847,0.004333593182031016,0.19657455364837817,0.054005780588112506,48,cyber_cloud,21,ols_rank_normal,ham
cash_runway_years,0.001424571281546376,0.7538877640408468,0.004512442036789697,0.19525486232020087,0.052303398374786064,48,cyber_cloud,21,ols_winsorized_raw,tema_arındırılmış
cash_runway_years,0.0014245712815463749,0.7538877640408462,0.004512442036789694,0.19525486232020084,0.05230339837478607,48,cyber_cloud,21,ols_winsorized_raw,ham
cash_runway_years,0.009175107249358603,1.3819834682633576,0.009175107249358603,0.20290024795386144,0.06293969740307676,48,cyber_cloud,21,wls_sqrt_mcap,tema_arındırılmış
cash_runway_years,0.009175107249358603,1.3819834682633576,0.009175107249358603,0.20290024795386144,0.06293969740307676,48,cyber_cloud,21,wls_sqrt_mcap,ham
cash_runway_years,0.01347107422225049,0.895397384097858,0.01347107422225049,0.25292268846055027,0.12141161678269297,48,cyber_cloud,63,ols_rank_normal,tema_arındırılmış
cash_runway_years,0.013471074222250495,0.8953973840978583,0.013471074222250495,0.25292268846055027,0.1214116167826929,48,cyber_cloud,63,ols_rank_normal,ham
cash_runway_years,0.004915863904017172,1.1836407190244385,0.015571387135886232,0.2557126723988415,0.12543982590098476,48,cyber_cloud,63,ols_winsorized_raw,tema_arındırılmış
cash_runway_years,0.004915863904017187,1.1836407190244422,0.015571387135886279,0.2557126723988415,0.1254398259009848,48,cyber_cloud,63,ols_winsorized_raw,ham
cash_runway_years,0.023735831245161404,1.5923372728273253,0.023735831245161404,0.25823559781019484,0.1286399026216901,48,cyber_cloud,63,wls_sqrt_mcap,tema_arındırılmış
cash_runway_years,0.023735831245161394,1.592337272827324,0.023735831245161394,0.25823559781019484,0.1286399026216901,48,cyber_cloud,63,wls_sqrt_mcap,ham
cash_runway_years,0.02480512673289337,1.197224886087243,0.02480512673289337,0.2192505722547157,0.07919728954252035,48,cyber_cloud,126,ols_rank_normal,tema_arındırılmış
cash_runway_years,0.024805126732893357,1.1972248860872423,0.024805126732893357,0.21925057225471567,0.07919728954252035,48,cyber_cloud,126,ols_rank_normal,ham
cash_runway_years,0.009197463257294525,1.2649310297731675,0.029133691217608202,0.2397841190885622,0.10390033531011728,48,cyber_cloud,126,ols_winsorized_raw,tema_arındırılmış
cash_runway_years,0.009197463257294538,1.2649310297731695,0.02913369121760824,0.2397841190885622,0.10390033531011733,48,cyber_cloud,126,ols_winsorized_raw,ham
cash_runway_years,0.04745114133378108,3.1337022015697715,0.04745114133378108,0.22887018060252842,0.09089036546342162,48,cyber_cloud,126,wls_sqrt_mcap,tema_arındırılmış
cash_runway_years,0.04745114133378108,3.1337022015697715,0.04745114133378108,0.22887018060252848,0.0908903654634216,48,cyber_cloud,126,wls_sqrt_mcap,ham
cop_at,0.0014289244128353486,1.248288812924548,0.0014289244128353486,0.10936532834587338,0.06330024355489312,181,cyber_cloud,21,ols_rank_normal,tema_arındırılmış
cop_at,0.0014289244128353482,1.2482888129245477,0.0014289244128353482,0.10936532834587338,0.06330024355489311,181,cyber_cloud,21,ols_rank_normal,ham
cop_at,0.015554318090141616,0.97908469879821,0.0010871304744907708,0.10667147879957473,0.06080038558607311,181,cyber_cloud,21,ols_winsorized_raw,tema_arındırılmış
cop_at,0.015554318090141628,0.9790846987982108,0.0010871304744907717,0.10667147879957474,0.06080038558607313,181,cyber_cloud,21,ols_winsorized_raw,ham
cop_at,0.0012131919326376624,1.1532653312899874,0.0012131919326376624,0.14746836518273973,0.10384688295250616,181,cyber_cloud,21,wls_sqrt_mcap,tema_arındırılmış
cop_at,0.0012131919326376665,1.1532653312899914,0.0012131919326376665,0.14746836518273976,0.10384688295250617,181,cyber_cloud,21,wls_sqrt_mcap,ham
cop_at,0.004137219498371801,1.2973173488600687,0.004137219498371801,0.11555121593915502,0.06952345189316525,179,cyber_cloud,63,ols_rank_normal,tema_arındırılmış
cop_at,0.004137219498371803,1.2973173488600693,0.004137219498371803,0.11555121593915502,0.06952345189316525,179,cyber_cloud,63,ols_rank_normal,ham
cop_at,0.05987401936729403,1.3400245977760012,0.00416374142178804,0.11111525241133298,0.06506360988047241,179,cyber_cloud,63,ols_winsorized_raw,tema_arındırılmış
cop_at,0.05987401936729405,1.3400245977760015,0.0041637414217880414,0.11111525241133302,0.06506360988047244,179,cyber_cloud,63,ols_winsorized_raw,ham
cop_at,0.0038116387043416688,1.3610775009211158,0.0038116387043416688,0.14984510729542744,0.10544621744502765,179,cyber_cloud,63,wls_sqrt_mcap,tema_arındırılmış
cop_at,0.003811638704341678,1.3610775009211193,0.003811638704341678,0.14984510729542744,0.10544621744502763,179,cyber_cloud,63,wls_sqrt_mcap,ham
cop_at,0.008847300824779783,1.319472667939477,0.008847300824779783,0.11491042350025236,0.06802174973670291,176,cyber_cloud,126,ols_rank_normal,tema_arındırılmış
cop_at,0.00884730082477978,1.3194726679394762,0.00884730082477978,0.11491042350025239,0.06802174973670293,176,cyber_cloud,126,ols_rank_normal,ham
cop_at,0.13756493613368856,1.4448046543099555,0.009512848996983887,0.11210529241702115,0.06527487789245924,176,cyber_cloud,126,ols_winsorized_raw,tema_arındırılmış
cop_at,0.13756493613368856,1.4448046543099555,0.009512848996983887,0.11210529241702115,0.06527487789245924,176,cyber_cloud,126,ols_winsorized_raw,ham
cop_at,0.009385809855958244,1.7290194643385621,0.009385809855958244,0.1440489501584714,0.09825004990595033,176,cyber_cloud,126,wls_sqrt_mcap,tema_arındırılmış
cop_at,0.009385809855958252,1.7290194643385637,0.009385809855958252,0.14404895015847144,0.09825004990595035,176,cyber_cloud,126,wls_sqrt_mcap,ham
dist_52w_high,0.0002943804012296643,0.18236474026575705,0.0002943804012296643,0.12115593024388967,0.081788799736125,181,cyber_cloud,21,ols_rank_normal,tema_arındırılmış
dist_52w_high,0.0002943804012296636,0.18236474026575658,0.0002943804012296636,0.12115593024388967,0.08178879973612499,181,cyber_cloud,21,ols_rank_normal,ham
dist_52w_high,0.007216001611574571,0.6690923125637976,0.0010423375980042472,0.1224820721568267,0.08278118523010863,181,cyber_cloud,21,ols_winsorized_raw,tema_arındırılmış
dist_52w_high,0.007216001611574555,0.6690923125637962,0.001042337598004245,0.12248207215682669,0.08278118523010862,181,cyber_cloud,21,ols_winsorized_raw,ham
dist_52w_high,-0.0004700308521780093,-0.30566433889682876,-0.0004700308521780093,0.15821022361776887,0.12055320163923856,181,cyber_cloud,21,wls_sqrt_mcap,tema_arındırılmış
dist_52w_high,-0.0004700308521780096,-0.305664338896829,-0.0004700308521780096,0.15821022361776887,0.1205532016392386,181,cyber_cloud,21,wls_sqrt_mcap,ham
dist_52w_high,0.002161667383906192,0.5307435038481124,0.002161667383906192,0.11199172620071998,0.07154223129132763,179,cyber_cloud,63,ols_rank_normal,tema_arındırılmış
dist_52w_high,0.002161667383906193,0.5307435038481125,0.002161667383906193,0.11199172620071998,0.07154223129132763,179,cyber_cloud,63,ols_rank_normal,ham
dist_52w_high,0.03306592481347631,1.2260509677799136,0.004762192751549294,0.11105740281849853,0.07017921310745442,179,cyber_cloud,63,ols_winsorized_raw,tema_arındırılmış
dist_52w_high,0.03306592481347629,1.226050967779913,0.004762192751549291,0.11105740281849853,0.07017921310745442,179,cyber_cloud,63,ols_winsorized_raw,ham
dist_52w_high,0.0008101190766062256,0.2219837890254142,0.0008101190766062256,0.15075048204965882,0.11204438265865199,179,cyber_cloud,63,wls_sqrt_mcap,tema_arındırılmış
dist_52w_high,0.0008101190766062209,0.22198378902541294,0.0008101190766062209,0.15075048204965885,0.11204438265865199,179,cyber_cloud,63,wls_sqrt_mcap,ham
dist_52w_high,0.006657832877374031,0.9640472325700287,0.006657832877374031,0.10189263955531667,0.060057008133470834,176,cyber_cloud,126,ols_rank_normal,tema_arındırılmış
dist_52w_high,0.006657832877374032,0.9640472325700288,0.006657832877374032,0.10189263955531672,0.060057008133470854,176,cyber_cloud,126,ols_rank_normal,ham
dist_52w_high,0.08181994684755099,1.7777925335549292,0.011712708771689286,0.10633431280379471,0.0646129391246084,176,cyber_cloud,126,ols_winsorized_raw,tema_arındırılmış
dist_52w_high,0.08181994684755095,1.7777925335549283,0.01171270877168928,0.10633431280379471,0.06461293912460842,176,cyber_cloud,126,ols_winsorized_raw,ham
dist_52w_high,0.004396321008806651,0.6892654812237043,0.004396321008806651,0.13708027292700412,0.09662031358374006,176,cyber_cloud,126,wls_sqrt_mcap,tema_arındırılmış
dist_52w_high,0.004396321008806651,0.6892654812237047,0.004396321008806651,0.13708027292700412,0.09662031358374006,176,cyber_cloud,126,wls_sqrt_mcap,ham
droe,-0.0012374470293467922,-1.3591328811306922,-0.0012374470293467922,0.10554568106069244,0.05610629055606106,181,cyber_cloud,21,ols_rank_normal,tema_arındırılmış
droe,-0.0012374470293467941,-1.359132881130695,-0.0012374470293467941,0.10554568106069244,0.05610629055606106,181,cyber_cloud,21,ols_rank_normal,ham
droe,-0.01678809142000562,-0.9117084779741803,-0.001908396352261804,0.10501172936143162,0.05580466019082299,181,cyber_cloud,21,ols_winsorized_raw,tema_arındırılmış
droe,-0.01678809142000562,-0.9117084779741801,-0.001908396352261804,0.10501172936143162,0.055804660190822974,181,cyber_cloud,21,ols_winsorized_raw,ham
droe,-0.0004472738349955196,-0.48397193749997275,-0.0004472738349955196,0.15074300556635215,0.1047430731786443,181,cyber_cloud,21,wls_sqrt_mcap,tema_arındırılmış
droe,-0.0004472738349955152,-0.4839719374999678,-0.0004472738349955152,0.15074300556635215,0.10474307317864429,181,cyber_cloud,21,wls_sqrt_mcap,ham
droe,-0.0010435082288215308,-0.42635654755226965,-0.0010435082288215308,0.10479623539297177,0.05530272621043723,179,cyber_cloud,63,ols_rank_normal,tema_arındırılmış
droe,-0.0010435082288215332,-0.4263565475522708,-0.0010435082288215332,0.10479623539297178,0.055302726210437206,179,cyber_cloud,63,ols_rank_normal,ham
droe,0.017603709309571534,0.39065441793530403,0.0020103104583591123,0.1048176660898074,0.055497605434968664,179,cyber_cloud,63,ols_winsorized_raw,tema_arındırılmış
droe,0.017603709309571548,0.39065441793530425,0.002010310458359114,0.10481766608980742,0.05549760543496867,179,cyber_cloud,63,ols_winsorized_raw,ham
droe,-0.00024434908239517276,-0.09410103172079579,-0.00024434908239517276,0.14900421394813534,0.1020740523832129,179,cyber_cloud,63,wls_sqrt_mcap,tema_arındırılmış
droe,-0.00024434908239516446,-0.09410103172079257,-0.00024434908239516446,0.14900421394813537,0.10207405238321293,179,cyber_cloud,63,wls_sqrt_mcap,ham
droe,0.0001662569935429547,0.03923673519418464,0.0001662569935429547,0.10133498317501165,0.05133844898718416,176,cyber_cloud,126,ols_rank_normal,tema_arındırılmış
droe,0.00016625699354295439,0.03923673519418457,0.00016625699354295439,0.10133498317501166,0.05133844898718418,176,cyber_cloud,126,ols_rank_normal,ham
droe,0.0381833464451838,0.5416688778850045,0.004370686372018363,0.09844554721059225,0.04808607739923473,176,cyber_cloud,126,ols_winsorized_raw,tema_arındırılmış
droe,0.038183346445183806,0.5416688778850045,0.0043706863720183635,0.09844554721059227,0.04808607739923477,176,cyber_cloud,126,ols_winsorized_raw,ham
droe,-0.00016554393315155493,-0.038941201843450644,-0.00016554393315155493,0.14131237745415912,0.0929521691795021,176,cyber_cloud,126,wls_sqrt_mcap,tema_arındırılmış
droe,-0.00016554393315154484,-0.038941201843448264,-0.00016554393315154484,0.14131237745415914,0.09295216917950211,176,cyber_cloud,126,wls_sqrt_mcap,ham
ear_3d,-0.00040281965619522886,-0.38341252450704144,-0.00040281965619522886,0.11187723352122138,0.06817081011455467,181,cyber_cloud,21,ols_rank_normal,tema_arındırılmış
ear_3d,-0.00040281965619523097,-0.3834125245070434,-0.00040281965619523097,0.11187723352122139,0.0681708101145547,181,cyber_cloud,21,ols_rank_normal,ham
ear_3d,-0.004415542011740992,-0.3995271662231053,-0.000454521861752267,0.11433517210852183,0.07089829035729868,181,cyber_cloud,21,ols_winsorized_raw,tema_arındırılmış
ear_3d,-0.004415542011740996,-0.3995271662231057,-0.00045452186175226747,0.11433517210852183,0.07089829035729867,181,cyber_cloud,21,ols_winsorized_raw,ham
ear_3d,-0.0010892498459369362,-1.0098505663058337,-0.0010892498459369362,0.15063302117526164,0.10907296447209508,181,cyber_cloud,21,wls_sqrt_mcap,tema_arındırılmış
ear_3d,-0.001089249845936929,-1.0098505663058268,-0.001089249845936929,0.15063302117526167,0.1090729644720951,181,cyber_cloud,21,wls_sqrt_mcap,ham
ear_3d,-0.0003112716433856855,-0.12872904353749864,-0.0003112716433856855,0.11388755520372744,0.0703605273629574,179,cyber_cloud,63,ols_rank_normal,tema_arındırılmış
ear_3d,-0.0003112716433856921,-0.12872904353750134,-0.0003112716433856921,0.11388755520372747,0.07036052736295742,179,cyber_cloud,63,ols_rank_normal,ham
ear_3d,-0.010860144446581293,-0.44150315530875145,-0.0011125400805284671,0.1160522135336231,0.07271691701454967,179,cyber_cloud,63,ols_winsorized_raw,tema_arındırılmış
ear_3d,-0.01086014444658131,-0.4415031553087523,-0.0011125400805284688,0.11605221353362313,0.0727169170145497,179,cyber_cloud,63,ols_winsorized_raw,ham
ear_3d,-0.002232591993091357,-0.903604867222291,-0.002232591993091357,0.14909292715065975,0.10707521230581908,179,cyber_cloud,63,wls_sqrt_mcap,tema_arındırılmış
ear_3d,-0.0022325919930913487,-0.9036048672222877,-0.0022325919930913487,0.14909292715065978,0.10707521230581908,179,cyber_cloud,63,wls_sqrt_mcap,ham
ear_3d,0.0014392862372918944,0.3700315128585171,0.0014392862372918944,0.1040569889176499,0.05915737347508807,176,cyber_cloud,126,ols_rank_normal,tema_arındırılmış
ear_3d,0.0014392862372918952,0.3700315128585174,0.0014392862372918952,0.10405698891764988,0.05915737347508807,176,cyber_cloud,126,ols_rank_normal,ham
ear_3d,0.0030184804730079146,0.0780200250353272,0.00030533483682575126,0.10720196636482097,0.06258378411719362,176,cyber_cloud,126,ols_winsorized_raw,tema_arındırılmış
ear_3d,0.003018480473007902,0.07802002503532687,0.00030533483682575,0.10720196636482095,0.06258378411719362,176,cyber_cloud,126,ols_winsorized_raw,ham
ear_3d,-0.0009358281929209282,-0.23231328792304276,-0.0009358281929209282,0.14017848982996522,0.09692323322175302,176,cyber_cloud,126,wls_sqrt_mcap,tema_arındırılmış
ear_3d,-0.0009358281929209223,-0.23231328792304137,-0.0009358281929209223,0.14017848982996525,0.09692323322175306,176,cyber_cloud,126,wls_sqrt_mcap,ham
gross_profitability,0.001998494672762346,1.9484532593211359,0.001998494672762346,0.11064578701826917,0.06351086025414755,177,cyber_cloud,21,ols_rank_normal,tema_arındırılmış
gross_profitability,0.001998494672762345,1.948453259321135,0.001998494672762345,0.11064578701826916,0.06351086025414752,177,cyber_cloud,21,ols_rank_normal,ham
gross_profitability,0.009182714452130565,1.6905429730271002,0.0016916645859069849,0.10860299107621986,0.06137585223346685,177,cyber_cloud,21,ols_winsorized_raw,tema_arındırılmış
gross_profitability,0.00918271445213057,1.6905429730271013,0.0016916645859069857,0.10860299107621982,0.06137585223346685,177,cyber_cloud,21,ols_winsorized_raw,ham
gross_profitability,0.001047191609141674,1.076928575386184,0.001047191609141674,0.1509608974508103,0.10629034448289051,177,cyber_cloud,21,wls_sqrt_mcap,tema_arındırılmış
gross_profitability,0.0010471916091416762,1.0769285753861857,0.0010471916091416762,0.1509608974508103,0.10629034448289051,177,cyber_cloud,21,wls_sqrt_mcap,ham
gross_profitability,0.00523203135449997,1.8708251631526256,0.00523203135449997,0.11140140886046855,0.06392799770132715,175,cyber_cloud,63,ols_rank_normal,tema_arındırılmış
gross_profitability,0.005232031354499971,1.8708251631526258,0.005232031354499971,0.11140140886046856,0.06392799770132716,175,cyber_cloud,63,ols_rank_normal,ham
gross_profitability,0.027236441582195944,1.853321262329588,0.005005164733109498,0.10887626714937515,0.061347938702851934,175,cyber_cloud,63,ols_winsorized_raw,tema_arındırılmış
gross_profitability,0.027236441582195944,1.853321262329588,0.005005164733109498,0.10887626714937518,0.061347938702851955,175,cyber_cloud,63,ols_winsorized_raw,ham
gross_profitability,0.0019226589355844153,0.7141971121054046,0.0019226589355844153,0.14745499122584163,0.10167248511556476,175,cyber_cloud,63,wls_sqrt_mcap,tema_arındırılmış
gross_profitability,0.0019226589355844283,0.7141971121054091,0.0019226589355844283,0.14745499122584166,0.10167248511556477,175,cyber_cloud,63,wls_sqrt_mcap,ham
gross_profitability,0.010500939765599416,1.6858536130813917,0.010500939765599416,0.11901615869574557,0.07122897489758967,172,cyber_cloud,126,ols_rank_normal,tema_arındırılmış
gross_profitability,0.010500939765599416,1.6858536130813917,0.010500939765599416,0.11901615869574558,0.07122897489758967,172,cyber_cloud,126,ols_rank_normal,ham
gross_profitability,0.052095643903696816,1.529738775830363,0.009551613229502046,0.11556828316191309,0.06773777251652367,172,cyber_cloud,126,ols_winsorized_raw,tema_arındırılmış
gross_profitability,0.052095643903696816,1.529738775830363,0.009551613229502046,0.1155682831619131,0.06773777251652367,172,cyber_cloud,126,ols_winsorized_raw,ham
gross_profitability,0.004767527214457756,0.8011312165601002,0.004767527214457756,0.14696608833644467,0.1003386103417944,172,cyber_cloud,126,wls_sqrt_mcap,tema_arındırılmış
gross_profitability,0.004767527214457768,0.8011312165601024,0.004767527214457768,0.14696608833644464,0.10033861034179437,172,cyber_cloud,126,wls_sqrt_mcap,ham
idio_vol_60d,0.00011575313181003118,0.0742594518384055,0.00011575313181003118,0.1122299732454988,0.07208098899297706,181,cyber_cloud,21,ols_rank_normal,tema_arındırılmış
idio_vol_60d,0.00011575313181003164,0.07425945183840581,0.00011575313181003164,0.1122299732454988,0.07208098899297705,181,cyber_cloud,21,ols_rank_normal,ham
idio_vol_60d,0.005130354313209944,0.537016992176282,0.0008746780266039874,0.12078596411138703,0.08082264520038339,181,cyber_cloud,21,ols_winsorized_raw,tema_arındırılmış
idio_vol_60d,0.0051303543132099495,0.5370169921762824,0.0008746780266039883,0.120785964111387,0.08082264520038338,181,cyber_cloud,21,ols_winsorized_raw,ham
idio_vol_60d,-0.00041423806931379834,-0.26044332018595945,-0.00041423806931379834,0.1512690429402673,0.11296432790176562,181,cyber_cloud,21,wls_sqrt_mcap,tema_arındırılmış
idio_vol_60d,-0.00041423806931379834,-0.2604433201859594,-0.00041423806931379834,0.15126904294026733,0.11296432790176564,181,cyber_cloud,21,wls_sqrt_mcap,ham
idio_vol_60d,0.003902234896627533,0.9834501999494678,0.003902234896627533,0.10916359191878354,0.06862225357410431,179,cyber_cloud,63,ols_rank_normal,tema_arındırılmış
idio_vol_60d,0.003902234896627531,0.9834501999494673,0.003902234896627531,0.10916359191878354,0.0686222535741043,179,cyber_cloud,63,ols_rank_normal,ham
idio_vol_60d,0.04000659043810217,1.546940130146436,0.006792692998238577,0.11694416774190347,0.0767255778241227,179,cyber_cloud,63,ols_winsorized_raw,tema_arındırılmış
idio_vol_60d,0.04000659043810217,1.5469401301464358,0.006792692998238577,0.11694416774190347,0.07672557782412269,179,cyber_cloud,63,ols_winsorized_raw,ham
idio_vol_60d,0.002644079178693774,0.644997268085521,0.002644079178693774,0.14996347013153416,0.11095564517316335,179,cyber_cloud,63,wls_sqrt_mcap,tema_arındırılmış
idio_vol_60d,0.002644079178693778,0.644997268085522,0.002644079178693778,0.14996347013153416,0.11095564517316334,179,cyber_cloud,63,wls_sqrt_mcap,ham
idio_vol_60d,0.010301991186767804,1.3097976759147991,0.010301991186767804,0.1015565496014574,0.059557501263954066,176,cyber_cloud,126,ols_rank_normal,tema_arındırılmış
idio_vol_60d,0.010301991186767806,1.3097976759147993,0.010301991186767806,0.10155654960145742,0.059557501263954093,176,cyber_cloud,126,ols_rank_normal,ham
idio_vol_60d,0.0810011269566234,1.5756737286730234,0.01363511889520417,0.11213527787313993,0.07086712766768945,176,cyber_cloud,126,ols_winsorized_raw,tema_arındırılmış
idio_vol_60d,0.0810011269566234,1.5756737286730234,0.01363511889520417,0.11213527787313991,0.07086712766768943,176,cyber_cloud,126,ols_winsorized_raw,ham
idio_vol_60d,0.008160648315926054,1.0510448663280278,0.008160648315926054,0.14415091647792302,0.10386828357140988,176,cyber_cloud,126,wls_sqrt_mcap,tema_arındırılmış
idio_vol_60d,0.008160648315926054,1.0510448663280276,0.008160648315926054,0.14415091647792302,0.10386828357140988,176,cyber_cloud,126,wls_sqrt_mcap,ham
max_ret_21d,0.00133449431448775,1.065820015319333,0.00133449431448775,0.1065657192257431,0.06611033275719638,181,cyber_cloud,21,ols_rank_normal,tema_arındırılmış
max_ret_21d,0.0013344943144877506,1.0658200153193336,0.0013344943144877506,0.1065657192257431,0.06611033275719636,181,cyber_cloud,21,ols_rank_normal,ham
max_ret_21d,0.07081332666222126,1.5262853371636838,0.003130229610550572,0.1131847675106685,0.07302911084451169,181,cyber_cloud,21,ols_winsorized_raw,tema_arındırılmış
max_ret_21d,0.07081332666222126,1.5262853371636838,0.003130229610550572,0.11318476751066846,0.07302911084451169,181,cyber_cloud,21,ols_winsorized_raw,ham
max_ret_21d,0.0019874345317073996,1.8199346274223087,0.0019874345317073996,0.1444176316885202,0.10589277759375444,181,cyber_cloud,21,wls_sqrt_mcap,tema_arındırılmış
max_ret_21d,0.0019874345317073966,1.8199346274223052,0.0019874345317073966,0.14441763168852018,0.10589277759375444,181,cyber_cloud,21,wls_sqrt_mcap,ham
max_ret_21d,0.0024258249497301565,0.9635268791234906,0.0024258249497301565,0.10248316626685905,0.06158404979223135,179,cyber_cloud,63,ols_rank_normal,tema_arındırılmış
max_ret_21d,0.0024258249497301552,0.9635268791234898,0.0024258249497301552,0.10248316626685906,0.06158404979223134,179,cyber_cloud,63,ols_rank_normal,ham
max_ret_21d,0.07573678433474476,0.977233799912763,0.0033361319113684763,0.11013880670566882,0.06962802079293436,179,cyber_cloud,63,ols_winsorized_raw,tema_arındırılmış
max_ret_21d,0.07573678433474469,0.977233799912762,0.0033361319113684733,0.11013880670566882,0.06962802079293436,179,cyber_cloud,63,ols_winsorized_raw,ham
max_ret_21d,0.002700765654173001,1.0763593153272337,0.002700765654173001,0.14277516757485217,0.10378377512735999,179,cyber_cloud,63,wls_sqrt_mcap,tema_arındırılmış
max_ret_21d,0.0027007656541729957,1.0763593153272328,0.0027007656541729957,0.14277516757485217,0.10378377512736002,179,cyber_cloud,63,wls_sqrt_mcap,ham
max_ret_21d,0.005976211587084176,1.4540810960078536,0.005976211587084176,0.09237449541516068,0.05011913849799498,176,cyber_cloud,126,ols_rank_normal,tema_arındırılmış
max_ret_21d,0.005976211587084176,1.4540810960078536,0.005976211587084176,0.09237449541516071,0.05011913849799498,176,cyber_cloud,126,ols_rank_normal,ham
max_ret_21d,0.23066529228937932,1.962429901689773,0.010066184275002315,0.10121847618350371,0.05957853852428148,176,cyber_cloud,126,ols_winsorized_raw,tema_arındırılmış
max_ret_21d,0.2306652922893794,1.9624299016897742,0.010066184275002318,0.10121847618350373,0.0595785385242815,176,cyber_cloud,126,ols_winsorized_raw,ham
max_ret_21d,0.004008108167868065,0.8229241017853393,0.004008108167868065,0.13625103950163683,0.09625636818365108,176,cyber_cloud,126,wls_sqrt_mcap,tema_arındırılmış
max_ret_21d,0.004008108167868056,0.8229241017853381,0.004008108167868056,0.13625103950163686,0.09625636818365108,176,cyber_cloud,126,wls_sqrt_mcap,ham
mom_12_1,0.0008332560595338755,0.5671902603493658,0.0008332560595338755,0.12360986850003353,0.08409795414448487,181,cyber_cloud,21,ols_rank_normal,tema_arındırılmış
mom_12_1,0.0008332560595338742,0.5671902603493649,0.0008332560595338742,0.12360986850003353,0.08409795414448486,181,cyber_cloud,21,ols_rank_normal,ham
mom_12_1,0.0021435930237244066,0.5294178648076908,0.0009868721667149372,0.12486695317856875,0.08524592008042269,181,cyber_cloud,21,ols_winsorized_raw,tema_arındırılmış
mom_12_1,0.0021435930237244083,0.5294178648076913,0.0009868721667149378,0.12486695317856875,0.08524592008042269,181,cyber_cloud,21,ols_winsorized_raw,ham
mom_12_1,0.0001149980843098266,0.07690061902000772,0.0001149980843098266,0.1591862586478714,0.12146987141063667,181,cyber_cloud,21,wls_sqrt_mcap,tema_arındırılmış
mom_12_1,0.00011499808430982843,0.07690061902000893,0.00011499808430982843,0.1591862586478714,0.12146987141063667,181,cyber_cloud,21,wls_sqrt_mcap,ham
mom_12_1,0.00416469448501867,1.2332846385065612,0.00416469448501867,0.11199922128823134,0.07149299948620293,179,cyber_cloud,63,ols_rank_normal,tema_arındırılmış
mom_12_1,0.0041646944850186685,1.2332846385065608,0.0041646944850186685,0.11199922128823132,0.07149299948620291,179,cyber_cloud,63,ols_rank_normal,ham
mom_12_1,0.011920655272464902,1.240422117702219,0.005447977024866216,0.11012087865584629,0.06934196128500658,179,cyber_cloud,63,ols_winsorized_raw,tema_arındırılmış
mom_12_1,0.011920655272464902,1.240422117702219,0.005447977024866216,0.11012087865584629,0.06934196128500658,179,cyber_cloud,63,ols_winsorized_raw,ham
mom_12_1,0.002082585452062306,0.5907481481207282,0.002082585452062306,0.1518995772249121,0.11328632159283619,179,cyber_cloud,63,wls_sqrt_mcap,tema_arındırılmış
mom_12_1,0.0020825854520623082,0.5907481481207287,0.0020825854520623082,0.1518995772249121,0.11328632159283616,179,cyber_cloud,63,wls_sqrt_mcap,ham
mom_12_1,0.006738876452042151,1.230519514194977,0.006738876452042151,0.0983570090751969,0.056385522686135926,176,cyber_cloud,126,ols_rank_normal,tema_arındırılmış
mom_12_1,0.006738876452042151,1.230519514194977,0.006738876452042151,0.09835700907519693,0.05638552268613594,176,cyber_cloud,126,ols_rank_normal,ham
mom_12_1,0.01810179519532383,1.185336839497407,0.008180097750473797,0.10049884881213118,0.05870414433766349,176,cyber_cloud,126,ols_winsorized_raw,tema_arındırılmış
mom_12_1,0.01810179519532383,1.185336839497407,0.008180097750473797,0.10049884881213123,0.05870414433766349,176,cyber_cloud,126,ols_winsorized_raw,ham
mom_12_1,0.004089859182089739,0.7191249802512188,0.004089859182089739,0.13395179773134894,0.09338720106583817,176,cyber_cloud,126,wls_sqrt_mcap,tema_arındırılmış
mom_12_1,0.004089859182089738,0.7191249802512184,0.004089859182089738,0.13395179773134896,0.09338720106583817,176,cyber_cloud,126,wls_sqrt_mcap,ham
profitable_growth,0.0005773046322388794,0.553796780002818,0.0005773046322388794,0.1056039866565852,0.058663024416815965,181,cyber_cloud,21,ols_rank_normal,tema_arındırılmış
profitable_growth,0.0005773046322388795,0.5537967800028181,0.0005773046322388795,0.10560398665658519,0.058663024416815965,181,cyber_cloud,21,ols_rank_normal,ham
profitable_growth,0.0022941380204432307,0.8101122939663196,0.0008438678857463609,0.1047189032704316,0.05779146158612725,181,cyber_cloud,21,ols_winsorized_raw,tema_arındırılmış
profitable_growth,0.0022941380204432294,0.8101122939663191,0.0008438678857463604,0.10471890327043157,0.05779146158612724,181,cyber_cloud,21,ols_winsorized_raw,ham
profitable_growth,0.0009312698366580253,0.7613379782891001,0.0009312698366580253,0.1523949309177506,0.10830943768388218,181,cyber_cloud,21,wls_sqrt_mcap,tema_arındırılmış
profitable_growth,0.0009312698366580286,0.761337978289103,0.0009312698366580286,0.15239493091775064,0.10830943768388218,181,cyber_cloud,21,wls_sqrt_mcap,ham
profitable_growth,0.0031996568243251988,1.1018725104717912,0.0031996568243251988,0.10657192026534049,0.05920408460944672,179,cyber_cloud,63,ols_rank_normal,tema_arındırılmış
profitable_growth,0.0031996568243251966,1.1018725104717906,0.0031996568243251966,0.10657192026534049,0.05920408460944673,179,cyber_cloud,63,ols_rank_normal,ham
profitable_growth,0.011864025431679122,1.4786937625312782,0.004360674640268641,0.10457852897570746,0.057131803695104275,179,cyber_cloud,63,ols_winsorized_raw,tema_arındırılmış
profitable_growth,0.011864025431679122,1.4786937625312782,0.004360674640268641,0.10457852897570746,0.057131803695104254,179,cyber_cloud,63,ols_winsorized_raw,ham
profitable_growth,0.002974688263157829,0.8722920944434917,0.002974688263157829,0.15526036533103094,0.11033935658592386,179,cyber_cloud,63,wls_sqrt_mcap,tema_arındırılmış
profitable_growth,0.00297468826315784,0.8722920944434951,0.00297468826315784,0.15526036533103096,0.11033935658592386,179,cyber_cloud,63,wls_sqrt_mcap,ham
profitable_growth,0.004222544006889226,0.847989886635887,0.004222544006889226,0.10146355132898364,0.05310395410346218,176,cyber_cloud,126,ols_rank_normal,tema_arındırılmış
profitable_growth,0.004222544006889227,0.847989886635887,0.004222544006889227,0.10146355132898366,0.0531039541034622,176,cyber_cloud,126,ols_rank_normal,ham
profitable_growth,0.017616377885745476,1.254149444164169,0.006469955238529716,0.10017613946923581,0.05177624748683303,176,cyber_cloud,126,ols_winsorized_raw,tema_arındırılmış
profitable_growth,0.01761637788574547,1.2541494441641685,0.006469955238529714,0.10017613946923584,0.05177624748683303,176,cyber_cloud,126,ols_winsorized_raw,ham
profitable_growth,0.004442914310808466,0.6944088961045013,0.004442914310808466,0.14689180017144254,0.10030719183949569,176,cyber_cloud,126,wls_sqrt_mcap,tema_arındırılmış
profitable_growth,0.004442914310808471,0.6944088961045023,0.004442914310808471,0.14689180017144254,0.10030719183949569,176,cyber_cloud,126,wls_sqrt_mcap,ham
share_issuance,0.0009160999802393918,0.6205324395533744,0.0009160999802393918,0.11919408309782102,0.07242291499822365,178,cyber_cloud,21,ols_rank_normal,tema_arındırılmış
share_issuance,0.0009160999802393911,0.620532439553374,0.0009160999802393911,0.11919408309782102,0.07242291499822363,178,cyber_cloud,21,ols_rank_normal,ham
share_issuance,0.0030742104243710227,0.25265293870445754,0.0005010834405172261,0.11562772336952612,0.0685324879196118,178,cyber_cloud,21,ols_winsorized_raw,tema_arındırılmış
share_issuance,0.0030742104243710157,0.252652938704457,0.000501083440517225,0.11562772336952612,0.0685324879196118,178,cyber_cloud,21,ols_winsorized_raw,ham
share_issuance,-0.0007494562844503087,-0.48917846578752056,-0.0007494562844503087,0.1610980477162235,0.11724094044967004,178,cyber_cloud,21,wls_sqrt_mcap,tema_arındırılmış
share_issuance,-0.0007494562844503086,-0.4891784657875205,-0.0007494562844503086,0.1610980477162235,0.11724094044967005,178,cyber_cloud,21,wls_sqrt_mcap,ham
share_issuance,0.0037857860946017815,1.0344089850473877,0.0037857860946017815,0.12274540260703205,0.0761465395092026,176,cyber_cloud,63,ols_rank_normal,tema_arındırılmış
share_issuance,0.0037857860946017828,1.034408985047388,0.0037857860946017828,0.12274540260703205,0.07614653950920261,176,cyber_cloud,63,ols_rank_normal,ham
share_issuance,0.023496467654143868,0.9377607212603225,0.003842533550740937,0.11544369744035872,0.06822035898450297,176,cyber_cloud,63,ols_winsorized_raw,tema_arındırılmış
share_issuance,0.023496467654143857,0.9377607212603222,0.0038425335507409355,0.1154436974403587,0.06822035898450296,176,cyber_cloud,63,ols_winsorized_raw,ham
share_issuance,-0.0009405408398942143,-0.23591728253856792,-0.0009405408398942143,0.1659003244124819,0.12170348281107825,176,cyber_cloud,63,wls_sqrt_mcap,tema_arındırılmış
share_issuance,-0.000940540839894215,-0.23591728253856808,-0.000940540839894215,0.1659003244124819,0.12170348281107826,176,cyber_cloud,63,wls_sqrt_mcap,ham
share_issuance,0.010038015625716415,1.36571680632841,0.010038015625716415,0.1170239278213167,0.06884325385061223,173,cyber_cloud,126,ols_rank_normal,tema_arındırılmış
share_issuance,0.010038015625716414,1.3657168063284097,0.010038015625716414,0.11702392782131672,0.06884325385061223,173,cyber_cloud,126,ols_rank_normal,ham
share_issuance,0.060127596646710565,1.0214128403712155,0.009909160180112774,0.11319298230462707,0.06503934210376734,173,cyber_cloud,126,ols_winsorized_raw,tema_arındırılmış
share_issuance,0.060127596646710565,1.0214128403712155,0.009909160180112774,0.11319298230462707,0.06503934210376731,173,cyber_cloud,126,ols_winsorized_raw,ham
share_issuance,0.0031976767728013195,0.4001284947538068,0.0031976767728013195,0.1642591132368635,0.11898435388021356,173,cyber_cloud,126,wls_sqrt_mcap,tema_arındırılmış
share_issuance,0.003197676772801321,0.400128494753807,0.003197676772801321,0.1642591132368635,0.11898435388021356,173,cyber_cloud,126,wls_sqrt_mcap,ham
sue,-0.00038672104053408816,-0.42143717230252337,-0.00038672104053408816,0.10532067184510568,0.058841047528501896,178,cyber_cloud,21,ols_rank_normal,tema_arındırılmış
sue,-0.00038672104053408783,-0.42143717230252303,-0.00038672104053408783,0.10532067184510568,0.058841047528501896,178,cyber_cloud,21,ols_rank_normal,ham
sue,-0.00036832717639341344,-0.5342561466403962,-0.0004893504191736215,0.10351574715548263,0.05692917936920187,178,cyber_cloud,21,ols_winsorized_raw,tema_arındırılmış
sue,-0.0003683271763934135,-0.5342561466403964,-0.0004893504191736215,0.10351574715548259,0.056929179369201846,178,cyber_cloud,21,ols_winsorized_raw,ham
sue,0.00018428399050685027,0.2015335000356285,0.00018428399050685027,0.14934286867866478,0.1057282917387599,178,cyber_cloud,21,wls_sqrt_mcap,tema_arındırılmış
sue,0.00018428399050685184,0.20153350003563023,0.00018428399050685184,0.14934286867866478,0.10572829173875986,178,cyber_cloud,21,wls_sqrt_mcap,ham
sue,2.2924581386783693e-05,0.009488782400295562,2.2924581386783693e-05,0.10228612112019532,0.05511471825518152,176,cyber_cloud,63,ols_rank_normal,tema_arındırılmış
sue,2.2924581386785268e-05,0.009488782400296216,2.2924581386785268e-05,0.10228612112019532,0.05511471825518149,176,cyber_cloud,63,ols_rank_normal,ham
sue,6.322097819711891e-05,0.034217580004139034,8.411328301782687e-05,0.1018270672824289,0.05496870852699161,176,cyber_cloud,63,ols_winsorized_raw,tema_arındırılmış
sue,6.322097819711694e-05,0.03421758000413797,8.411328301782426e-05,0.10182706728242893,0.05496870852699163,176,cyber_cloud,63,ols_winsorized_raw,ham
sue,0.0016080638361798834,0.6731760285776379,0.0016080638361798834,0.1470145642961178,0.10254218299872729,176,cyber_cloud,63,wls_sqrt_mcap,tema_arındırılmış
sue,0.0016080638361798834,0.6731760285776377,0.0016080638361798834,0.1470145642961178,0.10254218299872728,176,cyber_cloud,63,wls_sqrt_mcap,ham
sue,0.0037166118606752345,0.8487467991060067,0.0037166118606752345,0.09917970633432258,0.05106583545510069,173,cyber_cloud,126,ols_rank_normal,tema_arındırılmış
sue,0.0037166118606752345,0.8487467991060067,0.0037166118606752345,0.09917970633432258,0.05106583545510069,173,cyber_cloud,126,ols_rank_normal,ham
sue,0.0028107742222478896,0.8229905990869395,0.0037474355761492003,0.1001061951424968,0.052403544450994835,173,cyber_cloud,126,ols_winsorized_raw,tema_arındırılmış
sue,0.0028107742222478905,0.8229905990869401,0.0037474355761492016,0.10010619514249676,0.05240354445099483,173,cyber_cloud,126,ols_winsorized_raw,ham
sue,0.004876066492181728,1.278863942219759,0.004876066492181728,0.1395878475128786,0.09347253012466207,173,cyber_cloud,126,wls_sqrt_mcap,tema_arındırılmış
sue,0.004876066492181724,1.2788639422197579,0.004876066492181724,0.1395878475128786,0.09347253012466208,173,cyber_cloud,126,wls_sqrt_mcap,ham
sue_announce,0.0016813547010528312,1.3392490425640566,0.0016813547010528312,0.13612911154504959,0.0662188108615925,168,cyber_cloud,21,ols_rank_normal,tema_arındırılmış
sue_announce,0.001681354701052831,1.3392490425640566,0.001681354701052831,0.1361291115450496,0.06621881086159251,168,cyber_cloud,21,ols_rank_normal,ham
sue_announce,0.0009705741667069146,1.2855659218978943,0.001604477022308411,0.13286720486281225,0.06270532157902933,168,cyber_cloud,21,ols_winsorized_raw,tema_arındırılmış
sue_announce,0.0009705741667069145,1.2855659218978945,0.0016044770223084107,0.13286720486281225,0.06270532157902935,168,cyber_cloud,21,ols_winsorized_raw,ham
sue_announce,0.0015466100958908382,1.2249371151976232,0.0015466100958908382,0.18728254286004417,0.1224687467714022,168,cyber_cloud,21,wls_sqrt_mcap,tema_arındırılmış
sue_announce,0.0015466100958908382,1.2249371151976232,0.0015466100958908382,0.18728254286004417,0.12246874677140218,168,cyber_cloud,21,wls_sqrt_mcap,ham
sue_announce,0.0043997191069820975,1.169092956426783,0.0043997191069820975,0.13494020852008864,0.06409248380057954,166,cyber_cloud,63,ols_rank_normal,tema_arındırılmış
sue_announce,0.004399719106982095,1.1690929564267822,0.004399719106982095,0.13494020852008864,0.06409248380057952,166,cyber_cloud,63,ols_rank_normal,ham
sue_announce,0.002883172259917449,1.2800120881562618,0.004765683352738891,0.13240759497252838,0.061497905733293494,166,cyber_cloud,63,ols_winsorized_raw,tema_arındırılmış
sue_announce,0.0028831722599174494,1.2800120881562622,0.004765683352738892,0.1324075949725284,0.061497905733293515,166,cyber_cloud,63,ols_winsorized_raw,ham
sue_announce,0.004452868761225894,1.2459528011743528,0.004452868761225894,0.19283327284563598,0.12784355093398414,166,cyber_cloud,63,wls_sqrt_mcap,tema_arındırılmış
sue_announce,0.004452868761225889,1.2459528011743517,0.004452868761225889,0.19283327284563603,0.12784355093398414,166,cyber_cloud,63,wls_sqrt_mcap,ham
sue_announce,0.00959114014609057,1.3428096288054827,0.00959114014609057,0.13529989404850917,0.06457177683868917,163,cyber_cloud,126,ols_rank_normal,tema_arındırılmış
sue_announce,0.009591140146090572,1.342809628805483,0.009591140146090572,0.13529989404850917,0.06457177683868917,163,cyber_cloud,126,ols_rank_normal,ham
sue_announce,0.005458237705479347,1.2985797196772757,0.009031765204637733,0.13591153134649853,0.06553621319171159,163,cyber_cloud,126,ols_winsorized_raw,tema_arındırılmış
sue_announce,0.005458237705479347,1.2985797196772757,0.009031765204637733,0.13591153134649855,0.06553621319171159,163,cyber_cloud,126,ols_winsorized_raw,ham
sue_announce,0.0074339465522664065,1.0235840212109173,0.0074339465522664065,0.19691705598568776,0.1321378844933476,163,cyber_cloud,126,wls_sqrt_mcap,tema_arındırılmış
sue_announce,0.007433946552266402,1.0235840212109169,0.007433946552266402,0.1969170559856877,0.13213788449334757,163,cyber_cloud,126,wls_sqrt_mcap,ham
asset_growth,-0.005525512628259812,-1.8152318258597657,-0.005525512628259812,0.7110544825161446,0.2035949378335842,114,cyber_cloud,21,ols_rank_normal_all,tema_arındırılmış
capex_at,-0.002349976896147156,-0.8942360181314674,-0.002349976896147156,0.7110544825161446,0.2035949378335842,114,cyber_cloud,21,ols_rank_normal_all,tema_arındırılmış
cash_runway_years,-0.0028034795216206406,-0.35377892149268586,-0.0028034795216206406,0.7110544825161446,0.2035949378335842,114,cyber_cloud,21,ols_rank_normal_all,tema_arındırılmış
cop_at,0.002773326718207507,0.6917926758840642,0.002773326718207507,0.7110544825161446,0.2035949378335842,114,cyber_cloud,21,ols_rank_normal_all,tema_arındırılmış
dist_52w_high,-0.001471975117832928,-0.40294195336218924,-0.001471975117832928,0.7110544825161446,0.2035949378335842,114,cyber_cloud,21,ols_rank_normal_all,tema_arındırılmış
droe,-0.0020457486539996964,-0.7406258862562802,-0.0020457486539996964,0.7110544825161446,0.2035949378335842,114,cyber_cloud,21,ols_rank_normal_all,tema_arındırılmış
ear_3d,0.00020181921786132062,0.07262859992788775,0.00020181921786132062,0.7110544825161446,0.2035949378335842,114,cyber_cloud,21,ols_rank_normal_all,tema_arındırılmış
ebit_ev,-0.0021490050241685433,-0.6602621008729871,-0.0021490050241685433,0.7110544825161446,0.2035949378335842,114,cyber_cloud,21,ols_rank_normal_all,tema_arındırılmış
gross_profitability,0.0001950043954531233,0.05942588894237563,0.0001950043954531233,0.7110544825161446,0.2035949378335842,114,cyber_cloud,21,ols_rank_normal_all,tema_arındırılmış
idio_vol_60d,0.0033005810511792157,1.0751628462556204,0.0033005810511792157,0.7110544825161446,0.2035949378335842,114,cyber_cloud,21,ols_rank_normal_all,tema_arındırılmış
max_ret_21d,0.0016185675260794036,0.7082548963506174,0.0016185675260794036,0.7110544825161446,0.2035949378335842,114,cyber_cloud,21,ols_rank_normal_all,tema_arındırılmış
mom_12_1,-0.0026685398496061772,-0.8013666186632822,-0.0026685398496061772,0.7110544825161446,0.2035949378335842,114,cyber_cloud,21,ols_rank_normal_all,tema_arındırılmış
net_debt_ebitda,0.0034439735983522743,1.1463511492911576,0.0034439735983522743,0.7110544825161446,0.2035949378335842,114,cyber_cloud,21,ols_rank_normal_all,tema_arındırılmış
ocf_ev,-0.005648091026186393,-1.534254440919811,-0.005648091026186393,0.7110544825161446,0.2035949378335842,114,cyber_cloud,21,ols_rank_normal_all,tema_arındırılmış
profitable_growth,-0.0027841621087524217,-0.7317043804987472,-0.0027841621087524217,0.7110544825161446,0.2035949378335842,114,cyber_cloud,21,ols_rank_normal_all,tema_arındırılmış
share_issuance,0.010539214144692636,3.0662474015651475,0.010539214144692636,0.7110544825161446,0.2035949378335842,114,cyber_cloud,21,ols_rank_normal_all,tema_arındırılmış
sue,-0.0019464339904846242,-0.7543626528915375,-0.0019464339904846242,0.7110544825161446,0.2035949378335842,114,cyber_cloud,21,ols_rank_normal_all,tema_arındırılmış
sue_announce,0.0017155456703296552,0.6373229651142459,0.0017155456703296552,0.7110544825161446,0.2035949378335842,114,cyber_cloud,21,ols_rank_normal_all,tema_arındırılmış
asset_growth,-0.01392195274774862,-2.231552392318236,-0.01392195274774862,0.7026566159056304,0.19528421407714122,112,cyber_cloud,63,ols_rank_normal_all,tema_arındırılmış
capex_at,-0.0023144238237258787,-0.3969137933857073,-0.0023144238237258787,0.7026566159056304,0.19528421407714122,112,cyber_cloud,63,ols_rank_normal_all,tema_arındırılmış
cash_runway_years,-0.019725264897628738,-0.9339209752024901,-0.019725264897628738,0.7026566159056304,0.19528421407714122,112,cyber_cloud,63,ols_rank_normal_all,tema_arındırılmış
cop_at,0.010355646504687637,1.3229020730427736,0.010355646504687637,0.7026566159056304,0.19528421407714122,112,cyber_cloud,63,ols_rank_normal_all,tema_arındırılmış
dist_52w_high,0.0032330393836276024,0.4311754650900586,0.0032330393836276024,0.7026566159056304,0.19528421407714122,112,cyber_cloud,63,ols_rank_normal_all,tema_arındırılmış
droe,0.0006155407017859783,0.08538467386760092,0.0006155407017859783,0.7026566159056304,0.19528421407714122,112,cyber_cloud,63,ols_rank_normal_all,tema_arındırılmış
ear_3d,0.0018537648758906783,0.33106133507265484,0.0018537648758906783,0.7026566159056304,0.19528421407714122,112,cyber_cloud,63,ols_rank_normal_all,tema_arındırılmış
ebit_ev,0.010194604930625576,1.6506963884811612,0.010194604930625576,0.7026566159056304,0.19528421407714122,112,cyber_cloud,63,ols_rank_normal_all,tema_arındırılmış
gross_profitability,-0.002046522400515278,-0.299029887953507,-0.002046522400515278,0.7026566159056304,0.19528421407714122,112,cyber_cloud,63,ols_rank_normal_all,tema_arındırılmış
idio_vol_60d,-0.006240705213462019,-1.1383652690711146,-0.006240705213462019,0.7026566159056304,0.19528421407714122,112,cyber_cloud,63,ols_rank_normal_all,tema_arındırılmış
max_ret_21d,0.0051790632531746195,1.0922922265552804,0.0051790632531746195,0.7026566159056304,0.19528421407714122,112,cyber_cloud,63,ols_rank_normal_all,tema_arındırılmış
mom_12_1,-0.013383840374489408,-1.922713189966222,-0.013383840374489408,0.7026566159056304,0.19528421407714122,112,cyber_cloud,63,ols_rank_normal_all,tema_arındırılmış
net_debt_ebitda,0.006430882837381491,1.068781928910739,0.006430882837381491,0.7026566159056304,0.19528421407714122,112,cyber_cloud,63,ols_rank_normal_all,tema_arındırılmış
ocf_ev,-0.020119912892189718,-2.234809415418008,-0.020119912892189718,0.7026566159056304,0.19528421407714122,112,cyber_cloud,63,ols_rank_normal_all,tema_arındırılmış
profitable_growth,-0.002810141917041019,-0.3796390384190877,-0.002810141917041019,0.7026566159056304,0.19528421407714122,112,cyber_cloud,63,ols_rank_normal_all,tema_arındırılmış
share_issuance,0.017251843905823377,2.2935938142905736,0.017251843905823377,0.7026566159056304,0.19528421407714122,112,cyber_cloud,63,ols_rank_normal_all,tema_arındırılmış
sue,0.00042471973959322444,0.07312777893125344,0.00042471973959322444,0.7026566159056304,0.19528421407714122,112,cyber_cloud,63,ols_rank_normal_all,tema_arındırılmış
sue_announce,-0.0012443944338305511,-0.2466689760249606,-0.0012443944338305511,0.7026566159056304,0.19528421407714122,112,cyber_cloud,63,ols_rank_normal_all,tema_arındırılmış
asset_growth,-0.024576565275020206,-2.4246484684036727,-0.024576565275020206,0.7325166951620945,0.27433139808560647,109,cyber_cloud,126,ols_rank_normal_all,tema_arındırılmış
capex_at,-0.00227083751456168,-0.20760277220189605,-0.00227083751456168,0.7325166951620945,0.27433139808560647,109,cyber_cloud,126,ols_rank_normal_all,tema_arındırılmış
cash_runway_years,-0.01452673659564187,-0.3164946952468632,-0.01452673659564187,0.7325166951620945,0.27433139808560647,109,cyber_cloud,126,ols_rank_normal_all,tema_arındırılmış
cop_at,0.02485395277665893,1.819493694944413,0.02485395277665893,0.7325166951620945,0.27433139808560647,109,cyber_cloud,126,ols_rank_normal_all,tema_arındırılmış
dist_52w_high,-0.005237302333176773,-0.5957471621453401,-0.005237302333176773,0.7325166951620945,0.27433139808560647,109,cyber_cloud,126,ols_rank_normal_all,tema_arındırılmış
droe,-0.0037165884174831937,-0.24221723515714774,-0.0037165884174831937,0.7325166951620945,0.27433139808560647,109,cyber_cloud,126,ols_rank_normal_all,tema_arındırılmış
ear_3d,0.0027641016434913662,0.3282592493171258,0.0027641016434913662,0.7325166951620945,0.27433139808560647,109,cyber_cloud,126,ols_rank_normal_all,tema_arındırılmış
ebit_ev,0.01375605084639751,1.1604279096382644,0.01375605084639751,0.7325166951620945,0.27433139808560647,109,cyber_cloud,126,ols_rank_normal_all,tema_arındırılmış
gross_profitability,-0.00909517523358195,-0.7369619902544025,-0.00909517523358195,0.7325166951620945,0.27433139808560647,109,cyber_cloud,126,ols_rank_normal_all,tema_arındırılmış
idio_vol_60d,-0.01141578219196674,-1.2114640523125577,-0.01141578219196674,0.7325166951620945,0.27433139808560647,109,cyber_cloud,126,ols_rank_normal_all,tema_arındırılmış
max_ret_21d,0.002499538627837186,0.3588259310478869,0.002499538627837186,0.7325166951620945,0.27433139808560647,109,cyber_cloud,126,ols_rank_normal_all,tema_arındırılmış
mom_12_1,-0.015367478489939669,-1.7126757786212112,-0.015367478489939669,0.7325166951620945,0.27433139808560647,109,cyber_cloud,126,ols_rank_normal_all,tema_arındırılmış
net_debt_ebitda,0.009912834110557048,1.0381945362031852,0.009912834110557048,0.7325166951620945,0.27433139808560647,109,cyber_cloud,126,ols_rank_normal_all,tema_arındırılmış
ocf_ev,-0.029298904278589562,-1.7377810039758785,-0.029298904278589562,0.7325166951620945,0.27433139808560647,109,cyber_cloud,126,ols_rank_normal_all,tema_arındırılmış
profitable_growth,-0.007722861520412378,-0.5590034227843783,-0.007722861520412378,0.7325166951620945,0.27433139808560647,109,cyber_cloud,126,ols_rank_normal_all,tema_arındırılmış
share_issuance,0.03531052592460801,2.6577463706395075,0.03531052592460801,0.7325166951620945,0.27433139808560647,109,cyber_cloud,126,ols_rank_normal_all,tema_arındırılmış
sue,-0.009880057185265776,-0.6899513819534286,-0.009880057185265776,0.7325166951620945,0.27433139808560647,109,cyber_cloud,126,ols_rank_normal_all,tema_arındırılmış
sue_announce,0.00611085508716549,0.6741225639567018,0.00611085508716549,0.7325166951620945,0.27433139808560647,109,cyber_cloud,126,ols_rank_normal_all,tema_arındırılmış
asset_growth,-0.00022726856881372933,-0.1711122176926637,-0.00022726856881372933,0.11570100996838485,0.06791036441143439,179,cyber_cloud/cloud_saas,21,ols_rank_normal,tema_arındırılmış
asset_growth,-0.00022726856881372941,-0.17111221769266374,-0.00022726856881372941,0.1157010099683849,0.0679103644114344,179,cyber_cloud/cloud_saas,21,ols_rank_normal,ham
asset_growth,4.682652850377082e-05,0.009927505281965017,1.9141589571754185e-05,0.11835692158967788,0.07070846271481833,179,cyber_cloud/cloud_saas,21,ols_winsorized_raw,tema_arındırılmış
asset_growth,4.6826528503766014e-05,0.009927505281963999,1.914158957175222e-05,0.11835692158967788,0.07070846271481833,179,cyber_cloud/cloud_saas,21,ols_winsorized_raw,ham
asset_growth,-0.001291070713978845,-0.9650798729581123,-0.001291070713978845,0.1586421395790934,0.1135901010232531,179,cyber_cloud/cloud_saas,21,wls_sqrt_mcap,tema_arındırılmış
asset_growth,-0.0012910707139788446,-0.9650798729581118,-0.0012910707139788446,0.15864213957909337,0.1135901010232531,179,cyber_cloud/cloud_saas,21,wls_sqrt_mcap,ham
asset_growth,-0.0022766588225063005,-0.6687285004463998,-0.0022766588225063005,0.11659121579078074,0.06789057743852764,177,cyber_cloud/cloud_saas,63,ols_rank_normal,tema_arındırılmış
asset_growth,-0.0022766588225062987,-0.6687285004463993,-0.0022766588225062987,0.11659121579078073,0.0678905774385276,177,cyber_cloud/cloud_saas,63,ols_rank_normal,ham
asset_growth,-0.012121201242804186,-1.1898494604177463,-0.004931030658672009,0.11887468401271226,0.07045211497540958,177,cyber_cloud/cloud_saas,63,ols_winsorized_raw,tema_arındırılmış
asset_growth,-0.012121201242804185,-1.189849460417746,-0.004931030658672008,0.11887468401271224,0.07045211497540954,177,cyber_cloud/cloud_saas,63,ols_winsorized_raw,ham
asset_growth,-0.004536827231875631,-1.2378737357460101,-0.004536827231875631,0.1635551870914802,0.1181151172595064,177,cyber_cloud/cloud_saas,63,wls_sqrt_mcap,tema_arındırılmış
asset_growth,-0.0045368272318756404,-1.2378737357460126,-0.0045368272318756404,0.1635551870914802,0.11811511725950638,177,cyber_cloud/cloud_saas,63,wls_sqrt_mcap,ham
asset_growth,-0.003176015575152084,-0.535746002463093,-0.003176015575152084,0.1058997593234274,0.05607318312344507,174,cyber_cloud/cloud_saas,126,ols_rank_normal,tema_arındırılmış
asset_growth,-0.0031760155751520826,-0.5357460024630928,-0.0031760155751520826,0.10589975932342739,0.05607318312344507,174,cyber_cloud/cloud_saas,126,ols_rank_normal,ham
asset_growth,-0.024071998304176615,-1.4104078133450526,-0.009725802943013702,0.11422628196073845,0.06505088159355586,174,cyber_cloud/cloud_saas,126,ols_winsorized_raw,tema_arındırılmış
asset_growth,-0.024071998304176615,-1.4104078133450524,-0.009725802943013702,0.11422628196073842,0.06505088159355583,174,cyber_cloud/cloud_saas,126,ols_winsorized_raw,ham
asset_growth,-0.006087662063052554,-0.8879060889967064,-0.006087662063052554,0.14904433477407517,0.10149620062357613,174,cyber_cloud/cloud_saas,126,wls_sqrt_mcap,tema_arındırılmış
asset_growth,-0.006087662063052563,-0.8879060889967076,-0.006087662063052563,0.1490443347740752,0.10149620062357609,174,cyber_cloud/cloud_saas,126,wls_sqrt_mcap,ham
capex_at,-0.0011862297147004867,-1.1615179587746935,-0.0011862297147004867,0.10424640185549647,0.058121658935228054,175,cyber_cloud/cloud_saas,21,ols_rank_normal,tema_arındırılmış
capex_at,-0.0011862297147004872,-1.1615179587746942,-0.0011862297147004872,0.10424640185549644,0.05812165893522807,175,cyber_cloud/cloud_saas,21,ols_rank_normal,ham
capex_at,-0.0609021638178614,-1.179657046234497,-0.0013127887785902982,0.10789672625948274,0.06224027795301897,175,cyber_cloud/cloud_saas,21,ols_winsorized_raw,tema_arındırılmış
capex_at,-0.0609021638178614,-1.179657046234497,-0.0013127887785902982,0.10789672625948271,0.06224027795301895,175,cyber_cloud/cloud_saas,21,ols_winsorized_raw,ham
capex_at,-0.0010158343081338845,-1.1426994348642612,-0.0010158343081338845,0.14592340500474438,0.10209233246777329,175,cyber_cloud/cloud_saas,21,wls_sqrt_mcap,tema_arındırılmış
capex_at,-0.001015834308133889,-1.142699434864266,-0.001015834308133889,0.14592340500474438,0.1020923324677733,175,cyber_cloud/cloud_saas,21,wls_sqrt_mcap,ham
capex_at,-0.0007993869273493349,-0.3152073766026656,-0.0007993869273493349,0.10310099494167217,0.05716067936954014,173,cyber_cloud/cloud_saas,63,ols_rank_normal,tema_arındırılmış
capex_at,-0.0007993869273493343,-0.31520737660266535,-0.0007993869273493343,0.10310099494167214,0.05716067936954011,173,cyber_cloud/cloud_saas,63,ols_rank_normal,ham
capex_at,-0.10765067337647126,-0.8995676783043098,-0.0022903354756966554,0.1038685476958636,0.05796214787132046,173,cyber_cloud/cloud_saas,63,ols_winsorized_raw,tema_arındırılmış
capex_at,-0.10765067337647126,-0.89956767830431,-0.0022903354756966554,0.1038685476958636,0.05796214787132044,173,cyber_cloud/cloud_saas,63,ols_winsorized_raw,ham
capex_at,-0.0017974675270758479,-0.7698440450083107,-0.0017974675270758479,0.14636275543060603,0.10249747063378326,173,cyber_cloud/cloud_saas,63,wls_sqrt_mcap,tema_arındırılmış
capex_at,-0.0017974675270758505,-0.7698440450083115,-0.0017974675270758505,0.14636275543060606,0.10249747063378327,173,cyber_cloud/cloud_saas,63,wls_sqrt_mcap,ham
capex_at,-0.0010600318612933395,-0.20821926167857796,-0.0010600318612933395,0.09720788973129894,0.050811734719848914,170,cyber_cloud/cloud_saas,126,ols_rank_normal,tema_arındırılmış
capex_at,-0.0010600318612933376,-0.20821926167857763,-0.0010600318612933376,0.09720788973129894,0.0508117347198489,170,cyber_cloud/cloud_saas,126,ols_rank_normal,ham
capex_at,-0.16283639623760388,-0.6404362637373429,-0.003423621661354465,0.09860045050104257,0.052152890947289324,170,cyber_cloud/cloud_saas,126,ols_winsorized_raw,tema_arındırılmış
capex_at,-0.1628363962376039,-0.640436263737343,-0.003423621661354466,0.09860045050104259,0.052152890947289324,170,cyber_cloud/cloud_saas,126,ols_winsorized_raw,ham
capex_at,-0.003784837690186533,-0.8753098051682294,-0.003784837690186533,0.13454015613412648,0.08931346585402082,170,cyber_cloud/cloud_saas,126,wls_sqrt_mcap,tema_arındırılmış
capex_at,-0.00378483769018653,-0.8753098051682289,-0.00378483769018653,0.1345401561341265,0.08931346585402082,170,cyber_cloud/cloud_saas,126,wls_sqrt_mcap,ham
cash_runway_years,0.0050335156963289334,0.6026923291689064,0.0050335156963289334,0.19696272117966307,0.04547499617435979,42,cyber_cloud/cloud_saas,21,ols_rank_normal,tema_arındırılmış
cash_runway_years,0.005033515696328932,0.6026923291689061,0.005033515696328932,0.19696272117966307,0.04547499617435983,42,cyber_cloud/cloud_saas,21,ols_rank_normal,ham
cash_runway_years,0.0018104144391075895,0.805164089386209,0.005809378034150294,0.20006513655108332,0.049414739643336626,42,cyber_cloud/cloud_saas,21,ols_winsorized_raw,tema_arındırılmış
cash_runway_years,0.001810414439107592,0.8051640893862101,0.005809378034150302,0.20006513655108332,0.04941473964333661,42,cyber_cloud/cloud_saas,21,ols_winsorized_raw,ham
cash_runway_years,0.00879930190106027,1.1324258961094362,0.00879930190106027,0.20509067074885318,0.056075837349768974,42,cyber_cloud/cloud_saas,21,wls_sqrt_mcap,tema_arındırılmış
cash_runway_years,0.008799301901060277,1.1324258961094373,0.008799301901060277,0.2050906707488532,0.05607583734976903,42,cyber_cloud/cloud_saas,21,wls_sqrt_mcap,ham
cash_runway_years,0.015934354947922818,0.9256038390479175,0.015934354947922818,0.27177470402738474,0.13580445084050138,42,cyber_cloud/cloud_saas,63,ols_rank_normal,tema_arındırılmış
cash_runway_years,0.015934354947922818,0.9256038390479175,0.015934354947922818,0.2717747040273848,0.13580445084050138,42,cyber_cloud/cloud_saas,63,ols_rank_normal,ham
cash_runway_years,0.006013726115097234,1.240111393988055,0.01929724357129129,0.2731686595722923,0.13828711368625246,42,cyber_cloud/cloud_saas,63,ols_winsorized_raw,tema_arındırılmış
cash_runway_years,0.006013726115097232,1.2401113939880541,0.01929724357129128,0.2731686595722923,0.1382871136862524,42,cyber_cloud/cloud_saas,63,ols_winsorized_raw,ham
cash_runway_years,0.025260803464350418,1.4880698795901313,0.025260803464350418,0.2859447809425828,0.15376899657070542,42,cyber_cloud/cloud_saas,63,wls_sqrt_mcap,tema_arındırılmış
cash_runway_years,0.025260803464350435,1.4880698795901321,0.025260803464350435,0.28594478094258285,0.15376899657070547,42,cyber_cloud/cloud_saas,63,wls_sqrt_mcap,ham
cash_runway_years,0.032639255525000174,1.2873174605182205,0.032639255525000174,0.2547438785277118,0.1141492882502331,42,cyber_cloud/cloud_saas,126,ols_rank_normal,tema_arındırılmış
cash_runway_years,0.03263925552500019,1.2873174605182203,0.03263925552500019,0.25474387852771185,0.1141492882502331,42,cyber_cloud/cloud_saas,126,ols_rank_normal,ham
cash_runway_years,0.011792914969791719,1.3141412017639242,0.0378418884119598,0.27520401659801225,0.13876395599497993,42,cyber_cloud/cloud_saas,126,ols_winsorized_raw,tema_arındırılmış
cash_runway_years,0.011792914969791738,1.314141201763927,0.03784188841195986,0.27520401659801214,0.13876395599497987,42,cyber_cloud/cloud_saas,126,ols_winsorized_raw,ham
cash_runway_years,0.05384253477742891,2.593778930827634,0.05384253477742891,0.2654302464223158,0.12740339663758546,42,cyber_cloud/cloud_saas,126,wls_sqrt_mcap,tema_arındırılmış
cash_runway_years,0.05384253477742891,2.593778930827633,0.05384253477742891,0.26543024642231583,0.12740339663758543,42,cyber_cloud/cloud_saas,126,wls_sqrt_mcap,ham
cop_at,0.0010909461154545612,0.9110409828580334,0.0010909461154545612,0.11430087035412317,0.06223340297555177,181,cyber_cloud/cloud_saas,21,ols_rank_normal,tema_arındırılmış
cop_at,0.0010909461154545621,0.9110409828580343,0.0010909461154545621,0.11430087035412315,0.06223340297555177,181,cyber_cloud/cloud_saas,21,ols_rank_normal,ham
cop_at,0.009414741353950054,0.5286109380908143,0.0006509210924026505,0.11172505539046257,0.05980577587533372,181,cyber_cloud/cloud_saas,21,ols_winsorized_raw,tema_arındırılmış
cop_at,0.009414741353950047,0.5286109380908139,0.00065092109240265,0.11172505539046254,0.0598057758753337,181,cyber_cloud/cloud_saas,21,ols_winsorized_raw,ham
cop_at,0.0008775184194806567,0.8151218556580561,0.0008775184194806567,0.15867533400416686,0.10975449794992584,181,cyber_cloud/cloud_saas,21,wls_sqrt_mcap,tema_arındırılmış
cop_at,0.0008775184194806593,0.8151218556580588,0.0008775184194806593,0.1586753340041669,0.10975449794992584,181,cyber_cloud/cloud_saas,21,wls_sqrt_mcap,ham
cop_at,0.002743334650150198,0.8543384741024929,0.002743334650150198,0.12348842263134467,0.0716436785758062,179,cyber_cloud/cloud_saas,63,ols_rank_normal,tema_arındırılmış
cop_at,0.002743334650150198,0.8543384741024929,0.002743334650150198,0.12348842263134467,0.07164367857580621,179,cyber_cloud/cloud_saas,63,ols_rank_normal,ham
cop_at,0.0367655765158061,0.8095053649268072,0.002528642527268833,0.11896368315662278,0.06717690027091709,179,cyber_cloud/cloud_saas,63,ols_winsorized_raw,tema_arındırılmış
cop_at,0.03676557651580608,0.8095053649268068,0.0025286425272688317,0.11896368315662278,0.06717690027091712,179,cyber_cloud/cloud_saas,63,ols_winsorized_raw,ham
cop_at,0.0026874379445566148,1.0072101765331911,0.0026874379445566148,0.16019788979190228,0.11039391646578882,179,cyber_cloud/cloud_saas,63,wls_sqrt_mcap,tema_arındırılmış
cop_at,0.0026874379445566174,1.0072101765331922,0.0026874379445566174,0.16019788979190228,0.11039391646578883,179,cyber_cloud/cloud_saas,63,wls_sqrt_mcap,ham
cop_at,0.0055986712065073715,0.896030554675241,0.0055986712065073715,0.11686784501190607,0.06373499259857272,176,cyber_cloud/cloud_saas,126,ols_rank_normal,tema_arındırılmış
cop_at,0.005598671206507369,0.8960305546752407,0.005598671206507369,0.11686784501190606,0.06373499259857268,176,cyber_cloud/cloud_saas,126,ols_rank_normal,ham
cop_at,0.08430025479808392,0.9864310748346005,0.005760338500549644,0.11464007215902837,0.06159975456188633,176,cyber_cloud/cloud_saas,126,ols_winsorized_raw,tema_arındırılmış
cop_at,0.08430025479808392,0.9864310748346005,0.005760338500549644,0.11464007215902834,0.06159975456188631,176,cyber_cloud/cloud_saas,126,ols_winsorized_raw,ham
cop_at,0.006685756302859516,1.3709449901608348,0.006685756302859516,0.1493975602932738,0.09749164095003103,176,cyber_cloud/cloud_saas,126,wls_sqrt_mcap,tema_arındırılmış
cop_at,0.006685756302859516,1.370944990160835,0.006685756302859516,0.14939756029327378,0.097491640950031,176,cyber_cloud/cloud_saas,126,wls_sqrt_mcap,ham
dist_52w_high,0.0001449616388522659,0.08770840066311271,0.0001449616388522659,0.1270769652031321,0.08214966524535106,181,cyber_cloud/cloud_saas,21,ols_rank_normal,tema_arındırılmış
dist_52w_high,0.0001449616388522663,0.08770840066311296,0.0001449616388522663,0.12707696520313214,0.08214966524535107,181,cyber_cloud/cloud_saas,21,ols_rank_normal,ham
dist_52w_high,0.007251321283830186,0.6027861138504523,0.0010230282726509208,0.13365304611249845,0.08888726192896092,181,cyber_cloud/cloud_saas,21,ols_winsorized_raw,tema_arındırılmış
dist_52w_high,0.00725132128383018,0.6027861138504518,0.00102302827265092,0.13365304611249848,0.08888726192896093,181,cyber_cloud/cloud_saas,21,ols_winsorized_raw,ham
dist_52w_high,-0.000743228475801933,-0.47512740345029564,-0.000743228475801933,0.17048531826454993,0.1277735466508231,181,cyber_cloud/cloud_saas,21,wls_sqrt_mcap,tema_arındırılmış
dist_52w_high,-0.0007432284758019366,-0.4751274034502979,-0.0007432284758019366,0.1704853182645499,0.1277735466508231,181,cyber_cloud/cloud_saas,21,wls_sqrt_mcap,ham
dist_52w_high,0.0018598171912991826,0.4238336687873623,0.0018598171912991826,0.12448205093833767,0.0788596789684328,179,cyber_cloud/cloud_saas,63,ols_rank_normal,tema_arındırılmış
dist_52w_high,0.0018598171912991843,0.4238336687873626,0.0018598171912991843,0.12448205093833765,0.07885967896843278,179,cyber_cloud/cloud_saas,63,ols_rank_normal,ham
dist_52w_high,0.035688917779188443,1.1911138783498494,0.005020933227462521,0.12949438030552793,0.08397273556016369,179,cyber_cloud/cloud_saas,63,ols_winsorized_raw,tema_arındırılmış
dist_52w_high,0.035688917779188395,1.1911138783498476,0.005020933227462514,0.12949438030552793,0.0839727355601637,179,cyber_cloud/cloud_saas,63,ols_winsorized_raw,ham
dist_52w_high,-0.0005625458718241411,-0.15125855271995253,-0.0005625458718241411,0.16189859733020676,0.11769293327895686,179,cyber_cloud/cloud_saas,63,wls_sqrt_mcap,tema_arındırılmış
dist_52w_high,-0.0005625458718241454,-0.15125855271995375,-0.0005625458718241454,0.16189859733020676,0.11769293327895686,179,cyber_cloud/cloud_saas,63,wls_sqrt_mcap,ham
dist_52w_high,0.0071296688110635865,0.9491518583148444,0.0071296688110635865,0.1130217607936578,0.06573331064276004,176,cyber_cloud/cloud_saas,126,ols_rank_normal,tema_arındırılmış
dist_52w_high,0.007129668811063586,0.9491518583148443,0.007129668811063586,0.11302176079365779,0.06573331064276003,176,cyber_cloud/cloud_saas,126,ols_rank_normal,ham
dist_52w_high,0.09959771699732979,1.9499299452830714,0.013938332114006333,0.12410995146235747,0.07751541816601265,176,cyber_cloud/cloud_saas,126,ols_winsorized_raw,tema_arındırılmış
dist_52w_high,0.09959771699732975,1.9499299452830703,0.013938332114006326,0.12410995146235751,0.07751541816601266,176,cyber_cloud/cloud_saas,126,ols_winsorized_raw,ham
dist_52w_high,0.0022585883132837446,0.34549650774669177,0.0022585883132837446,0.14556655234571136,0.09919737650677019,176,cyber_cloud/cloud_saas,126,wls_sqrt_mcap,tema_arındırılmış
dist_52w_high,0.0022585883132837407,0.3454965077466912,0.0022585883132837407,0.14556655234571134,0.09919737650677019,176,cyber_cloud/cloud_saas,126,wls_sqrt_mcap,ham
droe,-0.0013529729261982564,-1.373012473704971,-0.0013529729261982564,0.11126465437099461,0.05772298701814154,179,cyber_cloud/cloud_saas,21,ols_rank_normal,tema_arındırılmış
droe,-0.0013529729261982596,-1.3730124737049747,-0.0013529729261982596,0.11126465437099464,0.05772298701814154,179,cyber_cloud/cloud_saas,21,ols_rank_normal,ham
droe,0.0005894122079784713,0.032899105363150334,6.764879167543806e-05,0.11140041436785975,0.0580333989734883,179,cyber_cloud/cloud_saas,21,ols_winsorized_raw,tema_arındırılmış
droe,0.000589412207978458,0.03289910536314959,6.764879167543652e-05,0.11140041436785975,0.058033398973488276,179,cyber_cloud/cloud_saas,21,ols_winsorized_raw,ham
droe,-0.0007465174215406764,-0.7966173410640949,-0.0007465174215406764,0.1630857807023702,0.11365568760531622,179,cyber_cloud/cloud_saas,21,wls_sqrt_mcap,tema_arındırılmış
droe,-0.0007465174215406763,-0.7966173410640952,-0.0007465174215406763,0.1630857807023702,0.11365568760531622,179,cyber_cloud/cloud_saas,21,wls_sqrt_mcap,ham
droe,-0.0014362415342846235,-0.5284464312650269,-0.0014362415342846235,0.11596309150868532,0.06281539627401898,177,cyber_cloud/cloud_saas,63,ols_rank_normal,tema_arındırılmış
droe,-0.001436241534284626,-0.528446431265028,-0.001436241534284626,0.11596309150868528,0.06281539627401897,177,cyber_cloud/cloud_saas,63,ols_rank_normal,ham
droe,0.02655443320636154,0.5081597378158592,0.0030627773585096348,0.11441167348668926,0.061254258319958475,177,cyber_cloud/cloud_saas,63,ols_winsorized_raw,tema_arındırılmış
droe,0.02655443320636153,0.508159737815859,0.003062777358509634,0.11441167348668925,0.061254258319958475,177,cyber_cloud/cloud_saas,63,ols_winsorized_raw,ham
droe,-0.001269152687284377,-0.45785664426706013,-0.001269152687284377,0.16432745580639416,0.11441833138633517,177,cyber_cloud/cloud_saas,63,wls_sqrt_mcap,tema_arındırılmış
droe,-0.0012691526872843776,-0.45785664426706013,-0.0012691526872843776,0.16432745580639416,0.11441833138633516,177,cyber_cloud/cloud_saas,63,wls_sqrt_mcap,ham
droe,-0.00013512372260731674,-0.02999863570462601,-0.00013512372260731674,0.10837196885435878,0.05468655512156946,174,cyber_cloud/cloud_saas,126,ols_rank_normal,tema_arındırılmış
droe,-0.00013512372260732122,-0.029998635704627016,-0.00013512372260732122,0.10837196885435876,0.054686555121569454,174,cyber_cloud/cloud_saas,126,ols_rank_normal,ham
droe,0.04571216635105185,0.5638814241549571,0.005277823561546203,0.10422216797510452,0.04995706822450402,174,cyber_cloud/cloud_saas,126,ols_winsorized_raw,tema_arındırılmış
droe,0.04571216635105183,0.5638814241549569,0.0052778235615462,0.10422216797510447,0.04995706822450399,174,cyber_cloud/cloud_saas,126,ols_winsorized_raw,ham
droe,-0.0009410277564213082,-0.19575160113849854,-0.0009410277564213082,0.15362795292655793,0.10215758612549102,174,cyber_cloud/cloud_saas,126,wls_sqrt_mcap,tema_arındırılmış
droe,-0.0009410277564213075,-0.19575160113849846,-0.0009410277564213075,0.15362795292655795,0.10215758612549102,174,cyber_cloud/cloud_saas,126,wls_sqrt_mcap,ham
ear_3d,5.16890211954743e-05,0.04793191520290401,5.16890211954743e-05,0.11626125252237604,0.06658085114972123,181,cyber_cloud/cloud_saas,21,ols_rank_normal,tema_arındırılmış
ear_3d,5.168902119547468e-05,0.047931915202904365,5.168902119547468e-05,0.11626125252237604,0.06658085114972125,181,cyber_cloud/cloud_saas,21,ols_rank_normal,ham
ear_3d,-0.0002925726959631902,-0.025930395028441803,-3.0313952161826685e-05,0.11973585592084399,0.070381624334112,181,cyber_cloud/cloud_saas,21,ols_winsorized_raw,tema_arındırılmış
ear_3d,-0.0002925726959631841,-0.025930395028441265,-3.0313952161826055e-05,0.11973585592084399,0.070381624334112,181,cyber_cloud/cloud_saas,21,ols_winsorized_raw,ham
ear_3d,-0.000797673132019852,-0.7202137655692433,-0.000797673132019852,0.15985498730285214,0.11275678786332487,181,cyber_cloud/cloud_saas,21,wls_sqrt_mcap,tema_arındırılmış
ear_3d,-0.0007976731320198501,-0.7202137655692415,-0.0007976731320198501,0.15985498730285214,0.11275678786332488,181,cyber_cloud/cloud_saas,21,wls_sqrt_mcap,ham
ear_3d,0.00027926580656264534,0.1050464121030345,0.00027926580656264534,0.12209011384142383,0.07275025365720687,179,cyber_cloud/cloud_saas,63,ols_rank_normal,tema_arındırılmış
ear_3d,0.0002792658065626462,0.10504641210303484,0.0002792658065626462,0.12209011384142383,0.07275025365720687,179,cyber_cloud/cloud_saas,63,ols_rank_normal,ham
ear_3d,-0.006996333152876861,-0.2676261008139193,-0.0007213302146832908,0.12580331527884048,0.07680827962531757,179,cyber_cloud/cloud_saas,63,ols_winsorized_raw,tema_arındırılmış
ear_3d,-0.006996333152876853,-0.26762610081391897,-0.0007213302146832901,0.12580331527884048,0.07680827962531757,179,cyber_cloud/cloud_saas,63,ols_winsorized_raw,ham
ear_3d,-0.0014577730565167913,-0.5598903050416556,-0.0014577730565167913,0.16015532655024833,0.11268121773412339,179,cyber_cloud/cloud_saas,63,wls_sqrt_mcap,tema_arındırılmış
ear_3d,-0.0014577730565167803,-0.5598903050416513,-0.0014577730565167803,0.16015532655024836,0.11268121773412339,179,cyber_cloud/cloud_saas,63,wls_sqrt_mcap,ham
ear_3d,0.0022511221292865493,0.5619393198302516,0.0022511221292865493,0.10995432452756985,0.058931657790430574,176,cyber_cloud/cloud_saas,126,ols_rank_normal,tema_arındırılmış
ear_3d,0.002251122129286548,0.5619393198302511,0.002251122129286548,0.10995432452756985,0.05893165779043057,176,cyber_cloud/cloud_saas,126,ols_rank_normal,ham
ear_3d,0.00573647821550147,0.14246723700095587,0.0005840399784609649,0.11627896603108788,0.0658654656228991,176,cyber_cloud/cloud_saas,126,ols_winsorized_raw,tema_arındırılmış
ear_3d,0.0057364782155015,0.14246723700095668,0.0005840399784609679,0.11627896603108785,0.0658654656228991,176,cyber_cloud/cloud_saas,126,ols_winsorized_raw,ham
ear_3d,-0.0005423260051363631,-0.14161839410374,-0.0005423260051363631,0.14772516453245596,0.09857697633008274,176,cyber_cloud/cloud_saas,126,wls_sqrt_mcap,tema_arındırılmış
ear_3d,-0.0005423260051363385,-0.1416183941037336,-0.0005423260051363385,0.14772516453245596,0.09857697633008274,176,cyber_cloud/cloud_saas,126,wls_sqrt_mcap,ham
gross_profitability,0.0013343319067445616,1.2708250886679084,0.0013343319067445616,0.11532277949599676,0.06316946236293118,175,cyber_cloud/cloud_saas,21,ols_rank_normal,tema_arındırılmış
gross_profitability,0.001334331906744563,1.2708250886679098,0.001334331906744563,0.11532277949599676,0.0631694623629312,175,cyber_cloud/cloud_saas,21,ols_rank_normal,ham
gross_profitability,0.005901594623272456,1.1122704062242141,0.0011203553416716005,0.11368719469124403,0.061425191351861586,175,cyber_cloud/cloud_saas,21,ols_winsorized_raw,tema_arındırılmış
gross_profitability,0.005901594623272466,1.112270406224216,0.0011203553416716024,0.11368719469124403,0.061425191351861606,175,cyber_cloud/cloud_saas,21,ols_winsorized_raw,ham
gross_profitability,0.00026954620256123196,0.2711456204513353,0.00026954620256123196,0.16335228100949395,0.11453862097356027,175,cyber_cloud/cloud_saas,21,wls_sqrt_mcap,tema_arındırılmış
gross_profitability,0.0002695462025612337,0.271145620451337,0.0002695462025612337,0.16335228100949395,0.11453862097356031,175,cyber_cloud/cloud_saas,21,wls_sqrt_mcap,ham
gross_profitability,0.0035333825436592377,1.2055697709478075,0.0035333825436592377,0.11943789723669845,0.06730217907332486,173,cyber_cloud/cloud_saas,63,ols_rank_normal,tema_arındırılmış
gross_profitability,0.003533382543659239,1.2055697709478082,0.003533382543659239,0.1194378972366985,0.06730217907332488,173,cyber_cloud/cloud_saas,63,ols_rank_normal,ham
gross_profitability,0.01826386325813841,1.262437922757732,0.003455898252652209,0.11623980982377803,0.06381048097124443,173,cyber_cloud/cloud_saas,63,ols_winsorized_raw,tema_arındırılmış
gross_profitability,0.01826386325813843,1.262437922757733,0.0034558982526522123,0.11623980982377807,0.06381048097124448,173,cyber_cloud/cloud_saas,63,ols_winsorized_raw,ham
gross_profitability,-0.00017635638228854364,-0.06423050147729306,-0.00017635638228854364,0.16172230284300598,0.11226286145330362,173,cyber_cloud/cloud_saas,63,wls_sqrt_mcap,tema_arındırılmış
gross_profitability,-0.00017635638228854012,-0.06423050147729178,-0.00017635638228854012,0.16172230284300598,0.11226286145330362,173,cyber_cloud/cloud_saas,63,wls_sqrt_mcap,ham
gross_profitability,0.006494117794661103,1.0343989894679106,0.006494117794661103,0.12366431919014159,0.07119403574893952,170,cyber_cloud/cloud_saas,126,ols_rank_normal,tema_arındırılmış
gross_profitability,0.006494117794661105,1.0343989894679109,0.006494117794661105,0.12366431919014158,0.07119403574893952,170,cyber_cloud/cloud_saas,126,ols_rank_normal,ham
gross_profitability,0.02918248091688996,0.8745422705039861,0.005503372425873773,0.12051284172603285,0.06776189537834323,170,cyber_cloud/cloud_saas,126,ols_winsorized_raw,tema_arındırılmış
gross_profitability,0.02918248091688998,0.874542270503987,0.0055033724258737775,0.12051284172603285,0.06776189537834325,170,cyber_cloud/cloud_saas,126,ols_winsorized_raw,ham
gross_profitability,-0.0002910547244983382,-0.047519700255459714,-0.0002910547244983382,0.15925514341260003,0.10873128540712841,170,cyber_cloud/cloud_saas,126,wls_sqrt_mcap,tema_arındırılmış
gross_profitability,-0.0002910547244983369,-0.04751970025545949,-0.0002910547244983369,0.15925514341260003,0.10873128540712838,170,cyber_cloud/cloud_saas,126,wls_sqrt_mcap,ham
idio_vol_60d,-0.0002553513036424547,-0.15239974141902826,-0.0002553513036424547,0.11823243042544751,0.07218431573244909,181,cyber_cloud/cloud_saas,21,ols_rank_normal,tema_arındırılmış
idio_vol_60d,-0.00025535130364245267,-0.15239974141902707,-0.00025535130364245267,0.11823243042544752,0.0721843157324491,181,cyber_cloud/cloud_saas,21,ols_rank_normal,ham
idio_vol_60d,-0.0003239287918573465,-0.030915664566235943,-5.5598149557431854e-05,0.12991087694626618,0.08453768741061944,181,cyber_cloud/cloud_saas,21,ols_winsorized_raw,tema_arındırılmış
idio_vol_60d,-0.00032392879185736486,-0.03091566456623769,-5.5598149557435005e-05,0.12991087694626616,0.08453768741061944,181,cyber_cloud/cloud_saas,21,ols_winsorized_raw,ham
idio_vol_60d,-0.00036354045919487253,-0.22301375410761018,-0.00036354045919487253,0.16388378714313814,0.12024578899069384,181,cyber_cloud/cloud_saas,21,wls_sqrt_mcap,tema_arındırılmış
idio_vol_60d,-0.0003635404591948738,-0.223013754107611,-0.0003635404591948738,0.16388378714313814,0.12024578899069384,181,cyber_cloud/cloud_saas,21,wls_sqrt_mcap,ham
idio_vol_60d,0.002335368476349588,0.5407889918206817,0.002335368476349588,0.1206874272397078,0.07453524159617664,179,cyber_cloud/cloud_saas,63,ols_rank_normal,tema_arındırılmış
idio_vol_60d,0.002335368476349586,0.5407889918206814,0.002335368476349586,0.1206874272397078,0.07453524159617664,179,cyber_cloud/cloud_saas,63,ols_rank_normal,ham
idio_vol_60d,0.02303920135157007,0.8571809446681102,0.003942969204356482,0.13205110903328623,0.08671364253635709,179,cyber_cloud/cloud_saas,63,ols_winsorized_raw,tema_arındırılmış
idio_vol_60d,0.023039201351570043,0.8571809446681092,0.003942969204356477,0.13205110903328623,0.08671364253635709,179,cyber_cloud/cloud_saas,63,ols_winsorized_raw,ham
idio_vol_60d,0.0018137953259833614,0.4188116745100045,0.0018137953259833614,0.16171873900444367,0.11711625321170567,179,cyber_cloud/cloud_saas,63,wls_sqrt_mcap,tema_arındırılmış
idio_vol_60d,0.0018137953259833564,0.41881167451000334,0.0018137953259833564,0.1617187390044436,0.11711625321170567,179,cyber_cloud/cloud_saas,63,wls_sqrt_mcap,ham
idio_vol_60d,0.007101606318615191,0.810122468464746,0.007101606318615191,0.11411330775395102,0.06668508389590223,176,cyber_cloud/cloud_saas,126,ols_rank_normal,tema_arındırılmış
idio_vol_60d,0.007101606318615191,0.810122468464746,0.007101606318615191,0.11411330775395102,0.06668508389590225,176,cyber_cloud/cloud_saas,126,ols_rank_normal,ham
idio_vol_60d,0.058771496346030565,1.1043656172249026,0.009979738120761823,0.1270753988455232,0.0806797889310415,176,cyber_cloud/cloud_saas,126,ols_winsorized_raw,tema_arındırılmış
idio_vol_60d,0.058771496346030516,1.1043656172249017,0.009979738120761814,0.12707539884552327,0.08067978893104154,176,cyber_cloud/cloud_saas,126,ols_winsorized_raw,ham
idio_vol_60d,0.005933934488945647,0.7105039865826727,0.005933934488945647,0.15696315568609415,0.11115036130745488,176,cyber_cloud/cloud_saas,126,wls_sqrt_mcap,tema_arındırılmış
idio_vol_60d,0.005933934488945635,0.7105039865826712,0.005933934488945635,0.15696315568609417,0.11115036130745488,176,cyber_cloud/cloud_saas,126,wls_sqrt_mcap,ham
max_ret_21d,0.0012427881956998041,0.9042640476644594,0.0012427881956998041,0.11393229920573872,0.06751060086336717,181,cyber_cloud/cloud_saas,21,ols_rank_normal,tema_arındırılmış
max_ret_21d,0.001242788195699804,0.9042640476644592,0.001242788195699804,0.11393229920573872,0.06751060086336717,181,cyber_cloud/cloud_saas,21,ols_rank_normal,ham
max_ret_21d,0.06585556410353438,1.5859871794793838,0.0029511770080675116,0.12074408878910672,0.07452112255609998,181,cyber_cloud/cloud_saas,21,ols_winsorized_raw,tema_arındırılmış
max_ret_21d,0.0658555641035344,1.585987179479384,0.0029511770080675125,0.12074408878910672,0.0745211225561,181,cyber_cloud/cloud_saas,21,ols_winsorized_raw,ham
max_ret_21d,0.0018161439215141593,1.4637094104952852,0.0018161439215141593,0.15948772874684614,0.11580313312151184,181,cyber_cloud/cloud_saas,21,wls_sqrt_mcap,tema_arındırılmış
max_ret_21d,0.001816143921514153,1.46370941049528,0.001816143921514153,0.1594877287468461,0.11580313312151184,181,cyber_cloud/cloud_saas,21,wls_sqrt_mcap,ham
max_ret_21d,0.0011895658817764204,0.4264578770193769,0.0011895658817764204,0.1148052993090072,0.06835415931332675,179,cyber_cloud/cloud_saas,63,ols_rank_normal,tema_arındırılmış
max_ret_21d,0.00118956588177642,0.4264578770193767,0.00118956588177642,0.1148052993090072,0.06835415931332676,179,cyber_cloud/cloud_saas,63,ols_rank_normal,ham
max_ret_21d,0.0475043862316011,0.5720864602972977,0.0021213216908200013,0.12307957784506679,0.0770906917414746,179,cyber_cloud/cloud_saas,63,ols_winsorized_raw,tema_arındırılmış
max_ret_21d,0.04750438623160102,0.5720864602972967,0.0021213216908199974,0.12307957784506679,0.07709069174147459,179,cyber_cloud/cloud_saas,63,ols_winsorized_raw,ham
max_ret_21d,0.0015556856737113968,0.57131298067618,0.0015556856737113968,0.1550711975926521,0.11060996346595606,179,cyber_cloud/cloud_saas,63,wls_sqrt_mcap,tema_arındırılmış
max_ret_21d,0.0015556856737113866,0.5713129806761761,0.0015556856737113866,0.1550711975926521,0.11060996346595606,179,cyber_cloud/cloud_saas,63,wls_sqrt_mcap,ham
max_ret_21d,0.0029280738075420326,0.6293559931449315,0.0029280738075420326,0.10206382723719963,0.054010771454903954,176,cyber_cloud/cloud_saas,126,ols_rank_normal,tema_arındırılmış
max_ret_21d,0.0029280738075420365,0.6293559931449322,0.0029280738075420365,0.10206382723719963,0.054010771454903954,176,cyber_cloud/cloud_saas,126,ols_rank_normal,ham
max_ret_21d,0.1483851303551115,1.0919259373470205,0.0065687553360059235,0.11105437944005211,0.0635657669869755,176,cyber_cloud/cloud_saas,126,ols_winsorized_raw,tema_arındırılmış
max_ret_21d,0.1483851303551114,1.0919259373470196,0.006568755336005918,0.11105437944005211,0.06356576698697552,176,cyber_cloud/cloud_saas,126,ols_winsorized_raw,ham
max_ret_21d,0.002330127590792543,0.45627503199325803,0.002330127590792543,0.14581690730845784,0.10003855067296707,176,cyber_cloud/cloud_saas,126,wls_sqrt_mcap,tema_arındırılmış
max_ret_21d,0.002330127590792535,0.4562750319932565,0.002330127590792535,0.14581690730845784,0.10003855067296709,176,cyber_cloud/cloud_saas,126,wls_sqrt_mcap,ham
mom_12_1,0.0011113808870858424,0.7299787149467843,0.0011113808870858424,0.12893129003399598,0.08361812026679782,181,cyber_cloud/cloud_saas,21,ols_rank_normal,tema_arındırılmış
mom_12_1,0.0011113808870858442,0.7299787149467856,0.0011113808870858442,0.12893129003399595,0.08361812026679785,181,cyber_cloud/cloud_saas,21,ols_rank_normal,ham
mom_12_1,0.00314308879474249,0.7149794505884626,0.001455799730042143,0.13322691541313172,0.08821681490218511,181,cyber_cloud/cloud_saas,21,ols_winsorized_raw,tema_arındırılmış
mom_12_1,0.0031430887947424897,0.7149794505884624,0.0014557997300421429,0.13322691541313175,0.08821681490218511,181,cyber_cloud/cloud_saas,21,ols_winsorized_raw,ham
mom_12_1,0.0004249244888530481,0.275013271909261,0.0004249244888530481,0.1705646728248823,0.12771129974330797,181,cyber_cloud/cloud_saas,21,wls_sqrt_mcap,tema_arındırılmış
mom_12_1,0.0004249244888530459,0.27501327190925967,0.0004249244888530459,0.1705646728248823,0.127711299743308,181,cyber_cloud/cloud_saas,21,wls_sqrt_mcap,ham
mom_12_1,0.0050531623863259495,1.4436874334142513,0.0050531623863259495,0.12283092091855383,0.07681199240623866,179,cyber_cloud/cloud_saas,63,ols_rank_normal,tema_arındırılmış
mom_12_1,0.005053162386325948,1.4436874334142504,0.005053162386325948,0.12283092091855381,0.07681199240623866,179,cyber_cloud/cloud_saas,63,ols_rank_normal,ham
mom_12_1,0.012992683904963824,1.2505243352431765,0.005980688198532418,0.12245940923497632,0.07636078480331678,179,cyber_cloud/cloud_saas,63,ols_winsorized_raw,tema_arındırılmış
mom_12_1,0.01299268390496383,1.250524335243177,0.005980688198532421,0.12245940923497632,0.07636078480331678,179,cyber_cloud/cloud_saas,63,ols_winsorized_raw,ham
mom_12_1,0.0028674233665758305,0.7850267786934101,0.0028674233665758305,0.1614430463244006,0.11721035544106065,179,cyber_cloud/cloud_saas,63,wls_sqrt_mcap,tema_arındırılmış
mom_12_1,0.002867423366575832,0.7850267786934106,0.002867423366575832,0.16144304632440057,0.11721035544106065,179,cyber_cloud/cloud_saas,63,wls_sqrt_mcap,ham
mom_12_1,0.00791892551227897,1.3533125349588275,0.00791892551227897,0.10761626592628006,0.05990801436893673,176,cyber_cloud/cloud_saas,126,ols_rank_normal,tema_arındırılmış
mom_12_1,0.00791892551227897,1.3533125349588275,0.00791892551227897,0.10761626592628004,0.05990801436893672,176,cyber_cloud/cloud_saas,126,ols_rank_normal,ham
mom_12_1,0.021693245181283242,1.290775080976388,0.009924822409965608,0.11301086549463758,0.0657877859256865,176,cyber_cloud/cloud_saas,126,ols_winsorized_raw,tema_arındırılmış
mom_12_1,0.021693245181283235,1.2907750809763876,0.009924822409965605,0.11301086549463761,0.06578778592568653,176,cyber_cloud/cloud_saas,126,ols_winsorized_raw,ham
mom_12_1,0.0050122670459873874,0.8412068873278241,0.0050122670459873874,0.14198146671065892,0.0955065914385504,176,cyber_cloud/cloud_saas,126,wls_sqrt_mcap,tema_arındırılmış
mom_12_1,0.0050122670459873935,0.8412068873278251,0.0050122670459873935,0.1419814667106589,0.0955065914385504,176,cyber_cloud/cloud_saas,126,wls_sqrt_mcap,ham
profitable_growth,-0.0002701419713200737,-0.25317826546442623,-0.0002701419713200737,0.10942063072358488,0.0563542431758548,181,cyber_cloud/cloud_saas,21,ols_rank_normal,tema_arındırılmış
profitable_growth,-0.00027014197132007494,-0.2531782654644274,-0.00027014197132007494,0.10942063072358484,0.05635424317585482,181,cyber_cloud/cloud_saas,21,ols_rank_normal,ham
profitable_growth,0.00047122617249627664,0.15807946694206718,0.00016516686603403028,0.10846872590015144,0.055303765796071526,181,cyber_cloud/cloud_saas,21,ols_winsorized_raw,tema_arındırılmış
profitable_growth,0.00047122617249627523,0.15807946694206673,0.0001651668660340298,0.10846872590015144,0.0553037657960715,181,cyber_cloud/cloud_saas,21,ols_winsorized_raw,ham
profitable_growth,-5.5026311463566294e-05,-0.044571945838492846,-5.5026311463566294e-05,0.1632012939890603,0.11356124401399696,181,cyber_cloud/cloud_saas,21,wls_sqrt_mcap,tema_arındırılmış
profitable_growth,-5.502631146356971e-05,-0.044571945838495615,-5.502631146356971e-05,0.1632012939890603,0.11356124401399696,181,cyber_cloud/cloud_saas,21,wls_sqrt_mcap,ham
profitable_growth,0.0007889395519755125,0.2558501415642222,0.0007889395519755125,0.11510644705749419,0.061668522717624456,179,cyber_cloud/cloud_saas,63,ols_rank_normal,tema_arındırılmış
profitable_growth,0.0007889395519755119,0.255850141564222,0.0007889395519755119,0.11510644705749423,0.06166852271762452,179,cyber_cloud/cloud_saas,63,ols_rank_normal,ham
profitable_growth,0.006362866191494552,0.7269239137983424,0.0022309469395057897,0.11332537755298253,0.0598744824633639,179,cyber_cloud/cloud_saas,63,ols_winsorized_raw,tema_arındırılmış
profitable_growth,0.006362866191494545,0.7269239137983416,0.0022309469395057875,0.11332537755298255,0.059874482463363896,179,cyber_cloud/cloud_saas,63,ols_winsorized_raw,ham
profitable_growth,9.744137095260517e-05,0.027515569842723773,9.744137095260517e-05,0.16758181997864027,0.11709695193141084,179,cyber_cloud/cloud_saas,63,wls_sqrt_mcap,tema_arındırılmış
profitable_growth,9.744137095260113e-05,0.027515569842722635,9.744137095260113e-05,0.16758181997864025,0.11709695193141084,179,cyber_cloud/cloud_saas,63,wls_sqrt_mcap,ham
profitable_growth,-0.00026349889608028287,-0.048056137985314606,-0.00026349889608028287,0.10894038173112311,0.054642300954786324,176,cyber_cloud/cloud_saas,126,ols_rank_normal,tema_arındırılmış
profitable_growth,-0.0002634988960802822,-0.04805613798531449,-0.0002634988960802822,0.10894038173112311,0.054642300954786345,176,cyber_cloud/cloud_saas,126,ols_rank_normal,ham
profitable_growth,0.007707796811953735,0.4823924246943502,0.0027041285345670756,0.1090998267086729,0.05498631898459829,176,cyber_cloud/cloud_saas,126,ols_winsorized_raw,tema_arındırılmış
profitable_growth,0.00770779681195373,0.48239242469434984,0.002704128534567074,0.10909982670867291,0.05498631898459832,176,cyber_cloud/cloud_saas,126,ols_winsorized_raw,ham
profitable_growth,-0.0008510052778590029,-0.12308736839442683,-0.0008510052778590029,0.1574044059353378,0.10479908759221117,176,cyber_cloud/cloud_saas,126,wls_sqrt_mcap,tema_arındırılmış
profitable_growth,-0.0008510052778590016,-0.12308736839442663,-0.0008510052778590016,0.1574044059353378,0.10479908759221118,176,cyber_cloud/cloud_saas,126,wls_sqrt_mcap,ham
share_issuance,0.0009328394278288915,0.6094576204016442,0.0009328394278288915,0.12490558145478295,0.0744125346351449,175,cyber_cloud/cloud_saas,21,ols_rank_normal,tema_arındırılmış
share_issuance,0.0009328394278288914,0.6094576204016441,0.0009328394278288914,0.12490558145478295,0.07441253463514487,175,cyber_cloud/cloud_saas,21,ols_rank_normal,ham
share_issuance,0.004937607983908665,0.4202832586078381,0.0008079789167192692,0.12247942595417487,0.07173822183657624,175,cyber_cloud/cloud_saas,21,ols_winsorized_raw,tema_arındırılmış
share_issuance,0.004937607983908664,0.42028325860783805,0.0008079789167192691,0.12247942595417487,0.07173822183657626,175,cyber_cloud/cloud_saas,21,ols_winsorized_raw,ham
share_issuance,-0.0005766983897352355,-0.37083162897758487,-0.0005766983897352355,0.17230243479284946,0.12507108464139466,175,cyber_cloud/cloud_saas,21,wls_sqrt_mcap,tema_arındırılmış
share_issuance,-0.000576698389735233,-0.37083162897758315,-0.000576698389735233,0.17230243479284946,0.12507108464139463,175,cyber_cloud/cloud_saas,21,wls_sqrt_mcap,ham
share_issuance,0.00443763107590944,1.1745353171725799,0.00443763107590944,0.13061362185240585,0.08012802251838057,173,cyber_cloud/cloud_saas,63,ols_rank_normal,tema_arındırılmış
share_issuance,0.004437631075909439,1.1745353171725799,0.004437631075909439,0.1306136218524059,0.08012802251838058,173,cyber_cloud/cloud_saas,63,ols_rank_normal,ham
share_issuance,0.030724949812367158,1.226942036666145,0.0050363538455451195,0.12577676099617371,0.07493205226808447,173,cyber_cloud/cloud_saas,63,ols_winsorized_raw,tema_arındırılmış
share_issuance,0.03072494981236715,1.2269420366661445,0.005036353845545119,0.1257767609961737,0.07493205226808444,173,cyber_cloud/cloud_saas,63,ols_winsorized_raw,ham
share_issuance,-0.0006514393603432876,-0.16068871287447678,-0.0006514393603432876,0.173533887181522,0.12562611266565032,173,cyber_cloud/cloud_saas,63,wls_sqrt_mcap,tema_arındırılmış
share_issuance,-0.000651439360343282,-0.16068871287447536,-0.000651439360343282,0.173533887181522,0.12562611266565038,173,cyber_cloud/cloud_saas,63,wls_sqrt_mcap,ham
share_issuance,0.011358190774836815,1.493115701221666,0.011358190774836815,0.12358578395334366,0.0717975877251198,170,cyber_cloud/cloud_saas,126,ols_rank_normal,tema_arındırılmış
share_issuance,0.011358190774836815,1.4931157012216658,0.011358190774836815,0.12358578395334369,0.0717975877251198,170,cyber_cloud/cloud_saas,126,ols_rank_normal,ham
share_issuance,0.06673213958944932,1.1301065481299584,0.011010970315693093,0.12389978346303276,0.07230986203064824,170,cyber_cloud/cloud_saas,126,ols_winsorized_raw,tema_arındırılmış
share_issuance,0.06673213958944929,1.130106548129958,0.01101097031569309,0.12389978346303276,0.07230986203064824,170,cyber_cloud/cloud_saas,126,ols_winsorized_raw,ham
share_issuance,0.003819934062858334,0.4548128094313555,0.003819934062858334,0.17218120541620247,0.12348298620837861,170,cyber_cloud/cloud_saas,126,wls_sqrt_mcap,tema_arındırılmış
share_issuance,0.0038199340628583362,0.45481280943135566,0.0038199340628583362,0.1721812054162025,0.12348298620837862,170,cyber_cloud/cloud_saas,126,wls_sqrt_mcap,ham
sue,-0.00015869325140327172,-0.17187425228242803,-0.00015869325140327172,0.10539533137939383,0.05282311210856603,177,cyber_cloud/cloud_saas,21,ols_rank_normal,tema_arındırılmış
sue,-0.00015869325140327172,-0.17187425228242809,-0.00015869325140327172,0.10539533137939382,0.05282311210856603,177,cyber_cloud/cloud_saas,21,ols_rank_normal,ham
sue,-0.0003141669749804326,-0.45794664999210616,-0.00041793351982077393,0.10442826132065076,0.05178189044654378,177,cyber_cloud/cloud_saas,21,ols_winsorized_raw,tema_arındırılmış
sue,-0.00031416697498043254,-0.45794664999210605,-0.0004179335198207739,0.10442826132065079,0.051781890446543785,177,cyber_cloud/cloud_saas,21,ols_winsorized_raw,ham
sue,0.000655391676780371,0.6989192438633389,0.000655391676780371,0.15720490376414975,0.10840794889964485,177,cyber_cloud/cloud_saas,21,wls_sqrt_mcap,tema_arındırılmış
sue,0.0006553916767803707,0.6989192438633385,0.0006553916767803707,0.15720490376414975,0.10840794889964485,177,cyber_cloud/cloud_saas,21,wls_sqrt_mcap,ham
sue,0.0012512141880035084,0.501993365943139,0.0012512141880035084,0.10894695169232989,0.05652623348795568,175,cyber_cloud/cloud_saas,63,ols_rank_normal,tema_arındırılmış
sue,0.0012512141880035084,0.501993365943139,0.0012512141880035084,0.10894695169232989,0.0565262334879557,175,cyber_cloud/cloud_saas,63,ols_rank_normal,ham
sue,0.0005859091021645243,0.3156839988752635,0.0007801294323619156,0.10771557155338782,0.05553332045307979,175,cyber_cloud/cloud_saas,63,ols_winsorized_raw,tema_arındırılmış
sue,0.0005859091021645231,0.3156839988752629,0.000780129432361914,0.10771557155338779,0.055533320453079765,175,cyber_cloud/cloud_saas,63,ols_winsorized_raw,ham
sue,0.0033956416997286054,1.2812274494653704,0.0033956416997286054,0.15668397341085713,0.10717395366441124,175,cyber_cloud/cloud_saas,63,wls_sqrt_mcap,tema_arındırılmış
sue,0.0033956416997286127,1.2812274494653733,0.0033956416997286127,0.15668397341085713,0.10717395366441126,175,cyber_cloud/cloud_saas,63,wls_sqrt_mcap,ham
sue,0.005843103048276708,1.3369126337994715,0.005843103048276708,0.10317376405472335,0.04965323468842848,172,cyber_cloud/cloud_saas,126,ols_rank_normal,tema_arındırılmış
sue,0.005843103048276711,1.3369126337994723,0.005843103048276711,0.10317376405472332,0.049653234688428444,172,cyber_cloud/cloud_saas,126,ols_rank_normal,ham
sue,0.004160464410425485,1.2674650571173205,0.005547791229283091,0.10350919672787671,0.050387727776219304,172,cyber_cloud/cloud_saas,126,ols_winsorized_raw,tema_arındırılmış
sue,0.0041604644104254835,1.2674650571173198,0.005547791229283088,0.10350919672787669,0.05038772777621928,172,cyber_cloud/cloud_saas,126,ols_winsorized_raw,ham
sue,0.008293354720371881,1.9008549432715987,0.008293354720371881,0.1471937491327327,0.09580915537496038,172,cyber_cloud/cloud_saas,126,wls_sqrt_mcap,tema_arındırılmış
sue,0.00829335472037189,1.9008549432716006,0.00829335472037189,0.1471937491327327,0.09580915537496033,172,cyber_cloud/cloud_saas,126,wls_sqrt_mcap,ham
sue_announce,0.0017108437620808948,1.3085078810531552,0.0017108437620808948,0.13816968666375773,0.06252403458160809,166,cyber_cloud/cloud_saas,21,ols_rank_normal,tema_arındırılmış
sue_announce,0.0017108437620808944,1.308507881053155,0.0017108437620808944,0.13816968666375767,0.06252403458160809,166,cyber_cloud/cloud_saas,21,ols_rank_normal,ham
sue_announce,0.0010056355649204467,1.2963446255322408,0.0016617391411112715,0.13502184478004134,0.05906317025568565,166,cyber_cloud/cloud_saas,21,ols_winsorized_raw,tema_arındırılmış
sue_announce,0.0010056355649204467,1.2963446255322406,0.0016617391411112715,0.13502184478004137,0.059063170255685665,166,cyber_cloud/cloud_saas,21,ols_winsorized_raw,ham
sue_announce,0.0014315419054582194,1.0909997518839725,0.0014315419054582194,0.19574689732774211,0.12602790255179325,166,cyber_cloud/cloud_saas,21,wls_sqrt_mcap,tema_arındırılmış
sue_announce,0.001431541905458223,1.0909997518839754,0.001431541905458223,0.19574689732774217,0.12602790255179325,166,cyber_cloud/cloud_saas,21,wls_sqrt_mcap,ham
sue_announce,0.004548644394506454,1.2259244068387256,0.004548644394506454,0.1404091776146844,0.06475013808605615,164,cyber_cloud/cloud_saas,63,ols_rank_normal,tema_arındırılmış
sue_announce,0.004548644394506454,1.2259244068387256,0.004548644394506454,0.1404091776146844,0.06475013808605615,164,cyber_cloud/cloud_saas,63,ols_rank_normal,ham
sue_announce,0.003162856867576237,1.439690329103258,0.00522521250613776,0.13869351404100644,0.06291466219110224,164,cyber_cloud/cloud_saas,63,ols_winsorized_raw,tema_arındırılmış
sue_announce,0.003162856867576239,1.4396903291032586,0.0052252125061377636,0.13869351404100644,0.06291466219110221,164,cyber_cloud/cloud_saas,63,ols_winsorized_raw,ham
sue_announce,0.004320951099590783,1.2292119066843712,0.004320951099590783,0.204585789758631,0.13565390735191254,164,cyber_cloud/cloud_saas,63,wls_sqrt_mcap,tema_arındırılmış
sue_announce,0.0043209510995907835,1.2292119066843714,0.0043209510995907835,0.204585789758631,0.13565390735191254,164,cyber_cloud/cloud_saas,63,wls_sqrt_mcap,ham
sue_announce,0.00789529185824063,1.1972172497575349,0.00789529185824063,0.13685053488998875,0.06078550541820172,161,cyber_cloud/cloud_saas,126,ols_rank_normal,tema_arındırılmış
sue_announce,0.00789529185824063,1.197217249757535,0.00789529185824063,0.13685053488998877,0.06078550541820172,161,cyber_cloud/cloud_saas,126,ols_rank_normal,ham
sue_announce,0.004850782871219444,1.2516028997178819,0.008018262319412169,0.13934533983473818,0.06377357637127058,161,cyber_cloud/cloud_saas,126,ols_winsorized_raw,tema_arındırılmış
sue_announce,0.004850782871219444,1.251602899717882,0.008018262319412169,0.1393453398347382,0.06377357637127058,161,cyber_cloud/cloud_saas,126,ols_winsorized_raw,ham
sue_announce,0.005683392137434372,0.8158504153165878,0.005683392137434372,0.20687185795169794,0.13789457221696086,161,cyber_cloud/cloud_saas,126,wls_sqrt_mcap,tema_arındırılmış
sue_announce,0.005683392137434377,0.8158504153165885,0.005683392137434377,0.20687185795169794,0.13789457221696083,161,cyber_cloud/cloud_saas,126,wls_sqrt_mcap,ham
asset_growth,-0.005188224880172356,-1.3818886067424165,-0.005188224880172356,0.7414295464966838,0.19896117706762545,92,cyber_cloud/cloud_saas,21,ols_rank_normal_all,tema_arındırılmış
capex_at,0.00014360501769282308,0.04297636094704888,0.00014360501769282308,0.7414295464966838,0.19896117706762545,92,cyber_cloud/cloud_saas,21,ols_rank_normal_all,tema_arındırılmış
cash_runway_years,0.006737053406397726,1.256227558961984,0.006737053406397726,0.7414295464966838,0.19896117706762545,92,cyber_cloud/cloud_saas,21,ols_rank_normal_all,tema_arındırılmış
cop_at,0.0023109028337465172,0.502491944132685,0.0023109028337465172,0.7414295464966838,0.19896117706762545,92,cyber_cloud/cloud_saas,21,ols_rank_normal_all,tema_arındırılmış
dist_52w_high,-0.0022994632509379647,-0.5052934157737232,-0.0022994632509379647,0.7414295464966838,0.19896117706762545,92,cyber_cloud/cloud_saas,21,ols_rank_normal_all,tema_arındırılmış
droe,-0.00797445298220782,-1.9288287697386999,-0.00797445298220782,0.7414295464966838,0.19896117706762545,92,cyber_cloud/cloud_saas,21,ols_rank_normal_all,tema_arındırılmış
ear_3d,0.0006857265668048359,0.2051769847824623,0.0006857265668048359,0.7414295464966838,0.19896117706762545,92,cyber_cloud/cloud_saas,21,ols_rank_normal_all,tema_arındırılmış
ebit_ev,-0.0036916221933256084,-0.9043534436025277,-0.0036916221933256084,0.7414295464966838,0.19896117706762545,92,cyber_cloud/cloud_saas,21,ols_rank_normal_all,tema_arındırılmış
gross_profitability,-0.0030766748477443202,-0.6803705553192971,-0.0030766748477443202,0.7414295464966838,0.19896117706762545,92,cyber_cloud/cloud_saas,21,ols_rank_normal_all,tema_arındırılmış
idio_vol_60d,0.0006483529011864816,0.1517701310489072,0.0006483529011864816,0.7414295464966838,0.19896117706762545,92,cyber_cloud/cloud_saas,21,ols_rank_normal_all,tema_arındırılmış
max_ret_21d,-0.0005989173925167484,-0.21347298194866976,-0.0005989173925167484,0.7414295464966838,0.19896117706762545,92,cyber_cloud/cloud_saas,21,ols_rank_normal_all,tema_arındırılmış
mom_12_1,-0.0016814314517138726,-0.3280992503281056,-0.0016814314517138726,0.7414295464966838,0.19896117706762545,92,cyber_cloud/cloud_saas,21,ols_rank_normal_all,tema_arındırılmış
net_debt_ebitda,0.00715015975543842,2.093054809032558,0.00715015975543842,0.7414295464966838,0.19896117706762545,92,cyber_cloud/cloud_saas,21,ols_rank_normal_all,tema_arındırılmış
ocf_ev,-0.006221717005537524,-1.2931226917324299,-0.006221717005537524,0.7414295464966838,0.19896117706762545,92,cyber_cloud/cloud_saas,21,ols_rank_normal_all,tema_arındırılmış
profitable_growth,-0.00328856418639966,-0.7671891127392763,-0.00328856418639966,0.7414295464966838,0.19896117706762545,92,cyber_cloud/cloud_saas,21,ols_rank_normal_all,tema_arındırılmış
share_issuance,0.0185643481701721,4.119356699916653,0.0185643481701721,0.7414295464966838,0.19896117706762545,92,cyber_cloud/cloud_saas,21,ols_rank_normal_all,tema_arındırılmış
sue,-0.0003506336396772958,-0.10055809755528132,-0.0003506336396772958,0.7414295464966838,0.19896117706762545,92,cyber_cloud/cloud_saas,21,ols_rank_normal_all,tema_arındırılmış
sue_announce,0.005359101401950951,1.4123729142333712,0.005359101401950951,0.7414295464966838,0.19896117706762545,92,cyber_cloud/cloud_saas,21,ols_rank_normal_all,tema_arındırılmış
asset_growth,-0.015874804485764747,-1.9365891820803176,-0.015874804485764747,0.7196426539330351,0.14673404514415173,90,cyber_cloud/cloud_saas,63,ols_rank_normal_all,tema_arındırılmış
capex_at,0.002836404600784849,0.429606349913493,0.002836404600784849,0.7196426539330351,0.14673404514415173,90,cyber_cloud/cloud_saas,63,ols_rank_normal_all,tema_arındırılmış
cash_runway_years,0.018994034173419175,2.2293895702717466,0.018994034173419175,0.7196426539330351,0.14673404514415173,90,cyber_cloud/cloud_saas,63,ols_rank_normal_all,tema_arındırılmış
cop_at,0.0077572528729577955,0.7138410494873699,0.0077572528729577955,0.7196426539330351,0.14673404514415173,90,cyber_cloud/cloud_saas,63,ols_rank_normal_all,tema_arındırılmış
dist_52w_high,-0.0006850085656626129,-0.10675447634361447,-0.0006850085656626129,0.7196426539330351,0.14673404514415173,90,cyber_cloud/cloud_saas,63,ols_rank_normal_all,tema_arındırılmış
droe,-0.01641342590545143,-1.9310650071509523,-0.01641342590545143,0.7196426539330351,0.14673404514415173,90,cyber_cloud/cloud_saas,63,ols_rank_normal_all,tema_arındırılmış
ear_3d,-0.002648013630034138,-0.3379090971713944,-0.002648013630034138,0.7196426539330351,0.14673404514415173,90,cyber_cloud/cloud_saas,63,ols_rank_normal_all,tema_arındırılmış
ebit_ev,0.010486667508026785,1.4445957506305114,0.010486667508026785,0.7196426539330351,0.14673404514415173,90,cyber_cloud/cloud_saas,63,ols_rank_normal_all,tema_arındırılmış
gross_profitability,-0.0054290947585133075,-0.6000229277990807,-0.0054290947585133075,0.7196426539330351,0.14673404514415173,90,cyber_cloud/cloud_saas,63,ols_rank_normal_all,tema_arındırılmış
idio_vol_60d,-0.008802634130286806,-1.1389270455663327,-0.008802634130286806,0.7196426539330351,0.14673404514415173,90,cyber_cloud/cloud_saas,63,ols_rank_normal_all,tema_arındırılmış
max_ret_21d,0.007138423724618268,1.3243652161223787,0.007138423724618268,0.7196426539330351,0.14673404514415173,90,cyber_cloud/cloud_saas,63,ols_rank_normal_all,tema_arındırılmış
mom_12_1,-0.007910902561430871,-0.9314366333265582,-0.007910902561430871,0.7196426539330351,0.14673404514415173,90,cyber_cloud/cloud_saas,63,ols_rank_normal_all,tema_arındırılmış
net_debt_ebitda,0.015616155926899276,2.275180713991675,0.015616155926899276,0.7196426539330351,0.14673404514415173,90,cyber_cloud/cloud_saas,63,ols_rank_normal_all,tema_arındırılmış
ocf_ev,-0.01945478162497051,-1.7952965738908604,-0.01945478162497051,0.7196426539330351,0.14673404514415173,90,cyber_cloud/cloud_saas,63,ols_rank_normal_all,tema_arındırılmış
profitable_growth,-0.004237103029701517,-0.5787418353253075,-0.004237103029701517,0.7196426539330351,0.14673404514415173,90,cyber_cloud/cloud_saas,63,ols_rank_normal_all,tema_arındırılmış
share_issuance,0.030265956865118626,4.866578274331613,0.030265956865118626,0.7196426539330351,0.14673404514415173,90,cyber_cloud/cloud_saas,63,ols_rank_normal_all,tema_arındırılmış
sue,0.009228185698101616,1.2180345562332788,0.009228185698101616,0.7196426539330351,0.14673404514415173,90,cyber_cloud/cloud_saas,63,ols_rank_normal_all,tema_arındırılmış
sue_announce,-0.00013158249525078292,-0.02481155584141412,-0.00013158249525078292,0.7196426539330351,0.14673404514415173,90,cyber_cloud/cloud_saas,63,ols_rank_normal_all,tema_arındırılmış
asset_growth,-0.030178112526336977,-2.6268717678039897,-0.030178112526336977,0.7424128773460877,0.2080563960988242,87,cyber_cloud/cloud_saas,126,ols_rank_normal_all,tema_arındırılmış
capex_at,0.010286229025740104,1.10400960291231,0.010286229025740104,0.7424128773460877,0.2080563960988242,87,cyber_cloud/cloud_saas,126,ols_rank_normal_all,tema_arındırılmış
cash_runway_years,0.032975079133633046,1.7636226812660951,0.032975079133633046,0.7424128773460877,0.2080563960988242,87,cyber_cloud/cloud_saas,126,ols_rank_normal_all,tema_arındırılmış
cop_at,0.007689360909945071,0.41796173509212786,0.007689360909945071,0.7424128773460877,0.2080563960988242,87,cyber_cloud/cloud_saas,126,ols_rank_normal_all,tema_arındırılmış
dist_52w_high,-0.006079949414664399,-0.5615126690779024,-0.006079949414664399,0.7424128773460877,0.2080563960988242,87,cyber_cloud/cloud_saas,126,ols_rank_normal_all,tema_arındırılmış
droe,-0.03699785067509453,-2.1877549528750673,-0.03699785067509453,0.7424128773460877,0.2080563960988242,87,cyber_cloud/cloud_saas,126,ols_rank_normal_all,tema_arındırılmış
ear_3d,0.010585458186153543,1.1175450353427656,0.010585458186153543,0.7424128773460877,0.2080563960988242,87,cyber_cloud/cloud_saas,126,ols_rank_normal_all,tema_arındırılmış
ebit_ev,0.017334545291004866,1.4021461803983757,0.017334545291004866,0.7424128773460877,0.2080563960988242,87,cyber_cloud/cloud_saas,126,ols_rank_normal_all,tema_arındırılmış
gross_profitability,0.000585523800377325,0.033454024747342076,0.000585523800377325,0.7424128773460877,0.2080563960988242,87,cyber_cloud/cloud_saas,126,ols_rank_normal_all,tema_arındırılmış
idio_vol_60d,-0.01662826981091941,-1.307984554396963,-0.01662826981091941,0.7424128773460877,0.2080563960988242,87,cyber_cloud/cloud_saas,126,ols_rank_normal_all,tema_arındırılmış
max_ret_21d,0.004282502718225384,0.554544437767288,0.004282502718225384,0.7424128773460877,0.2080563960988242,87,cyber_cloud/cloud_saas,126,ols_rank_normal_all,tema_arındırılmış
mom_12_1,-0.018937666196871705,-2.0362027252270014,-0.018937666196871705,0.7424128773460877,0.2080563960988242,87,cyber_cloud/cloud_saas,126,ols_rank_normal_all,tema_arındırılmış
net_debt_ebitda,0.023609431959289825,2.0257237119789795,0.023609431959289825,0.7424128773460877,0.2080563960988242,87,cyber_cloud/cloud_saas,126,ols_rank_normal_all,tema_arındırılmış
ocf_ev,-0.01705796242043956,-0.9459390848263595,-0.01705796242043956,0.7424128773460877,0.2080563960988242,87,cyber_cloud/cloud_saas,126,ols_rank_normal_all,tema_arındırılmış
profitable_growth,-0.01247921153042929,-0.8539996022331131,-0.01247921153042929,0.7424128773460877,0.2080563960988242,87,cyber_cloud/cloud_saas,126,ols_rank_normal_all,tema_arındırılmış
share_issuance,0.0469247234949508,3.1217561312786715,0.0469247234949508,0.7424128773460877,0.2080563960988242,87,cyber_cloud/cloud_saas,126,ols_rank_normal_all,tema_arındırılmış
sue,0.01938985944564628,1.1620898247565896,0.01938985944564628,0.7424128773460877,0.2080563960988242,87,cyber_cloud/cloud_saas,126,ols_rank_normal_all,tema_arındırılmış
sue_announce,-0.0019466941649338453,-0.19734275154667796,-0.0019466941649338453,0.7424128773460877,0.2080563960988242,87,cyber_cloud/cloud_saas,126,ols_rank_normal_all,tema_arındırılmış
asset_growth,0.00032461736456866207,0.2137623830153735,0.00032461736456866207,0.13551769866722396,0.08326067505304618,182,defense_space,21,ols_rank_normal,tema_arındırılmış
asset_growth,0.00032461736456866787,0.21376238301537734,0.00032461736456866787,0.13551769866722393,0.0832606750530462,182,defense_space,21,ols_rank_normal,ham
asset_growth,-0.002114297474786103,-0.4719119322600403,-0.0008769153854024711,0.14041749758348315,0.08836398650700189,182,defense_space,21,ols_winsorized_raw,tema_arındırılmış
asset_growth,-0.0021142974747861013,-0.4719119322600399,-0.0008769153854024705,0.14041749758348313,0.08836398650700185,182,defense_space,21,ols_winsorized_raw,ham
asset_growth,0.0005011842192709577,0.43008450456117425,0.0005011842192709577,0.15975325103481014,0.10889129372692684,182,defense_space,21,wls_sqrt_mcap,tema_arındırılmış
asset_growth,0.0005011842192709552,0.430084504561172,0.0005011842192709552,0.15975325103481014,0.1088912937269268,182,defense_space,21,wls_sqrt_mcap,ham
asset_growth,0.0005862039243949938,0.1884601200577128,0.0005862039243949938,0.12803739242769407,0.07512048743018201,180,defense_space,63,ols_rank_normal,tema_arındırılmış
asset_growth,0.0005862039243949956,0.18846012005771343,0.0005862039243949956,0.12803739242769407,0.07512048743018201,180,defense_space,63,ols_rank_normal,ham
asset_growth,-0.012095511427321015,-1.1788284055543519,-0.004911315151760204,0.12861596260695332,0.07567902137476172,180,defense_space,63,ols_winsorized_raw,tema_arındırılmış
asset_growth,-0.012095511427321013,-1.1788284055543514,-0.004911315151760203,0.12861596260695332,0.07567902137476172,180,defense_space,63,ols_winsorized_raw,ham
asset_growth,0.0005413899519123195,0.2052582849471961,0.0005413899519123195,0.15231060880171468,0.10082867051716483,180,defense_space,63,wls_sqrt_mcap,tema_arındırılmış
asset_growth,0.0005413899519123127,0.20525828494719364,0.0005413899519123127,0.15231060880171468,0.10082867051716483,180,defense_space,63,wls_sqrt_mcap,ham
asset_growth,0.003755833188793033,0.47474129574257207,0.003755833188793033,0.1277508702034531,0.07475998043527779,177,defense_space,126,ols_rank_normal,tema_arındırılmış
asset_growth,0.003755833188793038,0.4747412957425727,0.003755833188793038,0.12775087020345308,0.07475998043527779,177,defense_space,126,ols_rank_normal,ham
asset_growth,-0.014576235116303463,-0.5852745832070511,-0.005692940669210624,0.12655174543977749,0.07342167471942408,177,defense_space,126,ols_winsorized_raw,tema_arındırılmış
asset_growth,-0.014576235116303444,-0.5852745832070502,-0.005692940669210616,0.12655174543977749,0.07342167471942408,177,defense_space,126,ols_winsorized_raw,ham
asset_growth,0.002708528745531739,0.42857656773787506,0.002708528745531739,0.1427491935371436,0.09058225204833603,177,defense_space,126,wls_sqrt_mcap,tema_arındırılmış
asset_growth,0.0027085287455317353,0.4285765677378745,0.0027085287455317353,0.14274919353714363,0.09058225204833603,177,defense_space,126,wls_sqrt_mcap,ham
capex_at,0.00040643107767112714,0.36050313038221515,0.00040643107767112714,0.13473472783916554,0.08087494307188677,182,defense_space,21,ols_rank_normal,tema_arındırılmış
capex_at,0.0004064310776711293,0.36050313038221715,0.0004064310776711293,0.1347347278391656,0.08087494307188679,182,defense_space,21,ols_rank_normal,ham
capex_at,0.07135937157224571,1.7289876425376969,0.002356855373549561,0.14311542596437685,0.08968043933650703,182,defense_space,21,ols_winsorized_raw,tema_arındırılmış
capex_at,0.0713593715722457,1.7289876425376962,0.0023568553735495604,0.14311542596437685,0.08968043933650703,182,defense_space,21,ols_winsorized_raw,ham
capex_at,0.0006119927378853073,0.5943375243283184,0.0006119927378853073,0.15380511453308573,0.10103630144257103,182,defense_space,21,wls_sqrt_mcap,tema_arındırılmış
capex_at,0.0006119927378853065,0.5943375243283179,0.0006119927378853065,0.15380511453308573,0.10103630144257104,182,defense_space,21,wls_sqrt_mcap,ham
capex_at,0.0008296193760119247,0.2339772493216389,0.0008296193760119247,0.13086743779053256,0.0765165498880757,180,defense_space,63,ols_rank_normal,tema_arındırılmış
capex_at,0.0008296193760119271,0.23397724932163957,0.0008296193760119271,0.1308674377905326,0.07651654988807574,180,defense_space,63,ols_rank_normal,ham
capex_at,0.17093128379467332,1.6105872022237442,0.005638624515037591,0.13602257471470655,0.08192813176791254,180,defense_space,63,ols_winsorized_raw,tema_arındırılmış
capex_at,0.17093128379467334,1.6105872022237444,0.005638624515037592,0.13602257471470658,0.08192813176791257,180,defense_space,63,ols_winsorized_raw,ham
capex_at,0.0020286070289506223,0.6648848263720103,0.0020286070289506223,0.15299756493358285,0.09993755102052984,180,defense_space,63,wls_sqrt_mcap,tema_arındırılmış
capex_at,0.002028607028950623,0.6648848263720106,0.002028607028950623,0.15299756493358288,0.09993755102052988,180,defense_space,63,wls_sqrt_mcap,ham
capex_at,0.004356247988778777,0.5325984554075243,0.004356247988778777,0.13200574628747655,0.07767975909494414,177,defense_space,126,ols_rank_normal,tema_arındırılmış
capex_at,0.004356247988778778,0.5325984554075244,0.004356247988778778,0.13200574628747658,0.07767975909494415,177,defense_space,126,ols_rank_normal,ham
capex_at,0.34202235231741546,1.5357495721141947,0.011266246175300712,0.13272808097515537,0.07843587311146524,177,defense_space,126,ols_winsorized_raw,tema_arındırılmış
capex_at,0.34202235231741546,1.5357495721141947,0.011266246175300712,0.1327280809751554,0.07843587311146527,177,defense_space,126,ols_winsorized_raw,ham
capex_at,0.005565341944788554,0.8598390238262654,0.005565341944788554,0.14286191425273972,0.08908520575055455,177,defense_space,126,wls_sqrt_mcap,tema_arındırılmış
capex_at,0.0055653419447885665,0.8598390238262678,0.0055653419447885665,0.1428619142527397,0.08908520575055452,177,defense_space,126,wls_sqrt_mcap,ham
cash_runway_years,-0.011162122380805483,-0.5507100562375274,-0.011162122380805483,0.2449226682528506,0.09282667074171674,27,defense_space,21,ols_rank_normal,tema_arındırılmış
cash_runway_years,-0.011162122380805481,-0.5507100562375273,-0.011162122380805481,0.2449226682528506,0.09282667074171679,27,defense_space,21,ols_rank_normal,ham
cash_runway_years,-0.0028704966072709125,-0.3233039562715825,-0.008026491359770129,0.2578482157653881,0.10837665782415289,27,defense_space,21,ols_winsorized_raw,tema_arındırılmış
cash_runway_years,-0.0028704966072709147,-0.32330395627158265,-0.008026491359770136,0.2578482157653881,0.10837665782415293,27,defense_space,21,ols_winsorized_raw,ham
cash_runway_years,-0.007025380788617504,-0.4290319977108285,-0.007025380788617504,0.24281878701135315,0.08956217896510442,27,defense_space,21,wls_sqrt_mcap,tema_arındırılmış
cash_runway_years,-0.007025380788617502,-0.4290319977108284,-0.007025380788617502,0.2428187870113531,0.08956217896510435,27,defense_space,21,wls_sqrt_mcap,ham
cash_runway_years,0.010551601414389131,0.40876624088048574,0.010551601414389131,0.2177482618429145,0.06104493295778437,25,defense_space,63,ols_rank_normal,tema_arındırılmış
cash_runway_years,0.010551601414389126,0.4087662408804855,0.010551601414389126,0.2177482618429145,0.061044932957784376,25,defense_space,63,ols_rank_normal,ham
cash_runway_years,0.014154497671489845,0.9631287748198633,0.03940406290223253,0.23191828028298198,0.07867522464291032,25,defense_space,63,ols_winsorized_raw,tema_arındırılmış
cash_runway_years,0.014154497671489831,0.9631287748198624,0.03940406290223249,0.23191828028298198,0.0786752246429104,25,defense_space,63,ols_winsorized_raw,ham
cash_runway_years,0.015648618990866555,0.6355646486959949,0.015648618990866555,0.26445180612815056,0.11748961140837735,25,defense_space,63,wls_sqrt_mcap,tema_arındırılmış
cash_runway_years,0.015648618990866562,0.6355646486959952,0.015648618990866562,0.26445180612815056,0.11748961140837735,25,defense_space,63,wls_sqrt_mcap,ham
cash_runway_years,0.0482017681855168,0.9471836915649111,0.0482017681855168,0.24675282149060146,0.0911925963355703,22,defense_space,126,ols_rank_normal,tema_arındırılmış
cash_runway_years,0.04820176818551681,0.9471836915649114,0.04820176818551681,0.24675282149060146,0.09119259633557028,22,defense_space,126,ols_rank_normal,ham
cash_runway_years,0.052056538973703485,1.445042174401439,0.14276618739987057,0.24951012760222804,0.09475513582160228,22,defense_space,126,ols_winsorized_raw,tema_arındırılmış
cash_runway_years,0.05205653897370353,1.4450421744014401,0.14276618739987068,0.24951012760222804,0.09475513582160232,22,defense_space,126,ols_winsorized_raw,ham
cash_runway_years,0.061110665793856205,1.3170342535469914,0.061110665793856205,0.26379586915935893,0.11247668550429663,22,defense_space,126,wls_sqrt_mcap,tema_arındırılmış
cash_runway_years,0.061110665793856225,1.3170342535469923,0.061110665793856225,0.263795869159359,0.11247668550429667,22,defense_space,126,wls_sqrt_mcap,ham
cop_at,-0.0031713218903137268,-2.9056861733844657,-0.0031713218903137268,0.13381069053955486,0.07552668967426801,182,defense_space,21,ols_rank_normal,tema_arındırılmış
cop_at,-0.0031713218903137268,-2.9056861733844657,-0.0031713218903137268,0.13381069053955486,0.07552668967426801,182,defense_space,21,ols_rank_normal,ham
cop_at,-0.07847973905717587,-2.908811959874451,-0.0036193848059920017,0.13669113749336514,0.0785961421311935,182,defense_space,21,ols_winsorized_raw,tema_arındırılmış
cop_at,-0.07847973905717592,-2.908811959874453,-0.0036193848059920043,0.13669113749336514,0.0785961421311935,182,defense_space,21,ols_winsorized_raw,ham
cop_at,-0.0013079698731144245,-1.3444863456327785,-0.0013079698731144245,0.16323174284398495,0.10695752008504579,182,defense_space,21,wls_sqrt_mcap,tema_arındırılmış
cop_at,-0.0013079698731144227,-1.3444863456327774,-0.0013079698731144227,0.16323174284398495,0.10695752008504578,182,defense_space,21,wls_sqrt_mcap,ham
cop_at,-0.0065010236016973645,-2.1789955374077987,-0.0065010236016973645,0.13407820886335084,0.07570533340701428,180,defense_space,63,ols_rank_normal,tema_arındırılmış
cop_at,-0.006501023601697367,-2.178995537407799,-0.006501023601697367,0.13407820886335087,0.07570533340701428,180,defense_space,63,ols_rank_normal,ham
cop_at,-0.1428223654284742,-1.8740571103698447,-0.00657483131380269,0.1369757320223074,0.07879731925467265,180,defense_space,63,ols_winsorized_raw,tema_arındırılmış
cop_at,-0.14282236542847423,-1.8740571103698451,-0.006574831313802692,0.1369757320223074,0.07879731925467266,180,defense_space,63,ols_winsorized_raw,ham
cop_at,-0.0006032651125828196,-0.22284096510793724,-0.0006032651125828196,0.16035117391025133,0.10378625579068776,180,defense_space,63,wls_sqrt_mcap,tema_arındırılmış
cop_at,-0.0006032651125828175,-0.2228409651079365,-0.0006032651125828175,0.16035117391025133,0.10378625579068776,180,defense_space,63,wls_sqrt_mcap,ham
cop_at,-0.010602351512451702,-1.8689817979750512,-0.010602351512451702,0.1295894788813029,0.07093404835310439,177,defense_space,126,ols_rank_normal,tema_arındırılmış
cop_at,-0.010602351512451702,-1.8689817979750514,-0.010602351512451702,0.12958947888130293,0.07093404835310439,177,defense_space,126,ols_rank_normal,ham
cop_at,-0.2526535043705045,-1.7303065581203354,-0.01161412662885055,0.1336582564282485,0.0752946061450538,177,defense_space,126,ols_winsorized_raw,tema_arındırılmış
cop_at,-0.25265350437050443,-1.7303065581203352,-0.011614126628850547,0.13365825642824847,0.07529460614505377,177,defense_space,126,ols_winsorized_raw,ham
cop_at,-0.0011417932911019842,-0.22457377903260156,-0.0011417932911019842,0.1398098640196738,0.08179611709253004,177,defense_space,126,wls_sqrt_mcap,tema_arındırılmış
cop_at,-0.0011417932911019883,-0.22457377903260234,-0.0011417932911019883,0.1398098640196738,0.08179611709253004,177,defense_space,126,wls_sqrt_mcap,ham
dist_52w_high,0.0008629266091258155,0.5048169258889537,0.0008629266091258155,0.1402685722385251,0.08947263381702183,182,defense_space,21,ols_rank_normal,tema_arındırılmış
dist_52w_high,0.0008629266091258151,0.5048169258889533,0.0008629266091258151,0.1402685722385251,0.08947263381702183,182,defense_space,21,ols_rank_normal,ham
dist_52w_high,0.004064209138662327,0.28789074582768504,0.0005663236629752871,0.1562238641059235,0.10631490067623768,182,defense_space,21,ols_winsorized_raw,tema_arındırılmış
dist_52w_high,0.004064209138662333,0.2878907458276855,0.0005663236629752879,0.15622386410592354,0.10631490067623768,182,defense_space,21,ols_winsorized_raw,ham
dist_52w_high,0.001788920132777984,1.1436970982464092,0.001788920132777984,0.17042381666744338,0.12124181313004928,182,defense_space,21,wls_sqrt_mcap,tema_arındırılmış
dist_52w_high,0.001788920132777984,1.143697098246409,0.001788920132777984,0.17042381666744338,0.12124181313004927,182,defense_space,21,wls_sqrt_mcap,ham
dist_52w_high,0.0039387452037831245,0.8429048695786245,0.0039387452037831245,0.14070219412054516,0.08983127126892197,180,defense_space,63,ols_rank_normal,tema_arındırılmış
dist_52w_high,0.003938745203783125,0.8429048695786248,0.003938745203783125,0.14070219412054513,0.08983127126892197,180,defense_space,63,ols_rank_normal,ham
dist_52w_high,0.019890708857375695,0.5082984059056102,0.002755329519534242,0.152077399477388,0.10187099613689536,180,defense_space,63,ols_winsorized_raw,tema_arındırılmış
dist_52w_high,0.01989070885737572,0.5082984059056107,0.0027553295195342454,0.152077399477388,0.10187099613689536,180,defense_space,63,ols_winsorized_raw,ham
dist_52w_high,0.00989872889685597,2.7050278297772463,0.00989872889685597,0.1716444890973325,0.12243476938175019,180,defense_space,63,wls_sqrt_mcap,tema_arındırılmış
dist_52w_high,0.009898728896855963,2.705027829777244,0.009898728896855963,0.17164448909733246,0.12243476938175021,180,defense_space,63,wls_sqrt_mcap,ham
dist_52w_high,0.01122179123816555,1.2798208448228439,0.01122179123816555,0.13202577356120435,0.08047665353503587,177,defense_space,126,ols_rank_normal,tema_arındırılmış
dist_52w_high,0.011221791238165552,1.279820844822844,0.011221791238165552,0.13202577356120435,0.08047665353503586,177,defense_space,126,ols_rank_normal,ham
dist_52w_high,0.051618644371797875,0.696774035814987,0.007106557264392048,0.14405127389421835,0.09319192765391703,177,defense_space,126,ols_winsorized_raw,tema_arındırılmış
dist_52w_high,0.05161864437179786,0.6967740358149869,0.007106557264392046,0.14405127389421835,0.09319192765391703,177,defense_space,126,ols_winsorized_raw,ham
dist_52w_high,0.022311265469645188,3.4189323127515636,0.022311265469645188,0.1553185259249313,0.10499087569008272,177,defense_space,126,wls_sqrt_mcap,tema_arındırılmış
dist_52w_high,0.022311265469645184,3.418932312751562,0.022311265469645184,0.15531852592493134,0.10499087569008274,177,defense_space,126,wls_sqrt_mcap,ham
droe,-0.0014647080972989691,-1.2340804191858235,-0.0014647080972989691,0.1355293723099234,0.07312437490960104,182,defense_space,21,ols_rank_normal,tema_arındırılmış
droe,-0.0014647080972989693,-1.2340804191858232,-0.0014647080972989693,0.1355293723099234,0.07312437490960104,182,defense_space,21,ols_rank_normal,ham
droe,-0.006352955072023512,-0.43755663153234575,-0.0007714660761464924,0.13642726534067345,0.0740150980651506,182,defense_space,21,ols_winsorized_raw,tema_arındırılmış
droe,-0.006352955072023515,-0.43755663153234603,-0.0007714660761464928,0.13642726534067345,0.07401509806515058,182,defense_space,21,ols_winsorized_raw,ham
droe,0.00024646557909603335,0.24674618212005478,0.00024646557909603335,0.16871260086555417,0.10864810762568652,182,defense_space,21,wls_sqrt_mcap,tema_arındırılmış
droe,0.0002464655790960392,0.2467461821200607,0.0002464655790960392,0.1687126008655542,0.10864810762568652,182,defense_space,21,wls_sqrt_mcap,ham
droe,-0.0008824369437570041,-0.33191661496872965,-0.0008824369437570041,0.12699269480757736,0.0636898389892749,180,defense_space,63,ols_rank_normal,tema_arındırılmış
droe,-0.0008824369437570045,-0.3319166149687298,-0.0008824369437570045,0.12699269480757738,0.06368983898927488,180,defense_space,63,ols_rank_normal,ham
droe,0.021796530856206125,0.6543081644952887,0.0026600661963250773,0.12918309719993612,0.06604835960234094,180,defense_space,63,ols_winsorized_raw,tema_arındırılmış
droe,0.02179653085620611,0.6543081644952883,0.0026600661963250755,0.12918309719993612,0.06604835960234093,180,defense_space,63,ols_winsorized_raw,ham
droe,0.002405857227538299,0.9963057748342657,0.002405857227538299,0.16596413721407083,0.10544887128656312,180,defense_space,63,wls_sqrt_mcap,tema_arındırılmış
droe,0.0024058572275383033,0.9963057748342677,0.0024058572275383033,0.16596413721407083,0.10544887128656312,180,defense_space,63,wls_sqrt_mcap,ham
droe,0.0011459553009825476,0.23552225752260092,0.0011459553009825476,0.13219059456667495,0.06925306927976804,177,defense_space,126,ols_rank_normal,tema_arındırılmış
droe,0.0011459553009825468,0.23552225752260075,0.0011459553009825468,0.13219059456667492,0.06925306927976803,177,defense_space,126,ols_rank_normal,ham
droe,0.05661653982928086,1.002278795461594,0.0069441178499713855,0.1291424550449202,0.06597741542760217,177,defense_space,126,ols_winsorized_raw,tema_arındırılmış
droe,0.05661653982928086,1.0022787954615942,0.0069441178499713855,0.1291424550449202,0.0659774154276022,177,defense_space,126,ols_winsorized_raw,ham
droe,0.00579765578192565,1.2010298064217646,0.00579765578192565,0.1486056630888333,0.08673990036539622,177,defense_space,126,wls_sqrt_mcap,tema_arındırılmış
droe,0.005797655781925655,1.2010298064217657,0.005797655781925655,0.1486056630888333,0.08673990036539624,177,defense_space,126,wls_sqrt_mcap,ham
ear_3d,0.00037945755716474667,0.24531153762818136,0.00037945755716474667,0.1577271174644354,0.1010827123877867,182,defense_space,21,ols_rank_normal,tema_arındırılmış
ear_3d,0.00037945755716474775,0.2453115376281821,0.00037945755716474775,0.1577271174644354,0.10108271238778667,182,defense_space,21,ols_rank_normal,ham
ear_3d,-0.005278593620888878,-0.26365615350548255,-0.00044729799148961235,0.16580741889758296,0.1096052556057086,182,defense_space,21,ols_winsorized_raw,tema_arındırılmış
ear_3d,-0.005278593620888872,-0.2636561535054823,-0.0004472979914896118,0.165807418897583,0.1096052556057086,182,defense_space,21,ols_winsorized_raw,ham
ear_3d,0.0011911867148410346,0.9156556254840855,0.0011911867148410346,0.17377811654301017,0.11804500519545735,182,defense_space,21,wls_sqrt_mcap,tema_arındırılmış
ear_3d,0.0011911867148410265,0.9156556254840786,0.0011911867148410265,0.17377811654301017,0.11804500519545735,182,defense_space,21,wls_sqrt_mcap,ham
ear_3d,-0.0005683405843579087,-0.16252692161533816,-0.0005683405843579087,0.1572744038417432,0.10045441739791336,180,defense_space,63,ols_rank_normal,tema_arındırılmış
ear_3d,-0.0005683405843579081,-0.16252692161533802,-0.0005683405843579081,0.1572744038417432,0.10045441739791333,180,defense_space,63,ols_rank_normal,ham
ear_3d,-0.015201660016183772,-0.3352214864945824,-0.0012817993381424816,0.1662723872520668,0.10996242341615255,180,defense_space,63,ols_winsorized_raw,tema_arındırılmış
ear_3d,-0.015201660016183767,-0.3352214864945823,-0.0012817993381424812,0.16627238725206683,0.10996242341615259,180,defense_space,63,ols_winsorized_raw,ham
ear_3d,0.0034895214071282107,1.1744535973773842,0.0034895214071282107,0.17232706283888174,0.11639245120801128,180,defense_space,63,wls_sqrt_mcap,tema_arındırılmış
ear_3d,0.0034895214071282107,1.1744535973773846,0.0034895214071282107,0.17232706283888174,0.11639245120801128,180,defense_space,63,wls_sqrt_mcap,ham
ear_3d,0.008253134748914634,1.4900688107528188,0.008253134748914634,0.15020839292106797,0.09279381680549476,177,defense_space,126,ols_rank_normal,tema_arındırılmış
ear_3d,0.008253134748914636,1.4900688107528193,0.008253134748914636,0.15020839292106794,0.09279381680549473,177,defense_space,126,ols_rank_normal,ham
ear_3d,0.10218683584291045,1.4564733451376626,0.008568320898474261,0.15711031431529884,0.10015097961830445,177,defense_space,126,ols_winsorized_raw,tema_arındırılmış
ear_3d,0.10218683584291047,1.456473345137663,0.008568320898474261,0.15711031431529882,0.10015097961830445,177,defense_space,126,ols_winsorized_raw,ham
ear_3d,0.010145877684794743,1.9217295436763806,0.010145877684794743,0.16131407092430974,0.10463300236310435,177,defense_space,126,wls_sqrt_mcap,tema_arındırılmış
ear_3d,0.010145877684794729,1.9217295436763784,0.010145877684794729,0.16131407092430974,0.10463300236310435,177,defense_space,126,wls_sqrt_mcap,ham
gross_profitability,-0.0010048633636579223,-0.8826385401871195,-0.0010048633636579223,0.14870982962572185,0.08299158462798803,182,defense_space,21,ols_rank_normal,tema_arındırılmış
gross_profitability,-0.0010048633636579223,-0.8826385401871195,-0.0010048633636579223,0.14870982962572185,0.08299158462798806,182,defense_space,21,ols_rank_normal,ham
gross_profitability,-0.009025099998646643,-1.3262918953088427,-0.0028985472127233064,0.15124730541967957,0.08571552149409503,182,defense_space,21,ols_winsorized_raw,tema_arındırılmış
gross_profitability,-0.009025099998646645,-1.326291895308843,-0.0028985472127233073,0.15124730541967957,0.085715521494095,182,defense_space,21,ols_winsorized_raw,ham
gross_profitability,-0.00033378375198794906,-0.37350028315994227,-0.00033378375198794906,0.1735704766826455,0.1097114311427829,182,defense_space,21,wls_sqrt_mcap,tema_arındırılmış
gross_profitability,-0.0003337837519879544,-0.3735002831599482,-0.0003337837519879544,0.17357047668264552,0.10971143114278291,182,defense_space,21,wls_sqrt_mcap,ham
gross_profitability,-0.0031179677131699087,-1.1156636125445394,-0.0031179677131699087,0.1382874328317584,0.07151118624915526,180,defense_space,63,ols_rank_normal,tema_arındırılmış
gross_profitability,-0.00311796771316991,-1.11566361254454,-0.00311796771316991,0.13828743283175834,0.07151118624915524,180,defense_space,63,ols_rank_normal,ham
gross_profitability,-0.024257137640005713,-1.4525133166140145,-0.007830426981100475,0.14168980311358909,0.07515952571984086,180,defense_space,63,ols_winsorized_raw,tema_arındırılmış
gross_profitability,-0.024257137640005685,-1.4525133166140132,-0.007830426981100466,0.14168980311358906,0.07515952571984083,180,defense_space,63,ols_winsorized_raw,ham
gross_profitability,-0.0004894333483200249,-0.21143312872019465,-0.0004894333483200249,0.1677533862520263,0.10331508470200655,180,defense_space,63,wls_sqrt_mcap,tema_arındırılmış
gross_profitability,-0.0004894333483200304,-0.2114331287201971,-0.0004894333483200304,0.1677533862520263,0.10331508470200652,180,defense_space,63,wls_sqrt_mcap,ham
gross_profitability,-0.007221618924873466,-1.3153678001834956,-0.007221618924873466,0.13862066499172246,0.07186215544368468,177,defense_space,126,ols_rank_normal,tema_arındırılmış
gross_profitability,-0.007221618924873463,-1.315367800183495,-0.007221618924873463,0.13862066499172246,0.07186215544368468,177,defense_space,126,ols_rank_normal,ham
gross_profitability,-0.04300701339852563,-1.2851675917287173,-0.013986785592685567,0.14346492760019744,0.07702316420881491,177,defense_space,126,ols_winsorized_raw,tema_arındırılmış
gross_profitability,-0.04300701339852563,-1.2851675917287173,-0.013986785592685567,0.14346492760019744,0.07702316420881491,177,defense_space,126,ols_winsorized_raw,ham
gross_profitability,-0.004098114132167962,-0.9528039337640908,-0.004098114132167962,0.14643758736933132,0.08025571639711272,177,defense_space,126,wls_sqrt_mcap,tema_arındırılmış
gross_profitability,-0.004098114132167979,-0.952803933764095,-0.004098114132167979,0.14643758736933127,0.08025571639711271,177,defense_space,126,wls_sqrt_mcap,ham
idio_vol_60d,0.0036476385046282107,1.507688552551547,0.0036476385046282107,0.14179142111081128,0.09103026269703371,182,defense_space,21,ols_rank_normal,tema_arındırılmış
idio_vol_60d,0.0036476385046282094,1.5076885525515467,0.0036476385046282094,0.1417914211108113,0.09103026269703375,182,defense_space,21,ols_rank_normal,ham
idio_vol_60d,0.01303091603462677,0.8616002086023966,0.002351074743053913,0.1636950658803379,0.11418841148067177,182,defense_space,21,ols_winsorized_raw,tema_arındırılmış
idio_vol_60d,0.013030916034626765,0.8616002086023963,0.002351074743053912,0.1636950658803379,0.11418841148067178,182,defense_space,21,ols_winsorized_raw,ham
idio_vol_60d,0.004716701693872362,2.7027523709971715,0.004716701693872362,0.16719084713432136,0.11784196864371285,182,defense_space,21,wls_sqrt_mcap,tema_arındırılmış
idio_vol_60d,0.0047167016938723634,2.702752370997173,0.0047167016938723634,0.16719084713432136,0.11784196864371287,182,defense_space,21,wls_sqrt_mcap,ham
idio_vol_60d,0.010030896541038128,1.9284791165610484,0.010030896541038128,0.14119692466474992,0.09024177535463601,180,defense_space,63,ols_rank_normal,tema_arındırılmış
idio_vol_60d,0.010030896541038123,1.9284791165610473,0.010030896541038123,0.14119692466474995,0.09024177535463604,180,defense_space,63,ols_rank_normal,ham
idio_vol_60d,0.05346793320173173,1.5171286984528967,0.009615872555536888,0.16055981455991478,0.11070982644769371,180,defense_space,63,ols_winsorized_raw,tema_arındırılmış
idio_vol_60d,0.05346793320173171,1.5171286984528964,0.009615872555536885,0.16055981455991478,0.11070982644769371,180,defense_space,63,ols_winsorized_raw,ham
idio_vol_60d,0.011856763627767612,3.0567476903723585,0.011856763627767612,0.16526369162566185,0.11568862789568735,180,defense_space,63,wls_sqrt_mcap,tema_arındırılmış
idio_vol_60d,0.01185676362776761,3.0567476903723576,0.01185676362776761,0.16526369162566182,0.11568862789568733,180,defense_space,63,wls_sqrt_mcap,ham
idio_vol_60d,0.02161910863659093,2.2722858220715816,0.02161910863659093,0.1376351113933922,0.08642841726433069,177,defense_space,126,ols_rank_normal,tema_arındırılmış
idio_vol_60d,0.02161910863659093,2.272285822071582,0.02161910863659093,0.13763511139339218,0.08642841726433066,177,defense_space,126,ols_rank_normal,ham
idio_vol_60d,0.12946947135993456,2.017157015155304,0.02306443477201822,0.15146790386362216,0.10108269573890855,177,defense_space,126,ols_winsorized_raw,tema_arındırılmış
idio_vol_60d,0.1294694713599345,2.0171570151553033,0.02306443477201821,0.1514679038636221,0.10108269573890849,177,defense_space,126,ols_winsorized_raw,ham
idio_vol_60d,0.023336887090246047,3.1561332930239137,0.023336887090246047,0.15530754235343217,0.10502642505531173,177,defense_space,126,wls_sqrt_mcap,tema_arındırılmış
idio_vol_60d,0.02333688709024605,3.1561332930239145,0.02333688709024605,0.15530754235343214,0.10502642505531175,177,defense_space,126,wls_sqrt_mcap,ham
max_ret_21d,0.0029926935618767975,1.6523496353371783,0.0029926935618767975,0.13294624471440553,0.08165353831733246,182,defense_space,21,ols_rank_normal,tema_arındırılmış
max_ret_21d,0.0029926935618767967,1.6523496353371776,0.0029926935618767967,0.13294624471440553,0.08165353831733249,182,defense_space,21,ols_rank_normal,ham
max_ret_21d,0.04854043204715642,0.9506275791712961,0.002027026659654064,0.14632672679206182,0.09569903851132727,182,defense_space,21,ols_winsorized_raw,tema_arındırılmış
max_ret_21d,0.048540432047156426,0.9506275791712963,0.0020270266596540644,0.14632672679206182,0.0956990385113273,182,defense_space,21,ols_winsorized_raw,ham
max_ret_21d,0.00446211239225089,3.343868638848717,0.00446211239225089,0.15942870641809362,0.10958640031593621,182,defense_space,21,wls_sqrt_mcap,tema_arındırılmış
max_ret_21d,0.0044621123922508905,3.3438686388487175,0.0044621123922508905,0.15942870641809362,0.10958640031593621,182,defense_space,21,wls_sqrt_mcap,ham
max_ret_21d,0.005317262240804713,1.3241553250592661,0.005317262240804713,0.1323413478053666,0.08084539694888054,180,defense_space,63,ols_rank_normal,tema_arındırılmış
max_ret_21d,0.005317262240804711,1.3241553250592657,0.005317262240804711,0.1323413478053666,0.08084539694888054,180,defense_space,63,ols_rank_normal,ham
max_ret_21d,0.06666120729874804,0.5947080424184189,0.0027771803337192607,0.14973306159199487,0.0992203073093808,180,defense_space,63,ols_winsorized_raw,tema_arındırılmış
max_ret_21d,0.06666120729874804,0.5947080424184189,0.0027771803337192607,0.14973306159199487,0.09922030730938079,180,defense_space,63,ols_winsorized_raw,ham
max_ret_21d,0.006473106114341566,2.1238888401567033,0.006473106114341566,0.15844933411917586,0.10846211116403623,180,defense_space,63,wls_sqrt_mcap,tema_arındırılmış
max_ret_21d,0.0064731061143415685,2.123888840156704,0.0064731061143415685,0.15844933411917592,0.10846211116403623,180,defense_space,63,wls_sqrt_mcap,ham
max_ret_21d,0.008140670632323497,1.3084620811581436,0.008140670632323497,0.12608355574056734,0.07420481513819152,177,defense_space,126,ols_rank_normal,tema_arındırılmış
max_ret_21d,0.008140670632323491,1.3084620811581424,0.008140670632323491,0.12608355574056734,0.07420481513819151,177,defense_space,126,ols_rank_normal,ham
max_ret_21d,0.22854928456301818,1.3448694812276967,0.009424936309578672,0.13812211495827023,0.0869515254608837,177,defense_space,126,ols_winsorized_raw,tema_arındırılmış
max_ret_21d,0.22854928456301826,1.3448694812276971,0.009424936309578675,0.13812211495827018,0.0869515254608837,177,defense_space,126,ols_winsorized_raw,ham
max_ret_21d,0.011003202598531114,2.085850330115276,0.011003202598531114,0.14823707809144354,0.09759457757731382,177,defense_space,126,wls_sqrt_mcap,tema_arındırılmış
max_ret_21d,0.011003202598531112,2.0858503301152758,0.011003202598531112,0.14823707809144354,0.09759457757731382,177,defense_space,126,wls_sqrt_mcap,ham
mom_12_1,-0.00046199642633987107,-0.2895359201669583,-0.00046199642633987107,0.1509702020317565,0.10082918262510221,182,defense_space,21,ols_rank_normal,tema_arındırılmış
mom_12_1,-0.00046199642633987107,-0.28953592016695834,-0.00046199642633987107,0.15097020203175657,0.1008291826251022,182,defense_space,21,ols_rank_normal,ham
mom_12_1,-0.003686509185450353,-0.7611509975198298,-0.0020059199077964813,0.15902641221601208,0.1093132148459976,182,defense_space,21,ols_winsorized_raw,tema_arındırılmış
mom_12_1,-0.0036865091854503458,-0.7611509975198282,-0.002005919907796477,0.15902641221601205,0.1093132148459976,182,defense_space,21,ols_winsorized_raw,ham
mom_12_1,0.0021127211745863685,1.2775020999077784,0.0021127211745863685,0.1774900439003515,0.1287232822955213,182,defense_space,21,wls_sqrt_mcap,tema_arındırılmış
mom_12_1,0.002112721174586374,1.2775020999077813,0.002112721174586374,0.1774900439003515,0.1287232822955213,182,defense_space,21,wls_sqrt_mcap,ham
mom_12_1,0.00044358452799267537,0.131363491265359,0.00044358452799267537,0.13541779887032146,0.08421967098302202,180,defense_space,63,ols_rank_normal,tema_arındırılmış
mom_12_1,0.00044358452799267683,0.13136349126535943,0.00044358452799267683,0.13541779887032146,0.08421967098302202,180,defense_space,63,ols_rank_normal,ham
mom_12_1,-0.0002327771415025955,-0.024018082088619202,-0.00012608115924570346,0.14162907245954603,0.0907775642392314,180,defense_space,63,ols_winsorized_raw,tema_arındırılmış
mom_12_1,-0.00023277714150258996,-0.024018082088618626,-0.00012608115924570045,0.14162907245954603,0.09077756423923143,180,defense_space,63,ols_winsorized_raw,ham
mom_12_1,0.009002159578857192,2.7151004570921535,0.009002159578857192,0.16489916058734752,0.11529393563747767,180,defense_space,63,wls_sqrt_mcap,tema_arındırılmış
mom_12_1,0.009002159578857203,2.715100457092156,0.009002159578857203,0.1648991605873475,0.11529393563747765,180,defense_space,63,wls_sqrt_mcap,ham
mom_12_1,0.0008889012773549122,0.14024122480905,0.0008889012773549122,0.12750526081184,0.07576693769206727,177,defense_space,126,ols_rank_normal,tema_arındırılmış
mom_12_1,0.0008889012773549137,0.14024122480905019,0.0008889012773549137,0.12750526081184,0.07576693769206727,177,defense_space,126,ols_rank_normal,ham
mom_12_1,0.003361053060835747,0.19028041494954986,0.001760370727723258,0.1285526810974122,0.0768410015131604,177,defense_space,126,ols_winsorized_raw,tema_arındırılmış
mom_12_1,0.0033610530608357515,0.19028041494955011,0.0017603707277232602,0.1285526810974122,0.0768410015131604,177,defense_space,126,ols_winsorized_raw,ham
mom_12_1,0.015266251724483561,2.5240126493460027,0.015266251724483561,0.14852105031105955,0.0978514318544837,177,defense_space,126,wls_sqrt_mcap,tema_arındırılmış
mom_12_1,0.015266251724483572,2.524012649346005,0.015266251724483572,0.14852105031105958,0.09785143185448374,177,defense_space,126,wls_sqrt_mcap,ham
profitable_growth,-0.0022805489355317743,-1.5943872128379937,-0.0022805489355317743,0.1405738575229472,0.08036082022924212,182,defense_space,21,ols_rank_normal,tema_arındırılmış
profitable_growth,-0.002280548935531774,-1.594387212837993,-0.002280548935531774,0.1405738575229472,0.08036082022924212,182,defense_space,21,ols_rank_normal,ham
profitable_growth,-0.006425771792266473,-1.8452210125777162,-0.002613904025244494,0.13973734396488058,0.07945195982613863,182,defense_space,21,ols_winsorized_raw,tema_arındırılmış
profitable_growth,-0.006425771792266479,-1.8452210125777178,-0.0026139040252444964,0.13973734396488055,0.07945195982613865,182,defense_space,21,ols_winsorized_raw,ham
profitable_growth,-0.001075213939744401,-0.9653452883899519,-0.001075213939744401,0.16313945758822104,0.1044935996640856,182,defense_space,21,wls_sqrt_mcap,tema_arındırılmış
profitable_growth,-0.0010752139397443993,-0.9653452883899503,-0.0010752139397443993,0.16313945758822104,0.10449359966408561,182,defense_space,21,wls_sqrt_mcap,ham
profitable_growth,-0.0042625307746722895,-1.160381537392199,-0.0042625307746722895,0.13662255317263303,0.07599640029667701,180,defense_space,63,ols_rank_normal,tema_arındırılmış
profitable_growth,-0.004262530774672295,-1.1603815373922004,-0.004262530774672295,0.13662255317263303,0.07599640029667701,180,defense_space,63,ols_rank_normal,ham
profitable_growth,-0.01327255464013233,-1.471851683777352,-0.00540131087345378,0.13704319432989043,0.07645842062990361,180,defense_space,63,ols_winsorized_raw,tema_arındırılmış
profitable_growth,-0.013272554640132345,-1.4718516837773532,-0.005401310873453786,0.1370431943298904,0.07645842062990361,180,defense_space,63,ols_winsorized_raw,ham
profitable_growth,-0.0011462695205020931,-0.3406877532424444,-0.0011462695205020931,0.16627093975111285,0.1077511787593031,180,defense_space,63,wls_sqrt_mcap,tema_arındırılmış
profitable_growth,-0.0011462695205020916,-0.3406877532424437,-0.0011462695205020916,0.16627093975111285,0.1077511787593031,180,defense_space,63,wls_sqrt_mcap,ham
profitable_growth,-0.00947206186601111,-1.2100569049036805,-0.00947206186601111,0.14608666813994836,0.08629417717665305,177,defense_space,126,ols_rank_normal,tema_arındırılmış
profitable_growth,-0.009472061866011119,-1.2100569049036811,-0.009472061866011119,0.14608666813994836,0.08629417717665305,177,defense_space,126,ols_rank_normal,ham
profitable_growth,-0.02860699090515867,-1.5158297761210873,-0.011650275813662446,0.14559907141127681,0.08578345988288948,177,defense_space,126,ols_winsorized_raw,tema_arındırılmış
profitable_growth,-0.02860699090515867,-1.5158297761210873,-0.011650275813662446,0.14559907141127684,0.08578345988288946,177,defense_space,126,ols_winsorized_raw,ham
profitable_growth,-0.003495619513326732,-0.4719398051312133,-0.003495619513326732,0.15958110821017815,0.10063242325073192,177,defense_space,126,wls_sqrt_mcap,tema_arındırılmış
profitable_growth,-0.0034956195133267294,-0.47193980513121275,-0.0034956195133267294,0.15958110821017818,0.10063242325073189,177,defense_space,126,wls_sqrt_mcap,ham
share_issuance,-0.00046469847914286773,-0.3688353399267001,-0.00046469847914286773,0.13812203710709506,0.07829855998252877,182,defense_space,21,ols_rank_normal,tema_arındırılmış
share_issuance,-0.0004646984791428682,-0.3688353399267004,-0.0004646984791428682,0.13812203710709506,0.0782985599825288,182,defense_space,21,ols_rank_normal,ham
share_issuance,-0.015939481962268742,-1.4931558875975555,-0.0028835408478853066,0.1491540311397169,0.0898571242292736,182,defense_space,21,ols_winsorized_raw,tema_arındırılmış
share_issuance,-0.01593948196226873,-1.4931558875975544,-0.002883540847885304,0.14915403113971687,0.08985712422927357,182,defense_space,21,ols_winsorized_raw,ham
share_issuance,-1.4538632108263158e-05,-0.013740314949374522,-1.4538632108263158e-05,0.16963418908753183,0.11197293403362621,182,defense_space,21,wls_sqrt_mcap,tema_arındırılmış
share_issuance,-1.4538632108265292e-05,-0.01374031494937654,-1.4538632108265292e-05,0.1696341890875318,0.11197293403362621,182,defense_space,21,wls_sqrt_mcap,ham
share_issuance,-0.0015050645277077885,-0.5661453328278626,-0.0015050645277077885,0.13172548940660433,0.07097179155033469,180,defense_space,63,ols_rank_normal,tema_arındırılmış
share_issuance,-0.0015050645277077878,-0.5661453328278623,-0.0015050645277077878,0.13172548940660433,0.07097179155033471,180,defense_space,63,ols_rank_normal,ham
share_issuance,-0.018547253518234844,-1.0324500530714782,-0.0033516348543165342,0.13421887250611292,0.07349755425614946,180,defense_space,63,ols_winsorized_raw,tema_arındırılmış
share_issuance,-0.018547253518234826,-1.0324500530714775,-0.0033516348543165307,0.13421887250611292,0.07349755425614946,180,defense_space,63,ols_winsorized_raw,ham
share_issuance,3.852831663843856e-05,0.016507651317038838,3.852831663843856e-05,0.16463904579040303,0.10620510479266257,180,defense_space,63,wls_sqrt_mcap,tema_arındırılmış
share_issuance,3.852831663843455e-05,0.01650765131703712,3.852831663843455e-05,0.16463904579040303,0.10620510479266257,180,defense_space,63,wls_sqrt_mcap,ham
share_issuance,-0.00036640487828180245,-0.06937262803767452,-0.00036640487828180245,0.12182708355029385,0.060248443102539434,177,defense_space,126,ols_rank_normal,tema_arındırılmış
share_issuance,-0.00036640487828180137,-0.06937262803767431,-0.00036640487828180137,0.12182708355029388,0.060248443102539434,177,defense_space,126,ols_rank_normal,ham
share_issuance,-0.0062575260548240995,-0.14662716007331167,-0.0011256821066284253,0.12605542487669608,0.06468220535534713,177,defense_space,126,ols_winsorized_raw,tema_arındırılmış
share_issuance,-0.006257526054824054,-0.14662716007331061,-0.001125682106628417,0.12605542487669608,0.06468220535534712,177,defense_space,126,ols_winsorized_raw,ham
share_issuance,0.005193758888722966,1.1066633386449325,0.005193758888722966,0.14585015257267617,0.08592879146659112,177,defense_space,126,wls_sqrt_mcap,tema_arındırılmış
share_issuance,0.005193758888722966,1.1066633386449325,0.005193758888722966,0.14585015257267617,0.0859287914665911,177,defense_space,126,wls_sqrt_mcap,ham
sue,-0.0020052081062953185,-1.8575470660006512,-0.0020052081062953185,0.1353028491740202,0.0746718785273181,182,defense_space,21,ols_rank_normal,tema_arındırılmış
sue,-0.0020052081062953185,-1.8575470660006517,-0.0020052081062953185,0.13530284917402016,0.07467187852731809,182,defense_space,21,ols_rank_normal,ham
sue,-0.0017986953850034429,-1.8157445603925717,-0.002057687554565204,0.13402945170683003,0.07337211282299763,182,defense_space,21,ols_winsorized_raw,tema_arındırılmış
sue,-0.0017986953850034416,-1.8157445603925704,-0.0020576875545652027,0.13402945170683003,0.07337211282299763,182,defense_space,21,ols_winsorized_raw,ham
sue,-0.0008555596775931544,-0.9475403618542617,-0.0008555596775931544,0.16005885165717243,0.10092286315493394,182,defense_space,21,wls_sqrt_mcap,tema_arındırılmış
sue,-0.0008555596775931487,-0.9475403618542553,-0.0008555596775931487,0.16005885165717243,0.10092286315493396,182,defense_space,21,wls_sqrt_mcap,ham
sue,-0.002949312475900735,-1.2429565796257496,-0.002949312475900735,0.13073776749535257,0.0690428247003817,180,defense_space,63,ols_rank_normal,tema_arındırılmış
sue,-0.0029493124759007363,-1.2429565796257502,-0.0029493124759007363,0.13073776749535254,0.06904282470038169,180,defense_space,63,ols_rank_normal,ham
sue,-0.0023972889385056725,-1.1406691359958685,-0.0027349551535444916,0.12968963990163423,0.06803074017025008,180,defense_space,63,ols_winsorized_raw,tema_arındırılmış
sue,-0.0023972889385056716,-1.1406691359958683,-0.0027349551535444908,0.12968963990163423,0.06803074017025007,180,defense_space,63,ols_winsorized_raw,ham
sue,-0.0020459270646847427,-0.8906849302562689,-0.0020459270646847427,0.16100892811280615,0.10115109986964141,180,defense_space,63,wls_sqrt_mcap,tema_arındırılmış
sue,-0.0020459270646847375,-0.8906849302562665,-0.0020459270646847375,0.16100892811280615,0.10115109986964141,180,defense_space,63,wls_sqrt_mcap,ham
sue,0.001296949316293956,0.32687242499626584,0.001296949316293956,0.1306966687554074,0.06892396751219902,177,defense_space,126,ols_rank_normal,tema_arındırılmış
sue,0.001296949316293954,0.3268724249962654,0.001296949316293954,0.13069666875540742,0.06892396751219902,177,defense_space,126,ols_rank_normal,ham
sue,0.0007726631621865063,0.20776302700017385,0.0008792389853123965,0.1266956953730412,0.06466062700010168,177,defense_space,126,ols_winsorized_raw,tema_arındırılmış
sue,0.0007726631621865073,0.20776302700017418,0.0008792389853123977,0.12669569537304118,0.06466062700010165,177,defense_space,126,ols_winsorized_raw,ham
sue,0.0027007590557736084,0.7296067235834465,0.0027007590557736084,0.14221518131975605,0.08093144655831089,177,defense_space,126,wls_sqrt_mcap,tema_arındırılmış
sue,0.00270075905577362,0.7296067235834497,0.00270075905577362,0.14221518131975608,0.08093144655831087,177,defense_space,126,wls_sqrt_mcap,ham
sue_announce,0.0003537171029094483,0.30232873779354025,0.0003537171029094483,0.15684859417659816,0.0688729146231879,182,defense_space,21,ols_rank_normal,tema_arındırılmış
sue_announce,0.0003537171029094454,0.3023287377935378,0.0003537171029094454,0.1568485941765981,0.06887291462318788,182,defense_space,21,ols_rank_normal,ham
sue_announce,0.00037217837455582085,0.44647098335142454,0.0005101380710004135,0.15635224308094156,0.06816365209797094,182,defense_space,21,ols_winsorized_raw,tema_arındırılmış
sue_announce,0.0003721783745558198,0.44647098335142327,0.0005101380710004121,0.1563522430809416,0.06816365209797097,182,defense_space,21,ols_winsorized_raw,ham
sue_announce,0.0022528568908298267,2.017190374025361,0.0022528568908298267,0.20248007605154608,0.11891816676876595,182,defense_space,21,wls_sqrt_mcap,tema_arındırılmış
sue_announce,0.002252856890829823,2.0171903740253576,0.002252856890829823,0.20248007605154605,0.11891816676876597,182,defense_space,21,wls_sqrt_mcap,ham
sue_announce,0.0019033243243886686,0.6915428368944773,0.0019033243243886686,0.15083419055695182,0.06175022552281429,180,defense_space,63,ols_rank_normal,tema_arındırılmış
sue_announce,0.0019033243243886686,0.6915428368944773,0.0019033243243886686,0.15083419055695182,0.0617502255228143,180,defense_space,63,ols_rank_normal,ham
sue_announce,0.0018437312169232384,0.9208659291245906,0.0025193603143485684,0.14871857749405712,0.059226639578366165,180,defense_space,63,ols_winsorized_raw,tema_arındırılmış
sue_announce,0.0018437312169232328,0.9208659291245876,0.0025193603143485606,0.14871857749405712,0.05922663957836617,180,defense_space,63,ols_winsorized_raw,ham
sue_announce,0.004923598772983433,1.725185796375049,0.004923598772983433,0.19376141311727124,0.10872108379853108,180,defense_space,63,wls_sqrt_mcap,tema_arındırılmış
sue_announce,0.004923598772983426,1.7251857963750463,0.004923598772983426,0.19376141311727121,0.1087210837985311,180,defense_space,63,wls_sqrt_mcap,ham
sue_announce,0.004109864595179829,0.765192109813623,0.004109864595179829,0.14918723643657283,0.0599231308918453,177,defense_space,126,ols_rank_normal,tema_arındırılmış
sue_announce,0.004109864595179828,0.7651921098136228,0.004109864595179828,0.14918723643657286,0.0599231308918453,177,defense_space,126,ols_rank_normal,ham
sue_announce,0.003773463645605961,0.9632925960037474,0.005139251588463165,0.14330377739166533,0.05321623833919285,177,defense_space,126,ols_winsorized_raw,tema_arındırılmış
sue_announce,0.0037734636456059584,0.9632925960037467,0.005139251588463162,0.1433037773916654,0.053216238339192916,177,defense_space,126,ols_winsorized_raw,ham
sue_announce,0.006477023978701976,1.2024122146357432,0.006477023978701976,0.18242636905293272,0.09613230115663435,177,defense_space,126,wls_sqrt_mcap,tema_arındırılmış
sue_announce,0.00647702397870198,1.2024122146357439,0.00647702397870198,0.18242636905293272,0.09613230115663438,177,defense_space,126,wls_sqrt_mcap,ham
asset_growth,-0.0076127894441591435,-0.7598216995992352,-0.0076127894441591435,0.8184507810510526,0.18004630321222004,37,defense_space,21,ols_rank_normal_all,tema_arındırılmış
capex_at,0.012012110860380471,1.2203248671181617,0.012012110860380471,0.8184507810510526,0.18004630321222004,37,defense_space,21,ols_rank_normal_all,tema_arındırılmış
cash_runway_years,-0.00039258400886553024,-0.019774687189457834,-0.00039258400886553024,0.8184507810510526,0.18004630321222004,37,defense_space,21,ols_rank_normal_all,tema_arındırılmış
cop_at,0.0012281329323543507,0.0913604523042012,0.0012281329323543507,0.8184507810510526,0.18004630321222004,37,defense_space,21,ols_rank_normal_all,tema_arındırılmış
dist_52w_high,-0.007225803385103432,-0.9739662394936918,-0.007225803385103432,0.8184507810510526,0.18004630321222004,37,defense_space,21,ols_rank_normal_all,tema_arındırılmış
droe,-0.02676913517391249,-2.351169664390211,-0.02676913517391249,0.8184507810510526,0.18004630321222004,37,defense_space,21,ols_rank_normal_all,tema_arındırılmış
ear_3d,-0.004923970611620752,-0.5016468416450626,-0.004923970611620752,0.8184507810510526,0.18004630321222004,37,defense_space,21,ols_rank_normal_all,tema_arındırılmış
ebit_ev,-0.024960784741681993,-2.1746276415159658,-0.024960784741681993,0.8184507810510526,0.18004630321222004,37,defense_space,21,ols_rank_normal_all,tema_arındırılmış
gross_profitability,0.0005679850376553767,0.1253335256393039,0.0005679850376553767,0.8184507810510526,0.18004630321222004,37,defense_space,21,ols_rank_normal_all,tema_arındırılmış
idio_vol_60d,-0.012722648251734104,-1.3969672001574072,-0.012722648251734104,0.8184507810510526,0.18004630321222004,37,defense_space,21,ols_rank_normal_all,tema_arındırılmış
max_ret_21d,-0.008731270716118206,-0.7729894183723532,-0.008731270716118206,0.8184507810510526,0.18004630321222004,37,defense_space,21,ols_rank_normal_all,tema_arındırılmış
mom_12_1,0.008739246626053349,1.0428326453027656,0.008739246626053349,0.8184507810510526,0.18004630321222004,37,defense_space,21,ols_rank_normal_all,tema_arındırılmış
net_debt_ebitda,0.0033050847012849583,0.35982026937862643,0.0033050847012849583,0.8184507810510526,0.18004630321222004,37,defense_space,21,ols_rank_normal_all,tema_arındırılmış
ocf_ev,0.014380926785220027,1.7958526271182227,0.014380926785220027,0.8184507810510526,0.18004630321222004,37,defense_space,21,ols_rank_normal_all,tema_arındırılmış
profitable_growth,-0.005619915548908219,-0.46430121422637755,-0.005619915548908219,0.8184507810510526,0.18004630321222004,37,defense_space,21,ols_rank_normal_all,tema_arındırılmış
share_issuance,0.013205372447119695,1.9571068768168522,0.013205372447119695,0.8184507810510526,0.18004630321222004,37,defense_space,21,ols_rank_normal_all,tema_arındırılmış
sue,0.021134516787475802,1.6185127594985134,0.021134516787475802,0.8184507810510526,0.18004630321222004,37,defense_space,21,ols_rank_normal_all,tema_arındırılmış
sue_announce,0.005980833882449467,0.7478971866455674,0.005980833882449467,0.8184507810510526,0.18004630321222004,37,defense_space,21,ols_rank_normal_all,tema_arındırılmış
asset_growth,-0.01584684529126834,-0.7937352229838627,-0.01584684529126834,0.8122341460249126,0.15478317907316227,35,defense_space,63,ols_rank_normal_all,tema_arındırılmış
capex_at,0.01515703470507327,1.003511406500944,0.01515703470507327,0.8122341460249126,0.15478317907316227,35,defense_space,63,ols_rank_normal_all,tema_arındırılmış
cash_runway_years,0.017900399248835876,0.5485776448938131,0.017900399248835876,0.8122341460249126,0.15478317907316227,35,defense_space,63,ols_rank_normal_all,tema_arındırılmış
cop_at,0.03618754683381124,1.1272287288847775,0.03618754683381124,0.8122341460249126,0.15478317907316227,35,defense_space,63,ols_rank_normal_all,tema_arındırılmış
dist_52w_high,-0.013691134360967775,-1.0048508419329467,-0.013691134360967775,0.8122341460249126,0.15478317907316227,35,defense_space,63,ols_rank_normal_all,tema_arındırılmış
droe,-0.030403260510091915,-1.4759898747243854,-0.030403260510091915,0.8122341460249126,0.15478317907316227,35,defense_space,63,ols_rank_normal_all,tema_arındırılmış
ear_3d,-0.007424827624291771,-0.3847874297832684,-0.007424827624291771,0.8122341460249126,0.15478317907316227,35,defense_space,63,ols_rank_normal_all,tema_arındırılmış
ebit_ev,-0.090440910436792,-5.640099282445815,-0.090440910436792,0.8122341460249126,0.15478317907316227,35,defense_space,63,ols_rank_normal_all,tema_arındırılmış
gross_profitability,-0.024003268688348373,-2.3375493185400753,-0.024003268688348373,0.8122341460249126,0.15478317907316227,35,defense_space,63,ols_rank_normal_all,tema_arındırılmış
idio_vol_60d,-0.022755753587801752,-1.2688242580592273,-0.022755753587801752,0.8122341460249126,0.15478317907316227,35,defense_space,63,ols_rank_normal_all,tema_arındırılmış
max_ret_21d,-0.028543730352075802,-1.427798179747122,-0.028543730352075802,0.8122341460249126,0.15478317907316227,35,defense_space,63,ols_rank_normal_all,tema_arındırılmış
mom_12_1,-0.02579325171244143,-1.2207115923632679,-0.02579325171244143,0.8122341460249126,0.15478317907316227,35,defense_space,63,ols_rank_normal_all,tema_arındırılmış
net_debt_ebitda,0.021135559985309207,0.9675656357832658,0.021135559985309207,0.8122341460249126,0.15478317907316227,35,defense_space,63,ols_rank_normal_all,tema_arındırılmış
ocf_ev,0.04310062714908596,2.454931905357392,0.04310062714908596,0.8122341460249126,0.15478317907316227,35,defense_space,63,ols_rank_normal_all,tema_arındırılmış
profitable_growth,-0.039840747562410336,-1.1536391057251092,-0.039840747562410336,0.8122341460249126,0.15478317907316227,35,defense_space,63,ols_rank_normal_all,tema_arındırılmış
share_issuance,0.000697272119431434,0.03243052429256895,0.000697272119431434,0.8122341460249126,0.15478317907316227,35,defense_space,63,ols_rank_normal_all,tema_arındırılmış
sue,0.03674092122319244,1.2550285801364842,0.03674092122319244,0.8122341460249126,0.15478317907316227,35,defense_space,63,ols_rank_normal_all,tema_arındırılmış
sue_announce,0.0047178625889715345,0.39432004081103217,0.0047178625889715345,0.8122341460249126,0.15478317907316227,35,defense_space,63,ols_rank_normal_all,tema_arındırılmış
asset_growth,0.05383630280369255,1.1124239995545369,0.05383630280369255,0.839862896629797,0.29506198721027366,33,defense_space,126,ols_rank_normal_all,tema_arındırılmış
capex_at,-0.04328983989900182,-0.9927887540385517,-0.04328983989900182,0.839862896629797,0.29506198721027366,33,defense_space,126,ols_rank_normal_all,tema_arındırılmış
cash_runway_years,0.050179491255089075,0.8926669419564465,0.050179491255089075,0.839862896629797,0.29506198721027366,33,defense_space,126,ols_rank_normal_all,tema_arındırılmış
cop_at,0.02918739496375816,0.6252503891115356,0.02918739496375816,0.839862896629797,0.29506198721027366,33,defense_space,126,ols_rank_normal_all,tema_arındırılmış
dist_52w_high,-0.0010685721317435367,-0.028098588761627186,-0.0010685721317435367,0.839862896629797,0.29506198721027366,33,defense_space,126,ols_rank_normal_all,tema_arındırılmış
droe,-0.011327703141421695,-0.29888385454681937,-0.011327703141421695,0.839862896629797,0.29506198721027366,33,defense_space,126,ols_rank_normal_all,tema_arındırılmış
ear_3d,0.014038809392760481,0.32224358747465326,0.014038809392760481,0.839862896629797,0.29506198721027366,33,defense_space,126,ols_rank_normal_all,tema_arındırılmış
ebit_ev,-0.0818663120971051,-3.030378425439384,-0.0818663120971051,0.839862896629797,0.29506198721027366,33,defense_space,126,ols_rank_normal_all,tema_arındırılmış
gross_profitability,-0.04613986316235331,-2.1316751376782235,-0.04613986316235331,0.839862896629797,0.29506198721027366,33,defense_space,126,ols_rank_normal_all,tema_arındırılmış
idio_vol_60d,-0.015875481917074368,-0.8987328587810118,-0.015875481917074368,0.839862896629797,0.29506198721027366,33,defense_space,126,ols_rank_normal_all,tema_arındırılmış
max_ret_21d,-0.03885030960139625,-0.6780873866127726,-0.03885030960139625,0.839862896629797,0.29506198721027366,33,defense_space,126,ols_rank_normal_all,tema_arındırılmış
mom_12_1,-0.06091548496325124,-1.4880515940095131,-0.06091548496325124,0.839862896629797,0.29506198721027366,33,defense_space,126,ols_rank_normal_all,tema_arındırılmış
net_debt_ebitda,0.045900001590069905,1.4270314132534792,0.045900001590069905,0.839862896629797,0.29506198721027366,33,defense_space,126,ols_rank_normal_all,tema_arındırılmış
ocf_ev,-0.02782847379064151,-1.1952819987107812,-0.02782847379064151,0.839862896629797,0.29506198721027366,33,defense_space,126,ols_rank_normal_all,tema_arındırılmış
profitable_growth,-0.02487159400896859,-0.6629087954423201,-0.02487159400896859,0.839862896629797,0.29506198721027366,33,defense_space,126,ols_rank_normal_all,tema_arındırılmış
share_issuance,-0.02417550986577156,-0.39727670640125096,-0.02417550986577156,0.839862896629797,0.29506198721027366,33,defense_space,126,ols_rank_normal_all,tema_arındırılmış
sue,0.03483387720028246,1.3596230030742238,0.03483387720028246,0.839862896629797,0.29506198721027366,33,defense_space,126,ols_rank_normal_all,tema_arındırılmış
sue_announce,-0.023480848616625697,-0.8571436270987656,-0.023480848616625697,0.839862896629797,0.29506198721027366,33,defense_space,126,ols_rank_normal_all,tema_arındırılmış
asset_growth,-0.00013404994640187258,-0.1087883463286653,-0.00013404994640187258,0.17269953370212038,0.09864801496490756,182,defense_space/defense,21,ols_rank_normal,tema_arındırılmış
asset_growth,-0.00013404994640187334,-0.10878834632866591,-0.00013404994640187334,0.17269953370212038,0.09864801496490756,182,defense_space/defense,21,ols_rank_normal,ham
asset_growth,0.000699159815164764,0.10996600394677267,0.0002149831474498375,0.16956473841726358,0.09501009605300735,182,defense_space/defense,21,ols_winsorized_raw,tema_arındırılmış
asset_growth,0.0006991598151647689,0.10996600394677344,0.00021498314744983898,0.1695647384172636,0.09501009605300738,182,defense_space/defense,21,ols_winsorized_raw,ham
asset_growth,-5.8625172572511716e-05,-0.05432574748137344,-5.8625172572511716e-05,0.19706824625131997,0.12523894867809846,182,defense_space/defense,21,wls_sqrt_mcap,tema_arındırılmış
asset_growth,-5.862517257251141e-05,-0.054325747481373185,-5.862517257251141e-05,0.19706824625132,0.12523894867809846,182,defense_space/defense,21,wls_sqrt_mcap,ham
asset_growth,0.00036777271803903084,0.11921009877281473,0.00036777271803903084,0.1778084434606023,0.1036556630044325,180,defense_space/defense,63,ols_rank_normal,tema_arındırılmış
asset_growth,0.00036777271803903024,0.11921009877281452,0.00036777271803903024,0.1778084434606023,0.1036556630044325,180,defense_space/defense,63,ols_rank_normal,ham
asset_growth,0.006509731394609513,0.3665296681466048,0.0019526308921767586,0.17730012982453242,0.10305189230241713,180,defense_space/defense,63,ols_winsorized_raw,tema_arındırılmış
asset_growth,0.006509731394609498,0.366529668146604,0.0019526308921767543,0.17730012982453247,0.10305189230241714,180,defense_space/defense,63,ols_winsorized_raw,ham
asset_growth,0.00022696188810231104,0.08341696108940144,0.00022696188810231104,0.1906378768861819,0.11762286824685114,180,defense_space/defense,63,wls_sqrt_mcap,tema_arındırılmış
asset_growth,0.0002269618881023104,0.08341696108940119,0.0002269618881023104,0.19063787688618195,0.11762286824685116,180,defense_space/defense,63,wls_sqrt_mcap,ham
asset_growth,-0.0010315540022336365,-0.16920234552535957,-0.0010315540022336365,0.18023455903111366,0.10602031871160898,177,defense_space/defense,126,ols_rank_normal,tema_arındırılmış
asset_growth,-0.0010315540022336378,-0.16920234552535982,-0.0010315540022336378,0.18023455903111374,0.10602031871160901,177,defense_space/defense,126,ols_rank_normal,ham
asset_growth,-0.006409392342397071,-0.17228771214385802,-0.001844807117307286,0.18253478934332082,0.10855278504640621,177,defense_space/defense,126,ols_winsorized_raw,tema_arındırılmış
asset_growth,-0.006409392342397071,-0.172287712143858,-0.001844807117307286,0.18253478934332082,0.10855278504640625,177,defense_space/defense,126,ols_winsorized_raw,ham
asset_growth,-0.000861033505248225,-0.14656160018099676,-0.000861033505248225,0.19159003291994062,0.11857854996198446,177,defense_space/defense,126,wls_sqrt_mcap,tema_arındırılmış
asset_growth,-0.0008610335052482187,-0.14656160018099568,-0.0008610335052482187,0.19159003291994062,0.11857854996198447,177,defense_space/defense,126,wls_sqrt_mcap,ham
capex_at,-6.331410880085758e-05,-0.05255014384665231,-6.331410880085758e-05,0.17653494130683847,0.09993889425783267,182,defense_space/defense,21,ols_rank_normal,tema_arındırılmış
capex_at,-6.331410880085789e-05,-0.05255014384665256,-6.331410880085789e-05,0.17653494130683847,0.09993889425783267,182,defense_space/defense,21,ols_rank_normal,ham
capex_at,0.017051323079107727,0.26021833372088393,0.00037621464629285776,0.17601358368514816,0.09930333165109731,182,defense_space/defense,21,ols_winsorized_raw,tema_arındırılmış
capex_at,0.017051323079107745,0.26021833372088427,0.00037621464629285814,0.17601358368514822,0.09930333165109734,182,defense_space/defense,21,ols_winsorized_raw,ham
capex_at,-5.581233082435121e-05,-0.054938450452018756,-5.581233082435121e-05,0.1919104485221467,0.11666580501188685,182,defense_space/defense,21,wls_sqrt_mcap,tema_arındırılmış
capex_at,-5.581233082434901e-05,-0.05493845045201658,-5.581233082434901e-05,0.1919104485221467,0.11666580501188688,182,defense_space/defense,21,wls_sqrt_mcap,ham
capex_at,0.001481350501022202,0.5276197967428983,0.001481350501022202,0.18245765169883296,0.10606777878239557,180,defense_space/defense,63,ols_rank_normal,tema_arındırılmış
capex_at,0.0014813505010222014,0.5276197967428982,0.0014813505010222014,0.182457651698833,0.10606777878239555,180,defense_space/defense,63,ols_rank_normal,ham
capex_at,0.19098781645115717,1.316767520608033,0.004214258702051293,0.1780967616312147,0.10120746145724184,180,defense_space/defense,63,ols_winsorized_raw,tema_arındırılmış
capex_at,0.19098781645115714,1.3167675206080327,0.004214258702051293,0.1780967616312147,0.10120746145724181,180,defense_space/defense,63,ols_winsorized_raw,ham
capex_at,0.0007930825246529843,0.3131604886617275,0.0007930825246529843,0.19204901107900652,0.1163570167895859,180,defense_space/defense,63,wls_sqrt_mcap,tema_arındırılmış
capex_at,0.0007930825246529849,0.31316048866172774,0.0007930825246529849,0.19204901107900657,0.11635701678958592,180,defense_space/defense,63,wls_sqrt_mcap,ham
capex_at,0.005786638708231614,1.07806307179606,0.005786638708231614,0.18388537647576647,0.10747275936909557,177,defense_space/defense,126,ols_rank_normal,tema_arındırılmış
capex_at,0.005786638708231613,1.0780630717960595,0.005786638708231613,0.18388537647576642,0.10747275936909557,177,defense_space/defense,126,ols_rank_normal,ham
capex_at,0.4976564658688606,2.0727528262978376,0.011017895032533292,0.1750294106614484,0.09763180928709757,177,defense_space/defense,126,ols_winsorized_raw,tema_arındırılmış
capex_at,0.49765646586886064,2.0727528262978376,0.011017895032533294,0.17502941066144842,0.0976318092870976,177,defense_space/defense,126,ols_winsorized_raw,ham
capex_at,0.003213509977164906,0.6147059910151658,0.003213509977164906,0.19236541452432943,0.11676475461084844,177,defense_space/defense,126,wls_sqrt_mcap,tema_arındırılmış
capex_at,0.003213509977164905,0.6147059910151654,0.003213509977164905,0.19236541452432945,0.11676475461084847,177,defense_space/defense,126,wls_sqrt_mcap,ham
cop_at,-0.0023699372444544054,-1.9165739581407255,-0.0023699372444544054,0.17898272623841563,0.0993024534222668,182,defense_space/defense,21,ols_rank_normal,tema_arındırılmış
cop_at,-0.002369937244454406,-1.9165739581407257,-0.002369937244454406,0.17898272623841563,0.09930245342226682,182,defense_space/defense,21,ols_rank_normal,ham
cop_at,-0.06263101934354619,-2.037372905096257,-0.003009063433033658,0.18085175682129417,0.10132418202271264,182,defense_space/defense,21,ols_winsorized_raw,tema_arındırılmış
cop_at,-0.06263101934354619,-2.037372905096257,-0.003009063433033658,0.18085175682129417,0.10132418202271264,182,defense_space/defense,21,ols_winsorized_raw,ham
cop_at,-0.0005591985945154825,-0.4934074820389664,-0.0005591985945154825,0.21374214555990484,0.13749894238839935,182,defense_space/defense,21,wls_sqrt_mcap,tema_arındırılmış
cop_at,-0.0005591985945154822,-0.493407482038966,-0.0005591985945154822,0.21374214555990484,0.13749894238839935,182,defense_space/defense,21,wls_sqrt_mcap,ham
cop_at,-0.007396073067020253,-2.126199867499179,-0.007396073067020253,0.18815022216033916,0.10919164905557675,180,defense_space/defense,63,ols_rank_normal,tema_arındırılmış
cop_at,-0.007396073067020255,-2.1261998674991793,-0.007396073067020255,0.18815022216033916,0.10919164905557673,180,defense_space/defense,63,ols_rank_normal,ham
cop_at,-0.18492052448472424,-2.184195429119333,-0.008882695707160711,0.18472134479376132,0.1053698613135839,180,defense_space/defense,63,ols_winsorized_raw,tema_arındırılmış
cop_at,-0.18492052448472424,-2.1841954291193333,-0.008882695707160711,0.18472134479376132,0.10536986131358389,180,defense_space/defense,63,ols_winsorized_raw,ham
cop_at,0.0007069572897667224,0.20555569141697308,0.0007069572897667224,0.21802297668268297,0.14198962185604921,180,defense_space/defense,63,wls_sqrt_mcap,tema_arındırılmış
cop_at,0.000706957289766723,0.20555569141697327,0.000706957289766723,0.21802297668268303,0.14198962185604924,180,defense_space/defense,63,wls_sqrt_mcap,ham
cop_at,-0.01325161457747051,-2.0251066758593543,-0.01325161457747051,0.18514452626035155,0.1057022448224478,177,defense_space/defense,126,ols_rank_normal,tema_arındırılmış
cop_at,-0.013251614577470506,-2.0251066758593534,-0.013251614577470506,0.18514452626035155,0.1057022448224478,177,defense_space/defense,126,ols_rank_normal,ham
cop_at,-0.3642125277479108,-2.2181056599375575,-0.01751354955592834,0.18476099700254373,0.10528443591578424,177,defense_space/defense,126,ols_winsorized_raw,tema_arındırılmış
cop_at,-0.3642125277479107,-2.2181056599375566,-0.017513549555928334,0.18476099700254373,0.10528443591578424,177,defense_space/defense,126,ols_winsorized_raw,ham
cop_at,0.0014447052663864675,0.2108707592631557,0.0014447052663864675,0.2120056041873656,0.13526501778508573,177,defense_space/defense,126,wls_sqrt_mcap,tema_arındırılmış
cop_at,0.0014447052663864738,0.21087075926315663,0.0014447052663864738,0.21200560418736555,0.1352650177850857,177,defense_space/defense,126,wls_sqrt_mcap,ham
dist_52w_high,-0.00042932312467468703,-0.26668869516648747,-0.00042932312467468703,0.17483542254445006,0.10254102343495415,182,defense_space/defense,21,ols_rank_normal,tema_arındırılmış
dist_52w_high,-0.00042932312467468595,-0.26668869516648674,-0.00042932312467468595,0.17483542254445006,0.10254102343495415,182,defense_space/defense,21,ols_rank_normal,ham
dist_52w_high,0.0009646112149264748,0.06164065823315022,0.00011507490308565658,0.18254639020466354,0.11086427574265602,182,defense_space/defense,21,ols_winsorized_raw,tema_arındırılmış
dist_52w_high,0.0009646112149264794,0.061640658233150514,0.00011507490308565712,0.18254639020466354,0.11086427574265602,182,defense_space/defense,21,ols_winsorized_raw,ham
dist_52w_high,0.000695244024671982,0.4348717158522624,0.000695244024671982,0.20855974659538476,0.13910194562768918,182,defense_space/defense,21,wls_sqrt_mcap,tema_arındırılmış
dist_52w_high,0.0006952440246719805,0.4348717158522616,0.0006952440246719805,0.2085597465953848,0.13910194562768918,182,defense_space/defense,21,wls_sqrt_mcap,ham
dist_52w_high,0.002494921838294605,0.6857926771999704,0.002494921838294605,0.18254905471467472,0.11072294890165091,180,defense_space/defense,63,ols_rank_normal,tema_arındırılmış
dist_52w_high,0.0024949218382946067,0.6857926771999708,0.0024949218382946067,0.18254905471467472,0.1107229489016509,180,defense_space/defense,63,ols_rank_normal,ham
dist_52w_high,0.028286750746049593,0.7403834348556717,0.0033534948737670017,0.19091291065369864,0.11976591138875878,180,defense_space/defense,63,ols_winsorized_raw,tema_arındırılmış
dist_52w_high,0.02828675074604962,0.7403834348556725,0.003353494873767005,0.19091291065369864,0.11976591138875878,180,defense_space/defense,63,ols_winsorized_raw,ham
dist_52w_high,0.007591547835871894,2.1296299761725823,0.007591547835871894,0.20998284125286124,0.1403441558526269,180,defense_space/defense,63,wls_sqrt_mcap,tema_arındırılmış
dist_52w_high,0.007591547835871892,2.1296299761725814,0.007591547835871892,0.20998284125286124,0.1403441558526269,180,defense_space/defense,63,wls_sqrt_mcap,ham
dist_52w_high,0.01160855246245753,1.6751996358739414,0.01160855246245753,0.1842969357186038,0.11229648677923333,177,defense_space/defense,126,ols_rank_normal,tema_arındırılmış
dist_52w_high,0.011608552462457528,1.6751996358739412,0.011608552462457528,0.1842969357186038,0.11229648677923336,177,defense_space/defense,126,ols_rank_normal,ham
dist_52w_high,0.10940186522572927,1.5530405904923155,0.012863290152680984,0.190532597190572,0.11902407694788551,177,defense_space/defense,126,ols_winsorized_raw,tema_arındırılmış
dist_52w_high,0.10940186522572927,1.5530405904923157,0.012863290152680984,0.190532597190572,0.11902407694788551,177,defense_space/defense,126,ols_winsorized_raw,ham
dist_52w_high,0.019170514223117996,3.076922839872958,0.019170514223117996,0.2041652276652439,0.13392278885907058,177,defense_space/defense,126,wls_sqrt_mcap,tema_arındırılmış
dist_52w_high,0.019170514223117996,3.076922839872958,0.019170514223117996,0.2041652276652439,0.13392278885907055,177,defense_space/defense,126,wls_sqrt_mcap,ham
droe,-0.0010776694091154412,-1.1252843236938954,-0.0010776694091154412,0.16770596235732338,0.08246812345403594,182,defense_space/defense,21,ols_rank_normal,tema_arındırılmış
droe,-0.0010776694091154417,-1.1252843236938959,-0.0010776694091154417,0.1677059623573234,0.08246812345403594,182,defense_space/defense,21,ols_rank_normal,ham
droe,-0.005931046460138344,-0.3656872041362749,-0.0005904508250770993,0.16551270776122742,0.08000743622785833,182,defense_space/defense,21,ols_winsorized_raw,tema_arındırılmış
droe,-0.005931046460138347,-0.3656872041362751,-0.0005904508250770996,0.16551270776122742,0.08000743622785836,182,defense_space/defense,21,ols_winsorized_raw,ham
droe,-0.00018315080743341972,-0.20682773506337096,-0.00018315080743341972,0.2069268229413032,0.12570445492354185,182,defense_space/defense,21,wls_sqrt_mcap,tema_arındırılmış
droe,-0.00018315080743341742,-0.2068277350633683,-0.00018315080743341742,0.2069268229413032,0.12570445492354185,182,defense_space/defense,21,wls_sqrt_mcap,ham
droe,-0.0013578447272647547,-0.5618877569983275,-0.0013578447272647547,0.16523769274545125,0.07927009166927558,180,defense_space/defense,63,ols_rank_normal,tema_arındırılmış
droe,-0.0013578447272647553,-0.5618877569983277,-0.0013578447272647553,0.16523769274545125,0.07927009166927558,180,defense_space/defense,63,ols_rank_normal,ham
droe,0.004013663232982689,0.09107512557803352,0.0004017668401141794,0.16197350926335546,0.0755789182479997,180,defense_space/defense,63,ols_winsorized_raw,tema_arındırılmış
droe,0.004013663232982689,0.09107512557803352,0.0004017668401141794,0.16197350926335546,0.0755789182479997,180,defense_space/defense,63,ols_winsorized_raw,ham
droe,0.001582763902165486,0.6961573949299423,0.001582763902165486,0.2005226427824021,0.11824519368487434,180,defense_space/defense,63,wls_sqrt_mcap,tema_arındırılmış
droe,0.001582763902165504,0.6961573949299499,0.001582763902165504,0.2005226427824021,0.1182451936848743,180,defense_space/defense,63,wls_sqrt_mcap,ham
droe,-0.0022034000526952686,-0.46339594269209033,-0.0022034000526952686,0.17955954384809478,0.09497539488246386,177,defense_space/defense,126,ols_rank_normal,tema_arındırılmış
droe,-0.0022034000526952708,-0.4633959426920909,-0.0022034000526952708,0.17955954384809475,0.09497539488246383,177,defense_space/defense,126,ols_rank_normal,ham
droe,-0.03203880978547367,-0.422939521899498,-0.0032395788191238446,0.1765031418405925,0.09150165606484034,177,defense_space/defense,126,ols_winsorized_raw,tema_arındırılmış
droe,-0.03203880978547364,-0.42293952189949763,-0.003239578819123842,0.17650314184059254,0.09150165606484038,177,defense_space/defense,126,ols_winsorized_raw,ham
droe,0.003014734399249843,0.7079089094372055,0.003014734399249843,0.19996637699086806,0.11760671095787026,177,defense_space/defense,126,wls_sqrt_mcap,tema_arındırılmış
droe,0.0030147343992498613,0.70790890943721,0.0030147343992498613,0.19996637699086806,0.11760671095787026,177,defense_space/defense,126,wls_sqrt_mcap,ham
ear_3d,-0.0012094660308216336,-0.8553166190694084,-0.0012094660308216336,0.19096331668156058,0.11470499431041577,182,defense_space/defense,21,ols_rank_normal,tema_arındırılmış
ear_3d,-0.0012094660308216343,-0.8553166190694088,-0.0012094660308216343,0.19096331668156058,0.1147049943104158,182,defense_space/defense,21,ols_rank_normal,ham
ear_3d,-0.013661266934799807,-0.661492131408174,-0.0010354437487941513,0.1942876167497244,0.11823340190349164,182,defense_space/defense,21,ols_winsorized_raw,tema_arındırılmış
ear_3d,-0.013661266934799828,-0.661492131408175,-0.0010354437487941528,0.19428761674972433,0.11823340190349162,182,defense_space/defense,21,ols_winsorized_raw,ham
ear_3d,-0.0003362808461839977,-0.26962183937781686,-0.0003362808461839977,0.20607538964423902,0.13090202415590754,182,defense_space/defense,21,wls_sqrt_mcap,tema_arındırılmış
ear_3d,-0.0003362808461840052,-0.2696218393778228,-0.0003362808461840052,0.20607538964423905,0.13090202415590757,182,defense_space/defense,21,wls_sqrt_mcap,ham
ear_3d,-0.003792264414102949,-1.1465208343185262,-0.003792264414102949,0.19733982134528272,0.12146135846005003,180,defense_space/defense,63,ols_rank_normal,tema_arındırılmış
ear_3d,-0.0037922644141029508,-1.1465208343185267,-0.0037922644141029508,0.19733982134528275,0.12146135846005003,180,defense_space/defense,63,ols_rank_normal,ham
ear_3d,-0.04291749526442203,-0.9180005859252838,-0.0032334232664030134,0.20052351670321875,0.12486918128945233,180,defense_space/defense,63,ols_winsorized_raw,tema_arındırılmış
ear_3d,-0.04291749526442201,-0.9180005859252833,-0.003233423266403012,0.2005235167032187,0.12486918128945233,180,defense_space/defense,63,ols_winsorized_raw,ham
ear_3d,-0.00012574378013150792,-0.04219658894400904,-0.00012574378013150792,0.2024716099122396,0.12692837642571766,180,defense_space/defense,63,wls_sqrt_mcap,tema_arındırılmış
ear_3d,-0.000125743780131513,-0.042196588944010724,-0.000125743780131513,0.2024716099122396,0.12692837642571766,180,defense_space/defense,63,wls_sqrt_mcap,ham
ear_3d,0.0008729546751019789,0.18854596925145817,0.0008729546751019789,0.1899808525893469,0.11303749178070915,177,defense_space/defense,126,ols_rank_normal,tema_arındırılmış
ear_3d,0.0008729546751019775,0.18854596925145786,0.0008729546751019775,0.1899808525893469,0.11303749178070914,177,defense_space/defense,126,ols_rank_normal,ham
ear_3d,0.04104348742504809,0.5879539266244996,0.0030737424019583012,0.19140873587754442,0.11457915339315923,177,defense_space/defense,126,ols_winsorized_raw,tema_arındırılmış
ear_3d,0.04104348742504811,0.5879539266245,0.0030737424019583025,0.19140873587754442,0.11457915339315923,177,defense_space/defense,126,ols_winsorized_raw,ham
ear_3d,0.004962863021997764,1.0945190420433923,0.004962863021997764,0.1996171981509526,0.12368668434211494,177,defense_space/defense,126,wls_sqrt_mcap,tema_arındırılmış
ear_3d,0.004962863021997746,1.0945190420433872,0.004962863021997746,0.1996171981509526,0.12368668434211494,177,defense_space/defense,126,wls_sqrt_mcap,ham
gross_profitability,-0.0006046596294921749,-0.49389915128385575,-0.0006046596294921749,0.17794642462260413,0.09200710724131145,182,defense_space/defense,21,ols_rank_normal,tema_arındırılmış
gross_profitability,-0.0006046596294921755,-0.4938991512838564,-0.0006046596294921755,0.1779464246226041,0.09200710724131146,182,defense_space/defense,21,ols_rank_normal,ham
gross_profitability,-0.007692964355575003,-0.9424130492816024,-0.0014226847775654669,0.17846913985695842,0.09258118993946121,182,defense_space/defense,21,ols_winsorized_raw,tema_arındırılmış
gross_profitability,-0.007692964355575003,-0.9424130492816025,-0.0014226847775654669,0.17846913985695842,0.09258118993946124,182,defense_space/defense,21,ols_winsorized_raw,ham
gross_profitability,0.00014667687628183528,0.14975047760266721,0.00014667687628183528,0.20838855480210264,0.12569413097765605,182,defense_space/defense,21,wls_sqrt_mcap,tema_arındırılmış
gross_profitability,0.00014667687628183406,0.149750477602666,0.00014667687628183406,0.20838855480210264,0.12569413097765605,182,defense_space/defense,21,wls_sqrt_mcap,ham
gross_profitability,-0.0012924803784267345,-0.4359708641891719,-0.0012924803784267345,0.17781562906005427,0.09165064405460865,180,defense_space/defense,63,ols_rank_normal,tema_arındırılmış
gross_profitability,-0.0012924803784267345,-0.43597086418917197,-0.0012924803784267345,0.17781562906005424,0.09165064405460864,180,defense_space/defense,63,ols_rank_normal,ham
gross_profitability,-0.018329755429597642,-0.9005810833880373,-0.0033901811556487746,0.1762117447038464,0.08985118058062523,180,defense_space/defense,63,ols_winsorized_raw,tema_arındırılmış
gross_profitability,-0.01832975542959762,-0.9005810833880363,-0.003390181155648771,0.17621174470384637,0.08985118058062522,180,defense_space/defense,63,ols_winsorized_raw,ham
gross_profitability,0.0009312013922683222,0.3544843414013944,0.0009312013922683222,0.20582817644863105,0.12250580574872387,180,defense_space/defense,63,wls_sqrt_mcap,tema_arındırılmış
gross_profitability,0.0009312013922683209,0.35448434140139384,0.0009312013922683209,0.20582817644863102,0.12250580574872387,180,defense_space/defense,63,wls_sqrt_mcap,ham
gross_profitability,-0.0036665756726419626,-0.6775124707901916,-0.0036665756726419626,0.1823150720845166,0.09659407206207797,177,defense_space/defense,126,ols_rank_normal,tema_arındırılmış
gross_profitability,-0.0036665756726419643,-0.677512470790192,-0.0036665756726419643,0.18231507208451656,0.09659407206207797,177,defense_space/defense,126,ols_rank_normal,ham
gross_profitability,-0.035781879860460115,-0.8809340309089491,-0.006614394727853773,0.18926349736680687,0.1041693121311457,177,defense_space/defense,126,ols_winsorized_raw,tema_arındırılmış
gross_profitability,-0.03578187986046008,-0.8809340309089483,-0.006614394727853767,0.18926349736680687,0.10416931213114569,177,defense_space/defense,126,ols_winsorized_raw,ham
gross_profitability,-0.0001823838855539977,-0.03498769562249214,-0.0001823838855539977,0.19832493182518293,0.11415593321680322,177,defense_space/defense,126,wls_sqrt_mcap,tema_arındırılmış
gross_profitability,-0.0001823838855540002,-0.034987695622492626,-0.0001823838855540002,0.198324931825183,0.11415593321680322,177,defense_space/defense,126,wls_sqrt_mcap,ham
idio_vol_60d,0.003128516916873636,1.6883203061884164,0.003128516916873636,0.16807079707642208,0.09509949048931861,182,defense_space/defense,21,ols_rank_normal,tema_arındırılmış
idio_vol_60d,0.003128516916873635,1.688320306188416,0.003128516916873635,0.16807079707642206,0.0950994904893186,182,defense_space/defense,21,ols_rank_normal,ham
idio_vol_60d,0.02339971797777077,1.4546456051090029,0.0034065424042183574,0.18902387590173853,0.11789548775021379,182,defense_space/defense,21,ols_winsorized_raw,tema_arındırılmış
idio_vol_60d,0.023399717977770747,1.454645605109001,0.003406542404218354,0.18902387590173853,0.11789548775021381,182,defense_space/defense,21,ols_winsorized_raw,ham
idio_vol_60d,0.0019141549396450544,1.1466020732328592,0.0019141549396450544,0.20262888527109912,0.13260048542267247,182,defense_space/defense,21,wls_sqrt_mcap,tema_arındırılmış
idio_vol_60d,0.0019141549396450557,1.1466020732328603,0.0019141549396450557,0.20262888527109912,0.13260048542267247,182,defense_space/defense,21,wls_sqrt_mcap,ham
idio_vol_60d,0.007812856875102019,1.836819842544168,0.007812856875102019,0.17743847281230457,0.10505484037329818,180,defense_space/defense,63,ols_rank_normal,tema_arındırılmış
idio_vol_60d,0.00781285687510202,1.836819842544168,0.00781285687510202,0.17743847281230457,0.10505484037329818,180,defense_space/defense,63,ols_rank_normal,ham
idio_vol_60d,0.043743504533608354,1.131650374450358,0.006345773312799505,0.1985163654296852,0.1279270074171529,180,defense_space/defense,63,ols_winsorized_raw,tema_arındırılmış
idio_vol_60d,0.04374350453360832,1.131650374450357,0.0063457733127995,0.19851636542968518,0.1279270074171529,180,defense_space/defense,63,ols_winsorized_raw,ham
idio_vol_60d,0.006661533447174929,1.6994842841487008,0.006661533447174929,0.20137526215785345,0.13099977132647808,180,defense_space/defense,63,wls_sqrt_mcap,tema_arındırılmış
idio_vol_60d,0.006661533447174929,1.6994842841487008,0.006661533447174929,0.20137526215785345,0.13099977132647808,180,defense_space/defense,63,wls_sqrt_mcap,ham
idio_vol_60d,0.01420572106475513,1.698485256879257,0.01420572106475513,0.18677025543515482,0.11500642881319514,177,defense_space/defense,126,ols_rank_normal,tema_arındırılmış
idio_vol_60d,0.01420572106475513,1.698485256879257,0.01420572106475513,0.18677025543515488,0.11500642881319514,177,defense_space/defense,126,ols_rank_normal,ham
idio_vol_60d,0.08761849981150491,1.136664893529413,0.012645202637967881,0.20603548630624446,0.13600481937430553,177,defense_space/defense,126,ols_winsorized_raw,tema_arındırılmış
idio_vol_60d,0.08761849981150487,1.1366648935294126,0.012645202637967876,0.20603548630624455,0.13600481937430553,177,defense_space/defense,126,ols_winsorized_raw,ham
idio_vol_60d,0.013509377752108406,1.875782031592639,0.013509377752108406,0.2011559469731807,0.13072876182911744,177,defense_space/defense,126,wls_sqrt_mcap,tema_arındırılmış
idio_vol_60d,0.013509377752108417,1.8757820315926412,0.013509377752108417,0.2011559469731807,0.13072876182911744,177,defense_space/defense,126,wls_sqrt_mcap,ham
max_ret_21d,0.0023079653614390206,1.5039913118734332,0.0023079653614390206,0.16528605689827697,0.0920338745779354,182,defense_space/defense,21,ols_rank_normal,tema_arındırılmış
max_ret_21d,0.0023079653614390214,1.5039913118734338,0.0023079653614390214,0.16528605689827694,0.09203387457793542,182,defense_space/defense,21,ols_rank_normal,ham
max_ret_21d,0.06754606699030155,1.1078424783537586,0.002373771754454334,0.17936857042177792,0.10728667472666208,182,defense_space/defense,21,ols_winsorized_raw,tema_arındırılmış
max_ret_21d,0.06754606699030154,1.1078424783537584,0.0023737717544543334,0.17936857042177792,0.1072866747266621,182,defense_space/defense,21,ols_winsorized_raw,ham
max_ret_21d,0.0021000576271420143,1.5414967579729462,0.0021000576271420143,0.19359454438594614,0.12283684723461535,182,defense_space/defense,21,wls_sqrt_mcap,tema_arındırılmış
max_ret_21d,0.0021000576271420113,1.5414967579729448,0.0021000576271420113,0.19359454438594614,0.12283684723461537,182,defense_space/defense,21,wls_sqrt_mcap,ham
max_ret_21d,0.002633182337623642,0.82796161005179,0.002633182337623642,0.17156411157797397,0.09861058753944583,180,defense_space/defense,63,ols_rank_normal,tema_arındırılmış
max_ret_21d,0.0026331823376236434,0.8279616100517906,0.0026331823376236434,0.17156411157797397,0.09861058753944583,180,defense_space/defense,63,ols_rank_normal,ham
max_ret_21d,0.05902384876218602,0.5094092041649694,0.0020640273228617824,0.18793293650125126,0.1163879200744641,180,defense_space/defense,63,ols_winsorized_raw,tema_arındırılmış
max_ret_21d,0.05902384876218604,0.5094092041649695,0.0020640273228617833,0.18793293650125126,0.11638792007446411,180,defense_space/defense,63,ols_winsorized_raw,ham
max_ret_21d,0.0024354430795342557,0.9009083454692384,0.0024354430795342557,0.18975482853490927,0.11832741897067439,180,defense_space/defense,63,wls_sqrt_mcap,tema_arındırılmış
max_ret_21d,0.0024354430795342605,0.9009083454692411,0.0024354430795342605,0.18975482853490927,0.11832741897067439,180,defense_space/defense,63,wls_sqrt_mcap,ham
max_ret_21d,0.0019052881207334829,0.39205763873919625,0.0019052881207334829,0.17200309514999626,0.09890178531515059,177,defense_space/defense,126,ols_rank_normal,tema_arındırılmış
max_ret_21d,0.001905288120733481,0.39205763873919586,0.001905288120733481,0.1720030951499963,0.0989017853151506,177,defense_space/defense,126,ols_rank_normal,ham
max_ret_21d,0.03486789228082357,0.16805627693784675,0.0012145080198412506,0.18518445803820377,0.113269915058842,177,defense_space/defense,126,ols_winsorized_raw,tema_arındırılmış
max_ret_21d,0.034867892280823494,0.16805627693784636,0.001214508019841248,0.18518445803820371,0.113269915058842,177,defense_space/defense,126,ols_winsorized_raw,ham
max_ret_21d,0.003984516284962389,1.0093684024838505,0.003984516284962389,0.19020288475790634,0.11874043326754226,177,defense_space/defense,126,wls_sqrt_mcap,tema_arındırılmış
max_ret_21d,0.003984516284962404,1.0093684024838558,0.003984516284962404,0.1902028847579063,0.11874043326754224,177,defense_space/defense,126,wls_sqrt_mcap,ham
mom_12_1,0.00012883811065276908,0.07823928316225266,0.00012883811065276908,0.18875183256239755,0.11771834374332059,182,defense_space/defense,21,ols_rank_normal,tema_arındırılmış
mom_12_1,0.0001288381106527683,0.07823928316225219,0.0001288381106527683,0.18875183256239755,0.1177183437433206,182,defense_space/defense,21,ols_rank_normal,ham
mom_12_1,-0.0015345243128589694,-0.30682944324600475,-0.0006000403186520728,0.19070914859132684,0.11980480296889331,182,defense_space/defense,21,ols_winsorized_raw,tema_arındırılmış
mom_12_1,-0.0015345243128589705,-0.3068294432460049,-0.0006000403186520732,0.19070914859132684,0.1198048029688933,182,defense_space/defense,21,ols_winsorized_raw,ham
mom_12_1,0.0023209361473152923,1.371620293511885,0.0023209361473152923,0.21693101966501957,0.14822277527804964,182,defense_space/defense,21,wls_sqrt_mcap,tema_arındırılmış
mom_12_1,0.002320936147315297,1.3716202935118884,0.002320936147315297,0.21693101966501954,0.14822277527804964,182,defense_space/defense,21,wls_sqrt_mcap,ham
mom_12_1,0.00280786935259856,1.0203472510989455,0.00280786935259856,0.17800016247979744,0.10582256453550506,180,defense_space/defense,63,ols_rank_normal,tema_arındırılmış
mom_12_1,0.0028078693525985564,1.020347251098944,0.0028078693525985564,0.17800016247979744,0.10582256453550506,180,defense_space/defense,63,ols_rank_normal,ham
mom_12_1,0.006207973414031811,0.6394103839247984,0.0024130521854155134,0.180477283872456,0.10849683513703216,180,defense_space/defense,63,ols_winsorized_raw,tema_arındırılmış
mom_12_1,0.0062079734140318065,0.639410383924798,0.0024130521854155117,0.18047728387245607,0.10849683513703216,180,defense_space/defense,63,ols_winsorized_raw,ham
mom_12_1,0.009745997822394192,2.9903593250523066,0.009745997822394192,0.2042942150937179,0.13419718268438266,180,defense_space/defense,63,wls_sqrt_mcap,tema_arındırılmış
mom_12_1,0.009745997822394189,2.990359325052306,0.009745997822394189,0.2042942150937179,0.13419718268438266,180,defense_space/defense,63,wls_sqrt_mcap,ham
mom_12_1,0.005617590256697125,1.0076782788226215,0.005617590256697125,0.1766075592121385,0.10405959134176487,177,defense_space/defense,126,ols_rank_normal,tema_arındırılmış
mom_12_1,0.005617590256697125,1.0076782788226215,0.005617590256697125,0.1766075592121385,0.10405959134176487,177,defense_space/defense,126,ols_rank_normal,ham
mom_12_1,0.019837477293344827,1.0898856478948564,0.007467881900452173,0.17359040223720779,0.10074939990615436,177,defense_space/defense,126,ols_winsorized_raw,tema_arındırılmış
mom_12_1,0.019837477293344813,1.089885647894856,0.007467881900452168,0.17359040223720779,0.10074939990615435,177,defense_space/defense,126,ols_winsorized_raw,ham
mom_12_1,0.014736892089251075,2.094921072010749,0.014736892089251075,0.204925902709275,0.13482570881404576,177,defense_space/defense,126,wls_sqrt_mcap,tema_arındırılmış
mom_12_1,0.014736892089251072,2.0949210720107487,0.014736892089251072,0.20492590270927494,0.13482570881404574,177,defense_space/defense,126,wls_sqrt_mcap,ham
profitable_growth,-0.00044958315644457077,-0.3756156286326145,-0.00044958315644457077,0.18211254960126716,0.09870931890223412,182,defense_space/defense,21,ols_rank_normal,tema_arındırılmış
profitable_growth,-0.00044958315644457104,-0.37561562863261466,-0.00044958315644457104,0.18211254960126716,0.09870931890223412,182,defense_space/defense,21,ols_rank_normal,ham
profitable_growth,-0.0007398914367266094,-0.2324711148377523,-0.0002877160423607875,0.1788343648801644,0.09504144488822845,182,defense_space/defense,21,ols_winsorized_raw,tema_arındırılmış
profitable_growth,-0.0007398914367266041,-0.23247111483775065,-0.00028771604236078543,0.1788343648801644,0.09504144488822847,182,defense_space/defense,21,ols_winsorized_raw,ham
profitable_growth,0.00037774922438243557,0.3324078669090679,0.00037774922438243557,0.21377043948450047,0.13360086870364202,182,defense_space/defense,21,wls_sqrt_mcap,tema_arındırılmış
profitable_growth,0.00037774922438243595,0.3324078669090682,0.00037774922438243595,0.21377043948450053,0.13360086870364205,182,defense_space/defense,21,wls_sqrt_mcap,ham
profitable_growth,0.00016823565763883743,0.052228903467549326,0.00016823565763883743,0.18297594718351745,0.09940003756327952,180,defense_space/defense,63,ols_rank_normal,tema_arındırılmış
profitable_growth,0.0001682356576388368,0.05222890346754914,0.0001682356576388368,0.18297594718351745,0.09940003756327952,180,defense_space/defense,63,ols_rank_normal,ham
profitable_growth,0.0006988498018869496,0.08321939418430678,0.0002719341195240503,0.1760460308351753,0.09170329445599353,180,defense_space/defense,63,ols_winsorized_raw,tema_arındırılmış
profitable_growth,0.0006988498018869515,0.08321939418430703,0.000271934119524051,0.17604603083517528,0.09170329445599354,180,defense_space/defense,63,ols_winsorized_raw,ham
profitable_growth,0.003505951812718106,1.0047681746924857,0.003505951812718106,0.21439850549896033,0.1338905585841055,180,defense_space/defense,63,wls_sqrt_mcap,tema_arındırılmış
profitable_growth,0.0035059518127181022,1.0047681746924844,0.0035059518127181022,0.21439850549896033,0.1338905585841055,180,defense_space/defense,63,wls_sqrt_mcap,ham
profitable_growth,-0.0009386108731143646,-0.13344721831906053,-0.0009386108731143646,0.20163638263420167,0.11999597356521953,177,defense_space/defense,126,ols_rank_normal,tema_arındırılmış
profitable_growth,-0.0009386108731143691,-0.13344721831906117,-0.0009386108731143691,0.20163638263420164,0.11999597356521956,177,defense_space/defense,126,ols_rank_normal,ham
profitable_growth,-0.004351150192945962,-0.231984300894539,-0.0016944102333641285,0.1954961426641271,0.11317495584292427,177,defense_space/defense,126,ols_winsorized_raw,tema_arındırılmış
profitable_growth,-0.004351150192945957,-0.23198430089453873,-0.0016944102333641263,0.1954961426641271,0.11317495584292428,177,defense_space/defense,126,ols_winsorized_raw,ham
profitable_growth,0.006700704927707176,0.8583245803682712,0.006700704927707176,0.22527642737066653,0.14602137668250337,177,defense_space/defense,126,wls_sqrt_mcap,tema_arındırılmış
profitable_growth,0.006700704927707171,0.8583245803682705,0.006700704927707171,0.22527642737066653,0.1460213766825034,177,defense_space/defense,126,wls_sqrt_mcap,ham
share_issuance,1.6096428921207477e-05,0.014733646402981937,1.6096428921207477e-05,0.16432578855218674,0.08828530254399634,182,defense_space/defense,21,ols_rank_normal,tema_arındırılmış
share_issuance,1.6096428921207708e-05,0.014733646402982145,1.6096428921207708e-05,0.16432578855218674,0.08828530254399632,182,defense_space/defense,21,ols_rank_normal,ham
share_issuance,-0.02993680794071797,-2.202737776636943,-0.003814149002902705,0.16697507651150525,0.09098138145830927,182,defense_space/defense,21,ols_winsorized_raw,tema_arındırılmış
share_issuance,-0.029936807940717982,-2.2027377766369436,-0.0038141490029027065,0.16697507651150525,0.09098138145830924,182,defense_space/defense,21,ols_winsorized_raw,ham
share_issuance,0.0009988801178472853,1.0645079126319685,0.0009988801178472853,0.18725760366374106,0.11328120925758467,182,defense_space/defense,21,wls_sqrt_mcap,tema_arındırılmış
share_issuance,0.0009988801178472879,1.0645079126319714,0.0009988801178472879,0.18725760366374106,0.11328120925758466,182,defense_space/defense,21,wls_sqrt_mcap,ham
share_issuance,-0.0017563438793496084,-0.6811858440958805,-0.0017563438793496084,0.16615519703007048,0.08973787300589763,180,defense_space/defense,63,ols_rank_normal,tema_arındırılmış
share_issuance,-0.0017563438793496077,-0.6811858440958801,-0.0017563438793496077,0.16615519703007048,0.08973787300589763,180,defense_space/defense,63,ols_rank_normal,ham
share_issuance,-0.06797039974431367,-2.279589155522308,-0.008621811782550767,0.16607282136179116,0.0894573650181778,180,defense_space/defense,63,ols_winsorized_raw,tema_arındırılmış
share_issuance,-0.06797039974431371,-2.2795891555223093,-0.008621811782550773,0.16607282136179113,0.0894573650181778,180,defense_space/defense,63,ols_winsorized_raw,ham
share_issuance,0.0023126290432399364,0.9865109100072326,0.0023126290432399364,0.18291462608931247,0.10804071441624193,180,defense_space/defense,63,wls_sqrt_mcap,tema_arındırılmış
share_issuance,0.002312629043239937,0.9865109100072327,0.002312629043239937,0.18291462608931247,0.10804071441624193,180,defense_space/defense,63,wls_sqrt_mcap,ham
share_issuance,-0.00192202445401338,-0.44781443966296197,-0.00192202445401338,0.16219340332872134,0.08516512331335538,177,defense_space/defense,126,ols_rank_normal,tema_arındırılmış
share_issuance,-0.001922024454013378,-0.44781443966296147,-0.001922024454013378,0.16219340332872137,0.08516512331335542,177,defense_space/defense,126,ols_rank_normal,ham
share_issuance,-0.041310964842873735,-0.7862492650243472,-0.005191948829559385,0.1651084545078819,0.08821981731131723,177,defense_space/defense,126,ols_winsorized_raw,tema_arındırılmış
share_issuance,-0.041310964842873804,-0.7862492650243487,-0.0051919488295593934,0.1651084545078819,0.08821981731131723,177,defense_space/defense,126,ols_winsorized_raw,ham
share_issuance,0.007535351034094516,1.6208445499345685,0.007535351034094516,0.18215197515948778,0.10698340747552942,177,defense_space/defense,126,wls_sqrt_mcap,tema_arındırılmış
share_issuance,0.007535351034094511,1.6208445499345674,0.007535351034094511,0.18215197515948778,0.10698340747552942,177,defense_space/defense,126,wls_sqrt_mcap,ham
sue,-0.001422405040605361,-1.4429936837507644,-0.001422405040605361,0.16753056492689336,0.0860678480818046,178,defense_space/defense,21,ols_rank_normal,tema_arındırılmış
sue,-0.0014224050406053627,-1.4429936837507662,-0.0014224050406053627,0.16753056492689336,0.08606784808180457,178,defense_space/defense,21,ols_rank_normal,ham
sue,-0.0016105152896733505,-1.896389054860749,-0.001873166503226912,0.1608642215445394,0.07873338868194009,178,defense_space/defense,21,ols_winsorized_raw,tema_arındırılmış
sue,-0.0016105152896733498,-1.8963890548607478,-0.0018731665032269114,0.16086422154453936,0.07873338868194006,178,defense_space/defense,21,ols_winsorized_raw,ham
sue,-0.0006473868998516745,-0.6947028069212094,-0.0006473868998516745,0.20452790121258407,0.1266352962348474,178,defense_space/defense,21,wls_sqrt_mcap,tema_arındırılmış
sue,-0.0006473868998516743,-0.694702806921209,-0.0006473868998516743,0.2045279012125841,0.1266352962348474,178,defense_space/defense,21,wls_sqrt_mcap,ham
sue,-0.0014803603890690313,-0.6121489607419507,-0.0014803603890690313,0.1724973857904745,0.09144485035273982,176,defense_space/defense,63,ols_rank_normal,tema_arındırılmış
sue,-0.0014803603890690333,-0.6121489607419516,-0.0014803603890690333,0.1724973857904745,0.09144485035273982,176,defense_space/defense,63,ols_rank_normal,ham
sue,-0.0019499729094459223,-0.9979465675621447,-0.002264283111599787,0.1627761309384688,0.0807019375183403,176,defense_space/defense,63,ols_winsorized_raw,tema_arındırılmış
sue,-0.0019499729094459228,-0.9979465675621447,-0.0022642831115997873,0.1627761309384688,0.0807019375183403,176,defense_space/defense,63,ols_winsorized_raw,ham
sue,-0.00016597396470023333,-0.07411232094712321,-0.00016597396470023333,0.20685893663615948,0.12930088893497935,176,defense_space/defense,63,wls_sqrt_mcap,tema_arındırılmış
sue,-0.00016597396470023333,-0.07411232094712321,-0.00016597396470023333,0.20685893663615948,0.12930088893497935,176,defense_space/defense,63,wls_sqrt_mcap,ham
sue,0.0015531417716646767,0.3770773681873355,0.0015531417716646767,0.17422670085722508,0.09305227585657048,173,defense_space/defense,126,ols_rank_normal,tema_arındırılmış
sue,0.0015531417716646754,0.3770773681873353,0.0015531417716646754,0.17422670085722508,0.09305227585657047,173,defense_space/defense,126,ols_rank_normal,ham
sue,0.0005136610454345808,0.15195920779747682,0.0005950293304642051,0.1652376828723341,0.08314561815772409,173,defense_space/defense,126,ols_winsorized_raw,tema_arındırılmış
sue,0.0005136610454345837,0.1519592077974777,0.0005950293304642086,0.16523768287233406,0.08314561815772405,173,defense_space/defense,126,ols_winsorized_raw,ham
sue,0.005090677279425742,1.3160688779128908,0.005090677279425742,0.2054527454005213,0.12757945379946775,173,defense_space/defense,126,wls_sqrt_mcap,tema_arındırılmış
sue,0.005090677279425739,1.3160688779128897,0.005090677279425739,0.20545274540052125,0.12757945379946775,173,defense_space/defense,126,wls_sqrt_mcap,ham
sue_announce,0.0006741483794400311,0.4737954354852027,0.0006741483794400311,0.21870256337125757,0.10303853260894882,181,defense_space/defense,21,ols_rank_normal,tema_arındırılmış
sue_announce,0.0006741483794400326,0.4737954354852037,0.0006741483794400326,0.21870256337125754,0.10303853260894887,181,defense_space/defense,21,ols_rank_normal,ham
sue_announce,0.00043676270474236835,0.4249470572941642,0.000591450054466245,0.2105303054879347,0.09331387811952757,181,defense_space/defense,21,ols_winsorized_raw,tema_arındırılmış
sue_announce,0.00043676270474236976,0.4249470572941656,0.0005914500544662468,0.2105303054879347,0.09331387811952757,181,defense_space/defense,21,ols_winsorized_raw,ham
sue_announce,0.001046196735698397,0.7956623446749899,0.001046196735698397,0.2691389568018417,0.16011711411920734,181,defense_space/defense,21,wls_sqrt_mcap,tema_arındırılmış
sue_announce,0.0010461967356983964,0.7956623446749893,0.0010461967356983964,0.2691389568018417,0.16011711411920734,181,defense_space/defense,21,wls_sqrt_mcap,ham
sue_announce,0.0034210620517772625,0.9938096466376902,0.0034210620517772625,0.21518724447625717,0.098265662293119,179,defense_space/defense,63,ols_rank_normal,tema_arındırılmış
sue_announce,0.003421062051777262,0.99380964663769,0.003421062051777262,0.21518724447625714,0.09826566229311899,179,defense_space/defense,63,ols_rank_normal,ham
sue_announce,0.0032090247049681637,1.2459225278884742,0.004329031369076004,0.20534836145238955,0.08637374343914442,179,defense_space/defense,63,ols_winsorized_raw,tema_arındırılmış
sue_announce,0.003209024704968165,1.2459225278884742,0.0043290313690760055,0.2053483614523895,0.08637374343914443,179,defense_space/defense,63,ols_winsorized_raw,ham
sue_announce,0.0042319600473958875,1.196744869428468,0.0042319600473958875,0.26010751167953106,0.1487145746099067,179,defense_space/defense,63,wls_sqrt_mcap,tema_arındırılmış
sue_announce,0.004231960047395891,1.1967448694284688,0.004231960047395891,0.260107511679531,0.1487145746099067,179,defense_space/defense,63,wls_sqrt_mcap,ham
sue_announce,0.0068793190097164334,0.968964967616579,0.0068793190097164334,0.21648245382392492,0.09874940924625887,176,defense_space/defense,126,ols_rank_normal,tema_arındırılmış
sue_announce,0.006879319009716434,0.9689649676165791,0.006879319009716434,0.21648245382392492,0.0987494092462589,176,defense_space/defense,126,ols_rank_normal,ham
sue_announce,0.00637969514658876,1.207939794422327,0.008576379778986338,0.20581505985617954,0.0860944103609062,176,defense_space/defense,126,ols_winsorized_raw,tema_arındırılmış
sue_announce,0.006379695146588759,1.2079397944223267,0.008576379778986338,0.20581505985617954,0.08609441036090619,176,defense_space/defense,126,ols_winsorized_raw,ham
sue_announce,0.008964665318202291,1.2235991937567916,0.008964665318202291,0.2650784990416622,0.15390163910942148,176,defense_space/defense,126,wls_sqrt_mcap,tema_arındırılmış
sue_announce,0.008964665318202291,1.2235991937567914,0.008964665318202291,0.2650784990416622,0.15390163910942148,176,defense_space/defense,126,wls_sqrt_mcap,ham
asset_growth,,,,0.7998114610221865,-0.117041539565588,2,defense_space/defense,21,ols_rank_normal_all,tema_arındırılmış
capex_at,,,,0.7998114610221865,-0.117041539565588,2,defense_space/defense,21,ols_rank_normal_all,tema_arındırılmış
cash_runway_years,,,,0.7998114610221865,-0.117041539565588,2,defense_space/defense,21,ols_rank_normal_all,tema_arındırılmış
cop_at,,,,0.7998114610221865,-0.117041539565588,2,defense_space/defense,21,ols_rank_normal_all,tema_arındırılmış
dist_52w_high,,,,0.7998114610221865,-0.117041539565588,2,defense_space/defense,21,ols_rank_normal_all,tema_arındırılmış
droe,,,,0.7998114610221865,-0.117041539565588,2,defense_space/defense,21,ols_rank_normal_all,tema_arındırılmış
ear_3d,,,,0.7998114610221865,-0.117041539565588,2,defense_space/defense,21,ols_rank_normal_all,tema_arındırılmış
ebit_ev,,,,0.7998114610221865,-0.117041539565588,2,defense_space/defense,21,ols_rank_normal_all,tema_arındırılmış
gross_profitability,,,,0.7998114610221865,-0.117041539565588,2,defense_space/defense,21,ols_rank_normal_all,tema_arındırılmış
idio_vol_60d,,,,0.7998114610221865,-0.117041539565588,2,defense_space/defense,21,ols_rank_normal_all,tema_arındırılmış
max_ret_21d,,,,0.7998114610221865,-0.117041539565588,2,defense_space/defense,21,ols_rank_normal_all,tema_arındırılmış
mom_12_1,,,,0.7998114610221865,-0.117041539565588,2,defense_space/defense,21,ols_rank_normal_all,tema_arındırılmış
net_debt_ebitda,,,,0.7998114610221865,-0.117041539565588,2,defense_space/defense,21,ols_rank_normal_all,tema_arındırılmış
ocf_ev,,,,0.7998114610221865,-0.117041539565588,2,defense_space/defense,21,ols_rank_normal_all,tema_arındırılmış
profitable_growth,,,,0.7998114610221865,-0.117041539565588,2,defense_space/defense,21,ols_rank_normal_all,tema_arındırılmış
share_issuance,,,,0.7998114610221865,-0.117041539565588,2,defense_space/defense,21,ols_rank_normal_all,tema_arındırılmış
sue,,,,0.7998114610221865,-0.117041539565588,2,defense_space/defense,21,ols_rank_normal_all,tema_arındırılmış
sue_announce,,,,0.7998114610221865,-0.117041539565588,2,defense_space/defense,21,ols_rank_normal_all,tema_arındırılmış
asset_growth,,,,0.8319421961027342,-0.008346823383594604,1,defense_space/defense,63,ols_rank_normal_all,tema_arındırılmış
capex_at,,,,0.8319421961027342,-0.008346823383594604,1,defense_space/defense,63,ols_rank_normal_all,tema_arındırılmış
cash_runway_years,,,,0.8319421961027342,-0.008346823383594604,1,defense_space/defense,63,ols_rank_normal_all,tema_arındırılmış
cop_at,,,,0.8319421961027342,-0.008346823383594604,1,defense_space/defense,63,ols_rank_normal_all,tema_arındırılmış
dist_52w_high,,,,0.8319421961027342,-0.008346823383594604,1,defense_space/defense,63,ols_rank_normal_all,tema_arındırılmış
droe,,,,0.8319421961027342,-0.008346823383594604,1,defense_space/defense,63,ols_rank_normal_all,tema_arındırılmış
ear_3d,,,,0.8319421961027342,-0.008346823383594604,1,defense_space/defense,63,ols_rank_normal_all,tema_arındırılmış
ebit_ev,,,,0.8319421961027342,-0.008346823383594604,1,defense_space/defense,63,ols_rank_normal_all,tema_arındırılmış
gross_profitability,,,,0.8319421961027342,-0.008346823383594604,1,defense_space/defense,63,ols_rank_normal_all,tema_arındırılmış
idio_vol_60d,,,,0.8319421961027342,-0.008346823383594604,1,defense_space/defense,63,ols_rank_normal_all,tema_arındırılmış
max_ret_21d,,,,0.8319421961027342,-0.008346823383594604,1,defense_space/defense,63,ols_rank_normal_all,tema_arındırılmış
mom_12_1,,,,0.8319421961027342,-0.008346823383594604,1,defense_space/defense,63,ols_rank_normal_all,tema_arındırılmış
net_debt_ebitda,,,,0.8319421961027342,-0.008346823383594604,1,defense_space/defense,63,ols_rank_normal_all,tema_arındırılmış
ocf_ev,,,,0.8319421961027342,-0.008346823383594604,1,defense_space/defense,63,ols_rank_normal_all,tema_arındırılmış
profitable_growth,,,,0.8319421961027342,-0.008346823383594604,1,defense_space/defense,63,ols_rank_normal_all,tema_arındırılmış
share_issuance,,,,0.8319421961027342,-0.008346823383594604,1,defense_space/defense,63,ols_rank_normal_all,tema_arındırılmış
sue,,,,0.8319421961027342,-0.008346823383594604,1,defense_space/defense,63,ols_rank_normal_all,tema_arındırılmış
sue_announce,,,,0.8319421961027342,-0.008346823383594604,1,defense_space/defense,63,ols_rank_normal_all,tema_arındırılmış
asset_growth,,,,0.777644512681259,-0.334132923912446,1,defense_space/defense,126,ols_rank_normal_all,tema_arındırılmış
capex_at,,,,0.777644512681259,-0.334132923912446,1,defense_space/defense,126,ols_rank_normal_all,tema_arındırılmış
cash_runway_years,,,,0.777644512681259,-0.334132923912446,1,defense_space/defense,126,ols_rank_normal_all,tema_arındırılmış
cop_at,,,,0.777644512681259,-0.334132923912446,1,defense_space/defense,126,ols_rank_normal_all,tema_arındırılmış
dist_52w_high,,,,0.777644512681259,-0.334132923912446,1,defense_space/defense,126,ols_rank_normal_all,tema_arındırılmış
droe,,,,0.777644512681259,-0.334132923912446,1,defense_space/defense,126,ols_rank_normal_all,tema_arındırılmış
ear_3d,,,,0.777644512681259,-0.334132923912446,1,defense_space/defense,126,ols_rank_normal_all,tema_arındırılmış
ebit_ev,,,,0.777644512681259,-0.334132923912446,1,defense_space/defense,126,ols_rank_normal_all,tema_arındırılmış
gross_profitability,,,,0.777644512681259,-0.334132923912446,1,defense_space/defense,126,ols_rank_normal_all,tema_arındırılmış
idio_vol_60d,,,,0.777644512681259,-0.334132923912446,1,defense_space/defense,126,ols_rank_normal_all,tema_arındırılmış
max_ret_21d,,,,0.777644512681259,-0.334132923912446,1,defense_space/defense,126,ols_rank_normal_all,tema_arındırılmış
mom_12_1,,,,0.777644512681259,-0.334132923912446,1,defense_space/defense,126,ols_rank_normal_all,tema_arındırılmış
net_debt_ebitda,,,,0.777644512681259,-0.334132923912446,1,defense_space/defense,126,ols_rank_normal_all,tema_arındırılmış
ocf_ev,,,,0.777644512681259,-0.334132923912446,1,defense_space/defense,126,ols_rank_normal_all,tema_arındırılmış
profitable_growth,,,,0.777644512681259,-0.334132923912446,1,defense_space/defense,126,ols_rank_normal_all,tema_arındırılmış
share_issuance,,,,0.777644512681259,-0.334132923912446,1,defense_space/defense,126,ols_rank_normal_all,tema_arındırılmış
sue,,,,0.777644512681259,-0.334132923912446,1,defense_space/defense,126,ols_rank_normal_all,tema_arındırılmış
sue_announce,,,,0.777644512681259,-0.334132923912446,1,defense_space/defense,126,ols_rank_normal_all,tema_arındırılmış
asset_growth,0.0006221407097463624,0.19169955950569526,0.0006221407097463624,0.2515552166915067,0.08900584151240284,129,defense_space/space,21,ols_rank_normal,tema_arındırılmış
asset_growth,0.0006221407097463629,0.19169955950569542,0.0006221407097463629,0.25155521669150666,0.08900584151240282,129,defense_space/space,21,ols_rank_normal,ham
asset_growth,0.018437151738610075,1.3431990894633339,0.009425631848967574,0.26876200033322983,0.10982986668785802,129,defense_space/space,21,ols_winsorized_raw,tema_arındırılmış
asset_growth,0.018437151738610078,1.343199089463334,0.009425631848967575,0.26876200033322983,0.109829866687858,129,defense_space/space,21,ols_winsorized_raw,ham
asset_growth,-0.0005987902586198564,-0.22625856976590955,-0.0005987902586198564,0.2929580840183523,0.13998884635760797,129,defense_space/space,21,wls_sqrt_mcap,tema_arındırılmış
asset_growth,-0.0005987902586198667,-0.22625856976591352,-0.0005987902586198667,0.2929580840183523,0.139988846357608,129,defense_space/space,21,wls_sqrt_mcap,ham
asset_growth,0.0037776133221771534,0.4418593706192509,0.0037776133221771534,0.2532415218423655,0.09259848877955493,127,defense_space/space,63,ols_rank_normal,tema_arındırılmış
asset_growth,0.0037776133221771573,0.44185937061925146,0.0037776133221771573,0.2532415218423655,0.09259848877955493,127,defense_space/space,63,ols_rank_normal,ham
asset_growth,0.05029981577156595,1.5266607623416595,0.02519605622870129,0.2550251405878585,0.0941337857496532,127,defense_space/space,63,ols_winsorized_raw,tema_arındırılmış
asset_growth,0.05029981577156596,1.5266607623416595,0.025196056228701295,0.25502514058785847,0.09413378574965318,127,defense_space/space,63,ols_winsorized_raw,ham
asset_growth,-0.0037379944576333046,-0.4948788250822337,-0.0037379944576333046,0.27594147771975286,0.12068636828041651,127,defense_space/space,63,wls_sqrt_mcap,tema_arındırılmış
asset_growth,-0.0037379944576333085,-0.4948788250822342,-0.0037379944576333085,0.27594147771975286,0.12068636828041654,127,defense_space/space,63,wls_sqrt_mcap,ham
asset_growth,0.015449412401683602,0.9291492695621104,0.015449412401683602,0.24569572440953358,0.0831299165106427,124,defense_space/space,126,ols_rank_normal,tema_arındırılmış
asset_growth,0.015449412401683607,0.9291492695621107,0.015449412401683607,0.2456957244095336,0.08312991651064273,124,defense_space/space,126,ols_rank_normal,ham
asset_growth,0.07722736527838216,1.44392734075522,0.037233090842490275,0.2351243554597959,0.06940837062225687,124,defense_space/space,126,ols_winsorized_raw,tema_arındırılmış
asset_growth,0.07722736527838223,1.4439273407552213,0.03723309084249031,0.2351243554597959,0.06940837062225684,124,defense_space/space,126,ols_winsorized_raw,ham
asset_growth,-0.0007300235780358609,-0.05055246421819213,-0.0007300235780358609,0.2665100785741901,0.10876707268940498,124,defense_space/space,126,wls_sqrt_mcap,tema_arındırılmış
asset_growth,-0.0007300235780358832,-0.05055246421819364,-0.0007300235780358832,0.2665100785741901,0.108767072689405,124,defense_space/space,126,wls_sqrt_mcap,ham
capex_at,-0.0009198402695961226,-0.27978018431171553,-0.0009198402695961226,0.24605581942811258,0.0814992749481336,126,defense_space/space,21,ols_rank_normal,tema_arındırılmış
capex_at,-0.000919840269596127,-0.2797801843117169,-0.000919840269596127,0.2460558194281125,0.08149927494813351,126,defense_space/space,21,ols_rank_normal,ham
capex_at,0.030767928189516087,0.4004797959266356,0.0013789675140291047,0.2628146905575755,0.10207684651944368,126,defense_space/space,21,ols_winsorized_raw,tema_arındırılmış
capex_at,0.030767928189516115,0.40047979592663596,0.0013789675140291058,0.2628146905575755,0.10207684651944364,126,defense_space/space,21,ols_winsorized_raw,ham
capex_at,-0.0012754135552494922,-0.4524032559485176,-0.0012754135552494922,0.2891305403226376,0.13449198627788583,126,defense_space/space,21,wls_sqrt_mcap,tema_arındırılmış
capex_at,-0.0012754135552494883,-0.4524032559485162,-0.0012754135552494883,0.2891305403226376,0.13449198627788583,126,defense_space/space,21,wls_sqrt_mcap,ham
capex_at,-0.00842014939633753,-0.8973714532080461,-0.00842014939633753,0.25301902499588397,0.09150162814781958,124,defense_space/space,63,ols_rank_normal,tema_arındırılmış
capex_at,-0.008420149396337508,-0.8973714532080441,-0.008420149396337508,0.2530190249958839,0.09150162814781956,124,defense_space/space,63,ols_rank_normal,ham
capex_at,-0.024460363477218253,-0.14895072438192064,-0.0010897497517123335,0.2455157682592402,0.08224751609925762,124,defense_space/space,63,ols_winsorized_raw,tema_arındırılmış
capex_at,-0.02446036347721827,-0.14895072438192075,-0.0010897497517123342,0.24551576825924024,0.08224751609925761,124,defense_space/space,63,ols_winsorized_raw,ham
capex_at,-0.006670424305811752,-0.7950481886298769,-0.006670424305811752,0.27425697141853733,0.11780892879331285,124,defense_space/space,63,wls_sqrt_mcap,tema_arındırılmış
capex_at,-0.006670424305811747,-0.7950481886298765,-0.006670424305811747,0.27425697141853733,0.11780892879331285,124,defense_space/space,63,wls_sqrt_mcap,ham
capex_at,-0.01890825859823859,-0.8715100361765288,-0.01890825859823859,0.22833797791908156,0.06068085044946456,121,defense_space/space,126,ols_rank_normal,tema_arındırılmış
capex_at,-0.01890825859823855,-0.8715100361765276,-0.01890825859823855,0.22833797791908161,0.060680850449464536,121,defense_space/space,126,ols_rank_normal,ham
capex_at,-0.08294305171984173,-0.2363548580727394,-0.0036625017597244148,0.21645093652615335,0.04622074223738903,121,defense_space/space,126,ols_winsorized_raw,tema_arındırılmış
capex_at,-0.08294305171984176,-0.23635485807273948,-0.003662501759724416,0.21645093652615338,0.04622074223738901,121,defense_space/space,126,ols_winsorized_raw,ham
capex_at,-0.012573685446786659,-0.6322105134710959,-0.012573685446786659,0.2571924854113095,0.09696306364958297,121,defense_space/space,126,wls_sqrt_mcap,tema_arındırılmış
capex_at,-0.012573685446786654,-0.6322105134710957,-0.012573685446786654,0.2571924854113095,0.09696306364958297,121,defense_space/space,126,wls_sqrt_mcap,ham
cop_at,-0.00660516208070803,-1.6193909598610023,-0.00660516208070803,0.2598170104075599,0.09136129832087522,58,defense_space/space,21,ols_rank_normal,tema_arındırılmış
cop_at,-0.006605162080708028,-1.6193909598610017,-0.006605162080708028,0.25981701040755983,0.09136129832087522,58,defense_space/space,21,ols_rank_normal,ham
cop_at,-0.1816122292264008,-1.4668448291760379,-0.0068943926670190815,0.2720937303314335,0.10637341424393908,58,defense_space/space,21,ols_winsorized_raw,tema_arındırılmış
cop_at,-0.1816122292264007,-1.466844829176037,-0.006894392667019077,0.2720937303314336,0.1063734142439391,58,defense_space/space,21,ols_winsorized_raw,ham
cop_at,-0.0012221505214074615,-0.3022191311988807,-0.0012221505214074615,0.29425613269264334,0.13473652393198068,58,defense_space/space,21,wls_sqrt_mcap,tema_arındırılmış
cop_at,-0.0012221505214074588,-0.30221913119888016,-0.0012221505214074588,0.29425613269264334,0.13473652393198068,58,defense_space/space,21,wls_sqrt_mcap,ham
cop_at,-0.018725421750780145,-2.136966218941231,-0.018725421750780145,0.2528476729976924,0.08226859426561757,58,defense_space/space,63,ols_rank_normal,tema_arındırılmış
cop_at,-0.018725421750780142,-2.1369662189412306,-0.018725421750780142,0.2528476729976924,0.08226859426561757,58,defense_space/space,63,ols_rank_normal,ham
cop_at,-0.44502475632079785,-1.4158535180942222,-0.016894101403244294,0.2675978888448796,0.10087657893508349,58,defense_space/space,63,ols_winsorized_raw,tema_arındırılmış
cop_at,-0.44502475632079774,-1.415853518094222,-0.01689410140324429,0.2675978888448796,0.10087657893508348,58,defense_space/space,63,ols_winsorized_raw,ham
cop_at,-0.005150083708347951,-0.645408191957844,-0.005150083708347951,0.25317476442903397,0.08400547009609448,58,defense_space/space,63,wls_sqrt_mcap,tema_arındırılmış
cop_at,-0.005150083708347954,-0.6454081919578444,-0.005150083708347954,0.2531747644290339,0.08400547009609444,58,defense_space/space,63,wls_sqrt_mcap,ham
cop_at,-0.029744811492763805,-1.8687698614780754,-0.029744811492763805,0.2790176428092194,0.11495538497348787,58,defense_space/space,126,ols_rank_normal,tema_arındırılmış
cop_at,-0.029744811492763788,-1.868769861478074,-0.029744811492763788,0.2790176428092194,0.11495538497348787,58,defense_space/space,126,ols_rank_normal,ham
cop_at,-0.770331491452585,-1.6913568432459891,-0.029243448023667136,0.2698651225491697,0.10409983140003383,58,defense_space/space,126,ols_winsorized_raw,tema_arındırılmış
cop_at,-0.770331491452585,-1.6913568432459893,-0.029243448023667136,0.26986512254916967,0.10409983140003379,58,defense_space/space,126,ols_winsorized_raw,ham
cop_at,-0.005032992634303763,-0.3186713334948998,-0.005032992634303763,0.2614086392792763,0.09431475090380101,58,defense_space/space,126,wls_sqrt_mcap,tema_arındırılmış
cop_at,-0.0050329926343037614,-0.3186713334948996,-0.0050329926343037614,0.2614086392792764,0.09431475090380101,58,defense_space/space,126,wls_sqrt_mcap,ham
dist_52w_high,0.009400751225225209,2.643325214531046,0.009400751225225209,0.26361122209629645,0.10563299184631438,130,defense_space/space,21,ols_rank_normal,tema_arındırılmış
dist_52w_high,0.00940075122522521,2.6433252145310466,0.00940075122522521,0.26361122209629645,0.10563299184631433,130,defense_space/space,21,ols_rank_normal,ham
dist_52w_high,0.0308657950641339,1.2383233114459904,0.005098009366372886,0.2946130016887526,0.14305440969657163,130,defense_space/space,21,ols_winsorized_raw,tema_arındırılmış
dist_52w_high,0.030865795064133894,1.23832331144599,0.005098009366372885,0.2946130016887525,0.14305440969657154,130,defense_space/space,21,ols_winsorized_raw,ham
dist_52w_high,0.009200033465466679,3.059323332998035,0.009200033465466679,0.30815733356437974,0.16061112694496968,130,defense_space/space,21,wls_sqrt_mcap,tema_arındırılmış
dist_52w_high,0.009200033465466675,3.059323332998034,0.009200033465466675,0.3081573335643797,0.16061112694496965,130,defense_space/space,21,wls_sqrt_mcap,ham
dist_52w_high,0.012259137136668659,1.4472686377131403,0.012259137136668659,0.25800399579098193,0.0996934658792781,128,defense_space/space,63,ols_rank_normal,tema_arındırılmış
dist_52w_high,0.012259137136668655,1.4472686377131398,0.012259137136668655,0.2580039957909819,0.09969346587927813,128,defense_space/space,63,ols_rank_normal,ham
dist_52w_high,0.07311530652761254,1.4156855612596244,0.01200703520808284,0.2655596975187365,0.10859035266119516,128,defense_space/space,63,ols_winsorized_raw,tema_arındırılmış
dist_52w_high,0.0731153065276125,1.4156855612596233,0.012007035208082833,0.2655596975187365,0.10859035266119513,128,defense_space/space,63,ols_winsorized_raw,ham
dist_52w_high,0.01766894932150727,2.7384043736465307,0.01766894932150727,0.28451056206119374,0.13248045065693242,128,defense_space/space,63,wls_sqrt_mcap,tema_arındırılmış
dist_52w_high,0.01766894932150726,2.7384043736465298,0.01766894932150726,0.28451056206119374,0.13248045065693242,128,defense_space/space,63,wls_sqrt_mcap,ham
dist_52w_high,0.01597272945909869,1.020125279504166,0.01597272945909869,0.22935320745146695,0.06360289097230756,125,defense_space/space,126,ols_rank_normal,tema_arındırılmış
dist_52w_high,0.01597272945909869,1.020125279504166,0.01597272945909869,0.2293532074514669,0.06360289097230759,125,defense_space/space,126,ols_rank_normal,ham
dist_52w_high,0.05753163623391536,0.5706282082116685,0.009415479525214905,0.23085104417807245,0.06515534067575203,125,defense_space/space,126,ols_winsorized_raw,tema_arındırılmış
dist_52w_high,0.05753163623391534,0.5706282082116683,0.009415479525214902,0.23085104417807248,0.06515534067575204,125,defense_space/space,126,ols_winsorized_raw,ham
dist_52w_high,0.03603330744561745,3.0885105307692484,0.03603330744561745,0.26147086303255396,0.10373693213258015,125,defense_space/space,126,wls_sqrt_mcap,tema_arındırılmış
dist_52w_high,0.036033307445617446,3.0885105307692475,0.036033307445617446,0.26147086303255396,0.10373693213258016,125,defense_space/space,126,wls_sqrt_mcap,ham
droe,0.00442101916159957,0.6502804269733051,0.00442101916159957,0.2968890200097789,0.1262988554820085,41,defense_space/space,21,ols_rank_normal,tema_arındırılmış
droe,0.004421019161599571,0.6502804269733053,0.004421019161599571,0.29688902000977885,0.1262988554820085,41,defense_space/space,21,ols_rank_normal,ham
droe,0.08539921424181675,2.0562878546743963,0.015345064393717137,0.3281384782261839,0.16470965852174277,41,defense_space/space,21,ols_winsorized_raw,tema_arındırılmış
droe,0.08539921424181678,2.0562878546743977,0.015345064393717142,0.3281384782261839,0.1647096585217427,41,defense_space/space,21,ols_winsorized_raw,ham
droe,0.006623231047315408,1.4512147741099068,0.006623231047315408,0.2695540874612101,0.09247025184730921,41,defense_space/space,21,wls_sqrt_mcap,tema_arındırılmış
droe,0.006623231047315407,1.4512147741099064,0.006623231047315407,0.2695540874612101,0.09247025184730925,41,defense_space/space,21,wls_sqrt_mcap,ham
droe,0.011602045788559954,0.7971225722367392,0.011602045788559954,0.2850770737488516,0.11096771417585671,41,defense_space/space,63,ols_rank_normal,tema_arındırılmış
droe,0.01160204578855995,0.797122572236739,0.01160204578855995,0.2850770737488516,0.11096771417585675,41,defense_space/space,63,ols_rank_normal,ham
droe,0.32677832367656334,2.5249720996272313,0.058717570926225544,0.3437715398484788,0.18361317370982116,41,defense_space/space,63,ols_winsorized_raw,tema_arındırılmış
droe,0.32677832367656345,2.524972099627232,0.058717570926225565,0.3437715398484788,0.1836131737098212,41,defense_space/space,63,ols_winsorized_raw,ham
droe,0.017889328025292608,2.2486650293568458,0.017889328025292608,0.2537941187279768,0.07360508497256804,41,defense_space/space,63,wls_sqrt_mcap,tema_arındırılmış
droe,0.017889328025292597,2.2486650293568453,0.017889328025292597,0.25379411872797675,0.07360508497256804,41,defense_space/space,63,wls_sqrt_mcap,ham
droe,0.00098106107495745,0.05058386949303538,0.00098106107495745,0.2749563583486261,0.09669711989113731,41,defense_space/space,126,ols_rank_normal,tema_arındırılmış
droe,0.0009810610749574297,0.050583869493034346,0.0009810610749574297,0.2749563583486261,0.09669711989113726,41,defense_space/space,126,ols_rank_normal,ham
droe,0.33908698134411264,1.4025434964586176,0.06092926744106629,0.3468431908925209,0.18538592741111468,41,defense_space/space,126,ols_winsorized_raw,tema_arındırılmış
droe,0.33908698134411286,1.402543496458618,0.06092926744106633,0.34684319089252086,0.18538592741111462,41,defense_space/space,126,ols_winsorized_raw,ham
droe,0.017081356710549254,1.5835027477219783,0.017081356710549254,0.27288060818150606,0.09656395852903701,41,defense_space/space,126,wls_sqrt_mcap,tema_arındırılmış
droe,0.01708135671054924,1.5835027477219779,0.01708135671054924,0.2728806081815061,0.09656395852903701,41,defense_space/space,126,wls_sqrt_mcap,ham
ear_3d,0.002056968954744292,0.25458686918530077,0.002056968954744292,0.32636792755461114,0.17063601462372469,61,defense_space/space,21,ols_rank_normal,tema_arındırılmış
ear_3d,0.002056968954744298,0.2545868691853015,0.002056968954744298,0.3263679275546112,0.1706360146237248,61,defense_space/space,21,ols_rank_normal,ham
ear_3d,-0.02378725635828646,-0.3814856459805506,-0.0028211393294775558,0.32452357251671093,0.16824981030245922,61,defense_space/space,21,ols_winsorized_raw,tema_arındırılmış
ear_3d,-0.023787256358286376,-0.38148564598054935,-0.002821139329477546,0.32452357251671093,0.16824981030245925,61,defense_space/space,21,ols_winsorized_raw,ham
ear_3d,0.002873744136803111,0.38854518200477833,0.002873744136803111,0.3667879337405812,0.22100740720968617,61,defense_space/space,21,wls_sqrt_mcap,tema_arındırılmış
ear_3d,0.002873744136803112,0.38854518200477833,0.002873744136803112,0.36678793374058116,0.2210074072096862,61,defense_space/space,21,wls_sqrt_mcap,ham
ear_3d,0.006515848751043784,0.37664194166945003,0.006515848751043784,0.3045735371412216,0.14470900759380725,59,defense_space/space,63,ols_rank_normal,tema_arındırılmış
ear_3d,0.006515848751043781,0.37664194166945,0.006515848751043781,0.3045735371412216,0.14470900759380734,59,defense_space/space,63,ols_rank_normal,ham
ear_3d,-0.03545373589313989,-0.2783007840231716,-0.004161217988150924,0.30108836137764233,0.14016125886079855,59,defense_space/space,63,ols_winsorized_raw,tema_arındırılmış
ear_3d,-0.035453735893139875,-0.27830078402317154,-0.004161217988150922,0.30108836137764233,0.1401612588607986,59,defense_space/space,63,ols_winsorized_raw,ham
ear_3d,0.007283603440226876,0.4276204455067587,0.007283603440226876,0.31962334978513035,0.16395769340686814,59,defense_space/space,63,wls_sqrt_mcap,tema_arındırılmış
ear_3d,0.007283603440226881,0.427620445506759,0.007283603440226881,0.3196233497851304,0.16395769340686817,59,defense_space/space,63,wls_sqrt_mcap,ham
ear_3d,0.04392064278745695,1.5230918500836224,0.04392064278745695,0.3197426045079742,0.16607285474643144,56,defense_space/space,126,ols_rank_normal,tema_arındırılmış
ear_3d,0.04392064278745696,1.5230918500836226,0.04392064278745696,0.3197426045079742,0.16607285474643146,56,defense_space/space,126,ols_rank_normal,ham
ear_3d,0.2877750860659667,1.6412550710262994,0.03334836502604727,0.30592330409409374,0.1486412633074328,56,defense_space/space,126,ols_winsorized_raw,tema_arındırılmış
ear_3d,0.2877750860659668,1.6412550710263007,0.03334836502604729,0.30592330409409374,0.14864126330743277,56,defense_space/space,126,ols_winsorized_raw,ham
ear_3d,0.04826352240781332,1.686524704886051,0.04826352240781332,0.33501195997046385,0.18507496061253464,56,defense_space/space,126,wls_sqrt_mcap,tema_arındırılmış
ear_3d,0.04826352240781332,1.6865247048860512,0.04826352240781332,0.33501195997046385,0.1850749606125346,56,defense_space/space,126,wls_sqrt_mcap,ham
gross_profitability,0.001187347924085612,0.1889882128643052,0.001187347924085612,0.21109101003535877,0.008162274719221367,15,defense_space/space,21,ols_rank_normal,tema_arındırılmış
gross_profitability,0.001187347924085612,0.18898821286430517,0.001187347924085612,0.21109101003535877,0.008162274719221351,15,defense_space/space,21,ols_rank_normal,ham
gross_profitability,0.0057986149238286305,0.07506639012388541,0.0006313095350543994,0.25716095130978683,0.06615420890858788,15,defense_space/space,21,ols_winsorized_raw,tema_arındırılmış
gross_profitability,0.005798614923828658,0.07506639012388579,0.0006313095350544024,0.2571609513097868,0.06615420890858788,15,defense_space/space,21,ols_winsorized_raw,ham
gross_profitability,0.003232714357804629,0.47204113601446274,0.003232714357804629,0.23621174928584743,0.03995648383879554,15,defense_space/space,21,wls_sqrt_mcap,tema_arındırılmış
gross_profitability,0.003232714357804626,0.47204113601446235,0.003232714357804626,0.23621174928584737,0.03995648383879545,15,defense_space/space,21,wls_sqrt_mcap,ham
gross_profitability,0.021782610157540613,2.278092576054555,0.021782610157540613,0.24687195842432258,0.05225317223321284,15,defense_space/space,63,ols_rank_normal,tema_arındırılmış
gross_profitability,0.021782610157540617,2.2780925760545556,0.021782610157540617,0.24687195842432258,0.05225317223321284,15,defense_space/space,63,ols_rank_normal,ham
gross_profitability,0.2428487254267706,3.5128713681590864,0.026439540813050028,0.2787093297558966,0.09294755332159203,15,defense_space/space,63,ols_winsorized_raw,tema_arındırılmış
gross_profitability,0.2428487254267706,3.5128713681590873,0.026439540813050028,0.27870932975589646,0.09294755332159195,15,defense_space/space,63,ols_winsorized_raw,ham
gross_profitability,0.022295479267339314,1.6543951672156907,0.022295479267339314,0.24151196155605045,0.045703387816077426,15,defense_space/space,63,wls_sqrt_mcap,tema_arındırılmış
gross_profitability,0.022295479267339303,1.6543951672156887,0.022295479267339303,0.2415119615560505,0.045703387816077495,15,defense_space/space,63,wls_sqrt_mcap,ham
gross_profitability,0.009439852689852195,0.3410311337690167,0.009439852689852195,0.32803274692613277,0.1553278531765996,15,defense_space/space,126,ols_rank_normal,tema_arındırılmış
gross_profitability,0.009439852689852198,0.34103113376901684,0.009439852689852198,0.32803274692613277,0.15532785317659953,15,defense_space/space,126,ols_rank_normal,ham
gross_profitability,0.23077469587939253,1.0191886116635396,0.02512501138146717,0.33397431944593947,0.1631175193626386,15,defense_space/space,126,ols_winsorized_raw,tema_arındırılmış
gross_profitability,0.2307746958793926,1.0191886116635398,0.025125011381467173,0.33397431944593925,0.1631175193626384,15,defense_space/space,126,ols_winsorized_raw,ham
gross_profitability,0.00717221113799642,0.23084573899510472,0.00717221113799642,0.31168180682986624,0.13546348092820135,15,defense_space/space,126,wls_sqrt_mcap,tema_arındırılmış
gross_profitability,0.007172211137996422,0.23084573899510477,0.007172211137996422,0.31168180682986624,0.1354634809282013,15,defense_space/space,126,wls_sqrt_mcap,ham
idio_vol_60d,0.003016445111294331,0.5717006351025478,0.003016445111294331,0.26644713748037385,0.10884876246669832,130,defense_space/space,21,ols_rank_normal,tema_arındırılmış
idio_vol_60d,0.003016445111294329,0.5717006351025474,0.003016445111294329,0.26644713748037385,0.10884876246669832,130,defense_space/space,21,ols_rank_normal,ham
idio_vol_60d,0.038310457173939536,1.328633697098209,0.008447499678199306,0.2964196951641008,0.14505766459538552,130,defense_space/space,21,ols_winsorized_raw,tema_arındırılmış
idio_vol_60d,0.03831045717393955,1.3286336970982096,0.00844749967819931,0.2964196951641008,0.14505766459538552,130,defense_space/space,21,ols_winsorized_raw,ham
idio_vol_60d,0.006294988088088472,1.4161051723443614,0.006294988088088472,0.308991273555206,0.16121578065146402,130,defense_space/space,21,wls_sqrt_mcap,tema_arındırılmış
idio_vol_60d,0.006294988088088469,1.4161051723443605,0.006294988088088469,0.308991273555206,0.16121578065146405,130,defense_space/space,21,wls_sqrt_mcap,ham
idio_vol_60d,0.006033220123808716,0.45333121569076984,0.006033220123808716,0.26705718094869013,0.11047257456464293,128,defense_space/space,63,ols_rank_normal,tema_arındırılmış
idio_vol_60d,0.006033220123808721,0.4533312156907703,0.006033220123808721,0.26705718094869013,0.11047257456464296,128,defense_space/space,63,ols_rank_normal,ham
idio_vol_60d,0.10562038003796681,1.7511834270327848,0.023243357757788893,0.2875662907599932,0.13573977631840423,128,defense_space/space,63,ols_winsorized_raw,tema_arındırılmış
idio_vol_60d,0.10562038003796681,1.751183427032785,0.023243357757788893,0.2875662907599933,0.13573977631840428,128,defense_space/space,63,ols_winsorized_raw,ham
idio_vol_60d,0.017852737133689005,1.5036503484359465,0.017852737133689005,0.2912246362125961,0.14004485219797896,128,defense_space/space,63,wls_sqrt_mcap,tema_arındırılmış
idio_vol_60d,0.01785273713368901,1.5036503484359474,0.01785273713368901,0.2912246362125961,0.14004485219797896,128,defense_space/space,63,wls_sqrt_mcap,ham
idio_vol_60d,0.02755554126741879,1.2429228508996906,0.02755554126741879,0.24460543037670204,0.08222494409778447,125,defense_space/space,126,ols_rank_normal,tema_arındırılmış
idio_vol_60d,0.027555541267418795,1.2429228508996908,0.027555541267418795,0.24460543037670207,0.08222494409778444,125,defense_space/space,126,ols_rank_normal,ham
idio_vol_60d,0.19400816118581327,1.9442629577028308,0.042275582967561766,0.25083716014389534,0.0894054555547155,125,defense_space/space,126,ols_winsorized_raw,tema_arındırılmış
idio_vol_60d,0.19400816118581332,1.9442629577028316,0.04227558296756177,0.25083716014389534,0.08940545555471555,125,defense_space/space,126,ols_winsorized_raw,ham
idio_vol_60d,0.03257121145744612,1.5894554152975375,0.03257121145744612,0.2739135821391035,0.11842639680979032,125,defense_space/space,126,wls_sqrt_mcap,tema_arındırılmış
idio_vol_60d,0.03257121145744611,1.589455415297537,0.03257121145744611,0.2739135821391035,0.11842639680979032,125,defense_space/space,126,wls_sqrt_mcap,ham
max_ret_21d,0.0025526102557255933,0.5420794512114665,0.0025526102557255933,0.24887083020215806,0.08767294589427689,130,defense_space/space,21,ols_rank_normal,tema_arındırılmış
max_ret_21d,0.0025526102557255886,0.5420794512114654,0.0025526102557255886,0.248870830202158,0.08767294589427686,130,defense_space/space,21,ols_rank_normal,ham
max_ret_21d,-0.00593135610334321,-0.053325442253487475,-0.0002947709638441514,0.2816868615324124,0.12734731310242564,130,defense_space/space,21,ols_winsorized_raw,tema_arındırılmış
max_ret_21d,-0.005931356103343221,-0.053325442253487565,-0.0002947709638441519,0.28168686153241235,0.12734731310242564,130,defense_space/space,21,ols_winsorized_raw,ham
max_ret_21d,0.0075451896552814635,1.86772340287921,0.0075451896552814635,0.2993773304062916,0.14950941056322417,130,defense_space/space,21,wls_sqrt_mcap,tema_arındırılmış
max_ret_21d,0.007545189655281467,1.867723402879211,0.007545189655281467,0.2993773304062916,0.14950941056322414,130,defense_space/space,21,wls_sqrt_mcap,ham
max_ret_21d,-0.0009673499591237745,-0.07712707757688342,-0.0009673499591237745,0.25530141457683475,0.09665755482951574,128,defense_space/space,63,ols_rank_normal,tema_arındırılmış
max_ret_21d,-0.0009673499591237749,-0.07712707757688345,-0.0009673499591237749,0.25530141457683475,0.09665755482951575,128,defense_space/space,63,ols_rank_normal,ham
max_ret_21d,0.11625909498676093,0.47477177476316823,0.005788219744152141,0.2737425103219271,0.11896611062326976,128,defense_space/space,63,ols_winsorized_raw,tema_arındırılmış
max_ret_21d,0.11625909498676108,0.4747717747631689,0.005788219744152149,0.2737425103219271,0.11896611062326976,128,defense_space/space,63,ols_winsorized_raw,ham
max_ret_21d,0.008436298579919389,0.8080226102583387,0.008436298579919389,0.28046250932956174,0.12769784751424312,128,defense_space/space,63,wls_sqrt_mcap,tema_arındırılmış
max_ret_21d,0.008436298579919396,0.8080226102583394,0.008436298579919396,0.28046250932956174,0.12769784751424312,128,defense_space/space,63,wls_sqrt_mcap,ham
max_ret_21d,-0.007661015612728119,-0.34223621610684923,-0.007661015612728119,0.25112807781040825,0.09102057324415284,125,defense_space/space,126,ols_rank_normal,tema_arındırılmış
max_ret_21d,-0.007661015612728123,-0.3422362161068494,-0.007661015612728123,0.25112807781040825,0.09102057324415287,125,defense_space/space,126,ols_rank_normal,ham
max_ret_21d,0.25452417301205027,0.7343125286311979,0.012479404806245592,0.25583668793134395,0.0961863964866003,125,defense_space/space,126,ols_winsorized_raw,tema_arındırılmış
max_ret_21d,0.2545241730120503,0.7343125286311981,0.012479404806245594,0.25583668793134395,0.09618639648660031,125,defense_space/space,126,ols_winsorized_raw,ham
max_ret_21d,0.003007229319949312,0.14402231657557804,0.003007229319949312,0.2775105527068493,0.12389086466013056,125,defense_space/space,126,wls_sqrt_mcap,tema_arındırılmış
max_ret_21d,0.0030072293199493146,0.14402231657557818,0.0030072293199493146,0.2775105527068494,0.12389086466013059,125,defense_space/space,126,wls_sqrt_mcap,ham
mom_12_1,0.0031890355475392173,0.910935800702211,0.0031890355475392173,0.2674122551828514,0.1109656873235885,130,defense_space/space,21,ols_rank_normal,tema_arındırılmış
mom_12_1,0.0031890355475392177,0.9109358007022111,0.0031890355475392177,0.26741225518285144,0.11096568732358847,130,defense_space/space,21,ols_rank_normal,ham
mom_12_1,0.007697708024891058,0.8650063591755991,0.004772247063955804,0.2845330492187356,0.1320763897318637,130,defense_space/space,21,ols_winsorized_raw,tema_arındırılmış
mom_12_1,0.007697708024891053,0.8650063591755986,0.0047722470639558,0.28453304921873557,0.1320763897318637,130,defense_space/space,21,ols_winsorized_raw,ham
mom_12_1,0.00431868963025606,1.3567642295514108,0.00431868963025606,0.3101367184519615,0.16343175081344638,130,defense_space/space,21,wls_sqrt_mcap,tema_arındırılmış
mom_12_1,0.0043186896302560614,1.3567642295514115,0.0043186896302560614,0.3101367184519615,0.1634317508134464,130,defense_space/space,21,wls_sqrt_mcap,ham
mom_12_1,0.009008759156322458,1.255182305131931,0.009008759156322458,0.2546634607447982,0.09585600510484672,128,defense_space/space,63,ols_rank_normal,tema_arındırılmış
mom_12_1,0.009008759156322453,1.2551823051319306,0.009008759156322453,0.2546634607447982,0.09585600510484672,128,defense_space/space,63,ols_rank_normal,ham
mom_12_1,0.02276850898798737,1.2613211829622202,0.013952412609424635,0.27147783001594716,0.11627354954447922,128,defense_space/space,63,ols_winsorized_raw,tema_arındırılmış
mom_12_1,0.022768508987987372,1.2613211829622204,0.013952412609424637,0.27147783001594716,0.11627354954447919,128,defense_space/space,63,ols_winsorized_raw,ham
mom_12_1,0.011930312021582566,1.7244056274053416,0.011930312021582566,0.2739398069159774,0.11962221578550072,128,defense_space/space,63,wls_sqrt_mcap,tema_arındırılmış
mom_12_1,0.011930312021582566,1.724405627405342,0.011930312021582566,0.2739398069159774,0.11962221578550071,128,defense_space/space,63,wls_sqrt_mcap,ham
mom_12_1,0.01826924685490467,1.3209406141580715,0.01826924685490467,0.23794031130594842,0.07383476003313627,125,defense_space/space,126,ols_rank_normal,tema_arındırılmış
mom_12_1,0.018269246854904678,1.3209406141580724,0.018269246854904678,0.23794031130594842,0.07383476003313624,125,defense_space/space,126,ols_rank_normal,ham
mom_12_1,0.03353155117110574,0.8957342625113811,0.019290078098458802,0.24428835175240726,0.08135475263024301,125,defense_space/space,126,ols_winsorized_raw,tema_arındırılmış
mom_12_1,0.033531551171105754,0.8957342625113816,0.01929007809845881,0.24428835175240718,0.08135475263024296,125,defense_space/space,126,ols_winsorized_raw,ham
mom_12_1,0.027238259654392777,2.279093575270674,0.027238259654392777,0.25252690577564324,0.0926423157750355,125,defense_space/space,126,wls_sqrt_mcap,tema_arındırılmış
mom_12_1,0.027238259654392787,2.2790935752706747,0.027238259654392787,0.2525269057756432,0.09264231577503548,125,defense_space/space,126,wls_sqrt_mcap,ham
profitable_growth,-0.004801852953554359,-0.7608290266894079,-0.004801852953554359,0.25492680626313563,0.08690649749389479,50,defense_space/space,21,ols_rank_normal,tema_arındırılmış
profitable_growth,-0.004801852953554358,-0.7608290266894078,-0.004801852953554358,0.2549268062631357,0.08690649749389481,50,defense_space/space,21,ols_rank_normal,ham
profitable_growth,-0.014176496731837483,-1.112518058656117,-0.006044535892519185,0.2638975602270207,0.09794088687259325,50,defense_space/space,21,ols_winsorized_raw,tema_arındırılmış
profitable_growth,-0.014176496731837492,-1.1125180586561179,-0.006044535892519188,0.2638975602270207,0.09794088687259327,50,defense_space/space,21,ols_winsorized_raw,ham
profitable_growth,-4.714239711005347e-05,-0.011874063044694034,-4.714239711005347e-05,0.27756994367903953,0.11531759735088283,50,defense_space/space,21,wls_sqrt_mcap,tema_arındırılmış
profitable_growth,-4.714239711004875e-05,-0.011874063044692849,-4.714239711004875e-05,0.27756994367903953,0.11531759735088282,50,defense_space/space,21,wls_sqrt_mcap,ham
profitable_growth,-0.014273974276827441,-0.8057856944242531,-0.014273974276827441,0.25663386041196257,0.08919891813509498,50,defense_space/space,63,ols_rank_normal,tema_arındırılmış
profitable_growth,-0.014273974276827434,-0.8057856944242529,-0.014273974276827434,0.25663386041196257,0.08919891813509498,50,defense_space/space,63,ols_rank_normal,ham
profitable_growth,-0.04298378397003757,-1.3055490757258073,-0.018327308214284525,0.26462058048235265,0.09939430799560191,50,defense_space/space,63,ols_winsorized_raw,tema_arındırılmış
profitable_growth,-0.042983783970037555,-1.3055490757258068,-0.01832730821428452,0.2646205804823526,0.09939430799560184,50,defense_space/space,63,ols_winsorized_raw,ham
profitable_growth,-0.008498171674039368,-0.8727019483076833,-0.008498171674039368,0.24465882652840348,0.0752045358214429,50,defense_space/space,63,wls_sqrt_mcap,tema_arındırılmış
profitable_growth,-0.00849817167403938,-0.8727019483076851,-0.00849817167403938,0.24465882652840348,0.07520453582144283,50,defense_space/space,63,wls_sqrt_mcap,ham
profitable_growth,-0.023651401082551305,-0.8983972473945664,-0.023651401082551305,0.2634648615104737,0.09677313811440627,50,defense_space/space,126,ols_rank_normal,tema_arındırılmış
profitable_growth,-0.023651401082551295,-0.8983972473945663,-0.023651401082551295,0.2634648615104737,0.0967731381144063,50,defense_space/space,126,ols_rank_normal,ham
profitable_growth,-0.06456487290706504,-1.3173064024328651,-0.027528993873799597,0.26873446337570356,0.10331861239508865,50,defense_space/space,126,ols_winsorized_raw,tema_arındırılmış
profitable_growth,-0.06456487290706503,-1.3173064024328647,-0.027528993873799593,0.26873446337570356,0.10331861239508865,50,defense_space/space,126,ols_winsorized_raw,ham
profitable_growth,-0.017096355488835622,-0.8911699055202889,-0.017096355488835622,0.23319438036295131,0.060352387231669094,50,defense_space/space,126,wls_sqrt_mcap,tema_arındırılmış
profitable_growth,-0.017096355488835643,-0.8911699055202909,-0.017096355488835643,0.23319438036295131,0.060352387231669094,50,defense_space/space,126,wls_sqrt_mcap,ham
share_issuance,-0.009941185049253754,-0.7564428700089404,-0.009941185049253754,0.2698566924498441,0.07713494665867923,18,defense_space/space,21,ols_rank_normal,tema_arındırılmış
share_issuance,-0.00994118504925376,-0.7564428700089407,-0.00994118504925376,0.26985669244984406,0.07713494665867929,18,defense_space/space,21,ols_rank_normal,ham
share_issuance,-0.11388529075806147,-1.1722889046011287,-0.024396877754661164,0.25895413892652397,0.06341491929088094,18,defense_space/space,21,ols_winsorized_raw,tema_arındırılmış
share_issuance,-0.11388529075806142,-1.172288904601128,-0.024396877754661154,0.25895413892652397,0.06341491929088089,18,defense_space/space,21,ols_winsorized_raw,ham
share_issuance,-0.011852188979848941,-1.0620532038373494,-0.011852188979848941,0.30342292829817946,0.11936659534332754,18,defense_space/space,21,wls_sqrt_mcap,tema_arındırılmış
share_issuance,-0.011852188979848946,-1.06205320383735,-0.011852188979848946,0.30342292829817946,0.11936659534332746,18,defense_space/space,21,wls_sqrt_mcap,ham
share_issuance,-0.038308303295852456,-2.259597261509803,-0.038308303295852456,0.3067217675993997,0.12477312351459569,18,defense_space/space,63,ols_rank_normal,tema_arındırılmış
share_issuance,-0.038308303295852456,-2.2595972615098026,-0.038308303295852456,0.3067217675993997,0.12477312351459578,18,defense_space/space,63,ols_rank_normal,ham
share_issuance,-0.38351329620013125,-2.3355218719819266,-0.08215746688972167,0.31265489492103,0.13243467766262346,18,defense_space/space,63,ols_winsorized_raw,tema_arındırılmış
share_issuance,-0.3835132962001312,-2.3355218719819257,-0.08215746688972166,0.31265489492103005,0.13243467766262354,18,defense_space/space,63,ols_winsorized_raw,ham
share_issuance,-0.047555430424496316,-2.811420691598152,-0.047555430424496316,0.30922912332730124,0.12786412126600513,18,defense_space/space,63,wls_sqrt_mcap,tema_arındırılmış
share_issuance,-0.047555430424496316,-2.811420691598154,-0.047555430424496316,0.3092291233273013,0.12786412126600513,18,defense_space/space,63,wls_sqrt_mcap,ham
share_issuance,-0.05866367501447151,-7.303037545281186,-0.05866367501447151,0.24657017636864825,0.04761047535272778,18,defense_space/space,126,ols_rank_normal,tema_arındırılmış
share_issuance,-0.0586636750144715,-7.303037545281189,-0.0586636750144715,0.24657017636864825,0.04761047535272774,18,defense_space/space,126,ols_rank_normal,ham
share_issuance,-0.6422290457903311,-4.002558256662457,-0.13758039704991748,0.2920005087846675,0.10546778515581252,18,defense_space/space,126,ols_winsorized_raw,tema_arındırılmış
share_issuance,-0.6422290457903311,-4.002558256662457,-0.13758039704991748,0.2920005087846676,0.1054677851558127,18,defense_space/space,126,ols_winsorized_raw,ham
share_issuance,-0.08671690091933938,-7.467009682286293,-0.08671690091933938,0.2770606417904675,0.08677373105963014,18,defense_space/space,126,wls_sqrt_mcap,tema_arındırılmış
share_issuance,-0.08671690091933935,-7.467009682286284,-0.08671690091933935,0.2770606417904675,0.08677373105963011,18,defense_space/space,126,wls_sqrt_mcap,ham
sue,-0.0045041203145190015,-1.0732579189343137,-0.0045041203145190015,0.24995930816676878,0.07742409591735852,57,defense_space/space,21,ols_rank_normal,tema_arındırılmış
sue,-0.004504120314519004,-1.0732579189343143,-0.004504120314519004,0.24995930816676878,0.07742409591735848,57,defense_space/space,21,ols_rank_normal,ham
sue,-0.004809004439920545,-0.8546602458880884,-0.004263360073898483,0.2729043358775356,0.10603385081031308,57,defense_space/space,21,ols_winsorized_raw,tema_arındırılmış
sue,-0.004809004439920543,-0.8546602458880881,-0.004263360073898482,0.2729043358775355,0.10603385081031302,57,defense_space/space,21,ols_winsorized_raw,ham
sue,-0.0003862090364071802,-0.1162585819064168,-0.0003862090364071802,0.27580761022791234,0.1104512288550456,57,defense_space/space,21,wls_sqrt_mcap,tema_arındırılmış
sue,-0.00038620903640717446,-0.11625858190641507,-0.00038620903640717446,0.27580761022791234,0.11045122885504557,57,defense_space/space,21,wls_sqrt_mcap,ham
sue,-0.0021746430863419483,-0.3093791765190283,-0.0021746430863419483,0.2674006992545644,0.09890938461999264,57,defense_space/space,63,ols_rank_normal,tema_arındırılmış
sue,-0.0021746430863419488,-0.30937917651902835,-0.0021746430863419488,0.26740069925456433,0.09890938461999264,57,defense_space/space,63,ols_rank_normal,ham
sue,-0.0021624083089687236,-0.18298325672874677,-0.0019170548422442113,0.2809080207780383,0.11591616405009628,57,defense_space/space,63,ols_winsorized_raw,tema_arındırılmış
sue,-0.002162408308968722,-0.18298325672874657,-0.0019170548422442098,0.2809080207780383,0.11591616405009625,57,defense_space/space,63,ols_winsorized_raw,ham
sue,0.0009907985276657908,0.14414528685008965,0.0009907985276657908,0.26761936107669254,0.10060843138424082,57,defense_space/space,63,wls_sqrt_mcap,tema_arındırılmış
sue,0.0009907985276657984,0.14414528685009076,0.0009907985276657984,0.26761936107669254,0.10060843138424079,57,defense_space/space,63,wls_sqrt_mcap,ham
sue,0.002395583830691149,0.14220923909210034,0.002395583830691149,0.27188307564986863,0.10365090769155567,57,defense_space/space,126,ols_rank_normal,tema_arındırılmış
sue,0.002395583830691144,0.14220923909210006,0.002395583830691144,0.27188307564986863,0.10365090769155569,57,defense_space/space,126,ols_rank_normal,ham
sue,0.002042262487107284,0.07334597387169904,0.0018105411331451522,0.264305695754053,0.09434261133320311,57,defense_space/space,126,ols_winsorized_raw,tema_arındırılmış
sue,0.0020422624871072963,0.07334597387169949,0.0018105411331451628,0.264305695754053,0.09434261133320311,57,defense_space/space,126,ols_winsorized_raw,ham
sue,-0.003900469702742194,-0.2890131580430804,-0.003900469702742194,0.2599666327645817,0.09054174784484689,57,defense_space/space,126,wls_sqrt_mcap,tema_arındırılmış
sue,-0.003900469702742199,-0.2890131580430809,-0.003900469702742199,0.2599666327645817,0.09054174784484689,57,defense_space/space,126,wls_sqrt_mcap,ham
