scope,factor,horizon,2011-07..2015-12,2016-01..2020-12,2021-01..2026-09,bull,bear,vix_high,vix_low
havuz,asset_growth,21,0.0005960993389933699,-0.006044190506564744,0.014311312446742233,0.003971676485732843,-0.0007423199915111964,0.01045158935616276,-0.003388873089237165
havuz,asset_growth,63,-0.0016021380206971325,-0.01699453667748483,0.01742926743573069,-0.00026780544404896424,0.005164487315968941,0.005542840311619311,-0.005171398554672661
havuz,asset_growth,126,0.017247308123409435,-0.013387522999583396,0.025683200408760355,0.009497866313788673,0.013322722013812967,0.020950811668106903,-0.0016026225941219872
havuz,capex_at,21,0.0003565976680320758,-0.0051343528500405215,-0.012814167317619902,-0.010570109465193434,0.03434704630765081,0.006796400965946065,-0.019545502883823566
havuz,capex_at,63,-0.00455657652918204,-0.004319238204384069,-0.021129734769536997,-0.016064872891574374,0.042282491864606295,0.0068716443098139676,-0.028371815189004352
havuz,capex_at,126,-0.01716617356631795,-0.004592825090209156,-0.027002809681164433,-0.022233404340173245,0.03844851803062597,0.0002844967448043979,-0.03367039764298246
havuz,cash_runway_years,21,0.006548566436788015,0.018010782914395087,0.0029433624204181054,0.015672152746493587,-0.0516763709208887,-0.014650976457929597,0.0307479200170609
havuz,cash_runway_years,63,-0.023671697509365104,0.04467756593342419,-2.7222550246787043e-05,0.012556028124858216,-0.020954422182038523,-0.007794827252227475,0.025134043193182572
havuz,cash_runway_years,126,-0.028896042005604642,0.054118276784110284,0.005210067870340225,0.015030893594086889,-0.0022695809224099555,0.0022818775738251288,0.023666655052489396
havuz,cop_at,21,-0.008697909530568771,-0.019410295346690355,0.03494777978275407,0.0073153754239966935,-0.027346632657900747,0.013759791954822723,-0.005604361297953036
havuz,cop_at,63,-0.018073852089993896,-0.03285807226959812,0.04754891190065505,0.004180952864023225,-0.028867028260477098,0.011990221494776177,-0.010116340669853445
havuz,cop_at,126,-0.03157209246246386,-0.03894534692294667,0.06447837513559396,0.0019444147008190137,-0.017093089819910097,0.01036056388411549,-0.010481918671009463
havuz,dist_52w_high,21,0.03846933024195012,0.00928491581923508,0.05143664913537762,0.0413782230820768,-0.04089858147750487,0.011354089093349565,0.05603196501022284
havuz,dist_52w_high,63,0.041117148848874026,0.04048359592994917,0.07864355173943013,0.06331764497550792,-0.02829176015113258,0.017327162809466796,0.0928431954244613
havuz,dist_52w_high,126,0.06843869405882114,0.05617724810164903,0.11941633391621202,0.08510573042791411,0.05721391373708124,0.05394645469797837,0.11188933884113318
havuz,droe,21,0.00681266972972442,0.006419366983526045,0.007557027254587802,0.00814206590952313,-0.004500990431921439,0.008053839206083574,0.005868402966758756
havuz,droe,63,0.007842471004699847,0.016261835173998037,0.007503774101522151,0.011540723094072872,0.000783221827073983,0.013702340515090346,0.007275726387875439
havuz,droe,126,0.01592469901290893,0.0059648457502938105,0.014950397788801924,0.009722809916525448,0.03553235092736239,0.014310567551879889,0.010020097387816581
havuz,ear_3d,21,0.002320598570443089,0.004821398302352578,0.002069637189730892,0.006634829624355785,-0.031730314010113086,-0.006228242788754226,0.012330787292565017
havuz,ear_3d,63,-0.009506569058530957,0.007594132510178345,0.0030224269339130527,0.003552333052994487,-0.025720993444106513,-0.010211467545051487,0.012033898266157035
havuz,ear_3d,126,0.0018864847331627643,0.010307544870879306,0.011222218044641786,0.012205200297251157,-0.030912320170835606,-0.0024293304052160807,0.018919107369257785
havuz,ebit_ev,21,0.0380547318293925,-0.024952612690615203,0.005579731056738707,0.008078607795561198,-0.023279401003475503,-0.003499608487825976,0.013798734523084387
havuz,ebit_ev,63,0.038106682786103234,-0.07104565744591881,-0.0027232351092552273,-0.00919180228809866,-0.052144018856254026,-0.023241986931318584,-0.003030239132206835
havuz,ebit_ev,126,0.030117271092097327,-0.07186405629432516,-0.009293120296169244,-0.016285853641893427,-0.039131807920115814,-0.030440874919705617,-0.006106880167487489
havuz,gross_profitability,21,0.015539943137783166,-0.002371716170368544,0.010066768007007025,0.009997260382436365,-0.015773751729843785,0.015463016587691548,-0.0002828607229151062
havuz,gross_profitability,63,0.0005569744019750198,0.001953781490347717,0.01365891248288599,0.00681051410578788,-0.003607180485025602,0.00807887224997169,0.0035237568118041034
havuz,gross_profitability,126,0.000245477010696898,0.006050157596154999,0.011475204263544994,0.0055445136078650665,0.012475347393638614,0.006130620784376658,0.006292496693751356
havuz,idio_vol_60d,21,0.04083305454373224,0.02363968462260343,0.06412951784002256,0.04681537519371088,0.015272725228057974,0.024710816880758848,0.06302735054604644
havuz,idio_vol_60d,63,0.059664974835015476,0.05145231793709381,0.08745289433582684,0.07178665673676274,0.022336099728747654,0.026946067111065237,0.10818928804914718
havuz,idio_vol_60d,126,0.09534868378809688,0.08004916559521397,0.11469861124212423,0.09605763133349612,0.10638649148026585,0.06748155154276442,0.1276373762031621
havuz,max_ret_21d,21,0.035428312284274094,0.016240514253923664,0.04815476596606444,0.03644083158195608,0.008785093720932355,0.01763250614012665,0.05008270050029756
havuz,max_ret_21d,63,0.054951616122718004,0.032131606601556235,0.07200889792697374,0.057545215119715075,0.015764756787462208,0.0247296348079439,0.08311768721772493
havuz,max_ret_21d,126,0.077306665554127,0.053880180696699226,0.08707996605144408,0.07074499643665197,0.09260054194714544,0.05230381979745759,0.09409269955396096
havuz,mom_12_1,21,0.02362923250860946,-0.0028313320967970563,0.016395319955952625,0.015320249637682682,-0.018050635503280933,0.008413248380509952,0.015993129494895172
havuz,mom_12_1,63,0.02286647735626278,0.0019968713052364428,0.03225355276049001,0.020270356104616832,0.010545205452480791,0.017297040447580656,0.021452874797919973
havuz,mom_12_1,126,0.024236476845381986,0.0006440668431266093,0.05356927749318466,0.022359577802329205,0.06733798787859908,0.03189272658333342,0.021286584480561487
havuz,net_debt_ebitda,21,0.005003658174654342,-0.04642438854668292,-0.004339323388360401,-0.013570658046363263,-0.033598893184012296,0.0037941177321898635,-0.034676972257224443
havuz,net_debt_ebitda,63,-0.005751906578151061,-0.08311657253653595,-0.02319822431047132,-0.03517575156453108,-0.06441368275793274,-0.017354439008901972,-0.05898231642801509
havuz,net_debt_ebitda,126,-0.05651741254226602,-0.10389269083243394,-0.01567281659849295,-0.05781598269072854,-0.06013717308334637,-0.0319628406262569,-0.08501417835138315
havuz,ocf_ev,21,0.004097924782968586,-0.013823837031065878,0.04077746632111099,0.01134512282181161,0.01722236239135193,0.041889765505863374,-0.018101574008589773
havuz,ocf_ev,63,-0.004966766260381427,-0.027722524300153564,0.04785598461640212,0.006456663522598973,0.010264823201711615,0.04322332135675281,-0.030408810054514342
havuz,ocf_ev,126,-0.02240146764724861,-0.01730878820412006,0.052564817620305425,0.008585160581847143,-0.018249925189113555,0.05388801503269655,-0.04352349871335722
havuz,oil_beta_trend,21,-0.007214908121416003,-0.019759593740028024,0.04351637737987561,0.013021878660684843,-0.044980998831741385,0.05071404258869822,-0.03550598765602354
havuz,oil_beta_trend,63,-0.01822123616239503,-0.05613781576876952,0.013399720882290238,-0.015381668879202568,-0.056507181962019315,0.020192407070920043,-0.059610597349641255
havuz,oil_beta_trend,126,0.008862295042592835,-0.0849143303561092,0.030333586422324633,-0.017803953963631845,0.008432511160059396,0.039167558796452985,-0.07161333604759604
havuz,profitable_growth,21,0.023088072143957073,0.026590691784191208,-0.006236205734735532,0.014562652873156525,0.0008998640466066112,0.008612355555334397,0.01796056106953526
havuz,profitable_growth,63,0.03539728576692977,0.03573975230389422,0.005460574592335631,0.024984966834063677,0.020216876399390144,0.02032206566576443,0.02884189345120728
havuz,profitable_growth,126,0.039268621350877754,0.042745965919052116,-0.00027597055058726204,0.025620708191012004,0.03344494428480044,0.02058547898765344,0.03235843970706573
havuz,share_issuance,21,0.007116279665916187,0.006248487937557808,0.0628543528347643,0.028869279262091794,0.015873723101868766,0.022448618444890107,0.03286219881859248
havuz,share_issuance,63,0.02411938224725466,0.012351742109397915,0.08064363107299297,0.04423350100922193,0.009174714954705098,0.02840889463156031,0.05371709446360869
havuz,share_issuance,126,0.04568994923561936,0.02959846291559344,0.09753007461999051,0.06062769330193653,0.04041934155344766,0.05410622164294773,0.06342528490635815
havuz,sue,21,0.01544878886070745,-0.005559051571748,0.02101902259184893,0.012203408406107613,-0.00491631450521805,0.005928696266324335,0.015279930551467414
havuz,sue,63,0.00928750378323485,-0.008371994094821264,0.03281020378048097,0.014276688508912937,-0.009554189343274089,0.01415699437962614,0.009847106961473824
havuz,sue,126,0.011902153499525383,-0.007152258653109305,0.05357872600673606,0.019281600208056936,0.02964614558371032,0.022720791730050215,0.0177490718679042
havuz,sue_announce,21,0.019234442269561197,0.013149055027136418,0.030086607177124983,0.025330201193603935,-0.017999454395038816,0.016926435784120675,0.025639415559055023
havuz,sue_announce,63,0.02414937664977834,0.026214283212108582,0.043704097061097485,0.03699796189204795,-0.01583965003275505,0.023443796727599654,0.04076413747904956
havuz,sue_announce,126,0.03392748328515194,0.04256493637440705,0.04553860437453954,0.044357294697963935,0.009279129634375797,0.027386264570936028,0.055059178667521545
robotics,asset_growth,21,,0.029735339993829924,-0.010036760181316402,-0.003949353735747758,0.020503557099457545,-0.003201856577490988,0.003471898803026993
robotics,asset_growth,63,,0.07484962229104901,0.016977289781392783,0.02422352722122605,0.07296488767433328,0.03665228504029678,0.021139609889613428
robotics,asset_growth,126,,0.13636857518711268,0.06919770399698835,0.07956302253834774,0.1245548173315497,0.1051736239014369,0.051460658002068005
robotics,capex_at,21,,-0.14006634727558642,-0.028453729859971875,-0.05950486211896869,0.015749697569574405,-0.02567135979410135,-0.09136535899070382
robotics,capex_at,63,,-0.1480690796162979,-0.049805133850438804,-0.07841782795242469,-0.008112074971343747,-0.049681686771769436,-0.10464310898881035
robotics,capex_at,126,,-0.13561367891741746,-0.09725915714827621,-0.10556159567804434,-0.09953889744597806,-0.0770904155815179,-0.1630296023312886
robotics,cop_at,21,,-0.04941114320720563,0.041435246679594896,0.032540055472472906,-0.012663592813460842,0.0036084355487565065,0.06896375891709725
robotics,cop_at,63,,-0.09897236668173501,0.06133614954557394,0.03921079864625488,-0.0003134642901451758,-0.01994678340984565,0.1438345784844329
robotics,cop_at,126,,-0.19222446124354522,0.06456478300396754,0.011295916386448899,0.05351702556009525,-0.00768253758318465,0.07431722348954617
robotics,dist_52w_high,21,,-0.11168529422785657,0.06629989906240813,0.02344496123644591,0.007289952610318747,-0.003167409287416847,0.06048589397423987
robotics,dist_52w_high,63,,-0.19753401401262013,0.08008734633168632,0.004754683326491802,0.0313643266217637,-0.020966178442309864,0.058078440253648056
robotics,dist_52w_high,126,,-0.2642018879168241,0.121512276114947,0.009100495425787915,0.07543277597053342,0.003444871758437772,0.04481167827227837
robotics,droe,21,,-0.020202051675176413,0.042571639121656756,0.028274574421543464,0.028496897560985657,0.015300702743741668,0.05106222103498742
robotics,droe,63,,0.04237913734489342,0.05100761830475371,0.05148435992949581,0.03368691001907693,0.04692450197858539,0.05287711480702771
robotics,droe,126,,0.044786059143297016,0.08340104123217862,0.05971861919865812,0.1591637347823723,0.0797782672314289,0.06293507438445013
robotics,ear_3d,21,,-0.0965569701981063,0.04188825834925246,-0.0013154435850638642,0.08476965635432454,-0.009792774210451643,0.0441171134958146
robotics,ear_3d,63,,-0.08917491065492142,0.019061338052996264,-0.012345365231378221,0.03234226046010943,-0.04414268512054118,0.06136767032351905
robotics,ear_3d,126,,0.011614580510798066,0.01944110354224397,-0.003827229492893648,0.14406786894773166,-0.01768981045771834,0.08318382407221107
robotics,gross_profitability,21,,-0.04727031373677338,0.04342452053866036,0.03166572652724265,-0.006949161093411655,-0.007572720540473167,0.08684897620086938
robotics,gross_profitability,63,,-0.15126070273225228,0.03399454483568338,-0.004571610735138165,0.011956788908228199,-0.04413823930104406,0.0788190584891231
robotics,gross_profitability,126,,-0.17422101196274917,0.05696624658553546,0.004258128187420276,0.04300356291063246,-0.04344152556912865,0.11937454610186791
robotics,idio_vol_60d,21,,-0.08454063294260641,0.0665957699913786,0.017726666193359993,0.09863926437152981,0.01891826164706461,0.043561575699947994
robotics,idio_vol_60d,63,,-0.11588881045856354,0.08278209501032227,0.02811509836372216,0.052776088010641785,0.00048427425522501184,0.08397140217702143
robotics,idio_vol_60d,126,,-0.22121035532636366,0.10254429011422261,0.006455009562122307,0.07456511642438417,0.0334901062795663,-0.01514528195762856
robotics,max_ret_21d,21,,-0.01950542809719831,0.03348565729999828,0.01663381309446467,0.042860717975134466,0.02380600478295262,0.01415038806625645
robotics,max_ret_21d,63,,-0.04326084980351163,0.06784659212758785,0.03704983571940047,0.05250318204551615,0.043743634523790834,0.03131006065478012
robotics,max_ret_21d,126,,-0.13257424377842594,0.06896080021983288,0.017467788958579762,0.00022553533423098904,0.06056665700887971,-0.06567236543686163
robotics,mom_12_1,21,,-0.05658934063219265,0.06520403553296412,0.023501847750891477,0.10630613411505858,0.0550825676063171,0.00136273702135349
robotics,mom_12_1,63,,-0.03323210906272586,0.06373798918920454,0.027851193092371825,0.10815224249434774,0.04380407825958215,0.02998001198509707
robotics,mom_12_1,126,,-0.08743238044668396,0.08453492833879524,0.02573306322850188,0.11754242134676919,0.028286939360152887,0.05674109904070841
robotics,profitable_growth,21,,-0.04007121764176961,-0.05546374965640927,-0.058468636825315314,-0.019977287154044374,-0.03694866361068488,-0.08347514959441506
robotics,profitable_growth,63,,-0.04151753835891814,-0.07146761692950031,-0.07514976873384457,-0.015660331705870237,-0.06918972584066779,-0.06007165611445439
robotics,profitable_growth,126,,-0.12281704371454297,-0.10647254702373254,-0.13444971749511372,0.026001880223636763,-0.08901737992184848,-0.1545536641100326
robotics,share_issuance,21,,0.02821723642436838,0.10653756743126434,0.10210899107055638,-0.002106313516260802,0.06684390238902779,0.12237358584827004
robotics,share_issuance,63,,0.032006774115055134,0.14901446119995485,0.1250882408854173,0.09378988576723996,0.10187220381172865,0.15325392143650315
robotics,share_issuance,126,,0.012143939560148845,0.16853119127072114,0.13490610022274854,0.09660404706505508,0.14402174389188807,0.10317712035522
robotics,sue,21,,-0.06268396062192265,0.05132610290248204,0.020139231753492626,0.07263004636797635,0.015231612670602034,0.04916532288035673
robotics,sue,63,,-0.02889506829332745,0.057004598000804506,0.029308417134716387,0.09433218375613528,0.034392581285426084,0.046572423037060974
robotics,sue,126,,0.002171120287327457,0.08597075151575027,0.04420699400061886,0.20041291038512163,0.08814031236960408,0.02576520898909406
robotics,sue_announce,21,,,0.013605028913425488,0.0019766146383986107,0.3857142857142856,-0.024539675621451918,0.04950592729919248
robotics,sue_announce,63,,,-0.03243368221904174,-0.0474433763882479,0.41785714285714276,-0.003019192253037671,-0.06380913818277942
robotics,sue_announce,126,,,-0.0011888540435359388,-0.006788441230333571,0.14999999999999994,-0.013514939076794732,0.013033551764070356
biotech,asset_growth,21,0.0018184478060001676,0.005854699988978301,0.020977386032934905,0.011431541249225196,-0.0006037573541103763,0.006947349779622659,0.013667380232490315
biotech,asset_growth,63,0.0157050499978421,-0.011567945093933314,0.017797452659937478,0.006182195807706637,0.018878232538068567,0.015925309250305567,-0.0013547783367916766
biotech,asset_growth,126,0.041731062020487424,-0.0014622825958496713,0.016571423213258107,0.019367333795602043,0.006527449911427929,0.022455480550897126,0.013663756393216788
biotech,capex_at,21,-0.012238794404413245,-0.018576379955315678,0.0024370071260058023,-0.014487192756249661,0.04591915259954898,-0.0035903626753095515,-0.014099320957535078
biotech,capex_at,63,-0.005386268341230477,-0.03823945539142017,0.013533315977087788,-0.01650041358449624,0.058678850285236776,-8.847623265742464e-05,-0.018921074407326252
biotech,capex_at,126,-0.05817216179296161,-0.05589204949377549,0.027267224755076078,-0.03238392589700288,0.023790799802576312,-0.019529336098211884,-0.034705106873995334
biotech,cash_runway_years,21,-0.02295524219526501,0.010358157759682657,0.016452490780734106,0.007292784277412721,-0.021759138496886807,-0.0034519113110227906,0.011311388232486884
biotech,cash_runway_years,63,-0.045480082300367,0.03838141785827479,0.022864773731191924,0.01401611317276506,-0.016125447260053837,0.010525059965500943,0.011396761815722457
biotech,cash_runway_years,126,-0.043340229199553514,0.037798765315956565,0.03293910235192038,0.01818058764324488,-0.01349694395858295,0.01409546811712171,0.015700201497643236
biotech,cop_at,21,-0.02138016748671199,-0.006987515902375781,0.04650909343875045,0.012613254057705414,-0.028961680241844614,0.01972402935094744,-0.00226426720358442
biotech,cop_at,63,-0.051196002202376356,-0.028848383331924077,0.05505933388042916,-0.004252224121623175,-0.009909326524168559,-0.0065843860420712,-0.0029482241899658826
biotech,cop_at,126,-0.01861074940685128,-0.0456755548548271,0.07368258353122907,0.007483262921753544,-0.017696062604278313,-0.012656971449637282,0.023397890042243585
biotech,dist_52w_high,21,0.028959377571793607,0.018517087169351156,0.0706852967872459,0.04945588125662695,-0.03992874157487063,0.026791222217580363,0.05542231405242674
biotech,dist_52w_high,63,0.03555376440798567,0.05805937500545521,0.1050163129491182,0.07588744384362116,-0.0020653478535239524,0.06305530837727183,0.07411808281650117
biotech,dist_52w_high,126,0.08033485597205335,0.08148406140757254,0.12842528337623277,0.09849608239170608,0.09167915158676035,0.09015938759938749,0.10578820546785087
biotech,droe,21,-0.006216685747815032,0.021866476310811823,-0.0011741518423745957,0.007550621105586828,-0.020553368202153012,-0.007881309354076712,0.01773235576050776
biotech,droe,63,0.016227087868504717,0.01806699541884017,-0.011991799456630082,0.003477537363100246,0.03541088915921998,0.0006994861213555789,0.012417645717401367
biotech,droe,126,-0.010081062406152105,-0.010004233463335736,0.005950052449886808,-0.012355425859867278,0.07100529789348677,-0.015938594611603036,0.0076401774902848775
biotech,ear_3d,21,-0.017351998444047813,0.009238199774597151,-0.013735465412566159,-0.003740126225711114,-0.04115333825381867,-0.012244765750051135,-0.0022247680692593186
biotech,ear_3d,63,-0.03692416699654699,0.0018483801970427605,-0.008029182834727042,-0.010426511483180982,-0.04196511184261503,-0.014144869991708088,-0.01264882139143281
biotech,ear_3d,126,0.0027819223147485693,0.002081267832939751,-0.011351669500511787,0.00216224635676969,-0.0462361600377991,-0.004339025998396256,-0.000569459352916913
biotech,gross_profitability,21,-0.020788961262411174,-0.014441675979886165,0.014814660404996719,-0.0070329890392437835,0.010513860708919272,0.018173540882200842,-0.0289615360407019
biotech,gross_profitability,63,-0.06731623631344176,-0.027214371096079007,0.022614332362231385,-0.025333685937596558,0.02082339512028911,-0.014878363919269536,-0.027207437911570754
biotech,gross_profitability,126,-0.0641142190596813,-0.018670623954881213,0.045457857580543645,-0.013206562465171942,0.023205279734476305,-0.023608035406227273,0.004668539627805063
biotech,idio_vol_60d,21,0.04392508713229245,0.016363319507085788,0.08950706987279078,0.05681584676268428,0.0038599947691651563,0.05705578811804392,0.04668305393600787
biotech,idio_vol_60d,63,0.07583923037095124,0.05958181680428869,0.11206213559583947,0.0897215052217479,0.025983708615834353,0.08283389166089401,0.08458926130868244
biotech,idio_vol_60d,126,0.11969518683015437,0.10360959558315685,0.15804355031740736,0.1264402599665712,0.14155399406841276,0.12616429044204175,0.12967900406931787
biotech,max_ret_21d,21,0.03994736252361905,-0.0033495140416823148,0.07462169462921721,0.04168806067378207,0.008937173963954059,0.05087009018683747,0.026387733643506054
biotech,max_ret_21d,63,0.07140844486640259,0.03491586337464228,0.09619205485214519,0.07219218983625732,0.031315088364465726,0.07520420288947703,0.06130450542206124
biotech,max_ret_21d,126,0.10843172541526905,0.07235559402220691,0.13172156064055437,0.10228209161248511,0.1252924985949559,0.10586150314655775,0.10307553851634108
biotech,mom_12_1,21,0.01509970386046519,0.005647913062071176,0.006828834491753077,0.00990915393556403,-0.0009641683376155667,0.006896134635167233,0.010890893250861339
biotech,mom_12_1,63,-0.005286238437460026,0.013292809958594786,0.002506932167829916,-0.0005889753706500687,0.04550424884621071,0.006187490668132598,0.0012866021816803767
biotech,mom_12_1,126,-0.0038575920052054268,0.0231507688816166,-0.005817188584824871,-0.004800837915251231,0.09308160883600787,0.012537642055844336,-0.00361074139372476
biotech,share_issuance,21,0.022432101038905965,0.009110102624492874,0.07523919686096475,0.04368640409198508,-0.019650098533025986,0.033418472795081554,0.04212224149190852
biotech,share_issuance,63,0.0561452464644733,0.02574343741021663,0.07946097968895247,0.06336506792339483,-0.029860697549878835,0.054943809063192496,0.05416839986983036
biotech,share_issuance,126,0.10057265634432161,0.051452728896968655,0.08993495487560278,0.08705206066870665,0.015038801563611606,0.07560981933625402,0.08481730567024827
biotech,sue,21,-0.01034053720224968,0.009597014143287787,-0.0053429284946417905,0.003698122202379929,-0.0562398506677968,-0.011710462495082282,0.00790950317684209
biotech,sue,63,-0.00027624470188008615,-0.0028973953390499024,-0.00689881811117012,-0.0017569124558783056,-0.02104154113374015,-0.014486375147078026,0.00757502481800398
biotech,sue,126,0.008190901989682283,-0.00805577817621365,0.025310478817437292,0.003706833193378159,0.05649581596635693,-0.003894872164692499,0.02188575491024021
biotech,sue_announce,21,-0.00839844494457566,0.03637733516611352,0.027405719442754953,0.02426889746169944,-0.024215004477255598,0.026035893551194986,0.013444469141849644
biotech,sue_announce,63,0.02217216537329753,0.07059833494312248,0.03580087895861986,0.04770057413967342,0.00122714430867998,0.035270898960344826,0.05153262059126909
biotech,sue_announce,126,0.028188640325608413,0.13240507188917636,0.04655062043102504,0.06716499498350323,0.09722239886632326,0.05699997021319751,0.08355382366551997
biotech/biotech_all,asset_growth,21,-0.007906784073614434,0.011572582922733853,0.011728114611799243,0.00648764541465762,0.0005196097094685698,-0.0026021252891731063,0.014362620759235105
biotech/biotech_all,asset_growth,63,0.009001720802562015,-0.002711342918848131,0.007053185598064464,0.0025105783517996544,0.021953363757977,0.00423257772648518,0.004483021140376254
biotech/biotech_all,asset_growth,126,0.035525081690508754,0.004944125860633405,0.0035125433044958763,0.014990746678778517,0.001014022793672017,0.009027967717368964,0.01835951704106174
biotech/biotech_all,capex_at,21,-0.02069283519543801,-0.006672501949006609,0.013847161006702368,-0.009250658340416015,0.05589425630178554,-0.0009793628777548578,-0.005352024694094463
biotech/biotech_all,capex_at,63,-0.017040262870572462,-0.011011497537244475,0.02778644716746076,-0.006951155254233181,0.08153410424981397,0.006174954553290448,-0.003470555039804516
biotech/biotech_all,capex_at,126,-0.07800285187255615,-0.01789570159332588,0.03945784764498355,-0.024620020109436157,0.06700891308389202,-0.008952380661868915,-0.022923418799027803
biotech/biotech_all,cash_runway_years,21,-0.02447589974307414,0.00994484561815123,0.021945266451265443,0.009340165468649922,-0.021650838243378115,-0.004109359156067871,0.015441442211682668
biotech/biotech_all,cash_runway_years,63,-0.04224216868385706,0.03079234787673988,0.03266297641380872,0.01608260366795602,-0.011726289568681617,0.005644492706396158,0.02019962289411453
biotech/biotech_all,cash_runway_years,126,-0.035910436634279584,0.03178066727991153,0.044422322622089984,0.022412546346766416,-0.007049931527930142,0.011694448292664233,0.0264342628863505
biotech/biotech_all,cop_at,21,-0.049717458537658445,0.01836660208651427,0.0322508480286532,0.0057077939512857785,-0.01949852775626087,0.002286272579260552,0.004420442037285805
biotech/biotech_all,cop_at,63,-0.061451802128799,0.008445814465857326,0.022978273610736333,-0.00843480419602029,0.00469357030918815,-0.007627632042005622,-0.006752448009804454
biotech/biotech_all,cop_at,126,-0.01609997846291357,0.0013153279848549166,0.020843683797738526,0.0038743578807564592,-0.005719078798208535,-0.015390420582020437,0.02192885946819918
biotech/biotech_all,dist_52w_high,21,0.03411766011600781,0.012731722958443097,0.06982657871798291,0.04929991081097082,-0.04588358277743181,0.01909973310213246,0.06171855675054715
biotech/biotech_all,dist_52w_high,63,0.05434923877717976,0.03830522002163748,0.10449877655201312,0.07440231739805943,0.0001478595185373109,0.0602450570432229,0.07469428266028695
biotech/biotech_all,dist_52w_high,126,0.1075115592858894,0.05218800335593085,0.12754884819767984,0.09519933065246775,0.10238758440310995,0.08895288685003458,0.10306577037637467
biotech/biotech_all,droe,21,-0.001971597365325088,0.012491082190583284,-0.010391483379567145,0.0037734166813816823,-0.040028878499081995,-0.01602902770961139,0.015175405440958535
biotech/biotech_all,droe,63,0.012180735430060145,0.011783378217909308,-0.03168229943727902,-0.005192848073153309,0.006046546815186316,-0.009325086916104394,0.0011326711287272717
biotech/biotech_all,droe,126,-0.04852479731411111,-0.026281402098935383,-0.015877292137771448,-0.03597500464311953,0.03359164411719952,-0.05201726997881166,-0.005970468507464089
biotech/biotech_all,ear_3d,21,-0.03618969939163597,0.007098356736805011,-0.014143349881039836,-0.009926367664437146,-0.05013173471874242,-0.020458044599146973,-0.006905583476135994
biotech/biotech_all,ear_3d,63,-0.04846322280008359,0.0012493355737568876,-0.01029102283104718,-0.014580995114854972,-0.049679952935697255,-0.02020583519341247,-0.015534049449749206
biotech/biotech_all,ear_3d,126,-0.016218723356612355,0.0058396851290883475,-0.0150552022598219,-0.0028865309880271852,-0.05953310222330567,-0.018816431799399812,0.0025238065064992765
biotech/biotech_all,gross_profitability,21,-0.03615041779772443,0.0024141993581392614,0.00497960467827361,-0.010867767559491436,0.01908965681470171,0.01458044215559343,-0.03071953535851824
biotech/biotech_all,gross_profitability,63,-0.0656765089177088,-0.003982754498660522,0.0006641521902264868,-0.026548391579082984,0.03445441885115107,-0.014196774990060097,-0.027525350368825717
biotech/biotech_all,gross_profitability,126,-0.04407692434825449,0.011690039389701395,0.009913883874694907,-0.010831570252011924,0.039933786647295744,-0.018009076588441808,0.006513103743010144
biotech/biotech_all,idio_vol_60d,21,0.05216079519895543,0.009013988667235406,0.0878399607487319,0.05718780071287105,-0.0061969132901315655,0.056356048573754175,0.04617845243384459
biotech/biotech_all,idio_vol_60d,63,0.08108379842944789,0.04065737227705237,0.11408002621432209,0.08579495269441242,0.021333640751138912,0.07460996367070888,0.08491845492049527
biotech/biotech_all,idio_vol_60d,126,0.1337880993063048,0.07333435482084096,0.1632708282485872,0.12317472593061925,0.12957204015016668,0.11896888794651096,0.12877564271570027
biotech/biotech_all,max_ret_21d,21,0.045469260616608276,-0.013035759656582647,0.06987589215472985,0.038337669078103286,0.005825868384498506,0.04606026340018509,0.024541441659413996
biotech/biotech_all,max_ret_21d,63,0.07132682020564543,0.01797934007893711,0.0900729229411443,0.06355309226744178,0.030356915903740775,0.06548978630724597,0.05523203433704741
biotech/biotech_all,max_ret_21d,126,0.10812531241281281,0.04736685352533897,0.12669956533939503,0.09139888313179231,0.11994290571219673,0.0944359368431012,0.09383467106109201
biotech/biotech_all,mom_12_1,21,0.018080360081291415,0.003654747042030953,0.0065846871675157145,0.010412451783396115,-0.004392444115158646,0.003095979140485834,0.014963174643059907
biotech/biotech_all,mom_12_1,63,0.016125761944557143,0.006551155511499979,0.0017972923368810693,0.0030744945765375747,0.05184347964438887,0.012709397571282201,0.0025385010218376964
biotech/biotech_all,mom_12_1,126,0.022264767366307035,0.017310779819434872,-0.008497043233149945,-0.0020726665064298142,0.11983865554629389,0.023066752440351473,-0.004257209383602368
biotech/biotech_all,share_issuance,21,0.02301928104349282,0.004669858354476217,0.06516372858553768,0.0385662442695516,-0.02314806587154164,0.02556912876427969,0.03989148738027565
biotech/biotech_all,share_issuance,63,0.05836515443293414,0.009496039697914333,0.06497286900219143,0.05294115199559752,-0.0367730413130467,0.04019609683827229,0.048692991073264046
biotech/biotech_all,share_issuance,126,0.10456150698300815,0.023600892513402087,0.07335701407348102,0.07387483082879111,-0.00981134083793685,0.05514062447591232,0.07668723826639844
biotech/biotech_all,sue,21,-0.00764246290950254,0.003252540085305693,-0.01116949247750391,0.0033573854337827927,-0.0874726637450636,-0.00682875682445761,-0.00387246577032131
biotech/biotech_all,sue,63,-0.023316587575412155,-0.0012778510318030918,-0.02607374334391156,-0.013267943769759613,-0.05022143776383399,-0.02168049302434368,-0.012102973126506244
biotech/biotech_all,sue,126,-0.06342902671173274,-0.030734798861395622,0.004478379861755308,-0.031843203001644935,0.013772843075107056,-0.047773345196320934,-0.0071826856217952866
biotech/biotech_all,sue_announce,21,-0.008596576999927394,0.025446135493911,0.020559546219626645,0.019700410280042383,-0.046468563625517656,0.018046682535291823,0.008992901141336673
biotech/biotech_all,sue_announce,63,0.02619899018210557,0.049528079991068896,0.02328541154815059,0.03838789018060308,-0.019644627527207664,0.024595342103757554,0.04140552022509927
biotech/biotech_all,sue_announce,126,0.03726507451760611,0.09323556125215407,0.030184812543755574,0.05238738995768113,0.0662416762416232,0.03665876237129199,0.07136554340138272
biotech/biotech_tools,asset_growth,21,-0.02338628174604611,-0.05521721513871663,0.06429996325195478,0.0019116897970849062,-0.02308432825175993,0.006105892439951621,-0.006721647940463447
biotech/biotech_tools,asset_growth,63,-0.005246380615871972,-0.14128668248035783,0.0822245925511567,-0.016241968385458348,-0.043601146218849016,0.03336966064700964,-0.06940720568837845
biotech/biotech_tools,asset_growth,126,0.007674914077877549,-0.11498507900272778,0.10103817232291963,-0.0014790898931324183,0.004213519966576255,0.03481345889115177,-0.0358249781580647
biotech/biotech_tools,capex_at,21,-0.024036810478534096,-0.031977771796556816,-0.04130510296333925,-0.03422030164496624,-0.026490337758053838,-0.017518555349402214,-0.04819323903782194
biotech/biotech_tools,capex_at,63,0.04558680094754971,-0.07527557229558912,-0.03806928985097903,-0.02798396683485927,-0.03064876453688714,0.023163473345092264,-0.07676696162194246
biotech/biotech_tools,capex_at,126,0.04429132084681238,-0.089398688413169,-0.044016526745471664,-0.026911857255078213,-0.11398566176045329,0.014203255782397126,-0.08315104183785786
biotech/biotech_tools,cash_runway_years,21,,-0.30383613019722755,0.1410478257147821,0.12410524022708884,0.060523515694885455,0.13775011029576087,-0.25766811433092984
biotech/biotech_tools,cash_runway_years,63,,-0.14159353640259148,0.05900122071519333,0.0379866068652217,0.07619475707581828,0.051847619778150784,-0.04144312328399571
biotech/biotech_tools,cash_runway_years,126,,-0.18879138187012195,0.11306649870054737,0.14650108984244137,-0.12129115939058498,0.08091912398255925,0.26127186418171205
biotech/biotech_tools,cop_at,21,0.019012148328531882,-0.05858353172739103,0.10971570399897856,0.033215776386830834,-0.02572194032398775,0.05769184464301292,-0.0009257956364172406
biotech/biotech_tools,cop_at,63,-0.003721074433188609,-0.07798809578293799,0.15993754438844335,0.036571523311422605,-0.004943596927649054,0.027077667000998305,0.03781550756571781
biotech/biotech_tools,cop_at,126,0.0019706763448902914,-0.08856049179321648,0.23599578866326634,0.05754551964627784,0.043006633759961777,0.0676057342857527,0.04487564258394754
biotech/biotech_tools,dist_52w_high,21,-0.03303457323111131,-0.03621780705866572,0.07559113776588684,0.010971590188642397,-0.03688531712033194,0.029135135782074485,-0.016132256770202483
biotech/biotech_tools,dist_52w_high,63,-0.06776435250197509,-0.01442547138865173,0.099232212596914,0.020597889368335343,-0.07840783847459376,0.022950930716216324,-0.0007192357551137098
biotech/biotech_tools,dist_52w_high,126,-0.032240437459516394,-0.02389966284629735,0.13016205396016242,0.0420361599837669,-0.10003174067671743,0.03687252020635683,0.01961746192329187
biotech/biotech_tools,droe,21,0.04193239782566334,0.031774561747289445,0.00259834970793378,0.01797135094289936,0.0742607545629688,0.027597739552539084,0.01938948765841763
biotech/biotech_tools,droe,63,0.11408652449236223,0.0016226744035577794,0.004631428302947478,0.02047059030690543,0.16228948022604064,0.04328705315292831,0.025512223159347355
biotech/biotech_tools,droe,126,0.17918732973109758,0.006944686281085027,0.043693503252323344,0.05397239596041446,0.21081350968947138,0.09040568824292056,0.049023764803873625
biotech/biotech_tools,ear_3d,21,0.0262204119432414,0.012849339914045898,-0.0019508429937889116,0.013888264295141608,-0.016863934299448324,0.006281208012902611,0.015517526258797192
biotech/biotech_tools,ear_3d,63,0.009971741768349657,-0.01764572669866688,0.015310891396536942,0.0011223143075528583,0.015994961398117853,0.014693929760839141,-0.009576176139601551
biotech/biotech_tools,ear_3d,126,0.07630482336795433,-0.03628292653943507,0.007980950842229334,0.014191708158873316,-0.004284764334833927,0.038403036992363256,-0.013953473712134212
biotech/biotech_tools,gross_profitability,21,-0.014710455032728026,-0.04193799599650698,0.07699447531064077,0.010958740657074768,0.014419632917501039,0.05925568122856818,-0.03403798154865257
biotech/biotech_tools,gross_profitability,63,-0.07616918552781829,-0.06593436766618367,0.09899784605464736,-0.005320587575824929,-0.018461263191002938,0.0074952551602657826,-0.02021445230348592
biotech/biotech_tools,gross_profitability,126,-0.12303907427862844,-0.0616199460597506,0.1506768081110685,-0.004381242808769501,0.026212949595221056,0.010030592312438727,-0.012483595848250642
biotech/biotech_tools,idio_vol_60d,21,0.01032771497807169,-0.011607380118756217,0.08866163043498833,0.035133064847905494,0.00548758655089989,0.04998235890314921,0.014745604517397003
biotech/biotech_tools,idio_vol_60d,63,0.03142602322886795,-0.03451630377280791,0.11908663087096337,0.04828727354085382,-0.022651818922658516,0.06043828531708468,0.02231304159122777
biotech/biotech_tools,idio_vol_60d,126,0.04418009273945472,-0.042459414239515346,0.14578090517552647,0.05389754575611681,0.023455874037594776,0.0582385672932164,0.04345846118653248
biotech/biotech_tools,max_ret_21d,21,0.019398573533607417,-0.01626121073693595,0.09645062848929355,0.04045083386438161,-0.0025820308089624,0.07847324686807891,-0.005610685726643697
biotech/biotech_tools,max_ret_21d,63,0.040787608496025966,-0.006308793709436933,0.12181385122240401,0.06396201548420942,-0.0330641827663698,0.06330706747733333,0.046098587375960884
biotech/biotech_tools,max_ret_21d,126,0.05580551420547831,-0.025643834655839706,0.1478832777844212,0.06715423767611714,0.0027550682344258818,0.06079412474083749,0.061149919097570185
biotech/biotech_tools,mom_12_1,21,-0.01961811667806193,0.0007979859078627448,0.006216872752768587,-0.006760188296846891,0.030981133530848318,0.022341668522745134,-0.02881146851126509
biotech/biotech_tools,mom_12_1,63,-0.10207193349899862,0.02520934116599534,-0.011278093824975783,-0.029074125562078414,-0.0002703332244602495,-0.03538701627701454,-0.017117524159845895
biotech/biotech_tools,mom_12_1,126,-0.13403605334439453,0.00808967531283603,-0.011745304750036746,-0.037612209075958324,-0.08673924170153688,-0.03416776678885498,-0.050774960345776
biotech/biotech_tools,share_issuance,21,0.0053814300664199715,-0.04779040254541278,0.10023989892107385,0.029707116486168136,-0.028935777516739584,0.035774067360911134,0.013151588227620406
biotech/biotech_tools,share_issuance,63,0.027603883366510394,-0.07296615212962095,0.13552824501440972,0.044340161933200846,-0.06192868824585642,0.03552642417920154,0.03236020146457126
biotech/biotech_tools,share_issuance,126,0.08867764302728448,-0.07671719795709565,0.1801985620270367,0.07328049128825971,-0.01732873026728189,0.055702344320447204,0.07234519740187158
biotech/biotech_tools,sue,21,0.05637450182218071,0.021194469622376595,-0.008899181263652228,0.01587988555808871,0.03794853257778544,0.024768457245577413,0.012188470880459578
biotech/biotech_tools,sue,63,0.10436462416663236,-0.011900696011829576,0.004317026507621738,0.02110779825851843,0.0500103230978617,0.011742305056766775,0.03504692610581021
biotech/biotech_tools,sue,126,0.19113585848821454,0.033557241939935936,0.05381451248108896,0.07487983386757263,0.1450291453782156,0.09646338876232992,0.06898831040774624
biotech/biotech_tools,sue_announce,21,,0.20084033613445376,,0.20084033613445376,,0.3428571428571428,0.058823529411764705
biotech/biotech_tools,sue_announce,63,,0.35273109243697476,,0.35273109243697476,,0.16428571428571426,0.5411764705882353
biotech/biotech_tools,sue_announce,126,,0.22289915966386553,,0.22289915966386553,,0.14285714285714282,0.3029411764705882
energy,asset_growth,21,0.01439114852627841,-0.002372761251001652,0.055282194329765624,0.020043214054690325,0.06393030827994667,0.04812930077150949,0.00015581527006191674
energy,asset_growth,63,0.008017652407631375,0.02851830512096139,0.08830668404152792,0.03779824523939106,0.10653992411705168,0.061534270320868605,0.026659259379905362
energy,asset_growth,126,0.036928639377087374,0.03984427816350945,0.1307526874366065,0.06699998514906522,0.11189558240170948,0.1095671928219759,0.03173764564024903
energy,capex_at,21,0.01743337487347346,0.027378997180075724,0.009596194681271096,0.014014284811908992,0.054372136372562496,0.01144846780262567,0.024119480684171527
energy,capex_at,63,0.015110249372508166,0.0457118482523561,0.016877329597126862,0.017791316791096013,0.10426961633638411,0.042669744026166474,0.008872150654899219
energy,capex_at,126,0.030225976845590283,0.07209801309188042,0.03711850463664375,0.03845172047189688,0.12613376775175036,0.05181639254448805,0.04175947124459002
energy,cash_runway_years,21,,,-0.16950696924539774,-0.16950696924539774,,-0.3355746249610971,-0.03665284467283827
energy,cash_runway_years,63,,,-0.13878796512564356,-0.13878796512564356,,-0.17207335662470155,-0.10550257362658556
energy,cash_runway_years,126,,,-0.33897140440966267,-0.33897140440966267,,-0.21223006976172765,-0.5079598506069094
energy,cop_at,21,-0.00944852842298132,-0.04059403429805983,0.015093959369904845,-0.009872033997976279,-0.017093396817939175,0.023466761945314985,-0.04455987574279908
energy,cop_at,63,-0.01583824791380248,-0.07783909290236712,0.007236769004615541,-0.025539281166401657,-0.052063610415251003,0.006036716292185283,-0.06289129651428763
energy,cop_at,126,-0.07223423707108158,-0.0905866095572667,0.011267580613864233,-0.04641849098613142,-0.07053113169529024,-0.005343558117663289,-0.09362146627599154
energy,dist_52w_high,21,0.07918344487840238,0.0239944081714535,0.020193086509330684,0.05481150232507702,-0.11501161689895777,-0.015030106837230297,0.09292791339058659
energy,dist_52w_high,63,0.08489894989936875,0.04145969056772822,0.008146697106006729,0.06223322030482137,-0.14907106894469607,-0.059481571014504575,0.1463216820218648
energy,dist_52w_high,126,0.10264080771670689,0.04155762783104685,0.019085094147533933,0.06587710920198675,-0.07658325026225062,-0.042609894911173604,0.1502679627570718
energy,ear_3d,21,0.02968202180546033,0.03513954495966991,0.00995440325395741,0.025465085883560435,0.010962477973922564,0.010256289040292087,0.03796460432612721
energy,ear_3d,63,0.023755731055882197,0.028488085898141623,0.005351535784333096,0.016989616607096157,0.03388167563032042,0.008442451906866013,0.028955425496037232
energy,ear_3d,126,0.012344895629546517,0.030947733795816154,0.02086602909469764,0.018303473465340385,0.0534995570738806,0.00673003533347504,0.037153391318364135
energy,ebit_ev,21,0.03689747804994607,-0.03277669049603184,0.0065824221846564725,0.0052445626479253275,-0.023052102553874215,-0.006922093627979208,0.012125028721295889
energy,ebit_ev,63,0.03281576746547318,-0.07947400929876092,-0.0011083207724709317,-0.012868944912349157,-0.057170603827074874,-0.03025484838890782,-0.0035544615998041895
energy,ebit_ev,126,0.026524259099373924,-0.07488254200833301,-0.006440508384227972,-0.017182089496414175,-0.04219177870081669,-0.03398621434461286,-0.004685462831321775
energy,gross_profitability,21,0.03833068000040831,-0.02038365928989506,-0.013495122810537595,0.0016136542218059733,-0.019828478534482153,0.003206329329130588,-0.003984694037792249
energy,gross_profitability,63,0.030905253948143162,-0.059594156952989294,-0.0258925192916926,-0.018850880388402776,-0.0319399102306874,-0.011847326229236519,-0.02851196955472826
energy,gross_profitability,126,0.026573569019434348,-0.056849073957950434,-0.03431683235661448,-0.02177949255755934,-0.03842431409910526,-0.014875237054818155,-0.03217426222943277
energy,idio_vol_60d,21,0.06227760740601117,0.03235368638678237,0.029769617662759415,0.047799506602981656,-0.032845447370164045,-0.024731439347612814,0.10526491170144998
energy,idio_vol_60d,63,0.07453090360362433,0.051752833890979996,0.034612276312567115,0.06343235079681273,-0.054424947952737036,-0.05847813250637885,0.16557032722207216
energy,idio_vol_60d,126,0.11172218374974457,0.09175307498573021,0.029443720729639716,0.08642582187707688,-0.025587921925586992,-0.038236529494057196,0.19349913197772947
energy,max_ret_21d,21,0.04653399470632897,0.020019515983752276,0.028391689379240585,0.03562440623149669,-0.013728557484805481,-0.023139364861246965,0.08516839289372237
energy,max_ret_21d,63,0.06841888134179741,0.03532027942949568,0.03947888392785615,0.05525934698440362,-0.03457828594073442,-0.0421085716532094,0.1376553114371614
energy,max_ret_21d,126,0.09017480886770331,0.06895276235570676,0.01186591837727134,0.0613165236281901,-0.0033226766202315784,-0.033334677094182016,0.14660091053382596
energy,mom_12_1,21,0.054201603268653364,-0.012504090502259008,0.0017224852020332109,0.029726834070417082,-0.1535974989122835,-0.007048215763913534,0.03225448103984759
energy,mom_12_1,63,0.09371490997484096,-0.029254892164716138,0.02477789905949099,0.04401076408689414,-0.1313589176164057,-0.00937307047418966,0.06509665572849559
energy,mom_12_1,126,0.10682935305627267,-0.054332105569428184,0.053477354441172784,0.04047881042786701,-0.03521632987010615,0.012951554908298838,0.05416427722896579
energy,net_debt_ebitda,21,0.003188421902822875,-0.02909409161502432,-0.012523209542878402,-0.012448089971602783,-0.02183024222060565,0.008013246076577909,-0.03466213578058622
energy,net_debt_ebitda,63,-0.007354229463526236,-0.060749326559355714,-0.0314207417153157,-0.032037148150588134,-0.05257657583863121,-0.011137077863106467,-0.05733014440741469
energy,net_debt_ebitda,126,-0.05484955418100404,-0.07800086277142174,-0.028718658158420264,-0.05464799210877373,-0.04161908344918836,-0.029390811070761972,-0.07823023172036118
energy,ocf_ev,21,0.008656151900023999,-0.017384458486231144,0.043284300362397894,0.012967927424908456,0.013411123115328775,0.04061495518364282,-0.014596305534516607
energy,ocf_ev,63,0.00017550303083256716,-0.03055758232178236,0.049104094373588286,0.008194743810049419,0.004773483057458133,0.03647933842276138,-0.021378958915240928
energy,ocf_ev,126,-0.01392895558712323,-0.020237504726190146,0.05666724377897201,0.012042994090741865,-0.01901509304232512,0.05278742828242112,-0.036175242214008384
energy,oil_beta_trend,21,-0.007214908121416003,-0.019759593740028024,0.04351637737987561,0.013021878660684843,-0.044980998831741385,0.05071404258869822,-0.03550598765602354
energy,oil_beta_trend,63,-0.01822123616239503,-0.05613781576876952,0.013399720882290238,-0.015381668879202568,-0.056507181962019315,0.020192407070920043,-0.059610597349641255
energy,oil_beta_trend,126,0.008862295042592835,-0.0849143303561092,0.030333586422324633,-0.017803953963631845,0.008432511160059396,0.039167558796452985,-0.07161333604759604
energy,share_issuance,21,0.01731070420502002,-0.006091023792779599,0.050662555178196796,0.022684967290380643,0.01596180874758126,0.010393795043044997,0.03372016486488564
energy,share_issuance,63,0.030707854313967834,-0.01316585721834879,0.0647617668289862,0.029730829694177827,0.017436710024437637,0.012380822733659732,0.04512240945846506
energy,share_issuance,126,0.027226980324604164,0.009586641288954275,0.08599708079758635,0.04361081113757319,0.02856127782953589,0.032882657082608874,0.05176818813424164
energy,sue_announce,21,0.022198885822542428,0.031185426834013194,0.010593175677652823,0.03527617780916803,-0.11943340870436764,-6.131332930514675e-05,0.041711878060497164
energy,sue_announce,63,0.0605264354386244,0.00912641768666083,0.00736421358443403,0.04166601094409481,-0.14644171249584947,-0.006794595357906019,0.055284930887949
energy,sue_announce,126,0.07448696453247637,-0.0007460390544376676,0.004118992631707471,0.03653733327432766,-0.09464370862396414,-0.0061427555245839515,0.055056072120661964
energy/oil_gas,asset_growth,21,0.020243477935483475,0.024105920068143064,0.039543414548396744,0.02358279631275317,0.07866434178184693,0.05109576475590621,0.006359786913276987
energy/oil_gas,asset_growth,63,0.02372736776163524,0.04429990108462499,0.060893425893807744,0.034892613786211724,0.13357305800262373,0.06826907581272254,0.019615192519543405
energy/oil_gas,asset_growth,126,0.02906943307707038,0.0621787608895762,0.09720848285091409,0.05621899457682149,0.14291590157956005,0.10176573974913442,0.026042446916343248
energy/oil_gas,capex_at,21,0.025637948762077322,0.002134376645406243,0.03157200504110061,0.013268361087521772,0.08647815266060577,0.0005553260501747069,0.03965795059456585
energy/oil_gas,capex_at,63,0.02608540521320303,0.020542584259768064,0.03123596464147135,0.01405438324801052,0.1418750667064966,0.03171700656104521,0.020410033779562273
energy/oil_gas,capex_at,126,0.040293822163665456,0.03428033439954005,0.04993258306146511,0.02715901839041509,0.17841154418918975,0.04181392591094211,0.04155386047928563
energy/oil_gas,cop_at,21,0.009214013664605102,-0.02550425962612343,-0.026969951246591177,-0.009248281233017748,-0.07886406594111775,0.0016887492784996,-0.03319045833835598
energy/oil_gas,cop_at,63,0.005089731050994386,-0.055127408001766846,-0.037928488278752406,-0.02118643738847437,-0.12251117267227357,-0.03172770205498371,-0.02976245328928602
energy/oil_gas,cop_at,126,-0.028801223594583675,-0.05610086276975967,-0.0711304227440651,-0.03790299247637526,-0.19635621629112698,-0.0654860979717206,-0.04033086960591201
energy/oil_gas,dist_52w_high,21,0.08460034144113314,0.00443635079391748,0.03791080453302336,0.049471054468336655,-0.044128811386689545,0.006260236435785443,0.07519618327522364
energy/oil_gas,dist_52w_high,63,0.09153947058829731,0.007092877863790357,0.051491880726605176,0.06386918884373284,-0.09667703352806079,-0.027230027230059815,0.12634944594929057
energy/oil_gas,dist_52w_high,126,0.08501591760216011,-0.0028017325181022078,0.07833167617621827,0.06257941351133947,-0.03853264489894409,-0.021855826835067385,0.13016868521480837
energy/oil_gas,ear_3d,21,0.04334534413744827,0.016756553697593254,0.0006197590637714246,0.01685827369572631,0.03568060363643637,0.012848560239573861,0.024384246591352056
energy/oil_gas,ear_3d,63,0.03593936847054091,-0.002667202248246283,-0.005589696003711866,0.003732990421371676,0.047252728681521576,-0.004113501134294261,0.020068566623485693
energy/oil_gas,ear_3d,126,0.022674941921644237,-0.003272041770404104,0.00535343497761777,0.0014664141941949245,0.06651555823901611,-0.01033248631119545,0.02638292562232245
energy/oil_gas,ebit_ev,21,0.024051012054919354,-0.03066093126236098,-0.032710800063743946,-0.009400902727984533,-0.07141686347018557,-0.021648355106330116,-0.008738849609171009
energy/oil_gas,ebit_ev,63,0.01652775227364005,-0.0522339225439424,-0.047784984492318196,-0.022105778368440476,-0.10541787248806964,-0.03296218311948941,-0.026918955533476913
energy/oil_gas,ebit_ev,126,0.007739632637298977,-0.03963559896054169,-0.06815562320891974,-0.024999125585103154,-0.13259646728022315,-0.0552528637786741,-0.01472692295746703
energy/oil_gas,gross_profitability,21,0.04280483023138826,-0.03938538401023287,-0.02979794371461511,-0.009742090645747251,-0.03694812863505553,-0.0034362260319653905,-0.020922516270264223
energy/oil_gas,gross_profitability,63,0.05120567767463986,-0.0907705285325007,-0.041438611147777506,-0.028452678544693376,-0.05983893642034028,-0.01589044604324164,-0.04686889027518495
energy/oil_gas,gross_profitability,126,0.053781954409676834,-0.11229742271618405,-0.059532244197045815,-0.03921235200882935,-0.09347987100618829,-0.025368317057635897,-0.06366038492502397
energy/oil_gas,idio_vol_60d,21,0.04776872248245406,0.011171646282595116,0.03355628700835943,0.03256540759891647,0.009314414926791206,-0.022028209615382544,0.08281543277556568
energy/oil_gas,idio_vol_60d,63,0.05585957616109459,0.023261431998564158,0.05136421773428549,0.048002392844387884,-0.0013087429740839176,-0.03475047630237516,0.12319589602912291
energy/oil_gas,idio_vol_60d,126,0.08427515534848745,0.06308284247566903,0.08228559589093264,0.08099627767192363,0.0329657088811435,-0.011270390089067002,0.1670592711092328
energy/oil_gas,max_ret_21d,21,0.025342740902048203,0.007845041629023488,0.04222912023557096,0.02199963250853566,0.06357948932720303,-0.01485420966560321,0.0666211402422058
energy/oil_gas,max_ret_21d,63,0.05203300564231507,0.01417377189624672,0.04684227204630494,0.039876862838773605,0.014815878282108485,-0.014449919249593735,0.0906375418565053
energy/oil_gas,max_ret_21d,126,0.06416961468827119,0.03756539321661442,0.05541262619480403,0.05466922533453674,0.0272354225241344,-0.011328318619058187,0.11758191853047589
energy/oil_gas,mom_12_1,21,0.07114062736988346,-0.014044741817437279,0.01784050269920252,0.03811502912151228,-0.12217154426919323,0.008176767209419677,0.038109645455121424
energy/oil_gas,mom_12_1,63,0.0958458639572268,-0.03904961112060322,0.027780533155487494,0.04691630687788047,-0.17536134390460514,-0.02238941803268696,0.07532193500776115
energy/oil_gas,mom_12_1,126,0.08745469480801119,-0.0741993947480077,0.03146163377739237,0.030684796565000394,-0.15628792280424714,-0.025301984092125245,0.05206725667838085
energy/oil_gas,net_debt_ebitda,21,0.019788789263090318,-0.03461863549489562,-0.051190964122830133,-0.017555148189884306,-0.09370056579461163,-0.01682409560146614,-0.032511168902262515
energy/oil_gas,net_debt_ebitda,63,0.0026285925182186086,-0.05558776484133048,-0.06941862272790951,-0.033854705304612806,-0.13274317822859802,-0.04705327036596811,-0.03924835271050511
energy/oil_gas,net_debt_ebitda,126,-0.03544730992543207,-0.05383261155141122,-0.07796897627663511,-0.04458106856445053,-0.17195211553964296,-0.07153730040234788,-0.04158390687672079
energy/oil_gas,ocf_ev,21,-0.0049703402635373995,-0.011641829695501182,-0.007429234275627091,-0.005830950662894269,-0.029999366313304635,0.022359671465259048,-0.038536551538926433
energy/oil_gas,ocf_ev,63,-0.018689282268403898,-0.016569270605663357,-0.014856685030996299,-0.013410493875596594,-0.046941658185713143,0.018742995079805317,-0.05269136228249047
energy/oil_gas,ocf_ev,126,-0.038071980985806546,0.0009256770143890101,-0.038618223825012586,-0.014173956232426737,-0.12738008565633696,-0.0066342589129053465,-0.04409438104809798
energy/oil_gas,oil_beta_trend,21,-0.007214908121416003,-0.019759593740028024,0.04351637737987561,0.013021878660684843,-0.044980998831741385,0.05071404258869822,-0.03550598765602354
energy/oil_gas,oil_beta_trend,63,-0.01822123616239503,-0.05613781576876952,0.013399720882290238,-0.015381668879202568,-0.056507181962019315,0.020192407070920043,-0.059610597349641255
energy/oil_gas,oil_beta_trend,126,0.008862295042592835,-0.0849143303561092,0.030333586422324633,-0.017803953963631845,0.008432511160059396,0.039167558796452985,-0.07161333604759604
energy/oil_gas,share_issuance,21,0.034580063210651754,0.00822675730351603,0.029462956258220457,0.027829124027067942,-0.013376211018886015,0.010179187583776436,0.037781360516719695
energy/oil_gas,share_issuance,63,0.05016580502495551,0.004970060782785741,0.042933450891481005,0.036681767042597006,-0.00813900887004852,0.016684625491451475,0.04856701075764499
energy/oil_gas,share_issuance,126,0.04686935770346218,0.04217060146560102,0.06711794393335806,0.058827836564227035,-0.0072259987383381605,0.03433544944725268,0.07125771748818202
energy/oil_gas,sue_announce,21,0.019018750849771143,0.013223158361465804,0.007584717905022961,0.026142889091964057,-0.11631846088570108,0.007286543149314926,0.018385576247576852
energy/oil_gas,sue_announce,63,0.007122947147863561,0.005362330032843505,-0.002730356803220766,0.020162896584750883,-0.16237510261010124,-0.02485196533177482,0.031322519597013265
energy/oil_gas,sue_announce,126,-0.007370986825576221,0.006345933341499464,-0.022988558453658426,0.008085602031837965,-0.16230898798621782,-0.0334777844880939,0.01778671417536577
energy/power_utilities,asset_growth,21,0.0033436937111217158,0.010479642782846433,-0.004359465317728033,0.009330086405376628,-0.06003432226041391,-0.012997298242908451,0.018453928944137266
energy/power_utilities,asset_growth,63,0.03313988229579094,0.012953693522343398,0.004922461954916986,0.029660613075566583,-0.11450008565880833,0.01234079486823366,0.019638722740460846
energy/power_utilities,asset_growth,126,0.003171737233306251,0.017462510030015744,-0.019102472052703576,0.01879026086153201,-0.17501497300810226,0.011348522519254537,-0.011466914578940272
energy/power_utilities,capex_at,21,-0.042311668056802025,-0.0013617687557652544,0.021104903509408184,0.0022559392832522717,-0.07668427903000542,-0.028144977838065282,0.01790978265374146
energy/power_utilities,capex_at,63,-0.06019201469600433,-0.005033739312242473,0.014525050958214441,-0.015044093354962117,-0.008326621895164931,-0.02346414811942216,-0.00515171135066531
energy/power_utilities,capex_at,126,-0.11468315897545223,-0.006693477474201665,-0.0004957345700507257,-0.035454908459053844,-0.05605559750535879,-0.029604691834816555,-0.0455322786885773
energy/power_utilities,cop_at,21,-0.05228775543533025,0.013212393632302097,-0.041188596991153806,-0.02897954135552712,-0.002940908665070128,-0.03046628739915929,-0.022628435358732654
energy/power_utilities,cop_at,63,-0.013447835274460664,0.027346939483095092,-0.06210163073533001,-0.005892647662439071,-0.13079839972878715,-0.025895713827064886,-0.00929847647307918
energy/power_utilities,cop_at,126,-0.061751700502990475,0.0424310677880472,-0.088616706390967,-0.017898957930266923,-0.20633805845099226,-0.07229990659601748,0.001556452081976961
energy/power_utilities,dist_52w_high,21,0.06710758810712483,-0.05623083983100944,-0.044842898049588034,-0.00025038651762705614,-0.1622378778846675,-0.042655861083451804,0.011893688562047271
energy/power_utilities,dist_52w_high,63,0.09149614167565376,-0.0826995843834671,-0.05473283009896282,0.0009477923850138284,-0.22282590340067793,-0.059806943628453915,0.020324513158820647
energy/power_utilities,dist_52w_high,126,0.14226122098466862,-0.0651206756012061,-0.040229597143621336,0.029684089004689794,-0.20641490962933956,-0.042324752372807306,0.05804170678855463
energy/power_utilities,ear_3d,21,0.015059592692953214,0.018256890017274284,-0.029512029618413045,-0.0026564406606438902,0.026045628292229443,0.00820247949999964,-0.00806746754616473
energy/power_utilities,ear_3d,63,0.0004702945802214898,0.012269440749047698,-0.06490921828130738,-0.014250118562907078,-0.06606278736444306,-0.022399998169005005,-0.015435412971341324
energy/power_utilities,ear_3d,126,0.024692758767093845,0.03644261700315146,-0.0294104742944992,0.008418409524547617,0.026493426855521342,0.0076899873335808345,0.012404624941702845
energy/power_utilities,ebit_ev,21,0.05606336101692138,0.04061486060341896,0.057909479581306204,0.056298376654719734,0.006642682036409309,0.04065092776320974,0.06266948699116073
energy/power_utilities,ebit_ev,63,0.05395187314691957,0.0637159846255956,0.05365902108458919,0.07354349653423008,-0.1005726068251307,0.025894368885157882,0.08900525899441476
energy/power_utilities,ebit_ev,126,0.06985628559415967,0.09991938839192845,0.07443999997891118,0.10433618740818566,-0.13156866241399823,0.046607791210698725,0.11795886799205572
energy/power_utilities,idio_vol_60d,21,0.030439148669507175,0.025362576401478005,0.0399779645579888,0.03953015728925859,-0.03755916179660963,0.021985423315923482,0.042673589894904045
energy/power_utilities,idio_vol_60d,63,0.0011957870081439736,0.01777455496448632,0.0064347492878801356,0.02768666312839495,-0.17395216709525502,-0.03656197676138833,0.054863810501071704
energy/power_utilities,idio_vol_60d,126,-0.03223824089575423,0.0021610349985635973,0.021015676778998123,0.013515327969132313,-0.14409810273183538,-0.05138632373643815,0.04985694097585521
energy/power_utilities,max_ret_21d,21,0.016687341248744762,-0.009865003417634995,0.0159321796120154,0.0061139908100590465,0.022576232490083618,0.031156812023108195,-0.01585346657265585
energy/power_utilities,max_ret_21d,63,0.0188214460907062,0.0012936739080903815,0.04871029982430023,0.030200792361368512,-0.03611004959504085,0.009579803437273203,0.038619058415679905
energy/power_utilities,max_ret_21d,126,0.009965497112712975,0.002933133228327749,0.0490799509596502,0.02610192105758467,-0.021773271821730552,0.0003596232566484281,0.04337696155339965
energy/power_utilities,mom_12_1,21,0.12220125412345091,0.0059197747332758715,-0.017024585994164666,0.04270881299547827,-0.07356304618789476,0.00976188571154246,0.053934623728674067
energy/power_utilities,mom_12_1,63,0.2035931946687095,-0.043312470900571574,0.053611337002225284,0.07617984435858675,-0.028451890013338393,0.05620152975497859,0.07662127294966108
energy/power_utilities,mom_12_1,126,0.18625797035408015,-0.08148655234925256,0.035652919235789456,0.04698411542690718,-0.00603454695795522,0.02088759448027181,0.06362054789420053
energy/power_utilities,net_debt_ebitda,21,-0.06025958141541216,0.03337536859275989,0.003430767525122399,-0.003896831284988095,-0.022072113360900234,-0.02518560224839279,0.013996557312586855
energy/power_utilities,net_debt_ebitda,63,-0.06165795752999054,0.0350378746603003,-0.022005924849665896,0.0014657842770533544,-0.17168065319053635,-0.03775020896126604,0.008490120768491989
energy/power_utilities,net_debt_ebitda,126,-0.07537853347966868,0.08236417790193533,-0.0342205932610064,0.010946888887443466,-0.17858763124825563,-0.07715360382621386,0.06504984867965352
energy/power_utilities,ocf_ev,21,0.024573614666493913,0.049329910745242546,-0.0007081249391789108,0.02266706199598183,0.02932659479435628,-0.0009820591115901039,0.04756027164830502
energy/power_utilities,ocf_ev,63,0.012329496746421401,0.06897405569259114,-0.002985965332543236,0.0370091453709624,-0.08384283773838222,0.0029920433712522627,0.048706589967757494
energy/power_utilities,ocf_ev,126,0.011195422702130645,0.09508230061319306,-0.0300872876714655,0.04351861274466099,-0.14994037057302637,0.0014575778488821985,0.04922769808051624
energy/power_utilities,share_issuance,21,-0.026166945797899407,0.010170428345913031,-0.0014252975811245737,-0.004296413922732001,-0.011223606505733967,-0.017796615929201894,0.007909697161638628
energy/power_utilities,share_issuance,63,0.0023430114899581273,0.011991811432998862,-0.0023174876330703705,0.012685059896472816,-0.08085809649823782,-0.019708377817656147,0.027938646113053207
energy/power_utilities,share_issuance,126,0.0004410797473516272,0.03514317257013503,-0.026050036911933694,0.009747279358720756,-0.06284166836953255,-0.02703978448134744,0.03361881538430501
energy/power_utilities,sue_announce,21,0.013660674384904165,0.027343100106410723,0.002273847984851931,0.007069075546351181,0.11249999999999996,-0.02341211125651549,0.04530168310090754
energy/power_utilities,sue_announce,63,0.054635942950487,-0.01618124537781448,-0.02876399228011726,-0.011886210603394638,-0.02321428571428571,-0.023808406461001998,0.0010347644181655446
energy/power_utilities,sue_announce,126,0.10949214509510018,-0.01344811902240192,-0.039677189419640095,-0.011349406294121922,0.11785714285714283,-0.0019405575095659978,-0.01498796920452946
energy/renewables,asset_growth,21,0.05602380201748338,-0.03820036158180072,0.059459042299888645,0.018622426489946806,0.029819653100358515,0.029555408440704985,0.010970864335105907
energy/renewables,asset_growth,63,0.1075487818368647,-0.04285591026384155,0.07444939592020015,0.03772474343434445,-0.013738980857963694,0.018676961275749367,0.044258388203418216
energy/renewables,asset_growth,126,0.20214412564507533,-0.11194227851388897,0.11239236234875989,0.03168716509511154,0.04443504406799498,0.0275582460648285,0.0385772623071266
energy/renewables,capex_at,21,-0.11798834100778552,0.08814288416734138,-0.038342140105329894,0.001305244748970795,0.0509597150086884,0.00846958033203136,0.0060300076788003705
energy/renewables,capex_at,63,-0.18399961053738578,0.1181124386677307,-0.02202995599221638,0.016134285742215235,0.06307397239774623,0.059194928695596116,-0.01660964145410384
energy/renewables,capex_at,126,-0.16571910874376963,0.1657282008606694,-0.012066601990892684,0.057107632617349254,0.000618393512896426,0.03419731143373554,0.0667106985588009
energy/renewables,cop_at,21,0.060843694367831526,0.056350665901469275,-0.030551785381769836,0.016272199767414848,0.02024486890309861,0.015634950246975334,0.017756148336596812
energy/renewables,cop_at,63,0.12327051564998887,0.022138232238903408,-0.05577893666329153,0.0018381534644436748,-0.014485866561296353,-0.004217761562217831,0.0038984457138407924
energy/renewables,cop_at,126,0.10933187889005902,0.004960677409447718,-0.033070541978889846,-0.0014751497169641177,0.027993877260496354,-0.003679230742559314,0.007625671538709383
energy/renewables,dist_52w_high,21,0.05463906501273528,-0.055358191790485775,0.027172554162144695,0.023037746803437655,-0.19621874817531404,-0.04297274018854824,0.03618383204426081
energy/renewables,dist_52w_high,63,0.07177936868543669,-0.05175764078509615,0.05433347391381647,0.046041105353071314,-0.23362869758627164,-0.09764049489608521,0.11960279703689292
energy/renewables,dist_52w_high,126,0.03685497074803073,-0.10513184032372698,0.06168391200609635,0.011683482083544257,-0.1827353125456786,-0.10559505547774037,0.07954370719373913
energy/renewables,ear_3d,21,-0.07354599734630696,0.06820769119962979,0.004551665207199659,0.026311503318972942,-0.014151628253962253,-0.016023200411396207,0.057457865678267564
energy/renewables,ear_3d,63,-0.08175586023883237,0.12183698956540415,0.04879213380188543,0.07080074504939689,0.012465004735709075,0.05548296931233243,0.07254095182176933
energy/renewables,ear_3d,126,-0.001860119047619034,0.11881286648026852,0.050938276134454355,0.0835772357629873,-0.0026468612348229635,0.048965276364052394,0.09769357905519901
energy/renewables,ebit_ev,21,0.059546765011113605,-0.07366136037061993,0.044788336071638415,-0.016527076707366056,0.09420813946641426,0.009149526398665815,-0.01536082386446148
energy/renewables,ebit_ev,63,0.13921743135995363,-0.11736285854271081,0.07736332496212807,-0.003998149758258947,0.038131763256542196,-0.01635795723199061,0.01827501988135847
energy/renewables,ebit_ev,126,0.3056827355268899,-0.10541321646276373,0.0887165327000822,0.01982003731080164,0.08537441709621789,0.030729695919257317,0.025061457779912276
energy/renewables,gross_profitability,21,,,-0.036272525666767065,-0.020315816070915513,-0.2117963312211343,-0.1237463870972734,0.0861908803359418
energy/renewables,gross_profitability,63,,,-0.023277950468413775,-0.03563054425240955,0.11260058115553975,0.0874006258246124,-0.17822795727865043
energy/renewables,gross_profitability,126,,,-0.06602250054424048,-0.07001238669493944,-0.024128695961901377,0.004129421843853876,-0.15721999964876315
energy/renewables,idio_vol_60d,21,0.19171290525779694,-0.12370257651782676,0.09038389747548058,0.03519849629941054,-0.10233915616982336,-0.026349550222429404,0.06203592267884003
energy/renewables,idio_vol_60d,63,0.21467237612748447,-0.1601076808838454,0.12747737612253657,0.0494516938132637,-0.17343139080448225,-0.10937608894106349,0.15006469275813047
energy/renewables,idio_vol_60d,126,0.2741722287000925,-0.2023352230116912,0.13161702538116632,0.032129841377786315,-0.11347479097897673,-0.06562251052503362,0.09246954725664096
energy/renewables,max_ret_21d,21,0.14580032970125853,-0.1069190380501825,0.09479376956923458,0.0339678965550286,-0.07525229062906552,-0.004095982743957233,0.045299385367815505
energy/renewables,max_ret_21d,63,0.18723345797649202,-0.1617030110750288,0.11923089961476575,0.034701083457833404,-0.1329204204365025,-0.09516624701169846,0.12023900750523585
energy/renewables,max_ret_21d,126,0.2563549582512431,-0.19645895418259934,0.11049340492894713,0.018790591681737703,-0.09363761142160988,-0.04697023567467117,0.0560573388377934
energy/renewables,mom_12_1,21,-0.07255153257475239,0.03775452757563654,-0.03272226779079543,0.001803253765846363,-0.10563582486694208,-0.023137892609177892,0.0014096409741071732
energy/renewables,mom_12_1,63,-0.17130057764732687,0.02039841323863473,0.0032745520462036212,0.0019301588287398252,-0.15184931090815204,-0.05564344008121615,0.022075529039130192
energy/renewables,mom_12_1,126,-0.3089434816988997,0.006322730598187137,-0.022252746123170367,-0.04472065623447996,-0.12323951583710956,-0.14118706957079188,0.029796840165971988
energy/renewables,net_debt_ebitda,21,0.09113390329239596,0.06482605921781932,-0.04629884469183717,-0.0002874229798473432,0.12614505640417273,0.024916700672743573,0.004987419401618094
energy/renewables,net_debt_ebitda,63,0.07338757769495072,0.03592645659393147,-0.08368599993926107,-0.03295042969172954,0.1069987262849048,0.028983866744491018,-0.060503459254161285
energy/renewables,net_debt_ebitda,126,0.16251059822320063,0.04551669850283939,-0.11325868023339478,-0.03664654254712078,0.145152686883301,0.013391784659212192,-0.041893755256103477
energy/renewables,ocf_ev,21,0.10048602560498046,-0.032068641752683494,0.061824549640555795,0.034323307273889325,-0.016049681689070526,0.015004111277897815,0.04110386126527195
energy/renewables,ocf_ev,63,0.16620674891027382,-0.05262442552252255,0.07869388066511193,0.04778066077002741,-0.054215632748368964,-0.007418866770802259,0.07731078868335402
energy/renewables,ocf_ev,126,0.23565921149550081,-0.06962884222968649,0.10948479535412868,0.055948244076520895,0.011988593081077789,0.046248755497225354,0.05499894037691195
energy/renewables,share_issuance,21,-0.02153310796662536,-0.06336617441588702,0.06437916571209748,-0.001196579574067709,0.015366441856156269,0.033602747915155336,-0.02970914643189146
energy/renewables,share_issuance,63,0.008242673726450357,-0.06793702844714457,0.09350959179376761,0.016337974728466844,0.008027969653690594,0.026066420138026285,0.005262735836894793
energy/renewables,share_issuance,126,0.12770920317763648,-0.09709236706019632,0.11426005115820782,0.0191194016045096,0.1020682508168285,0.047380821731338604,0.011059531437003665
energy/renewables,sue_announce,21,,-0.0030170706770451645,-0.014571904563282357,0.00242600684326458,-0.09607571844087046,-0.04390354162623748,0.034200641973716445
energy/renewables,sue_announce,63,,0.006631408667872033,-0.00511683220067177,0.03583232380863376,-0.24273066314746597,-0.02462233865988632,0.03246137393447486
energy/renewables,sue_announce,126,,0.002977973803567971,-0.05712376781188176,0.002660929804527692,-0.2654417234721255,-0.042168379676117446,-0.021033239208351196
ai,asset_growth,21,-0.05344821890745948,-0.012231482433477596,0.006519438046664457,-0.019202925546349395,0.009584600124406768,0.00031120221205665544,-0.03226695907184461
ai,asset_growth,63,-0.041588655001501704,-0.02546132036180561,0.0090239959327539,-0.013421168703340218,-0.04996440765249461,-0.00649677703380448,-0.027092323149584017
ai,asset_growth,126,0.009676266062976729,-0.032264065865034414,0.016375006364261573,-0.004080795558249227,0.011908341038876766,0.025986053349990816,-0.030332138489849936
ai,capex_at,21,-0.0037486001165874384,0.01041617426349315,-0.03556696365863228,-0.017240577628222953,0.04278000186934939,0.0020940069897618565,-0.02373414064860084
ai,capex_at,63,-0.013555997177551782,0.01201326217761217,-0.05807522666688183,-0.02576271639791086,0.014427601348880744,-0.026444906150842024,-0.01735524877076605
ai,capex_at,126,-0.00676713421533299,0.02753371276106018,-0.08390511942922284,-0.02744098934638701,0.012062858425707382,-0.03576392933016103,-0.011696262709234967
ai,cash_runway_years,21,,0.023848315289648564,0.004666159344442945,0.019343119907835393,-0.05610225374540552,-0.019664330821169466,0.05788349912046862
ai,cash_runway_years,63,,-0.0996021276055847,0.006527635273353266,0.01737404984152391,-0.12390368197325748,-0.057452601809215145,0.10015107949247261
ai,cash_runway_years,126,,-0.2787861031364634,-0.003272904755062686,-0.02248540170450803,-0.11457001772138029,-0.08816304488423093,0.07284132885035985
ai,cop_at,21,0.018053257629468532,0.00540629677801026,0.04801341168249968,0.03160888736592267,-0.03273007612589222,0.015194302532532419,0.03474144502135045
ai,cop_at,63,0.018340100574262,0.04435208470628206,0.08312550477904743,0.05671405868428683,0.00952941000209535,0.0579850240468786,0.04650169780726477
ai,cop_at,126,0.02378234395387586,0.07915581251860547,0.11050801613885378,0.07459995121184,0.08325478813439766,0.07322182763225787,0.0776058878186078
ai,dist_52w_high,21,0.0678456504223183,-0.021086896501025066,0.06949203283031062,0.04505055518153934,-0.018201884691128437,0.03305990553081427,0.045224814965941856
ai,dist_52w_high,63,0.05033861648324714,0.012965973722954981,0.10782723945972011,0.06199482998434006,0.029863778256867125,0.03855709151911909,0.07982186729858803
ai,dist_52w_high,126,0.11726291124279783,0.015559941653737187,0.15536736780552926,0.09170845271883038,0.14003443782769381,0.10215641040077862,0.0903432292185469
ai,droe,21,0.055993769132395566,0.012345795800798571,0.02339595445220011,0.02899886691871958,0.008153218055255035,0.03177879027341565,0.02250784359661514
ai,droe,63,0.12080318866362837,0.041552110257830274,0.030595220768810473,0.06133076906932799,0.005135841308115933,0.058207099914137195,0.05305556467588932
ai,droe,126,0.14829872586274073,0.006891951844862307,0.027792658305003017,0.05176362196080191,0.020343800255035387,0.055289326396896564,0.042172952787262415
ai,ear_3d,21,0.001377369544213259,0.012070267835815211,0.02426911369229766,0.017083032134380307,-0.01961073271065775,0.007986585751831674,0.019272764404759297
ai,ear_3d,63,0.0008694143391619646,-0.0056171921556179135,0.022722769279833903,0.010636864167967611,-0.028729428585342106,-0.007695934009852977,0.021909563698974375
ai,ear_3d,126,0.02982641511757892,0.01758896962057244,0.037193908017331724,0.03487366850492872,-0.03195452685023722,0.032371957602519895,0.02412746790818244
ai,gross_profitability,21,-0.025274427933829332,0.05468913613775323,0.0029960462816015078,0.014446122118609619,0.024229376959305146,0.00158203147913646,0.027592148386010273
ai,gross_profitability,63,-0.059443821529028835,0.1106167082573946,0.008189899302171143,0.02375123767145723,0.08884904428118519,0.03571664666248125,0.02590619371862615
ai,gross_profitability,126,-0.07196642246643073,0.14870432174818934,0.004243928751085916,0.03129562764581227,0.12068202538827544,0.04518610904162124,0.03681815354510266
ai,idio_vol_60d,21,0.017585979240027142,-0.011513884051964577,0.06046759551264816,0.024811394489541873,0.01627801411348562,0.01905064726111857,0.028977993735624985
ai,idio_vol_60d,63,0.039533562583366544,0.01716015675410023,0.09104333020155186,0.049347066281992424,0.06645351612267443,0.04825778906646294,0.053728345764068555
ai,idio_vol_60d,126,0.091655661394671,0.015209646742209792,0.12182854116486712,0.0651244006744293,0.1833693238425153,0.10292174506055186,0.04912902939979059
ai,max_ret_21d,21,-0.019960090232259316,-0.015419828626497696,0.03598758969562793,0.0021376332669458225,0.005377177654398456,-0.0019472129414168356,0.006827669086151286
ai,max_ret_21d,63,0.004148034616124244,-0.02015787714232918,0.05631109106514609,0.014901752869430846,0.017768678430198442,0.02375210843807915,0.006400127900734811
ai,max_ret_21d,126,0.04947528941078509,-0.017403543328361228,0.07316786652855473,0.028047485139814234,0.10290770572996433,0.06157534450577074,0.007991351888049468
ai,mom_12_1,21,0.05861597433048599,-0.0024642740447194276,0.04349061716931908,0.03555518950433261,0.006362462968346734,0.027656669871501605,0.03800012286121021
ai,mom_12_1,63,0.025892905780630082,0.017011655176319963,0.06272979711928056,0.03456199948939605,0.054439818578481326,0.042756077900947265,0.029980671276624033
ai,mom_12_1,126,0.08627855182208756,0.02583710200271146,0.11292516796354382,0.06754710566725934,0.14800097608806947,0.10782523029580517,0.04160095142110586
ai,profitable_growth,21,0.04782338817116354,0.008797659686268004,0.0034535848174380057,0.02057977090683878,-0.017393437941330938,0.00975535267871434,0.02338957271256594
ai,profitable_growth,63,0.09194544038599373,0.020756257925322714,0.026559373552841027,0.04357703437945951,0.02499856781998959,0.0322596243176434,0.05066238782968395
ai,profitable_growth,126,0.13133497822835713,0.030454978632985272,0.020765275514892007,0.055835497058558434,0.036142649403003574,0.02813213504996905,0.07835755839065024
ai,share_issuance,21,-0.03830383934118189,0.00174884265618237,0.06703410883098448,0.015035103830286006,0.022396777606718394,0.0037827607323093347,0.027044444056938146
ai,share_issuance,63,-0.023446317705058204,0.014590588556104222,0.09149927546069413,0.03687467149940755,-0.003569421804834086,0.011921688393682742,0.05326126656592694
ai,share_issuance,126,0.005247513051597231,0.04184403610493532,0.10748332604764894,0.05688798349600658,0.04244602382030875,0.05402777633947326,0.05686044664334528
ai,sue,21,0.015116164660870443,0.012940191082214158,0.04189250822983844,0.027409147087892445,0.003181673731991505,0.01751016174055509,0.03174193337771478
ai,sue,63,0.038865308990381195,0.0318523166013733,0.05973417392863269,0.04880701585981699,0.006243314780374383,0.044318453712504334,0.044716000127792005
ai,sue,126,0.03822493512221085,0.02628884236025653,0.06602959135091703,0.04519114746175976,0.038081531480942725,0.04327225067891149,0.04557077851936411
ai,sue_announce,21,-0.03659822543852045,0.046376582906851906,0.0534596236411752,0.04365852244497719,0.05543400805420832,0.029593400279921033,0.06039989133940408
ai,sue_announce,63,-0.039223298528584326,0.0942119824127828,0.082099356948968,0.08118227762586122,0.06964535056966725,0.07387800934442687,0.08601083701229496
ai,sue_announce,126,0.0539948928658721,0.12760655782760918,0.08024451025581923,0.10417100792293452,0.06441184266806914,0.07830575302048383,0.12166865453319765
ai/ai_infrastructure,asset_growth,21,-0.012550337809273539,-0.013120871116069662,-0.031541575408715536,-0.018651080135211603,-0.034904519847474946,-0.0038615792113856763,-0.03485171804662234
ai/ai_infrastructure,asset_growth,63,0.01745257478613627,-0.04582237024267245,-0.04871221413433828,-0.014763464814202374,-0.1728014670743361,-0.05419981347944349,-0.009058990617997236
ai/ai_infrastructure,asset_growth,126,0.06086152050314589,-0.058867869232744105,-0.07352286164379623,-0.01992466422999326,-0.1469062294639061,-0.043306446559802564,-0.023236664489668817
ai/ai_infrastructure,capex_at,21,-0.01616104883621085,0.0181129608009686,-0.012363190239898,-0.01131220083925828,0.07664307276633331,-0.00029691979842899895,-0.004413131535564856
ai/ai_infrastructure,capex_at,63,-0.04598658675512587,0.028226351294797534,-0.04096781353860877,-0.026229728637296303,0.06110086016317403,-0.017018459618888544,-0.017635263256429917
ai/ai_infrastructure,capex_at,126,-0.03342984194532072,0.041483310652937935,-0.057645557271440516,-0.022256327795610303,0.04461089395718168,-0.009069615162066138,-0.021138769304463536
ai/ai_infrastructure,cash_runway_years,21,,,-0.2222236496471227,-0.2222236496471227,,,-0.2222236496471227
ai/ai_infrastructure,cash_runway_years,63,,,-0.3978520179166229,-0.3978520179166229,,,-0.3978520179166229
ai/ai_infrastructure,cop_at,21,0.03744381922590569,0.008634610688456619,0.015377167767219323,0.030559669388062222,-0.08852024765987954,0.009609155159730522,0.027652906809654012
ai/ai_infrastructure,cop_at,63,0.040665943512360754,0.029934543888211918,0.01938328488081319,0.04173597850462219,-0.0896555215419837,0.01825611972502427,0.038799491276464065
ai/ai_infrastructure,cop_at,126,0.03926349470379757,0.05222547952274844,0.018438290386272895,0.03855972047878829,0.014169887266116213,0.009160161477517782,0.06184174613959321
ai/ai_infrastructure,dist_52w_high,21,0.056413750478642284,-0.019207386030553452,0.05829564636305477,0.036902691473673914,-0.013584751556176137,0.018526064434168394,0.04584759838672391
ai/ai_infrastructure,dist_52w_high,63,0.038866590261686935,0.006350256424067593,0.0786392514828893,0.040985242346268644,0.058200432647297386,0.004316897222777144,0.0817658900019452
ai/ai_infrastructure,dist_52w_high,126,0.11151177139262869,-0.013941858037215895,0.10573704955958975,0.05110027352872255,0.2159126194486789,0.07003659573653392,0.06371568596477122
ai/ai_infrastructure,droe,21,0.08147562601753586,0.015107559483936812,0.04016760897327776,0.04694356029153421,-0.019395873353243654,0.042013557456750616,0.03834401829517919
ai/ai_infrastructure,droe,63,0.1416387218291384,0.05031792227910876,0.049715564592099665,0.07219232977288116,0.054788751094489246,0.06947997552082237,0.0711686878890678
ai/ai_infrastructure,droe,126,0.16543491757597162,0.003306163898479282,0.05062590950938699,0.053537153583612426,0.10242255040365587,0.07264820257568998,0.046050551445574406
ai/ai_infrastructure,ear_3d,21,-0.017191467821859,-0.01448519121568037,0.017929680612414206,-0.0032000502665839505,0.00166539955462364,0.006428246765655763,-0.011888430856090378
ai/ai_infrastructure,ear_3d,63,-0.024313671130268014,-0.005849850282609408,0.0341961253914832,-0.0028533997226836,0.06764430349379241,0.002866989970471084,0.005228770761996405
ai/ai_infrastructure,ear_3d,126,-0.004832333707360703,0.018913639095690486,0.03255700241007333,0.011938619415410232,0.06281871435549748,0.0323448613269229,0.0011007452211231016
ai/ai_infrastructure,gross_profitability,21,-0.013917127585905903,0.047493440852198976,0.025912531412682183,0.026760233094239808,0.012797946466388703,0.015456134157730205,0.03390681523793246
ai/ai_infrastructure,gross_profitability,63,-0.04818420122401283,0.10388792412911842,0.05120421670932062,0.041622556518407544,0.11368579818065468,0.06767175257876251,0.0327441589615984
ai/ai_infrastructure,gross_profitability,126,-0.09677262011053457,0.1224277914563555,0.08602015684347139,0.04706332790971907,0.1612921429047608,0.0753664115541325,0.044884515639655224
ai/ai_infrastructure,idio_vol_60d,21,0.020303065349424144,-0.02073733581941064,0.035728693426753055,0.011051722320780149,0.026949549987926445,0.0036062190647541486,0.021467149426712604
ai/ai_infrastructure,idio_vol_60d,63,0.04323204017501902,-0.020368400714712024,0.04444105323526999,0.01936632001743995,0.05228385160314197,0.003254267521187209,0.04212805950188864
ai/ai_infrastructure,idio_vol_60d,126,0.10320082748515151,-0.025679631003836703,0.038716549490290145,0.02389821371861296,0.15573501452224625,0.055780332775603174,0.016677925195999695
ai/ai_infrastructure,max_ret_21d,21,-0.01410159434512568,-0.013835197993815275,0.009283382536406284,-0.0019084399059428989,-0.037966786900558644,-0.017721181967514977,0.007168127442349305
ai/ai_infrastructure,max_ret_21d,63,0.007057338402546254,-0.04068346599202612,0.01765622626119639,-0.004516779079224209,-0.009315633095974224,-0.012884735167426253,0.0031225859291087814
ai/ai_infrastructure,max_ret_21d,126,0.05788940377728378,-0.04225455785354497,0.008437295321205518,0.0003601530099418521,0.06262820331799279,0.024857297230847536,-0.01281440014689316
ai/ai_infrastructure,mom_12_1,21,0.047354976440390384,-0.011667224577056799,0.042495110848209186,0.030089035128106966,-0.013832585094943298,0.02396523840766124,0.02794039953523074
ai/ai_infrastructure,mom_12_1,63,-0.007486543490395407,0.0031624158694902563,0.061325058195868414,0.014563466019424402,0.0871253231152365,0.027159117062702767,0.01568642081418568
ai/ai_infrastructure,mom_12_1,126,0.05405605978919158,-0.0023834412518512066,0.13606356250120022,0.04804508385672152,0.21498828223958674,0.10709329670015257,0.020260525574461133
ai/ai_infrastructure,profitable_growth,21,0.010627305438736431,0.009460099208538231,-0.013425365255245965,0.008120848827930922,-0.06699738061647804,-0.009202355514784044,0.00952273384131936
ai/ai_infrastructure,profitable_growth,63,0.0550351251609967,0.02339839061531459,-0.006892361822944413,0.029026015532721917,-0.06449626014390168,0.008927331516166965,0.029459137337703164
ai/ai_infrastructure,profitable_growth,126,0.0811642542169563,0.021142930213459216,-0.01358440791898158,0.03413515540063112,-0.06960688879136488,-0.010044860057263802,0.054725695928162094
ai/ai_infrastructure,share_issuance,21,-0.02516627863248066,-0.0029008454267069592,0.04354883670392281,0.01433753733900284,-0.027256279127487626,-0.004576052562761378,0.023293007474678402
ai/ai_infrastructure,share_issuance,63,-0.005297921242142569,0.010608068219922417,0.05109022153586622,0.03472211436936258,-0.0857125439636013,-0.014434605780813483,0.056144255509745514
ai/ai_infrastructure,share_issuance,126,0.01682284722066727,0.04346714499204342,0.03683399717909773,0.04279769613359485,-0.041113466041073514,0.013384555609064909,0.053229653627414636
ai/ai_infrastructure,sue,21,0.03277218662914026,0.030201027722164563,0.06576678916823916,0.05015383829885695,0.00026350336109600596,0.03496243730531362,0.05406478257161235
ai/ai_infrastructure,sue,63,0.05211512825766066,0.06474211056372155,0.07269822012451968,0.06461732126953466,0.06627830765738123,0.05241078967224117,0.07589632996021166
ai/ai_infrastructure,sue,126,0.05058469980210437,0.05387434014167436,0.06451797351824666,0.049671671813226265,0.12172527502894222,0.05454433058015514,0.05949543775330441
ai/ai_infrastructure,sue_announce,21,0.020798319327731078,0.058508506672337195,0.06941664999103352,0.058832242944917935,0.09267014597640358,0.06533271486712666,0.05963224243706218
ai/ai_infrastructure,sue_announce,63,0.0853991596638655,0.16252760538128994,0.08282062780974583,0.11338265309781441,0.15038106352459563,0.12282416579895115,0.11183877278170228
ai/ai_infrastructure,sue_announce,126,0.1442226890756302,0.19434637946228217,0.08105073219607914,0.13932674386914,0.0953315219733488,0.11256591951950284,0.15760607139973506
ai/ai_software,asset_growth,21,,-0.02457018090982597,0.009814723124537168,0.0012837491375416528,-0.03114846306095904,-0.006372723477851466,0.0017326693848321631
ai/ai_software,asset_growth,63,,-0.014801022316242607,0.013710559251181711,0.011222506053292464,-0.05140103849818705,0.010898596345972917,-0.008246748989137109
ai/ai_software,asset_growth,126,,0.016928142322629635,0.017828546977389885,0.018142028380793096,0.013263116185011647,0.050429305220973795,-0.03037770157139649
ai/ai_software,capex_at,21,,-0.02657694271491869,-0.015783322637560517,-0.025663798874951137,0.019718103306753196,0.008245832921005723,-0.05755620193593949
ai/ai_software,capex_at,63,,-0.0805760104133914,-0.008123575295022507,-0.04211402671043059,0.008235290810890977,-0.01802984525021451,-0.060030590465769126
ai/ai_software,capex_at,126,,-0.09083597667433249,-0.003431927405912487,-0.042693119266548216,-0.00356877705878545,-0.03403781968132534,-0.04222246411868909
ai/ai_software,cash_runway_years,21,,,0.11208389707250008,0.39583895644921857,-0.02979363261585915,-0.003170119536449891,0.4290324427471126
ai/ai_software,cash_runway_years,63,,,0.20119678328201887,0.5479308084979678,0.027829770674044407,0.045067682541219,0.6305518103192186
ai/ai_software,cash_runway_years,126,,,0.24050057718865517,0.5030007773311449,0.13550049713165924,0.14944730014541388,0.574362593013873
ai/ai_software,cop_at,21,,-0.018373349746053754,0.07112494484540377,0.04615856692062628,-0.01695307363525455,0.020711143988530068,0.06124937679035745
ai/ai_software,cop_at,63,,0.03271481444824373,0.1259159039582947,0.0985950731174521,0.03916396516940055,0.07065338603492416,0.11905755238663408
ai/ai_software,cop_at,126,,0.05001890790640595,0.17940007082726953,0.1289515263401335,0.1304482095787384,0.12279230894243988,0.1383959507829854
ai/ai_software,dist_52w_high,21,,-0.004474688281694334,0.056433379838281596,0.043601782718214306,-0.031434662698340686,0.003503531460004876,0.07481007276554508
ai/ai_software,dist_52w_high,63,,0.006232526780385145,0.09183887096610666,0.07044258893803237,-0.012146544808609548,0.02215254235951945,0.11220929383382362
ai/ai_software,dist_52w_high,126,,0.05888322506904907,0.14820262178097468,0.11593728280842924,0.09811971464379744,0.07460624086109272,0.17002651148658834
ai/ai_software,droe,21,,-0.004992420410927658,0.02688791066967398,0.011597710855709015,0.03846402061886265,0.026934192370822778,-0.0008964960410932296
ai/ai_software,droe,63,,0.041535974938506325,0.037467698100492774,0.04422690028783845,0.0046737318351170315,0.04750320077801098,0.027025195998547625
ai/ai_software,droe,126,,0.019702771067284006,0.03649381775529778,0.03258072299365613,0.013395501059980327,0.03321335628239424,0.025266824477358858
ai/ai_software,ear_3d,21,,0.0027348683201152643,0.036333716877674865,0.022075604178224937,0.046073038361830014,0.012235098779294658,0.04432529865923989
ai/ai_software,ear_3d,63,,-0.022235776322896427,0.024578779643972745,0.012831394640624163,-0.019242174785429205,0.005905851808225315,0.012972464133896881
ai/ai_software,ear_3d,126,,-0.031737637424486376,0.047836559456083096,0.031676766606928315,-0.05586344782163691,0.01913370098231915,0.021259500388149978
ai/ai_software,gross_profitability,21,,0.020682329910289867,0.031037534741575046,0.030236289078783448,0.008195878840717251,0.030754674816987355,0.022492978644656866
ai/ai_software,gross_profitability,63,,0.07422891781488124,0.05178167610274209,0.052909955536551825,0.10545667867548578,0.07697526539574283,0.034900548695485915
ai/ai_software,gross_profitability,126,,0.1577936527778856,0.06535852106430706,0.09024129913425075,0.16162518628079875,0.1079379908488351,0.08823820477080142
ai/ai_software,idio_vol_60d,21,,0.03610548376825819,0.058699508081082805,0.057133352443851995,0.004660769322990753,0.027521909162406055,0.081074511569017
ai/ai_software,idio_vol_60d,63,,0.06647281847577366,0.10335225254625653,0.09691915775003931,0.040257063862875545,0.05708438059429844,0.1350211320508494
ai/ai_software,idio_vol_60d,126,,0.07942229602473656,0.15255642867234318,0.11429355145221817,0.18684434057854757,0.10762566007276592,0.14816146625972293
ai/ai_software,max_ret_21d,21,,0.023480241115637405,0.038911020135853416,0.0363586626725245,0.011960337331873211,0.023174644535318256,0.046702848971169504
ai/ai_software,max_ret_21d,63,,0.0726744302718779,0.06935474366881907,0.07711706226281027,0.02783004034561633,0.05314873310161055,0.09520838274357545
ai/ai_software,max_ret_21d,126,,0.0682808536467161,0.11028608969769761,0.08893933403095267,0.12597550486205758,0.07901379510402774,0.11570038798756907
ai/ai_software,mom_12_1,21,,0.014882539347930625,0.028540622020747634,0.018725117610830063,0.05542162970785995,0.017116172402379972,0.032062199616967525
ai/ai_software,mom_12_1,63,,0.02947672784854578,0.04270660474789645,0.03578610398213873,0.050384532924730975,0.03303228013858381,0.04431144678888185
ai/ai_software,mom_12_1,126,,0.04617505684209873,0.08568570658952789,0.059180607262372356,0.1412948387480762,0.04554758697339288,0.10635235674874381
ai/ai_software,profitable_growth,21,,0.010623706441432975,0.020259694410774777,0.027601578624763194,-0.05535450292531467,0.006122922848566828,0.03138583454527617
ai/ai_software,profitable_growth,63,,-0.0021913076229165495,0.060405495425447,0.04597121770182761,-0.020148507862896913,0.007372389675240741,0.08009798932374022
ai/ai_software,profitable_growth,126,,9.62911029501987e-05,0.0755391573581567,0.04861522304304169,0.034613045627947245,0.00440982797088738,0.10960299415499511
ai/ai_software,share_issuance,21,,-0.018990476982521026,0.08555132691897283,0.047205000276580374,0.044328651799339695,0.03513057960495896,0.0626038090365621
ai/ai_software,share_issuance,63,,-0.02658289465721303,0.11885505288983896,0.0665365785391701,0.04712517705979998,0.029986865981420047,0.11186209121801834
ai/ai_software,share_issuance,126,,0.017145165888562974,0.1638361083535812,0.10512113243095032,0.1179786196759682,0.11001639777278087,0.10229717137329761
ai/ai_software,sue,21,,-0.0039128858402487695,0.0451507687894579,0.026467427229308768,0.030414191751297285,0.00424445706703593,0.05762131534602083
ai/ai_software,sue,63,,-0.003464558575056642,0.0679740087436169,0.047421379598265416,-0.001076049211711941,0.030737012387083415,0.0555001696835745
ai/ai_software,sue,126,,-0.0161770739803361,0.08381230901862026,0.04771993882256779,0.02757271098222123,0.04093776405978623,0.050854497650301686
ai/ai_software,sue_announce,21,,-0.0011390593404424112,0.0633718489136138,0.03572329601888083,0.12174558131699821,0.038144675616007,0.06134244362283349
ai/ai_software,sue_announce,63,,0.044670646841605446,0.10102925540735992,0.09420524851376726,0.036795966556883344,0.06587451294159516,0.1214055457428288
ai/ai_software,sue_announce,126,,0.057701205713747865,0.09490976768145788,0.09560919586167563,0.019280216798670882,0.07892430925439138,0.09566471246311359
semiconductors,asset_growth,21,-0.007854475646956313,0.00592605472767681,0.013432554838858567,0.0037378664517685976,0.014098806195544532,0.01612409599606765,-0.006576690508041561
semiconductors,asset_growth,63,-0.02129833876171416,-0.002038850986736972,-0.0059806762055484705,-0.01498553927311867,0.04598763053552685,-0.002753379876488442,-0.01570857813772256
semiconductors,asset_growth,126,0.0053535003372894635,-0.01670970366384938,-0.006559870201760612,-0.007621748049983956,0.004690553840112288,-0.024213234639966243,0.011757004118292598
semiconductors,capex_at,21,0.037422330178515116,0.007438042991284217,-0.0015083240165421567,0.011702182488909226,0.02550954501894001,0.03145201147304621,-0.005468249099507721
semiconductors,capex_at,63,0.06413699838494616,0.022280351272709123,-0.005517101354558251,0.016733345724921824,0.1005032321521493,0.044405244222794814,0.004440596353645716
semiconductors,capex_at,126,0.05305591080747715,0.028071032210123182,-0.0033656364354669416,0.013617111228112513,0.12697107201639635,0.05427974974620582,-0.006298062717031997
semiconductors,cash_runway_years,21,,,0.16060025108529338,0.16060025108529338,,0.05898125679575892,0.18600499965767703
semiconductors,cash_runway_years,63,,,-0.16792396511775928,-0.16792396511775928,,-0.3413763650906046,-0.08119776513133661
semiconductors,cop_at,21,0.01655513394750989,0.022766910211330264,0.014184706773152053,0.021774684943043132,-0.02166300642249579,0.0005697891176422296,0.03486484721664008
semiconductors,cop_at,63,0.03153818410572145,0.011647414647605442,0.005851760669063027,0.01748940474110223,-0.0036852910633070057,-0.00980170219345769,0.04134919016098983
semiconductors,cop_at,126,0.03217661811118453,0.017240039730848884,-0.001513444972866596,0.013930648348455744,0.0263346466359637,-0.003813952864454775,0.03471090214212909
semiconductors,dist_52w_high,21,0.01446792093177134,-0.012160820959700688,0.050709576310924896,0.021998210965556347,-0.007637361614134954,-0.003842421546764405,0.04230252772123147
semiconductors,dist_52w_high,63,0.040788885454633335,0.0006739374275864384,0.06492321867884601,0.04274427010115138,-0.025843972557555987,-0.014951829302007724,0.08863578606170702
semiconductors,dist_52w_high,126,0.02122333122981276,0.00671966570340327,0.05831799101818349,0.03537062002805243,-0.025648584807573194,-0.025067351490946264,0.08596936663154954
semiconductors,droe,21,0.002121403585827872,0.0025645603354159884,0.012224283770809549,0.007318603135015405,-0.006040682797272993,-0.006720138870683798,0.01870738247198272
semiconductors,droe,63,-0.024383585406615567,-0.005941590050129329,0.007435756487608319,-0.00479651411398004,-0.02241354205361584,-0.024452238671808117,0.01171501100097186
semiconductors,droe,126,0.010951561184726075,-0.01431333817076205,0.0012770456910408685,-0.0006526003262942251,-0.005538248061110852,-0.00739398723030276,0.005289094190543442
semiconductors,ear_3d,21,-0.02558388767375838,0.013399262861810158,0.010755857862640522,0.002846281332564517,-0.01857719105223136,-0.010103582533362127,0.011793958049683138
semiconductors,ear_3d,63,-0.015956869375057487,0.04859004052712319,0.009343442872466363,0.016420096528726225,-0.0003574717191357997,-0.022229369038030612,0.052733385364245544
semiconductors,ear_3d,126,-0.020123784590570466,0.06350849343502828,-0.011370565048262744,0.016349257634830423,-0.035788328317795826,-0.022294326045904547,0.046137574532204
semiconductors,gross_profitability,21,0.006540670315374438,0.015680076286515285,0.013092568427805876,0.01252673616048505,0.00690493887246488,0.017180230235126596,0.0068230162188507235
semiconductors,gross_profitability,63,0.0025540901801909956,0.02011125339921066,0.007766137666914818,0.011105778831897268,0.0027599535352985827,0.008322648552625963,0.012357304959667059
semiconductors,gross_profitability,126,-0.00538597202965239,0.03443510636208249,-0.016882554588632245,0.0013352205776226479,0.02929574474236857,0.011196493071925403,-0.003402545096935596
semiconductors,idio_vol_60d,21,0.032951054105318414,0.008736522165951329,0.059365839124089936,0.038361992999210844,0.0006292039536823779,0.019580827541484977,0.05009417588799183
semiconductors,idio_vol_60d,63,0.07959828585591576,0.019589505576553316,0.0786052607850555,0.0624766241675248,0.028113837842339392,0.019227161549602908,0.10013430653497132
semiconductors,idio_vol_60d,126,0.1060234132487466,0.012687976837556906,0.08763047223234711,0.07001366547661156,0.04735742353327927,0.03614917152441971,0.10061881884052672
semiconductors,max_ret_21d,21,0.054733228746448384,0.00981087807708503,0.04238990196620337,0.04291926572214804,-0.03852461608936958,0.01596709257944559,0.05465664775720433
semiconductors,max_ret_21d,63,0.06987048522072409,0.012968395763689699,0.04942965906408134,0.0494847524617325,-0.014855717958385159,0.016584689258503815,0.07083439015107869
semiconductors,max_ret_21d,126,0.045732240892378116,0.00010838318647676676,0.037985184588192326,0.031431828051236885,-0.00941069763322124,0.009387717462815822,0.046255356974479495
semiconductors,mom_12_1,21,0.033796421648889824,0.012718420839181949,0.0013120276992266782,0.01654832882954217,-0.0031261384668280047,-0.004520288400413969,0.03394149612501158
semiconductors,mom_12_1,63,0.019606278449414153,-0.013447804746159604,0.017242825505862966,0.01377184019299238,-0.05028898332776552,-0.016660157121374603,0.032651365538548686
semiconductors,mom_12_1,126,0.005301535330089023,-0.02709958648608288,0.002705707188785954,-0.004233859785257042,-0.02893030369444259,-0.032760211338750594,0.020450417149895414
semiconductors,profitable_growth,21,0.016612590364037203,0.007177407675174287,0.012786283806632538,0.012305349242487731,0.009812294941706079,0.009102837151067269,0.015042125915080848
semiconductors,profitable_growth,63,0.033198104123934334,-0.004201110372506599,0.03145233055849928,0.020334185549838416,0.01776544544584408,0.02359856918533068,0.016505786756605814
semiconductors,profitable_growth,126,0.015682051346998332,0.002816914074674524,0.030520693797568436,0.01250120858518682,0.05520329134325296,0.027097899525234247,0.005745268611426552
semiconductors,share_issuance,21,0.010307061767407213,0.009090676448613009,0.020685607236643082,0.0114283599730127,0.03671088924158881,0.001292459892484088,0.02617598639953324
semiconductors,share_issuance,63,0.030302930742481093,0.00548317505280318,0.011783665732007849,0.010770212257164099,0.0569407873630366,-0.01290765247853743,0.043533219032590734
semiconductors,share_issuance,126,0.05139023633289834,-0.007796356430659002,-0.01441328261017752,0.0039453643535363805,0.042385376655917885,-0.01656221908909661,0.032435653267729736
semiconductors,sue,21,0.009807929428126473,-0.002327780360029936,-0.003933810157395549,0.004280746261548621,-0.03564526994162929,-0.023881381940300716,0.02374627239459113
semiconductors,sue,63,0.016304303826286382,-0.008103734106273849,-0.017589605805941877,0.0029323549124545185,-0.07636278054909088,-0.017297290620904713,0.007561139840049819
semiconductors,sue,126,0.03029725071218528,-0.007217337433906316,-0.04348906934863403,-0.005860141098942571,-0.04375335693847159,-0.019924139873781724,0.0006377810316801181
semiconductors,sue_announce,21,-0.002626945916105542,-0.012293315660767011,0.02612010428543425,0.006140942163441453,-0.006855434392590028,-0.008356444565341929,0.018210434370768407
semiconductors,sue_announce,63,-0.01572089265517253,0.008188742676044865,0.019372567283025707,0.011064260512780932,-0.05191109798354231,0.005035987743328656,0.005198999024945672
semiconductors,sue_announce,126,-0.014539754382344608,0.028704882709693614,-0.013157043010453704,0.013432385910090317,-0.12005466054929563,-0.02907876969809409,0.03132576769086083
semiconductors/semis_all,asset_growth,21,-0.019581000201728344,-0.00736352184261127,0.01686527196742304,-0.006048442258798945,0.03877521782232443,0.02377045100893489,-0.027166004596347826
semiconductors/semis_all,asset_growth,63,-0.033516339077583966,-0.013663862736430226,0.0016816372772125113,-0.024522924475983802,0.0875002405945669,0.00930166591921213,-0.03732988323293068
semiconductors/semis_all,asset_growth,126,-0.005645920427394242,-0.02934730308366499,0.0079761213944794,-0.014717805950539868,0.04603263684213221,-0.012227480526534848,-0.005394604056988395
semiconductors/semis_all,capex_at,21,0.034507026539359144,-0.004844515517604213,-0.008003100216011678,0.006187847040345342,0.00044134857196269605,0.01958576909334832,-0.008283596704553293
semiconductors/semis_all,capex_at,63,0.04999426438315294,-0.0022981966827180203,-0.005844577732985469,0.007135780954941645,0.05958376762909697,0.026116892266942075,-0.002253717426310023
semiconductors/semis_all,capex_at,126,0.0294567291944806,-0.0028274608051120616,-0.010179524817103575,-0.0010708089619682394,0.055943241096036544,0.029225134958626282,-0.021270764155846684
semiconductors/semis_all,cash_runway_years,21,,,0.07372189036061713,0.07372189036061713,,,0.07372189036061713
semiconductors/semis_all,cash_runway_years,63,,,-0.14061621007011707,-0.14061621007011707,,,-0.14061621007011707
semiconductors/semis_all,cop_at,21,0.034697470142631484,0.01573356773752749,0.016319543624929562,0.0268418804328659,-0.02950022664552432,0.0023970939844064213,0.040761218306241485
semiconductors/semis_all,cop_at,63,0.06674458935576112,0.00414664734480788,0.02014404776469356,0.032592973612765044,-0.007655345912432657,0.005006595690544073,0.05311138888235771
semiconductors/semis_all,cop_at,126,0.05048459187263689,0.00012140156614404522,0.019736006237465673,0.0231065508204983,0.01645719510421441,0.003569514752312794,0.04201797839474967
semiconductors/semis_all,dist_52w_high,21,0.02132869225801613,-0.0050533477426494685,0.046844865093195985,0.025633112564037348,-0.011497895844407788,-0.003725848862264256,0.048055511979970086
semiconductors/semis_all,dist_52w_high,63,0.055177888022306026,0.03031685655658982,0.06062263023636331,0.0584351625377128,-0.04266003243807604,-0.009760483315497602,0.10885297667314804
semiconductors/semis_all,dist_52w_high,126,0.003226240848474714,0.02611103053829248,0.03786153218789837,0.03170348694072744,-0.05567073791550656,-0.04258467005179857,0.09148018012200748
semiconductors/semis_all,droe,21,0.00772314449113707,6.0296777525053795e-05,0.011419095634042288,0.010172771964684533,-0.02817009614186004,-0.010075240782534576,0.023035325694777523
semiconductors/semis_all,droe,63,-0.01892359211833746,-0.013084491673206522,5.3186830714329494e-05,-0.003211681632526165,-0.07436571337458193,-0.0401643629817595,0.020564978837317113
semiconductors/semis_all,droe,126,-0.019811604075433583,-0.016111583447799463,-0.01247568949501968,-0.010613226997020282,-0.06559855108976252,-0.032012981445863946,0.0005342170991919857
semiconductors/semis_all,ear_3d,21,-0.007462998997118604,0.02492050720847846,-0.0038285707894112767,0.007300867321810204,-0.02192690794790279,-0.009365112489161158,0.018506713291186822
semiconductors/semis_all,ear_3d,63,0.011252379755745775,0.058571228733184134,-0.014196932833123845,0.021269783885382063,-0.016592359382478217,-0.019015960313580122,0.05522873092529144
semiconductors/semis_all,ear_3d,126,-0.010096421275348108,0.07725436722790383,-0.03541168129446905,0.018042850580599307,-0.06045510174364752,-0.0327123095229655,0.055209508279549145
semiconductors/semis_all,gross_profitability,21,0.010894943831825472,0.006580301026718826,0.01818702979542628,0.014929511224578721,-0.014323899849693929,0.01642970412785138,0.007964395373365013
semiconductors/semis_all,gross_profitability,63,-0.0018777191158087406,0.0019433598037236059,0.019475484539935996,0.010710957526822806,-0.026194078898035163,0.0004807992992098782,0.014121730330083373
semiconductors/semis_all,gross_profitability,126,-0.02753941070933936,0.007600041581364971,0.005140147402305262,-0.0010405447882764081,-0.031812307703115904,-0.006539907533673658,-0.0013644220580065031
semiconductors/semis_all,idio_vol_60d,21,0.023563007139217506,0.002411219732568354,0.06391033197776544,0.03463348199310015,0.002850212652845342,0.01363809353291718,0.04969133662048827
semiconductors/semis_all,idio_vol_60d,63,0.06366558081878698,0.019227997669449423,0.09147644117324907,0.06093564440228798,0.04097390024958586,0.016778996616899414,0.10227165898514666
semiconductors/semis_all,idio_vol_60d,126,0.08630519203753201,0.006923239158308375,0.1073207618958571,0.06635109238997862,0.07181811391574423,0.036147533363911015,0.09866442202542801
semiconductors/semis_all,max_ret_21d,21,0.056042351179037365,0.002943864823846091,0.04864982795786751,0.04157449231940958,-0.02051082814522392,0.017640785394729967,0.053909842673773044
semiconductors/semis_all,max_ret_21d,63,0.06164325302225509,0.005261796120695226,0.05865498952001483,0.04423388439904705,0.01797350480704678,0.018937923388250306,0.06508226640936729
semiconductors/semis_all,max_ret_21d,126,0.032999037646876256,-0.007040112606809401,0.05541590595822669,0.0273045595877525,0.02835375399121379,0.019105707661025755,0.03599114554481282
semiconductors/semis_all,mom_12_1,21,0.0381424664895344,0.011211766705937105,-0.007058931064771192,0.016717720375269623,-0.029766587148990897,-0.011256974839402875,0.03600853396453082
semiconductors/semis_all,mom_12_1,63,0.009665934395777655,-0.020073483614347316,-0.0017470361830147808,0.005647606272352043,-0.10107722176242379,-0.03813975780662429,0.030033314750954925
semiconductors/semis_all,mom_12_1,126,-0.025083870236681603,-0.02977995062498851,-0.015962517547557415,-0.015343709861520088,-0.09952770929017767,-0.06657177020345922,0.021201088305001108
semiconductors/semis_all,profitable_growth,21,0.02270581357229069,-0.004047376807961361,0.014991090232097482,0.01203245721002535,0.001018236503203625,0.004650581496223201,0.017356731253322343
semiconductors/semis_all,profitable_growth,63,0.04873298243211743,-0.03255191924884181,0.03966503808412476,0.020964207253434185,-0.007106316020806141,0.022034103290342107,0.014508483264437488
semiconductors/semis_all,profitable_growth,126,0.02578718607676456,-0.03740008877300257,0.038778743151295134,0.009040703793051106,0.008532407847561676,0.019148549543778308,-0.001515010559118648
semiconductors/semis_all,share_issuance,21,0.010224174789252631,0.0024498809475820863,0.008832643128828015,0.006183904368878824,0.01619609040879369,-0.005460490683659303,0.019570747417307216
semiconductors/semis_all,share_issuance,63,0.03334524540585068,-0.010880515495998026,0.00216482608355709,0.0034526270158373525,0.04106000127643068,-0.02330841430800857,0.03769778523579489
semiconductors/semis_all,share_issuance,126,0.04769983847888287,-0.030111080202978317,-0.026402580898642187,-0.009912037383568781,0.03729870438676887,-0.030005042515573024,0.019867963384754404
semiconductors/semis_all,sue,21,0.020312564412585363,-0.0003691237879466393,-0.006242672187930304,0.01067115877460738,-0.0675927928316811,-0.021381107934853986,0.02669379642753304
semiconductors/semis_all,sue,63,0.026351358934185384,-0.011785433736016248,-0.022567518657771436,0.009023841892083271,-0.13610618645328584,-0.027916259526166762,0.017412362583279637
semiconductors/semis_all,sue,126,0.010033812939066413,0.0025605339896926566,-0.047431607188570105,-0.002977747680130848,-0.10990234873203679,-0.028601288295083585,0.0014579566302546148
semiconductors/semis_all,sue_announce,21,0.012273538267010733,-0.028131270740894537,0.03387703403023935,0.010707511158571669,-0.02881013130891652,-0.00528939016104036,0.01914620562909676
semiconductors/semis_all,sue_announce,63,0.019273343561114705,0.016823857043896207,0.026202103197049843,0.03102553734137612,-0.0744635062896936,0.0008911008518338753,0.0413489704012707
semiconductors/semis_all,sue_announce,126,0.020468777661298402,0.04224207918374494,0.009111856590909465,0.040680654495400294,-0.13381218426281405,-0.018594121085708067,0.06722176676929684
cyber_cloud,asset_growth,21,-0.018934153588053778,-0.033428721535973156,0.0038226358318621013,-0.010633286926670484,-0.059143243516744506,-0.021254969937322662,-0.009190625290105241
cyber_cloud,asset_growth,63,-0.014183004704688223,-0.07196402150136633,0.01578341762490195,-0.017548811075781396,-0.06970162246531417,-0.025703564959138916,-0.019264203706341847
cyber_cloud,asset_growth,126,0.010349719247923496,-0.07400218618893885,0.02741375365230687,-0.012748288890000193,-0.008091272799471905,0.007875802579115111,-0.03293650575450917
cyber_cloud,capex_at,21,-0.004789338513060444,-0.03292203610183671,-0.02966316756202508,-0.02655459837019669,0.0012729759860942618,-0.012747087549663055,-0.034404896903262046
cyber_cloud,capex_at,63,-0.012337078503741515,-0.0438043524722264,-0.047290309821649106,-0.03764015473485795,-0.023929058537541372,-0.035805145602804886,-0.03679433619555662
cyber_cloud,capex_at,126,0.025303828670993955,-0.0587333251274476,-0.052205815364102306,-0.03329967980351017,-0.024213405950736643,-0.024281970548726554,-0.04033460659844645
cyber_cloud,cash_runway_years,21,,0.035499174026299415,0.027781897282511184,0.011533336652660514,0.08488796231116708,0.014412425633455439,0.08861834931584767
cyber_cloud,cash_runway_years,63,,0.007723520063453273,0.09292633269404496,0.04859628285174752,0.1336134352044629,0.04560814876009027,0.16197177522330347
cyber_cloud,cash_runway_years,126,,-0.07391887768189502,0.18048147501717424,0.07920478143873048,0.20871117366184724,0.1044952187196138,0.13850879043911388
cyber_cloud,cop_at,21,0.0012470464151931589,-0.018230744047576755,0.06420028881721053,0.01963059340549276,0.006967714012949246,0.027650174175235732,0.009333547043403669
cyber_cloud,cop_at,63,-0.017616528278699736,-0.023176856039988716,0.11822030076417789,0.03132227300353271,0.02376730957017851,0.04497124531109679,0.016076858553557536
cyber_cloud,cop_at,126,-0.018981678797820596,-0.025031891762235976,0.1637753554640825,0.04250126938906945,0.06189429878567667,0.07912168780186521,0.008828444802902827
cyber_cloud,dist_52w_high,21,0.02360346867655623,-0.03352270237587562,0.04996066657444436,0.016143899860944007,-0.0006266207545680642,-0.0045264227531331335,0.033454121671968595
cyber_cloud,dist_52w_high,63,-0.012178783510819437,-0.018482995858973117,0.07386823125051467,0.021266487751375924,-0.019077825341220503,-0.0038308586736654758,0.03893960972530386
cyber_cloud,dist_52w_high,126,0.04466381736996092,-0.028897242630308965,0.12593325212489936,0.05017936562011033,0.03462491253297112,0.04106525797287144,0.05646361709278727
cyber_cloud,droe,21,-0.03016990697385661,0.002134954597444353,-0.008164332013620604,-0.013659521504824225,0.012592891535131287,-0.009854929788690956,-0.012518007579250048
cyber_cloud,droe,63,-0.015007594057360192,0.024333755420908834,-0.016797425789222102,-0.0002085216330341965,-0.024130985724863448,-0.00186011488067127,-0.0031078305911663405
cyber_cloud,droe,126,-0.0027564948893300982,0.022145395757546392,-0.0065250395914496365,0.004659716279467609,0.0018033608012712533,0.004528882040235659,0.004235419775586068
cyber_cloud,ear_3d,21,0.016655580224853812,-0.013775615549196993,0.010149437808795141,0.009370843720047841,-0.04649692824260842,-0.02065541074209741,0.0286303028214535
cyber_cloud,ear_3d,63,-0.0028797144746257482,0.014707561629637536,0.007167618600588842,0.012988133034738045,-0.05301093490385958,-0.026613817238653262,0.04042848550270499
cyber_cloud,ear_3d,126,0.019985361884289378,0.0016308018495104419,0.008782851339406313,0.01897640439454186,-0.07687390432421141,-0.011998202343664558,0.03193370038858284
cyber_cloud,gross_profitability,21,-0.010492539581597835,0.018741318919629213,0.04442703280346181,0.022751466028100863,-0.0005206845988986574,0.02458485835309918,0.016671264922509137
cyber_cloud,gross_profitability,63,-0.058984366038986165,0.05001186412666295,0.08489108070454257,0.0318426617047297,0.04012639346129245,0.03450454780227946,0.030852787945991368
cyber_cloud,gross_profitability,126,-0.1060917260839843,0.06502535286431602,0.10419675226525679,0.025987113894477828,0.07290701957710846,0.041773528491166674,0.01973186281270967
cyber_cloud,idio_vol_60d,21,-0.0233152381492452,-0.01438664202098317,0.07146105699508591,0.013500192284634737,0.03214201163628005,0.010863635532837144,0.019590313566390266
cyber_cloud,idio_vol_60d,63,-0.009848766128952795,-0.02708894472130818,0.11345067088903281,0.03082175225558236,0.02042936030346086,0.019171575379214628,0.04061776636442538
cyber_cloud,idio_vol_60d,126,0.05274525442070185,-0.02633408359550098,0.160553889883681,0.058498454771210066,0.11935848368333195,0.06782748977960767,0.060847148745447784
cyber_cloud,max_ret_21d,21,-0.021028445559149584,-0.006863088228001813,0.05912064583863906,0.01230152176028521,0.028027143530920312,0.019224760479925766,0.008392116104605508
cyber_cloud,max_ret_21d,63,-0.0022531767088658917,-0.009795434558253357,0.075684293878926,0.024640283739121718,0.017428999482723792,0.022209196978175062,0.02572124976301423
cyber_cloud,max_ret_21d,126,0.034003237422507444,-0.019232026329764975,0.11884686003923349,0.04011570376196425,0.10336501693684655,0.056922228039332175,0.03528188379974876
cyber_cloud,mom_12_1,21,0.015412632232105409,0.0008871274408207823,0.023286514474800693,0.010733974029140699,0.04077696460342391,0.01470968851583527,0.012414375523209965
cyber_cloud,mom_12_1,63,0.019707975925652436,0.008561496647658273,0.035767064577133315,0.01897180075747348,0.04972982719406884,0.030682445439228587,0.013004704443587665
cyber_cloud,mom_12_1,126,0.0008713699031114289,-0.0021736573652419195,0.06616651734630546,0.01870882091269554,0.06526771944994378,0.024399041244200004,0.021985506724526843
cyber_cloud,profitable_growth,21,0.01670565615200061,0.048731268552368846,0.0023247896581626406,0.022319453323620685,0.018057131816437075,0.019501614177506302,0.024310069340413798
cyber_cloud,profitable_growth,63,0.017816444547030526,0.08657047204553803,0.007358011891753303,0.03433681454433819,0.06244498308222536,0.031221421407050937,0.042856188111753186
cyber_cloud,profitable_growth,126,0.012918103871003108,0.10005679971395134,0.0036764304752021546,0.03869641118171091,0.04511489588505563,0.031555782313683264,0.04725537910368013
cyber_cloud,share_issuance,21,-0.03415168769616832,-0.017563761439404524,0.07239188249381118,0.012166684070514475,0.011905988414920172,0.019323995471188602,0.005275278378165564
cyber_cloud,share_issuance,63,0.0026473743251506977,-0.029146414341106645,0.10359328939057588,0.03357911151252564,-0.006961045583672538,0.028795994326013326,0.03051111740680883
cyber_cloud,share_issuance,126,0.037904171776365125,-0.020560111101010883,0.14795360732446822,0.060485647206735056,0.03217165999696654,0.07778901694797395,0.03784854858245221
cyber_cloud,sue,21,0.023215642950213132,-0.02453238364270647,0.01246403560940214,0.0011860007466083144,0.020320437069627967,-0.01031719408816771,0.015758125670969285
cyber_cloud,sue,63,0.032735553434232706,-0.034180860681360344,0.024251867938361184,0.008701306351212204,-0.011585787945934537,0.009585530446816797,0.003961889504368455
cyber_cloud,sue,126,0.024731283011165003,-0.03924126421203863,0.05744767882189871,0.014728811275878622,0.011976323798734478,0.027401432258142556,0.0016640102231642658
cyber_cloud,sue_announce,21,0.09223278084608183,0.010988931209123838,0.02763695342194955,0.040056476633651625,0.01055482161187512,0.02385998007959692,0.04852090547638569
cyber_cloud,sue_announce,63,0.08083102487116614,0.031019383747946164,0.033230958795939416,0.05039041614673451,-0.012972041506354417,0.014199175950632626,0.07022854063756899
cyber_cloud,sue_announce,126,0.11108440280261496,0.054393215917727625,0.013576348394648264,0.0599100724276938,-0.010858326965423349,0.026180596287986288,0.07612061746344365
cyber_cloud/cloud_saas,asset_growth,21,-0.024197738390642938,-0.02818515790525287,0.009580615951879859,-0.007841047165947494,-0.059027212154508096,-0.024391346384599256,-0.0013986128095098626
cyber_cloud/cloud_saas,asset_growth,63,0.0016797887259978948,-0.06588201633988262,0.020288833982412043,-0.008415475957936364,-0.06951250348576772,-0.024889614908822036,-0.0037966584331632627
cyber_cloud/cloud_saas,asset_growth,126,0.026630199985486654,-0.07328828387968835,0.02671081386141584,-0.007840508028904786,-0.007377399983190072,0.005113195016176023,-0.020703718697236743
cyber_cloud/cloud_saas,capex_at,21,0.010090972635044555,-0.031996849525188234,-0.02195297375415434,-0.019664074062654566,0.009916836997219208,-0.00867768375115254,-0.02427925316318551
cyber_cloud/cloud_saas,capex_at,63,0.04014054508920892,-0.0350278526866247,-0.03204918095916571,-0.013748925913230821,-0.010910531932093593,-0.006306319535270071,-0.020231243194909133
cyber_cloud/cloud_saas,capex_at,126,0.0722097492009802,-0.03992468353850171,-0.026623334309404036,-0.004046783054252312,-0.003513826709169641,0.007175459802843255,-0.014648919827499754
cyber_cloud/cloud_saas,cash_runway_years,21,,-0.020359005381543286,0.04357487219170239,0.010092737333249953,0.07981190899893592,6.205987876960195e-05,0.16980482293744398
cyber_cloud/cloud_saas,cash_runway_years,63,,-0.009610636088732905,0.08593578157794182,0.02145128817933943,0.1808044287315715,0.05182632729586945,0.11998817060733982
cyber_cloud/cloud_saas,cash_runway_years,126,,-0.09391111529540005,0.1925219281646341,0.07428877574080649,0.2653307727590263,0.1269328724068109,0.11127714486798697
cyber_cloud/cloud_saas,cop_at,21,-0.006306697516905277,-0.026218195101417426,0.05901909283217627,0.011095175875644521,0.016843693794191778,0.021072386219329862,0.002301504157882136
cyber_cloud/cloud_saas,cop_at,63,-0.02088591208021052,-0.03669974212838344,0.1147010965808829,0.024034211710709154,0.02163483583818966,0.038965115290229495,0.008477237418690485
cyber_cloud/cloud_saas,cop_at,126,-0.018665088496790463,-0.041738482100885474,0.15392309869993176,0.03268023912050923,0.05926109303245362,0.07261923129161832,-0.0029829308418546172
cyber_cloud/cloud_saas,dist_52w_high,21,0.021758131527274568,-0.03813791908047388,0.046792433891239875,0.012976361216100164,-0.004784229924646858,-0.0037927508394606938,0.026243284684317518
cyber_cloud/cloud_saas,dist_52w_high,63,-0.017072033998454226,-0.01909364146268921,0.07138179848382796,0.018062640189231437,-0.015610900023663095,-0.006053610190806732,0.036017835139616025
cyber_cloud/cloud_saas,dist_52w_high,126,0.041246310188259645,-0.025010991749390397,0.12176339316851624,0.049500089182753775,0.02858673673958889,0.04139055346873553,0.05370953386107354
cyber_cloud/cloud_saas,droe,21,-0.04400569415052529,0.005389549860123663,-0.010457555330982252,-0.01765613040505152,0.013427173708363736,-0.01513688356797111,-0.014285554050491263
cyber_cloud/cloud_saas,droe,63,-0.015021100103445059,0.028548552539991348,-0.01975519081156821,0.00019803139189754278,-0.022864151126077956,5.0317686157865226e-05,-0.004061050593501249
cyber_cloud/cloud_saas,droe,126,-0.004459913011599399,0.03200317858787894,-0.016683051890386116,0.004569125466759194,-0.004449989158491272,0.00033845157075448483,0.00703744363139312
cyber_cloud/cloud_saas,ear_3d,21,0.032833058769188926,-0.0195637656713764,0.008590464654347853,0.011773851072681208,-0.045907870878802014,-0.016046517905330203,0.02851279541164617
cyber_cloud/cloud_saas,ear_3d,63,0.012306063246230672,0.01583830849668404,0.0073277668182970285,0.017370512322753773,-0.042815913201602294,-0.020223459808879757,0.04389060510851743
cyber_cloud/cloud_saas,ear_3d,126,0.016987773989907487,0.0038944426564026303,0.010722605575773517,0.020730398763764427,-0.08744651007738574,-0.017515857574726835,0.03871786271578938
cyber_cloud/cloud_saas,gross_profitability,21,-0.018920726991273503,0.012320749612868366,0.04192339818423949,0.017380286751984116,-0.002666083653115114,0.020864771848211085,0.01041891263143738
cyber_cloud/cloud_saas,gross_profitability,63,-0.0835109818267089,0.038511710147438524,0.0821232523536235,0.02033629706268536,0.03725639862066045,0.02600517812026519,0.018217821980088412
cyber_cloud/cloud_saas,gross_profitability,126,-0.14336768270619826,0.046714112377384695,0.10003130468154786,0.008418969203736991,0.06343738601279508,0.02356218460098354,0.004722718718478656
cyber_cloud/cloud_saas,idio_vol_60d,21,-0.026331138720278185,-0.01804871446880428,0.07151983239686588,0.010531850124196995,0.03868540954797488,0.01186221358557603,0.014475562197604793
cyber_cloud/cloud_saas,idio_vol_60d,63,-0.018374612238261437,-0.036488214578661145,0.11885789791589572,0.02529120958797697,0.0343704697558425,0.016290587667301473,0.03612720279825235
cyber_cloud/cloud_saas,idio_vol_60d,126,0.03864298018079604,-0.033534045305499346,0.16547540222943927,0.05236971161960459,0.12554126024645712,0.06737763876423104,0.051314663467705
cyber_cloud/cloud_saas,max_ret_21d,21,-0.02350317778583921,-0.007916625398274871,0.05976629667838774,0.010148777910088433,0.0399436853135231,0.015027550248024829,0.010889700057825955
cyber_cloud/cloud_saas,max_ret_21d,63,-0.008962955566893851,-0.012741650334331032,0.08046965721384766,0.021217945050583043,0.03730321251848568,0.022078043371371873,0.023420649523429683
cyber_cloud/cloud_saas,max_ret_21d,126,0.02320145259664287,-0.02326158190654545,0.123241708775773,0.03532135182707733,0.11659498738810281,0.05915597450045611,0.026819862017959196
cyber_cloud/cloud_saas,mom_12_1,21,0.012440115631817092,0.006321732015988923,0.016509821217095922,0.008517935219691491,0.04496214801051526,0.014984936405534112,0.008930259513297737
cyber_cloud/cloud_saas,mom_12_1,63,0.016032542330864482,0.014695333731899147,0.032641471169608846,0.017797512822699004,0.05897557572745362,0.02616365736033583,0.017202839350716023
cyber_cloud/cloud_saas,mom_12_1,126,-0.007010241459086471,0.0077720717974082195,0.05976580256569592,0.01700564942289437,0.06800757728891471,0.018145915620493305,0.025805064160090232
cyber_cloud/cloud_saas,profitable_growth,21,0.006743154689248897,0.04268790118953087,-0.009031084661647877,0.011266405169944763,0.026873945002296867,0.009591807491557797,0.015838294930437216
cyber_cloud/cloud_saas,profitable_growth,63,0.008877822403926088,0.08080510456440296,-0.010585135522159192,0.021796799253042717,0.0640664963421666,0.02146073685476192,0.03021062471776607
cyber_cloud/cloud_saas,profitable_growth,126,0.018177984359534764,0.09458468042198533,-0.024500197946254805,0.028254087819050824,0.035447150737136994,0.023979758618719278,0.03403221849074015
cyber_cloud/cloud_saas,share_issuance,21,-0.026561163616602903,-0.012327231000386319,0.07814744582460709,0.019903410403720085,0.010663466016587774,0.02063564639217651,0.017501356803592737
cyber_cloud/cloud_saas,share_issuance,63,0.01448947247490351,-0.023924707121319312,0.11122995096602598,0.04263364383034656,-0.003773464396178927,0.030845556806100793,0.04489519967512983
cyber_cloud/cloud_saas,share_issuance,126,0.06229375551184476,-0.008126210146763062,0.1526166629976759,0.07449330016772368,0.03868286726133993,0.08987925228580045,0.05281730723428814
cyber_cloud/cloud_saas,sue,21,0.02931095436570973,-0.017779930775853978,0.008097509625292182,0.004538439893369324,0.011407128761724408,-0.010966851141417773,0.020474953517036647
cyber_cloud/cloud_saas,sue,63,0.056419704711119796,-0.02757355521357975,0.017639681788999186,0.016554272515244516,-0.02007081419438835,0.0180152147534739,0.008146772441632312
cyber_cloud/cloud_saas,sue,126,0.05613654313083265,-0.0299366730702234,0.04202563081800625,0.023939371261899337,-0.00638221028603569,0.03371748495965032,0.008461135047833464
cyber_cloud/cloud_saas,sue_announce,21,0.09708103178444562,0.013507233811838892,0.025219908736411133,0.041618801217107156,0.0007803323086033528,0.018720401162736225,0.054025860680702247
cyber_cloud/cloud_saas,sue_announce,63,0.09051726464569368,0.0433392776206161,0.027214555267377975,0.05566430311810653,-0.02038112923184629,0.011675699407840901,0.08052870706521724
cyber_cloud/cloud_saas,sue_announce,126,0.11519985773751423,0.06709298178689972,0.004068399736959514,0.06321609912264073,-0.026096211117193565,0.022292622817392194,0.08265417533010447
defense_space,asset_growth,21,0.00236672921282176,-0.02848627319269589,-0.0004910668094385278,-0.010179237009014259,0.003812267610362028,0.0259122283184102,-0.0436569047701816
defense_space,asset_growth,63,-0.060004742351099975,-0.043781985308508735,0.003836852315369313,-0.03309230779657344,-0.012935104812592727,-0.00818772429046093,-0.05470629260925396
defense_space,asset_growth,126,-0.07547816742077244,-0.053758719169933314,0.02095360346171456,-0.041691510752529595,0.04055144397500245,-0.001796506959395554,-0.06689174191361026
defense_space,capex_at,21,0.012278180307345036,0.06147307878194579,0.0285549355033396,0.028492052772186065,0.09364431590175122,0.05324108081044647,0.015914326637251022
defense_space,capex_at,63,-0.0009049364659995544,0.10818696388060149,0.020496065021623645,0.03982148617262549,0.07671701817419507,0.042628236249247935,0.04399912422941249
defense_space,capex_at,126,0.0028736285441929776,0.15096409269426997,0.04056732117601585,0.05583308113334677,0.16679233857624307,0.08346935949795287,0.04892552163581444
defense_space,cash_runway_years,21,,,0.024002194849835443,0.0037408224457074453,0.11315223342799863,0.03556072442394512,0.004352694573849009
defense_space,cash_runway_years,63,,,0.08428031381785463,0.043590473699520446,0.24703967429119134,0.1603491269200765,-0.07736591402436688
defense_space,cash_runway_years,126,,,0.18149837256098747,0.11356852342803136,0.4124598596130384,0.26542919158553546,-0.04231714483780715
defense_space,cop_at,21,-0.03275084169759639,-0.04147338368783347,-0.029031670609456977,-0.02726846417783397,-0.10187091088474594,-0.05657459886232363,-0.01189905030672348
defense_space,cop_at,63,-0.053579602868005324,-0.052838405127200505,-0.04788160008568289,-0.041614164018980444,-0.14356939606268093,-0.09605912588568905,-0.005420314747884103
defense_space,cop_at,126,-0.01700787712172429,-0.06897243161664053,-0.04988494356695466,-0.03581747941269471,-0.14521917648579608,-0.09489357905815815,0.003918384010856847
defense_space,dist_52w_high,21,0.009697522122347677,0.01094130766364551,0.0413632731186733,0.01491287459488428,0.09013075990231663,0.004684010403024717,0.03919343164637407
defense_space,dist_52w_high,63,0.013053202532679343,0.03451359317462303,0.049111464691772494,0.02995009922513808,0.06677523665891445,-0.009565074821606758,0.07738726972657603
defense_space,dist_52w_high,126,0.03684248008745527,0.033213941583641375,0.11974179240300509,0.05532409404644445,0.15730637021760457,0.035028531846626895,0.09624707442452837
defense_space,droe,21,0.0004463171458480755,-0.01412809422935662,-0.005610445558618015,-0.009314627467279495,0.019518747425264157,-0.0018698013673250815,-0.011372998916978507
defense_space,droe,63,-0.04060892609318477,0.003670284223329309,-0.005456415113412566,-0.0147463859486902,0.00416897391288551,-0.006782357207797114,-0.01927633536188664
defense_space,droe,126,-0.04648907866586379,-0.0032036380975889703,-0.0009301732737955135,-0.025752060343441723,0.07994707087585741,-0.010354436026799623,-0.02102678399596706
defense_space,ear_3d,21,0.04198495831489055,-0.040872400520982254,0.01187925681882404,0.008551015775024514,-0.04636967185022685,0.0046266418671156734,0.0022154810056886007
defense_space,ear_3d,63,0.01847780846250458,-0.06461668413933273,0.008726560318062992,-0.007142909542290887,-0.06699718558818497,0.0005172399510241309,-0.02640803647118827
defense_space,ear_3d,126,0.02668975107129959,-0.013831009179352989,0.059019062362992564,0.03376114097171385,-0.0630703305598051,0.03319049814053124,0.01543036900355998
defense_space,gross_profitability,21,0.0025364658390179405,-0.009535596938431628,-0.03968439021379954,-0.007886932759055445,-0.10778595825253819,-0.03842902482513992,0.0039927039950597275
defense_space,gross_profitability,63,0.004605544988593551,-0.009751791671902554,-0.06370602951602757,-0.018857157723455864,-0.08631113588615381,-0.052751790881679576,0.002914684845448534
defense_space,gross_profitability,126,0.0002489126935405802,-0.004395797468817628,-0.0977061612511689,-0.026794655087281728,-0.124626465149202,-0.054499422845042465,-0.017251111097099835
defense_space,idio_vol_60d,21,0.0459221915897723,0.03599553273910621,0.07423273365841791,0.04414816978547588,0.14134754025664562,0.03706453083949784,0.0693899328854087
defense_space,idio_vol_60d,63,0.04945529391735137,0.04899479050445441,0.09921614978477629,0.0633808287120326,0.10749788867871528,0.02087969020656105,0.11526390313261144
defense_space,idio_vol_60d,126,0.07475664008510956,0.03520140489648952,0.10398889481197748,0.06064350380569113,0.17631074250760512,0.04301139573863869,0.10148525994324581
defense_space,max_ret_21d,21,0.03524940703246727,0.05553081214701132,0.04885913774480172,0.040046404444829486,0.11471066716609198,0.023598596013203788,0.07044248173647126
defense_space,max_ret_21d,63,0.037760930707464585,0.0382012954360856,0.07538254808982954,0.04673815204220987,0.09929984561275074,0.016473205166832112,0.08772308413612642
defense_space,max_ret_21d,126,0.058821573834812665,0.004759876918083232,0.06739482964843559,0.03284022025239272,0.14431744880196967,0.028631646863385967,0.05897682358978829
defense_space,mom_12_1,21,-0.009285871390159338,0.02778541760917892,0.009528271198901515,0.003348302256870455,0.0741847394484593,0.006241362361525963,0.013688422726467817
defense_space,mom_12_1,63,-0.020787249093014704,0.023443501326939058,0.04707738655537063,0.014420272631561664,0.06121774719432113,0.013504723309825783,0.024295239551167015
defense_space,mom_12_1,126,-0.030494460949710266,0.008942543959685302,0.0968728324448473,0.018029168649921698,0.12401018860792185,0.022555481847593543,0.034055710621134765
defense_space,profitable_growth,21,-0.007317712828273672,0.02019268800265567,-0.023854289712301528,-0.0028155230937792603,-0.020066211913550805,-0.013432503452247802,0.004578801111545142
defense_space,profitable_growth,63,-0.006869035540878684,0.03563106723376545,-0.0310404835490356,0.0019179922333813545,-0.03496285490935481,-0.013782463025831092,0.010926610516098409
defense_space,profitable_growth,126,-0.01698163548397609,0.014327963990987505,-0.02913004143195248,-0.012079058458130211,0.0023603686124922464,-0.02023306930786192,-0.0008223775767918658
defense_space,share_issuance,21,-0.006003362313523727,0.006646861248061196,0.03876379364302276,0.007661081331723864,0.08508762693791183,0.010188469980198307,0.019597992411877943
defense_space,share_issuance,63,-0.01047904783713343,-0.014811110650229994,0.03858947243574779,0.004634118054800047,0.019824042094584812,-0.01216426924469443,0.024711443368624086
defense_space,share_issuance,126,0.009578861502105311,-0.013842491728700135,0.03464905867622495,0.004237633288850666,0.07009284633986727,0.008747782782229013,0.012440221420611939
defense_space,sue,21,-0.022749049461737576,-0.03072215202832603,0.012056404477297068,-0.017305105312087704,0.035494122842193006,-0.004897446832565283,-0.019849171718832423
defense_space,sue,63,-0.04932305465819304,-0.02152010614728388,0.02376089977221008,-0.01652528065444001,0.01806993007412531,0.001678281239927504,-0.02852983739603364
defense_space,sue,126,-0.05057235043485765,-0.003683168713017577,0.04915154657155724,-0.008335509962950051,0.08696070481274978,0.0022716671111143796,-0.0006873523247765015
defense_space,sue_announce,21,0.019884865282162045,-0.013517540997884488,0.033450937650991046,0.01288352670530149,0.024212477603313316,0.015989504499694236,0.01189394633141645
defense_space,sue_announce,63,0.0005226132469797679,-0.003148158156564355,0.056514204890779046,0.024184917189458817,-0.021933667832195518,0.0023697272757087534,0.03768116816455018
defense_space,sue_announce,126,0.011016090635261199,-0.005582856463730625,0.07731382543440905,0.027566904404874838,0.04235081200400379,-0.00221458671172433,0.06126415302187618
defense_space/defense,asset_growth,21,0.004599490359500007,-0.04064272669909822,0.0156222519509295,-0.00792192812491724,0.010543538278921025,0.03721376905387502,-0.04960803267881663
defense_space/defense,asset_growth,63,-0.030232791501833462,-0.04627264861250398,0.05715212019063068,-0.00804986766339406,0.039719923756800675,0.04433283657746163,-0.05248514442490595
defense_space/defense,asset_growth,126,-0.03238402052171641,-0.05162598492223263,0.07263140822890879,-0.007862148813085968,0.058083901471080175,0.06097228626883419,-0.06618417527908584
defense_space/defense,capex_at,21,-0.0011958276981455694,0.056478583623818295,0.01680496221326104,0.024425338570211418,0.02568805224388839,0.028835661004325105,0.02025090770150992
defense_space/defense,capex_at,63,0.005248193198145058,0.06180016637020079,0.013716663718374494,0.02874308938140063,0.012446391244487952,0.025389585494098622,0.02905910045350138
defense_space/defense,capex_at,126,0.0039820761551900025,0.07742710430895366,0.04034783939426006,0.03547003721014498,0.10160978230192153,0.06289170451161466,0.020026653410466003
defense_space/defense,cop_at,21,-0.030306011572161395,-0.021667305262087953,-0.03402306557473943,-0.02018779869793461,-0.11289085967912135,-0.06970337438928338,0.01200962274418146
defense_space/defense,cop_at,63,-0.05558839321344787,-0.032201345796848066,-0.056770510608963466,-0.038966326715305324,-0.13701155452552305,-0.1264101306017414,0.031714766328424786
defense_space/defense,cop_at,126,-0.00848946507104583,-0.047731580817289156,-0.08424547349171342,-0.03853797735327898,-0.14492437743100786,-0.12769946468828697,0.032909896886138566
defense_space/defense,dist_52w_high,21,0.011177867789982091,-0.005351151027960906,0.01789165693911676,0.004726040399745017,0.042315988522552354,-0.020436966504861515,0.036911345305315556
defense_space/defense,dist_52w_high,63,0.007975649354648758,0.011896810422238802,0.026609475724492626,0.024375956381485347,-0.06309187069883751,-0.03558886078790336,0.06898095977529303
defense_space/defense,dist_52w_high,126,0.06534215862445093,0.010530656214088049,0.08857435286911876,0.06379932242272354,-0.02749361284209719,-5.7820034786664386e-05,0.11201958589024039
defense_space/defense,droe,21,-0.003901149219594155,-0.006154134894209265,-0.009400550154884148,-0.005639833986810976,-0.01697499730699713,-0.003403248390433996,-0.009993977566079873
defense_space/defense,droe,63,-0.03985800848979174,-0.013198950288698762,0.0074210483315557,-0.014937404295840184,-0.0011578462156502138,0.006907052248449093,-0.0346406970842345
defense_space/defense,droe,126,-0.05409886786053996,-0.019718482565897807,0.017675268233383636,-0.025689580640704906,0.06584864604664284,-0.004593666522627477,-0.029626160145786035
defense_space/defense,ear_3d,21,0.012287184063815591,-0.04495396574136822,0.01668651644507571,-0.0015850731367052255,-0.037500577600855324,-0.012349685094149767,0.0024700489757881992
defense_space/defense,ear_3d,63,-0.017016892044178365,-0.08334914042610961,0.01627157454283346,-0.021547276137470404,-0.07845474504220731,-0.021541330851390608,-0.0324233209960523
defense_space/defense,ear_3d,126,0.04501474731916919,-0.06148033073856089,0.03510552880031469,0.014186594416944576,-0.07742531066881331,0.009199729160765929,0.0014442436881881905
defense_space/defense,gross_profitability,21,0.01332493041309539,0.005038241336234526,-0.02815354161275623,0.004427356754813686,-0.09547729245473287,-0.028137864262694705,0.018329071876033158
defense_space/defense,gross_profitability,63,0.005717871633292065,0.01547907581766601,-0.04971028401396736,-0.005837640614423215,-0.06422551220665473,-0.05175500212343391,0.029958832197397433
defense_space/defense,gross_profitability,126,0.009950167696897059,0.021124923140338668,-0.06928869513152035,-0.011223673869653426,-0.04497620765226312,-0.045156093770789524,0.017283506783195825
defense_space/defense,idio_vol_60d,21,0.04602159814993648,0.04188649333350129,0.05346216877249656,0.047256511279055224,0.04920347150542959,0.011799176800491156,0.08307756360210679
defense_space/defense,idio_vol_60d,63,0.05778092110244139,0.03285879781533839,0.07068380469385191,0.06533791736788666,-0.052544224277597626,-0.004674535051094034,0.11440686975163955
defense_space/defense,idio_vol_60d,126,0.09792365992577322,0.016234482569097614,0.05880933668138706,0.06881658149731756,-0.06139519050034214,0.0025200913017708053,0.11195547797592667
defense_space/defense,max_ret_21d,21,0.01857045419223815,0.0746524380609366,0.017501381288054476,0.036959952457291355,0.03374426953951106,-0.003129662352102158,0.07644883529303358
defense_space/defense,max_ret_21d,63,0.03474824489979572,0.040101644004261486,0.0378744447683656,0.04444485407889545,-0.02719376442959827,-0.0065559778392954215,0.0829079910441873
defense_space/defense,max_ret_21d,126,0.050790250643622054,0.01486929739418802,0.027428438173979088,0.04001442419152869,-0.06114616983982555,-0.0023618788234943447,0.06408496640783963
defense_space/defense,mom_12_1,21,9.94726128650495e-05,0.008383552010808482,0.0008831926347306479,0.00016100034709508099,0.031875099037306856,-0.006679143590979203,0.012925756128395749
defense_space/defense,mom_12_1,63,0.012796806436269525,-0.02535979644541502,0.00988360422505945,0.005713632614976041,-0.06526849862079517,-0.03650361134789999,0.03532119407130873
defense_space/defense,mom_12_1,126,0.005040497447141323,-0.035025663836167835,0.04684632820033035,0.010472744118971578,-0.03256902061406352,-0.036066984710188106,0.05020683140819888
defense_space/defense,profitable_growth,21,-0.019698106207572865,0.029944381533711054,-0.03393942614508876,-0.003297558401476867,-0.06063639322403668,-0.04644178377081926,0.02913501650650819
defense_space/defense,profitable_growth,63,-0.01333876586868678,0.03694079106091826,-0.018861247916886103,0.006103669729157986,-0.04374037774242497,-0.04032919360453241,0.04405919508139298
defense_space/defense,profitable_growth,126,-0.017966653327500543,0.02326139384935729,-0.02355344333794057,-0.005893976923612913,-0.006785074778575362,-0.05664631088891374,0.04643431495388952
defense_space/defense,share_issuance,21,-0.0040450697689793655,-0.017519391821357425,0.025575150715144577,0.001660091252764899,0.01150575971278186,-0.002940183722382737,0.008099666929234388
defense_space/defense,share_issuance,63,0.0033561503185721747,-0.04328281926791675,0.026471126400746822,-0.0009200624829109631,-0.03051014774754886,-0.005050179351085268,-0.0023491727581354946
defense_space/defense,share_issuance,126,0.0373902550949523,-0.05860512381644833,0.02534335904439646,0.001811946121800856,-0.011206671385331487,0.01975295504228577,-0.019291586067450784
defense_space/defense,sue,21,-0.028006730885542362,-0.018354816014097084,0.0037551772724290604,-0.011103499425971452,-0.02697706135390372,-0.017855714353664183,-0.007613475844274535
defense_space/defense,sue,63,-0.048930086168818804,-0.04140811495726867,0.03844487399691114,-0.011136076909701977,-0.03664666431990061,-0.007775641588241424,-0.019293805661841808
defense_space/defense,sue,126,-0.050983014351441175,-0.0315091268700079,0.07818495321276508,0.00017577154886911235,0.026972550647534423,-0.0021005025503985394,0.007662033815700462
defense_space/defense,sue_announce,21,0.024680128976748403,-0.02917965875329508,0.04363552364669743,0.015923411935698087,-0.005115096406417678,0.008526046459869306,0.019309216891836782
defense_space/defense,sue_announce,63,0.013515331496396419,-0.026138588177557258,0.07786085128595707,0.03006880355398912,-0.03437251248338213,0.00616144249423108,0.0419357712252578
defense_space/defense,sue_announce,126,0.026253502864712352,-0.03678537371726908,0.10362588742642964,0.03800666725590269,-0.019430350413520567,-0.01502131669175148,0.08103036002556965
defense_space/space,asset_growth,21,0.0033625481909247868,-0.01637683049597798,-0.02411107714342913,-0.021697554617824844,0.008034519559657572,0.008485874318541833,-0.04501279174771276
defense_space/space,asset_growth,63,-0.07729192490940194,-0.02509153438645921,-0.0563530481462222,-0.03691382825388321,-0.10689420782067348,-0.010313242135454492,-0.07948784135728802
defense_space/space,asset_growth,126,-0.09084393261623346,-0.12255716342878863,-0.04752787458728315,-0.08923710252702455,-0.04860447824654736,-0.010919284990586541,-0.16079719703307235
defense_space/space,capex_at,21,-0.09641080764755133,0.054585014274203,-0.007198132369351963,-0.0047907571728138905,0.13292745158724822,0.051534575021632556,-0.031835375524486544
defense_space/space,capex_at,63,-0.30730485987078926,0.11396434002811963,-0.08421369138491991,-0.0238765377607711,0.0025125858634461873,-0.015783619021782228,-0.026351522236708544
defense_space/space,capex_at,126,-0.3878219992523981,0.17214942528306518,-0.10740344292222812,-0.02653121432627916,0.09251202616897494,0.023241994019882726,-0.05186064120342815
defense_space/space,cop_at,21,-0.09036750627375557,-0.13036692383115248,0.02880527089845508,-0.05432911102617895,-0.1720110146617635,-0.047072559153112765,-0.09513396519195857
defense_space/space,cop_at,63,-0.27463025186198353,-0.1377845755804074,0.004645448597636472,-0.0996213405553404,-0.13457584251324659,-0.08416942615273179,-0.1351686425880094
defense_space/space,cop_at,126,-0.391234448957763,-0.17613288475232267,0.05861719107628431,-0.11090312419992576,-0.17883051569056335,-0.08074440056329257,-0.1802131114384314
defense_space/space,dist_52w_high,21,0.046777036173321004,0.0018278086627985127,0.04706849968668773,0.01846401582913201,0.10288530907894719,0.04121966982616444,0.014305474157728018
defense_space/space,dist_52w_high,63,0.1308307533539732,0.07536494511221738,0.03332256166604334,0.03806263796457019,0.2395079104889657,0.05465667741828056,0.06553475187557134
defense_space/space,dist_52w_high,126,0.052138367308645954,0.058434094733425646,0.10429150055133615,0.05012867523227067,0.30931824476159947,0.08251982807534741,0.07574176143060561
defense_space/space,droe,21,0.03521128451814458,0.05047672708939086,0.11219401891974698,0.06884672816133203,0.12493827054440172,0.1005009637854276,0.0016975824669460497
defense_space/space,droe,63,0.09481179381692949,0.028537944571476345,0.09118238714706037,0.0634158779680907,0.11466918092398086,0.09916897118568367,-0.01444521348177718
defense_space/space,droe,126,0.09308318133556757,-0.05372658278845986,0.09034351685655474,0.026757695366198327,0.11662984685193206,0.023014204085916555,0.05078315787450157
defense_space/space,ear_3d,21,-0.1649626517273576,0.05256946461198813,-0.01193981881537926,-0.004075824971619752,-0.023173325430305047,0.04611230224249614,-0.11841998603576853
defense_space/space,ear_3d,63,0.01458916900093373,0.2813959216796765,-0.06309340483729373,-0.005061611897898675,0.04481793225018856,0.05017353169745733,-0.09762196509970697
defense_space/space,ear_3d,126,-0.1711017740429505,0.3746572897123487,0.09019377823838846,0.15080626707207292,0.06338231662900749,0.16466981633508232,0.0505794310822504
defense_space/space,gross_profitability,21,,0.08789241203017543,0.05029373889408609,0.0684772828741944,-0.09147985741916217,0.08721822383969532,-0.13331740354823995
defense_space/space,gross_profitability,63,,0.07593426073355293,0.09435674263971537,0.08856459095329906,0.12017942053105621,0.09945922340515953,0.03355689480508453
defense_space/space,gross_profitability,126,,0.016143504250440394,0.08965685623058255,0.07556750341586119,0.06636773969625492,0.05793283506323589,0.18559296584812246
defense_space/space,idio_vol_60d,21,0.05295725945880743,-0.017134604551278656,0.03643635511516431,-0.0036143471896383154,0.16698190324490522,0.017188829766833204,0.012399958581110638
defense_space/space,idio_vol_60d,63,0.0636286572045086,0.0400448851055397,0.057618898583452094,0.01977510053319501,0.30020143914044034,0.025068808078945223,0.0758246545577797
defense_space/space,idio_vol_60d,126,0.07024915229249594,0.03846699714331319,0.030563921650482547,-0.010422359519241206,0.41832013411476826,0.04150973779506944,0.03362074983680012
defense_space/space,max_ret_21d,21,0.03251846193022663,0.010107436153946586,0.0431631926590567,0.017644649152360827,0.11401581012144409,-0.0060407514285486935,0.06105467780001803
defense_space/space,max_ret_21d,63,0.01958505890394435,0.015613023569874393,0.06090813346051775,0.016373644039417542,0.20989754917530976,-0.008701852061188491,0.0837824943885
defense_space/space,max_ret_21d,126,-0.021334753997292708,-0.041471524846434224,-0.003372003982117598,-0.06273331849355827,0.3007667454608294,-0.026712757876271778,-0.01725419629239089
defense_space/space,mom_12_1,21,-0.042172275608808096,0.06972248337756946,0.013168781199796803,0.02710514850449921,0.08042857332230653,0.03374403061688017,0.03197847414475558
defense_space/space,mom_12_1,63,-0.1862232452789728,0.10470893428425034,0.08289457419313387,0.054463757971957016,0.19021037420195613,0.10756469809912746,0.03105739014509886
defense_space/space,mom_12_1,126,-0.29133562515915457,0.04487892279162137,0.12826409144085466,0.0312755395918982,0.23401858631778322,0.08857189438837833,0.018835738010997274
defense_space/space,profitable_growth,21,0.017942647957706892,0.06667463578601966,-0.015704559460324716,0.03625842730674578,-0.19087083072071573,-0.023278744389205425,0.11174895035874612
defense_space/space,profitable_growth,63,-0.13706923034714028,0.09662311816459798,-0.09483243496101951,-0.00377756033170403,-0.3576199043458342,-0.04977126809810342,0.023061576388813
defense_space/space,profitable_growth,126,-0.2628157681274893,0.028683819940855743,-0.09191982542619694,-0.05719253556618863,-0.2876789113227555,-0.05072103468423188,-0.11042892711761651
defense_space/space,share_issuance,21,,-0.04855915301766635,0.0019071775409034708,-0.039683839715846915,0.23370265447776692,-0.04556458045184533,0.2807485803657542
defense_space/space,share_issuance,63,,-0.25458791427421834,-0.09778235444327663,-0.11931322836556095,-0.23914648272688555,-0.15343386298374787,0.03381859421860986
defense_space/space,share_issuance,126,,-0.17615804977447305,-0.14492522686734874,-0.1571938288183187,-0.10924205707383766,-0.14741925143732074,-0.18743867612182158
defense_space/space,sue,21,-0.0013121722229141042,-0.08694524796721129,0.04965076751259403,-0.03437220983201771,0.10433054472879433,0.039634073518734714,-0.13660814539070668
defense_space/space,sue,63,0.009790876518906047,-0.054046518791983154,0.014315696156500751,-0.01495992785551506,-0.057613486260499336,0.05833869763236868,-0.16122577460934603
defense_space/space,sue,126,0.02185050697875622,-0.05895373254390748,-0.03883145452357688,-0.04364508216504774,-0.000338889958332067,-0.03215497751632842,-0.054075227713499596
