factor,coef,nw_t,economic_magnitude,avg_r2,avg_adj_r2,months,scope,horizon,variant,target
asset_growth,0.0019071226152763635,1.9617803950955663,0.0019071226152763635,0.07762739141339813,0.06674641568099263,182,havuz,21,ols_rank_normal,tema_arındırılmış
asset_growth,0.002228664483370286,1.8137716239335264,0.002228664483370286,0.09022212362835738,0.07946883711243788,182,havuz,21,ols_rank_normal,ham
asset_growth,0.0027397586397364605,1.4313992968101041,0.0016869241340029537,0.07686698583193809,0.06599137004540967,182,havuz,21,ols_winsorized_raw,tema_arındırılmış
asset_growth,0.002260758589976833,1.0847375447931369,0.001391994233095384,0.08997583956260685,0.07923988564462388,182,havuz,21,ols_winsorized_raw,ham
asset_growth,0.0004911076064758824,0.4407611805323903,0.0004911076064758824,0.1265222842307493,0.11637264287995117,182,havuz,21,wls_sqrt_mcap,tema_arındırılmış
asset_growth,0.001113671893988637,0.8223819400385114,0.001113671893988637,0.13394297933201518,0.12386474318497438,182,havuz,21,wls_sqrt_mcap,ham
asset_growth,0.00269880145815719,1.0808169989509995,0.00269880145815719,0.06246200827584555,0.05122046713272409,180,havuz,63,ols_rank_normal,tema_arındırılmış
asset_growth,0.004233837040947918,1.2786397968799654,0.004233837040947918,0.0711673995689484,0.06000337770672939,180,havuz,63,ols_rank_normal,ham
asset_growth,0.008437134323377591,1.624984530592127,0.005179207315727071,0.062380582473090126,0.051138522276094694,180,havuz,63,ols_winsorized_raw,tema_arındırılmış
asset_growth,0.007581830664849328,1.329840504678774,0.004654171824334734,0.07197967612826933,0.06082845717981602,180,havuz,63,ols_winsorized_raw,ham
asset_growth,2.018916222397724e-05,0.006857951809914659,2.018916222397724e-05,0.10815490680260369,0.0975609241309663,180,havuz,63,wls_sqrt_mcap,tema_arındırılmış
asset_growth,0.0025691229038158365,0.699369255029326,0.0025691229038158365,0.11477505268616012,0.10423389338202024,180,havuz,63,wls_sqrt_mcap,ham
asset_growth,0.004028134446294719,0.8935814660645868,0.004028134446294719,0.05587522707971317,0.044503035380317274,177,havuz,126,ols_rank_normal,tema_arındırılmış
asset_growth,0.0076941604302010495,1.1280404820767425,0.0076941604302010495,0.06804231221880322,0.05678855024166312,177,havuz,126,ols_rank_normal,ham
asset_growth,0.013225535297429545,1.5744279395592178,0.008089662502387632,0.05581774062207246,0.04444498605781416,177,havuz,126,ols_winsorized_raw,tema_arındırılmış
asset_growth,0.012179101875132164,1.2157029189785378,0.0074495906242195275,0.06803674903946946,0.05679608342096468,177,havuz,126,ols_winsorized_raw,ham
asset_growth,0.0014860194452431393,0.29300661258459143,0.0014860194452431393,0.09412263711572683,0.0833155759265947,177,havuz,126,wls_sqrt_mcap,tema_arındırılmış
asset_growth,0.006221484491291354,0.868576222562392,0.006221484491291354,0.09588781463471346,0.08508320099503924,177,havuz,126,wls_sqrt_mcap,ham
capex_at,0.0001576078315878212,0.11443006118870365,0.0001576078315878212,0.07315307670893567,0.061581432583992686,182,havuz,21,ols_rank_normal,tema_arındırılmış
capex_at,0.0021033510443607606,1.0416159109239274,0.0021033510443607606,0.1062731258345888,0.09511135245768461,182,havuz,21,ols_rank_normal,ham
capex_at,-0.0008343616588045746,-0.033038076507475235,-4.7821013175168084e-05,0.07522756740054455,0.06370293735385009,182,havuz,21,ols_winsorized_raw,tema_arındırılmış
capex_at,0.019701988318771776,0.49711710517588714,0.0011292094177947707,0.10842839306394977,0.09731210984936207,182,havuz,21,ols_winsorized_raw,ham
capex_at,-0.0002870038559661101,-0.1621048837658889,-0.0002870038559661101,0.12355346944262846,0.11276527407725144,182,havuz,21,wls_sqrt_mcap,tema_arındırılmış
capex_at,0.0022360423791096856,1.2020450559942581,0.0022360423791096856,0.14937170902216645,0.13889453259325785,182,havuz,21,wls_sqrt_mcap,ham
capex_at,0.0037329589031780924,1.1269133357268453,0.0037329589031780924,0.059246827997035664,0.047310437791651457,180,havuz,63,ols_rank_normal,tema_arındırılmış
capex_at,0.008507033568881387,1.555117244398424,0.008507033568881387,0.08677678684165756,0.07517557597821328,180,havuz,63,ols_rank_normal,ham
capex_at,0.05904073686992815,0.9897470922921388,0.0033898498874349275,0.06077367587448842,0.048875993642914076,180,havuz,63,ols_winsorized_raw,tema_arındırılmış
capex_at,0.09717324036475247,0.8473722299247196,0.005579244355263485,0.08904187495218792,0.0774782940622618,180,havuz,63,ols_winsorized_raw,ham
capex_at,0.0020859851766266762,0.545893461736531,0.0020859851766266762,0.1063216296412432,0.09509191620444829,180,havuz,63,wls_sqrt_mcap,tema_arındırılmış
capex_at,0.008396054517825621,1.6690073672074237,0.008396054517825621,0.13160510938660264,0.12067224928916068,180,havuz,63,wls_sqrt_mcap,ham
capex_at,0.009545763394550164,1.8427173169177684,0.009545763394550164,0.05190680028665967,0.03984061388139932,177,havuz,126,ols_rank_normal,tema_arındırılmış
capex_at,0.01463848204810239,1.3655192265525016,0.01463848204810239,0.08094388945865222,0.06924725516364551,177,havuz,126,ols_rank_normal,ham
capex_at,0.1873781236771323,1.7508014454118856,0.0107812198492054,0.055247912559352894,0.04324789104866079,177,havuz,126,ols_winsorized_raw,tema_arındırılmış
capex_at,0.18921968501296943,0.7833277211382325,0.010887178203563068,0.0865052062559415,0.07490078565291995,177,havuz,126,ols_winsorized_raw,ham
capex_at,0.00762802598775102,1.3620146893339027,0.00762802598775102,0.09239254032719978,0.08096440226294191,177,havuz,126,wls_sqrt_mcap,tema_arındırılmış
capex_at,0.01471953037258387,1.5250591568584373,0.01471953037258387,0.11005122540113885,0.09887207194487273,177,havuz,126,wls_sqrt_mcap,ham
cash_runway_years,-0.0027400803053507093,-1.5819704696824854,-0.0027400803053507093,0.05131346205147506,0.007933658133566562,174,havuz,21,ols_rank_normal,tema_arındırılmış
cash_runway_years,-0.0026566357984364177,-1.5043091993633453,-0.0026566357984364177,0.05271446449051864,0.009406776337785534,174,havuz,21,ols_rank_normal,ham
cash_runway_years,-0.0006917170222633715,-1.0102971718203932,-0.0017844639058157532,0.04960405566798285,0.005966850908142851,174,havuz,21,ols_winsorized_raw,tema_arındırılmış
cash_runway_years,-0.0007350992065201938,-1.078737377330132,-0.001896379529503083,0.05085501094120552,0.0072942298643630405,174,havuz,21,ols_winsorized_raw,ham
cash_runway_years,-0.00044773109792182103,-0.2379684941518302,-0.00044773109792182103,0.08024285498676016,0.03797038646170734,174,havuz,21,wls_sqrt_mcap,tema_arındırılmış
cash_runway_years,-0.0008383511116664066,-0.4488017941654648,-0.0008383511116664066,0.07835621144693136,0.03599221232659653,174,havuz,21,wls_sqrt_mcap,ham
cash_runway_years,-0.009267463655091764,-1.917381087144316,-0.009267463655091764,0.050142284767744565,0.006386896014708713,172,havuz,63,ols_rank_normal,tema_arındırılmış
cash_runway_years,-0.00955497963487512,-2.007335653373443,-0.00955497963487512,0.050571712133703095,0.0067860458433997226,172,havuz,63,ols_rank_normal,ham
cash_runway_years,-0.002136821744933885,-1.163681622356025,-0.005510390503418356,0.04713206813436242,0.0030627272407358656,172,havuz,63,ols_winsorized_raw,tema_arındırılmış
cash_runway_years,-0.00230690487406726,-1.2968279164257304,-0.005948997262166604,0.04802990916073901,0.003982011125887627,172,havuz,63,ols_winsorized_raw,ham
cash_runway_years,-0.003459289422772234,-0.650240309976973,-0.003459289422772234,0.07066441337118018,0.02735645929199914,172,havuz,63,wls_sqrt_mcap,tema_arındırılmış
cash_runway_years,-0.004998623269061615,-0.9673506282901132,-0.004998623269061615,0.0748941482011046,0.03171895729015878,172,havuz,63,wls_sqrt_mcap,ham
cash_runway_years,-0.015262068600241274,-1.924703194733086,-0.015262068600241274,0.04780326159395828,0.0036382181887313117,169,havuz,126,ols_rank_normal,tema_arındırılmış
cash_runway_years,-0.01671143715419051,-2.1808804480139883,-0.01671143715419051,0.04837697115710553,0.004217334786531242,169,havuz,126,ols_rank_normal,ham
cash_runway_years,-0.002431870889768578,-0.8357877595876483,-0.006267386519139808,0.04401418370241382,-0.0006748433496647425,169,havuz,126,ols_winsorized_raw,tema_arındırılmış
cash_runway_years,-0.0025753732446618335,-0.8879015558942273,-0.006637218950749035,0.04497898167603034,0.00034310208591956977,169,havuz,126,ols_winsorized_raw,ham
cash_runway_years,-0.00942411284255051,-1.004464774436331,-0.00942411284255051,0.06674705797512884,0.023100715530895353,169,havuz,126,wls_sqrt_mcap,tema_arındırılmış
cash_runway_years,-0.013334943759444547,-1.4767268351235237,-0.013334943759444547,0.06974965286283882,0.026165736612118046,169,havuz,126,wls_sqrt_mcap,ham
cop_at,-0.00027604196588300344,-0.24641309016160343,-0.00027604196588300344,0.12324842797979187,0.10873447973039942,182,havuz,21,ols_rank_normal,tema_arındırılmış
cop_at,-5.7986756045805934e-05,-0.054447207971378676,-5.7986756045805934e-05,0.11882114303693367,0.1042281117625593,182,havuz,21,ols_rank_normal,ham
cop_at,-0.010947880254128088,-0.7432480849098614,-0.0007862041277540017,0.12454454262229661,0.1100647983456521,182,havuz,21,ols_winsorized_raw,tema_arındırılmış
cop_at,-0.004580588384604254,-0.32848055047855956,-0.00032894746854396535,0.1230032197318798,0.10849008441230552,182,havuz,21,ols_winsorized_raw,ham
cop_at,0.000768648983432781,0.5531786715717265,0.000768648983432781,0.16957504516410732,0.15592536664649548,182,havuz,21,wls_sqrt_mcap,tema_arındırılmış
cop_at,0.0011142581802462536,0.948336815624303,0.0011142581802462536,0.16743876616029024,0.15374054097709963,182,havuz,21,wls_sqrt_mcap,ham
cop_at,-0.0023424077535981083,-0.8105895409459299,-0.0023424077535981083,0.10846714634046822,0.09358672233070484,180,havuz,63,ols_rank_normal,tema_arındırılmış
cop_at,-0.002353777785501564,-0.8170474206857083,-0.002353777785501564,0.10480316423430158,0.08985971424998722,180,havuz,63,ols_rank_normal,ham
cop_at,-0.049733061168324454,-1.2745077154378974,-0.0035643604955309066,0.11014095679359624,0.09529653096221039,180,havuz,63,ols_winsorized_raw,tema_arındırılmış
cop_at,-0.040258076284221525,-1.0067579348529958,-0.002885289852717572,0.10911209149550202,0.0942458350048243,180,havuz,63,ols_winsorized_raw,ham
cop_at,0.00044689665494327774,0.12863642418339383,0.00044689665494327774,0.1526879089467047,0.13861325474991404,180,havuz,63,wls_sqrt_mcap,tema_arındırılmış
cop_at,0.0004978781271872301,0.16569166984728634,0.0004978781271872301,0.1497395304562268,0.13560375683313394,180,havuz,63,wls_sqrt_mcap,ham
cop_at,-0.005152137143081559,-0.8731612504097762,-0.005152137143081559,0.10429821392540306,0.08930487476400044,177,havuz,126,ols_rank_normal,tema_arındırılmış
cop_at,-0.0058454919413056345,-1.0171681935914905,-0.0058454919413056345,0.09964857235866871,0.08457740303441494,177,havuz,126,ols_rank_normal,ham
cop_at,-0.1073826714658257,-1.3825257129060151,-0.0076917321816197814,0.10564351225501065,0.09067574909762731,177,havuz,126,ols_winsorized_raw,tema_arındırılmış
cop_at,-0.0992233728818189,-1.2434646463375625,-0.007107288354311734,0.10274871862457507,0.08773272435877845,177,havuz,126,ols_winsorized_raw,ham
cop_at,2.6946076532615534e-05,0.004087543151037216,2.6946076532615534e-05,0.14073664585588985,0.1264264809816804,177,havuz,126,wls_sqrt_mcap,tema_arındırılmış
cop_at,-0.0009051339083519618,-0.16214557776968927,-0.0009051339083519618,0.12325147257940455,0.10867476370309141,177,havuz,126,wls_sqrt_mcap,ham
dist_52w_high,0.0013835103394630112,0.8294881079731066,0.0013835103394630112,0.0810625936257579,0.07065218424357436,182,havuz,21,ols_rank_normal,tema_arındırılmış
dist_52w_high,0.0030902262623553832,1.5159364929622912,0.0030902262623553832,0.09613973949381574,0.08587870191087205,182,havuz,21,ols_rank_normal,ham
dist_52w_high,0.013761611032391456,1.4009998503219037,0.002500593601663798,0.08485976235244756,0.07449985116554039,182,havuz,21,ols_winsorized_raw,tema_arındırılmış
dist_52w_high,0.019735661916990714,1.7232095190818333,0.00358612591200747,0.10171231337116574,0.09151818729985169,182,havuz,21,ols_winsorized_raw,ham
dist_52w_high,0.00033711278873226974,0.2288819414833921,0.00033711278873226974,0.13030745860367357,0.1205587428375182,182,havuz,21,wls_sqrt_mcap,tema_arındırılmış
dist_52w_high,0.002603292188970395,1.4439529093205126,0.002603292188970395,0.14148785038782105,0.1318497839331476,182,havuz,21,wls_sqrt_mcap,ham
dist_52w_high,0.0040809614324481235,1.1929154317160278,0.0040809614324481235,0.0635360647550955,0.05282093790067787,180,havuz,63,ols_rank_normal,tema_arındırılmış
dist_52w_high,0.006913572985979543,1.5186199712284325,0.006913572985979543,0.07487519231883491,0.0642654834571733,180,havuz,63,ols_rank_normal,ham
dist_52w_high,0.037738056170285784,1.8230926117034878,0.00685468539337018,0.06698005616221538,0.05631403677939274,180,havuz,63,ols_winsorized_raw,tema_arındırılmış
dist_52w_high,0.04578059165812402,1.8249867764961578,0.008315519790494049,0.07978025939240815,0.06923110165790945,180,havuz,63,ols_winsorized_raw,ham
dist_52w_high,0.0018936739233250306,0.6433925041164893,0.0018936739233250306,0.10798140918613086,0.09784024911551378,180,havuz,63,wls_sqrt_mcap,tema_arındırılmış
dist_52w_high,0.0054453370836219555,1.370760562695353,0.0054453370836219555,0.11770688778986689,0.10764720855702073,180,havuz,63,wls_sqrt_mcap,ham
dist_52w_high,0.009633993613464962,1.5473719692528316,0.009633993613464962,0.05475043022370064,0.04385817896717701,177,havuz,126,ols_rank_normal,tema_arındırılmış
dist_52w_high,0.011670757469966767,1.350737288915376,0.011670757469966767,0.06794167926528148,0.057177140223833356,177,havuz,126,ols_rank_normal,ham
dist_52w_high,0.06981789326943592,1.967524589655526,0.012688806382068533,0.05816196264856957,0.0473157281360599,177,havuz,126,ols_winsorized_raw,tema_arındırılmış
dist_52w_high,0.07671634806073799,1.6375370963662133,0.013942541679472646,0.07343845580878144,0.06273954911644732,177,havuz,126,ols_winsorized_raw,ham
dist_52w_high,0.00590749569320605,1.0596636831522888,0.00590749569320605,0.09387978106190241,0.08350191761986678,177,havuz,126,wls_sqrt_mcap,tema_arındırılmış
dist_52w_high,0.008551757508391346,1.1363167185436733,0.008551757508391346,0.09538586379058486,0.08500174165413396,177,havuz,126,wls_sqrt_mcap,ham
droe,0.0003310158106191012,0.2752897848288995,0.0003310158106191012,0.11121582759337931,0.05415667120845038,181,havuz,21,ols_rank_normal,tema_arındırılmış
droe,0.0005325404941920081,0.4316173580246271,0.0005325404941920081,0.11138209863109705,0.05436186169583899,181,havuz,21,ols_rank_normal,ham
droe,-0.010670191777122397,-0.8751401161417904,-0.0015658150178562414,0.11885070173832551,0.06254500928249333,181,havuz,21,ols_winsorized_raw,tema_arındırılmış
droe,-0.008714832340965342,-0.7016127701649026,-0.0012788725491176582,0.11950292611832598,0.06330975366941263,181,havuz,21,ols_winsorized_raw,ham
droe,-0.00045541571322110384,-0.36587571940538766,-0.00045541571322110384,0.17316584642922972,0.11863670062913656,181,havuz,21,wls_sqrt_mcap,tema_arındırılmış
droe,1.0933933169767628e-05,0.009171881976462338,1.0933933169767628e-05,0.1758845494422626,0.1214554058163462,181,havuz,21,wls_sqrt_mcap,ham
droe,0.0009359307836344572,0.323350316422767,0.0009359307836344572,0.11047097905095445,0.05287307905111375,179,havuz,63,ols_rank_normal,tema_arındırılmış
droe,0.0015444914468227475,0.49584215236942003,0.0015444914468227475,0.10940108643549089,0.051901636333501935,179,havuz,63,ols_rank_normal,ham
droe,-0.018475182320729283,-0.7801088567057954,-0.002682551941657179,0.11269483694249346,0.0555614822914458,179,havuz,63,ols_winsorized_raw,tema_arındırılmış
droe,-0.016542906176937596,-0.6496955977270696,-0.0024019901030045564,0.11285244494656052,0.05597106631382264,179,havuz,63,ols_winsorized_raw,ham
droe,-0.0018975427749569336,-0.6174874066329693,-0.0018975427749569336,0.16917076379506876,0.11414762942909523,179,havuz,63,wls_sqrt_mcap,tema_arındırılmış
droe,-0.0006426647307667352,-0.21980518035163016,-0.0006426647307667352,0.1705374103386473,0.11571841559015,179,havuz,63,wls_sqrt_mcap,ham
droe,4.815174215284327e-05,0.009141757686854098,4.815174215284327e-05,0.10736287265710921,0.049206839630910285,176,havuz,126,ols_rank_normal,tema_arındırılmış
droe,0.00010697100550876317,0.019105484814332562,0.00010697100550876317,0.10769043741221376,0.049849447827178706,176,havuz,126,ols_rank_normal,ham
droe,-0.0663017214367518,-1.3593275867617711,-0.009482590896164657,0.1044696264895434,0.046332765080684644,176,havuz,126,ols_winsorized_raw,tema_arındırılmış
droe,-0.06705397441763619,-1.2995592437114314,-0.009590179464207373,0.10472025211038806,0.0469005622479931,176,havuz,126,ols_winsorized_raw,ham
droe,-0.003903492221494482,-0.7922542648646208,-0.003903492221494482,0.14993568696851103,0.093966574498379,176,havuz,126,wls_sqrt_mcap,tema_arındırılmış
droe,-0.00343285469109816,-0.6907377030694296,-0.00343285469109816,0.15060958385280063,0.09475744976689154,176,havuz,126,wls_sqrt_mcap,ham
ear_3d,-0.0005839029343134444,-0.7089004962542524,-0.0005839029343134444,0.07328736509296396,0.06164482849644557,182,havuz,21,ols_rank_normal,tema_arındırılmış
ear_3d,-0.0005513323419429225,-0.6758005628390552,-0.0005513323419429225,0.08050773247600677,0.0689423153694678,182,havuz,21,ols_rank_normal,ham
ear_3d,-0.0080358877956505,-0.7264790283699125,-0.0006693965095289047,0.0742115255930128,0.06258678684944334,182,havuz,21,ols_winsorized_raw,tema_arındırılmış
ear_3d,-0.006220814922124365,-0.5632990094279683,-0.0005181993453852457,0.08201770926134724,0.07047708998851941,182,havuz,21,ols_winsorized_raw,ham
ear_3d,-0.0004921597583352859,-0.6155964907441505,-0.0004921597583352859,0.1186084445732607,0.10760918157370944,182,havuz,21,wls_sqrt_mcap,tema_arındırılmış
ear_3d,-0.00035542633736690134,-0.48650439908806437,-0.00035542633736690134,0.12127391919682809,0.11030097684046211,182,havuz,21,wls_sqrt_mcap,ham
ear_3d,-0.0010824559005462937,-0.6574048625136247,-0.0010824559005462937,0.057975563847686214,0.04603248032134355,180,havuz,63,ols_rank_normal,tema_arındırılmış
ear_3d,-0.0011521575805808271,-0.6544876590860651,-0.0011521575805808271,0.06276064993380893,0.05086565454335804,180,havuz,63,ols_rank_normal,ham
ear_3d,-0.019315284743262894,-0.884218522238693,-0.0016040814684983161,0.059145444048583566,0.04721884427555373,180,havuz,63,ols_winsorized_raw,tema_arındırılmış
ear_3d,-0.015109538354258411,-0.6368472276755915,-0.0012548057558449518,0.06484925932860643,0.05298137997771697,180,havuz,63,ols_winsorized_raw,ham
ear_3d,-0.0011493725803291275,-0.6448356798105249,-0.0011493725803291275,0.10162585329878415,0.09029530735830073,180,havuz,63,wls_sqrt_mcap,tema_arındırılmış
ear_3d,-0.0010924675297911397,-0.6050664090740974,-0.0010924675297911397,0.10153163819452611,0.09017528120612421,180,havuz,63,wls_sqrt_mcap,ham
ear_3d,0.00025894147453048603,0.08952008062963898,0.00025894147453048603,0.05037469700398298,0.038259762787340786,177,havuz,126,ols_rank_normal,tema_arındırılmış
ear_3d,3.531295817734066e-05,0.010739293233132607,3.531295817734066e-05,0.05772193473388967,0.04568735542038476,177,havuz,126,ols_rank_normal,ham
ear_3d,0.01415448002553114,0.3745823989744801,0.001171683450186052,0.05204030367855446,0.039945213067419036,177,havuz,126,ols_winsorized_raw,tema_arındırılmış
ear_3d,0.017371908063199753,0.4175080599250534,0.001438016595388215,0.06036729158501731,0.04836667333515095,177,havuz,126,ols_winsorized_raw,ham
ear_3d,0.0014043320901953812,0.3804049493620328,0.0014043320901953812,0.09101890570153777,0.07949371998841175,177,havuz,126,wls_sqrt_mcap,tema_arındırılmış
ear_3d,0.0005902007853289632,0.15395453753803598,0.0005902007853289632,0.08460304035306582,0.07299147957862785,177,havuz,126,wls_sqrt_mcap,ham
ebit_ev,-0.0002162616640006671,-0.15195421775818282,-0.0002162616640006671,0.20119796903341347,0.17942991018324475,182,havuz,21,ols_rank_normal,tema_arındırılmış
ebit_ev,-0.000216261664000667,-0.1519542177581828,-0.000216261664000667,0.20119796903341347,0.17942991018324475,182,havuz,21,ols_rank_normal,ham
ebit_ev,-0.0021911504522811745,-0.14172201531628342,-0.00042732240976995,0.2072011882822621,0.1856101910431343,182,havuz,21,ols_winsorized_raw,tema_arındırılmış
ebit_ev,-0.002191150452281188,-0.14172201531628428,-0.0004273224097699526,0.20720118828226217,0.1856101910431343,182,havuz,21,ols_winsorized_raw,ham
ebit_ev,0.00048375900403383246,0.3311921539564697,0.00048375900403383246,0.230802365020963,0.2099388858532293,182,havuz,21,wls_sqrt_mcap,tema_arındırılmış
ebit_ev,0.0004837590040338326,0.3311921539564699,0.0004837590040338326,0.230802365020963,0.2099388858532293,182,havuz,21,wls_sqrt_mcap,ham
ebit_ev,-0.0017784720178090653,-0.45935083667405463,-0.0017784720178090653,0.18765571461841674,0.16531835143288706,180,havuz,63,ols_rank_normal,tema_arındırılmış
ebit_ev,-0.0017784720178090668,-0.45935083667405496,-0.0017784720178090668,0.1876557146184168,0.16531835143288712,180,havuz,63,ols_rank_normal,ham
ebit_ev,-0.021535446693469722,-0.5039790494942697,-0.004231190629082109,0.19410317115813386,0.17195592073621857,180,havuz,63,ols_winsorized_raw,tema_arındırılmış
ebit_ev,-0.021535446693469726,-0.5039790494942697,-0.0042311906290821094,0.19410317115813389,0.17195592073621857,180,havuz,63,ols_winsorized_raw,ham
ebit_ev,-0.0006382041958136198,-0.17150447326953666,-0.0006382041958136198,0.2204828462079926,0.19915067598353262,180,havuz,63,wls_sqrt_mcap,tema_arındırılmış
ebit_ev,-0.0006382041958136212,-0.17150447326953702,-0.0006382041958136212,0.2204828462079926,0.1991506759835326,180,havuz,63,wls_sqrt_mcap,ham
ebit_ev,-0.0033260931725172917,-0.4862944385437804,-0.0033260931725172917,0.18435935897008554,0.1618714682728023,177,havuz,126,ols_rank_normal,tema_arındırılmış
ebit_ev,-0.003326093172517295,-0.48629443854378074,-0.003326093172517295,0.18435935897008554,0.16187146827280227,177,havuz,126,ols_rank_normal,ham
ebit_ev,-0.0633077477779826,-0.8366649785117148,-0.012576247900639848,0.19074071714892674,0.16844345706540922,177,havuz,126,ols_winsorized_raw,tema_arındırılmış
ebit_ev,-0.0633077477779826,-0.8366649785117151,-0.012576247900639848,0.19074071714892674,0.1684434570654092,177,havuz,126,ols_winsorized_raw,ham
ebit_ev,-0.001031053524178596,-0.15406312896783322,-0.001031053524178596,0.21966145340910842,0.19823912678709568,177,havuz,126,wls_sqrt_mcap,tema_arındırılmış
ebit_ev,-0.0010310535241785969,-0.15406312896783333,-0.0010310535241785969,0.21966145340910845,0.19823912678709568,177,havuz,126,wls_sqrt_mcap,ham
gross_profitability,-0.00013098384934788495,-0.09044445066588347,-0.00013098384934788495,0.09889964986256883,0.07102137219436758,182,havuz,21,ols_rank_normal,tema_arındırılmış
gross_profitability,0.002000159440965857,1.4424266461071331,0.002000159440965857,0.10696401808179826,0.07937497008507065,182,havuz,21,ols_rank_normal,ham
gross_profitability,-0.004343125300635298,-0.6486801244014776,-0.0008490302319125715,0.09770002501162339,0.06979217934945971,182,havuz,21,ols_winsorized_raw,tema_arındırılmış
gross_profitability,0.0032616931829071018,0.5251223517992749,0.0006376228931516643,0.10559609799549088,0.07794122372216752,182,havuz,21,ols_winsorized_raw,ham
gross_profitability,-0.000371618223989475,-0.22336936825432077,-0.000371618223989475,0.15568982760173233,0.1296758431972317,182,havuz,21,wls_sqrt_mcap,tema_arındırılmış
gross_profitability,0.0016502966511667532,1.233842405745567,0.0016502966511667532,0.15921479848728082,0.13329998445688998,182,havuz,21,wls_sqrt_mcap,ham
gross_profitability,-0.0014569850284626516,-0.39203412842909197,-0.0014569850284626516,0.09148670134107406,0.06311257754693833,180,havuz,63,ols_rank_normal,tema_arındırılmış
gross_profitability,0.0039632697739401075,1.0646332684080586,0.0039632697739401075,0.09611844833302041,0.06791021897691599,180,havuz,63,ols_rank_normal,ham
gross_profitability,-0.013489779927809817,-0.7840556406681288,-0.0026341391072868094,0.08977436563515866,0.0613565466156618,180,havuz,63,ols_winsorized_raw,tema_arındırılmış
gross_profitability,0.0036829064522669974,0.2355279437111916,0.0007191583529391577,0.09400054939291975,0.06571095548581792,180,havuz,63,ols_winsorized_raw,ham
gross_profitability,-0.001932924612374784,-0.4613376349797671,-0.001932924612374784,0.14130882555781826,0.11449911034930567,180,havuz,63,wls_sqrt_mcap,tema_arındırılmış
gross_profitability,0.0033583154142616547,0.9201916309136727,0.0033583154142616547,0.14417036920221,0.11734019388622752,180,havuz,63,wls_sqrt_mcap,ham
gross_profitability,-0.0006376503041382649,-0.09629978103961853,-0.0006376503041382649,0.0833822003311563,0.05454961859460418,177,havuz,126,ols_rank_normal,tema_arındırılmış
gross_profitability,0.006465669055479394,0.874001291067992,0.006465669055479394,0.09433002164089414,0.06597528024568303,177,havuz,126,ols_rank_normal,ham
gross_profitability,-0.015694778072050414,-0.5145695546901292,-0.0030604970528441988,0.08304967258459411,0.05420151598311857,177,havuz,126,ols_winsorized_raw,tema_arındırılmış
gross_profitability,0.0005234361667694061,0.016348060458007994,0.00010207056375028722,0.09239218787448372,0.06398102482951348,177,havuz,126,ols_winsorized_raw,ham
gross_profitability,-0.0010976350661993652,-0.14903361807651927,-0.0010976350661993652,0.12541422534607957,0.09791882640037906,177,havuz,126,wls_sqrt_mcap,tema_arındırılmış
gross_profitability,0.005439404557584689,0.7392873216759821,0.005439404557584689,0.11794577972697588,0.09037050603516499,177,havuz,126,wls_sqrt_mcap,ham
idio_vol_60d,0.00012796071753163124,0.06934431403949892,0.00012796071753163124,0.07648308265182958,0.0660212589717966,182,havuz,21,ols_rank_normal,tema_arındırılmış
idio_vol_60d,-0.0008407997981156113,-0.3679177874336302,-0.0008407997981156113,0.09083253490671946,0.08051844818785932,182,havuz,21,ols_rank_normal,ham
idio_vol_60d,-0.0026800040658237134,-0.4324257599288223,-0.0007630628053114817,0.07759271539329383,0.06714833600010808,182,havuz,21,ols_winsorized_raw,tema_arındırılmış
idio_vol_60d,-0.008440775154008493,-1.120737840244034,-0.0024032954465095365,0.09270551554775569,0.08242251730491387,182,havuz,21,ols_winsorized_raw,ham
idio_vol_60d,0.00012002668076315207,0.06973983965344317,0.00012002668076315207,0.12824979477134282,0.11847486710577955,182,havuz,21,wls_sqrt_mcap,tema_arındırılmış
idio_vol_60d,-7.1028881468464e-05,-0.03554335146330238,-7.1028881468464e-05,0.13563738538045875,0.1259254169710531,182,havuz,21,wls_sqrt_mcap,ham
idio_vol_60d,-0.0014685113465375643,-0.3453167418411531,-0.0014685113465375643,0.06154134486069125,0.05080401264217008,180,havuz,63,ols_rank_normal,tema_arındırılmış
idio_vol_60d,-0.0030613516857332193,-0.5614924487767936,-0.0030613516857332193,0.07312299610532329,0.06250477836030818,180,havuz,63,ols_rank_normal,ham
idio_vol_60d,-0.00973185306855851,-0.699970321042042,-0.0027681050788482945,0.06291355159710645,0.05219872834605685,180,havuz,63,ols_winsorized_raw,tema_arındırılmış
idio_vol_60d,-0.023119976299710618,-1.3467497773159025,-0.006576190923478531,0.07518492281899283,0.06460150862888425,180,havuz,63,ols_winsorized_raw,ham
idio_vol_60d,-0.0010984510278022504,-0.2508471823958972,-0.0010984510278022504,0.11107355100121923,0.10097630094207331,180,havuz,63,wls_sqrt_mcap,tema_arındırılmış
idio_vol_60d,-0.0009203541926896677,-0.17735820393956805,-0.0009203541926896677,0.1178826274826082,0.10783863364592952,180,havuz,63,wls_sqrt_mcap,ham
idio_vol_60d,0.005264167339942302,0.7038770038163195,0.005264167339942302,0.054696599408671664,0.04381166293896689,177,havuz,126,ols_rank_normal,tema_arındırılmış
idio_vol_60d,0.0011655864620477418,0.1345179123612182,0.0011655864620477418,0.06640269806128843,0.05564607643433312,177,havuz,126,ols_rank_normal,ham
idio_vol_60d,0.007914949356719015,0.37993213140781373,0.00225177935978395,0.05428425349540479,0.043395434826283025,177,havuz,126,ols_winsorized_raw,tema_arındırılmış
idio_vol_60d,-0.013336672012885367,-0.5168288720295748,-0.003794243198957421,0.06721628749578862,0.05647627611001694,177,havuz,126,ols_winsorized_raw,ham
idio_vol_60d,0.0023519093569738005,0.26080881681181545,0.0023519093569738005,0.10007301201332318,0.08978260662158381,177,havuz,126,wls_sqrt_mcap,tema_arındırılmış
idio_vol_60d,0.0012073694175065955,0.13348062279884704,0.0012073694175065955,0.09756524696652812,0.08724105781932966,177,havuz,126,wls_sqrt_mcap,ham
max_ret_21d,0.0002864063381548754,0.20109806200735705,0.0002864063381548754,0.0738395738690892,0.06333915893899753,182,havuz,21,ols_rank_normal,tema_arındırılmış
max_ret_21d,-0.001111754377284924,-0.6504216127594477,-0.001111754377284924,0.08694726476617837,0.07658413039691597,182,havuz,21,ols_rank_normal,ham
max_ret_21d,-0.00047779092394031186,-0.019705102810469735,-3.006078926669862e-05,0.07649632351069244,0.06603869532169307,182,havuz,21,ols_winsorized_raw,tema_arındırılmış
max_ret_21d,-0.01668478414424508,-0.5728703971600163,-0.00104974321400706,0.0895833134908267,0.07926412520324772,182,havuz,21,ols_winsorized_raw,ham
max_ret_21d,0.0009019685588231578,0.6066245055356503,0.0009019685588231578,0.12582970283747308,0.11602905016238228,182,havuz,21,wls_sqrt_mcap,tema_arındırılmış
max_ret_21d,-0.00022791856377977118,-0.14527989493766866,-0.00022791856377977118,0.1319368461727742,0.12219271814355993,182,havuz,21,wls_sqrt_mcap,ham
max_ret_21d,-0.0002620382221767097,-0.08544820454557824,-0.0002620382221767097,0.05895048278798056,0.04816953570637044,180,havuz,63,ols_rank_normal,tema_arındırılmış
max_ret_21d,-0.002168084562613628,-0.5647011920016484,-0.002168084562613628,0.06885192778140975,0.05817157958664491,180,havuz,63,ols_rank_normal,ham
max_ret_21d,-0.03724111599160351,-0.8276640518155142,-0.0023346238835898034,0.06147334853723123,0.05072964469018982,180,havuz,63,ols_winsorized_raw,tema_arındırılmış
max_ret_21d,-0.08014196299760613,-1.431793364893153,-0.0050240530099625895,0.07147585751853655,0.06083773099980194,180,havuz,63,ols_winsorized_raw,ham
max_ret_21d,0.0007910383521091719,0.24184817437967873,0.0007910383521091719,0.10797343495942294,0.09783739101612292,180,havuz,63,wls_sqrt_mcap,tema_arındırılmış
max_ret_21d,-0.00028038284760830356,-0.07691965112321539,-0.00028038284760830356,0.11251577706680399,0.10240741787545984,180,havuz,63,wls_sqrt_mcap,ham
max_ret_21d,0.000718892347162323,0.14789312860420545,0.000718892347162323,0.05190747250458105,0.040987099670011407,177,havuz,126,ols_rank_normal,tema_arındırılmış
max_ret_21d,-0.0016081677822782385,-0.266656046715821,-0.0016081677822782385,0.06421926299931803,0.053425407787350554,177,havuz,126,ols_rank_normal,ham
max_ret_21d,-0.010422610969705016,-0.17374296515815912,-0.000652480450172482,0.05285772505959585,0.04195418896462728,177,havuz,126,ols_winsorized_raw,tema_arındırılmış
max_ret_21d,-0.07979234074588185,-0.9880748443072918,-0.00499519194964854,0.06505320617882451,0.05428050235018176,177,havuz,126,ols_winsorized_raw,ham
max_ret_21d,-0.0016802892233599845,-0.2810179341318043,-0.0016802892233599845,0.09451104694867034,0.08415634860437061,177,havuz,126,wls_sqrt_mcap,tema_arındırılmış
max_ret_21d,-0.0021814468585400508,-0.33798953003753773,-0.0021814468585400508,0.09316119402728851,0.08277529451673545,177,havuz,126,wls_sqrt_mcap,ham
mom_12_1,0.001886113785218082,1.7466142490998882,0.001886113785218082,0.07748410554244171,0.06702785552146372,182,havuz,21,ols_rank_normal,tema_arındırılmış
mom_12_1,0.003183794859828801,2.074266779383718,0.003183794859828801,0.09672564997651918,0.08647506784659346,182,havuz,21,ols_rank_normal,ham
mom_12_1,0.0014337185327555329,0.8696347010363784,0.0011473327011726519,0.07518392340622959,0.06469955418780352,182,havuz,21,ols_winsorized_raw,tema_arındırılmış
mom_12_1,0.003366813595932718,1.4624833307634495,0.00269429127762064,0.09301930854725354,0.0827266166985206,182,havuz,21,ols_winsorized_raw,ham
mom_12_1,0.0019971208864457478,1.505619705621712,0.0019971208864457478,0.13150944988508287,0.12177045261521857,182,havuz,21,wls_sqrt_mcap,tema_arındırılmış
mom_12_1,0.0032246324626741952,1.7778882234110174,0.0032246324626741952,0.1489498122774231,0.1393960359348744,182,havuz,21,wls_sqrt_mcap,ham
mom_12_1,0.005684648451295884,2.196145308659459,0.005684648451295884,0.06124017164962399,0.05049459041085746,180,havuz,63,ols_rank_normal,tema_arındırılmış
mom_12_1,0.008557459952739432,2.286055290012436,0.008557459952739432,0.0754797955073029,0.06488868001815502,180,havuz,63,ols_rank_normal,ham
mom_12_1,0.006773754998824631,1.6643645270742895,0.005377200394010853,0.059010203724993555,0.048233290823814674,180,havuz,63,ols_winsorized_raw,tema_arındırılmış
mom_12_1,0.011244136187988479,1.9753836815903756,0.00892591679959706,0.0722915953577095,0.061659267967137665,180,havuz,63,ols_winsorized_raw,ham
mom_12_1,0.007206435255366271,2.2919651832953707,0.007206435255366271,0.1096975256341079,0.09956465631670856,180,havuz,63,wls_sqrt_mcap,tema_arındırılmış
mom_12_1,0.009161021464794483,2.0623621600788558,0.009161021464794483,0.12317505016586341,0.1131785202172577,180,havuz,63,wls_sqrt_mcap,ham
mom_12_1,0.00922689662517257,1.6794483901371482,0.00922689662517257,0.05487701283860181,0.04399163481040075,177,havuz,126,ols_rank_normal,tema_arındırılmış
mom_12_1,0.01298620401677797,1.7075534017235912,0.01298620401677797,0.06980082828064088,0.05907407817103064,177,havuz,126,ols_rank_normal,ham
mom_12_1,0.013646394921545669,1.4943231163058148,0.010608612451670767,0.05427259265860241,0.04337397719662326,177,havuz,126,ols_winsorized_raw,tema_arındırılmış
mom_12_1,0.019819785200871968,1.7231085381150069,0.015407763096423348,0.06743268032823796,0.056677782326863754,177,havuz,126,ols_winsorized_raw,ham
mom_12_1,0.011110863608881649,1.5639107732444857,0.011110863608881649,0.09716298046713752,0.08682408037236919,177,havuz,126,wls_sqrt_mcap,tema_arındırılmış
mom_12_1,0.013796320247358091,1.5299339690277798,0.013796320247358091,0.1016830297587223,0.09138301837249693,177,havuz,126,wls_sqrt_mcap,ham
net_debt_ebitda,0.0006543817710369998,0.5349534830454548,0.0006543817710369998,0.19384105351911626,0.17023933910627412,182,havuz,21,ols_rank_normal,tema_arındırılmış
net_debt_ebitda,0.0006543817710369987,0.5349534830454539,0.0006543817710369987,0.19384105351911632,0.17023933910627412,182,havuz,21,ols_rank_normal,ham
net_debt_ebitda,0.00029333869354105827,0.9200305084726818,0.0012351727671940113,0.1991639145414419,0.17574270828821964,182,havuz,21,ols_winsorized_raw,tema_arındırılmış
net_debt_ebitda,0.0002933386935410582,0.9200305084726812,0.001235172767194011,0.19916391454144186,0.17574270828821958,182,havuz,21,ols_winsorized_raw,ham
net_debt_ebitda,0.0006033358492197722,0.4817221879906557,0.0006033358492197722,0.22078692369990763,0.19806818757410932,182,havuz,21,wls_sqrt_mcap,tema_arındırılmış
net_debt_ebitda,0.0006033358492197721,0.4817221879906555,0.0006033358492197721,0.22078692369990763,0.19806818757410932,182,havuz,21,wls_sqrt_mcap,ham
net_debt_ebitda,0.0012537788793629922,0.37798990789316134,0.0012537788793629922,0.1788558095933035,0.15464106522167764,180,havuz,63,ols_rank_normal,tema_arındırılmış
net_debt_ebitda,0.0012537788793629914,0.3779899078931611,0.0012537788793629914,0.1788558095933035,0.15464106522167767,180,havuz,63,ols_rank_normal,ham
net_debt_ebitda,0.0006112707565539788,0.7426332002236118,0.0025786382762202874,0.18315619964360683,0.159075816281011,180,havuz,63,ols_winsorized_raw,tema_arındırılmış
net_debt_ebitda,0.0006112707565539778,0.7426332002236101,0.0025786382762202835,0.18315619964360677,0.159075816281011,180,havuz,63,ols_winsorized_raw,ham
net_debt_ebitda,-0.0004909831287101547,-0.1492314861424608,-0.0004909831287101547,0.21011164129270668,0.18692186037385558,180,havuz,63,wls_sqrt_mcap,tema_arındırılmış
net_debt_ebitda,-0.0004909831287101539,-0.1492314861424606,-0.0004909831287101539,0.21011164129270668,0.18692186037385558,180,havuz,63,wls_sqrt_mcap,ham
net_debt_ebitda,0.0032623101577124764,0.5850619605820188,0.0032623101577124764,0.17479881673671174,0.1503747898664508,177,havuz,126,ols_rank_normal,tema_arındırılmış
net_debt_ebitda,0.003262310157712475,0.5850619605820184,0.003262310157712475,0.17479881673671172,0.1503747898664508,177,havuz,126,ols_rank_normal,ham
net_debt_ebitda,0.0006772058160065512,0.50406228501935,0.0028693295475142396,0.1762422308394372,0.15185329249647384,177,havuz,126,ols_winsorized_raw,tema_arındırılmış
net_debt_ebitda,0.0006772058160065412,0.5040622850193426,0.0028693295475141966,0.1762422308394372,0.15185329249647384,177,havuz,126,ols_winsorized_raw,ham
net_debt_ebitda,-0.0015637782942695406,-0.28340701105528965,-0.0015637782942695406,0.20808490590373352,0.18476607160030192,177,havuz,126,wls_sqrt_mcap,tema_arındırılmış
net_debt_ebitda,-0.0015637782942695378,-0.2834070110552892,-0.0015637782942695378,0.20808490590373352,0.18476607160030192,177,havuz,126,wls_sqrt_mcap,ham
ocf_ev,0.0014204058959039053,0.8602266442792122,0.0014204058959039053,0.20183996427021292,0.18264945538535823,182,havuz,21,ols_rank_normal,tema_arındırılmış
ocf_ev,0.0014204058959039036,0.8602266442792112,0.0014204058959039036,0.20183996427021292,0.1826494553853583,182,havuz,21,ols_rank_normal,ham
ocf_ev,0.02163965995751714,1.17066870539335,0.0017297710740162074,0.20303323263235884,0.1838984472393959,182,havuz,21,ols_winsorized_raw,tema_arındırılmış
ocf_ev,0.02163965995751712,1.1706687053933489,0.0017297710740162059,0.20303323263235884,0.1838984472393959,182,havuz,21,ols_winsorized_raw,ham
ocf_ev,0.0020750048600429428,1.2767632639791107,0.0020750048600429428,0.233062338230306,0.21474430247767098,182,havuz,21,wls_sqrt_mcap,tema_arındırılmış
ocf_ev,0.0020750048600429393,1.2767632639791082,0.0020750048600429393,0.233062338230306,0.21474430247767098,182,havuz,21,wls_sqrt_mcap,ham
ocf_ev,0.0016385721539156307,0.3931529290222839,0.0016385721539156307,0.18499905776443445,0.16525183484693148,180,havuz,63,ols_rank_normal,tema_arındırılmış
ocf_ev,0.0016385721539156307,0.39315292902228377,0.0016385721539156307,0.18499905776443437,0.16525183484693146,180,havuz,63,ols_rank_normal,ham
ocf_ev,0.02729127228267733,0.5600085276926766,0.002181947790694649,0.18739574746635818,0.16773664142689584,180,havuz,63,ols_winsorized_raw,tema_arındırılmış
ocf_ev,0.027291272282677293,0.5600085276926758,0.002181947790694646,0.18739574746635815,0.16773664142689584,180,havuz,63,ols_winsorized_raw,ham
ocf_ev,0.002911715185393374,0.7108512578843634,0.002911715185393374,0.2208771508818653,0.20214018677965567,180,havuz,63,wls_sqrt_mcap,tema_arındırılmış
ocf_ev,0.002911715185393379,0.7108512578843648,0.002911715185393379,0.22087715088186535,0.20214018677965562,180,havuz,63,wls_sqrt_mcap,ham
ocf_ev,0.0018932621392156058,0.22307228025203893,0.0018932621392156058,0.18182926139160407,0.16197755225674315,177,havuz,126,ols_rank_normal,tema_arındırılmış
ocf_ev,0.0018932621392156064,0.22307228025203896,0.0018932621392156064,0.18182926139160407,0.16197755225674315,177,havuz,126,ols_rank_normal,ham
ocf_ev,0.020617923625488848,0.20282637163837575,0.0016477852109039808,0.1825295713218328,0.16270130316878811,177,havuz,126,ols_winsorized_raw,tema_arındırılmış
ocf_ev,0.0206179236254888,0.20282637163837527,0.001647785210903977,0.1825295713218328,0.16270130316878814,177,havuz,126,ols_winsorized_raw,ham
ocf_ev,0.0048496321452747545,0.6017290438718952,0.0048496321452747545,0.22180355504627905,0.20309633004820205,177,havuz,126,wls_sqrt_mcap,tema_arındırılmış
ocf_ev,0.004849632145274761,0.601729043871896,0.004849632145274761,0.22180355504627908,0.20309633004820205,177,havuz,126,wls_sqrt_mcap,ham
oil_beta_trend,-0.00026967763506481656,-0.11058881400620225,-0.00026967763506481656,0.1587792444374349,0.12805323501543575,182,havuz,21,ols_rank_normal,tema_arındırılmış
oil_beta_trend,-0.0002696776350648169,-0.11058881400620237,-0.0002696776350648169,0.1587792444374349,0.12805323501543578,182,havuz,21,ols_rank_normal,ham
oil_beta_trend,0.0017114203810804842,0.1935009036307857,0.0006462388311739244,0.15740145542717957,0.12663855629918389,182,havuz,21,ols_winsorized_raw,tema_arındırılmış
oil_beta_trend,0.0017114203810804744,0.19350090363078462,0.0006462388311739207,0.15740145542717954,0.12663855629918389,182,havuz,21,ols_winsorized_raw,ham
oil_beta_trend,0.0008455607093275321,0.38043874958666546,0.0008455607093275321,0.18287039177053188,0.15313233101542392,182,havuz,21,wls_sqrt_mcap,tema_arındırılmış
oil_beta_trend,0.0008455607093275308,0.38043874958666496,0.0008455607093275308,0.18287039177053188,0.1531323310154239,182,havuz,21,wls_sqrt_mcap,ham
oil_beta_trend,-0.0032456995284911427,-0.5890296088822445,-0.0032456995284911427,0.1583314229461529,0.12740010910026023,180,havuz,63,ols_rank_normal,tema_arındırılmış
oil_beta_trend,-0.003245699528491145,-0.589029608882245,-0.003245699528491145,0.15833142294615288,0.12740010910026023,180,havuz,63,ols_rank_normal,ham
oil_beta_trend,-0.003406786840823387,-0.1599829036012597,-0.0012923504056164517,0.15852128042071154,0.12761024575286126,180,havuz,63,ols_winsorized_raw,tema_arındırılmış
oil_beta_trend,-0.003406786840823412,-0.15998290360126088,-0.0012923504056164613,0.15852128042071154,0.12761024575286126,180,havuz,63,ols_winsorized_raw,ham
oil_beta_trend,-0.001821292019642604,-0.34911326923843033,-0.001821292019642604,0.18481855878512626,0.15497864664444513,180,havuz,63,wls_sqrt_mcap,tema_arındırılmış
oil_beta_trend,-0.0018212920196426024,-0.3491132692384301,-0.0018212920196426024,0.1848185587851263,0.15497864664444513,180,havuz,63,wls_sqrt_mcap,ham
oil_beta_trend,-0.002281031934759102,-0.23224488033513607,-0.002281031934759102,0.1604164590629491,0.12945368451527112,177,havuz,126,ols_rank_normal,tema_arındırılmış
oil_beta_trend,-0.002281031934759101,-0.232244880335136,-0.002281031934759101,0.16041645906294913,0.12945368451527114,177,havuz,126,ols_rank_normal,ham
oil_beta_trend,0.007878342374550582,0.21483179583488377,0.003008174148666135,0.15820258623214078,0.12716965669587357,177,havuz,126,ols_winsorized_raw,tema_arındırılmış
oil_beta_trend,0.007878342374550555,0.21483179583488307,0.003008174148666125,0.15820258623214078,0.12716965669587357,177,havuz,126,ols_winsorized_raw,ham
oil_beta_trend,-0.0018147981588801862,-0.18850419051613532,-0.0018147981588801862,0.19150057422316813,0.16184758985580858,177,havuz,126,wls_sqrt_mcap,tema_arındırılmış
oil_beta_trend,-0.00181479815888019,-0.18850419051613573,-0.00181479815888019,0.19150057422316813,0.16184758985580858,177,havuz,126,wls_sqrt_mcap,ham
profitable_growth,,,,0.4102417878601134,0.2493986390946898,5,havuz,21,ols_rank_normal,tema_arındırılmış
profitable_growth,,,,0.4102417878601135,0.24939863909468993,5,havuz,21,ols_rank_normal,ham
profitable_growth,,,,0.38399308625311934,0.21599120068578825,5,havuz,21,ols_winsorized_raw,tema_arındırılmış
profitable_growth,,,,0.38399308625311945,0.2159912006857884,5,havuz,21,ols_winsorized_raw,ham
profitable_growth,,,,0.5733098430851512,0.45693980029019254,5,havuz,21,wls_sqrt_mcap,tema_arındırılmış
profitable_growth,,,,0.5733098430851512,0.4569398002901924,5,havuz,21,wls_sqrt_mcap,ham
profitable_growth,,,,0.4324927968256966,0.2777181050508865,5,havuz,63,ols_rank_normal,tema_arındırılmış
profitable_growth,,,,0.4324927968256966,0.2777181050508865,5,havuz,63,ols_rank_normal,ham
profitable_growth,,,,0.4451270177075279,0.29379802253685366,5,havuz,63,ols_winsorized_raw,tema_arındırılmış
profitable_growth,,,,0.44512701770752783,0.2937980225368536,5,havuz,63,ols_winsorized_raw,ham
profitable_growth,,,,0.5631027356217426,0.44394893624585424,5,havuz,63,wls_sqrt_mcap,tema_arındırılmış
profitable_growth,,,,0.5631027356217426,0.44394893624585424,5,havuz,63,wls_sqrt_mcap,ham
profitable_growth,,,,0.3605124501098476,0.18610675468526056,5,havuz,126,ols_rank_normal,tema_arındırılmış
profitable_growth,,,,0.36051245010984756,0.18610675468526058,5,havuz,126,ols_rank_normal,ham
profitable_growth,,,,0.4002565853812069,0.23669019957608145,5,havuz,126,ols_winsorized_raw,tema_arındırılmış
profitable_growth,,,,0.4002565853812066,0.2366901995760812,5,havuz,126,ols_winsorized_raw,ham
profitable_growth,,,,0.6346163408831655,0.5349662520331198,5,havuz,126,wls_sqrt_mcap,tema_arındırılmış
profitable_growth,,,,0.6346163408831655,0.5349662520331198,5,havuz,126,wls_sqrt_mcap,ham
share_issuance,0.0013374278840311937,1.435164813724206,0.0013374278840311937,0.07459676811334966,0.06334350853531912,182,havuz,21,ols_rank_normal,tema_arındırılmış
share_issuance,0.001354649597770044,1.06785336547012,0.001354649597770044,0.08862536367062179,0.07751686256649194,182,havuz,21,ols_rank_normal,ham
share_issuance,0.003489980215439261,0.7508911202884552,0.0007073188523533543,0.07464238542617853,0.06340231369756341,182,havuz,21,ols_winsorized_raw,tema_arındırılmış
share_issuance,0.003187894042915019,0.5818997939162662,0.0006460946528818479,0.08678828583871313,0.07568212006090042,182,havuz,21,ols_winsorized_raw,ham
share_issuance,0.0012939476579252082,1.2746502623931806,0.0012939476579252082,0.1290381828800338,0.11860700973605272,182,havuz,21,wls_sqrt_mcap,tema_arındırılmış
share_issuance,0.002105474395750164,1.739810472608869,0.002105474395750164,0.1351064179216502,0.12473646558238496,182,havuz,21,wls_sqrt_mcap,ham
share_issuance,0.0009399100232197272,0.37914660564495917,0.0009399100232197272,0.06000606354736235,0.04839007945127509,180,havuz,63,ols_rank_normal,tema_arındırılmış
share_issuance,0.0012143082856282028,0.3475340507195558,0.0012143082856282028,0.0700671961268296,0.058549635692319316,180,havuz,63,ols_rank_normal,ham
share_issuance,-0.0008070024330354092,-0.06631836904921291,-0.00016303336287874572,0.060225852769233305,0.04861868795736721,180,havuz,63,ols_winsorized_raw,tema_arındırılmış
share_issuance,-0.0007220160889495557,-0.051135891259889044,-0.0001458641340042165,0.06831205688409644,0.056791098077247554,180,havuz,63,ols_winsorized_raw,ham
share_issuance,0.0015833206883958768,0.5976705428557929,0.0015833206883958768,0.11166595510535202,0.10082441489676819,180,havuz,63,wls_sqrt_mcap,tema_arındırılmış
share_issuance,0.003091223433964062,1.036528540004113,0.003091223433964062,0.11605861329116915,0.10523943858623035,180,havuz,63,wls_sqrt_mcap,ham
share_issuance,0.0008844271979485842,0.1869744370034528,0.0008844271979485842,0.05365929941148229,0.041905938442409196,177,havuz,126,ols_rank_normal,tema_arındırılmış
share_issuance,0.002840583651463372,0.3961979414635231,0.002840583651463372,0.0662230561147909,0.05459829736363388,177,havuz,126,ols_rank_normal,ham
share_issuance,-0.00331434606324336,-0.15529240129036934,-0.0006646721111341049,0.053883355676779245,0.0421317588663068,177,havuz,126,ols_winsorized_raw,tema_arındırılmış
share_issuance,2.6876576683760916e-05,0.0010482610115649064,5.389935336737748e-06,0.06398133831260493,0.0523450188001897,177,havuz,126,ols_winsorized_raw,ham
share_issuance,0.0033305733868127228,0.6946844876012924,0.0033305733868127228,0.09805423084466593,0.08698455986324272,177,havuz,126,wls_sqrt_mcap,tema_arındırılmış
share_issuance,0.006702053685418089,1.2521911719299257,0.006702053685418089,0.09404435356430799,0.08289968242058961,177,havuz,126,wls_sqrt_mcap,ham
sue,-0.0002703050063933039,-0.24135671211125986,-0.0002703050063933039,0.10229456128419981,0.047305033096303364,178,havuz,21,ols_rank_normal,tema_arındırılmış
sue,-0.0005702333121938593,-0.5009543794450572,-0.0005702333121938593,0.10272847781398949,0.04780140246943791,178,havuz,21,ols_rank_normal,ham
sue,-0.00034224672274989513,-0.347697066998202,-0.00042317928159945836,0.1040953135565122,0.04922459514827719,178,havuz,21,ols_winsorized_raw,tema_arındırılmış
sue,-0.0007181448537159653,-0.7156802333354764,-0.0008879676650752193,0.10593158273319515,0.05128321636446291,178,havuz,21,ols_winsorized_raw,ham
sue,-0.0006728954385077808,-0.5457180078286664,-0.0006728954385077808,0.16930204350469982,0.11709306838175382,178,havuz,21,wls_sqrt_mcap,tema_arındırılmış
sue,-0.0006669879991853924,-0.5406933805224339,-0.0006669879991853924,0.17264690333303648,0.12061258874563832,178,havuz,21,wls_sqrt_mcap,ham
sue,0.0007985336431522101,0.31949478663312514,0.0007985336431522101,0.09894071319875394,0.043295948433373144,176,havuz,63,ols_rank_normal,tema_arındırılmış
sue,-0.00029803713978388577,-0.1143451875520289,-0.00029803713978388577,0.09844371935377949,0.04298466458916925,176,havuz,63,ols_rank_normal,ham
sue,0.00011196559883888293,0.05495383261411123,0.00013853264344564049,0.09630588426597243,0.04037624752523392,176,havuz,63,ols_winsorized_raw,tema_arındırılmış
sue,-0.0011285585164584459,-0.5274466814764566,-0.0013963413422461422,0.09883948019819805,0.043454311547350646,176,havuz,63,ols_winsorized_raw,ham
sue,-0.0013738797603473816,-0.5071340669458944,-0.0013738797603473816,0.16212708854922706,0.10938377521754425,176,havuz,63,wls_sqrt_mcap,tema_arındırılmış
sue,-0.0015559700749215694,-0.5570366336682637,-0.0015559700749215694,0.1643965832654222,0.11185806507533275,176,havuz,63,wls_sqrt_mcap,ham
sue,0.0017661254081679286,0.3749917029373489,0.0017661254081679286,0.09876602455619625,0.042775620236489995,173,havuz,126,ols_rank_normal,tema_arındırılmış
sue,-0.0010762094298887607,-0.2124411559021895,-0.0010762094298887607,0.09844407077964595,0.042683327385250484,173,havuz,126,ols_rank_normal,ham
sue,0.0009029451888976351,0.2363015526503477,0.0011181092269366578,0.09339124477712149,0.03689703249557579,173,havuz,126,ols_winsorized_raw,tema_arındırılmış
sue,-0.0017490036023474196,-0.4218649654912605,-0.0021657760512767987,0.09568347324049192,0.039776031154290445,173,havuz,126,ols_winsorized_raw,ham
sue,-0.0033265651254870544,-0.6675349956191623,-0.0033265651254870544,0.1486131421940224,0.09515056940956931,173,havuz,126,wls_sqrt_mcap,tema_arındırılmış
sue,-0.005055824848379881,-0.9352818091332125,-0.005055824848379881,0.14925021729677135,0.09583951220865208,173,havuz,126,wls_sqrt_mcap,ham
sue_announce,0.0014720319049157827,1.7086864957936805,0.0014720319049157827,0.10733537983442744,0.08589614782324334,182,havuz,21,ols_rank_normal,tema_arındırılmış
sue_announce,0.0016451572466685258,1.7812294494393732,0.0016451572466685258,0.11173666698776732,0.09033510657515188,182,havuz,21,ols_rank_normal,ham
sue_announce,0.0009500501362656914,1.4526590578303575,0.0012429436749738854,0.10726037711100365,0.08581908005183048,182,havuz,21,ols_winsorized_raw,tema_arındırılmış
sue_announce,0.0011576034578757793,1.63578749895514,0.0015144841742248992,0.11390086980809187,0.0925530604355853,182,havuz,21,ols_winsorized_raw,ham
sue_announce,0.0017264332901800769,2.089241594051379,0.0017264332901800769,0.15141990733336125,0.13113453710960354,182,havuz,21,wls_sqrt_mcap,tema_arındırılmış
sue_announce,0.0020093355027669944,2.421321015100472,0.0020093355027669944,0.14610090183749963,0.1255796327488424,182,havuz,21,wls_sqrt_mcap,ham
sue_announce,0.004767294357397221,2.228930549689905,0.004767294357397221,0.08576749096995946,0.06358499127736451,180,havuz,63,ols_rank_normal,tema_arındırılmış
sue_announce,0.005236289358052676,2.3668045522137255,0.005236289358052676,0.08755777680937717,0.06539515088941457,180,havuz,63,ols_rank_normal,ham
sue_announce,0.0032384232781671593,1.8995740536729657,0.004237046223532445,0.08398334539006697,0.0617528581275139,180,havuz,63,ols_winsorized_raw,tema_arındırılmış
sue_announce,0.003968395187773596,2.2891634160890897,0.0051921173977469565,0.08791148687592264,0.06575436646497052,180,havuz,63,ols_winsorized_raw,ham
sue_announce,0.004418637767346452,2.2157741795444172,0.004418637767346452,0.12640371560485722,0.10528166008760947,180,havuz,63,wls_sqrt_mcap,tema_arındırılmış
sue_announce,0.0055496292914011015,2.830444358315495,0.0055496292914011015,0.1250838357909337,0.10386758664740212,180,havuz,63,wls_sqrt_mcap,ham
sue_announce,0.007731300195684209,2.0302024246588823,0.007731300195684209,0.07836371559227172,0.05586523577742475,177,havuz,126,ols_rank_normal,tema_arındırılmış
sue_announce,0.009707535443922192,2.337611596452291,0.009707535443922192,0.0813560235469847,0.05890101316402676,177,havuz,126,ols_rank_normal,ham
sue_announce,0.005828640829515192,1.9193436239709032,0.007633226476582236,0.07587674703864736,0.05330389175957582,177,havuz,126,ols_winsorized_raw,tema_arındırılmış
sue_announce,0.0080579510188377,2.4556789609393803,0.01055274580525333,0.08134436861325628,0.058892976345492,177,havuz,126,ols_winsorized_raw,ham
sue_announce,0.00550224011801791,1.5650384730221198,0.00550224011801791,0.11900445604454134,0.09751214449125208,177,havuz,126,wls_sqrt_mcap,tema_arındırılmış
sue_announce,0.009531816024562087,2.4015576990554783,0.009531816024562087,0.10698131676352234,0.08516685037943787,177,havuz,126,wls_sqrt_mcap,ham
asset_growth,-0.002672023636006296,-1.6770257739233123,-0.002672023636006296,0.439541440706378,0.20221349171710262,177,havuz,21,ols_rank_normal_all,tema_arındırılmış
capex_at,0.0011364592459743002,0.5710595685691722,0.0011364592459743002,0.439541440706378,0.20221349171710262,177,havuz,21,ols_rank_normal_all,tema_arındırılmış
cash_runway_years,-4.916760871445015e-05,-0.021146556084305303,-4.916760871445015e-05,0.439541440706378,0.20221349171710262,177,havuz,21,ols_rank_normal_all,tema_arındırılmış
cop_at,0.0024492137339072206,1.0340162332791465,0.0024492137339072206,0.439541440706378,0.20221349171710262,177,havuz,21,ols_rank_normal_all,tema_arındırılmış
dist_52w_high,-0.0032399286913418718,-1.4214122438712793,-0.0032399286913418718,0.439541440706378,0.20221349171710262,177,havuz,21,ols_rank_normal_all,tema_arındırılmış
droe,0.0016398953095057495,0.9301232804206141,0.0016398953095057495,0.439541440706378,0.20221349171710262,177,havuz,21,ols_rank_normal_all,tema_arındırılmış
ear_3d,-0.0002663016460182277,-0.21612399253057818,-0.0002663016460182277,0.439541440706378,0.20221349171710262,177,havuz,21,ols_rank_normal_all,tema_arındırılmış
ebit_ev,-0.0032553337381287326,-1.7398429235992188,-0.0032553337381287326,0.439541440706378,0.20221349171710262,177,havuz,21,ols_rank_normal_all,tema_arındırılmış
gross_profitability,-0.0023646553621181872,-1.3295174833590435,-0.0023646553621181872,0.439541440706378,0.20221349171710262,177,havuz,21,ols_rank_normal_all,tema_arındırılmış
idio_vol_60d,-0.0010186068493663384,-0.43136158739065145,-0.0010186068493663384,0.439541440706378,0.20221349171710262,177,havuz,21,ols_rank_normal_all,tema_arındırılmış
max_ret_21d,0.002942653826357446,1.8693229142270584,0.002942653826357446,0.439541440706378,0.20221349171710262,177,havuz,21,ols_rank_normal_all,tema_arındırılmış
mom_12_1,0.004287085984920076,2.152702251685943,0.004287085984920076,0.439541440706378,0.20221349171710262,177,havuz,21,ols_rank_normal_all,tema_arındırılmış
net_debt_ebitda,0.0016126526175098954,1.1514011757383447,0.0016126526175098954,0.439541440706378,0.20221349171710262,177,havuz,21,ols_rank_normal_all,tema_arındırılmış
ocf_ev,0.0018456609807980355,0.7903185012814123,0.0018456609807980355,0.439541440706378,0.20221349171710262,177,havuz,21,ols_rank_normal_all,tema_arındırılmış
profitable_growth,-0.0009305737054387615,-0.5005373968076033,-0.0009305737054387615,0.439541440706378,0.20221349171710262,177,havuz,21,ols_rank_normal_all,tema_arındırılmış
share_issuance,0.0013806734729406845,0.9459840683040155,0.0013806734729406845,0.439541440706378,0.20221349171710262,177,havuz,21,ols_rank_normal_all,tema_arındırılmış
sue,-0.0016152578752746138,-1.012500170308,-0.0016152578752746138,0.439541440706378,0.20221349171710262,177,havuz,21,ols_rank_normal_all,tema_arındırılmış
asset_growth,-0.006227554682821623,-1.533334546936791,-0.006227554682821623,0.42595765565770277,0.18147604055557406,175,havuz,63,ols_rank_normal_all,tema_arındırılmış
capex_at,0.0042309672597301,0.9557519157567422,0.0042309672597301,0.42595765565770277,0.18147604055557406,175,havuz,63,ols_rank_normal_all,tema_arındırılmış
cash_runway_years,0.001272852531067696,0.2079253962191305,0.001272852531067696,0.42595765565770277,0.18147604055557406,175,havuz,63,ols_rank_normal_all,tema_arındırılmış
cop_at,0.002390873082404454,0.45917517257929,0.002390873082404454,0.42595765565770277,0.18147604055557406,175,havuz,63,ols_rank_normal_all,tema_arındırılmış
dist_52w_high,-0.00391092904228577,-0.9499836386960177,-0.00391092904228577,0.42595765565770277,0.18147604055557406,175,havuz,63,ols_rank_normal_all,tema_arındırılmış
droe,-0.0005863166295007211,-0.15704579494718945,-0.0005863166295007211,0.42595765565770277,0.18147604055557406,175,havuz,63,ols_rank_normal_all,tema_arındırılmış
ear_3d,0.001956709329332939,0.7503856273733802,0.001956709329332939,0.42595765565770277,0.18147604055557406,175,havuz,63,ols_rank_normal_all,tema_arındırılmış
ebit_ev,-0.0083368311651076,-2.1830000995584853,-0.0083368311651076,0.42595765565770277,0.18147604055557406,175,havuz,63,ols_rank_normal_all,tema_arındırılmış
gross_profitability,-0.005232649080306789,-1.2240075068317855,-0.005232649080306789,0.42595765565770277,0.18147604055557406,175,havuz,63,ols_rank_normal_all,tema_arındırılmış
idio_vol_60d,-0.004298169127903081,-0.7847713675895532,-0.004298169127903081,0.42595765565770277,0.18147604055557406,175,havuz,63,ols_rank_normal_all,tema_arındırılmış
max_ret_21d,0.004607666208434028,1.4481068751526673,0.004607666208434028,0.42595765565770277,0.18147604055557406,175,havuz,63,ols_rank_normal_all,tema_arındırılmış
mom_12_1,0.009746428271736758,1.9983781893656296,0.009746428271736758,0.42595765565770277,0.18147604055557406,175,havuz,63,ols_rank_normal_all,tema_arındırılmış
net_debt_ebitda,0.003313741196581822,0.9451160707170473,0.003313741196581822,0.42595765565770277,0.18147604055557406,175,havuz,63,ols_rank_normal_all,tema_arındırılmış
ocf_ev,0.005188367141286663,0.956216029634031,0.005188367141286663,0.42595765565770277,0.18147604055557406,175,havuz,63,ols_rank_normal_all,tema_arındırılmış
profitable_growth,-0.0020900605188291484,-0.45566425058167137,-0.0020900605188291484,0.42595765565770277,0.18147604055557406,175,havuz,63,ols_rank_normal_all,tema_arındırılmış
share_issuance,0.0026965593390593165,0.7910496889794291,0.0026965593390593165,0.42595765565770277,0.18147604055557406,175,havuz,63,ols_rank_normal_all,tema_arındırılmış
sue,-0.0011265257042745746,-0.3204256655574297,-0.0011265257042745746,0.42595765565770277,0.18147604055557406,175,havuz,63,ols_rank_normal_all,tema_arındırılmış
asset_growth,-0.010618912225896449,-1.3730643233981301,-0.010618912225896449,0.4206750378361343,0.1675638418147069,172,havuz,126,ols_rank_normal_all,tema_arındırılmış
capex_at,0.007722881640547905,0.9627463099527105,0.007722881640547905,0.4206750378361343,0.1675638418147069,172,havuz,126,ols_rank_normal_all,tema_arındırılmış
cash_runway_years,0.011295528005113343,1.0056384598545052,0.011295528005113343,0.4206750378361343,0.1675638418147069,172,havuz,126,ols_rank_normal_all,tema_arındırılmış
cop_at,0.0033288829580601547,0.32725063181367153,0.0033288829580601547,0.4206750378361343,0.1675638418147069,172,havuz,126,ols_rank_normal_all,tema_arındırılmış
dist_52w_high,-0.016493855811967627,-2.055115921715592,-0.016493855811967627,0.4206750378361343,0.1675638418147069,172,havuz,126,ols_rank_normal_all,tema_arındırılmış
droe,-0.005316542113279654,-0.866951166630588,-0.005316542113279654,0.4206750378361343,0.1675638418147069,172,havuz,126,ols_rank_normal_all,tema_arındırılmış
ear_3d,0.0048845082938508,1.3530109510451431,0.0048845082938508,0.4206750378361343,0.1675638418147069,172,havuz,126,ols_rank_normal_all,tema_arındırılmış
ebit_ev,-0.012421323401570268,-1.9413069048740983,-0.012421323401570268,0.4206750378361343,0.1675638418147069,172,havuz,126,ols_rank_normal_all,tema_arındırılmış
gross_profitability,-0.009450915007655243,-1.485885778856196,-0.009450915007655243,0.4206750378361343,0.1675638418147069,172,havuz,126,ols_rank_normal_all,tema_arındırılmış
idio_vol_60d,0.0020912574425407714,0.2080183927079439,0.0020912574425407714,0.4206750378361343,0.1675638418147069,172,havuz,126,ols_rank_normal_all,tema_arındırılmış
max_ret_21d,0.0043538579220462675,0.944652694266949,0.0043538579220462675,0.4206750378361343,0.1675638418147069,172,havuz,126,ols_rank_normal_all,tema_arındırılmış
mom_12_1,0.020284530962906746,2.0061478251449802,0.020284530962906746,0.4206750378361343,0.1675638418147069,172,havuz,126,ols_rank_normal_all,tema_arındırılmış
net_debt_ebitda,0.002594935012332873,0.44271371649714375,0.002594935012332873,0.4206750378361343,0.1675638418147069,172,havuz,126,ols_rank_normal_all,tema_arındırılmış
ocf_ev,0.007861882534880784,0.7566336727107968,0.007861882534880784,0.4206750378361343,0.1675638418147069,172,havuz,126,ols_rank_normal_all,tema_arındırılmış
profitable_growth,-0.003992296192686287,-0.43945988244315265,-0.003992296192686287,0.4206750378361343,0.1675638418147069,172,havuz,126,ols_rank_normal_all,tema_arındırılmış
share_issuance,0.0007821955759217468,0.13777026188193067,0.0007821955759217468,0.4206750378361343,0.1675638418147069,172,havuz,126,ols_rank_normal_all,tema_arındırılmış
sue,0.0015586514446726692,0.24237372458668016,0.0015586514446726692,0.4206750378361343,0.1675638418147069,172,havuz,126,ols_rank_normal_all,tema_arındırılmış
asset_growth,-0.0015345521638958966,-0.31071219607242195,-0.0015345521638958966,0.27674479654172834,0.11362787753497454,63,robotics,21,ols_rank_normal,tema_arındırılmış
asset_growth,-0.0015345521638958947,-0.31071219607242156,-0.0015345521638958947,0.27674479654172834,0.11362787753497448,63,robotics,21,ols_rank_normal,ham
asset_growth,-0.0030166455744091505,-0.14903196413087286,-0.0015601274210776672,0.29021926225501216,0.12997338372158418,63,robotics,21,ols_winsorized_raw,tema_arındırılmış
asset_growth,-0.0030166455744091583,-0.14903196413087322,-0.0015601274210776713,0.29021926225501216,0.12997338372158415,63,robotics,21,ols_winsorized_raw,ham
asset_growth,-0.0004206316059392072,-0.07531228099511114,-0.0004206316059392072,0.3628341704088548,0.21938545551267485,63,robotics,21,wls_sqrt_mcap,tema_arındırılmış
asset_growth,-0.0004206316059392057,-0.07531228099511088,-0.0004206316059392057,0.3628341704088549,0.2193854555126749,63,robotics,21,wls_sqrt_mcap,ham
asset_growth,0.001149215562223447,0.09944954199016524,0.001149215562223447,0.26552724248189347,0.09830923247927724,61,robotics,63,ols_rank_normal,tema_arındırılmış
asset_growth,0.0011492155622234428,0.09944954199016488,0.0011492155622234428,0.26552724248189347,0.09830923247927727,61,robotics,63,ols_rank_normal,ham
asset_growth,0.01689209927760324,0.36317709809853915,0.008592700231849831,0.28788383362921693,0.12552881347994094,61,robotics,63,ols_winsorized_raw,tema_arındırılmış
asset_growth,0.01689209927760328,0.36317709809854015,0.008592700231849852,0.287883833629217,0.125528813479941,61,robotics,63,ols_winsorized_raw,ham
asset_growth,-0.000749667147490325,-0.051993835865116855,-0.000749667147490325,0.339931260857531,0.18962651030294872,61,robotics,63,wls_sqrt_mcap,tema_arındırılmış
asset_growth,-0.0007496671474903517,-0.05199383586511869,-0.0007496671474903517,0.33993126085753095,0.1896265103029487,61,robotics,63,wls_sqrt_mcap,ham
asset_growth,-0.0014094581889070174,-0.055427045309828345,-0.0014094581889070174,0.2543186907829949,0.08312334382207137,58,robotics,126,ols_rank_normal,tema_arındırılmış
asset_growth,-0.001409458188907027,-0.055427045309828726,-0.001409458188907027,0.2543186907829949,0.08312334382207137,58,robotics,126,ols_rank_normal,ham
asset_growth,0.01132696544722635,0.11291442524085209,0.005592638410385122,0.2874105214610876,0.12365023976851058,58,robotics,126,ols_winsorized_raw,tema_arındırılmış
asset_growth,0.011326965447226419,0.1129144252408528,0.005592638410385157,0.28741052146108764,0.12365023976851057,58,robotics,126,ols_winsorized_raw,ham
asset_growth,-0.003144826063916893,-0.09160222273150061,-0.003144826063916893,0.3428154562975,0.19209077302516567,58,robotics,126,wls_sqrt_mcap,tema_arındırılmış
asset_growth,-0.0031448260639169463,-0.09160222273150215,-0.0031448260639169463,0.3428154562975,0.1920907730251657,58,robotics,126,wls_sqrt_mcap,ham
capex_at,-0.009530241498551126,-1.4323652369361548,-0.009530241498551126,0.25898960504687285,0.08780057664498325,54,robotics,21,ols_rank_normal,tema_arındırılmış
capex_at,-0.009530241498551126,-1.4323652369361548,-0.009530241498551126,0.25898960504687285,0.08780057664498325,54,robotics,21,ols_rank_normal,ham
capex_at,-0.4281557684474905,-1.4703008637012946,-0.010660275439058186,0.25984123414407906,0.08910303273834735,54,robotics,21,ols_winsorized_raw,tema_arındırılmış
capex_at,-0.4281557684474904,-1.4703008637012942,-0.010660275439058184,0.25984123414407895,0.08910303273834728,54,robotics,21,ols_winsorized_raw,ham
capex_at,-0.011329277948622544,-1.8481248508203134,-0.011329277948622544,0.344547843689099,0.193550723376449,54,robotics,21,wls_sqrt_mcap,tema_arındırılmış
capex_at,-0.011329277948622549,-1.8481248508203139,-0.011329277948622549,0.344547843689099,0.193550723376449,54,robotics,21,wls_sqrt_mcap,ham
capex_at,-0.02263529604607532,-1.3852078233121032,-0.02263529604607532,0.28023154276568635,0.11263701125207552,52,robotics,63,ols_rank_normal,tema_arındırılmış
capex_at,-0.02263529604607532,-1.3852078233121032,-0.02263529604607532,0.28023154276568635,0.11263701125207554,52,robotics,63,ols_rank_normal,ham
capex_at,-0.8799600909963481,-1.4149154929023076,-0.021670487719937043,0.2769635781087443,0.10880510999975868,52,robotics,63,ols_winsorized_raw,tema_arındırılmış
capex_at,-0.879960090996348,-1.4149154929023076,-0.02167048771993704,0.27696357810874433,0.10880510999975873,52,robotics,63,ols_winsorized_raw,ham
capex_at,-0.03212200537687275,-2.1054636981387334,-0.03212200537687275,0.35482425840070647,0.2055241821542636,52,robotics,63,wls_sqrt_mcap,tema_arındırılmış
capex_at,-0.03212200537687276,-2.105463698138734,-0.03212200537687276,0.35482425840070647,0.20552418215426366,52,robotics,63,wls_sqrt_mcap,ham
capex_at,-0.05406851327162127,-1.5466744753648554,-0.05406851327162127,0.30051572595959464,0.1354625521691847,49,robotics,126,ols_rank_normal,tema_arındırılmış
capex_at,-0.05406851327162127,-1.5466744753648554,-0.05406851327162127,0.30051572595959464,0.1354625521691847,49,robotics,126,ols_rank_normal,ham
capex_at,-2.1287269173543595,-1.5867099144452361,-0.051592229058777514,0.29709644653421474,0.13125205544064916,49,robotics,126,ols_winsorized_raw,tema_arındırılmış
capex_at,-2.128726917354359,-1.586709914445236,-0.05159222905877751,0.29709644653421474,0.13125205544064916,49,robotics,126,ols_winsorized_raw,ham
capex_at,-0.0763310108385963,-2.34443464068213,-0.0763310108385963,0.3723057089777426,0.2258287922727998,49,robotics,126,wls_sqrt_mcap,tema_arındırılmış
capex_at,-0.0763310108385963,-2.3444346406821297,-0.0763310108385963,0.3723057089777426,0.2258287922727998,49,robotics,126,wls_sqrt_mcap,ham
cop_at,,,,0.32157998586953146,0.136556345652131,5,robotics,21,ols_rank_normal,tema_arındırılmış
cop_at,,,,0.32157998586953146,0.136556345652131,5,robotics,21,ols_rank_normal,ham
cop_at,,,,0.34480844666635785,0.1661198412117282,5,robotics,21,ols_winsorized_raw,tema_arındırılmış
cop_at,,,,0.344808446666358,0.16611984121172835,5,robotics,21,ols_winsorized_raw,ham
cop_at,,,,0.5152680263847907,0.38306839721700625,5,robotics,21,wls_sqrt_mcap,tema_arındırılmış
cop_at,,,,0.5152680263847905,0.38306839721700614,5,robotics,21,wls_sqrt_mcap,ham
cop_at,,,,0.24967020740625614,0.0450348094261442,5,robotics,63,ols_rank_normal,tema_arındırılmış
cop_at,,,,0.24967020740625628,0.04503480942614435,5,robotics,63,ols_rank_normal,ham
cop_at,,,,0.2720721373397511,0.07354635661422873,5,robotics,63,ols_winsorized_raw,tema_arındırılmış
cop_at,,,,0.27207213733975105,0.07354635661422859,5,robotics,63,ols_winsorized_raw,ham
cop_at,,,,0.39332792079352136,0.2278718991917544,5,robotics,63,wls_sqrt_mcap,tema_arındırılmış
cop_at,,,,0.39332792079352136,0.2278718991917544,5,robotics,63,wls_sqrt_mcap,ham
cop_at,,,,0.1677589624390727,-0.05921586598663471,5,robotics,126,ols_rank_normal,tema_arındırılmış
cop_at,,,,0.16775896243907268,-0.059215865986634794,5,robotics,126,ols_rank_normal,ham
cop_at,,,,0.22562916321291143,0.014437116816432694,5,robotics,126,ols_winsorized_raw,tema_arındırılmış
cop_at,,,,0.22562916321291135,0.014437116816432605,5,robotics,126,ols_winsorized_raw,ham
cop_at,,,,0.4872873177802374,0.3474565862657566,5,robotics,126,wls_sqrt_mcap,tema_arındırılmış
cop_at,,,,0.4872873177802374,0.3474565862657567,5,robotics,126,wls_sqrt_mcap,ham
dist_52w_high,0.0031550839480240143,0.47223252089355344,0.0031550839480240143,0.26095900101891817,0.09225472106234917,66,robotics,21,ols_rank_normal,tema_arındırılmış
dist_52w_high,0.0031550839480240164,0.4722325208935539,0.0031550839480240164,0.2609590010189181,0.09225472106234912,66,robotics,21,ols_rank_normal,ham
dist_52w_high,-0.009327631446611943,-0.16157289825722007,-0.0015739214859881538,0.26266643052536215,0.09440840417706961,66,robotics,21,ols_winsorized_raw,tema_arındırılmış
dist_52w_high,-0.009327631446611919,-0.16157289825721963,-0.0015739214859881497,0.26266643052536215,0.09440840417706958,66,robotics,21,ols_winsorized_raw,ham
dist_52w_high,-0.0073507674828527225,-1.2287500534388107,-0.0073507674828527225,0.3663290138441835,0.22263507681621927,66,robotics,21,wls_sqrt_mcap,tema_arındırılmış
dist_52w_high,-0.0073507674828527225,-1.2287500534388107,-0.0073507674828527225,0.3663290138441834,0.22263507681621925,66,robotics,21,wls_sqrt_mcap,ham
dist_52w_high,0.0005467867383207904,0.03498667015454628,0.0005467867383207904,0.28197466825890904,0.11804700035988863,64,robotics,63,ols_rank_normal,tema_arındırılmış
dist_52w_high,0.0005467867383207982,0.03498667015454678,0.0005467867383207982,0.28197466825890904,0.11804700035988866,64,robotics,63,ols_rank_normal,ham
dist_52w_high,-0.05085054850794677,-0.32883230742666164,-0.008551521411079508,0.2945929205322816,0.1334490320857199,64,robotics,63,ols_winsorized_raw,tema_arındırılmış
dist_52w_high,-0.05085054850794678,-0.3288323074266617,-0.00855152141107951,0.2945929205322816,0.1334490320857199,64,robotics,63,ols_winsorized_raw,ham
dist_52w_high,-0.016586136983106174,-1.2045948585642188,-0.016586136983106174,0.3634804009109344,0.2187593037419147,64,robotics,63,wls_sqrt_mcap,tema_arındırılmış
dist_52w_high,-0.01658613698310618,-1.2045948585642197,-0.01658613698310618,0.36348040091093436,0.21875930374191468,64,robotics,63,wls_sqrt_mcap,ham
dist_52w_high,0.003632076477354041,0.24579272197870655,0.003632076477354041,0.25132687639126716,0.07873347045932642,61,robotics,126,ols_rank_normal,tema_arındırılmış
dist_52w_high,0.0036320764773540336,0.24579272197870602,0.0036320764773540336,0.25132687639126716,0.07873347045932642,61,robotics,126,ols_rank_normal,ham
dist_52w_high,-0.012453245890545025,-0.0869500373248818,-0.0020598195979776796,0.26043911895197436,0.09010430707635969,61,robotics,126,ols_winsorized_raw,tema_arındırılmış
dist_52w_high,-0.012453245890545094,-0.08695003732488227,-0.0020598195979776913,0.26043911895197436,0.09010430707635969,61,robotics,126,ols_winsorized_raw,ham
dist_52w_high,-0.015932565203494037,-0.7459439655369651,-0.015932565203494037,0.3506036170685457,0.20147285005523463,61,robotics,126,wls_sqrt_mcap,tema_arındırılmış
dist_52w_high,-0.015932565203494037,-0.7459439655369648,-0.015932565203494037,0.3506036170685457,0.20147285005523463,61,robotics,126,wls_sqrt_mcap,ham
droe,,,,0.315249380265871,0.12849921124747216,5,robotics,21,ols_rank_normal,tema_arındırılmış
droe,,,,0.315249380265871,0.12849921124747218,5,robotics,21,ols_rank_normal,ham
droe,,,,0.3528806795694914,0.17639359217935272,5,robotics,21,ols_winsorized_raw,tema_arındırılmış
droe,,,,0.35288067956949154,0.17639359217935283,5,robotics,21,ols_winsorized_raw,ham
droe,,,,0.5186694993440218,0.3873975446196642,5,robotics,21,wls_sqrt_mcap,tema_arındırılmış
droe,,,,0.5186694993440217,0.3873975446196639,5,robotics,21,wls_sqrt_mcap,ham
droe,,,,0.24129112064115826,0.03437051717965591,5,robotics,63,ols_rank_normal,tema_arındırılmış
droe,,,,0.24129112064115824,0.03437051717965596,5,robotics,63,ols_rank_normal,ham
droe,,,,0.3555776917631474,0.17982615315309672,5,robotics,63,ols_winsorized_raw,tema_arındırılmış
droe,,,,0.35557769176314735,0.17982615315309664,5,robotics,63,ols_winsorized_raw,ham
droe,,,,0.4269301226580498,0.27063833792842695,5,robotics,63,wls_sqrt_mcap,tema_arındırılmış
droe,,,,0.4269301226580498,0.270638337928427,5,robotics,63,wls_sqrt_mcap,ham
droe,,,,0.17121085785259346,-0.05482254455124471,5,robotics,126,ols_rank_normal,tema_arındırılmış
droe,,,,0.17121085785259346,-0.05482254455124471,5,robotics,126,ols_rank_normal,ham
droe,,,,0.28635996616415466,0.0917308660271059,5,robotics,126,ols_winsorized_raw,tema_arındırılmış
droe,,,,0.2863599661641546,0.09173086602710578,5,robotics,126,ols_winsorized_raw,ham
droe,,,,0.4981107285334857,0.3612318363153455,5,robotics,126,wls_sqrt_mcap,tema_arındırılmış
droe,,,,0.4981107285334857,0.3612318363153454,5,robotics,126,wls_sqrt_mcap,ham
ear_3d,-0.0024214689764731293,-0.42550737615453477,-0.0024214689764731293,0.2642239947079528,0.09689869703518106,49,robotics,21,ols_rank_normal,tema_arındırılmış
ear_3d,-0.0024214689764731246,-0.4255073761545338,-0.0024214689764731246,0.26422399470795277,0.09689869703518106,49,robotics,21,ols_rank_normal,ham
ear_3d,-0.07919418348463787,-1.644090071700293,-0.00995557414501846,0.27225232383056697,0.10642039993716312,49,robotics,21,ols_winsorized_raw,tema_arındırılmış
ear_3d,-0.0791941834846379,-1.6440900717002938,-0.009955574145018464,0.2722523238305669,0.1064203999371631,49,robotics,21,ols_winsorized_raw,ham
ear_3d,-0.003315315652868559,-0.5626670580457596,-0.003315315652868559,0.34795330608731395,0.19982437098281378,49,robotics,21,wls_sqrt_mcap,tema_arındırılmış
ear_3d,-0.003315315652868558,-0.5626670580457593,-0.003315315652868558,0.34795330608731395,0.1998243709828138,49,robotics,21,wls_sqrt_mcap,ham
ear_3d,0.005075034105778709,0.39844689342156797,0.005075034105778709,0.2769068574970905,0.1099655047239975,47,robotics,63,ols_rank_normal,tema_arındırılmış
ear_3d,0.005075034105778713,0.39844689342156836,0.005075034105778713,0.2769068574970905,0.10996550472399752,47,robotics,63,ols_rank_normal,ham
ear_3d,-0.06401513640898274,-0.5951077288066771,-0.008065980486740652,0.2838755501254504,0.11856588745756584,47,robotics,63,ols_winsorized_raw,tema_arındırılmış
ear_3d,-0.06401513640898258,-0.5951077288066757,-0.008065980486740633,0.28387555012545046,0.11856588745756592,47,robotics,63,ols_winsorized_raw,ham
ear_3d,-0.00460154341977826,-0.32854087875009985,-0.00460154341977826,0.35963529480264333,0.2127518645244154,47,robotics,63,wls_sqrt_mcap,tema_arındırılmış
ear_3d,-0.00460154341977829,-0.32854087875010207,-0.00460154341977829,0.35963529480264333,0.2127518645244154,47,robotics,63,wls_sqrt_mcap,ham
ear_3d,0.00040602214529184124,0.024716898272861252,0.00040602214529184124,0.2411755004753341,0.0640053637626187,44,robotics,126,ols_rank_normal,tema_arındırılmış
ear_3d,0.00040602214529183875,0.02471689827286111,0.00040602214529183875,0.2411755004753341,0.06400536376261866,44,robotics,126,ols_rank_normal,ham
ear_3d,-0.04865947048716245,-0.30838451985766,-0.006174997433300351,0.24652204073333872,0.07060050670902078,44,robotics,126,ols_winsorized_raw,tema_arındırılmış
ear_3d,-0.04865947048716234,-0.3083845198576593,-0.006174997433300337,0.24652204073333872,0.07060050670902072,44,robotics,126,ols_winsorized_raw,ham
ear_3d,-0.0039041158093109612,-0.1164843861936177,-0.0039041158093109612,0.3512259929298224,0.20079257551576032,44,robotics,126,wls_sqrt_mcap,tema_arındırılmış
ear_3d,-0.00390411580931095,-0.11648438619361741,-0.00390411580931095,0.35122599292982243,0.20079257551576024,44,robotics,126,wls_sqrt_mcap,ham
gross_profitability,,,,0.3380111366827364,0.1574687194143919,5,robotics,21,ols_rank_normal,tema_arındırılmış
gross_profitability,,,,0.3380111366827366,0.157468719414392,5,robotics,21,ols_rank_normal,ham
gross_profitability,,,,0.36899650349503405,0.19690464081186154,5,robotics,21,ols_winsorized_raw,tema_arındırılmış
gross_profitability,,,,0.3689965034950341,0.19690464081186157,5,robotics,21,ols_winsorized_raw,ham
gross_profitability,,,,0.5483873271264198,0.4252202345245342,5,robotics,21,wls_sqrt_mcap,tema_arındırılmış
gross_profitability,,,,0.5483873271264197,0.4252202345245342,5,robotics,21,wls_sqrt_mcap,ham
gross_profitability,,,,0.2891111487881594,0.09523237118493019,5,robotics,63,ols_rank_normal,tema_arındırılmış
gross_profitability,,,,0.28911114878815947,0.09523237118493022,5,robotics,63,ols_rank_normal,ham
gross_profitability,,,,0.33117286392122325,0.14876546317246597,5,robotics,63,ols_winsorized_raw,tema_arındırılmış
gross_profitability,,,,0.3311728639212232,0.1487654631724659,5,robotics,63,ols_winsorized_raw,ham
gross_profitability,,,,0.40320199193226064,0.24043889882287717,5,robotics,63,wls_sqrt_mcap,tema_arındırılmış
gross_profitability,,,,0.40320199193226064,0.2404388988228771,5,robotics,63,wls_sqrt_mcap,ham
gross_profitability,,,,0.2009119594471775,-0.017021142521774068,5,robotics,126,ols_rank_normal,tema_arındırılmış
gross_profitability,,,,0.2009119594471776,-0.017021142521773936,5,robotics,126,ols_rank_normal,ham
gross_profitability,,,,0.25673452943139596,0.0540257647308676,5,robotics,126,ols_winsorized_raw,tema_arındırılmış
gross_profitability,,,,0.25673452943139596,0.05402576473086766,5,robotics,126,ols_winsorized_raw,ham
gross_profitability,,,,0.47533873806058474,0.3322493029861987,5,robotics,126,wls_sqrt_mcap,tema_arındırılmış
gross_profitability,,,,0.4753387380605848,0.3322493029861988,5,robotics,126,wls_sqrt_mcap,ham
idio_vol_60d,-0.0022141207434866433,-0.34706718953539967,-0.0022141207434866433,0.2577729356733057,0.08828898813542457,66,robotics,21,ols_rank_normal,tema_arındırılmış
idio_vol_60d,-0.002214120743486643,-0.3470671895353996,-0.002214120743486643,0.2577729356733057,0.08828898813542457,66,robotics,21,ols_rank_normal,ham
idio_vol_60d,-0.0007331862887018361,-0.019573122002198268,-0.00016523442234862303,0.2734991204083805,0.10815335221419815,66,robotics,21,ols_winsorized_raw,tema_arındırılmış
idio_vol_60d,-0.0007331862887018567,-0.019573122002198816,-0.00016523442234862767,0.2734991204083805,0.1081533522141982,66,robotics,21,ols_winsorized_raw,ham
idio_vol_60d,-0.003823636048243329,-0.5361399256315987,-0.003823636048243329,0.3831591320599535,0.24360554408972696,66,robotics,21,wls_sqrt_mcap,tema_arındırılmış
idio_vol_60d,-0.003823636048243329,-0.5361399256315986,-0.003823636048243329,0.38315913205995356,0.243605544089727,66,robotics,21,wls_sqrt_mcap,ham
idio_vol_60d,-0.005339727009341716,-0.39332632133392004,-0.005339727009341716,0.2585541095116227,0.08874698200945441,64,robotics,63,ols_rank_normal,tema_arındırılmış
idio_vol_60d,-0.005339727009341716,-0.39332632133392004,-0.005339727009341716,0.2585541095116227,0.08874698200945444,64,robotics,63,ols_rank_normal,ham
idio_vol_60d,0.01710218487443818,0.19287961764488395,0.0038485488156067716,0.2737078532935676,0.107652558681925,64,robotics,63,ols_winsorized_raw,tema_arındırılmış
idio_vol_60d,0.01710218487443818,0.19287961764488398,0.0038485488156067716,0.2737078532935676,0.10765255868192494,64,robotics,63,ols_winsorized_raw,ham
idio_vol_60d,-0.016334225923593758,-0.9183539987465913,-0.016334225923593758,0.38466261631840537,0.24485851729082297,64,robotics,63,wls_sqrt_mcap,tema_arındırılmış
idio_vol_60d,-0.016334225923593747,-0.9183539987465908,-0.016334225923593747,0.38466261631840537,0.24485851729082297,64,robotics,63,wls_sqrt_mcap,ham
idio_vol_60d,0.0006120595967118748,0.026235970442781104,0.0006120595967118748,0.2468618029784513,0.072748644834085,61,robotics,126,ols_rank_normal,tema_arındırılmış
idio_vol_60d,0.0006120595967118798,0.026235970442781326,0.0006120595967118798,0.24686180297845137,0.07274864483408502,61,robotics,126,ols_rank_normal,ham
idio_vol_60d,0.15375796352249974,1.4271206219297636,0.03465170050169907,0.27182443755806635,0.10378872368965344,61,robotics,126,ols_winsorized_raw,tema_arındırılmış
idio_vol_60d,0.1537579635224997,1.4271206219297632,0.034651700501699065,0.2718244375580663,0.10378872368965349,61,robotics,126,ols_winsorized_raw,ham
idio_vol_60d,-0.015181243532965486,-0.5501520700636999,-0.015181243532965486,0.3731279156318987,0.22983656250803644,61,robotics,126,wls_sqrt_mcap,tema_arındırılmış
idio_vol_60d,-0.015181243532965473,-0.5501520700636995,-0.015181243532965473,0.3731279156318987,0.2298365625080364,61,robotics,126,wls_sqrt_mcap,ham
max_ret_21d,-0.004859121093499106,-0.6505420922874046,-0.004859121093499106,0.2551352916146496,0.08558117050445274,66,robotics,21,ols_rank_normal,tema_arındırılmış
max_ret_21d,-0.0048591210934991105,-0.6505420922874051,-0.0048591210934991105,0.25513529161464954,0.08558117050445269,66,robotics,21,ols_rank_normal,ham
max_ret_21d,-0.03944234743875674,-0.27094998404391507,-0.0021901395310030916,0.2663096152178837,0.09959170202034982,66,robotics,21,ols_winsorized_raw,tema_arındırılmış
max_ret_21d,-0.039442347438756825,-0.27094998404391557,-0.0021901395310030963,0.26630961521788366,0.09959170202034982,66,robotics,21,ols_winsorized_raw,ham
max_ret_21d,-0.012446690543944174,-1.8839107279562486,-0.012446690543944174,0.35951679908535916,0.2139228795710567,66,robotics,21,wls_sqrt_mcap,tema_arındırılmış
max_ret_21d,-0.012446690543944178,-1.8839107279562493,-0.012446690543944178,0.35951679908535916,0.2139228795710567,66,robotics,21,wls_sqrt_mcap,ham
max_ret_21d,-0.01095757719694639,-0.6745405019217288,-0.01095757719694639,0.261379043543855,0.09156123538911752,64,robotics,63,ols_rank_normal,tema_arındırılmış
max_ret_21d,-0.01095757719694639,-0.674540501921729,-0.01095757719694639,0.261379043543855,0.0915612353891175,64,robotics,63,ols_rank_normal,ham
max_ret_21d,0.08970890671259421,0.2719010284908998,0.004941509124546163,0.27824520956627746,0.11240160529415469,64,robotics,63,ols_winsorized_raw,tema_arındırılmış
max_ret_21d,0.08970890671259424,0.2719010284908999,0.004941509124546164,0.27824520956627746,0.11240160529415463,64,robotics,63,ols_winsorized_raw,ham
max_ret_21d,-0.020571259861149924,-1.3041557106949062,-0.020571259861149924,0.3766790604050949,0.2340398644192097,64,robotics,63,wls_sqrt_mcap,tema_arındırılmış
max_ret_21d,-0.020571259861149955,-1.304155710694908,-0.020571259861149955,0.37667906040509486,0.2340398644192097,64,robotics,63,wls_sqrt_mcap,ham
max_ret_21d,-0.008583052546953568,-0.4887158203277633,-0.008583052546953568,0.25650691861616876,0.08451972318210649,61,robotics,126,ols_rank_normal,tema_arındırılmış
max_ret_21d,-0.008583052546953568,-0.4887158203277633,-0.008583052546953568,0.25650691861616876,0.08451972318210652,61,robotics,126,ols_rank_normal,ham
max_ret_21d,0.45772512959829686,1.1532251972976353,0.02512806649356452,0.2761160160564418,0.10903224160590343,61,robotics,126,ols_winsorized_raw,tema_arındırılmış
max_ret_21d,0.45772512959829686,1.153225197297635,0.02512806649356452,0.2761160160564418,0.10903224160590344,61,robotics,126,ols_winsorized_raw,ham
max_ret_21d,-0.037698976830612574,-1.6659402280539073,-0.037698976830612574,0.3629833806024787,0.2164685145185102,61,robotics,126,wls_sqrt_mcap,tema_arındırılmış
max_ret_21d,-0.03769897683061259,-1.6659402280539077,-0.03769897683061259,0.3629833806024787,0.2164685145185102,61,robotics,126,wls_sqrt_mcap,ham
mom_12_1,0.000691740466188293,0.12968412397358858,0.000691740466188293,0.27150723501247737,0.10551101002686952,66,robotics,21,ols_rank_normal,tema_arındırılmış
mom_12_1,0.0006917404661882946,0.12968412397358886,0.0006917404661882946,0.2715072350124773,0.10551101002686948,66,robotics,21,ols_rank_normal,ham
mom_12_1,0.010572981436909426,0.7213347368800412,0.009049405857266874,0.27800915698742124,0.11354772678421361,66,robotics,21,ols_winsorized_raw,tema_arındırılmış
mom_12_1,0.010572981436909424,0.7213347368800411,0.009049405857266872,0.27800915698742124,0.11354772678421356,66,robotics,21,ols_winsorized_raw,ham
mom_12_1,-0.005354272225963216,-0.9016030312712005,-0.005354272225963216,0.38421137698055535,0.24446369647851357,66,robotics,21,wls_sqrt_mcap,tema_arındırılmış
mom_12_1,-0.005354272225963213,-0.9016030312711999,-0.005354272225963213,0.38421137698055535,0.24446369647851351,66,robotics,21,wls_sqrt_mcap,ham
mom_12_1,0.0009484430486827958,0.07956717481705669,0.0009484430486827958,0.2657867212969122,0.09743261364801398,64,robotics,63,ols_rank_normal,tema_arındırılmış
mom_12_1,0.0009484430486827984,0.07956717481705691,0.0009484430486827984,0.26578672129691217,0.09743261364801398,64,robotics,63,ols_rank_normal,ham
mom_12_1,0.02780168680383533,0.8319415217771052,0.02397020552566576,0.2863962020698302,0.1230904499437792,64,robotics,63,ols_winsorized_raw,tema_arındırılmış
mom_12_1,0.02780168680383532,0.8319415217771049,0.023970205525665752,0.2863962020698302,0.12309044994377924,64,robotics,63,ols_winsorized_raw,ham
mom_12_1,-0.004197275069986715,-0.309685927551009,-0.004197275069986715,0.37168687870312167,0.22821284260391883,64,robotics,63,wls_sqrt_mcap,tema_arındırılmış
mom_12_1,-0.004197275069986715,-0.3096859275510089,-0.004197275069986715,0.37168687870312167,0.22821284260391883,64,robotics,63,wls_sqrt_mcap,ham
mom_12_1,0.004534287489057162,0.24127284082838588,0.004534287489057162,0.25221191900947326,0.07886250962214295,61,robotics,126,ols_rank_normal,tema_arındırılmış
mom_12_1,0.004534287489057162,0.24127284082838582,0.004534287489057162,0.25221191900947326,0.0788625096221429,61,robotics,126,ols_rank_normal,ham
mom_12_1,0.03773115958574818,1.0141351221620662,0.03266804339158863,0.256698731819912,0.08477255769821036,61,robotics,126,ols_winsorized_raw,tema_arındırılmış
mom_12_1,0.03773115958574813,1.0141351221620658,0.03266804339158859,0.256698731819912,0.08477255769821038,61,robotics,126,ols_winsorized_raw,ham
mom_12_1,-0.021082423356630978,-0.6848701785043075,-0.021082423356630978,0.3535730654271414,0.20415286517335288,61,robotics,126,wls_sqrt_mcap,tema_arındırılmış
mom_12_1,-0.021082423356630985,-0.6848701785043079,-0.021082423356630985,0.35357306542714145,0.20415286517335285,61,robotics,126,wls_sqrt_mcap,ham
profitable_growth,,,,0.4102417878601134,0.2493986390946898,5,robotics,21,ols_rank_normal,tema_arındırılmış
profitable_growth,,,,0.4102417878601135,0.24939863909468993,5,robotics,21,ols_rank_normal,ham
profitable_growth,,,,0.38399308625311934,0.21599120068578825,5,robotics,21,ols_winsorized_raw,tema_arındırılmış
profitable_growth,,,,0.38399308625311945,0.2159912006857884,5,robotics,21,ols_winsorized_raw,ham
profitable_growth,,,,0.5733098430851512,0.45693980029019254,5,robotics,21,wls_sqrt_mcap,tema_arındırılmış
profitable_growth,,,,0.5733098430851512,0.4569398002901924,5,robotics,21,wls_sqrt_mcap,ham
profitable_growth,,,,0.4324927968256966,0.2777181050508865,5,robotics,63,ols_rank_normal,tema_arındırılmış
profitable_growth,,,,0.4324927968256966,0.2777181050508865,5,robotics,63,ols_rank_normal,ham
profitable_growth,,,,0.4451270177075279,0.29379802253685366,5,robotics,63,ols_winsorized_raw,tema_arındırılmış
profitable_growth,,,,0.44512701770752783,0.2937980225368536,5,robotics,63,ols_winsorized_raw,ham
profitable_growth,,,,0.5631027356217426,0.44394893624585424,5,robotics,63,wls_sqrt_mcap,tema_arındırılmış
profitable_growth,,,,0.5631027356217426,0.44394893624585424,5,robotics,63,wls_sqrt_mcap,ham
profitable_growth,,,,0.3605124501098476,0.18610675468526056,5,robotics,126,ols_rank_normal,tema_arındırılmış
profitable_growth,,,,0.36051245010984756,0.18610675468526058,5,robotics,126,ols_rank_normal,ham
profitable_growth,,,,0.4002565853812069,0.23669019957608145,5,robotics,126,ols_winsorized_raw,tema_arındırılmış
profitable_growth,,,,0.4002565853812066,0.2366901995760812,5,robotics,126,ols_winsorized_raw,ham
profitable_growth,,,,0.6346163408831655,0.5349662520331198,5,robotics,126,wls_sqrt_mcap,tema_arındırılmış
profitable_growth,,,,0.6346163408831655,0.5349662520331198,5,robotics,126,wls_sqrt_mcap,ham
share_issuance,0.007857097220272275,1.3471712721459226,0.007857097220272275,0.2732606709701208,0.10987056806144511,60,robotics,21,ols_rank_normal,tema_arındırılmış
share_issuance,0.007857097220272273,1.3471712721459226,0.007857097220272273,0.27326067097012074,0.1098705680614451,60,robotics,21,ols_rank_normal,ham
share_issuance,0.027194934025286853,0.4722141628147754,0.004599872583789435,0.28009181242394926,0.11794816731171782,60,robotics,21,ols_winsorized_raw,tema_arındırılmış
share_issuance,0.027194934025286922,0.47221416281477663,0.004599872583789446,0.2800918124239492,0.11794816731171782,60,robotics,21,ols_winsorized_raw,ham
share_issuance,0.006989748886573267,1.2362568584569384,0.006989748886573267,0.3678600774028934,0.2257354842093779,60,robotics,21,wls_sqrt_mcap,tema_arındırılmış
share_issuance,0.0069897488865732745,1.2362568584569398,0.0069897488865732745,0.3678600774028934,0.2257354842093779,60,robotics,21,wls_sqrt_mcap,ham
share_issuance,0.019940272403002498,1.1723542645443985,0.019940272403002498,0.2761719027542135,0.11126901420428675,58,robotics,63,ols_rank_normal,tema_arındırılmış
share_issuance,0.019940272403002512,1.1723542645443992,0.019940272403002512,0.2761719027542135,0.11126901420428678,58,robotics,63,ols_rank_normal,ham
share_issuance,0.0993891114854145,0.7079888266257501,0.016888631737532578,0.2797088534256073,0.11596073537108136,58,robotics,63,ols_winsorized_raw,tema_arındırılmış
share_issuance,0.09938911148541457,0.7079888266257507,0.016888631737532588,0.27970885342560725,0.11596073537108131,58,robotics,63,ols_winsorized_raw,ham
share_issuance,0.025332623760103857,1.4575496399142431,0.025332623760103857,0.3661328583446338,0.22194895850363563,58,robotics,63,wls_sqrt_mcap,tema_arındırılmış
share_issuance,0.02533262376010387,1.4575496399142438,0.02533262376010387,0.3661328583446338,0.2219489585036356,58,robotics,63,wls_sqrt_mcap,ham
share_issuance,0.02610881724264823,0.7175151378113866,0.02610881724264823,0.28016504024331246,0.11399472224241633,55,robotics,126,ols_rank_normal,tema_arındırılmış
share_issuance,0.02610881724264823,0.7175151378113868,0.02610881724264823,0.28016504024331246,0.11399472224241632,55,robotics,126,ols_rank_normal,ham
share_issuance,0.013502845798999852,0.039144848880831626,0.0022638190679222527,0.28421198269841297,0.11987970485180773,55,robotics,126,ols_winsorized_raw,tema_arındırılmış
share_issuance,0.013502845798999855,0.03914484888083163,0.002263819067922253,0.284211982698413,0.11987970485180771,55,robotics,126,ols_winsorized_raw,ham
share_issuance,0.030956612704893496,0.7664845449938117,0.030956612704893496,0.37107313649375784,0.22630872857155274,55,robotics,126,wls_sqrt_mcap,tema_arındırılmış
share_issuance,0.030956612704893516,0.7664845449938121,0.030956612704893516,0.3710731364937577,0.22630872857155268,55,robotics,126,wls_sqrt_mcap,ham
sue,,,,0.30085064036662496,0.11017354228479534,5,robotics,21,ols_rank_normal,tema_arındırılmış
sue,,,,0.300850640366625,0.11017354228479552,5,robotics,21,ols_rank_normal,ham
sue,,,,0.34749241302329503,0.16953579839328453,5,robotics,21,ols_winsorized_raw,tema_arındırılmış
sue,,,,0.3474924130232949,0.16953579839328442,5,robotics,21,ols_winsorized_raw,ham
sue,,,,0.49745368363309445,0.36039559735121107,5,robotics,21,wls_sqrt_mcap,tema_arındırılmış
sue,,,,0.49745368363309445,0.360395597351211,5,robotics,21,wls_sqrt_mcap,ham
sue,,,,0.23749818343419077,0.029543142552606372,5,robotics,63,ols_rank_normal,tema_arındırılmış
sue,,,,0.23749818343419077,0.029543142552606417,5,robotics,63,ols_rank_normal,ham
sue,,,,0.2935324971395472,0.10085954181396913,5,robotics,63,ols_winsorized_raw,tema_arındırılmış
sue,,,,0.2935324971395474,0.10085954181396942,5,robotics,63,ols_winsorized_raw,ham
sue,,,,0.3625987893783553,0.18876209557245222,5,robotics,63,wls_sqrt_mcap,tema_arındırılmış
sue,,,,0.3625987893783554,0.18876209557245227,5,robotics,63,wls_sqrt_mcap,ham
sue,,,,0.18301941662246346,-0.03979346975322824,5,robotics,126,ols_rank_normal,tema_arındırılmış
sue,,,,0.1830194166224634,-0.039793469753228325,5,robotics,126,ols_rank_normal,ham
sue,,,,0.25032241321566373,0.045864889547208354,5,robotics,126,ols_winsorized_raw,tema_arındırılmış
sue,,,,0.25032241321566395,0.0458648895472086,5,robotics,126,ols_winsorized_raw,ham
sue,,,,0.46986801439030507,0.3252865637694791,5,robotics,126,wls_sqrt_mcap,tema_arındırılmış
sue,,,,0.4698680143903052,0.3252865637694793,5,robotics,126,wls_sqrt_mcap,ham
asset_growth,0.0023379877178240855,1.6490305344170124,0.0023379877178240855,0.06945388081545609,0.03970931059727069,181,biotech,21,ols_rank_normal,tema_arındırılmış
asset_growth,0.002337987717824087,1.6490305344170137,0.002337987717824087,0.06945388081545607,0.03970931059727068,181,biotech,21,ols_rank_normal,ham
asset_growth,0.003653759767770664,1.502965991335275,0.00285886212807594,0.06761130100995126,0.037949844143855736,181,biotech,21,ols_winsorized_raw,tema_arındırılmış
asset_growth,0.0036537597677706647,1.5029659913352746,0.0028588621280759403,0.06761130100995126,0.037949844143855736,181,biotech,21,ols_winsorized_raw,ham
asset_growth,0.0007342288532648,0.4856477604830711,0.0007342288532648,0.09961207969596146,0.0703297669183235,181,biotech,21,wls_sqrt_mcap,tema_arındırılmış
asset_growth,0.0007342288532648036,0.48564776048307334,0.0007342288532648036,0.09961207969596145,0.07032976691832346,181,biotech,21,wls_sqrt_mcap,ham
asset_growth,0.002847134407239319,0.76406530862545,0.002847134407239319,0.05925543176473037,0.028581572138575522,179,biotech,63,ols_rank_normal,tema_arındırılmış
asset_growth,0.0028471344072393203,0.7640653086254505,0.0028471344072393203,0.05925543176473038,0.028581572138575526,179,biotech,63,ols_rank_normal,ham
asset_growth,0.007442174108966233,1.3380605933126257,0.005813608769625116,0.05591838246385754,0.02511924835129145,179,biotech,63,ols_winsorized_raw,tema_arındırılmış
asset_growth,0.007442174108966237,1.338060593312626,0.005813608769625119,0.05591838246385755,0.02511924835129146,179,biotech,63,ols_winsorized_raw,ham
asset_growth,-2.1161145776380557e-07,-5.184647881076364e-05,-2.1161145776380557e-07,0.08910169795734885,0.05897053496011716,179,biotech,63,wls_sqrt_mcap,tema_arındırılmış
asset_growth,-2.11611457756983e-07,-5.184647880909206e-05,-2.11611457756983e-07,0.08910169795734885,0.058970534960117164,179,biotech,63,wls_sqrt_mcap,ham
asset_growth,0.004847397400582334,0.7597793405690311,0.004847397400582334,0.05450426694757035,0.023557688234212847,176,biotech,126,ols_rank_normal,tema_arındırılmış
asset_growth,0.004847397400582334,0.7597793405690311,0.004847397400582334,0.05450426694757035,0.02355768823421285,176,biotech,126,ols_rank_normal,ham
asset_growth,0.011431815898784042,1.284334854723306,0.008914595950300454,0.04933937692735843,0.018128642525434648,176,biotech,126,ols_winsorized_raw,tema_arındırılmış
asset_growth,0.011431815898784043,1.2843348547233058,0.008914595950300454,0.04933937692735844,0.018128642525434665,176,biotech,126,ols_winsorized_raw,ham
asset_growth,0.0021568851542936762,0.33743734303762485,0.0021568851542936762,0.07918482908170876,0.04870148331142927,176,biotech,126,wls_sqrt_mcap,tema_arındırılmış
asset_growth,0.0021568851542936797,0.33743734303762524,0.0021568851542936797,0.07918482908170876,0.04870148331142927,176,biotech,126,wls_sqrt_mcap,ham
capex_at,0.0008406850170957071,0.530180391481669,0.0008406850170957071,0.06990067836005726,0.03863733524348384,182,biotech,21,ols_rank_normal,tema_arındırılmış
capex_at,0.0008406850170957101,0.530180391481671,0.0008406850170957101,0.06990067836005724,0.03863733524348384,182,biotech,21,ols_rank_normal,ham
capex_at,-0.03610664004973761,-0.48361366442273507,-0.0007322986317095463,0.0664158995061598,0.03514265159661857,182,biotech,21,ols_winsorized_raw,tema_arındırılmış
capex_at,-0.03610664004973769,-0.4836136644227361,-0.0007322986317095478,0.0664158995061598,0.03514265159661856,182,biotech,21,ols_winsorized_raw,ham
capex_at,-0.0007330970335931318,-0.5520875423503009,-0.0007330970335931318,0.09491941422277082,0.06401415087711015,182,biotech,21,wls_sqrt_mcap,tema_arındırılmış
capex_at,-0.0007330970335931291,-0.5520875423502989,-0.0007330970335931291,0.09491941422277082,0.06401415087711014,182,biotech,21,wls_sqrt_mcap,ham
capex_at,0.00748708190910204,1.9932183759230842,0.00748708190910204,0.05967520086482463,0.027257173043220347,180,biotech,63,ols_rank_normal,tema_arındırılmış
capex_at,0.007487081909102045,1.9932183759230866,0.007487081909102045,0.05967520086482462,0.027257173043220343,180,biotech,63,ols_rank_normal,ham
capex_at,0.15020845370799762,0.8565865134360867,0.0030562523381638612,0.057193996200123345,0.025007676979690228,180,biotech,63,ols_winsorized_raw,tema_arındırılmış
capex_at,0.15020845370799765,0.856586513436087,0.0030562523381638617,0.057193996200123325,0.025007676979690203,180,biotech,63,ols_winsorized_raw,ham
capex_at,0.002030046253243672,0.6399514939233422,0.002030046253243672,0.08549699501446906,0.05378517932381617,180,biotech,63,wls_sqrt_mcap,tema_arındırılmış
capex_at,0.0020300462532436793,0.6399514939233447,0.0020300462532436793,0.08549699501446907,0.05378517932381619,180,biotech,63,wls_sqrt_mcap,ham
capex_at,0.007835926695666604,1.0347455049899852,0.007835926695666604,0.05368634814842122,0.020915270336380236,177,biotech,126,ols_rank_normal,tema_arındırılmış
capex_at,0.007835926695666608,1.0347455049899859,0.007835926695666608,0.0536863481484212,0.020915270336380222,177,biotech,126,ols_rank_normal,ham
capex_at,-0.04273685581792293,-0.11494867620238881,-0.0008739080286994067,0.05407151644272185,0.021953466682990946,177,biotech,126,ols_winsorized_raw,tema_arındırılmış
capex_at,-0.04273685581792293,-0.11494867620238881,-0.0008739080286994067,0.05407151644272184,0.02195346668299094,177,biotech,126,ols_winsorized_raw,ham
capex_at,0.00016074810886616055,0.02659799781331326,0.00016074810886616055,0.07429190838641682,0.041930334868078706,177,biotech,126,wls_sqrt_mcap,tema_arındırılmış
capex_at,0.00016074810886616305,0.02659799781331368,0.00016074810886616305,0.0742919083864168,0.04193033486807869,177,biotech,126,wls_sqrt_mcap,ham
cash_runway_years,-0.0012824546010563162,-0.514338794473204,-0.0012824546010563162,0.05606168487944351,0.010833236610724394,171,biotech,21,ols_rank_normal,tema_arındırılmış
cash_runway_years,-0.0012824546010563145,-0.5143387944732034,-0.0012824546010563145,0.05606168487944351,0.010833236610724396,171,biotech,21,ols_rank_normal,ham
cash_runway_years,-0.00014689504199023022,-0.12879674094990193,-0.0003747130948807643,0.052663758687728233,0.0069450270594444315,171,biotech,21,ols_winsorized_raw,tema_arındırılmış
cash_runway_years,-0.0001468950419902307,-0.12879674094990237,-0.00037471309488076556,0.052663758687728254,0.0069450270594444445,171,biotech,21,ols_winsorized_raw,ham
cash_runway_years,-5.133745675935027e-05,-0.023919876217208327,-5.133745675935027e-05,0.07367192882465866,0.02894235791326389,171,biotech,21,wls_sqrt_mcap,tema_arındırılmış
cash_runway_years,-5.133745675935198e-05,-0.023919876217209125,-5.133745675935198e-05,0.07367192882465867,0.028942357913263918,171,biotech,21,wls_sqrt_mcap,ham
cash_runway_years,-0.005302096211599175,-0.9118465295945538,-0.005302096211599175,0.051410354097957606,0.005391527937075399,169,biotech,63,ols_rank_normal,tema_arındırılmış
cash_runway_years,-0.005302096211599174,-0.9118465295945538,-0.005302096211599174,0.05141035409795759,0.005391527937075386,169,biotech,63,ols_rank_normal,ham
cash_runway_years,-0.0007507613177576329,-0.29232647444008764,-0.0019157712526967174,0.04731644505020541,0.0008688419210601757,169,biotech,63,ols_winsorized_raw,tema_arındırılmış
cash_runway_years,-0.0007507613177576362,-0.292326474440089,-0.0019157712526967259,0.047316445050205415,0.0008688419210601744,169,biotech,63,ols_winsorized_raw,ham
cash_runway_years,-0.002120479026958129,-0.39921303566355154,-0.002120479026958129,0.06662153681900478,0.021082936152064552,169,biotech,63,wls_sqrt_mcap,tema_arındırılmış
cash_runway_years,-0.0021204790269581226,-0.3992130356635504,-0.0021204790269581226,0.06662153681900478,0.021082936152064562,169,biotech,63,wls_sqrt_mcap,ham
cash_runway_years,-0.01580834963460065,-2.0238945186951782,-0.01580834963460065,0.048725473338965875,0.002148530113230439,166,biotech,126,ols_rank_normal,tema_arındırılmış
cash_runway_years,-0.01580834963460066,-2.02389451869518,-0.01580834963460066,0.048725473338965875,0.0021485301132304325,166,biotech,126,ols_rank_normal,ham
cash_runway_years,-0.002976509324884909,-1.0040109020653807,-0.007598709327597301,0.044441994096652095,-0.002632821288587297,166,biotech,126,ols_winsorized_raw,tema_arındırılmış
cash_runway_years,-0.0029765093248849115,-1.0040109020653816,-0.007598709327597308,0.04444199409665209,-0.002632821288587308,166,biotech,126,ols_winsorized_raw,ham
cash_runway_years,-0.011217329051384228,-1.393255952369178,-0.011217329051384228,0.06128830807468941,0.015222509977752707,166,biotech,126,wls_sqrt_mcap,tema_arındırılmış
cash_runway_years,-0.011217329051384228,-1.3932559523691785,-0.011217329051384228,0.06128830807468941,0.015222509977752699,166,biotech,126,wls_sqrt_mcap,ham
cop_at,-0.0005134451877887397,-0.3881401310536424,-0.0005134451877887397,0.11497656431597368,0.052121266194490375,182,biotech,21,ols_rank_normal,tema_arındırılmış
cop_at,-0.0005134451877887388,-0.38814013105364176,-0.0005134451877887388,0.11497656431597368,0.052121266194490395,182,biotech,21,ols_rank_normal,ham
cop_at,-0.019572316156580435,-1.2170520772087556,-0.0017145304283525814,0.11569185821417598,0.052871590244392634,182,biotech,21,ols_winsorized_raw,tema_arındırılmış
cop_at,-0.019572316156580446,-1.2170520772087563,-0.0017145304283525825,0.11569185821417598,0.05287159024439263,182,biotech,21,ols_winsorized_raw,ham
cop_at,0.00023355271166605008,0.17655717580048644,0.00023355271166605008,0.13205979486448288,0.06981216212522667,182,biotech,21,wls_sqrt_mcap,tema_arındırılmış
cop_at,0.00023355271166605016,0.17655717580048652,0.00023355271166605016,0.13205979486448294,0.06981216212522669,182,biotech,21,wls_sqrt_mcap,ham
cop_at,-0.001484272909775415,-0.49094071578550535,-0.001484272909775415,0.10794483954232896,0.04391070978601702,180,biotech,63,ols_rank_normal,tema_arındırılmış
cop_at,-0.0014842729097754152,-0.4909407157855054,-0.0014842729097754152,0.10794483954232896,0.04391070978601702,180,biotech,63,ols_rank_normal,ham
cop_at,-0.05882670759293411,-1.6136662823139265,-0.00513545503854228,0.10741585072297961,0.04344970596734521,180,biotech,63,ols_winsorized_raw,tema_arındırılmış
cop_at,-0.0588267075929341,-1.6136662823139267,-0.005135455038542279,0.10741585072297966,0.04344970596734523,180,biotech,63,ols_winsorized_raw,ham
cop_at,0.0015497474443490955,0.49653274704902256,0.0015497474443490955,0.11990047469013124,0.05645621669878115,180,biotech,63,wls_sqrt_mcap,tema_arındırılmış
cop_at,0.0015497474443490903,0.4965327470490209,0.0015497474443490903,0.11990047469013122,0.05645621669878115,180,biotech,63,wls_sqrt_mcap,ham
cop_at,-0.0020376527085974555,-0.3752231923932237,-0.0020376527085974555,0.1086064951964781,0.044500388016864297,177,biotech,126,ols_rank_normal,tema_arındırılmış
cop_at,-0.0020376527085974533,-0.3752231923932233,-0.0020376527085974533,0.1086064951964781,0.04450038801686432,177,biotech,126,ols_rank_normal,ham
cop_at,-0.0923411604641562,-1.36904217820914,-0.008031767337615315,0.10601386005123849,0.04152736212451078,177,biotech,126,ols_winsorized_raw,tema_arındırılmış
cop_at,-0.09234116046415612,-1.3690421782091389,-0.008031767337615308,0.10601386005123849,0.04152736212451081,177,biotech,126,ols_winsorized_raw,ham
cop_at,0.004480469100392631,0.8150175192478146,0.004480469100392631,0.116676208747039,0.052958331438917296,177,biotech,126,wls_sqrt_mcap,tema_arındırılmış
cop_at,0.004480469100392632,0.8150175192478147,0.004480469100392632,0.116676208747039,0.05295833143891731,177,biotech,126,wls_sqrt_mcap,ham
dist_52w_high,0.0014781056215178402,0.6967089954082428,0.0014781056215178402,0.07454449842534934,0.04767804168748774,182,biotech,21,ols_rank_normal,tema_arındırılmış
dist_52w_high,0.0014781056215178402,0.6967089954082428,0.0014781056215178402,0.07454449842534933,0.04767804168748774,182,biotech,21,ols_rank_normal,ham
dist_52w_high,0.01871778199320789,1.4617361038746568,0.003471020961674001,0.07650658068232111,0.04973976458719643,182,biotech,21,ols_winsorized_raw,tema_arındırılmış
dist_52w_high,0.018717781993207887,1.4617361038746568,0.0034710209616740004,0.0765065806823211,0.049739764587196415,182,biotech,21,ols_winsorized_raw,ham
dist_52w_high,0.001393827221364738,0.8274557690143676,0.001393827221364738,0.10227765291686035,0.07595739032155872,182,biotech,21,wls_sqrt_mcap,tema_arındırılmış
dist_52w_high,0.001393827221364738,0.8274557690143676,0.001393827221364738,0.10227765291686035,0.07595739032155877,182,biotech,21,wls_sqrt_mcap,ham
dist_52w_high,0.007528189299181095,1.6605615585120723,0.007528189299181095,0.06391094039670649,0.03640516743372138,180,biotech,63,ols_rank_normal,tema_arındırılmış
dist_52w_high,0.007528189299181093,1.6605615585120717,0.007528189299181093,0.0639109403967065,0.036405167433721394,180,biotech,63,ols_rank_normal,ham
dist_52w_high,0.06307484538533598,2.3420980078329814,0.011700745687465704,0.06452340472581641,0.0370277218643938,180,biotech,63,ols_winsorized_raw,tema_arındırılmış
dist_52w_high,0.063074845385336,2.342098007832982,0.011700745687465708,0.06452340472581641,0.037027721864393785,180,biotech,63,ols_winsorized_raw,ham
dist_52w_high,0.006822389997026919,1.6649438265929997,0.006822389997026919,0.09068262839489492,0.0636502549051071,180,biotech,63,wls_sqrt_mcap,tema_arındırılmış
dist_52w_high,0.006822389997026914,1.664943826592998,0.006822389997026914,0.09068262839489492,0.0636502549051071,180,biotech,63,wls_sqrt_mcap,ham
dist_52w_high,0.013271217948486472,1.7372599696983035,0.013271217948486472,0.060209813806083395,0.03256926281211713,177,biotech,126,ols_rank_normal,tema_arındırılmış
dist_52w_high,0.013271217948486472,1.7372599696983035,0.013271217948486472,0.06020981380608338,0.03256926281211712,177,biotech,126,ols_rank_normal,ham
dist_52w_high,0.11183254734735362,2.2783872864672654,0.020758836693637307,0.06027464339969058,0.03260523566435155,177,biotech,126,ols_winsorized_raw,tema_arındırılmış
dist_52w_high,0.11183254734735362,2.2783872864672654,0.020758836693637307,0.060274643399690575,0.032605235664351535,177,biotech,126,ols_winsorized_raw,ham
dist_52w_high,0.009871642936313393,1.3372998075893403,0.009871642936313393,0.08287354045345278,0.05545142072529751,177,biotech,126,wls_sqrt_mcap,tema_arındırılmış
dist_52w_high,0.009871642936313381,1.3372998075893383,0.009871642936313381,0.08287354045345278,0.05545142072529752,177,biotech,126,wls_sqrt_mcap,ham
droe,0.0006816274500281042,0.5229015504868291,0.0006816274500281042,0.12053377513041307,0.054480242817996516,181,biotech,21,ols_rank_normal,tema_arındırılmış
droe,0.0006816274500281047,0.5229015504868295,0.0006816274500281047,0.12053377513041304,0.054480242817996516,181,biotech,21,ols_rank_normal,ham
droe,-0.004509357271755005,-0.36693636957350023,-0.0006990108722858491,0.1296510870006449,0.06458139698621339,181,biotech,21,ols_winsorized_raw,tema_arındırılmış
droe,-0.0045093572717550155,-0.3669363695735011,-0.0006990108722858508,0.1296510870006449,0.06458139698621339,181,biotech,21,ols_winsorized_raw,ham
droe,-0.00020896217440186687,-0.18127971670562643,-0.00020896217440186687,0.1373900284395176,0.07186778151787196,181,biotech,21,wls_sqrt_mcap,tema_arındırılmış
droe,-0.00020896217440187086,-0.18127971670563,-0.00020896217440187086,0.1373900284395176,0.07186778151787196,181,biotech,21,wls_sqrt_mcap,ham
droe,0.002390630367062176,0.7360381075131485,0.002390630367062176,0.11850996796641977,0.0517363792568715,179,biotech,63,ols_rank_normal,tema_arındırılmış
droe,0.0023906303670621757,0.7360381075131482,0.0023906303670621757,0.11850996796641977,0.051736379256871516,179,biotech,63,ols_rank_normal,ham
droe,-0.007294621983079027,-0.308513096865823,-0.0011180086905205131,0.11969544207335228,0.05341709242746296,179,biotech,63,ols_winsorized_raw,tema_arındırılmış
droe,-0.007294621983079078,-0.3085130968658252,-0.001118008690520521,0.11969544207335227,0.05341709242746294,179,biotech,63,ols_winsorized_raw,ham
droe,-0.00026111991003439504,-0.08415789708630823,-0.00026111991003439504,0.1307160313526746,0.06449006320065785,179,biotech,63,wls_sqrt_mcap,tema_arındırılmış
droe,-0.00026111991003439444,-0.08415789708630812,-0.00026111991003439444,0.13071603135267462,0.06449006320065788,179,biotech,63,wls_sqrt_mcap,ham
droe,0.000276832569401957,0.04708025536341387,0.000276832569401957,0.1159444471385581,0.04858738318836819,176,biotech,126,ols_rank_normal,tema_arındırılmış
droe,0.00027683256940195605,0.04708025536341372,0.00027683256940195605,0.11594444713855809,0.048587383188368166,176,biotech,126,ols_rank_normal,ham
droe,-0.05591376874767664,-1.1416045105012715,-0.008438522115180083,0.11341366129457153,0.046034369283739274,176,biotech,126,ols_winsorized_raw,tema_arındırılmış
droe,-0.05591376874767669,-1.1416045105012724,-0.00843852211518009,0.11341366129457153,0.04603436928373925,176,biotech,126,ols_winsorized_raw,ham
droe,-0.004740500117598547,-0.8750469499193642,-0.004740500117598547,0.12733352703699555,0.06083849222591795,176,biotech,126,wls_sqrt_mcap,tema_arındırılmış
droe,-0.004740500117598556,-0.8750469499193663,-0.004740500117598556,0.12733352703699555,0.06083849222591795,176,biotech,126,wls_sqrt_mcap,ham
ear_3d,-0.0024523981090390956,-1.8640664043335902,-0.0024523981090390956,0.06833518022487961,0.03747006397959477,182,biotech,21,ols_rank_normal,tema_arındırılmış
ear_3d,-0.002452398109039094,-1.864066404333589,-0.002452398109039094,0.06833518022487961,0.03747006397959476,182,biotech,21,ols_rank_normal,ham
ear_3d,-0.029410559209211897,-1.864546578353004,-0.0029111416757843962,0.06626852356914668,0.03540613064433674,182,biotech,21,ols_winsorized_raw,tema_arındırılmış
ear_3d,-0.029410559209211908,-1.8645465783530042,-0.002911141675784397,0.0662685235691467,0.03540613064433676,182,biotech,21,ols_winsorized_raw,ham
ear_3d,-0.0011776934932296308,-1.021962804289969,-0.0011776934932296308,0.09452704148693912,0.06426120658392163,182,biotech,21,wls_sqrt_mcap,tema_arındırılmış
ear_3d,-0.0011776934932296325,-1.0219628042899709,-0.0011776934932296325,0.09452704148693912,0.0642612065839216,182,biotech,21,wls_sqrt_mcap,ham
ear_3d,-0.0057459939342791875,-2.1313214284870203,-0.0057459939342791875,0.05922312948772718,0.027786175997207608,180,biotech,63,ols_rank_normal,tema_arındırılmış
ear_3d,-0.005745993934279185,-2.131321428487019,-0.005745993934279185,0.05922312948772718,0.027786175997207608,180,biotech,63,ols_rank_normal,ham
ear_3d,-0.07228825123575534,-2.1709051816863973,-0.007140525808625281,0.058251312042841716,0.026741241072518903,180,biotech,63,ols_winsorized_raw,tema_arındırılmış
ear_3d,-0.07228825123575527,-2.170905181686396,-0.007140525808625274,0.05825131204284171,0.0267412410725189,180,biotech,63,ols_winsorized_raw,ham
ear_3d,-0.0038138071497821175,-1.598657767295974,-0.0038138071497821175,0.08250208071790051,0.05152092655965266,180,biotech,63,wls_sqrt_mcap,tema_arındırılmış
ear_3d,-0.003813807149782122,-1.5986577672959765,-0.003813807149782122,0.0825020807179005,0.05152092655965266,180,biotech,63,wls_sqrt_mcap,ham
ear_3d,-0.004122140794818256,-0.914915632496976,-0.004122140794818256,0.05417199685656388,0.02248293149358284,177,biotech,126,ols_rank_normal,tema_arındırılmış
ear_3d,-0.0041221407948182544,-0.9149156324969756,-0.0041221407948182544,0.05417199685656387,0.022482931493582835,177,biotech,126,ols_rank_normal,ham
ear_3d,-0.012758868400574682,-0.21847572516027797,-0.001258746346740392,0.05375337903489415,0.022004732084129952,177,biotech,126,ols_winsorized_raw,tema_arındırılmış
ear_3d,-0.012758868400574611,-0.21847572516027677,-0.001258746346740385,0.05375337903489414,0.022004732084129938,177,biotech,126,ols_winsorized_raw,ham
ear_3d,-0.002194826151946458,-0.5754086712395481,-0.002194826151946458,0.0770754018210449,0.04583273748435027,177,biotech,126,wls_sqrt_mcap,tema_arındırılmış
ear_3d,-0.002194826151946457,-0.575408671239548,-0.002194826151946457,0.0770754018210449,0.04583273748435026,177,biotech,126,wls_sqrt_mcap,ham
gross_profitability,-0.0013540733918154836,-0.994316443275949,-0.0013540733918154836,0.12690229231034866,0.05691482248780693,182,biotech,21,ols_rank_normal,tema_arındırılmış
gross_profitability,-0.001354073391815484,-0.9943164432759493,-0.001354073391815484,0.12690229231034866,0.05691482248780693,182,biotech,21,ols_rank_normal,ham
gross_profitability,-0.008593317564843569,-1.1552474722956996,-0.0016568586384847128,0.12508007265088247,0.05484239877487854,182,biotech,21,ols_winsorized_raw,tema_arındırılmış
gross_profitability,-0.008593317564843562,-1.1552474722956987,-0.0016568586384847115,0.1250800726508825,0.05484239877487856,182,biotech,21,ols_winsorized_raw,ham
gross_profitability,-0.0005347674821694032,-0.43619288655091953,-0.0005347674821694032,0.1431998155476365,0.0740736599994401,182,biotech,21,wls_sqrt_mcap,tema_arındırılmış
gross_profitability,-0.0005347674821694081,-0.4361928865509234,-0.0005347674821694081,0.14319981554763653,0.07407365999944009,182,biotech,21,wls_sqrt_mcap,ham
gross_profitability,-0.0031481138875331166,-0.9028178171040837,-0.0031481138875331166,0.12333324874870254,0.052461820924077855,180,biotech,63,ols_rank_normal,tema_arındırılmış
gross_profitability,-0.003148113887533116,-0.9028178171040836,-0.003148113887533116,0.12333324874870254,0.05246182092407786,180,biotech,63,ols_rank_normal,ham
gross_profitability,-0.023172941481950687,-1.2463734982473174,-0.00445002565309817,0.12228304135176356,0.05129914626850053,180,biotech,63,ols_winsorized_raw,tema_arındırılmış
gross_profitability,-0.023172941481950655,-1.2463734982473158,-0.004450025653098164,0.12228304135176356,0.05129914626850055,180,biotech,63,ols_winsorized_raw,ham
gross_profitability,5.984114320467187e-05,0.01820035588129091,5.984114320467187e-05,0.1305618967866866,0.060137836621751914,180,biotech,63,wls_sqrt_mcap,tema_arındırılmış
gross_profitability,5.9841143204660924e-05,0.018200355881287582,5.9841143204660924e-05,0.1305618967866866,0.060137836621751914,180,biotech,63,wls_sqrt_mcap,ham
gross_profitability,-0.00386085039428267,-0.508390570730135,-0.00386085039428267,0.12334748090939458,0.05226139097309618,177,biotech,126,ols_rank_normal,tema_arındırılmış
gross_profitability,-0.00386085039428267,-0.508390570730135,-0.00386085039428267,0.12334748090939457,0.05226139097309618,177,biotech,126,ols_rank_normal,ham
gross_profitability,-0.03554123672631968,-0.8734802047637236,-0.0067890519771809195,0.12126007470921103,0.049698711819150955,177,biotech,126,ols_winsorized_raw,tema_arındırılmış
gross_profitability,-0.035541236726319675,-0.8734802047637236,-0.006789051977180918,0.12126007470921103,0.049698711819150934,177,biotech,126,ols_winsorized_raw,ham
gross_profitability,0.0031180970569074738,0.44202632566947714,0.0031180970569074738,0.1319981802355529,0.06167230729851827,177,biotech,126,wls_sqrt_mcap,tema_arındırılmış
gross_profitability,0.0031180970569074764,0.44202632566947747,0.0031180970569074764,0.13199818023555293,0.06167230729851827,177,biotech,126,wls_sqrt_mcap,ham
idio_vol_60d,0.0001210966429853846,0.06050693803136366,0.0001210966429853846,0.06662202928719907,0.039421235526331096,182,biotech,21,ols_rank_normal,tema_arındırılmış
idio_vol_60d,0.00012109664298538205,0.06050693803136238,0.00012109664298538205,0.06662202928719907,0.03942123552633108,182,biotech,21,ols_rank_normal,ham
idio_vol_60d,0.0010091545749137067,0.16367356740452046,0.0003750834441740809,0.06392794735115027,0.03661472404828166,182,biotech,21,ols_winsorized_raw,tema_arındırılmış
idio_vol_60d,0.0010091545749137112,0.16367356740452121,0.00037508344417408256,0.06392794735115027,0.03661472404828166,182,biotech,21,ols_winsorized_raw,ham
idio_vol_60d,0.001269823390357534,0.6667074930907594,0.001269823390357534,0.10080288821138209,0.07432850937085472,182,biotech,21,wls_sqrt_mcap,tema_arındırılmış
idio_vol_60d,0.0012698233903575323,0.6667074930907584,0.0012698233903575323,0.10080288821138209,0.07432850937085474,182,biotech,21,wls_sqrt_mcap,ham
idio_vol_60d,-0.002838940997783878,-0.5330442636479735,-0.002838940997783878,0.05917306867024547,0.03141738647665253,180,biotech,63,ols_rank_normal,tema_arındırılmış
idio_vol_60d,-0.002838940997783879,-0.5330442636479737,-0.002838940997783879,0.05917306867024548,0.03141738647665254,180,biotech,63,ols_rank_normal,ham
idio_vol_60d,-0.012251333353662337,-0.6624797122276092,-0.004556776229888683,0.05951667900864385,0.03185039487634832,180,biotech,63,ols_winsorized_raw,tema_arındırılmış
idio_vol_60d,-0.012251333353662323,-0.6624797122276084,-0.004556776229888678,0.05951667900864387,0.03185039487634833,180,biotech,63,ols_winsorized_raw,ham
idio_vol_60d,0.0026405830949720478,0.48967581335238086,0.0026405830949720478,0.09297773726827425,0.06601442762089577,180,biotech,63,wls_sqrt_mcap,tema_arındırılmış
idio_vol_60d,0.0026405830949720412,0.4896758133523797,0.0026405830949720412,0.09297773726827424,0.06601442762089577,180,biotech,63,wls_sqrt_mcap,ham
idio_vol_60d,0.009815069896273752,1.1214349229151315,0.009815069896273752,0.060674717145615516,0.03296662072212115,177,biotech,126,ols_rank_normal,tema_arındırılmış
idio_vol_60d,0.009815069896273747,1.121434922915131,0.009815069896273747,0.06067471714561551,0.032966620722121136,177,biotech,126,ols_rank_normal,ham
idio_vol_60d,0.003857822256065144,0.12033197425334287,0.001439954080321713,0.0564473357203502,0.028579393440518155,177,biotech,126,ols_winsorized_raw,tema_arındırılmış
idio_vol_60d,0.003857822256065189,0.12033197425334421,0.00143995408032173,0.05644733572035018,0.028579393440518144,177,biotech,126,ols_winsorized_raw,ham
idio_vol_60d,0.010853913528905879,1.096895898671009,0.010853913528905879,0.0903216587335283,0.06319050915728174,177,biotech,126,wls_sqrt_mcap,tema_arındırılmış
idio_vol_60d,0.010853913528905867,1.0968958986710076,0.010853913528905867,0.0903216587335283,0.06319050915728174,177,biotech,126,wls_sqrt_mcap,ham
max_ret_21d,0.000637673135928141,0.3788618493612638,0.000637673135928141,0.06389808775467411,0.03652428054987107,182,biotech,21,ols_rank_normal,tema_arındırılmış
max_ret_21d,0.0006376731359281422,0.37886184936126455,0.0006376731359281422,0.06389808775467411,0.03652428054987107,182,biotech,21,ols_rank_normal,ham
max_ret_21d,0.019529492564713587,0.6877568130504029,0.0018116523931234706,0.06594012331726613,0.03865281111318608,182,biotech,21,ols_winsorized_raw,tema_arındırılmış
max_ret_21d,0.019529492564713587,0.6877568130504029,0.0018116523931234706,0.06594012331726613,0.03865281111318608,182,biotech,21,ols_winsorized_raw,ham
max_ret_21d,0.0022230012945751608,1.451992849972549,0.0022230012945751608,0.09704731175794512,0.0703998199581878,182,biotech,21,wls_sqrt_mcap,tema_arındırılmış
max_ret_21d,0.002223001294575161,1.451992849972549,0.002223001294575161,0.09704731175794512,0.07039981995818782,182,biotech,21,wls_sqrt_mcap,ham
max_ret_21d,-0.00027622651700660844,-0.07184751690377907,-0.00027622651700660844,0.05681850220173115,0.028875397811707233,180,biotech,63,ols_rank_normal,tema_arındırılmış
max_ret_21d,-0.0002762265170066086,-0.07184751690377912,-0.0002762265170066086,0.05681850220173115,0.02887539781170723,180,biotech,63,ols_rank_normal,ham
max_ret_21d,-0.042292122926034556,-0.7686227829056504,-0.0039049220407478204,0.05647540885497104,0.028529907173135027,180,biotech,63,ols_winsorized_raw,tema_arındırılmış
max_ret_21d,-0.04229212292603456,-0.7686227829056506,-0.003904922040747821,0.056475408854971036,0.028529907173135027,180,biotech,63,ols_winsorized_raw,ham
max_ret_21d,0.003261724357445184,0.8968986512496365,0.003261724357445184,0.08826039017427759,0.06106100970963377,180,biotech,63,wls_sqrt_mcap,tema_arındırılmış
max_ret_21d,0.0032617243574451886,0.8968986512496373,0.0032617243574451886,0.08826039017427759,0.06106100970963378,180,biotech,63,wls_sqrt_mcap,ham
max_ret_21d,0.0035430204800554594,0.5658942013114858,0.0035430204800554594,0.055756772492518175,0.027784021956719362,177,biotech,126,ols_rank_normal,tema_arındırılmış
max_ret_21d,0.0035430204800554585,0.5658942013114857,0.0035430204800554585,0.055756772492518175,0.027784021956719352,177,biotech,126,ols_rank_normal,ham
max_ret_21d,-0.08330081431977707,-0.7099413860832082,-0.007704697095480022,0.053047876854034504,0.024999628395730077,177,biotech,126,ols_winsorized_raw,tema_arındırılmış
max_ret_21d,-0.08330081431977704,-0.7099413860832079,-0.00770469709548002,0.053047876854034504,0.024999628395730073,177,biotech,126,ols_winsorized_raw,ham
max_ret_21d,0.006745797451753717,1.0878879726097226,0.006745797451753717,0.08522965220455263,0.057923954153329106,177,biotech,126,wls_sqrt_mcap,tema_arındırılmış
max_ret_21d,0.006745797451753718,1.087887972609722,0.006745797451753718,0.08522965220455263,0.057923954153329106,177,biotech,126,wls_sqrt_mcap,ham
mom_12_1,0.0019362976764315818,1.1127020895469382,0.0019362976764315818,0.06870016075403394,0.04144274812829579,182,biotech,21,ols_rank_normal,tema_arındırılmış
mom_12_1,0.0019362976764315803,1.1127020895469375,0.0019362976764315803,0.06870016075403396,0.04144274812829581,182,biotech,21,ols_rank_normal,ham
mom_12_1,0.002974665962645548,1.2007818000086998,0.0032991414730424956,0.06428490186057328,0.03684185823685565,182,biotech,21,ols_winsorized_raw,tema_arındırılmış
mom_12_1,0.0029746659626455458,1.2007818000086992,0.0032991414730424934,0.06428490186057324,0.03684185823685563,182,biotech,21,ols_winsorized_raw,ham
mom_12_1,0.001608163248948949,0.899514296030231,0.001608163248948949,0.10167874639391394,0.07516675942540978,182,biotech,21,wls_sqrt_mcap,tema_arındırılmış
mom_12_1,0.0016081632489489486,0.8995142960302311,0.0016081632489489486,0.10167874639391394,0.07516675942540978,182,biotech,21,wls_sqrt_mcap,ham
mom_12_1,0.007809460459750293,1.8741619975839716,0.007809460459750293,0.05867258669210088,0.030775744169907474,180,biotech,63,ols_rank_normal,tema_arındırılmış
mom_12_1,0.007809460459750289,1.874161997583971,0.007809460459750289,0.05867258669210088,0.030775744169907485,180,biotech,63,ols_rank_normal,ham
mom_12_1,0.011117628337927865,1.8982458692576993,0.012276064180990162,0.053682897141824004,0.025524675724508356,180,biotech,63,ols_winsorized_raw,tema_arındırılmış
mom_12_1,0.011117628337927865,1.8982458692576993,0.012276064180990162,0.053682897141824025,0.025524675724508377,180,biotech,63,ols_winsorized_raw,ham
mom_12_1,0.0068224746372993,1.5368537708032595,0.0068224746372993,0.08905639252346234,0.061792879397883464,180,biotech,63,wls_sqrt_mcap,tema_arındırılmış
mom_12_1,0.006822474637299303,1.5368537708032604,0.006822474637299303,0.0890563925234623,0.06179287939788344,180,biotech,63,wls_sqrt_mcap,ham
mom_12_1,0.010173416729969045,1.4403200942794379,0.010173416729969045,0.053476980429442045,0.025329451106253727,177,biotech,126,ols_rank_normal,tema_arındırılmış
mom_12_1,0.010173416729969034,1.4403200942794367,0.010173416729969034,0.05347698042944204,0.025329451106253717,177,biotech,126,ols_rank_normal,ham
mom_12_1,0.01388617903889553,1.6307270501968931,0.015119008295711143,0.049539840056968674,0.021175058509763006,177,biotech,126,ols_winsorized_raw,tema_arındırılmış
mom_12_1,0.013886179038895524,1.630727050196893,0.015119008295711136,0.049539840056968674,0.021175058509763006,177,biotech,126,ols_winsorized_raw,ham
mom_12_1,0.007256013027807277,0.9799140582127878,0.007256013027807277,0.08024087124028192,0.05257075030866809,177,biotech,126,wls_sqrt_mcap,tema_arındırılmış
mom_12_1,0.007256013027807277,0.9799140582127875,0.007256013027807277,0.08024087124028188,0.05257075030866807,177,biotech,126,wls_sqrt_mcap,ham
share_issuance,0.0013890702086322146,0.8333182139343257,0.0013890702086322146,0.06802469696436354,0.037525906368862584,181,biotech,21,ols_rank_normal,tema_arındırılmış
share_issuance,0.0013890702086322136,0.833318213934325,0.0013890702086322136,0.06802469696436356,0.03752590636886258,181,biotech,21,ols_rank_normal,ham
share_issuance,-0.00402326956649801,-0.3808541792028807,-0.0007694546704366454,0.06723842024374937,0.036790942830558684,181,biotech,21,ols_winsorized_raw,tema_arındırılmış
share_issuance,-0.004023269566498009,-0.3808541792028805,-0.0007694546704366453,0.06723842024374935,0.03679094283055868,181,biotech,21,ols_winsorized_raw,ham
share_issuance,0.0018022787333454736,1.1629776764487967,0.0018022787333454736,0.10198151982523795,0.07217627813871935,181,biotech,21,wls_sqrt_mcap,tema_arındırılmış
share_issuance,0.0018022787333454777,1.1629776764487993,0.0018022787333454777,0.10198151982523795,0.07217627813871937,181,biotech,21,wls_sqrt_mcap,ham
share_issuance,-0.0018019352993620767,-0.3860522517753498,-0.0018019352993620767,0.05916744774135861,0.027976617885798524,179,biotech,63,ols_rank_normal,tema_arındırılmış
share_issuance,-0.0018019352993620776,-0.3860522517753501,-0.0018019352993620776,0.059167447741358604,0.027976617885798513,179,biotech,63,ols_rank_normal,ham
share_issuance,-0.027482989527561855,-0.9284808530629866,-0.005221143960398404,0.058437303829523356,0.027265064054100802,179,biotech,63,ols_winsorized_raw,tema_arındırılmış
share_issuance,-0.02748298952756186,-0.9284808530629867,-0.005221143960398405,0.05843730382952337,0.027265064054100827,179,biotech,63,ols_winsorized_raw,ham
share_issuance,0.0009250353631974694,0.20190425030507886,0.0009250353631974694,0.09346099548550514,0.06314508459213075,179,biotech,63,wls_sqrt_mcap,tema_arındırılmış
share_issuance,0.0009250353631974624,0.20190425030507733,0.0009250353631974624,0.09346099548550513,0.06314508459213077,179,biotech,63,wls_sqrt_mcap,ham
share_issuance,-0.002862783461759252,-0.33098728233259467,-0.002862783461759252,0.05709464702151654,0.025765350702938793,176,biotech,126,ols_rank_normal,tema_arındırılmış
share_issuance,-0.0028627834617592535,-0.33098728233259483,-0.0028627834617592535,0.05709464702151652,0.025765350702938786,176,biotech,126,ols_rank_normal,ham
share_issuance,-0.027417718618206136,-0.5975625370486413,-0.005136074503455759,0.0527486479541125,0.021232456883715202,176,biotech,126,ols_winsorized_raw,tema_arındırılmış
share_issuance,-0.027417718618206147,-0.5975625370486414,-0.0051360745034557615,0.05274864795411249,0.02123245688371519,176,biotech,126,ols_winsorized_raw,ham
share_issuance,0.0013664749156097175,0.1688348893642011,0.0013664749156097175,0.08643947500221517,0.05579117051644289,176,biotech,126,wls_sqrt_mcap,tema_arındırılmış
share_issuance,0.0013664749156097158,0.16883488936420088,0.0013664749156097158,0.08643947500221517,0.05579117051644288,176,biotech,126,wls_sqrt_mcap,ham
sue,-0.00014540664040908538,-0.12227527113058322,-0.00014540664040908538,0.10866017499584721,0.04523231654610167,178,biotech,21,ols_rank_normal,tema_arındırılmış
sue,-0.00014540664040908454,-0.12227527113058254,-0.00014540664040908454,0.1086601749958472,0.04523231654610165,178,biotech,21,ols_rank_normal,ham
sue,-0.0004647368962812078,-0.42137329180591615,-0.0005508956997431391,0.11109825674103244,0.04788501190509207,178,biotech,21,ols_winsorized_raw,tema_arındırılmış
sue,-0.0004647368962812075,-0.4213732918059159,-0.0005508956997431388,0.11109825674103244,0.04788501190509206,178,biotech,21,ols_winsorized_raw,ham
sue,-0.0004324908580850719,-0.36927901381886663,-0.0004324908580850719,0.1298764790652303,0.06730943278951583,178,biotech,21,wls_sqrt_mcap,tema_arındırılmış
sue,-0.00043249085808507424,-0.3692790138188686,-0.00043249085808507424,0.1298764790652303,0.06730943278951582,178,biotech,21,wls_sqrt_mcap,ham
sue,0.0013966695890322014,0.5301216092926584,0.0013966695890322014,0.10291519532016942,0.03851416780929513,176,biotech,63,ols_rank_normal,tema_arındırılmış
sue,0.001396669589032202,0.5301216092926585,0.001396669589032202,0.10291519532016942,0.03851416780929514,176,biotech,63,ols_rank_normal,ham
sue,0.00027939721453630503,0.1231152733894111,0.00033147115761014337,0.1016026148913851,0.03713299340992234,176,biotech,63,ols_winsorized_raw,tema_arındırılmış
sue,0.0002793972145363031,0.12311527338941022,0.00033147115761014104,0.10160261489138511,0.03713299340992235,176,biotech,63,ols_winsorized_raw,ham
sue,1.0459928055061529e-05,0.003770056832699158,1.0459928055061529e-05,0.12175438881105073,0.0584059100747341,176,biotech,63,wls_sqrt_mcap,tema_arındırılmış
sue,1.0459928055054749e-05,0.0037700568326967158,1.0459928055054749e-05,0.12175438881105075,0.058405910074734106,176,biotech,63,wls_sqrt_mcap,ham
sue,0.002351756927336636,0.4885862532395299,0.002351756927336636,0.1043040707202888,0.0397954431686781,173,biotech,126,ols_rank_normal,tema_arındırılmış
sue,0.002351756927336636,0.4885862532395299,0.002351756927336636,0.10430407072028884,0.03979544316867813,173,biotech,126,ols_rank_normal,ham
sue,0.0009417162638841162,0.23153637375185207,0.0011186582814285311,0.10082988878031277,0.0359249001671912,173,biotech,126,ols_winsorized_raw,tema_arındırılmış
sue,0.0009417162638841158,0.231536373751852,0.0011186582814285307,0.10082988878031279,0.035924900167191215,173,biotech,126,ols_winsorized_raw,ham
sue,-0.0020186596112073832,-0.40964332474457965,-0.0020186596112073832,0.12330853153530238,0.06009543727714207,173,biotech,126,wls_sqrt_mcap,tema_arındırılmış
sue,-0.0020186596112073815,-0.40964332474457904,-0.0020186596112073815,0.12330853153530234,0.060095437277142054,173,biotech,126,wls_sqrt_mcap,ham
sue_announce,0.0007944856837135889,0.47480920087545825,0.0007944856837135889,0.1196437289434749,0.0509454038005592,182,biotech,21,ols_rank_normal,tema_arındırılmış
sue_announce,0.0007944856837135856,0.4748092008754564,0.0007944856837135856,0.1196437289434749,0.0509454038005592,182,biotech,21,ols_rank_normal,ham
sue_announce,0.0007452282678317509,0.6289924368212454,0.0011098517783965376,0.11415730811906429,0.04498493644999329,182,biotech,21,ols_winsorized_raw,tema_arındırılmış
sue_announce,0.0007452282678317521,0.6289924368212463,0.0011098517783965393,0.11415730811906426,0.044984936449993275,182,biotech,21,ols_winsorized_raw,ham
sue_announce,0.0006266773075359344,0.5216658760304799,0.0006266773075359344,0.14405256353880058,0.07681831774198865,182,biotech,21,wls_sqrt_mcap,tema_arındırılmış
sue_announce,0.0006266773075359254,0.5216658760304723,0.0006266773075359254,0.1440525635388006,0.07681831774198865,182,biotech,21,wls_sqrt_mcap,ham
sue_announce,0.005160874038687961,1.2355590043493718,0.005160874038687961,0.10791495844812542,0.037789576551289596,180,biotech,63,ols_rank_normal,tema_arındırılmış
sue_announce,0.0051608740386879515,1.2355590043493696,0.0051608740386879515,0.10791495844812539,0.03778957655128958,180,biotech,63,ols_rank_normal,ham
sue_announce,0.0043638087519069,1.4433953391280898,0.006501531908872401,0.1039289568857747,0.03347879383326188,180,biotech,63,ols_winsorized_raw,tema_arındırılmış
sue_announce,0.004363808751906899,1.4433953391280903,0.0065015319088724,0.1039289568857747,0.03347879383326186,180,biotech,63,ols_winsorized_raw,ham
sue_announce,0.0035938239205870483,1.2254155590108453,0.0035938239205870483,0.13327074660640564,0.0644627782831067,180,biotech,63,wls_sqrt_mcap,tema_arındırılmış
sue_announce,0.0035938239205870236,1.2254155590108373,0.0035938239205870236,0.13327074660640564,0.06446277828310668,180,biotech,63,wls_sqrt_mcap,ham
sue_announce,0.010040394248352869,1.2802182049266786,0.010040394248352869,0.11662776864795137,0.04719177241089153,177,biotech,126,ols_rank_normal,tema_arındırılmış
sue_announce,0.010040394248352846,1.2802182049266757,0.010040394248352846,0.11662776864795135,0.047191772410891515,177,biotech,126,ols_rank_normal,ham
sue_announce,0.009463657324378661,1.8639217632782357,0.014118325759708112,0.11029167687276638,0.03993561131152357,177,biotech,126,ols_winsorized_raw,tema_arındırılmış
sue_announce,0.009463657324378653,1.8639217632782337,0.0141183257597081,0.11029167687276635,0.039935611311523525,177,biotech,126,ols_winsorized_raw,ham
sue_announce,0.004872555276699283,0.7315663969420282,0.004872555276699283,0.14387654331884828,0.07587073590613111,177,biotech,126,wls_sqrt_mcap,tema_arındırılmış
sue_announce,0.004872555276699271,0.7315663969420264,0.004872555276699271,0.14387654331884828,0.07587073590613114,177,biotech,126,wls_sqrt_mcap,ham
asset_growth,-0.0024659290113499413,-0.7980501191362167,-0.0024659290113499413,0.4473401381109634,0.15716754630378021,165,biotech,21,ols_rank_normal_all,tema_arındırılmış
capex_at,0.003434046469686031,1.6362094176085418,0.003434046469686031,0.4473401381109634,0.15716754630378021,165,biotech,21,ols_rank_normal_all,tema_arındırılmış
cash_runway_years,-0.003470547981566849,-0.8451855660795242,-0.003470547981566849,0.4473401381109634,0.15716754630378021,165,biotech,21,ols_rank_normal_all,tema_arındırılmış
cop_at,0.00043349477174150515,0.10776437784962103,0.00043349477174150515,0.4473401381109634,0.15716754630378021,165,biotech,21,ols_rank_normal_all,tema_arındırılmış
dist_52w_high,0.005383482811477765,1.6819259309615762,0.005383482811477765,0.4473401381109634,0.15716754630378021,165,biotech,21,ols_rank_normal_all,tema_arındırılmış
droe,0.0019021261415768063,0.6822931038437025,0.0019021261415768063,0.4473401381109634,0.15716754630378021,165,biotech,21,ols_rank_normal_all,tema_arındırılmış
ear_3d,-0.0004046521244205092,-0.19993815922670102,-0.0004046521244205092,0.4473401381109634,0.15716754630378021,165,biotech,21,ols_rank_normal_all,tema_arındırılmış
ebit_ev,-0.0028281206909041663,-0.6566404476187183,-0.0028281206909041663,0.4473401381109634,0.15716754630378021,165,biotech,21,ols_rank_normal_all,tema_arındırılmış
gross_profitability,0.002086002787424737,0.8282185695018799,0.002086002787424737,0.4473401381109634,0.15716754630378021,165,biotech,21,ols_rank_normal_all,tema_arındırılmış
idio_vol_60d,-0.0021071147100680996,-0.5953542958648325,-0.0021071147100680996,0.4473401381109634,0.15716754630378021,165,biotech,21,ols_rank_normal_all,tema_arındırılmış
max_ret_21d,0.0024881325485877036,0.9855043600734834,0.0024881325485877036,0.4473401381109634,0.15716754630378021,165,biotech,21,ols_rank_normal_all,tema_arındırılmış
mom_12_1,0.0018874883132495156,0.6332705279293404,0.0018874883132495156,0.4473401381109634,0.15716754630378021,165,biotech,21,ols_rank_normal_all,tema_arındırılmış
ocf_ev,0.0027541836958250277,0.6214206312213407,0.0027541836958250277,0.4473401381109634,0.15716754630378021,165,biotech,21,ols_rank_normal_all,tema_arındırılmış
share_issuance,0.004276335681216623,1.704098729860441,0.004276335681216623,0.4473401381109634,0.15716754630378021,165,biotech,21,ols_rank_normal_all,tema_arındırılmış
sue,-0.0014967465402439858,-0.542031087773369,-0.0014967465402439858,0.4473401381109634,0.15716754630378021,165,biotech,21,ols_rank_normal_all,tema_arındırılmış
asset_growth,-0.0068660295545990525,-0.9743661000555967,-0.0068660295545990525,0.4361146712066183,0.13677281721926052,163,biotech,63,ols_rank_normal_all,tema_arındırılmış
capex_at,0.010057788208641014,2.0251825551833535,0.010057788208641014,0.4361146712066183,0.13677281721926052,163,biotech,63,ols_rank_normal_all,tema_arındırılmış
cash_runway_years,-0.0027402959734367373,-0.2800753032199788,-0.0027402959734367373,0.4361146712066183,0.13677281721926052,163,biotech,63,ols_rank_normal_all,tema_arındırılmış
cop_at,-0.0015516754125756847,-0.1333202271066263,-0.0015516754125756847,0.4361146712066183,0.13677281721926052,163,biotech,63,ols_rank_normal_all,tema_arındırılmış
dist_52w_high,0.0040917223931271,0.5642383653742404,0.0040917223931271,0.4361146712066183,0.13677281721926052,163,biotech,63,ols_rank_normal_all,tema_arındırılmış
droe,0.002945019415107594,0.4512246555511949,0.002945019415107594,0.4361146712066183,0.13677281721926052,163,biotech,63,ols_rank_normal_all,tema_arındırılmış
ear_3d,0.0038706556787617137,0.8062305290032061,0.0038706556787617137,0.4361146712066183,0.13677281721926052,163,biotech,63,ols_rank_normal_all,tema_arındırılmış
ebit_ev,-0.0053092036411742346,-0.5425191055027777,-0.0053092036411742346,0.4361146712066183,0.13677281721926052,163,biotech,63,ols_rank_normal_all,tema_arındırılmış
gross_profitability,0.004230792817711598,0.5294863194398248,0.004230792817711598,0.4361146712066183,0.13677281721926052,163,biotech,63,ols_rank_normal_all,tema_arındırılmış
idio_vol_60d,0.0056451378648541585,0.8954366167887459,0.0056451378648541585,0.4361146712066183,0.13677281721926052,163,biotech,63,ols_rank_normal_all,tema_arındırılmış
max_ret_21d,0.0033105298366534583,0.5985651853414465,0.0033105298366534583,0.4361146712066183,0.13677281721926052,163,biotech,63,ols_rank_normal_all,tema_arındırılmış
mom_12_1,0.0024916835019619895,0.3835757781571994,0.0024916835019619895,0.4361146712066183,0.13677281721926052,163,biotech,63,ols_rank_normal_all,tema_arındırılmış
ocf_ev,0.0052310858437996976,0.48970363219973334,0.0052310858437996976,0.4361146712066183,0.13677281721926052,163,biotech,63,ols_rank_normal_all,tema_arındırılmış
share_issuance,0.0029888361347975225,0.5076393971541658,0.0029888361347975225,0.4361146712066183,0.13677281721926052,163,biotech,63,ols_rank_normal_all,tema_arındırılmış
sue,-0.0012383564167471395,-0.20335511733033276,-0.0012383564167471395,0.4361146712066183,0.13677281721926052,163,biotech,63,ols_rank_normal_all,tema_arındırılmış
asset_growth,-0.018699142694772707,-1.6034034762159957,-0.018699142694772707,0.42556275802369037,0.11566996561591818,160,biotech,126,ols_rank_normal_all,tema_arındırılmış
capex_at,0.013897355098271696,1.5211916744560097,0.013897355098271696,0.42556275802369037,0.11566996561591818,160,biotech,126,ols_rank_normal_all,tema_arındırılmış
cash_runway_years,-0.007482003912618626,-0.38926971451557835,-0.007482003912618626,0.42556275802369037,0.11566996561591818,160,biotech,126,ols_rank_normal_all,tema_arındırılmış
cop_at,0.0014599602933965852,0.06758428731209974,0.0014599602933965852,0.42556275802369037,0.11566996561591818,160,biotech,126,ols_rank_normal_all,tema_arındırılmış
dist_52w_high,0.0008838059444828406,0.06442399981853328,0.0008838059444828406,0.42556275802369037,0.11566996561591818,160,biotech,126,ols_rank_normal_all,tema_arındırılmış
droe,0.015533910246086474,0.8691653981232669,0.015533910246086474,0.42556275802369037,0.11566996561591818,160,biotech,126,ols_rank_normal_all,tema_arındırılmış
ear_3d,-0.0004388344974775672,-0.04773425576185429,-0.0004388344974775672,0.42556275802369037,0.11566996561591818,160,biotech,126,ols_rank_normal_all,tema_arındırılmış
ebit_ev,-0.02676142122482485,-1.5606380195495138,-0.02676142122482485,0.42556275802369037,0.11566996561591818,160,biotech,126,ols_rank_normal_all,tema_arındırılmış
gross_profitability,0.008773705386045078,0.4912548659616974,0.008773705386045078,0.42556275802369037,0.11566996561591818,160,biotech,126,ols_rank_normal_all,tema_arındırılmış
idio_vol_60d,0.03416604479760378,2.6472136457229576,0.03416604479760378,0.42556275802369037,0.11566996561591818,160,biotech,126,ols_rank_normal_all,tema_arındırılmış
max_ret_21d,0.0036252733058416155,0.5469257609136943,0.0036252733058416155,0.42556275802369037,0.11566996561591818,160,biotech,126,ols_rank_normal_all,tema_arındırılmış
mom_12_1,0.008980593852944136,0.9154951270994734,0.008980593852944136,0.42556275802369037,0.11566996561591818,160,biotech,126,ols_rank_normal_all,tema_arındırılmış
ocf_ev,0.034810809123951,1.8381402898560288,0.034810809123951,0.42556275802369037,0.11566996561591818,160,biotech,126,ols_rank_normal_all,tema_arındırılmış
share_issuance,-0.0022210378980365665,-0.19424405088671626,-0.0022210378980365665,0.42556275802369037,0.11566996561591818,160,biotech,126,ols_rank_normal_all,tema_arındırılmış
sue,-0.0081546055162505,-0.7209686193570479,-0.0081546055162505,0.42556275802369037,0.11566996561591818,160,biotech,126,ols_rank_normal_all,tema_arındırılmış
asset_growth,0.0023379877178240855,1.6490305344170124,0.0023379877178240855,0.06945388081545609,0.03970931059727069,181,biotech/biotech_all,21,ols_rank_normal,tema_arındırılmış
asset_growth,0.002337987717824087,1.6490305344170137,0.002337987717824087,0.06945388081545607,0.03970931059727068,181,biotech/biotech_all,21,ols_rank_normal,ham
asset_growth,0.003653759767770664,1.502965991335275,0.00285886212807594,0.06761130100995126,0.037949844143855736,181,biotech/biotech_all,21,ols_winsorized_raw,tema_arındırılmış
asset_growth,0.0036537597677706647,1.5029659913352746,0.0028588621280759403,0.06761130100995126,0.037949844143855736,181,biotech/biotech_all,21,ols_winsorized_raw,ham
asset_growth,0.0007342288532648,0.4856477604830711,0.0007342288532648,0.09961207969596146,0.0703297669183235,181,biotech/biotech_all,21,wls_sqrt_mcap,tema_arındırılmış
asset_growth,0.0007342288532648036,0.48564776048307334,0.0007342288532648036,0.09961207969596145,0.07032976691832346,181,biotech/biotech_all,21,wls_sqrt_mcap,ham
asset_growth,0.002847134407239319,0.76406530862545,0.002847134407239319,0.05925543176473037,0.028581572138575522,179,biotech/biotech_all,63,ols_rank_normal,tema_arındırılmış
asset_growth,0.0028471344072393203,0.7640653086254505,0.0028471344072393203,0.05925543176473038,0.028581572138575526,179,biotech/biotech_all,63,ols_rank_normal,ham
asset_growth,0.007442174108966233,1.3380605933126257,0.005813608769625116,0.05591838246385754,0.02511924835129145,179,biotech/biotech_all,63,ols_winsorized_raw,tema_arındırılmış
asset_growth,0.007442174108966237,1.338060593312626,0.005813608769625119,0.05591838246385755,0.02511924835129146,179,biotech/biotech_all,63,ols_winsorized_raw,ham
asset_growth,-2.1161145776380557e-07,-5.184647881076364e-05,-2.1161145776380557e-07,0.08910169795734885,0.05897053496011716,179,biotech/biotech_all,63,wls_sqrt_mcap,tema_arındırılmış
asset_growth,-2.11611457756983e-07,-5.184647880909206e-05,-2.11611457756983e-07,0.08910169795734885,0.058970534960117164,179,biotech/biotech_all,63,wls_sqrt_mcap,ham
asset_growth,0.004847397400582334,0.7597793405690311,0.004847397400582334,0.05450426694757035,0.023557688234212847,176,biotech/biotech_all,126,ols_rank_normal,tema_arındırılmış
asset_growth,0.004847397400582334,0.7597793405690311,0.004847397400582334,0.05450426694757035,0.02355768823421285,176,biotech/biotech_all,126,ols_rank_normal,ham
asset_growth,0.011431815898784042,1.284334854723306,0.008914595950300454,0.04933937692735843,0.018128642525434648,176,biotech/biotech_all,126,ols_winsorized_raw,tema_arındırılmış
asset_growth,0.011431815898784043,1.2843348547233058,0.008914595950300454,0.04933937692735844,0.018128642525434665,176,biotech/biotech_all,126,ols_winsorized_raw,ham
asset_growth,0.0021568851542936762,0.33743734303762485,0.0021568851542936762,0.07918482908170876,0.04870148331142927,176,biotech/biotech_all,126,wls_sqrt_mcap,tema_arındırılmış
asset_growth,0.0021568851542936797,0.33743734303762524,0.0021568851542936797,0.07918482908170876,0.04870148331142927,176,biotech/biotech_all,126,wls_sqrt_mcap,ham
capex_at,0.0008406850170957071,0.530180391481669,0.0008406850170957071,0.06990067836005726,0.03863733524348384,182,biotech/biotech_all,21,ols_rank_normal,tema_arındırılmış
capex_at,0.0008406850170957101,0.530180391481671,0.0008406850170957101,0.06990067836005724,0.03863733524348384,182,biotech/biotech_all,21,ols_rank_normal,ham
capex_at,-0.03610664004973761,-0.48361366442273507,-0.0007322986317095463,0.0664158995061598,0.03514265159661857,182,biotech/biotech_all,21,ols_winsorized_raw,tema_arındırılmış
capex_at,-0.03610664004973769,-0.4836136644227361,-0.0007322986317095478,0.0664158995061598,0.03514265159661856,182,biotech/biotech_all,21,ols_winsorized_raw,ham
capex_at,-0.0007330970335931318,-0.5520875423503009,-0.0007330970335931318,0.09491941422277082,0.06401415087711015,182,biotech/biotech_all,21,wls_sqrt_mcap,tema_arındırılmış
capex_at,-0.0007330970335931291,-0.5520875423502989,-0.0007330970335931291,0.09491941422277082,0.06401415087711014,182,biotech/biotech_all,21,wls_sqrt_mcap,ham
capex_at,0.00748708190910204,1.9932183759230842,0.00748708190910204,0.05967520086482463,0.027257173043220347,180,biotech/biotech_all,63,ols_rank_normal,tema_arındırılmış
capex_at,0.007487081909102045,1.9932183759230866,0.007487081909102045,0.05967520086482462,0.027257173043220343,180,biotech/biotech_all,63,ols_rank_normal,ham
capex_at,0.15020845370799762,0.8565865134360867,0.0030562523381638612,0.057193996200123345,0.025007676979690228,180,biotech/biotech_all,63,ols_winsorized_raw,tema_arındırılmış
capex_at,0.15020845370799765,0.856586513436087,0.0030562523381638617,0.057193996200123325,0.025007676979690203,180,biotech/biotech_all,63,ols_winsorized_raw,ham
capex_at,0.002030046253243672,0.6399514939233422,0.002030046253243672,0.08549699501446906,0.05378517932381617,180,biotech/biotech_all,63,wls_sqrt_mcap,tema_arındırılmış
capex_at,0.0020300462532436793,0.6399514939233447,0.0020300462532436793,0.08549699501446907,0.05378517932381619,180,biotech/biotech_all,63,wls_sqrt_mcap,ham
capex_at,0.007835926695666604,1.0347455049899852,0.007835926695666604,0.05368634814842122,0.020915270336380236,177,biotech/biotech_all,126,ols_rank_normal,tema_arındırılmış
capex_at,0.007835926695666608,1.0347455049899859,0.007835926695666608,0.0536863481484212,0.020915270336380222,177,biotech/biotech_all,126,ols_rank_normal,ham
capex_at,-0.04273685581792293,-0.11494867620238881,-0.0008739080286994067,0.05407151644272185,0.021953466682990946,177,biotech/biotech_all,126,ols_winsorized_raw,tema_arındırılmış
capex_at,-0.04273685581792293,-0.11494867620238881,-0.0008739080286994067,0.05407151644272184,0.02195346668299094,177,biotech/biotech_all,126,ols_winsorized_raw,ham
capex_at,0.00016074810886616055,0.02659799781331326,0.00016074810886616055,0.07429190838641682,0.041930334868078706,177,biotech/biotech_all,126,wls_sqrt_mcap,tema_arındırılmış
capex_at,0.00016074810886616305,0.02659799781331368,0.00016074810886616305,0.0742919083864168,0.04193033486807869,177,biotech/biotech_all,126,wls_sqrt_mcap,ham
cash_runway_years,-0.0012824546010563162,-0.514338794473204,-0.0012824546010563162,0.05606168487944351,0.010833236610724394,171,biotech/biotech_all,21,ols_rank_normal,tema_arındırılmış
cash_runway_years,-0.0012824546010563145,-0.5143387944732034,-0.0012824546010563145,0.05606168487944351,0.010833236610724396,171,biotech/biotech_all,21,ols_rank_normal,ham
cash_runway_years,-0.00014689504199023022,-0.12879674094990193,-0.0003747130948807643,0.052663758687728233,0.0069450270594444315,171,biotech/biotech_all,21,ols_winsorized_raw,tema_arındırılmış
cash_runway_years,-0.0001468950419902307,-0.12879674094990237,-0.00037471309488076556,0.052663758687728254,0.0069450270594444445,171,biotech/biotech_all,21,ols_winsorized_raw,ham
cash_runway_years,-5.133745675935027e-05,-0.023919876217208327,-5.133745675935027e-05,0.07367192882465866,0.02894235791326389,171,biotech/biotech_all,21,wls_sqrt_mcap,tema_arındırılmış
cash_runway_years,-5.133745675935198e-05,-0.023919876217209125,-5.133745675935198e-05,0.07367192882465867,0.028942357913263918,171,biotech/biotech_all,21,wls_sqrt_mcap,ham
cash_runway_years,-0.005302096211599175,-0.9118465295945538,-0.005302096211599175,0.051410354097957606,0.005391527937075399,169,biotech/biotech_all,63,ols_rank_normal,tema_arındırılmış
cash_runway_years,-0.005302096211599174,-0.9118465295945538,-0.005302096211599174,0.05141035409795759,0.005391527937075386,169,biotech/biotech_all,63,ols_rank_normal,ham
cash_runway_years,-0.0007507613177576329,-0.29232647444008764,-0.0019157712526967174,0.04731644505020541,0.0008688419210601757,169,biotech/biotech_all,63,ols_winsorized_raw,tema_arındırılmış
cash_runway_years,-0.0007507613177576362,-0.292326474440089,-0.0019157712526967259,0.047316445050205415,0.0008688419210601744,169,biotech/biotech_all,63,ols_winsorized_raw,ham
cash_runway_years,-0.002120479026958129,-0.39921303566355154,-0.002120479026958129,0.06662153681900478,0.021082936152064552,169,biotech/biotech_all,63,wls_sqrt_mcap,tema_arındırılmış
cash_runway_years,-0.0021204790269581226,-0.3992130356635504,-0.0021204790269581226,0.06662153681900478,0.021082936152064562,169,biotech/biotech_all,63,wls_sqrt_mcap,ham
cash_runway_years,-0.01580834963460065,-2.0238945186951782,-0.01580834963460065,0.048725473338965875,0.002148530113230439,166,biotech/biotech_all,126,ols_rank_normal,tema_arındırılmış
cash_runway_years,-0.01580834963460066,-2.02389451869518,-0.01580834963460066,0.048725473338965875,0.0021485301132304325,166,biotech/biotech_all,126,ols_rank_normal,ham
cash_runway_years,-0.002976509324884909,-1.0040109020653807,-0.007598709327597301,0.044441994096652095,-0.002632821288587297,166,biotech/biotech_all,126,ols_winsorized_raw,tema_arındırılmış
cash_runway_years,-0.0029765093248849115,-1.0040109020653816,-0.007598709327597308,0.04444199409665209,-0.002632821288587308,166,biotech/biotech_all,126,ols_winsorized_raw,ham
cash_runway_years,-0.011217329051384228,-1.393255952369178,-0.011217329051384228,0.06128830807468941,0.015222509977752707,166,biotech/biotech_all,126,wls_sqrt_mcap,tema_arındırılmış
cash_runway_years,-0.011217329051384228,-1.3932559523691785,-0.011217329051384228,0.06128830807468941,0.015222509977752699,166,biotech/biotech_all,126,wls_sqrt_mcap,ham
cop_at,-0.0005134451877887397,-0.3881401310536424,-0.0005134451877887397,0.11497656431597368,0.052121266194490375,182,biotech/biotech_all,21,ols_rank_normal,tema_arındırılmış
cop_at,-0.0005134451877887388,-0.38814013105364176,-0.0005134451877887388,0.11497656431597368,0.052121266194490395,182,biotech/biotech_all,21,ols_rank_normal,ham
cop_at,-0.019572316156580435,-1.2170520772087556,-0.0017145304283525814,0.11569185821417598,0.052871590244392634,182,biotech/biotech_all,21,ols_winsorized_raw,tema_arındırılmış
cop_at,-0.019572316156580446,-1.2170520772087563,-0.0017145304283525825,0.11569185821417598,0.05287159024439263,182,biotech/biotech_all,21,ols_winsorized_raw,ham
cop_at,0.00023355271166605008,0.17655717580048644,0.00023355271166605008,0.13205979486448288,0.06981216212522667,182,biotech/biotech_all,21,wls_sqrt_mcap,tema_arındırılmış
cop_at,0.00023355271166605016,0.17655717580048652,0.00023355271166605016,0.13205979486448294,0.06981216212522669,182,biotech/biotech_all,21,wls_sqrt_mcap,ham
cop_at,-0.001484272909775415,-0.49094071578550535,-0.001484272909775415,0.10794483954232896,0.04391070978601702,180,biotech/biotech_all,63,ols_rank_normal,tema_arındırılmış
cop_at,-0.0014842729097754152,-0.4909407157855054,-0.0014842729097754152,0.10794483954232896,0.04391070978601702,180,biotech/biotech_all,63,ols_rank_normal,ham
cop_at,-0.05882670759293411,-1.6136662823139265,-0.00513545503854228,0.10741585072297961,0.04344970596734521,180,biotech/biotech_all,63,ols_winsorized_raw,tema_arındırılmış
cop_at,-0.0588267075929341,-1.6136662823139267,-0.005135455038542279,0.10741585072297966,0.04344970596734523,180,biotech/biotech_all,63,ols_winsorized_raw,ham
cop_at,0.0015497474443490955,0.49653274704902256,0.0015497474443490955,0.11990047469013124,0.05645621669878115,180,biotech/biotech_all,63,wls_sqrt_mcap,tema_arındırılmış
cop_at,0.0015497474443490903,0.4965327470490209,0.0015497474443490903,0.11990047469013122,0.05645621669878115,180,biotech/biotech_all,63,wls_sqrt_mcap,ham
cop_at,-0.0020376527085974555,-0.3752231923932237,-0.0020376527085974555,0.1086064951964781,0.044500388016864297,177,biotech/biotech_all,126,ols_rank_normal,tema_arındırılmış
cop_at,-0.0020376527085974533,-0.3752231923932233,-0.0020376527085974533,0.1086064951964781,0.04450038801686432,177,biotech/biotech_all,126,ols_rank_normal,ham
cop_at,-0.0923411604641562,-1.36904217820914,-0.008031767337615315,0.10601386005123849,0.04152736212451078,177,biotech/biotech_all,126,ols_winsorized_raw,tema_arındırılmış
cop_at,-0.09234116046415612,-1.3690421782091389,-0.008031767337615308,0.10601386005123849,0.04152736212451081,177,biotech/biotech_all,126,ols_winsorized_raw,ham
cop_at,0.004480469100392631,0.8150175192478146,0.004480469100392631,0.116676208747039,0.052958331438917296,177,biotech/biotech_all,126,wls_sqrt_mcap,tema_arındırılmış
cop_at,0.004480469100392632,0.8150175192478147,0.004480469100392632,0.116676208747039,0.05295833143891731,177,biotech/biotech_all,126,wls_sqrt_mcap,ham
dist_52w_high,0.0014781056215178402,0.6967089954082428,0.0014781056215178402,0.07454449842534934,0.04767804168748774,182,biotech/biotech_all,21,ols_rank_normal,tema_arındırılmış
dist_52w_high,0.0014781056215178402,0.6967089954082428,0.0014781056215178402,0.07454449842534933,0.04767804168748774,182,biotech/biotech_all,21,ols_rank_normal,ham
dist_52w_high,0.01871778199320789,1.4617361038746568,0.003471020961674001,0.07650658068232111,0.04973976458719643,182,biotech/biotech_all,21,ols_winsorized_raw,tema_arındırılmış
dist_52w_high,0.018717781993207887,1.4617361038746568,0.0034710209616740004,0.0765065806823211,0.049739764587196415,182,biotech/biotech_all,21,ols_winsorized_raw,ham
dist_52w_high,0.001393827221364738,0.8274557690143676,0.001393827221364738,0.10227765291686035,0.07595739032155872,182,biotech/biotech_all,21,wls_sqrt_mcap,tema_arındırılmış
dist_52w_high,0.001393827221364738,0.8274557690143676,0.001393827221364738,0.10227765291686035,0.07595739032155877,182,biotech/biotech_all,21,wls_sqrt_mcap,ham
dist_52w_high,0.007528189299181095,1.6605615585120723,0.007528189299181095,0.06391094039670649,0.03640516743372138,180,biotech/biotech_all,63,ols_rank_normal,tema_arındırılmış
dist_52w_high,0.007528189299181093,1.6605615585120717,0.007528189299181093,0.0639109403967065,0.036405167433721394,180,biotech/biotech_all,63,ols_rank_normal,ham
dist_52w_high,0.06307484538533598,2.3420980078329814,0.011700745687465704,0.06452340472581641,0.0370277218643938,180,biotech/biotech_all,63,ols_winsorized_raw,tema_arındırılmış
dist_52w_high,0.063074845385336,2.342098007832982,0.011700745687465708,0.06452340472581641,0.037027721864393785,180,biotech/biotech_all,63,ols_winsorized_raw,ham
dist_52w_high,0.006822389997026919,1.6649438265929997,0.006822389997026919,0.09068262839489492,0.0636502549051071,180,biotech/biotech_all,63,wls_sqrt_mcap,tema_arındırılmış
dist_52w_high,0.006822389997026914,1.664943826592998,0.006822389997026914,0.09068262839489492,0.0636502549051071,180,biotech/biotech_all,63,wls_sqrt_mcap,ham
dist_52w_high,0.013271217948486472,1.7372599696983035,0.013271217948486472,0.060209813806083395,0.03256926281211713,177,biotech/biotech_all,126,ols_rank_normal,tema_arındırılmış
dist_52w_high,0.013271217948486472,1.7372599696983035,0.013271217948486472,0.06020981380608338,0.03256926281211712,177,biotech/biotech_all,126,ols_rank_normal,ham
dist_52w_high,0.11183254734735362,2.2783872864672654,0.020758836693637307,0.06027464339969058,0.03260523566435155,177,biotech/biotech_all,126,ols_winsorized_raw,tema_arındırılmış
dist_52w_high,0.11183254734735362,2.2783872864672654,0.020758836693637307,0.060274643399690575,0.032605235664351535,177,biotech/biotech_all,126,ols_winsorized_raw,ham
dist_52w_high,0.009871642936313393,1.3372998075893403,0.009871642936313393,0.08287354045345278,0.05545142072529751,177,biotech/biotech_all,126,wls_sqrt_mcap,tema_arındırılmış
dist_52w_high,0.009871642936313381,1.3372998075893383,0.009871642936313381,0.08287354045345278,0.05545142072529752,177,biotech/biotech_all,126,wls_sqrt_mcap,ham
droe,0.0006816274500281042,0.5229015504868291,0.0006816274500281042,0.12053377513041307,0.054480242817996516,181,biotech/biotech_all,21,ols_rank_normal,tema_arındırılmış
droe,0.0006816274500281047,0.5229015504868295,0.0006816274500281047,0.12053377513041304,0.054480242817996516,181,biotech/biotech_all,21,ols_rank_normal,ham
droe,-0.004509357271755005,-0.36693636957350023,-0.0006990108722858491,0.1296510870006449,0.06458139698621339,181,biotech/biotech_all,21,ols_winsorized_raw,tema_arındırılmış
droe,-0.0045093572717550155,-0.3669363695735011,-0.0006990108722858508,0.1296510870006449,0.06458139698621339,181,biotech/biotech_all,21,ols_winsorized_raw,ham
droe,-0.00020896217440186687,-0.18127971670562643,-0.00020896217440186687,0.1373900284395176,0.07186778151787196,181,biotech/biotech_all,21,wls_sqrt_mcap,tema_arındırılmış
droe,-0.00020896217440187086,-0.18127971670563,-0.00020896217440187086,0.1373900284395176,0.07186778151787196,181,biotech/biotech_all,21,wls_sqrt_mcap,ham
droe,0.002390630367062176,0.7360381075131485,0.002390630367062176,0.11850996796641977,0.0517363792568715,179,biotech/biotech_all,63,ols_rank_normal,tema_arındırılmış
droe,0.0023906303670621757,0.7360381075131482,0.0023906303670621757,0.11850996796641977,0.051736379256871516,179,biotech/biotech_all,63,ols_rank_normal,ham
droe,-0.007294621983079027,-0.308513096865823,-0.0011180086905205131,0.11969544207335228,0.05341709242746296,179,biotech/biotech_all,63,ols_winsorized_raw,tema_arındırılmış
droe,-0.007294621983079078,-0.3085130968658252,-0.001118008690520521,0.11969544207335227,0.05341709242746294,179,biotech/biotech_all,63,ols_winsorized_raw,ham
droe,-0.00026111991003439504,-0.08415789708630823,-0.00026111991003439504,0.1307160313526746,0.06449006320065785,179,biotech/biotech_all,63,wls_sqrt_mcap,tema_arındırılmış
droe,-0.00026111991003439444,-0.08415789708630812,-0.00026111991003439444,0.13071603135267462,0.06449006320065788,179,biotech/biotech_all,63,wls_sqrt_mcap,ham
droe,0.000276832569401957,0.04708025536341387,0.000276832569401957,0.1159444471385581,0.04858738318836819,176,biotech/biotech_all,126,ols_rank_normal,tema_arındırılmış
droe,0.00027683256940195605,0.04708025536341372,0.00027683256940195605,0.11594444713855809,0.048587383188368166,176,biotech/biotech_all,126,ols_rank_normal,ham
droe,-0.05591376874767664,-1.1416045105012715,-0.008438522115180083,0.11341366129457153,0.046034369283739274,176,biotech/biotech_all,126,ols_winsorized_raw,tema_arındırılmış
droe,-0.05591376874767669,-1.1416045105012724,-0.00843852211518009,0.11341366129457153,0.04603436928373925,176,biotech/biotech_all,126,ols_winsorized_raw,ham
droe,-0.004740500117598547,-0.8750469499193642,-0.004740500117598547,0.12733352703699555,0.06083849222591795,176,biotech/biotech_all,126,wls_sqrt_mcap,tema_arındırılmış
droe,-0.004740500117598556,-0.8750469499193663,-0.004740500117598556,0.12733352703699555,0.06083849222591795,176,biotech/biotech_all,126,wls_sqrt_mcap,ham
ear_3d,-0.0024523981090390956,-1.8640664043335902,-0.0024523981090390956,0.06833518022487961,0.03747006397959477,182,biotech/biotech_all,21,ols_rank_normal,tema_arındırılmış
ear_3d,-0.002452398109039094,-1.864066404333589,-0.002452398109039094,0.06833518022487961,0.03747006397959476,182,biotech/biotech_all,21,ols_rank_normal,ham
ear_3d,-0.029410559209211897,-1.864546578353004,-0.0029111416757843962,0.06626852356914668,0.03540613064433674,182,biotech/biotech_all,21,ols_winsorized_raw,tema_arındırılmış
ear_3d,-0.029410559209211908,-1.8645465783530042,-0.002911141675784397,0.0662685235691467,0.03540613064433676,182,biotech/biotech_all,21,ols_winsorized_raw,ham
ear_3d,-0.0011776934932296308,-1.021962804289969,-0.0011776934932296308,0.09452704148693912,0.06426120658392163,182,biotech/biotech_all,21,wls_sqrt_mcap,tema_arındırılmış
ear_3d,-0.0011776934932296325,-1.0219628042899709,-0.0011776934932296325,0.09452704148693912,0.0642612065839216,182,biotech/biotech_all,21,wls_sqrt_mcap,ham
ear_3d,-0.0057459939342791875,-2.1313214284870203,-0.0057459939342791875,0.05922312948772718,0.027786175997207608,180,biotech/biotech_all,63,ols_rank_normal,tema_arındırılmış
ear_3d,-0.005745993934279185,-2.131321428487019,-0.005745993934279185,0.05922312948772718,0.027786175997207608,180,biotech/biotech_all,63,ols_rank_normal,ham
ear_3d,-0.07228825123575534,-2.1709051816863973,-0.007140525808625281,0.058251312042841716,0.026741241072518903,180,biotech/biotech_all,63,ols_winsorized_raw,tema_arındırılmış
ear_3d,-0.07228825123575527,-2.170905181686396,-0.007140525808625274,0.05825131204284171,0.0267412410725189,180,biotech/biotech_all,63,ols_winsorized_raw,ham
ear_3d,-0.0038138071497821175,-1.598657767295974,-0.0038138071497821175,0.08250208071790051,0.05152092655965266,180,biotech/biotech_all,63,wls_sqrt_mcap,tema_arındırılmış
ear_3d,-0.003813807149782122,-1.5986577672959765,-0.003813807149782122,0.0825020807179005,0.05152092655965266,180,biotech/biotech_all,63,wls_sqrt_mcap,ham
ear_3d,-0.004122140794818256,-0.914915632496976,-0.004122140794818256,0.05417199685656388,0.02248293149358284,177,biotech/biotech_all,126,ols_rank_normal,tema_arındırılmış
ear_3d,-0.0041221407948182544,-0.9149156324969756,-0.0041221407948182544,0.05417199685656387,0.022482931493582835,177,biotech/biotech_all,126,ols_rank_normal,ham
ear_3d,-0.012758868400574682,-0.21847572516027797,-0.001258746346740392,0.05375337903489415,0.022004732084129952,177,biotech/biotech_all,126,ols_winsorized_raw,tema_arındırılmış
ear_3d,-0.012758868400574611,-0.21847572516027677,-0.001258746346740385,0.05375337903489414,0.022004732084129938,177,biotech/biotech_all,126,ols_winsorized_raw,ham
ear_3d,-0.002194826151946458,-0.5754086712395481,-0.002194826151946458,0.0770754018210449,0.04583273748435027,177,biotech/biotech_all,126,wls_sqrt_mcap,tema_arındırılmış
ear_3d,-0.002194826151946457,-0.575408671239548,-0.002194826151946457,0.0770754018210449,0.04583273748435026,177,biotech/biotech_all,126,wls_sqrt_mcap,ham
gross_profitability,-0.0013540733918154836,-0.994316443275949,-0.0013540733918154836,0.12690229231034866,0.05691482248780693,182,biotech/biotech_all,21,ols_rank_normal,tema_arındırılmış
gross_profitability,-0.001354073391815484,-0.9943164432759493,-0.001354073391815484,0.12690229231034866,0.05691482248780693,182,biotech/biotech_all,21,ols_rank_normal,ham
gross_profitability,-0.008593317564843569,-1.1552474722956996,-0.0016568586384847128,0.12508007265088247,0.05484239877487854,182,biotech/biotech_all,21,ols_winsorized_raw,tema_arındırılmış
gross_profitability,-0.008593317564843562,-1.1552474722956987,-0.0016568586384847115,0.1250800726508825,0.05484239877487856,182,biotech/biotech_all,21,ols_winsorized_raw,ham
gross_profitability,-0.0005347674821694032,-0.43619288655091953,-0.0005347674821694032,0.1431998155476365,0.0740736599994401,182,biotech/biotech_all,21,wls_sqrt_mcap,tema_arındırılmış
gross_profitability,-0.0005347674821694081,-0.4361928865509234,-0.0005347674821694081,0.14319981554763653,0.07407365999944009,182,biotech/biotech_all,21,wls_sqrt_mcap,ham
gross_profitability,-0.0031481138875331166,-0.9028178171040837,-0.0031481138875331166,0.12333324874870254,0.052461820924077855,180,biotech/biotech_all,63,ols_rank_normal,tema_arındırılmış
gross_profitability,-0.003148113887533116,-0.9028178171040836,-0.003148113887533116,0.12333324874870254,0.05246182092407786,180,biotech/biotech_all,63,ols_rank_normal,ham
gross_profitability,-0.023172941481950687,-1.2463734982473174,-0.00445002565309817,0.12228304135176356,0.05129914626850053,180,biotech/biotech_all,63,ols_winsorized_raw,tema_arındırılmış
gross_profitability,-0.023172941481950655,-1.2463734982473158,-0.004450025653098164,0.12228304135176356,0.05129914626850055,180,biotech/biotech_all,63,ols_winsorized_raw,ham
gross_profitability,5.984114320467187e-05,0.01820035588129091,5.984114320467187e-05,0.1305618967866866,0.060137836621751914,180,biotech/biotech_all,63,wls_sqrt_mcap,tema_arındırılmış
gross_profitability,5.9841143204660924e-05,0.018200355881287582,5.9841143204660924e-05,0.1305618967866866,0.060137836621751914,180,biotech/biotech_all,63,wls_sqrt_mcap,ham
gross_profitability,-0.00386085039428267,-0.508390570730135,-0.00386085039428267,0.12334748090939458,0.05226139097309618,177,biotech/biotech_all,126,ols_rank_normal,tema_arındırılmış
gross_profitability,-0.00386085039428267,-0.508390570730135,-0.00386085039428267,0.12334748090939457,0.05226139097309618,177,biotech/biotech_all,126,ols_rank_normal,ham
gross_profitability,-0.03554123672631968,-0.8734802047637236,-0.0067890519771809195,0.12126007470921103,0.049698711819150955,177,biotech/biotech_all,126,ols_winsorized_raw,tema_arındırılmış
gross_profitability,-0.035541236726319675,-0.8734802047637236,-0.006789051977180918,0.12126007470921103,0.049698711819150934,177,biotech/biotech_all,126,ols_winsorized_raw,ham
gross_profitability,0.0031180970569074738,0.44202632566947714,0.0031180970569074738,0.1319981802355529,0.06167230729851827,177,biotech/biotech_all,126,wls_sqrt_mcap,tema_arındırılmış
gross_profitability,0.0031180970569074764,0.44202632566947747,0.0031180970569074764,0.13199818023555293,0.06167230729851827,177,biotech/biotech_all,126,wls_sqrt_mcap,ham
idio_vol_60d,0.0001210966429853846,0.06050693803136366,0.0001210966429853846,0.06662202928719907,0.039421235526331096,182,biotech/biotech_all,21,ols_rank_normal,tema_arındırılmış
idio_vol_60d,0.00012109664298538205,0.06050693803136238,0.00012109664298538205,0.06662202928719907,0.03942123552633108,182,biotech/biotech_all,21,ols_rank_normal,ham
idio_vol_60d,0.0010091545749137067,0.16367356740452046,0.0003750834441740809,0.06392794735115027,0.03661472404828166,182,biotech/biotech_all,21,ols_winsorized_raw,tema_arındırılmış
idio_vol_60d,0.0010091545749137112,0.16367356740452121,0.00037508344417408256,0.06392794735115027,0.03661472404828166,182,biotech/biotech_all,21,ols_winsorized_raw,ham
idio_vol_60d,0.001269823390357534,0.6667074930907594,0.001269823390357534,0.10080288821138209,0.07432850937085472,182,biotech/biotech_all,21,wls_sqrt_mcap,tema_arındırılmış
idio_vol_60d,0.0012698233903575323,0.6667074930907584,0.0012698233903575323,0.10080288821138209,0.07432850937085474,182,biotech/biotech_all,21,wls_sqrt_mcap,ham
idio_vol_60d,-0.002838940997783878,-0.5330442636479735,-0.002838940997783878,0.05917306867024547,0.03141738647665253,180,biotech/biotech_all,63,ols_rank_normal,tema_arındırılmış
idio_vol_60d,-0.002838940997783879,-0.5330442636479737,-0.002838940997783879,0.05917306867024548,0.03141738647665254,180,biotech/biotech_all,63,ols_rank_normal,ham
idio_vol_60d,-0.012251333353662337,-0.6624797122276092,-0.004556776229888683,0.05951667900864385,0.03185039487634832,180,biotech/biotech_all,63,ols_winsorized_raw,tema_arındırılmış
idio_vol_60d,-0.012251333353662323,-0.6624797122276084,-0.004556776229888678,0.05951667900864387,0.03185039487634833,180,biotech/biotech_all,63,ols_winsorized_raw,ham
idio_vol_60d,0.0026405830949720478,0.48967581335238086,0.0026405830949720478,0.09297773726827425,0.06601442762089577,180,biotech/biotech_all,63,wls_sqrt_mcap,tema_arındırılmış
idio_vol_60d,0.0026405830949720412,0.4896758133523797,0.0026405830949720412,0.09297773726827424,0.06601442762089577,180,biotech/biotech_all,63,wls_sqrt_mcap,ham
idio_vol_60d,0.009815069896273752,1.1214349229151315,0.009815069896273752,0.060674717145615516,0.03296662072212115,177,biotech/biotech_all,126,ols_rank_normal,tema_arındırılmış
idio_vol_60d,0.009815069896273747,1.121434922915131,0.009815069896273747,0.06067471714561551,0.032966620722121136,177,biotech/biotech_all,126,ols_rank_normal,ham
idio_vol_60d,0.003857822256065144,0.12033197425334287,0.001439954080321713,0.0564473357203502,0.028579393440518155,177,biotech/biotech_all,126,ols_winsorized_raw,tema_arındırılmış
idio_vol_60d,0.003857822256065189,0.12033197425334421,0.00143995408032173,0.05644733572035018,0.028579393440518144,177,biotech/biotech_all,126,ols_winsorized_raw,ham
idio_vol_60d,0.010853913528905879,1.096895898671009,0.010853913528905879,0.0903216587335283,0.06319050915728174,177,biotech/biotech_all,126,wls_sqrt_mcap,tema_arındırılmış
idio_vol_60d,0.010853913528905867,1.0968958986710076,0.010853913528905867,0.0903216587335283,0.06319050915728174,177,biotech/biotech_all,126,wls_sqrt_mcap,ham
max_ret_21d,0.000637673135928141,0.3788618493612638,0.000637673135928141,0.06389808775467411,0.03652428054987107,182,biotech/biotech_all,21,ols_rank_normal,tema_arındırılmış
max_ret_21d,0.0006376731359281422,0.37886184936126455,0.0006376731359281422,0.06389808775467411,0.03652428054987107,182,biotech/biotech_all,21,ols_rank_normal,ham
max_ret_21d,0.019529492564713587,0.6877568130504029,0.0018116523931234706,0.06594012331726613,0.03865281111318608,182,biotech/biotech_all,21,ols_winsorized_raw,tema_arındırılmış
max_ret_21d,0.019529492564713587,0.6877568130504029,0.0018116523931234706,0.06594012331726613,0.03865281111318608,182,biotech/biotech_all,21,ols_winsorized_raw,ham
max_ret_21d,0.0022230012945751608,1.451992849972549,0.0022230012945751608,0.09704731175794512,0.0703998199581878,182,biotech/biotech_all,21,wls_sqrt_mcap,tema_arındırılmış
max_ret_21d,0.002223001294575161,1.451992849972549,0.002223001294575161,0.09704731175794512,0.07039981995818782,182,biotech/biotech_all,21,wls_sqrt_mcap,ham
max_ret_21d,-0.00027622651700660844,-0.07184751690377907,-0.00027622651700660844,0.05681850220173115,0.028875397811707233,180,biotech/biotech_all,63,ols_rank_normal,tema_arındırılmış
max_ret_21d,-0.0002762265170066086,-0.07184751690377912,-0.0002762265170066086,0.05681850220173115,0.02887539781170723,180,biotech/biotech_all,63,ols_rank_normal,ham
max_ret_21d,-0.042292122926034556,-0.7686227829056504,-0.0039049220407478204,0.05647540885497104,0.028529907173135027,180,biotech/biotech_all,63,ols_winsorized_raw,tema_arındırılmış
max_ret_21d,-0.04229212292603456,-0.7686227829056506,-0.003904922040747821,0.056475408854971036,0.028529907173135027,180,biotech/biotech_all,63,ols_winsorized_raw,ham
max_ret_21d,0.003261724357445184,0.8968986512496365,0.003261724357445184,0.08826039017427759,0.06106100970963377,180,biotech/biotech_all,63,wls_sqrt_mcap,tema_arındırılmış
max_ret_21d,0.0032617243574451886,0.8968986512496373,0.0032617243574451886,0.08826039017427759,0.06106100970963378,180,biotech/biotech_all,63,wls_sqrt_mcap,ham
max_ret_21d,0.0035430204800554594,0.5658942013114858,0.0035430204800554594,0.055756772492518175,0.027784021956719362,177,biotech/biotech_all,126,ols_rank_normal,tema_arındırılmış
max_ret_21d,0.0035430204800554585,0.5658942013114857,0.0035430204800554585,0.055756772492518175,0.027784021956719352,177,biotech/biotech_all,126,ols_rank_normal,ham
max_ret_21d,-0.08330081431977707,-0.7099413860832082,-0.007704697095480022,0.053047876854034504,0.024999628395730077,177,biotech/biotech_all,126,ols_winsorized_raw,tema_arındırılmış
max_ret_21d,-0.08330081431977704,-0.7099413860832079,-0.00770469709548002,0.053047876854034504,0.024999628395730073,177,biotech/biotech_all,126,ols_winsorized_raw,ham
max_ret_21d,0.006745797451753717,1.0878879726097226,0.006745797451753717,0.08522965220455263,0.057923954153329106,177,biotech/biotech_all,126,wls_sqrt_mcap,tema_arındırılmış
max_ret_21d,0.006745797451753718,1.087887972609722,0.006745797451753718,0.08522965220455263,0.057923954153329106,177,biotech/biotech_all,126,wls_sqrt_mcap,ham
mom_12_1,0.0019362976764315818,1.1127020895469382,0.0019362976764315818,0.06870016075403394,0.04144274812829579,182,biotech/biotech_all,21,ols_rank_normal,tema_arındırılmış
mom_12_1,0.0019362976764315803,1.1127020895469375,0.0019362976764315803,0.06870016075403396,0.04144274812829581,182,biotech/biotech_all,21,ols_rank_normal,ham
mom_12_1,0.002974665962645548,1.2007818000086998,0.0032991414730424956,0.06428490186057328,0.03684185823685565,182,biotech/biotech_all,21,ols_winsorized_raw,tema_arındırılmış
mom_12_1,0.0029746659626455458,1.2007818000086992,0.0032991414730424934,0.06428490186057324,0.03684185823685563,182,biotech/biotech_all,21,ols_winsorized_raw,ham
mom_12_1,0.001608163248948949,0.899514296030231,0.001608163248948949,0.10167874639391394,0.07516675942540978,182,biotech/biotech_all,21,wls_sqrt_mcap,tema_arındırılmış
mom_12_1,0.0016081632489489486,0.8995142960302311,0.0016081632489489486,0.10167874639391394,0.07516675942540978,182,biotech/biotech_all,21,wls_sqrt_mcap,ham
mom_12_1,0.007809460459750293,1.8741619975839716,0.007809460459750293,0.05867258669210088,0.030775744169907474,180,biotech/biotech_all,63,ols_rank_normal,tema_arındırılmış
mom_12_1,0.007809460459750289,1.874161997583971,0.007809460459750289,0.05867258669210088,0.030775744169907485,180,biotech/biotech_all,63,ols_rank_normal,ham
mom_12_1,0.011117628337927865,1.8982458692576993,0.012276064180990162,0.053682897141824004,0.025524675724508356,180,biotech/biotech_all,63,ols_winsorized_raw,tema_arındırılmış
mom_12_1,0.011117628337927865,1.8982458692576993,0.012276064180990162,0.053682897141824025,0.025524675724508377,180,biotech/biotech_all,63,ols_winsorized_raw,ham
mom_12_1,0.0068224746372993,1.5368537708032595,0.0068224746372993,0.08905639252346234,0.061792879397883464,180,biotech/biotech_all,63,wls_sqrt_mcap,tema_arındırılmış
mom_12_1,0.006822474637299303,1.5368537708032604,0.006822474637299303,0.0890563925234623,0.06179287939788344,180,biotech/biotech_all,63,wls_sqrt_mcap,ham
mom_12_1,0.010173416729969045,1.4403200942794379,0.010173416729969045,0.053476980429442045,0.025329451106253727,177,biotech/biotech_all,126,ols_rank_normal,tema_arındırılmış
mom_12_1,0.010173416729969034,1.4403200942794367,0.010173416729969034,0.05347698042944204,0.025329451106253717,177,biotech/biotech_all,126,ols_rank_normal,ham
mom_12_1,0.01388617903889553,1.6307270501968931,0.015119008295711143,0.049539840056968674,0.021175058509763006,177,biotech/biotech_all,126,ols_winsorized_raw,tema_arındırılmış
mom_12_1,0.013886179038895524,1.630727050196893,0.015119008295711136,0.049539840056968674,0.021175058509763006,177,biotech/biotech_all,126,ols_winsorized_raw,ham
mom_12_1,0.007256013027807277,0.9799140582127878,0.007256013027807277,0.08024087124028192,0.05257075030866809,177,biotech/biotech_all,126,wls_sqrt_mcap,tema_arındırılmış
mom_12_1,0.007256013027807277,0.9799140582127875,0.007256013027807277,0.08024087124028188,0.05257075030866807,177,biotech/biotech_all,126,wls_sqrt_mcap,ham
share_issuance,0.0013890702086322146,0.8333182139343257,0.0013890702086322146,0.06802469696436354,0.037525906368862584,181,biotech/biotech_all,21,ols_rank_normal,tema_arındırılmış
share_issuance,0.0013890702086322136,0.833318213934325,0.0013890702086322136,0.06802469696436356,0.03752590636886258,181,biotech/biotech_all,21,ols_rank_normal,ham
share_issuance,-0.00402326956649801,-0.3808541792028807,-0.0007694546704366454,0.06723842024374937,0.036790942830558684,181,biotech/biotech_all,21,ols_winsorized_raw,tema_arındırılmış
share_issuance,-0.004023269566498009,-0.3808541792028805,-0.0007694546704366453,0.06723842024374935,0.03679094283055868,181,biotech/biotech_all,21,ols_winsorized_raw,ham
share_issuance,0.0018022787333454736,1.1629776764487967,0.0018022787333454736,0.10198151982523795,0.07217627813871935,181,biotech/biotech_all,21,wls_sqrt_mcap,tema_arındırılmış
share_issuance,0.0018022787333454777,1.1629776764487993,0.0018022787333454777,0.10198151982523795,0.07217627813871937,181,biotech/biotech_all,21,wls_sqrt_mcap,ham
share_issuance,-0.0018019352993620767,-0.3860522517753498,-0.0018019352993620767,0.05916744774135861,0.027976617885798524,179,biotech/biotech_all,63,ols_rank_normal,tema_arındırılmış
share_issuance,-0.0018019352993620776,-0.3860522517753501,-0.0018019352993620776,0.059167447741358604,0.027976617885798513,179,biotech/biotech_all,63,ols_rank_normal,ham
share_issuance,-0.027482989527561855,-0.9284808530629866,-0.005221143960398404,0.058437303829523356,0.027265064054100802,179,biotech/biotech_all,63,ols_winsorized_raw,tema_arındırılmış
share_issuance,-0.02748298952756186,-0.9284808530629867,-0.005221143960398405,0.05843730382952337,0.027265064054100827,179,biotech/biotech_all,63,ols_winsorized_raw,ham
share_issuance,0.0009250353631974694,0.20190425030507886,0.0009250353631974694,0.09346099548550514,0.06314508459213075,179,biotech/biotech_all,63,wls_sqrt_mcap,tema_arındırılmış
share_issuance,0.0009250353631974624,0.20190425030507733,0.0009250353631974624,0.09346099548550513,0.06314508459213077,179,biotech/biotech_all,63,wls_sqrt_mcap,ham
share_issuance,-0.002862783461759252,-0.33098728233259467,-0.002862783461759252,0.05709464702151654,0.025765350702938793,176,biotech/biotech_all,126,ols_rank_normal,tema_arındırılmış
share_issuance,-0.0028627834617592535,-0.33098728233259483,-0.0028627834617592535,0.05709464702151652,0.025765350702938786,176,biotech/biotech_all,126,ols_rank_normal,ham
share_issuance,-0.027417718618206136,-0.5975625370486413,-0.005136074503455759,0.0527486479541125,0.021232456883715202,176,biotech/biotech_all,126,ols_winsorized_raw,tema_arındırılmış
share_issuance,-0.027417718618206147,-0.5975625370486414,-0.0051360745034557615,0.05274864795411249,0.02123245688371519,176,biotech/biotech_all,126,ols_winsorized_raw,ham
share_issuance,0.0013664749156097175,0.1688348893642011,0.0013664749156097175,0.08643947500221517,0.05579117051644289,176,biotech/biotech_all,126,wls_sqrt_mcap,tema_arındırılmış
share_issuance,0.0013664749156097158,0.16883488936420088,0.0013664749156097158,0.08643947500221517,0.05579117051644288,176,biotech/biotech_all,126,wls_sqrt_mcap,ham
sue,-0.00014540664040908538,-0.12227527113058322,-0.00014540664040908538,0.10866017499584721,0.04523231654610167,178,biotech/biotech_all,21,ols_rank_normal,tema_arındırılmış
sue,-0.00014540664040908454,-0.12227527113058254,-0.00014540664040908454,0.1086601749958472,0.04523231654610165,178,biotech/biotech_all,21,ols_rank_normal,ham
sue,-0.0004647368962812078,-0.42137329180591615,-0.0005508956997431391,0.11109825674103244,0.04788501190509207,178,biotech/biotech_all,21,ols_winsorized_raw,tema_arındırılmış
sue,-0.0004647368962812075,-0.4213732918059159,-0.0005508956997431388,0.11109825674103244,0.04788501190509206,178,biotech/biotech_all,21,ols_winsorized_raw,ham
sue,-0.0004324908580850719,-0.36927901381886663,-0.0004324908580850719,0.1298764790652303,0.06730943278951583,178,biotech/biotech_all,21,wls_sqrt_mcap,tema_arındırılmış
sue,-0.00043249085808507424,-0.3692790138188686,-0.00043249085808507424,0.1298764790652303,0.06730943278951582,178,biotech/biotech_all,21,wls_sqrt_mcap,ham
sue,0.0013966695890322014,0.5301216092926584,0.0013966695890322014,0.10291519532016942,0.03851416780929513,176,biotech/biotech_all,63,ols_rank_normal,tema_arındırılmış
sue,0.001396669589032202,0.5301216092926585,0.001396669589032202,0.10291519532016942,0.03851416780929514,176,biotech/biotech_all,63,ols_rank_normal,ham
sue,0.00027939721453630503,0.1231152733894111,0.00033147115761014337,0.1016026148913851,0.03713299340992234,176,biotech/biotech_all,63,ols_winsorized_raw,tema_arındırılmış
sue,0.0002793972145363031,0.12311527338941022,0.00033147115761014104,0.10160261489138511,0.03713299340992235,176,biotech/biotech_all,63,ols_winsorized_raw,ham
sue,1.0459928055061529e-05,0.003770056832699158,1.0459928055061529e-05,0.12175438881105073,0.0584059100747341,176,biotech/biotech_all,63,wls_sqrt_mcap,tema_arındırılmış
sue,1.0459928055054749e-05,0.0037700568326967158,1.0459928055054749e-05,0.12175438881105075,0.058405910074734106,176,biotech/biotech_all,63,wls_sqrt_mcap,ham
sue,0.002351756927336636,0.4885862532395299,0.002351756927336636,0.1043040707202888,0.0397954431686781,173,biotech/biotech_all,126,ols_rank_normal,tema_arındırılmış
sue,0.002351756927336636,0.4885862532395299,0.002351756927336636,0.10430407072028884,0.03979544316867813,173,biotech/biotech_all,126,ols_rank_normal,ham
sue,0.0009417162638841162,0.23153637375185207,0.0011186582814285311,0.10082988878031277,0.0359249001671912,173,biotech/biotech_all,126,ols_winsorized_raw,tema_arındırılmış
sue,0.0009417162638841158,0.231536373751852,0.0011186582814285307,0.10082988878031279,0.035924900167191215,173,biotech/biotech_all,126,ols_winsorized_raw,ham
sue,-0.0020186596112073832,-0.40964332474457965,-0.0020186596112073832,0.12330853153530238,0.06009543727714207,173,biotech/biotech_all,126,wls_sqrt_mcap,tema_arındırılmış
sue,-0.0020186596112073815,-0.40964332474457904,-0.0020186596112073815,0.12330853153530234,0.060095437277142054,173,biotech/biotech_all,126,wls_sqrt_mcap,ham
sue_announce,0.0007944856837135889,0.47480920087545825,0.0007944856837135889,0.1196437289434749,0.0509454038005592,182,biotech/biotech_all,21,ols_rank_normal,tema_arındırılmış
sue_announce,0.0007944856837135856,0.4748092008754564,0.0007944856837135856,0.1196437289434749,0.0509454038005592,182,biotech/biotech_all,21,ols_rank_normal,ham
sue_announce,0.0007452282678317509,0.6289924368212454,0.0011098517783965376,0.11415730811906429,0.04498493644999329,182,biotech/biotech_all,21,ols_winsorized_raw,tema_arındırılmış
sue_announce,0.0007452282678317521,0.6289924368212463,0.0011098517783965393,0.11415730811906426,0.044984936449993275,182,biotech/biotech_all,21,ols_winsorized_raw,ham
sue_announce,0.0006266773075359344,0.5216658760304799,0.0006266773075359344,0.14405256353880058,0.07681831774198865,182,biotech/biotech_all,21,wls_sqrt_mcap,tema_arındırılmış
sue_announce,0.0006266773075359254,0.5216658760304723,0.0006266773075359254,0.1440525635388006,0.07681831774198865,182,biotech/biotech_all,21,wls_sqrt_mcap,ham
sue_announce,0.005160874038687961,1.2355590043493718,0.005160874038687961,0.10791495844812542,0.037789576551289596,180,biotech/biotech_all,63,ols_rank_normal,tema_arındırılmış
sue_announce,0.0051608740386879515,1.2355590043493696,0.0051608740386879515,0.10791495844812539,0.03778957655128958,180,biotech/biotech_all,63,ols_rank_normal,ham
sue_announce,0.0043638087519069,1.4433953391280898,0.006501531908872401,0.1039289568857747,0.03347879383326188,180,biotech/biotech_all,63,ols_winsorized_raw,tema_arındırılmış
sue_announce,0.004363808751906899,1.4433953391280903,0.0065015319088724,0.1039289568857747,0.03347879383326186,180,biotech/biotech_all,63,ols_winsorized_raw,ham
sue_announce,0.0035938239205870483,1.2254155590108453,0.0035938239205870483,0.13327074660640564,0.0644627782831067,180,biotech/biotech_all,63,wls_sqrt_mcap,tema_arındırılmış
sue_announce,0.0035938239205870236,1.2254155590108373,0.0035938239205870236,0.13327074660640564,0.06446277828310668,180,biotech/biotech_all,63,wls_sqrt_mcap,ham
sue_announce,0.010040394248352869,1.2802182049266786,0.010040394248352869,0.11662776864795137,0.04719177241089153,177,biotech/biotech_all,126,ols_rank_normal,tema_arındırılmış
sue_announce,0.010040394248352846,1.2802182049266757,0.010040394248352846,0.11662776864795135,0.047191772410891515,177,biotech/biotech_all,126,ols_rank_normal,ham
sue_announce,0.009463657324378661,1.8639217632782357,0.014118325759708112,0.11029167687276638,0.03993561131152357,177,biotech/biotech_all,126,ols_winsorized_raw,tema_arındırılmış
sue_announce,0.009463657324378653,1.8639217632782337,0.0141183257597081,0.11029167687276635,0.039935611311523525,177,biotech/biotech_all,126,ols_winsorized_raw,ham
sue_announce,0.004872555276699283,0.7315663969420282,0.004872555276699283,0.14387654331884828,0.07587073590613111,177,biotech/biotech_all,126,wls_sqrt_mcap,tema_arındırılmış
sue_announce,0.004872555276699271,0.7315663969420264,0.004872555276699271,0.14387654331884828,0.07587073590613114,177,biotech/biotech_all,126,wls_sqrt_mcap,ham
asset_growth,-0.0024659290113499413,-0.7980501191362167,-0.0024659290113499413,0.4473401381109634,0.15716754630378021,165,biotech/biotech_all,21,ols_rank_normal_all,tema_arındırılmış
capex_at,0.003434046469686031,1.6362094176085418,0.003434046469686031,0.4473401381109634,0.15716754630378021,165,biotech/biotech_all,21,ols_rank_normal_all,tema_arındırılmış
cash_runway_years,-0.003470547981566849,-0.8451855660795242,-0.003470547981566849,0.4473401381109634,0.15716754630378021,165,biotech/biotech_all,21,ols_rank_normal_all,tema_arındırılmış
cop_at,0.00043349477174150515,0.10776437784962103,0.00043349477174150515,0.4473401381109634,0.15716754630378021,165,biotech/biotech_all,21,ols_rank_normal_all,tema_arındırılmış
dist_52w_high,0.005383482811477765,1.6819259309615762,0.005383482811477765,0.4473401381109634,0.15716754630378021,165,biotech/biotech_all,21,ols_rank_normal_all,tema_arındırılmış
droe,0.0019021261415768063,0.6822931038437025,0.0019021261415768063,0.4473401381109634,0.15716754630378021,165,biotech/biotech_all,21,ols_rank_normal_all,tema_arındırılmış
ear_3d,-0.0004046521244205092,-0.19993815922670102,-0.0004046521244205092,0.4473401381109634,0.15716754630378021,165,biotech/biotech_all,21,ols_rank_normal_all,tema_arındırılmış
ebit_ev,-0.0028281206909041663,-0.6566404476187183,-0.0028281206909041663,0.4473401381109634,0.15716754630378021,165,biotech/biotech_all,21,ols_rank_normal_all,tema_arındırılmış
gross_profitability,0.002086002787424737,0.8282185695018799,0.002086002787424737,0.4473401381109634,0.15716754630378021,165,biotech/biotech_all,21,ols_rank_normal_all,tema_arındırılmış
idio_vol_60d,-0.0021071147100680996,-0.5953542958648325,-0.0021071147100680996,0.4473401381109634,0.15716754630378021,165,biotech/biotech_all,21,ols_rank_normal_all,tema_arındırılmış
max_ret_21d,0.0024881325485877036,0.9855043600734834,0.0024881325485877036,0.4473401381109634,0.15716754630378021,165,biotech/biotech_all,21,ols_rank_normal_all,tema_arındırılmış
mom_12_1,0.0018874883132495156,0.6332705279293404,0.0018874883132495156,0.4473401381109634,0.15716754630378021,165,biotech/biotech_all,21,ols_rank_normal_all,tema_arındırılmış
ocf_ev,0.0027541836958250277,0.6214206312213407,0.0027541836958250277,0.4473401381109634,0.15716754630378021,165,biotech/biotech_all,21,ols_rank_normal_all,tema_arındırılmış
share_issuance,0.004276335681216623,1.704098729860441,0.004276335681216623,0.4473401381109634,0.15716754630378021,165,biotech/biotech_all,21,ols_rank_normal_all,tema_arındırılmış
sue,-0.0014967465402439858,-0.542031087773369,-0.0014967465402439858,0.4473401381109634,0.15716754630378021,165,biotech/biotech_all,21,ols_rank_normal_all,tema_arındırılmış
asset_growth,-0.0068660295545990525,-0.9743661000555967,-0.0068660295545990525,0.4361146712066183,0.13677281721926052,163,biotech/biotech_all,63,ols_rank_normal_all,tema_arındırılmış
capex_at,0.010057788208641014,2.0251825551833535,0.010057788208641014,0.4361146712066183,0.13677281721926052,163,biotech/biotech_all,63,ols_rank_normal_all,tema_arındırılmış
cash_runway_years,-0.0027402959734367373,-0.2800753032199788,-0.0027402959734367373,0.4361146712066183,0.13677281721926052,163,biotech/biotech_all,63,ols_rank_normal_all,tema_arındırılmış
cop_at,-0.0015516754125756847,-0.1333202271066263,-0.0015516754125756847,0.4361146712066183,0.13677281721926052,163,biotech/biotech_all,63,ols_rank_normal_all,tema_arındırılmış
dist_52w_high,0.0040917223931271,0.5642383653742404,0.0040917223931271,0.4361146712066183,0.13677281721926052,163,biotech/biotech_all,63,ols_rank_normal_all,tema_arındırılmış
droe,0.002945019415107594,0.4512246555511949,0.002945019415107594,0.4361146712066183,0.13677281721926052,163,biotech/biotech_all,63,ols_rank_normal_all,tema_arındırılmış
ear_3d,0.0038706556787617137,0.8062305290032061,0.0038706556787617137,0.4361146712066183,0.13677281721926052,163,biotech/biotech_all,63,ols_rank_normal_all,tema_arındırılmış
ebit_ev,-0.0053092036411742346,-0.5425191055027777,-0.0053092036411742346,0.4361146712066183,0.13677281721926052,163,biotech/biotech_all,63,ols_rank_normal_all,tema_arındırılmış
gross_profitability,0.004230792817711598,0.5294863194398248,0.004230792817711598,0.4361146712066183,0.13677281721926052,163,biotech/biotech_all,63,ols_rank_normal_all,tema_arındırılmış
idio_vol_60d,0.0056451378648541585,0.8954366167887459,0.0056451378648541585,0.4361146712066183,0.13677281721926052,163,biotech/biotech_all,63,ols_rank_normal_all,tema_arındırılmış
max_ret_21d,0.0033105298366534583,0.5985651853414465,0.0033105298366534583,0.4361146712066183,0.13677281721926052,163,biotech/biotech_all,63,ols_rank_normal_all,tema_arındırılmış
mom_12_1,0.0024916835019619895,0.3835757781571994,0.0024916835019619895,0.4361146712066183,0.13677281721926052,163,biotech/biotech_all,63,ols_rank_normal_all,tema_arındırılmış
ocf_ev,0.0052310858437996976,0.48970363219973334,0.0052310858437996976,0.4361146712066183,0.13677281721926052,163,biotech/biotech_all,63,ols_rank_normal_all,tema_arındırılmış
share_issuance,0.0029888361347975225,0.5076393971541658,0.0029888361347975225,0.4361146712066183,0.13677281721926052,163,biotech/biotech_all,63,ols_rank_normal_all,tema_arındırılmış
sue,-0.0012383564167471395,-0.20335511733033276,-0.0012383564167471395,0.4361146712066183,0.13677281721926052,163,biotech/biotech_all,63,ols_rank_normal_all,tema_arındırılmış
asset_growth,-0.018699142694772707,-1.6034034762159957,-0.018699142694772707,0.42556275802369037,0.11566996561591818,160,biotech/biotech_all,126,ols_rank_normal_all,tema_arındırılmış
capex_at,0.013897355098271696,1.5211916744560097,0.013897355098271696,0.42556275802369037,0.11566996561591818,160,biotech/biotech_all,126,ols_rank_normal_all,tema_arındırılmış
cash_runway_years,-0.007482003912618626,-0.38926971451557835,-0.007482003912618626,0.42556275802369037,0.11566996561591818,160,biotech/biotech_all,126,ols_rank_normal_all,tema_arındırılmış
cop_at,0.0014599602933965852,0.06758428731209974,0.0014599602933965852,0.42556275802369037,0.11566996561591818,160,biotech/biotech_all,126,ols_rank_normal_all,tema_arındırılmış
dist_52w_high,0.0008838059444828406,0.06442399981853328,0.0008838059444828406,0.42556275802369037,0.11566996561591818,160,biotech/biotech_all,126,ols_rank_normal_all,tema_arındırılmış
droe,0.015533910246086474,0.8691653981232669,0.015533910246086474,0.42556275802369037,0.11566996561591818,160,biotech/biotech_all,126,ols_rank_normal_all,tema_arındırılmış
ear_3d,-0.0004388344974775672,-0.04773425576185429,-0.0004388344974775672,0.42556275802369037,0.11566996561591818,160,biotech/biotech_all,126,ols_rank_normal_all,tema_arındırılmış
ebit_ev,-0.02676142122482485,-1.5606380195495138,-0.02676142122482485,0.42556275802369037,0.11566996561591818,160,biotech/biotech_all,126,ols_rank_normal_all,tema_arındırılmış
gross_profitability,0.008773705386045078,0.4912548659616974,0.008773705386045078,0.42556275802369037,0.11566996561591818,160,biotech/biotech_all,126,ols_rank_normal_all,tema_arındırılmış
idio_vol_60d,0.03416604479760378,2.6472136457229576,0.03416604479760378,0.42556275802369037,0.11566996561591818,160,biotech/biotech_all,126,ols_rank_normal_all,tema_arındırılmış
max_ret_21d,0.0036252733058416155,0.5469257609136943,0.0036252733058416155,0.42556275802369037,0.11566996561591818,160,biotech/biotech_all,126,ols_rank_normal_all,tema_arındırılmış
mom_12_1,0.008980593852944136,0.9154951270994734,0.008980593852944136,0.42556275802369037,0.11566996561591818,160,biotech/biotech_all,126,ols_rank_normal_all,tema_arındırılmış
ocf_ev,0.034810809123951,1.8381402898560288,0.034810809123951,0.42556275802369037,0.11566996561591818,160,biotech/biotech_all,126,ols_rank_normal_all,tema_arındırılmış
share_issuance,-0.0022210378980365665,-0.19424405088671626,-0.0022210378980365665,0.42556275802369037,0.11566996561591818,160,biotech/biotech_all,126,ols_rank_normal_all,tema_arındırılmış
sue,-0.0081546055162505,-0.7209686193570479,-0.0081546055162505,0.42556275802369037,0.11566996561591818,160,biotech/biotech_all,126,ols_rank_normal_all,tema_arındırılmış
asset_growth,0.0026386148326237257,2.070785615898439,0.0026386148326237257,0.17845644717289727,0.159719604607313,182,energy,21,ols_rank_normal,tema_arındırılmış
asset_growth,0.0026386148326237252,2.0707856158984392,0.0026386148326237252,0.17845644717289727,0.15971960460731302,182,energy,21,ols_rank_normal,ham
asset_growth,0.006051087788663376,1.4483758671310532,0.0020606834107056793,0.1851765414283955,0.16658301419483615,182,energy,21,ols_winsorized_raw,tema_arındırılmış
asset_growth,0.006051087788663371,1.448375867131052,0.0020606834107056776,0.1851765414283955,0.1665830141948362,182,energy,21,ols_winsorized_raw,ham
asset_growth,0.0020203373882638673,1.593890768024025,0.0020203373882638673,0.2048589863858946,0.18689159512125297,182,energy,21,wls_sqrt_mcap,tema_arındırılmış
asset_growth,0.002020337388263864,1.5938907680240222,0.002020337388263864,0.2048589863858946,0.18689159512125303,182,energy,21,wls_sqrt_mcap,ham
asset_growth,0.005954611442554127,1.949690450403975,0.005954611442554127,0.1578298895434123,0.1384702016654609,180,energy,63,ols_rank_normal,tema_arındırılmış
asset_growth,0.00595461144255413,1.9496904504039758,0.00595461144255413,0.15782988954341226,0.1384702016654609,180,energy,63,ols_rank_normal,ham
asset_growth,0.014299232763177705,1.3331770188668413,0.00484489004872285,0.1636720245815717,0.14444567836862604,180,energy,63,ols_winsorized_raw,tema_arındırılmış
asset_growth,0.014299232763177717,1.3331770188668421,0.004844890048722853,0.1636720245815717,0.14444567836862604,180,energy,63,ols_winsorized_raw,ham
asset_growth,0.005473219003325272,1.6910559009399768,0.005473219003325272,0.18625530777866173,0.16770866852534266,180,energy,63,wls_sqrt_mcap,tema_arındırılmış
asset_growth,0.005473219003325276,1.6910559009399786,0.005473219003325276,0.18625530777866173,0.16770866852534266,180,energy,63,wls_sqrt_mcap,ham
asset_growth,0.011455782420680512,1.7674451229961963,0.011455782420680512,0.15597761135399033,0.13654837510081844,177,energy,126,ols_rank_normal,tema_arındırılmış
asset_growth,0.011455782420680518,1.7674451229961974,0.011455782420680518,0.1559776113539903,0.13654837510081844,177,energy,126,ols_rank_normal,ham
asset_growth,0.028548189107681178,1.265204073248018,0.009621627363032507,0.15859547165445098,0.13922540787439155,177,energy,126,ols_winsorized_raw,tema_arındırılmış
asset_growth,0.028548189107681175,1.2652040732480185,0.009621627363032506,0.15859547165445098,0.13922540787439155,177,energy,126,ols_winsorized_raw,ham
asset_growth,0.010143109525007224,1.5600936244041386,0.010143109525007224,0.18574882622388364,0.1671836918164321,177,energy,126,wls_sqrt_mcap,tema_arındırılmış
asset_growth,0.010143109525007235,1.5600936244041401,0.010143109525007235,0.18574882622388364,0.1671836918164321,177,energy,126,wls_sqrt_mcap,ham
capex_at,0.0012829512991683622,0.9164271977037278,0.0012829512991683622,0.18166734006722804,0.16171728283849002,182,energy,21,ols_rank_normal,tema_arındırılmış
capex_at,0.0012829512991683627,0.9164271977037282,0.0012829512991683627,0.18166734006722798,0.16171728283849,182,energy,21,ols_rank_normal,ham
capex_at,0.008087217050049,0.31062752482245204,0.0005223238430878154,0.19026352135094918,0.17052659415895632,182,energy,21,ols_winsorized_raw,tema_arındırılmış
capex_at,0.008087217050048999,0.310627524822452,0.0005223238430878153,0.19026352135094918,0.1705265941589563,182,energy,21,ols_winsorized_raw,ham
capex_at,0.0013958508378608431,1.1598444603094906,0.0013958508378608431,0.20328960365548096,0.18400299361804787,182,energy,21,wls_sqrt_mcap,tema_arındırılmış
capex_at,0.0013958508378608446,1.1598444603094917,0.0013958508378608446,0.20328960365548096,0.18400299361804784,182,energy,21,wls_sqrt_mcap,ham
capex_at,0.005767342131975874,1.4613199932163374,0.005767342131975874,0.16128307786226634,0.14066957573918282,180,energy,63,ols_rank_normal,tema_arındırılmış
capex_at,0.005767342131975875,1.4613199932163377,0.005767342131975875,0.16128307786226634,0.14066957573918282,180,energy,63,ols_rank_normal,ham
capex_at,0.06783129555284592,0.9170777669807316,0.00438830208281529,0.16802298181181058,0.1475780685897645,180,energy,63,ols_winsorized_raw,tema_arındırılmış
capex_at,0.06783129555284592,0.9170777669807316,0.00438830208281529,0.16802298181181058,0.1475780685897645,180,energy,63,ols_winsorized_raw,ham
capex_at,0.0050056647776922135,1.486383312860518,0.0050056647776922135,0.18331801713399878,0.16338953950348373,180,energy,63,wls_sqrt_mcap,tema_arındırılmış
capex_at,0.005005664777692207,1.4863833128605155,0.005005664777692207,0.18331801713399878,0.16338953950348373,180,energy,63,wls_sqrt_mcap,ham
capex_at,0.012098966697982728,1.4625397461807819,0.012098966697982728,0.15885846872320053,0.1381791345288073,177,energy,126,ols_rank_normal,tema_arındırılmış
capex_at,0.012098966697982728,1.462539746180782,0.012098966697982728,0.15885846872320053,0.1381791345288073,177,energy,126,ols_rank_normal,ham
capex_at,0.1787178005491815,1.1415454617516825,0.011583585297424984,0.16304527419554957,0.1424773619289322,177,energy,126,ols_winsorized_raw,tema_arındırılmış
capex_at,0.1787178005491815,1.1415454617516825,0.011583585297424984,0.1630452741955496,0.14247736192893223,177,energy,126,ols_winsorized_raw,ham
capex_at,0.009062872517233797,1.3411936511510256,0.009062872517233797,0.18239721659252017,0.1624924918473424,177,energy,126,wls_sqrt_mcap,tema_arındırılmış
capex_at,0.00906287251723379,1.341193651151024,0.00906287251723379,0.18239721659252012,0.1624924918473424,177,energy,126,wls_sqrt_mcap,ham
cash_runway_years,-0.012920659336636395,-0.7910359400626606,-0.012920659336636395,0.2959184813707119,0.11105950533286518,9,energy,21,ols_rank_normal,tema_arındırılmış
cash_runway_years,-0.012920659336636388,-0.79103594006266,-0.012920659336636388,0.2959184813707119,0.11105950533286515,9,energy,21,ols_rank_normal,ham
cash_runway_years,-0.007583789957710014,-1.1274894034838396,-0.019786612209982565,0.2980140427485972,0.1139264947204772,9,energy,21,ols_winsorized_raw,tema_arındırılmış
cash_runway_years,-0.007583789957710022,-1.1274894034838412,-0.019786612209982585,0.29801404274859705,0.11392649472047693,9,energy,21,ols_winsorized_raw,ham
cash_runway_years,-0.026309490640275424,-1.5146327361716607,-0.026309490640275424,0.4326588295240066,0.2838082666823638,9,energy,21,wls_sqrt_mcap,tema_arındırılmış
cash_runway_years,-0.02630949064027541,-1.5146327361716594,-0.02630949064027541,0.4326588295240066,0.2838082666823638,9,energy,21,wls_sqrt_mcap,ham
cash_runway_years,-0.0351411039848258,-1.6378006885670484,-0.0351411039848258,0.289856466137165,0.10536105751340666,8,energy,63,ols_rank_normal,tema_arındırılmış
cash_runway_years,-0.0351411039848258,-1.6378006885670486,-0.0351411039848258,0.28985646613716487,0.10536105751340655,8,energy,63,ols_rank_normal,ham
cash_runway_years,-0.023148652428853243,-2.7171345622569385,-0.05712738276525716,0.32764147092584345,0.15328232376413992,8,energy,63,ols_winsorized_raw,tema_arındırılmış
cash_runway_years,-0.023148652428853243,-2.7171345622569407,-0.05712738276525716,0.32764147092584345,0.15328232376413992,8,energy,63,ols_winsorized_raw,ham
cash_runway_years,-0.06244401157355484,-2.7646773669652918,-0.06244401157355484,0.49539578076349516,0.3643447588247197,8,energy,63,wls_sqrt_mcap,tema_arındırılmış
cash_runway_years,-0.06244401157355481,-2.7646773669652904,-0.06244401157355481,0.49539578076349516,0.3643447588247197,8,energy,63,wls_sqrt_mcap,ham
cash_runway_years,-0.10309307532925764,-10.59055638773104,-0.10309307532925764,0.28971145722547753,0.10408602096918951,7,energy,126,ols_rank_normal,tema_arındırılmış
cash_runway_years,-0.10309307532925768,-10.590556387731043,-0.10309307532925768,0.28971145722547764,0.10408602096918963,7,energy,126,ols_rank_normal,ham
cash_runway_years,-0.061711539982225845,-3.465067814652114,-0.13835448115105936,0.31979326623078347,0.14261687393482686,7,energy,126,ols_winsorized_raw,tema_arındırılmış
cash_runway_years,-0.06171153998222588,-3.4650678146521168,-0.13835448115105942,0.31979326623078336,0.14261687393482678,7,energy,126,ols_winsorized_raw,ham
cash_runway_years,-0.13018563442698333,-11.83216110845685,-0.13018563442698333,0.5358910951989146,0.4148431502433442,7,energy,126,wls_sqrt_mcap,tema_arındırılmış
cash_runway_years,-0.13018563442698336,-11.832161108456837,-0.13018563442698336,0.5358910951989146,0.41484315024334434,7,energy,126,wls_sqrt_mcap,ham
cop_at,2.9205263156627805e-05,0.021385550603498466,2.9205263156627805e-05,0.19354728503543678,0.17415759339455053,182,energy,21,ols_rank_normal,tema_arındırılmış
cop_at,2.9205263156627405e-05,0.02138555060349817,2.9205263156627405e-05,0.19354728503543678,0.17415759339455053,182,energy,21,ols_rank_normal,ham
cop_at,0.0011460597884535378,0.054889374107807996,7.226729358461775e-05,0.19723821694173782,0.17795165131345872,182,energy,21,ols_winsorized_raw,tema_arındırılmış
cop_at,0.001146059788453536,0.05488937410780793,7.226729358461763e-05,0.19723821694173782,0.1779516513134587,182,energy,21,ols_winsorized_raw,ham
cop_at,0.0004981134842315589,0.3562054110244329,0.0004981134842315589,0.22089550140037836,0.20227993449918766,182,energy,21,wls_sqrt_mcap,tema_arındırılmış
cop_at,0.0004981134842315624,0.3562054110244353,0.0004981134842315624,0.22089550140037836,0.20227993449918763,182,energy,21,wls_sqrt_mcap,ham
cop_at,-0.002625590219152984,-0.7310049357247829,-0.002625590219152984,0.17728065917488214,0.15734668462008847,180,energy,63,ols_rank_normal,tema_arındırılmış
cop_at,-0.002625590219152986,-0.7310049357247834,-0.002625590219152986,0.17728065917488217,0.15734668462008847,180,energy,63,ols_rank_normal,ham
cop_at,-0.046457267346470564,-0.8857143967991657,-0.0029282160158970614,0.18175846142205082,0.16194568451141847,180,energy,63,ols_winsorized_raw,tema_arındırılmış
cop_at,-0.04645726734647058,-0.885714396799166,-0.0029282160158970623,0.18175846142205082,0.16194568451141847,180,energy,63,ols_winsorized_raw,ham
cop_at,-0.0013916363824399403,-0.3836536724365338,-0.0013916363824399403,0.208920766782486,0.18986829345476855,180,energy,63,wls_sqrt_mcap,tema_arındırılmış
cop_at,-0.0013916363824399418,-0.3836536724365342,-0.0013916363824399418,0.208920766782486,0.18986829345476852,180,energy,63,wls_sqrt_mcap,ham
cop_at,-0.0067762978519148144,-0.9867874981301683,-0.0067762978519148144,0.1714733176266901,0.15137691597271496,177,energy,126,ols_rank_normal,tema_arındırılmış
cop_at,-0.0067762978519148144,-0.9867874981301685,-0.0067762978519148144,0.1714733176266901,0.15137691597271494,177,energy,126,ols_rank_normal,ham
cop_at,-0.13117286266976486,-1.3533234859071934,-0.008280405849168586,0.174237449201623,0.1542121039649041,177,energy,126,ols_winsorized_raw,tema_arındırılmış
cop_at,-0.13117286266976488,-1.353323485907194,-0.008280405849168587,0.17423744920162298,0.1542121039649041,177,energy,126,ols_winsorized_raw,ham
cop_at,-0.0046872573707705464,-0.7158437221780177,-0.0046872573707705464,0.20752772894237875,0.18844302149935713,177,energy,126,wls_sqrt_mcap,tema_arındırılmış
cop_at,-0.004687257370770547,-0.715843722178018,-0.004687257370770547,0.20752772894237875,0.18844302149935713,177,energy,126,wls_sqrt_mcap,ham
dist_52w_high,0.001575414632662869,0.6105742064063034,0.001575414632662869,0.19271529400499568,0.174814770196223,182,energy,21,ols_rank_normal,tema_arındırılmış
dist_52w_high,0.0015754146326628668,0.6105742064063024,0.0015754146326628668,0.19271529400499568,0.174814770196223,182,energy,21,ols_rank_normal,ham
dist_52w_high,0.015194521532515715,1.0072106762138353,0.0024089192080887565,0.20669471520675517,0.1890921932303464,182,energy,21,ols_winsorized_raw,tema_arındırılmış
dist_52w_high,0.015194521532515699,1.007210676213834,0.002408919208088754,0.20669471520675517,0.1890921932303464,182,energy,21,ols_winsorized_raw,ham
dist_52w_high,0.001413872254894732,0.6809896366665693,0.001413872254894732,0.2206677869105677,0.20348349497730925,182,energy,21,wls_sqrt_mcap,tema_arındırılmış
dist_52w_high,0.0014138722548947236,0.6809896366665649,0.0014138722548947236,0.22066778691056763,0.2034834949773092,182,energy,21,wls_sqrt_mcap,ham
dist_52w_high,0.0013913316700265679,0.2505445639931937,0.0013913316700265679,0.17328079816562336,0.15490561986405615,180,energy,63,ols_rank_normal,tema_arındırılmış
dist_52w_high,0.001391331670026567,0.2505445639931936,0.001391331670026567,0.17328079816562336,0.15490561986405615,180,energy,63,ols_rank_normal,ham
dist_52w_high,0.019149372790776966,0.552922116279525,0.003029762087188298,0.18709478139303493,0.16901804311313323,180,energy,63,ols_winsorized_raw,tema_arındırılmış
dist_52w_high,0.019149372790776942,0.5529221162795243,0.003029762087188294,0.18709478139303493,0.16901804311313323,180,energy,63,ols_winsorized_raw,ham
dist_52w_high,0.003058459287533522,0.6708500916984772,0.003058459287533522,0.19958371410170336,0.18186047396268895,180,energy,63,wls_sqrt_mcap,tema_arındırılmış
dist_52w_high,0.0030584592875335143,0.6708500916984753,0.0030584592875335143,0.19958371410170336,0.18186047396268895,180,energy,63,wls_sqrt_mcap,ham
dist_52w_high,0.0002442706151548713,0.02503822041255079,0.0002442706151548713,0.160212151169263,0.14145236632273336,177,energy,126,ols_rank_normal,tema_arındırılmış
dist_52w_high,0.0002442706151548724,0.025038220412550903,0.0002442706151548724,0.160212151169263,0.14145236632273334,177,energy,126,ols_rank_normal,ham
dist_52w_high,0.02787618839486695,0.45707341149832686,0.00442008029114685,0.16988626979995589,0.1513301328743672,177,energy,126,ols_winsorized_raw,tema_arındırılmış
dist_52w_high,0.027876188394866934,0.4570734114983267,0.004420080291146848,0.16988626979995589,0.1513301328743672,177,energy,126,ols_winsorized_raw,ham
dist_52w_high,0.0028283869229063273,0.34873703571171977,0.0028283869229063273,0.18777186942962945,0.16972321220943856,177,energy,126,wls_sqrt_mcap,tema_arındırılmış
dist_52w_high,0.0028283869229063213,0.34873703571171893,0.0028283869229063213,0.18777186942962948,0.16972321220943856,177,energy,126,wls_sqrt_mcap,ham
ear_3d,0.0008580081592913824,0.725426242523575,0.0008580081592913824,0.17924219470288502,0.1590311901568662,182,energy,21,ols_rank_normal,tema_arındırılmış
ear_3d,0.0008580081592913824,0.7254262425235749,0.0008580081592913824,0.17924219470288505,0.1590311901568662,182,energy,21,ols_rank_normal,ham
ear_3d,0.01496197536262472,0.7881844490015532,0.000985696701254873,0.1882280508081913,0.16821389185133007,182,energy,21,ols_winsorized_raw,tema_arındırılmış
ear_3d,0.014961975362624728,0.7881844490015534,0.0009856967012548735,0.1882280508081913,0.16821389185133007,182,energy,21,ols_winsorized_raw,ham
ear_3d,0.0003778749012155357,0.32960578146726,0.0003778749012155357,0.20220342127275806,0.18265528692593544,182,energy,21,wls_sqrt_mcap,tema_arındırılmış
ear_3d,0.0003778749012155323,0.32960578146725705,0.0003778749012155323,0.20220342127275806,0.18265528692593544,182,energy,21,wls_sqrt_mcap,ham
ear_3d,0.001928337190435641,0.7525590633458547,0.001928337190435641,0.16073148712283253,0.1400913433029879,180,energy,63,ols_rank_normal,tema_arındırılmış
ear_3d,0.0019283371904356393,0.752559063345854,0.0019283371904356393,0.16073148712283253,0.14009134330298786,180,energy,63,ols_rank_normal,ham
ear_3d,0.029891080754540274,0.6542253069601018,0.0019642369425205966,0.16971540557779255,0.14929532041594926,180,energy,63,ols_winsorized_raw,tema_arındırılmış
ear_3d,0.02989108075454028,0.654225306960102,0.001964236942520597,0.16971540557779252,0.14929532041594926,180,energy,63,ols_winsorized_raw,ham
ear_3d,0.0020098085095021302,0.8319623655406715,0.0020098085095021302,0.1849653478056309,0.16500790920513875,180,energy,63,wls_sqrt_mcap,tema_arındırılmış
ear_3d,0.002009808509502129,0.8319623655406715,0.002009808509502129,0.1849653478056309,0.16500790920513878,180,energy,63,wls_sqrt_mcap,ham
ear_3d,0.004615630695082137,1.0889117903257053,0.004615630695082137,0.15314152568867764,0.132177455372249,177,energy,126,ols_rank_normal,tema_arındırılmış
ear_3d,0.004615630695082134,1.0889117903257046,0.004615630695082134,0.15314152568867762,0.132177455372249,177,energy,126,ols_rank_normal,ham
ear_3d,0.08950367845871492,1.142289770262144,0.005852042512314341,0.1600913732995832,0.13930253246374094,177,energy,126,ols_winsorized_raw,tema_arındırılmış
ear_3d,0.08950367845871493,1.1422897702621444,0.005852042512314343,0.1600913732995832,0.13930253246374097,177,energy,126,ols_winsorized_raw,ham
ear_3d,0.005890969741184092,1.4283971612666173,0.005890969741184092,0.1817383384869065,0.16158123325427726,177,energy,126,wls_sqrt_mcap,tema_arındırılmış
ear_3d,0.005890969741184098,1.4283971612666193,0.005890969741184098,0.1817383384869065,0.16158123325427726,177,energy,126,wls_sqrt_mcap,ham
ebit_ev,-0.0002162616640006671,-0.15195421775818282,-0.0002162616640006671,0.20119796903341347,0.17942991018324475,182,energy,21,ols_rank_normal,tema_arındırılmış
ebit_ev,-0.000216261664000667,-0.1519542177581828,-0.000216261664000667,0.20119796903341347,0.17942991018324475,182,energy,21,ols_rank_normal,ham
ebit_ev,-0.0021911504522811745,-0.14172201531628342,-0.00042732240976995,0.2072011882822621,0.1856101910431343,182,energy,21,ols_winsorized_raw,tema_arındırılmış
ebit_ev,-0.002191150452281188,-0.14172201531628428,-0.0004273224097699526,0.20720118828226217,0.1856101910431343,182,energy,21,ols_winsorized_raw,ham
ebit_ev,0.00048375900403383246,0.3311921539564697,0.00048375900403383246,0.230802365020963,0.2099388858532293,182,energy,21,wls_sqrt_mcap,tema_arındırılmış
ebit_ev,0.0004837590040338326,0.3311921539564699,0.0004837590040338326,0.230802365020963,0.2099388858532293,182,energy,21,wls_sqrt_mcap,ham
ebit_ev,-0.0017784720178090653,-0.45935083667405463,-0.0017784720178090653,0.18765571461841674,0.16531835143288706,180,energy,63,ols_rank_normal,tema_arındırılmış
ebit_ev,-0.0017784720178090668,-0.45935083667405496,-0.0017784720178090668,0.1876557146184168,0.16531835143288712,180,energy,63,ols_rank_normal,ham
ebit_ev,-0.021535446693469722,-0.5039790494942697,-0.004231190629082109,0.19410317115813386,0.17195592073621857,180,energy,63,ols_winsorized_raw,tema_arındırılmış
ebit_ev,-0.021535446693469726,-0.5039790494942697,-0.0042311906290821094,0.19410317115813389,0.17195592073621857,180,energy,63,ols_winsorized_raw,ham
ebit_ev,-0.0006382041958136198,-0.17150447326953666,-0.0006382041958136198,0.2204828462079926,0.19915067598353262,180,energy,63,wls_sqrt_mcap,tema_arındırılmış
ebit_ev,-0.0006382041958136212,-0.17150447326953702,-0.0006382041958136212,0.2204828462079926,0.1991506759835326,180,energy,63,wls_sqrt_mcap,ham
ebit_ev,-0.0033260931725172917,-0.4862944385437804,-0.0033260931725172917,0.18435935897008554,0.1618714682728023,177,energy,126,ols_rank_normal,tema_arındırılmış
ebit_ev,-0.003326093172517295,-0.48629443854378074,-0.003326093172517295,0.18435935897008554,0.16187146827280227,177,energy,126,ols_rank_normal,ham
ebit_ev,-0.0633077477779826,-0.8366649785117148,-0.012576247900639848,0.19074071714892674,0.16844345706540922,177,energy,126,ols_winsorized_raw,tema_arındırılmış
ebit_ev,-0.0633077477779826,-0.8366649785117151,-0.012576247900639848,0.19074071714892674,0.1684434570654092,177,energy,126,ols_winsorized_raw,ham
ebit_ev,-0.001031053524178596,-0.15406312896783322,-0.001031053524178596,0.21966145340910842,0.19823912678709568,177,energy,126,wls_sqrt_mcap,tema_arındırılmış
ebit_ev,-0.0010310535241785969,-0.15406312896783333,-0.0010310535241785969,0.21966145340910845,0.19823912678709568,177,energy,126,wls_sqrt_mcap,ham
gross_profitability,0.0005908448695434443,0.4415631308918517,0.0005908448695434443,0.1652812490266919,0.11361209198279926,182,energy,21,ols_rank_normal,tema_arındırılmış
gross_profitability,0.0005908448695434439,0.44156313089185134,0.0005908448695434439,0.1652812490266919,0.1136120919827993,182,energy,21,ols_rank_normal,ham
gross_profitability,-0.007547445476441135,-0.9217718297887753,-0.0013470904453234918,0.16663349584440895,0.11489560336252395,182,energy,21,ols_winsorized_raw,tema_arındırılmış
gross_profitability,-0.007547445476441145,-0.9217718297887767,-0.0013470904453234938,0.16663349584440892,0.11489560336252395,182,energy,21,ols_winsorized_raw,ham
gross_profitability,-0.00015192770721906372,-0.11519839422033837,-0.00015192770721906372,0.18546015942243985,0.13556910247424228,182,energy,21,wls_sqrt_mcap,tema_arındırılmış
gross_profitability,-0.00015192770721906163,-0.11519839422033679,-0.00015192770721906163,0.18546015942243985,0.13556910247424228,182,energy,21,wls_sqrt_mcap,ham
gross_profitability,-0.0007421873182903986,-0.19402398790605,-0.0007421873182903986,0.15441915540920065,0.1012542830127242,180,energy,63,ols_rank_normal,tema_arındırılmış
gross_profitability,-0.0007421873182903982,-0.1940239879060499,-0.0007421873182903982,0.15441915540920065,0.1012542830127242,180,energy,63,ols_rank_normal,ham
gross_profitability,-0.025637427544332878,-1.1254407255780792,-0.004587636367640147,0.15304640297698865,0.09964777113971984,180,energy,63,ols_winsorized_raw,tema_arındırılmış
gross_profitability,-0.02563742754433289,-1.1254407255780796,-0.004587636367640148,0.15304640297698865,0.0996477711397198,180,energy,63,ols_winsorized_raw,ham
gross_profitability,-0.0023038485516036966,-0.6059092260240149,-0.0023038485516036966,0.17916802468387122,0.12794018782934932,180,energy,63,wls_sqrt_mcap,tema_arındırılmış
gross_profitability,-0.0023038485516037005,-0.6059092260240159,-0.0023038485516037005,0.17916802468387116,0.1279401878293493,180,energy,63,wls_sqrt_mcap,ham
gross_profitability,-0.0012632467711498016,-0.17588375661001113,-0.0012632467711498016,0.1452045510071395,0.09106618324847132,177,energy,126,ols_rank_normal,tema_arındırılmış
gross_profitability,-0.0012632467711498035,-0.1758837566100114,-0.0012632467711498035,0.1452045510071395,0.09106618324847134,177,energy,126,ols_rank_normal,ham
gross_profitability,-0.05453724241191572,-1.253135311009292,-0.009795850116243107,0.1452864787734326,0.09095168398635359,177,energy,126,ols_winsorized_raw,tema_arındırılmış
gross_profitability,-0.054537242411915744,-1.2531353110092924,-0.00979585011624311,0.1452864787734326,0.09095168398635359,177,energy,126,ols_winsorized_raw,ham
gross_profitability,-0.004648061789531655,-0.6087990407735056,-0.004648061789531655,0.1715705881237365,0.11920977896187113,177,energy,126,wls_sqrt_mcap,tema_arındırılmış
gross_profitability,-0.004648061789531666,-0.6087990407735073,-0.004648061789531666,0.17157058812373654,0.11920977896187114,177,energy,126,wls_sqrt_mcap,ham
idio_vol_60d,-0.001973106665692572,-0.6683205952755553,-0.001973106665692572,0.1917588686131262,0.17383201956989822,182,energy,21,ols_rank_normal,tema_arındırılmış
idio_vol_60d,-0.001973106665692572,-0.6683205952755553,-0.001973106665692572,0.1917588686131262,0.17383201956989822,182,energy,21,ols_rank_normal,ham
idio_vol_60d,-0.01595601207621703,-1.0907987761570141,-0.0039282232091239514,0.20680551287345122,0.1891855704555308,182,energy,21,ols_winsorized_raw,tema_arındırılmış
idio_vol_60d,-0.01595601207621703,-1.0907987761570141,-0.0039282232091239514,0.20680551287345122,0.1891855704555308,182,energy,21,ols_winsorized_raw,ham
idio_vol_60d,-0.00041496562322139576,-0.1699718186838641,-0.00041496562322139576,0.21758775539945316,0.2003204723095492,182,energy,21,wls_sqrt_mcap,tema_arındırılmış
idio_vol_60d,-0.000414965623221397,-0.16997181868386466,-0.000414965623221397,0.21758775539945316,0.2003204723095492,182,energy,21,wls_sqrt_mcap,ham
idio_vol_60d,-0.007720328420102851,-1.0190101418213926,-0.007720328420102851,0.17030736516905995,0.15186799043206786,180,energy,63,ols_rank_normal,tema_arındırılmış
idio_vol_60d,-0.007720328420102852,-1.0190101418213926,-0.007720328420102852,0.1703073651690599,0.15186799043206786,180,energy,63,ols_rank_normal,ham
idio_vol_60d,-0.04651898609226995,-1.296019801890681,-0.011451733028806355,0.18309772712178252,0.16492785399323687,180,energy,63,ols_winsorized_raw,tema_arındırılmış
idio_vol_60d,-0.04651898609226994,-1.2960198018906808,-0.011451733028806354,0.18309772712178246,0.16492785399323687,180,energy,63,ols_winsorized_raw,ham
idio_vol_60d,-0.003958975706214401,-0.6332923839380992,-0.003958975706214401,0.19547341255528153,0.17766612375843438,180,energy,63,wls_sqrt_mcap,tema_arındırılmış
idio_vol_60d,-0.003958975706214398,-0.6332923839380988,-0.003958975706214398,0.19547341255528153,0.17766612375843438,180,energy,63,wls_sqrt_mcap,ham
idio_vol_60d,-0.013172277417800677,-1.0074478029662886,-0.013172277417800677,0.16033116913905984,0.14160734621401705,177,energy,126,ols_rank_normal,tema_arındırılmış
idio_vol_60d,-0.013172277417800677,-1.0074478029662886,-0.013172277417800677,0.16033116913905984,0.14160734621401708,177,energy,126,ols_rank_normal,ham
idio_vol_60d,-0.07360466140740349,-1.1696068751738473,-0.018104943007046424,0.17176589611815976,0.15327455388835456,177,energy,126,ols_winsorized_raw,tema_arındırılmış
idio_vol_60d,-0.07360466140740346,-1.1696068751738469,-0.018104943007046417,0.17176589611815982,0.15327455388835454,177,energy,126,ols_winsorized_raw,ham
idio_vol_60d,-0.007107103430200176,-0.6620836593577265,-0.007107103430200176,0.18862315018282436,0.1706344148920287,177,energy,126,wls_sqrt_mcap,tema_arındırılmış
idio_vol_60d,-0.007107103430200173,-0.6620836593577265,-0.007107103430200173,0.18862315018282436,0.1706344148920287,177,energy,126,wls_sqrt_mcap,ham
max_ret_21d,-0.0005651830874760811,-0.2886884106472719,-0.0005651830874760811,0.18263901518419204,0.16449049313986328,182,energy,21,ols_rank_normal,tema_arındırılmış
max_ret_21d,-0.0005651830874760814,-0.2886884106472721,-0.0005651830874760814,0.18263901518419204,0.16449049313986325,182,energy,21,ols_rank_normal,ham
max_ret_21d,-0.0502535006010844,-0.9531123686475452,-0.001831103897216627,0.1930688929501927,0.17513968324139315,182,energy,21,ols_winsorized_raw,tema_arındırılmış
max_ret_21d,-0.05025350060108438,-0.953112368647545,-0.0018311038972166265,0.1930688929501927,0.17513968324139315,182,energy,21,ols_winsorized_raw,ham
max_ret_21d,-0.00012725947639804271,-0.07231725226469965,-0.00012725947639804271,0.20936882909294466,0.19191596005594383,182,energy,21,wls_sqrt_mcap,tema_arındırılmış
max_ret_21d,-0.00012725947639803976,-0.07231725226469798,-0.00012725947639803976,0.20936882909294466,0.19191596005594375,182,energy,21,wls_sqrt_mcap,ham
max_ret_21d,-0.0019595298916665455,-0.46175231002004224,-0.0019595298916665455,0.15898850942131587,0.14027116121691982,180,energy,63,ols_rank_normal,tema_arındırılmış
max_ret_21d,-0.0019595298916665477,-0.46175231002004286,-0.0019595298916665477,0.15898850942131587,0.14027116121691982,180,energy,63,ols_rank_normal,ham
max_ret_21d,-0.0863370901836425,-0.8149158243460272,-0.0031366867188060586,0.16992228657702668,0.15144220525499874,180,energy,63,ols_winsorized_raw,tema_arındırılmış
max_ret_21d,-0.08633709018364247,-0.8149158243460272,-0.0031366867188060577,0.16992228657702668,0.1514422052549987,180,energy,63,ols_winsorized_raw,ham
max_ret_21d,0.0001574760263795463,0.04100717192694478,0.0001574760263795463,0.18660315420974105,0.16859236979025896,180,energy,63,wls_sqrt_mcap,tema_arındırılmış
max_ret_21d,0.00015747602637955523,0.0410071719269471,0.00015747602637955523,0.186603154209741,0.16859236979025896,180,energy,63,wls_sqrt_mcap,ham
max_ret_21d,-0.009207757866058224,-1.2960131497676495,-0.009207757866058224,0.15163882706337908,0.13271219735114909,177,energy,126,ols_rank_normal,tema_arındırılmış
max_ret_21d,-0.009207757866058227,-1.29601314976765,-0.009207757866058227,0.15163882706337908,0.1327121973511491,177,energy,126,ols_rank_normal,ham
max_ret_21d,-0.23198514911544707,-1.307346769134933,-0.008383706034631337,0.15977994511851623,0.14101949563467567,177,energy,126,ols_winsorized_raw,tema_arındırılmış
max_ret_21d,-0.2319851491154469,-1.3073467691349323,-0.008383706034631332,0.15977994511851623,0.14101949563467567,177,energy,126,ols_winsorized_raw,ham
max_ret_21d,-0.005908146995595518,-0.9023075652334255,-0.005908146995595518,0.1814111779083171,0.16325899958932302,177,energy,126,wls_sqrt_mcap,tema_arındırılmış
max_ret_21d,-0.005908146995595509,-0.902307565233424,-0.005908146995595509,0.1814111779083171,0.16325899958932305,177,energy,126,wls_sqrt_mcap,ham
mom_12_1,0.0030126879306680053,1.393099745751426,0.0030126879306680053,0.20315595389519603,0.18544416164674454,182,energy,21,ols_rank_normal,tema_arındırılmış
mom_12_1,0.0030126879306680058,1.3930997457514263,0.0030126879306680058,0.20315595389519603,0.18544416164674454,182,energy,21,ols_rank_normal,ham
mom_12_1,0.011305117944045737,2.0645462126065715,0.007192105310269468,0.21277048871280507,0.1952729381799834,182,energy,21,ols_winsorized_raw,tema_arındırılmış
mom_12_1,0.011305117944045737,2.0645462126065715,0.007192105310269468,0.21277048871280504,0.1952729381799834,182,energy,21,ols_winsorized_raw,ham
mom_12_1,0.0030861249029057033,1.4119467706492361,0.0030861249029057033,0.2366791167421281,0.21979462382165144,182,energy,21,wls_sqrt_mcap,tema_arındırılmış
mom_12_1,0.0030861249029057033,1.4119467706492361,0.0030861249029057033,0.2366791167421281,0.2197946238216514,182,energy,21,wls_sqrt_mcap,ham
mom_12_1,0.009465679472420082,1.9020330437505084,0.009465679472420082,0.18056373164321388,0.16232139697297043,180,energy,63,ols_rank_normal,tema_arındırılmış
mom_12_1,0.009465679472420082,1.9020330437505089,0.009465679472420082,0.18056373164321388,0.16232139697297043,180,energy,63,ols_rank_normal,ham
mom_12_1,0.027202092826749638,1.904404836109189,0.017156349677634377,0.1877545598821124,0.16968842217353935,180,energy,63,ols_winsorized_raw,tema_arındırılmış
mom_12_1,0.027202092826749638,1.904404836109189,0.017156349677634377,0.1877545598821124,0.16968842217353933,180,energy,63,ols_winsorized_raw,ham
mom_12_1,0.010857213394053735,2.1559612784442845,0.010857213394053735,0.21131368523134794,0.19381709655609206,180,energy,63,wls_sqrt_mcap,tema_arındırılmış
mom_12_1,0.01085721339405374,2.1559612784442863,0.01085721339405374,0.21131368523134794,0.19381709655609206,180,energy,63,wls_sqrt_mcap,ham
mom_12_1,0.01471295384885898,1.6284240033037973,0.01471295384885898,0.16971466551679765,0.15115937018215522,177,energy,126,ols_rank_normal,tema_arındırılmış
mom_12_1,0.014712953848858979,1.628424003303797,0.014712953848858979,0.16971466551679765,0.1511593701821552,177,energy,126,ols_rank_normal,ham
mom_12_1,0.05137385205708761,1.8535082902928623,0.03164077293623143,0.18082829020863125,0.1625291815244277,177,energy,126,ols_winsorized_raw,tema_arındırılmış
mom_12_1,0.05137385205708762,1.8535082902928626,0.03164077293623144,0.18082829020863125,0.16252918152442772,177,energy,126,ols_winsorized_raw,ham
mom_12_1,0.016985841081388627,1.8062526597747772,0.016985841081388627,0.19958844459573613,0.18179386568441383,177,energy,126,wls_sqrt_mcap,tema_arındırılmış
mom_12_1,0.016985841081388633,1.806252659774778,0.016985841081388633,0.19958844459573613,0.18179386568441383,177,energy,126,wls_sqrt_mcap,ham
net_debt_ebitda,0.0006543817710369998,0.5349534830454548,0.0006543817710369998,0.19384105351911626,0.17023933910627412,182,energy,21,ols_rank_normal,tema_arındırılmış
net_debt_ebitda,0.0006543817710369987,0.5349534830454539,0.0006543817710369987,0.19384105351911632,0.17023933910627412,182,energy,21,ols_rank_normal,ham
net_debt_ebitda,0.00029333869354105827,0.9200305084726818,0.0012351727671940113,0.1991639145414419,0.17574270828821964,182,energy,21,ols_winsorized_raw,tema_arındırılmış
net_debt_ebitda,0.0002933386935410582,0.9200305084726812,0.001235172767194011,0.19916391454144186,0.17574270828821958,182,energy,21,ols_winsorized_raw,ham
net_debt_ebitda,0.0006033358492197722,0.4817221879906557,0.0006033358492197722,0.22078692369990763,0.19806818757410932,182,energy,21,wls_sqrt_mcap,tema_arındırılmış
net_debt_ebitda,0.0006033358492197721,0.4817221879906555,0.0006033358492197721,0.22078692369990763,0.19806818757410932,182,energy,21,wls_sqrt_mcap,ham
net_debt_ebitda,0.0012537788793629922,0.37798990789316134,0.0012537788793629922,0.1788558095933035,0.15464106522167764,180,energy,63,ols_rank_normal,tema_arındırılmış
net_debt_ebitda,0.0012537788793629914,0.3779899078931611,0.0012537788793629914,0.1788558095933035,0.15464106522167767,180,energy,63,ols_rank_normal,ham
net_debt_ebitda,0.0006112707565539788,0.7426332002236118,0.0025786382762202874,0.18315619964360683,0.159075816281011,180,energy,63,ols_winsorized_raw,tema_arındırılmış
net_debt_ebitda,0.0006112707565539778,0.7426332002236101,0.0025786382762202835,0.18315619964360677,0.159075816281011,180,energy,63,ols_winsorized_raw,ham
net_debt_ebitda,-0.0004909831287101547,-0.1492314861424608,-0.0004909831287101547,0.21011164129270668,0.18692186037385558,180,energy,63,wls_sqrt_mcap,tema_arındırılmış
net_debt_ebitda,-0.0004909831287101539,-0.1492314861424606,-0.0004909831287101539,0.21011164129270668,0.18692186037385558,180,energy,63,wls_sqrt_mcap,ham
net_debt_ebitda,0.0032623101577124764,0.5850619605820188,0.0032623101577124764,0.17479881673671174,0.1503747898664508,177,energy,126,ols_rank_normal,tema_arındırılmış
net_debt_ebitda,0.003262310157712475,0.5850619605820184,0.003262310157712475,0.17479881673671172,0.1503747898664508,177,energy,126,ols_rank_normal,ham
net_debt_ebitda,0.0006772058160065512,0.50406228501935,0.0028693295475142396,0.1762422308394372,0.15185329249647384,177,energy,126,ols_winsorized_raw,tema_arındırılmış
net_debt_ebitda,0.0006772058160065412,0.5040622850193426,0.0028693295475141966,0.1762422308394372,0.15185329249647384,177,energy,126,ols_winsorized_raw,ham
net_debt_ebitda,-0.0015637782942695406,-0.28340701105528965,-0.0015637782942695406,0.20808490590373352,0.18476607160030192,177,energy,126,wls_sqrt_mcap,tema_arındırılmış
net_debt_ebitda,-0.0015637782942695378,-0.2834070110552892,-0.0015637782942695378,0.20808490590373352,0.18476607160030192,177,energy,126,wls_sqrt_mcap,ham
ocf_ev,0.0014204058959039053,0.8602266442792122,0.0014204058959039053,0.20183996427021292,0.18264945538535823,182,energy,21,ols_rank_normal,tema_arındırılmış
ocf_ev,0.0014204058959039036,0.8602266442792112,0.0014204058959039036,0.20183996427021292,0.1826494553853583,182,energy,21,ols_rank_normal,ham
ocf_ev,0.02163965995751714,1.17066870539335,0.0017297710740162074,0.20303323263235884,0.1838984472393959,182,energy,21,ols_winsorized_raw,tema_arındırılmış
ocf_ev,0.02163965995751712,1.1706687053933489,0.0017297710740162059,0.20303323263235884,0.1838984472393959,182,energy,21,ols_winsorized_raw,ham
ocf_ev,0.0020750048600429428,1.2767632639791107,0.0020750048600429428,0.233062338230306,0.21474430247767098,182,energy,21,wls_sqrt_mcap,tema_arındırılmış
ocf_ev,0.0020750048600429393,1.2767632639791082,0.0020750048600429393,0.233062338230306,0.21474430247767098,182,energy,21,wls_sqrt_mcap,ham
ocf_ev,0.0016385721539156307,0.3931529290222839,0.0016385721539156307,0.18499905776443445,0.16525183484693148,180,energy,63,ols_rank_normal,tema_arındırılmış
ocf_ev,0.0016385721539156307,0.39315292902228377,0.0016385721539156307,0.18499905776443437,0.16525183484693146,180,energy,63,ols_rank_normal,ham
ocf_ev,0.02729127228267733,0.5600085276926766,0.002181947790694649,0.18739574746635818,0.16773664142689584,180,energy,63,ols_winsorized_raw,tema_arındırılmış
ocf_ev,0.027291272282677293,0.5600085276926758,0.002181947790694646,0.18739574746635815,0.16773664142689584,180,energy,63,ols_winsorized_raw,ham
ocf_ev,0.002911715185393374,0.7108512578843634,0.002911715185393374,0.2208771508818653,0.20214018677965567,180,energy,63,wls_sqrt_mcap,tema_arındırılmış
ocf_ev,0.002911715185393379,0.7108512578843648,0.002911715185393379,0.22087715088186535,0.20214018677965562,180,energy,63,wls_sqrt_mcap,ham
ocf_ev,0.0018932621392156058,0.22307228025203893,0.0018932621392156058,0.18182926139160407,0.16197755225674315,177,energy,126,ols_rank_normal,tema_arındırılmış
ocf_ev,0.0018932621392156064,0.22307228025203896,0.0018932621392156064,0.18182926139160407,0.16197755225674315,177,energy,126,ols_rank_normal,ham
ocf_ev,0.020617923625488848,0.20282637163837575,0.0016477852109039808,0.1825295713218328,0.16270130316878811,177,energy,126,ols_winsorized_raw,tema_arındırılmış
ocf_ev,0.0206179236254888,0.20282637163837527,0.001647785210903977,0.1825295713218328,0.16270130316878814,177,energy,126,ols_winsorized_raw,ham
ocf_ev,0.0048496321452747545,0.6017290438718952,0.0048496321452747545,0.22180355504627905,0.20309633004820205,177,energy,126,wls_sqrt_mcap,tema_arındırılmış
ocf_ev,0.004849632145274761,0.601729043871896,0.004849632145274761,0.22180355504627908,0.20309633004820205,177,energy,126,wls_sqrt_mcap,ham
oil_beta_trend,-0.00026967763506481656,-0.11058881400620225,-0.00026967763506481656,0.1587792444374349,0.12805323501543575,182,energy,21,ols_rank_normal,tema_arındırılmış
oil_beta_trend,-0.0002696776350648169,-0.11058881400620237,-0.0002696776350648169,0.1587792444374349,0.12805323501543578,182,energy,21,ols_rank_normal,ham
oil_beta_trend,0.0017114203810804842,0.1935009036307857,0.0006462388311739244,0.15740145542717957,0.12663855629918389,182,energy,21,ols_winsorized_raw,tema_arındırılmış
oil_beta_trend,0.0017114203810804744,0.19350090363078462,0.0006462388311739207,0.15740145542717954,0.12663855629918389,182,energy,21,ols_winsorized_raw,ham
oil_beta_trend,0.0008455607093275321,0.38043874958666546,0.0008455607093275321,0.18287039177053188,0.15313233101542392,182,energy,21,wls_sqrt_mcap,tema_arındırılmış
oil_beta_trend,0.0008455607093275308,0.38043874958666496,0.0008455607093275308,0.18287039177053188,0.1531323310154239,182,energy,21,wls_sqrt_mcap,ham
oil_beta_trend,-0.0032456995284911427,-0.5890296088822445,-0.0032456995284911427,0.1583314229461529,0.12740010910026023,180,energy,63,ols_rank_normal,tema_arındırılmış
oil_beta_trend,-0.003245699528491145,-0.589029608882245,-0.003245699528491145,0.15833142294615288,0.12740010910026023,180,energy,63,ols_rank_normal,ham
oil_beta_trend,-0.003406786840823387,-0.1599829036012597,-0.0012923504056164517,0.15852128042071154,0.12761024575286126,180,energy,63,ols_winsorized_raw,tema_arındırılmış
oil_beta_trend,-0.003406786840823412,-0.15998290360126088,-0.0012923504056164613,0.15852128042071154,0.12761024575286126,180,energy,63,ols_winsorized_raw,ham
oil_beta_trend,-0.001821292019642604,-0.34911326923843033,-0.001821292019642604,0.18481855878512626,0.15497864664444513,180,energy,63,wls_sqrt_mcap,tema_arındırılmış
oil_beta_trend,-0.0018212920196426024,-0.3491132692384301,-0.0018212920196426024,0.1848185587851263,0.15497864664444513,180,energy,63,wls_sqrt_mcap,ham
oil_beta_trend,-0.002281031934759102,-0.23224488033513607,-0.002281031934759102,0.1604164590629491,0.12945368451527112,177,energy,126,ols_rank_normal,tema_arındırılmış
oil_beta_trend,-0.002281031934759101,-0.232244880335136,-0.002281031934759101,0.16041645906294913,0.12945368451527114,177,energy,126,ols_rank_normal,ham
oil_beta_trend,0.007878342374550582,0.21483179583488377,0.003008174148666135,0.15820258623214078,0.12716965669587357,177,energy,126,ols_winsorized_raw,tema_arındırılmış
oil_beta_trend,0.007878342374550555,0.21483179583488307,0.003008174148666125,0.15820258623214078,0.12716965669587357,177,energy,126,ols_winsorized_raw,ham
oil_beta_trend,-0.0018147981588801862,-0.18850419051613532,-0.0018147981588801862,0.19150057422316813,0.16184758985580858,177,energy,126,wls_sqrt_mcap,tema_arındırılmış
oil_beta_trend,-0.00181479815888019,-0.18850419051613573,-0.00181479815888019,0.19150057422316813,0.16184758985580858,177,energy,126,wls_sqrt_mcap,ham
share_issuance,0.0007653648692713044,0.7309829342210651,0.0007653648692713044,0.17944935469542636,0.15981869441268962,182,energy,21,ols_rank_normal,tema_arındırılmış
share_issuance,0.000765364869271305,0.7309829342210656,0.000765364869271305,0.17944935469542633,0.1598186944126896,182,energy,21,ols_rank_normal,ham
share_issuance,0.0007707886846871604,0.14297313544488666,0.00014554573238180108,0.18457126685736036,0.16506938412306116,182,energy,21,ols_winsorized_raw,tema_arındırılmış
share_issuance,0.0007707886846871607,0.1429731354448867,0.00014554573238180114,0.18457126685736036,0.16506938412306116,182,energy,21,ols_winsorized_raw,ham
share_issuance,0.0010262895904862733,0.9815083294253198,0.0010262895904862733,0.20896451778421657,0.19019256790074815,182,energy,21,wls_sqrt_mcap,tema_arındırılmış
share_issuance,0.0010262895904862663,0.981508329425315,0.0010262895904862663,0.20896451778421657,0.19019256790074815,182,energy,21,wls_sqrt_mcap,ham
share_issuance,0.0014636017765583432,0.5736192575591029,0.0014636017765583432,0.1567216815051531,0.13639674329520943,180,energy,63,ols_rank_normal,tema_arındırılmış
share_issuance,0.0014636017765583438,0.5736192575591031,0.0014636017765583438,0.1567216815051531,0.13639674329520943,180,energy,63,ols_rank_normal,ham
share_issuance,-0.0035044656790772003,-0.2672172637196217,-0.0006620078214945823,0.16087120938627233,0.14065874598976008,180,energy,63,ols_winsorized_raw,tema_arındırılmış
share_issuance,-0.0035044656790771942,-0.2672172637196212,-0.0006620078214945811,0.1608712093862723,0.14065874598976008,180,energy,63,ols_winsorized_raw,ham
share_issuance,0.0023210252928729763,0.8547766849855588,0.0023210252928729763,0.18876105122298767,0.16937271838389212,180,energy,63,wls_sqrt_mcap,tema_arındırılmış
share_issuance,0.002321025292872966,0.8547766849855555,0.002321025292872966,0.18876105122298767,0.16937271838389212,180,energy,63,wls_sqrt_mcap,ham
share_issuance,0.002763953150936941,0.5298279956116477,0.002763953150936941,0.15400360150030726,0.13357633031113347,177,energy,126,ols_rank_normal,tema_arındırılmış
share_issuance,0.002763953150936941,0.5298279956116477,0.002763953150936941,0.15400360150030726,0.13357633031113347,177,energy,126,ols_rank_normal,ham
share_issuance,-0.006900716415006772,-0.21198120202030651,-0.0013064780161571577,0.15868357368627203,0.1383725522821312,177,energy,126,ols_winsorized_raw,tema_arındırılmış
share_issuance,-0.006900716415006758,-0.21198120202030601,-0.001306478016157155,0.15868357368627203,0.1383725522821312,177,energy,126,ols_winsorized_raw,ham
share_issuance,0.004188630151661408,0.7314845370282573,0.004188630151661408,0.18749669307792174,0.16804665241146577,177,energy,126,wls_sqrt_mcap,tema_arındırılmış
share_issuance,0.004188630151661396,0.7314845370282552,0.004188630151661396,0.18749669307792174,0.1680466524114658,177,energy,126,wls_sqrt_mcap,ham
sue_announce,0.001709325550858931,1.6603214248931333,0.001709325550858931,0.2004751977877881,0.16829431158270827,182,energy,21,ols_rank_normal,tema_arındırılmış
sue_announce,0.00170932555085893,1.6603214248931322,0.00170932555085893,0.2004751977877881,0.16829431158270827,182,energy,21,ols_rank_normal,ham
sue_announce,0.0013914844143494665,1.5102885174257106,0.0016057580415796515,0.21407511424918216,0.1824249185640836,182,energy,21,ols_winsorized_raw,tema_arındırılmış
sue_announce,0.0013914844143494652,1.5102885174257088,0.00160575804157965,0.21407511424918213,0.1824249185640836,182,energy,21,ols_winsorized_raw,ham
sue_announce,0.0018603007624994384,2.077399936260335,0.0018603007624994384,0.21205026155113504,0.18046622094713402,182,energy,21,wls_sqrt_mcap,tema_arındırılmış
sue_announce,0.0018603007624994376,2.077399936260334,0.0018603007624994376,0.2120502615511351,0.18046622094713405,182,energy,21,wls_sqrt_mcap,ham
sue_announce,0.003719719046612402,1.5552192643224587,0.003719719046612402,0.17999862253974908,0.14693532302340384,180,energy,63,ols_rank_normal,tema_arındırılmış
sue_announce,0.0037197190466124012,1.555219264322458,0.0037197190466124012,0.17999862253974908,0.14693532302340384,180,energy,63,ols_rank_normal,ham
sue_announce,0.003324210176245286,1.5965059656425742,0.0038355481083215577,0.1910899047709272,0.15847397057517207,180,energy,63,ols_winsorized_raw,tema_arındırılmış
sue_announce,0.003324210176245284,1.5965059656425735,0.003835548108321556,0.1910899047709272,0.15847397057517207,180,energy,63,ols_winsorized_raw,ham
sue_announce,0.004585124313002646,2.0868281924820686,0.004585124313002646,0.19444352694171357,0.16210508016354477,180,energy,63,wls_sqrt_mcap,tema_arındırılmış
sue_announce,0.004585124313002643,2.0868281924820677,0.004585124313002643,0.19444352694171363,0.16210508016354477,180,energy,63,wls_sqrt_mcap,ham
sue_announce,0.0066056088764101266,1.4773666357083446,0.0066056088764101266,0.16973402036690485,0.13613073285485383,177,energy,126,ols_rank_normal,tema_arındırılmış
sue_announce,0.006605608876410132,1.4773666357083457,0.006605608876410132,0.16973402036690485,0.13613073285485383,177,energy,126,ols_rank_normal,ham
sue_announce,0.006402697337886888,1.6487774917573292,0.007394398531739447,0.17881592158885606,0.14555373952587494,177,energy,126,ols_winsorized_raw,tema_arındırılmış
sue_announce,0.006402697337886891,1.6487774917573297,0.00739439853173945,0.17881592158885606,0.14555373952587491,177,energy,126,ols_winsorized_raw,ham
sue_announce,0.0077466690904335845,2.02331611548381,0.0077466690904335845,0.19336818693830796,0.16085564495279794,177,energy,126,wls_sqrt_mcap,tema_arındırılmış
sue_announce,0.007746669090433571,2.023316115483806,0.007746669090433571,0.19336818693830796,0.16085564495279794,177,energy,126,wls_sqrt_mcap,ham
asset_growth,-0.004882399955602491,-1.4587567680618794,-0.004882399955602491,0.7890793235442745,0.4448394529149424,59,energy,21,ols_rank_normal_all,tema_arındırılmış
capex_at,0.0041601382890380095,0.8138783170667346,0.0041601382890380095,0.7890793235442745,0.4448394529149424,59,energy,21,ols_rank_normal_all,tema_arındırılmış
cash_runway_years,0.009076532313982871,1.2460220060971994,0.009076532313982871,0.7890793235442745,0.4448394529149424,59,energy,21,ols_rank_normal_all,tema_arındırılmış
cop_at,-0.007875092546875751,-1.7621789770312568,-0.007875092546875751,0.7890793235442745,0.4448394529149424,59,energy,21,ols_rank_normal_all,tema_arındırılmış
dist_52w_high,0.0034305423148329123,0.3854046384732125,0.0034305423148329123,0.7890793235442745,0.4448394529149424,59,energy,21,ols_rank_normal_all,tema_arındırılmış
droe,-0.0008752597091324903,-0.17643938744385881,-0.0008752597091324903,0.7890793235442745,0.4448394529149424,59,energy,21,ols_rank_normal_all,tema_arındırılmış
ear_3d,-0.0015392904956220987,-0.44683613363437313,-0.0015392904956220987,0.7890793235442745,0.4448394529149424,59,energy,21,ols_rank_normal_all,tema_arındırılmış
ebit_ev,0.0008841393374117964,0.1889294172319226,0.0008841393374117964,0.7890793235442745,0.4448394529149424,59,energy,21,ols_rank_normal_all,tema_arındırılmış
idio_vol_60d,-0.00986377470400198,-1.047816248618598,-0.00986377470400198,0.7890793235442745,0.4448394529149424,59,energy,21,ols_rank_normal_all,tema_arındırılmış
max_ret_21d,0.005293290877064864,0.7644974826065716,0.005293290877064864,0.7890793235442745,0.4448394529149424,59,energy,21,ols_rank_normal_all,tema_arındırılmış
mom_12_1,0.00150705632944535,0.2456379475914644,0.00150705632944535,0.7890793235442745,0.4448394529149424,59,energy,21,ols_rank_normal_all,tema_arındırılmış
net_debt_ebitda,0.0033831361795335154,0.9453619296275407,0.0033831361795335154,0.7890793235442745,0.4448394529149424,59,energy,21,ols_rank_normal_all,tema_arındırılmış
ocf_ev,0.005242338113326413,1.0165274638471558,0.005242338113326413,0.7890793235442745,0.4448394529149424,59,energy,21,ols_rank_normal_all,tema_arındırılmış
oil_beta_trend,-0.009568987248920108,-1.275976178594054,-0.009568987248920108,0.7890793235442745,0.4448394529149424,59,energy,21,ols_rank_normal_all,tema_arındırılmış
profitable_growth,-0.002466506415737063,-0.5208729788120128,-0.002466506415737063,0.7890793235442745,0.4448394529149424,59,energy,21,ols_rank_normal_all,tema_arındırılmış
share_issuance,-0.0010731630645615157,-0.3006050083701552,-0.0010731630645615157,0.7890793235442745,0.4448394529149424,59,energy,21,ols_rank_normal_all,tema_arındırılmış
sue,-0.000714652831493162,-0.11964240946133013,-0.000714652831493162,0.7890793235442745,0.4448394529149424,59,energy,21,ols_rank_normal_all,tema_arındırılmış
sue_announce,-0.0006435871151667971,-0.18973170510730672,-0.0006435871151667971,0.7890793235442745,0.4448394529149424,59,energy,21,ols_rank_normal_all,tema_arındırılmış
asset_growth,-0.00539774185874424,-0.8513593197230034,-0.00539774185874424,0.7579396019133348,0.3625395199893636,57,energy,63,ols_rank_normal_all,tema_arındırılmış
capex_at,0.019389319276677742,1.7977860095052494,0.019389319276677742,0.7579396019133348,0.3625395199893636,57,energy,63,ols_rank_normal_all,tema_arındırılmış
cash_runway_years,0.01384492425013461,1.0293298719554667,0.01384492425013461,0.7579396019133348,0.3625395199893636,57,energy,63,ols_rank_normal_all,tema_arındırılmış
cop_at,-0.009641294157697829,-0.8047299005724651,-0.009641294157697829,0.7579396019133348,0.3625395199893636,57,energy,63,ols_rank_normal_all,tema_arındırılmış
dist_52w_high,0.000757853197351202,0.0652374763937335,0.000757853197351202,0.7579396019133348,0.3625395199893636,57,energy,63,ols_rank_normal_all,tema_arındırılmış
droe,-0.004607785189408938,-0.4541751251132252,-0.004607785189408938,0.7579396019133348,0.3625395199893636,57,energy,63,ols_rank_normal_all,tema_arındırılmış
ear_3d,-0.011090737216065665,-1.7773682327250016,-0.011090737216065665,0.7579396019133348,0.3625395199893636,57,energy,63,ols_rank_normal_all,tema_arındırılmış
ebit_ev,0.007576584808029261,0.8702280757459264,0.007576584808029261,0.7579396019133348,0.3625395199893636,57,energy,63,ols_rank_normal_all,tema_arındırılmış
idio_vol_60d,-0.007756791646543875,-0.5238549558749884,-0.007756791646543875,0.7579396019133348,0.3625395199893636,57,energy,63,ols_rank_normal_all,tema_arındırılmış
max_ret_21d,0.00564865292906777,0.4452098945800736,0.00564865292906777,0.7579396019133348,0.3625395199893636,57,energy,63,ols_rank_normal_all,tema_arındırılmış
mom_12_1,0.0004797803349320656,0.03273647545021938,0.0004797803349320656,0.7579396019133348,0.3625395199893636,57,energy,63,ols_rank_normal_all,tema_arındırılmış
net_debt_ebitda,0.005575214625501004,0.8073731585439051,0.005575214625501004,0.7579396019133348,0.3625395199893636,57,energy,63,ols_rank_normal_all,tema_arındırılmış
ocf_ev,0.0026827407670324006,0.224175538824665,0.0026827407670324006,0.7579396019133348,0.3625395199893636,57,energy,63,ols_rank_normal_all,tema_arındırılmış
oil_beta_trend,-0.02386857577172017,-1.3606379876140127,-0.02386857577172017,0.7579396019133348,0.3625395199893636,57,energy,63,ols_rank_normal_all,tema_arındırılmış
profitable_growth,-0.013692419165559903,-1.2445273108574781,-0.013692419165559903,0.7579396019133348,0.3625395199893636,57,energy,63,ols_rank_normal_all,tema_arındırılmış
share_issuance,0.006621343732839758,0.9234648696223755,0.006621343732839758,0.7579396019133348,0.3625395199893636,57,energy,63,ols_rank_normal_all,tema_arındırılmış
sue,0.0031852680834897574,0.23204791380841822,0.0031852680834897574,0.7579396019133348,0.3625395199893636,57,energy,63,ols_rank_normal_all,tema_arındırılmış
sue_announce,-8.611649741579605e-06,-0.0014567542824527459,-8.611649741579605e-06,0.7579396019133348,0.3625395199893636,57,energy,63,ols_rank_normal_all,tema_arındırılmış
asset_growth,-0.01614572523542454,-1.0525027304441434,-0.01614572523542454,0.752456548283967,0.35392912022121575,54,energy,126,ols_rank_normal_all,tema_arındırılmış
capex_at,0.0296322048934562,2.511261722618788,0.0296322048934562,0.752456548283967,0.35392912022121575,54,energy,126,ols_rank_normal_all,tema_arındırılmış
cash_runway_years,0.023823898945256352,1.1225352932974755,0.023823898945256352,0.752456548283967,0.35392912022121575,54,energy,126,ols_rank_normal_all,tema_arındırılmış
cop_at,-0.00023654478689892115,-0.011601975084022184,-0.00023654478689892115,0.752456548283967,0.35392912022121575,54,energy,126,ols_rank_normal_all,tema_arındırılmış
dist_52w_high,0.0010683268877169612,0.08445753991977556,0.0010683268877169612,0.752456548283967,0.35392912022121575,54,energy,126,ols_rank_normal_all,tema_arındırılmış
droe,0.008588523072678423,0.5451208973263089,0.008588523072678423,0.752456548283967,0.35392912022121575,54,energy,126,ols_rank_normal_all,tema_arındırılmış
ear_3d,-0.02371916559207063,-1.9747131534373694,-0.02371916559207063,0.752456548283967,0.35392912022121575,54,energy,126,ols_rank_normal_all,tema_arındırılmış
ebit_ev,0.0021026488982255325,0.17242142761956342,0.0021026488982255325,0.752456548283967,0.35392912022121575,54,energy,126,ols_rank_normal_all,tema_arındırılmış
idio_vol_60d,-0.008814772624910544,-0.29430134757809284,-0.008814772624910544,0.752456548283967,0.35392912022121575,54,energy,126,ols_rank_normal_all,tema_arındırılmış
max_ret_21d,0.014420029056384558,0.931593165415546,0.014420029056384558,0.752456548283967,0.35392912022121575,54,energy,126,ols_rank_normal_all,tema_arındırılmış
mom_12_1,-0.00855192618229741,-0.41333998546267836,-0.00855192618229741,0.752456548283967,0.35392912022121575,54,energy,126,ols_rank_normal_all,tema_arındırılmış
net_debt_ebitda,0.019606535777281175,2.503519629401005,0.019606535777281175,0.752456548283967,0.35392912022121575,54,energy,126,ols_rank_normal_all,tema_arındırılmış
ocf_ev,-0.0064183814325569225,-0.36827512186179406,-0.0064183814325569225,0.752456548283967,0.35392912022121575,54,energy,126,ols_rank_normal_all,tema_arındırılmış
oil_beta_trend,-0.04392626830476671,-2.0003416187296326,-0.04392626830476671,0.752456548283967,0.35392912022121575,54,energy,126,ols_rank_normal_all,tema_arındırılmış
profitable_growth,-0.033043113695219464,-2.2179697670326624,-0.033043113695219464,0.752456548283967,0.35392912022121575,54,energy,126,ols_rank_normal_all,tema_arındırılmış
share_issuance,0.020655559260112404,1.4549368832871528,0.020655559260112404,0.752456548283967,0.35392912022121575,54,energy,126,ols_rank_normal_all,tema_arındırılmış
sue,0.0017584920283321924,0.09408191385554064,0.0017584920283321924,0.752456548283967,0.35392912022121575,54,energy,126,ols_rank_normal_all,tema_arındırılmış
sue_announce,-0.008622049828138231,-0.9916660286548988,-0.008622049828138231,0.752456548283967,0.35392912022121575,54,energy,126,ols_rank_normal_all,tema_arındırılmış
asset_growth,0.0022866169721473466,1.9955030643767495,0.0022866169721473466,0.13779410878821347,0.10570111017416563,182,energy/oil_gas,21,ols_rank_normal,tema_arındırılmış
asset_growth,0.0022866169721473483,1.995503064376751,0.0022866169721473483,0.13779410878821347,0.10570111017416563,182,energy/oil_gas,21,ols_rank_normal,ham
asset_growth,0.004290150717515616,1.1912011682788166,0.0016310253707264703,0.1368736632924988,0.10476047865974038,182,energy/oil_gas,21,ols_winsorized_raw,tema_arındırılmış
asset_growth,0.004290150717515612,1.1912011682788153,0.001631025370726469,0.1368736632924988,0.10476047865974038,182,energy/oil_gas,21,ols_winsorized_raw,ham
asset_growth,0.0014662950700097613,1.362748205472044,0.0014662950700097613,0.1567177737119136,0.12545266048753514,182,energy/oil_gas,21,wls_sqrt_mcap,tema_arındırılmış
asset_growth,0.0014662950700097552,1.3627482054720383,0.0014662950700097552,0.1567177737119136,0.12545266048753514,182,energy/oil_gas,21,wls_sqrt_mcap,ham
asset_growth,0.0050246144040073494,1.9158915329621857,0.0050246144040073494,0.13298387264685102,0.10051933127163508,180,energy/oil_gas,63,ols_rank_normal,tema_arındırılmış
asset_growth,0.005024614404007352,1.9158915329621864,0.005024614404007352,0.13298387264685102,0.10051933127163508,180,energy/oil_gas,63,ols_rank_normal,ham
asset_growth,0.01008138400224617,1.2037982846638435,0.0038389080384468297,0.1292702911688767,0.09665062295583025,180,energy/oil_gas,63,ols_winsorized_raw,tema_arındırılmış
asset_growth,0.010081384002246166,1.2037982846638426,0.0038389080384468276,0.12927029116887667,0.09665062295583024,180,energy/oil_gas,63,ols_winsorized_raw,ham
asset_growth,0.003132358199922316,1.2385084052449256,0.003132358199922316,0.1560584926945262,0.12456726284143442,180,energy/oil_gas,63,wls_sqrt_mcap,tema_arındırılmış
asset_growth,0.0031323581999223114,1.2385084052449238,0.0031323581999223114,0.1560584926945262,0.12456726284143439,180,energy/oil_gas,63,wls_sqrt_mcap,ham
asset_growth,0.010343887088641592,1.9437530275604382,0.010343887088641592,0.1339814846196143,0.1013813115040302,177,energy/oil_gas,126,ols_rank_normal,tema_arındırılmış
asset_growth,0.010343887088641599,1.9437530275604393,0.010343887088641599,0.13398148461961432,0.10138131150403022,177,energy/oil_gas,126,ols_rank_normal,ham
asset_growth,0.01809747440524769,1.075965454260104,0.006938725141241438,0.12721184821215106,0.09438411993740038,177,energy/oil_gas,126,ols_winsorized_raw,tema_arındırılmış
asset_growth,0.018097474405247692,1.0759654542601043,0.0069387251412414384,0.12721184821215106,0.09438411993740038,177,energy/oil_gas,126,ols_winsorized_raw,ham
asset_growth,0.004592521246869716,0.8287375253390713,0.004592521246869716,0.16242422166768414,0.1311154869042716,177,energy/oil_gas,126,wls_sqrt_mcap,tema_arındırılmış
asset_growth,0.004592521246869715,0.8287375253390713,0.004592521246869715,0.16242422166768414,0.1311154869042716,177,energy/oil_gas,126,wls_sqrt_mcap,ham
capex_at,8.351065558780482e-05,0.05454691225795133,8.351065558780482e-05,0.14824847455531576,0.11497196216362754,182,energy/oil_gas,21,ols_rank_normal,tema_arındırılmış
capex_at,8.351065558780551e-05,0.05454691225795176,8.351065558780551e-05,0.14824847455531578,0.1149719621636275,182,energy/oil_gas,21,ols_rank_normal,ham
capex_at,-0.009848812985296763,-0.3762475826041102,-0.0007385746556669842,0.15248003581665806,0.11940273742056294,182,energy/oil_gas,21,ols_winsorized_raw,tema_arındırılmış
capex_at,-0.009848812985296782,-0.3762475826041109,-0.0007385746556669856,0.15248003581665806,0.11940273742056294,182,energy/oil_gas,21,ols_winsorized_raw,ham
capex_at,0.0005057294351790019,0.3889457055773942,0.0005057294351790019,0.16053638737682918,0.1278089051003695,182,energy/oil_gas,21,wls_sqrt_mcap,tema_arındırılmış
capex_at,0.0005057294351789954,0.388945705577389,0.0005057294351789954,0.16053638737682918,0.12780890510036946,182,energy/oil_gas,21,wls_sqrt_mcap,ham
capex_at,0.0009421331941659575,0.2302507253719646,0.0009421331941659575,0.14217232692104687,0.10832096536238636,180,energy/oil_gas,63,ols_rank_normal,tema_arındırılmış
capex_at,0.0009421331941659569,0.23025072537196448,0.0009421331941659569,0.14217232692104687,0.10832096536238636,180,energy/oil_gas,63,ols_rank_normal,ham
capex_at,-0.012791704687620763,-0.17642906493413926,-0.0009610141420583055,0.14557807859552568,0.11186145847698904,180,energy/oil_gas,63,ols_winsorized_raw,tema_arındırılmış
capex_at,-0.012791704687620762,-0.17642906493413923,-0.0009610141420583053,0.14557807859552568,0.11186145847698904,180,energy/oil_gas,63,ols_winsorized_raw,ham
capex_at,0.0017183914167274673,0.5048039198669568,0.0017183914167274673,0.1594312192081086,0.12640653943032668,180,energy/oil_gas,63,wls_sqrt_mcap,tema_arındırılmış
capex_at,0.001718391416727459,0.5048039198669544,0.001718391416727459,0.1594312192081086,0.12640653943032673,180,energy/oil_gas,63,wls_sqrt_mcap,ham
capex_at,0.00046945563087102553,0.05429412720442618,0.00046945563087102553,0.14169146269921118,0.10773594042897232,177,energy/oil_gas,126,ols_rank_normal,tema_arındırılmış
capex_at,0.00046945563087102114,0.05429412720442566,0.00046945563087102114,0.1416914626992112,0.10773594042897236,177,energy/oil_gas,126,ols_rank_normal,ham
capex_at,-0.0042887035899387355,-0.027018705138536835,-0.0003228494814377928,0.1448452608290393,0.11106059490409892,177,energy/oil_gas,126,ols_winsorized_raw,tema_arındırılmış
capex_at,-0.004288703589938786,-0.02701870513853715,-0.0003228494814377966,0.14484526082903934,0.11106059490409893,177,energy/oil_gas,126,ols_winsorized_raw,ham
capex_at,0.0021319470523433618,0.29576670817149336,0.0021319470523433618,0.16164656048076245,0.1287270667990951,177,energy/oil_gas,126,wls_sqrt_mcap,tema_arındırılmış
capex_at,0.002131947052343357,0.2957667081714927,0.002131947052343357,0.16164656048076245,0.12872706679909507,177,energy/oil_gas,126,wls_sqrt_mcap,ham
cop_at,-0.00038133606755666216,-0.30810321243194255,-0.00038133606755666216,0.147948956583622,0.11497377864513911,182,energy/oil_gas,21,ols_rank_normal,tema_arındırılmış
cop_at,-0.00038133606755666254,-0.30810321243194294,-0.00038133606755666254,0.14794895658362198,0.11497377864513907,182,energy/oil_gas,21,ols_rank_normal,ham
cop_at,-0.005547498263112777,-0.30347562956257834,-0.00038139898214436917,0.14737092667999294,0.11442843226209692,182,energy/oil_gas,21,ols_winsorized_raw,tema_arındırılmış
cop_at,-0.005547498263112777,-0.3034756295625783,-0.00038139898214436917,0.14737092667999294,0.11442843226209695,182,energy/oil_gas,21,ols_winsorized_raw,ham
cop_at,-0.0007921695190405372,-0.6819723718361539,-0.0007921695190405372,0.16709683671687187,0.134977504417779,182,energy/oil_gas,21,wls_sqrt_mcap,tema_arındırılmış
cop_at,-0.0007921695190405371,-0.6819723718361536,-0.0007921695190405371,0.1670968367168719,0.13497750441777898,182,energy/oil_gas,21,wls_sqrt_mcap,ham
cop_at,-0.0037911284246334425,-1.1677521685554468,-0.0037911284246334425,0.13921512854295898,0.10564271358111696,180,energy/oil_gas,63,ols_rank_normal,tema_arındırılmış
cop_at,-0.0037911284246334442,-1.1677521685554475,-0.0037911284246334442,0.13921512854295898,0.10564271358111696,180,energy/oil_gas,63,ols_rank_normal,ham
cop_at,-0.05200281504726691,-1.1296646728981183,-0.0035796522145563475,0.13655402555102256,0.10288858707546401,180,energy/oil_gas,63,ols_winsorized_raw,tema_arındırılmış
cop_at,-0.05200281504726689,-1.1296646728981175,-0.003579652214556346,0.13655402555102256,0.10288858707546401,180,energy/oil_gas,63,ols_winsorized_raw,ham
cop_at,-0.004285479096031466,-1.3212763949187936,-0.004285479096031466,0.16638666653070572,0.13401257767959468,180,energy/oil_gas,63,wls_sqrt_mcap,tema_arındırılmış
cop_at,-0.004285479096031466,-1.3212763949187936,-0.004285479096031466,0.16638666653070572,0.13401257767959468,180,energy/oil_gas,63,wls_sqrt_mcap,ham
cop_at,-0.010790184560230603,-1.86887700360403,-0.010790184560230603,0.13488877479146053,0.10104343851758497,177,energy/oil_gas,126,ols_rank_normal,tema_arındırılmış
cop_at,-0.010790184560230603,-1.8688770036040308,-0.010790184560230603,0.13488877479146058,0.10104343851758497,177,energy/oil_gas,126,ols_rank_normal,ham
cop_at,-0.1589689725076474,-2.1433665045930588,-0.010972993798255748,0.1313793045959266,0.09740023671411026,177,energy/oil_gas,126,ols_winsorized_raw,tema_arındırılmış
cop_at,-0.15896897250764738,-2.1433665045930588,-0.010972993798255747,0.1313793045959266,0.09740023671411026,177,energy/oil_gas,126,ols_winsorized_raw,ham
cop_at,-0.010883867107691578,-1.8836263596808847,-0.010883867107691578,0.16583860332238948,0.1334126736641207,177,energy/oil_gas,126,wls_sqrt_mcap,tema_arındırılmış
cop_at,-0.01088386710769158,-1.8836263596808849,-0.01088386710769158,0.16583860332238945,0.1334126736641207,177,energy/oil_gas,126,wls_sqrt_mcap,ham
dist_52w_high,-7.902839025565249e-05,-0.02773621167478407,-7.902839025565249e-05,0.15806039559492105,0.12810537406378714,182,energy/oil_gas,21,ols_rank_normal,tema_arındırılmış
dist_52w_high,-7.902839025565386e-05,-0.027736211674784555,-7.902839025565386e-05,0.15806039559492105,0.12810537406378714,182,energy/oil_gas,21,ols_rank_normal,ham
dist_52w_high,0.003009633293931098,0.1767426605617331,0.0004358273524387417,0.16113015174419168,0.1313058532523517,182,energy/oil_gas,21,ols_winsorized_raw,tema_arındırılmış
dist_52w_high,0.003009633293931104,0.17674266056173346,0.0004358273524387426,0.16113015174419168,0.1313058532523517,182,energy/oil_gas,21,ols_winsorized_raw,ham
dist_52w_high,-0.0006849597315418722,-0.26404636682559995,-0.0006849597315418722,0.1814192297809559,0.15240633883728993,182,energy/oil_gas,21,wls_sqrt_mcap,tema_arındırılmış
dist_52w_high,-0.0006849597315418745,-0.26404636682560084,-0.0006849597315418745,0.1814192297809559,0.15240633883728993,182,energy/oil_gas,21,wls_sqrt_mcap,ham
dist_52w_high,-0.0009578630297938524,-0.15085047835784035,-0.0009578630297938524,0.1571752943698308,0.12704084191628182,180,energy/oil_gas,63,ols_rank_normal,tema_arındırılmış
dist_52w_high,-0.0009578630297938519,-0.1508504783578403,-0.0009578630297938519,0.15717529436983077,0.12704084191628182,180,energy/oil_gas,63,ols_rank_normal,ham
dist_52w_high,0.004323668308980484,0.1099470363897344,0.0006263983723791413,0.1599031777199958,0.129864620021677,180,energy/oil_gas,63,ols_winsorized_raw,tema_arındırılmış
dist_52w_high,0.004323668308980492,0.10994703638973462,0.0006263983723791426,0.1599031777199958,0.129864620021677,180,energy/oil_gas,63,ols_winsorized_raw,ham
dist_52w_high,-0.0013928240555539408,-0.2473039480537882,-0.0013928240555539408,0.18145927997117586,0.1522695420203395,180,energy/oil_gas,63,wls_sqrt_mcap,tema_arındırılmış
dist_52w_high,-0.0013928240555539425,-0.24730394805378847,-0.0013928240555539425,0.18145927997117586,0.1522695420203395,180,energy/oil_gas,63,wls_sqrt_mcap,ham
dist_52w_high,-0.003434750141341641,-0.32901625404693235,-0.003434750141341641,0.1521456339226078,0.12166708309474414,177,energy/oil_gas,126,ols_rank_normal,tema_arındırılmış
dist_52w_high,-0.003434750141341644,-0.3290162540469326,-0.003434750141341644,0.15214563392260777,0.12166708309474414,177,energy/oil_gas,126,ols_rank_normal,ham
dist_52w_high,-0.006739959426082373,-0.09978501670148938,-0.0009809536163201014,0.15439324726556716,0.12401138845357941,177,energy/oil_gas,126,ols_winsorized_raw,tema_arındırılmış
dist_52w_high,-0.006739959426082365,-0.09978501670148927,-0.0009809536163201003,0.15439324726556716,0.12401138845357941,177,energy/oil_gas,126,ols_winsorized_raw,ham
dist_52w_high,-0.005595967797895226,-0.5877699896648081,-0.005595967797895226,0.1785286733276886,0.14910701254775072,177,energy/oil_gas,126,wls_sqrt_mcap,tema_arındırılmış
dist_52w_high,-0.005595967797895214,-0.5877699896648066,-0.005595967797895214,0.17852867332768854,0.14910701254775072,177,energy/oil_gas,126,wls_sqrt_mcap,ham
ear_3d,0.0009143494733311671,0.7765396122270853,0.0009143494733311671,0.1409072264845158,0.1071164124364655,182,energy/oil_gas,21,ols_rank_normal,tema_arındırılmış
ear_3d,0.0009143494733311669,0.7765396122270852,0.0009143494733311669,0.14090722648451587,0.10711641243646551,182,energy/oil_gas,21,ols_rank_normal,ham
ear_3d,0.009426991356636284,0.5074632540810926,0.0006287126083171293,0.14156283777637513,0.10781076915858014,182,energy/oil_gas,21,ols_winsorized_raw,tema_arındırılmış
ear_3d,0.009426991356636273,0.507463254081092,0.0006287126083171287,0.14156283777637513,0.10781076915858014,182,energy/oil_gas,21,ols_winsorized_raw,ham
ear_3d,0.0015352311056314753,1.3640609233454932,0.0015352311056314753,0.1589699096738318,0.12605501120825505,182,energy/oil_gas,21,wls_sqrt_mcap,tema_arındırılmış
ear_3d,0.001535231105631473,1.3640609233454912,0.001535231105631473,0.1589699096738318,0.12605501120825505,182,energy/oil_gas,21,wls_sqrt_mcap,ham
ear_3d,-0.0009132387491089241,-0.3862692931076341,-0.0009132387491089241,0.13775158818664435,0.10377179408590398,180,energy/oil_gas,63,ols_rank_normal,tema_arındırılmış
ear_3d,-0.0009132387491089252,-0.3862692931076345,-0.0009132387491089252,0.1377515881866443,0.10377179408590398,180,energy/oil_gas,63,ols_rank_normal,ham
ear_3d,-0.017634848174421,-0.45626089365619266,-0.001175222003487489,0.1382246884253941,0.10427864301164726,180,energy/oil_gas,63,ols_winsorized_raw,tema_arındırılmış
ear_3d,-0.017634848174420997,-0.4562608936561926,-0.0011752220034874888,0.13822468842539412,0.10427864301164727,180,energy/oil_gas,63,ols_winsorized_raw,ham
ear_3d,0.0011113638712738677,0.4871986000106086,0.0011113638712738677,0.15925156618563927,0.12624113408445892,180,energy/oil_gas,63,wls_sqrt_mcap,tema_arındırılmış
ear_3d,0.0011113638712738705,0.48719860001060966,0.0011113638712738705,0.15925156618563927,0.12624113408445892,180,energy/oil_gas,63,wls_sqrt_mcap,ham
ear_3d,-0.001694435400494011,-0.35875441636845007,-0.001694435400494011,0.13899635745981925,0.10488167809442142,177,energy/oil_gas,126,ols_rank_normal,tema_arındırılmış
ear_3d,-0.0016944354004940093,-0.3587544163684497,-0.0016944354004940093,0.13899635745981925,0.10488167809442145,177,energy/oil_gas,126,ols_rank_normal,ham
ear_3d,-0.009656410369872909,-0.12105935931361547,-0.0006443488087575631,0.13843912678643752,0.10432543255184622,177,energy/oil_gas,126,ols_winsorized_raw,tema_arındırılmış
ear_3d,-0.009656410369872921,-0.12105935931361562,-0.0006443488087575638,0.13843912678643752,0.10432543255184624,177,energy/oil_gas,126,ols_winsorized_raw,ham
ear_3d,0.0010706216383076282,0.24894146890668253,0.0010706216383076282,0.1619175448754028,0.12889264327727956,177,energy/oil_gas,126,wls_sqrt_mcap,tema_arındırılmış
ear_3d,0.0010706216383076328,0.2489414689066836,0.0010706216383076328,0.1619175448754028,0.12889264327727956,177,energy/oil_gas,126,wls_sqrt_mcap,ham
ebit_ev,-0.0008485699272521788,-0.5315830125946452,-0.0008485699272521788,0.163452520586977,0.12435488803187261,182,energy/oil_gas,21,ols_rank_normal,tema_arındırılmış
ebit_ev,-0.00084856992725218,-0.5315830125946459,-0.00084856992725218,0.16345252058697704,0.12435488803187261,182,energy/oil_gas,21,ols_rank_normal,ham
ebit_ev,-0.00408113814014599,-0.26742788144184054,-0.0011394847395256966,0.16169639131689648,0.12252025061630645,182,energy/oil_gas,21,ols_winsorized_raw,tema_arındırılmış
ebit_ev,-0.004081138140145983,-0.26742788144184015,-0.0011394847395256947,0.1616963913168965,0.12252025061630645,182,energy/oil_gas,21,ols_winsorized_raw,ham
ebit_ev,-0.0003498115887220062,-0.22041600680224444,-0.0003498115887220062,0.18498677220887433,0.1470192848790307,182,energy/oil_gas,21,wls_sqrt_mcap,tema_arındırılmış
ebit_ev,-0.00034981158872200463,-0.22041600680224346,-0.00034981158872200463,0.18498677220887433,0.14701928487903068,182,energy/oil_gas,21,wls_sqrt_mcap,ham
ebit_ev,-0.0035685072152636505,-0.8002132968303317,-0.0035685072152636505,0.15738033086227662,0.11753580354367851,180,energy/oil_gas,63,ols_rank_normal,tema_arındırılmış
ebit_ev,-0.0035685072152636535,-0.8002132968303323,-0.0035685072152636535,0.1573803308622766,0.11753580354367849,180,energy/oil_gas,63,ols_rank_normal,ham
ebit_ev,-0.021727186481691148,-0.4929350400663407,-0.006116301147015102,0.15291728708112215,0.1128173686281305,180,energy/oil_gas,63,ols_winsorized_raw,tema_arındırılmış
ebit_ev,-0.021727186481691113,-0.4929350400663399,-0.006116301147015091,0.15291728708112212,0.11281736862813045,180,energy/oil_gas,63,ols_winsorized_raw,ham
ebit_ev,-0.0028678359126074466,-0.6478457390969903,-0.0028678359126074466,0.18911777824130385,0.15082067547963712,180,energy/oil_gas,63,wls_sqrt_mcap,tema_arındırılmış
ebit_ev,-0.002867835912607444,-0.6478457390969898,-0.002867835912607444,0.18911777824130385,0.1508206754796371,180,energy/oil_gas,63,wls_sqrt_mcap,ham
ebit_ev,-0.00787907824620922,-1.0483292477234225,-0.00787907824620922,0.15596017875821727,0.11581311565052191,177,energy/oil_gas,126,ols_rank_normal,tema_arındırılmış
ebit_ev,-0.007879078246209224,-1.0483292477234227,-0.007879078246209224,0.1559601787582173,0.11581311565052188,177,energy/oil_gas,126,ols_rank_normal,ham
ebit_ev,-0.07353479040922095,-0.9616430215528196,-0.020951301474115582,0.15366318591132916,0.1134058164637492,177,energy/oil_gas,126,ols_winsorized_raw,tema_arındırılmış
ebit_ev,-0.07353479040922097,-0.9616430215528197,-0.020951301474115586,0.15366318591132913,0.11340581646374916,177,energy/oil_gas,126,ols_winsorized_raw,ham
ebit_ev,-0.004960187723986889,-0.6177424743517843,-0.004960187723986889,0.18740083348231443,0.1487971269571608,177,energy/oil_gas,126,wls_sqrt_mcap,tema_arındırılmış
ebit_ev,-0.004960187723986887,-0.6177424743517841,-0.004960187723986887,0.18740083348231443,0.1487971269571608,177,energy/oil_gas,126,wls_sqrt_mcap,ham
gross_profitability,-0.000600760832160788,-0.39824137849359903,-0.000600760832160788,0.17499602313791382,0.10389316788300329,179,energy/oil_gas,21,ols_rank_normal,tema_arındırılmış
gross_profitability,-0.0006007608321607881,-0.3982413784935991,-0.0006007608321607881,0.17499602313791382,0.10389316788300329,179,energy/oil_gas,21,ols_rank_normal,ham
gross_profitability,-0.013796182194931271,-1.6138630094805615,-0.0027881224173883397,0.17502172049409964,0.10369303009971091,179,energy/oil_gas,21,ols_winsorized_raw,tema_arındırılmış
gross_profitability,-0.013796182194931268,-1.613863009480561,-0.002788122417388339,0.17502172049409964,0.10369303009971091,179,energy/oil_gas,21,ols_winsorized_raw,ham
gross_profitability,-0.0016648515400673404,-1.1604932869948705,-0.0016648515400673404,0.19986578602223767,0.1318734583411047,179,energy/oil_gas,21,wls_sqrt_mcap,tema_arındırılmış
gross_profitability,-0.0016648515400673445,-1.1604932869948732,-0.0016648515400673445,0.1998657860222377,0.1318734583411047,179,energy/oil_gas,21,wls_sqrt_mcap,ham
gross_profitability,-0.004100641978775654,-0.9331793758328836,-0.004100641978775654,0.17632011532480876,0.10372586944240016,177,energy/oil_gas,63,ols_rank_normal,tema_arındırılmış
gross_profitability,-0.004100641978775653,-0.9331793758328834,-0.004100641978775653,0.17632011532480876,0.10372586944240016,177,energy/oil_gas,63,ols_rank_normal,ham
gross_profitability,-0.040141858427781826,-1.7000353315596988,-0.008134929397423806,0.17415272992137207,0.1012004060221429,177,energy/oil_gas,63,ols_winsorized_raw,tema_arındırılmış
gross_profitability,-0.04014185842778183,-1.7000353315596992,-0.008134929397423808,0.17415272992137207,0.1012004060221429,177,energy/oil_gas,63,ols_winsorized_raw,ham
gross_profitability,-0.006223847554977255,-1.508509783722827,-0.006223847554977255,0.20362500549652227,0.13425571127932678,177,energy/oil_gas,63,wls_sqrt_mcap,tema_arındırılmış
gross_profitability,-0.006223847554977255,-1.508509783722827,-0.006223847554977255,0.2036250054965223,0.1342557112793268,177,energy/oil_gas,63,wls_sqrt_mcap,ham
gross_profitability,-0.010849150016626046,-1.2363047526073527,-0.010849150016626046,0.17346628828573263,0.09982355369502753,174,energy/oil_gas,126,ols_rank_normal,tema_arındırılmış
gross_profitability,-0.010849150016626043,-1.2363047526073525,-0.010849150016626043,0.17346628828573263,0.09982355369502753,174,energy/oil_gas,126,ols_rank_normal,ham
gross_profitability,-0.09303271360277772,-2.0592274197097145,-0.01893131670618432,0.17205615128221557,0.09808567012867173,174,energy/oil_gas,126,ols_winsorized_raw,tema_arındırılmış
gross_profitability,-0.09303271360277768,-2.059227419709713,-0.018931316706184313,0.17205615128221557,0.09808567012867174,174,energy/oil_gas,126,ols_winsorized_raw,ham
gross_profitability,-0.01440297070134288,-1.7290656547259724,-0.01440297070134288,0.19860043654659235,0.1276273050838826,174,energy/oil_gas,126,wls_sqrt_mcap,tema_arındırılmış
gross_profitability,-0.014402970701342867,-1.7290656547259704,-0.014402970701342867,0.19860043654659237,0.12762730508388262,174,energy/oil_gas,126,wls_sqrt_mcap,ham
idio_vol_60d,-0.0015988182511400776,-0.5935475294663918,-0.0015988182511400776,0.15239815966579068,0.1222074958978149,182,energy/oil_gas,21,ols_rank_normal,tema_arındırılmış
idio_vol_60d,-0.001598818251140077,-0.5935475294663917,-0.001598818251140077,0.1523981596657907,0.12220749589781492,182,energy/oil_gas,21,ols_rank_normal,ham
idio_vol_60d,-0.0031575426085353664,-0.2121255402929447,-0.0008662401387887056,0.15501065236445027,0.12490629943235848,182,energy/oil_gas,21,ols_winsorized_raw,tema_arındırılmış
idio_vol_60d,-0.0031575426085353716,-0.21212554029294506,-0.0008662401387887071,0.1550106523644503,0.12490629943235852,182,energy/oil_gas,21,ols_winsorized_raw,ham
idio_vol_60d,-0.00036284813921803454,-0.15446365144119437,-0.00036284813921803454,0.17402651023814777,0.1447159275188906,182,energy/oil_gas,21,wls_sqrt_mcap,tema_arındırılmış
idio_vol_60d,-0.00036284813921803774,-0.15446365144119575,-0.00036284813921803774,0.17402651023814777,0.1447159275188906,182,energy/oil_gas,21,wls_sqrt_mcap,ham
idio_vol_60d,-0.004383263539997593,-0.654474306281655,-0.004383263539997593,0.1428524474454146,0.11219780885924822,180,energy/oil_gas,63,ols_rank_normal,tema_arındırılmış
idio_vol_60d,-0.004383263539997591,-0.6544743062816548,-0.004383263539997591,0.1428524474454146,0.11219780885924822,180,energy/oil_gas,63,ols_rank_normal,ham
idio_vol_60d,-0.0004822022580445593,-0.013113164603348196,-0.00013279050672237536,0.14727374500935234,0.11681753395542574,180,energy/oil_gas,63,ols_winsorized_raw,tema_arındırılmış
idio_vol_60d,-0.000482202258044579,-0.013113164603348732,-0.00013279050672238078,0.14727374500935234,0.11681753395542577,180,energy/oil_gas,63,ols_winsorized_raw,ham
idio_vol_60d,-0.0015155975201220806,-0.26318396732046917,-0.0015155975201220806,0.1717023971166906,0.14219008830912439,180,energy/oil_gas,63,wls_sqrt_mcap,tema_arındırılmış
idio_vol_60d,-0.0015155975201220843,-0.2631839673204698,-0.0015155975201220843,0.17170239711669058,0.14219008830912436,180,energy/oil_gas,63,wls_sqrt_mcap,ham
idio_vol_60d,-0.004247307349480489,-0.35114786611606147,-0.004247307349480489,0.14531877982293545,0.11461759079178907,177,energy/oil_gas,126,ols_rank_normal,tema_arındırılmış
idio_vol_60d,-0.004247307349480488,-0.35114786611606136,-0.004247307349480488,0.1453187798229355,0.11461759079178908,177,energy/oil_gas,126,ols_rank_normal,ham
idio_vol_60d,0.04549387267639841,0.6133825973581467,0.012599364705890303,0.15219545936464288,0.12179121549631183,177,energy/oil_gas,126,ols_winsorized_raw,tema_arındırılmış
idio_vol_60d,0.04549387267639841,0.6133825973581467,0.012599364705890303,0.15219545936464288,0.12179121549631183,177,energy/oil_gas,126,ols_winsorized_raw,ham
idio_vol_60d,-0.001989266425327732,-0.17361836168647754,-0.001989266425327732,0.17990993488949242,0.1505985410606139,177,energy/oil_gas,126,wls_sqrt_mcap,tema_arındırılmış
idio_vol_60d,-0.0019892664253277482,-0.17361836168647887,-0.0019892664253277482,0.1799099348894924,0.1505985410606139,177,energy/oil_gas,126,wls_sqrt_mcap,ham
max_ret_21d,-3.8801024148772436e-05,-0.02175152708308771,-3.8801024148772436e-05,0.1435366984727794,0.11301782706041542,182,energy/oil_gas,21,ols_rank_normal,tema_arındırılmış
max_ret_21d,-3.880102414877228e-05,-0.021751527083087623,-3.880102414877228e-05,0.1435366984727794,0.11301782706041541,182,energy/oil_gas,21,ols_rank_normal,ham
max_ret_21d,0.025561835903465533,0.4791171800281562,0.0008376881347197565,0.1431072400682632,0.11257565932130217,182,energy/oil_gas,21,ols_winsorized_raw,tema_arındırılmış
max_ret_21d,0.025561835903465523,0.479117180028156,0.0008376881347197561,0.1431072400682632,0.11257565932130222,182,energy/oil_gas,21,ols_winsorized_raw,ham
max_ret_21d,0.000598259114774552,0.38051434107786447,0.000598259114774552,0.16367350045844647,0.1339743682118928,182,energy/oil_gas,21,wls_sqrt_mcap,tema_arındırılmış
max_ret_21d,0.0005982591147745519,0.3805143410778644,0.0005982591147745519,0.16367350045844647,0.1339743682118928,182,energy/oil_gas,21,wls_sqrt_mcap,ham
max_ret_21d,-0.00028291617482447534,-0.08105602771984843,-0.00028291617482447534,0.1332160962563789,0.10219753270113349,180,energy/oil_gas,63,ols_rank_normal,tema_arındırılmış
max_ret_21d,-0.00028291617482447345,-0.0810560277198479,-0.00028291617482447345,0.13321609625637892,0.10219753270113349,180,energy/oil_gas,63,ols_rank_normal,ham
max_ret_21d,0.012166551772715372,0.12570205549891456,0.00039781402495761873,0.13349579682215992,0.10248351937323033,180,energy/oil_gas,63,ols_winsorized_raw,tema_arındırılmış
max_ret_21d,0.012166551772715372,0.12570205549891458,0.00039781402495761873,0.1334957968221599,0.10248351937323032,180,energy/oil_gas,63,ols_winsorized_raw,ham
max_ret_21d,0.001336944674948447,0.40581085834260083,0.001336944674948447,0.15858573477176793,0.12862057777593547,180,energy/oil_gas,63,wls_sqrt_mcap,tema_arındırılmış
max_ret_21d,0.0013369446749484431,0.4058108583425995,0.0013369446749484431,0.15858573477176793,0.12862057777593547,180,energy/oil_gas,63,wls_sqrt_mcap,ham
max_ret_21d,-0.003373661728391414,-0.5685385540892284,-0.003373661728391414,0.13208704757515663,0.10089723466213148,177,energy/oil_gas,126,ols_rank_normal,tema_arındırılmış
max_ret_21d,-0.0033736617283914197,-0.5685385540892292,-0.0033736617283914197,0.13208704757515663,0.10089723466213148,177,energy/oil_gas,126,ols_rank_normal,ham
max_ret_21d,0.011895187449243515,0.06785007115836754,0.00039018233810661626,0.13147744027537023,0.10026333594364914,177,energy/oil_gas,126,ols_winsorized_raw,tema_arındırılmış
max_ret_21d,0.011895187449243465,0.06785007115836725,0.00039018233810661463,0.13147744027537023,0.10026333594364914,177,energy/oil_gas,126,ols_winsorized_raw,ham
max_ret_21d,-0.0028673478197515944,-0.4535826324183594,-0.0028673478197515944,0.1648283687711041,0.13498216836176485,177,energy/oil_gas,126,wls_sqrt_mcap,tema_arındırılmış
max_ret_21d,-0.0028673478197515936,-0.45358263241835917,-0.0028673478197515936,0.1648283687711041,0.13498216836176483,177,energy/oil_gas,126,wls_sqrt_mcap,ham
mom_12_1,0.0010412479648074114,0.4570149500172384,0.0010412479648074114,0.16153557132938026,0.13167243294559988,182,energy/oil_gas,21,ols_rank_normal,tema_arındırılmış
mom_12_1,0.001041247964807412,0.45701495001723874,0.001041247964807412,0.16153557132938026,0.13167243294559988,182,energy/oil_gas,21,ols_rank_normal,ham
mom_12_1,0.0013484180448937325,0.16527594825247913,0.0010680357929839953,0.16178140639332458,0.13195385624552491,182,energy/oil_gas,21,ols_winsorized_raw,tema_arındırılmış
mom_12_1,0.0013484180448937284,0.16527594825247865,0.001068035792983992,0.16178140639332456,0.13195385624552491,182,energy/oil_gas,21,ols_winsorized_raw,ham
mom_12_1,0.0004130464082297192,0.1895073734589172,0.0004130464082297192,0.1851640454191583,0.15622454711304484,182,energy/oil_gas,21,wls_sqrt_mcap,tema_arındırılmış
mom_12_1,0.00041304640822972555,0.1895073734589201,0.00041304640822972555,0.18516404541915832,0.15622454711304487,182,energy/oil_gas,21,wls_sqrt_mcap,ham
mom_12_1,0.0022306786749263134,0.44191259850537296,0.0022306786749263134,0.15348994044001282,0.12319257525144096,180,energy/oil_gas,63,ols_rank_normal,tema_arındırılmış
mom_12_1,0.002230678674926313,0.44191259850537284,0.002230678674926313,0.1534899404400128,0.12319257525144099,180,energy/oil_gas,63,ols_rank_normal,ham
mom_12_1,0.003954080245774305,0.22358115245293278,0.0031427995196723828,0.15366779564179986,0.12340280233857476,180,energy/oil_gas,63,ols_winsorized_raw,tema_arındırılmış
mom_12_1,0.003954080245774302,0.22358115245293264,0.0031427995196723806,0.15366779564179986,0.12340280233857479,180,energy/oil_gas,63,ols_winsorized_raw,ham
mom_12_1,0.0011759237119688428,0.24523352819752603,0.0011759237119688428,0.17837804808846974,0.14904300717160887,180,energy/oil_gas,63,wls_sqrt_mcap,tema_arındırılmış
mom_12_1,0.0011759237119688527,0.24523352819752817,0.0011759237119688527,0.17837804808846974,0.14904300717160887,180,energy/oil_gas,63,wls_sqrt_mcap,ham
mom_12_1,0.00010862001716874346,0.012354452942167226,0.00010862001716874346,0.14898668898099618,0.11836492172686465,177,energy/oil_gas,126,ols_rank_normal,tema_arındırılmış
mom_12_1,0.00010862001716873986,0.012354452942166817,0.00010862001716873986,0.14898668898099618,0.11836492172686465,177,energy/oil_gas,126,ols_rank_normal,ham
mom_12_1,-0.00010301638080682207,-0.0037966530397811646,-8.211298743405251e-05,0.14880315503087516,0.11819416568739087,177,energy/oil_gas,126,ols_winsorized_raw,tema_arındırılmış
mom_12_1,-0.00010301638080682207,-0.0037966530397811646,-8.211298743405251e-05,0.14880315503087513,0.11819416568739087,177,energy/oil_gas,126,ols_winsorized_raw,ham
mom_12_1,-0.0032925876357501847,-0.3811253542349735,-0.0032925876357501847,0.17579541018543196,0.146269202970509,177,energy/oil_gas,126,wls_sqrt_mcap,tema_arındırılmış
mom_12_1,-0.0032925876357501704,-0.38112535423497185,-0.0032925876357501704,0.175795410185432,0.14626920297050902,177,energy/oil_gas,126,wls_sqrt_mcap,ham
net_debt_ebitda,-0.0004876247987220273,-0.3257860953876364,-0.0004876247987220273,0.15990561767783165,0.11532409879986537,182,energy/oil_gas,21,ols_rank_normal,tema_arındırılmış
net_debt_ebitda,-0.00048762479872202686,-0.3257860953876361,-0.00048762479872202686,0.15990561767783168,0.11532409879986537,182,energy/oil_gas,21,ols_rank_normal,ham
net_debt_ebitda,4.081430008814885e-05,0.10981481904214886,0.0001775877954462441,0.15663055490017347,0.11201274483743968,182,energy/oil_gas,21,ols_winsorized_raw,tema_arındırılmış
net_debt_ebitda,4.081430008814796e-05,0.10981481904214643,0.00017758779544624025,0.15663055490017347,0.11201274483743968,182,energy/oil_gas,21,ols_winsorized_raw,ham
net_debt_ebitda,-0.0009286250806711362,-0.6070594117866861,-0.0009286250806711362,0.18256197370600358,0.13921191180787648,182,energy/oil_gas,21,wls_sqrt_mcap,tema_arındırılmış
net_debt_ebitda,-0.0009286250806711336,-0.6070594117866842,-0.0009286250806711336,0.1825619737060036,0.1392119118078765,182,energy/oil_gas,21,wls_sqrt_mcap,ham
net_debt_ebitda,-0.0025047742944783536,-0.6413799008406637,-0.0025047742944783536,0.15760000407231484,0.1126033503199045,180,energy/oil_gas,63,ols_rank_normal,tema_arındırılmış
net_debt_ebitda,-0.0025047742944783557,-0.6413799008406642,-0.0025047742944783557,0.15760000407231484,0.1126033503199045,180,energy/oil_gas,63,ols_rank_normal,ham
net_debt_ebitda,1.2567190099149287e-05,0.012061969181350383,5.486853764618675e-05,0.1518517424813906,0.10662180711811738,180,energy/oil_gas,63,ols_winsorized_raw,tema_arındırılmış
net_debt_ebitda,1.2567190099146897e-05,0.01206196918134809,5.4868537646176315e-05,0.1518517424813906,0.10662180711811736,180,energy/oil_gas,63,ols_winsorized_raw,ham
net_debt_ebitda,-0.0038517319708506674,-0.9663452444976206,-0.0038517319708506674,0.18817289603877005,0.14483514385183907,180,energy/oil_gas,63,wls_sqrt_mcap,tema_arındırılmış
net_debt_ebitda,-0.0038517319708506657,-0.9663452444976204,-0.0038517319708506657,0.18817289603877005,0.1448351438518391,180,energy/oil_gas,63,wls_sqrt_mcap,ham
net_debt_ebitda,-0.007011378387296101,-1.1912960329602498,-0.007011378387296101,0.15324240783676518,0.107704527084583,177,energy/oil_gas,126,ols_rank_normal,tema_arındırılmış
net_debt_ebitda,-0.007011378387296104,-1.1912960329602504,-0.007011378387296104,0.15324240783676518,0.107704527084583,177,energy/oil_gas,126,ols_rank_normal,ham
net_debt_ebitda,-0.0006756156159918111,-0.4166301875768162,-0.002971259255455286,0.146871283099375,0.10098261830225091,177,energy/oil_gas,126,ols_winsorized_raw,tema_arındırılmış
net_debt_ebitda,-0.0006756156159918145,-0.41663018757681813,-0.0029712592554553005,0.146871283099375,0.1009826183022509,177,energy/oil_gas,126,ols_winsorized_raw,ham
net_debt_ebitda,-0.009345758381377215,-1.4384718193632173,-0.009345758381377215,0.18582729045498375,0.14210754902870193,177,energy/oil_gas,126,wls_sqrt_mcap,tema_arındırılmış
net_debt_ebitda,-0.009345758381377219,-1.4384718193632182,-0.009345758381377219,0.18582729045498375,0.14210754902870193,177,energy/oil_gas,126,wls_sqrt_mcap,ham
ocf_ev,0.0006456114457935808,0.42670110582589615,0.0006456114457935808,0.1543419739296153,0.12162632721230765,182,energy/oil_gas,21,ols_rank_normal,tema_arındırılmış
ocf_ev,0.0006456114457935801,0.42670110582589565,0.0006456114457935801,0.1543419739296153,0.12162632721230765,182,energy/oil_gas,21,ols_rank_normal,ham
ocf_ev,0.010772116625374119,0.6101461826461951,0.0008938833636942022,0.15356039057283205,0.12088777683926998,182,energy/oil_gas,21,ols_winsorized_raw,tema_arındırılmış
ocf_ev,0.010772116625374105,0.6101461826461945,0.0008938833636942011,0.15356039057283205,0.12088777683926998,182,energy/oil_gas,21,ols_winsorized_raw,ham
ocf_ev,0.0012303969308294794,0.7835820539723165,0.0012303969308294794,0.18128470896761043,0.1497672208578405,182,energy/oil_gas,21,wls_sqrt_mcap,tema_arındırılmış
ocf_ev,0.0012303969308294837,0.783582053972319,0.0012303969308294837,0.18128470896761043,0.1497672208578405,182,energy/oil_gas,21,wls_sqrt_mcap,ham
ocf_ev,-0.00035256438719172555,-0.09543772567895684,-0.00035256438719172555,0.14608644592959547,0.11278787833088705,180,energy/oil_gas,63,ols_rank_normal,tema_arındırılmış
ocf_ev,-0.00035256438719172696,-0.09543772567895721,-0.00035256438719172696,0.14608644592959547,0.11278787833088705,180,energy/oil_gas,63,ols_rank_normal,ham
ocf_ev,0.0076470922230897345,0.1664690735734041,0.0006349716107535496,0.14465473935418596,0.11132272779854652,180,energy/oil_gas,63,ols_winsorized_raw,tema_arındırılmış
ocf_ev,0.007647092223089723,0.16646907357340382,0.0006349716107535488,0.14465473935418593,0.11132272779854653,180,energy/oil_gas,63,ols_winsorized_raw,ham
ocf_ev,0.0007593677747983902,0.1905821067343399,0.0007593677747983902,0.1805601839545416,0.14882910023003898,180,energy/oil_gas,63,wls_sqrt_mcap,tema_arındırılmış
ocf_ev,0.0007593677747983924,0.19058210673434045,0.0007593677747983924,0.1805601839545416,0.14882910023003895,180,energy/oil_gas,63,wls_sqrt_mcap,ham
ocf_ev,-0.0014703678241249655,-0.21458866259537535,-0.0014703678241249655,0.13997673463752372,0.10630531755608306,177,energy/oil_gas,126,ols_rank_normal,tema_arındırılmış
ocf_ev,-0.001470367824124965,-0.21458866259537523,-0.001470367824124965,0.13997673463752372,0.10630531755608305,177,energy/oil_gas,126,ols_rank_normal,ham
ocf_ev,-0.004945155975000075,-0.05325693762754739,-0.0004106459112052876,0.14090419623005238,0.10728314921965847,177,energy/oil_gas,126,ols_winsorized_raw,tema_arındırılmış
ocf_ev,-0.004945155975000066,-0.053256937627547296,-0.0004106459112052868,0.1409041962300524,0.10728314921965851,177,energy/oil_gas,126,ols_winsorized_raw,ham
ocf_ev,0.0003989918509687736,0.053764819415450735,0.0003989918509687736,0.17746824298209937,0.14560056804411056,177,energy/oil_gas,126,wls_sqrt_mcap,tema_arındırılmış
ocf_ev,0.0003989918509687755,0.053764819415451,0.0003989918509687755,0.17746824298209937,0.14560056804411056,177,energy/oil_gas,126,wls_sqrt_mcap,ham
oil_beta_trend,-0.00026967763506481656,-0.11058881400620225,-0.00026967763506481656,0.1587792444374349,0.12805323501543575,182,energy/oil_gas,21,ols_rank_normal,tema_arındırılmış
oil_beta_trend,-0.0002696776350648169,-0.11058881400620237,-0.0002696776350648169,0.1587792444374349,0.12805323501543578,182,energy/oil_gas,21,ols_rank_normal,ham
oil_beta_trend,0.0017114203810804842,0.1935009036307857,0.0006462388311739244,0.15740145542717957,0.12663855629918389,182,energy/oil_gas,21,ols_winsorized_raw,tema_arındırılmış
oil_beta_trend,0.0017114203810804744,0.19350090363078462,0.0006462388311739207,0.15740145542717954,0.12663855629918389,182,energy/oil_gas,21,ols_winsorized_raw,ham
oil_beta_trend,0.0008455607093275321,0.38043874958666546,0.0008455607093275321,0.18287039177053188,0.15313233101542392,182,energy/oil_gas,21,wls_sqrt_mcap,tema_arındırılmış
oil_beta_trend,0.0008455607093275308,0.38043874958666496,0.0008455607093275308,0.18287039177053188,0.1531323310154239,182,energy/oil_gas,21,wls_sqrt_mcap,ham
oil_beta_trend,-0.0032456995284911427,-0.5890296088822445,-0.0032456995284911427,0.1583314229461529,0.12740010910026023,180,energy/oil_gas,63,ols_rank_normal,tema_arındırılmış
oil_beta_trend,-0.003245699528491145,-0.589029608882245,-0.003245699528491145,0.15833142294615288,0.12740010910026023,180,energy/oil_gas,63,ols_rank_normal,ham
oil_beta_trend,-0.003406786840823387,-0.1599829036012597,-0.0012923504056164517,0.15852128042071154,0.12761024575286126,180,energy/oil_gas,63,ols_winsorized_raw,tema_arındırılmış
oil_beta_trend,-0.003406786840823412,-0.15998290360126088,-0.0012923504056164613,0.15852128042071154,0.12761024575286126,180,energy/oil_gas,63,ols_winsorized_raw,ham
oil_beta_trend,-0.001821292019642604,-0.34911326923843033,-0.001821292019642604,0.18481855878512626,0.15497864664444513,180,energy/oil_gas,63,wls_sqrt_mcap,tema_arındırılmış
oil_beta_trend,-0.0018212920196426024,-0.3491132692384301,-0.0018212920196426024,0.1848185587851263,0.15497864664444513,180,energy/oil_gas,63,wls_sqrt_mcap,ham
oil_beta_trend,-0.002281031934759102,-0.23224488033513607,-0.002281031934759102,0.1604164590629491,0.12945368451527112,177,energy/oil_gas,126,ols_rank_normal,tema_arındırılmış
oil_beta_trend,-0.002281031934759101,-0.232244880335136,-0.002281031934759101,0.16041645906294913,0.12945368451527114,177,energy/oil_gas,126,ols_rank_normal,ham
oil_beta_trend,0.007878342374550582,0.21483179583488377,0.003008174148666135,0.15820258623214078,0.12716965669587357,177,energy/oil_gas,126,ols_winsorized_raw,tema_arındırılmış
oil_beta_trend,0.007878342374550555,0.21483179583488307,0.003008174148666125,0.15820258623214078,0.12716965669587357,177,energy/oil_gas,126,ols_winsorized_raw,ham
oil_beta_trend,-0.0018147981588801862,-0.18850419051613532,-0.0018147981588801862,0.19150057422316813,0.16184758985580858,177,energy/oil_gas,126,wls_sqrt_mcap,tema_arındırılmış
oil_beta_trend,-0.00181479815888019,-0.18850419051613573,-0.00181479815888019,0.19150057422316813,0.16184758985580858,177,energy/oil_gas,126,wls_sqrt_mcap,ham
share_issuance,0.0012112572143060218,0.9721307440436768,0.0012112572143060218,0.1448765103875235,0.11091250380499161,182,energy/oil_gas,21,ols_rank_normal,tema_arındırılmış
share_issuance,0.0012112572143060207,0.9721307440436759,0.0012112572143060207,0.1448765103875235,0.11091250380499164,182,energy/oil_gas,21,ols_rank_normal,ham
share_issuance,0.0003305516481300522,0.04681763202082658,6.0652164792600635e-05,0.14191291592330216,0.10784655165526738,182,energy/oil_gas,21,ols_winsorized_raw,tema_arındırılmış
share_issuance,0.0003305516481300416,0.04681763202082509,6.06521647925987e-05,0.14191291592330216,0.10784655165526738,182,energy/oil_gas,21,ols_winsorized_raw,ham
share_issuance,0.0010735448156287308,0.9222678777869596,0.0010735448156287308,0.1707407221606686,0.13794060797670565,182,energy/oil_gas,21,wls_sqrt_mcap,tema_arındırılmış
share_issuance,0.0010735448156287313,0.9222678777869603,0.0010735448156287313,0.17074072216066863,0.13794060797670565,182,energy/oil_gas,21,wls_sqrt_mcap,ham
share_issuance,0.0033679394363962476,1.0992142659577442,0.0033679394363962476,0.13577860352233742,0.10113266621817427,180,energy/oil_gas,63,ols_rank_normal,tema_arındırılmış
share_issuance,0.0033679394363962463,1.0992142659577442,0.0033679394363962463,0.13577860352233742,0.10113266621817427,180,energy/oil_gas,63,ols_rank_normal,ham
share_issuance,0.002810344476503238,0.1670060956934733,0.0005164252494489308,0.13363632363316133,0.09895303693063959,180,energy/oil_gas,63,ols_winsorized_raw,tema_arındırılmış
share_issuance,0.0028103444765032472,0.16700609569347388,0.0005164252494489326,0.1336363236331613,0.09895303693063957,180,energy/oil_gas,63,ols_winsorized_raw,ham
share_issuance,0.0027788418891182463,0.9541977242353914,0.0027788418891182463,0.16600965376478805,0.13278023549400012,180,energy/oil_gas,63,wls_sqrt_mcap,tema_arındırılmış
share_issuance,0.0027788418891182506,0.9541977242353933,0.0027788418891182506,0.16600965376478805,0.13278023549400014,180,energy/oil_gas,63,wls_sqrt_mcap,ham
share_issuance,0.0070898777868600845,1.233551933438174,0.0070898777868600845,0.13733074014880844,0.1026462011664527,177,energy/oil_gas,126,ols_rank_normal,tema_arındırılmış
share_issuance,0.0070898777868600845,1.2335519334381737,0.0070898777868600845,0.13733074014880844,0.1026462011664527,177,energy/oil_gas,126,ols_rank_normal,ham
share_issuance,0.01703952363115928,0.530461721684737,0.003143211887310911,0.13317097356631016,0.09838024803849067,177,energy/oil_gas,126,ols_winsorized_raw,tema_arındırılmış
share_issuance,0.017039523631159282,0.5304617216847374,0.0031432118873109117,0.13317097356631016,0.09838024803849066,177,energy/oil_gas,126,ols_winsorized_raw,ham
share_issuance,0.0047661033422936065,0.7764512623946819,0.0047661033422936065,0.17070308100927778,0.13765478912702875,177,energy/oil_gas,126,wls_sqrt_mcap,tema_arındırılmış
share_issuance,0.004766103342293612,0.7764512623946831,0.004766103342293612,0.17070308100927778,0.13765478912702875,177,energy/oil_gas,126,wls_sqrt_mcap,ham
sue_announce,0.0010252048896465982,0.8110985218122101,0.0010252048896465982,0.18292025789677466,0.12292300643525059,182,energy/oil_gas,21,ols_rank_normal,tema_arındırılmış
sue_announce,0.0010252048896465975,0.8110985218122096,0.0010252048896465975,0.18292025789677469,0.12292300643525061,182,energy/oil_gas,21,ols_rank_normal,ham
sue_announce,0.0007467227322652723,0.6316468714876031,0.000869200977312805,0.1897218753420926,0.13029908679382388,182,energy/oil_gas,21,ols_winsorized_raw,tema_arındırılmış
sue_announce,0.0007467227322652725,0.6316468714876033,0.0008692009773128052,0.18972187534209267,0.13029908679382388,182,energy/oil_gas,21,ols_winsorized_raw,ham
sue_announce,0.001011472265742958,0.9328938784368168,0.001011472265742958,0.1831620171772471,0.1230708600517949,182,energy/oil_gas,21,wls_sqrt_mcap,tema_arındırılmış
sue_announce,0.0010114722657429622,0.9328938784368208,0.0010114722657429622,0.18316201717724703,0.1230708600517949,182,energy/oil_gas,21,wls_sqrt_mcap,ham
sue_announce,0.0012799580002782157,0.4181520103375299,0.0012799580002782157,0.16447454770071285,0.1028617122012074,180,energy/oil_gas,63,ols_rank_normal,tema_arındırılmış
sue_announce,0.0012799580002782166,0.4181520103375302,0.0012799580002782166,0.16447454770071288,0.10286171220120743,180,energy/oil_gas,63,ols_rank_normal,ham
sue_announce,0.0017644883474029292,0.6368336716714076,0.002051458829141531,0.16936623327020223,0.10816876740288349,180,energy/oil_gas,63,ols_winsorized_raw,tema_arındırılmış
sue_announce,0.0017644883474029276,0.6368336716714071,0.0020514588291415292,0.16936623327020223,0.1081687674028835,180,energy/oil_gas,63,ols_winsorized_raw,ham
sue_announce,0.00156721386946742,0.5949242732007907,0.00156721386946742,0.16970650296104983,0.10841928396875097,180,energy/oil_gas,63,wls_sqrt_mcap,tema_arındırılmış
sue_announce,0.0015672138694674243,0.5949242732007922,0.0015672138694674243,0.16970650296104983,0.10841928396875093,180,energy/oil_gas,63,wls_sqrt_mcap,ham
sue_announce,-3.409073975558816e-05,-0.006868635522133088,-3.409073975558816e-05,0.1560373052405862,0.09339029147525175,177,energy/oil_gas,126,ols_rank_normal,tema_arındırılmış
sue_announce,-3.409073975558867e-05,-0.0068686355221331905,-3.409073975558867e-05,0.15603730524058618,0.09339029147525171,177,energy/oil_gas,126,ols_rank_normal,ham
sue_announce,0.0009016250388751069,0.21356345484417713,0.0010474947214029378,0.1585621236615901,0.09613164598363651,177,energy/oil_gas,126,ols_winsorized_raw,tema_arındırılmış
sue_announce,0.0009016250388751005,0.2135634548441756,0.0010474947214029302,0.15856212366159012,0.09613164598363651,177,energy/oil_gas,126,ols_winsorized_raw,ham
sue_announce,0.0002748633880400849,0.06937184574439514,0.0002748633880400849,0.1653829448935645,0.10343130056898944,177,energy/oil_gas,126,wls_sqrt_mcap,tema_arındırılmış
sue_announce,0.00027486338804008853,0.06937184574439609,0.00027486338804008853,0.16538294489356453,0.10343130056898944,177,energy/oil_gas,126,wls_sqrt_mcap,ham
asset_growth,0.01160753373341393,2.168911549352998,0.01160753373341393,0.8235096344705529,0.31358331696483543,17,energy/oil_gas,21,ols_rank_normal_all,tema_arındırılmış
capex_at,0.0017165379350935063,0.20197956184572466,0.0017165379350935063,0.8235096344705529,0.31358331696483543,17,energy/oil_gas,21,ols_rank_normal_all,tema_arındırılmış
cash_runway_years,-0.0033010174189885945,-0.17395356610999546,-0.0033010174189885945,0.8235096344705529,0.31358331696483543,17,energy/oil_gas,21,ols_rank_normal_all,tema_arındırılmış
cop_at,-0.005641733740301849,-0.5492704515548485,-0.005641733740301849,0.8235096344705529,0.31358331696483543,17,energy/oil_gas,21,ols_rank_normal_all,tema_arındırılmış
dist_52w_high,-0.013577613742626005,-0.9306154618380621,-0.013577613742626005,0.8235096344705529,0.31358331696483543,17,energy/oil_gas,21,ols_rank_normal_all,tema_arındırılmış
droe,-0.007559770762387854,-0.7883028109409879,-0.007559770762387854,0.8235096344705529,0.31358331696483543,17,energy/oil_gas,21,ols_rank_normal_all,tema_arındırılmış
ear_3d,-0.0033093641777820417,-0.8181216561960692,-0.0033093641777820417,0.8235096344705529,0.31358331696483543,17,energy/oil_gas,21,ols_rank_normal_all,tema_arındırılmış
ebit_ev,0.0014320997131217603,0.23729521774077875,0.0014320997131217603,0.8235096344705529,0.31358331696483543,17,energy/oil_gas,21,ols_rank_normal_all,tema_arındırılmış
gross_profitability,-0.00023680496013422884,-0.03041286650256658,-0.00023680496013422884,0.8235096344705529,0.31358331696483543,17,energy/oil_gas,21,ols_rank_normal_all,tema_arındırılmış
idio_vol_60d,-0.005598361546766671,-0.38629677355913644,-0.005598361546766671,0.8235096344705529,0.31358331696483543,17,energy/oil_gas,21,ols_rank_normal_all,tema_arındırılmış
max_ret_21d,0.016594066611103287,1.6402175164467654,0.016594066611103287,0.8235096344705529,0.31358331696483543,17,energy/oil_gas,21,ols_rank_normal_all,tema_arındırılmış
mom_12_1,0.0047279504216547145,0.3362601622613321,0.0047279504216547145,0.8235096344705529,0.31358331696483543,17,energy/oil_gas,21,ols_rank_normal_all,tema_arındırılmış
net_debt_ebitda,0.016736688559349063,2.0837613164110738,0.016736688559349063,0.8235096344705529,0.31358331696483543,17,energy/oil_gas,21,ols_rank_normal_all,tema_arındırılmış
ocf_ev,0.007551609950435366,0.5079347406328981,0.007551609950435366,0.8235096344705529,0.31358331696483543,17,energy/oil_gas,21,ols_rank_normal_all,tema_arındırılmış
oil_beta_trend,0.0028574841722024263,0.26425305925556214,0.0028574841722024263,0.8235096344705529,0.31358331696483543,17,energy/oil_gas,21,ols_rank_normal_all,tema_arındırılmış
profitable_growth,-0.0020578996164348985,-0.2574635617452703,-0.0020578996164348985,0.8235096344705529,0.31358331696483543,17,energy/oil_gas,21,ols_rank_normal_all,tema_arındırılmış
share_issuance,-0.0050348518267798814,-0.6272966781962795,-0.0050348518267798814,0.8235096344705529,0.31358331696483543,17,energy/oil_gas,21,ols_rank_normal_all,tema_arındırılmış
sue,-0.007622286282128772,-0.7902626682741175,-0.007622286282128772,0.8235096344705529,0.31358331696483543,17,energy/oil_gas,21,ols_rank_normal_all,tema_arındırılmış
sue_announce,0.012124583447797446,1.6926201496473368,0.012124583447797446,0.8235096344705529,0.31358331696483543,17,energy/oil_gas,21,ols_rank_normal_all,tema_arındırılmış
asset_growth,0.016418202375892765,1.159952924323007,0.016418202375892765,0.7965221165456259,0.19789620963091328,17,energy/oil_gas,63,ols_rank_normal_all,tema_arındırılmış
capex_at,0.004922173034808047,0.4163129905403801,0.004922173034808047,0.7965221165456259,0.19789620963091328,17,energy/oil_gas,63,ols_rank_normal_all,tema_arındırılmış
cash_runway_years,0.05781128049195062,1.590952641438868,0.05781128049195062,0.7965221165456259,0.19789620963091328,17,energy/oil_gas,63,ols_rank_normal_all,tema_arındırılmış
cop_at,-0.004364602603755211,-0.17933840570154297,-0.004364602603755211,0.7965221165456259,0.19789620963091328,17,energy/oil_gas,63,ols_rank_normal_all,tema_arındırılmış
dist_52w_high,-0.021727768386637872,-1.769826409498072,-0.021727768386637872,0.7965221165456259,0.19789620963091328,17,energy/oil_gas,63,ols_rank_normal_all,tema_arındırılmış
droe,-0.010370218114128785,-0.7400552788800254,-0.010370218114128785,0.7965221165456259,0.19789620963091328,17,energy/oil_gas,63,ols_rank_normal_all,tema_arındırılmış
ear_3d,-0.014873796844240469,-2.188749640603404,-0.014873796844240469,0.7965221165456259,0.19789620963091328,17,energy/oil_gas,63,ols_rank_normal_all,tema_arındırılmış
ebit_ev,-0.01711915350534323,-1.3927972850293437,-0.01711915350534323,0.7965221165456259,0.19789620963091328,17,energy/oil_gas,63,ols_rank_normal_all,tema_arındırılmış
gross_profitability,-0.0014765742972988743,-0.11037530799420701,-0.0014765742972988743,0.7965221165456259,0.19789620963091328,17,energy/oil_gas,63,ols_rank_normal_all,tema_arındırılmış
idio_vol_60d,0.013822488917587122,0.7980940556875221,0.013822488917587122,0.7965221165456259,0.19789620963091328,17,energy/oil_gas,63,ols_rank_normal_all,tema_arındırılmış
max_ret_21d,0.01474134642559161,0.7773462051598239,0.01474134642559161,0.7965221165456259,0.19789620963091328,17,energy/oil_gas,63,ols_rank_normal_all,tema_arındırılmış
mom_12_1,-0.011169062301312437,-0.2951074506439031,-0.011169062301312437,0.7965221165456259,0.19789620963091328,17,energy/oil_gas,63,ols_rank_normal_all,tema_arındırılmış
net_debt_ebitda,0.02691366276339803,1.703944028173501,0.02691366276339803,0.7965221165456259,0.19789620963091328,17,energy/oil_gas,63,ols_rank_normal_all,tema_arındırılmış
ocf_ev,-0.016931487634808593,-0.5204944343954121,-0.016931487634808593,0.7965221165456259,0.19789620963091328,17,energy/oil_gas,63,ols_rank_normal_all,tema_arındırılmış
oil_beta_trend,-0.007739885383979352,-0.36432552891925624,-0.007739885383979352,0.7965221165456259,0.19789620963091328,17,energy/oil_gas,63,ols_rank_normal_all,tema_arındırılmış
profitable_growth,-0.018617578740066976,-2.6433756036342007,-0.018617578740066976,0.7965221165456259,0.19789620963091328,17,energy/oil_gas,63,ols_rank_normal_all,tema_arındırılmış
share_issuance,0.0020229230275600326,0.20430573361310223,0.0020229230275600326,0.7965221165456259,0.19789620963091328,17,energy/oil_gas,63,ols_rank_normal_all,tema_arındırılmış
sue,-0.012926626613963599,-0.7147588069677807,-0.012926626613963599,0.7965221165456259,0.19789620963091328,17,energy/oil_gas,63,ols_rank_normal_all,tema_arındırılmış
sue_announce,0.02537763451060898,1.9831055408957743,0.02537763451060898,0.7965221165456259,0.19789620963091328,17,energy/oil_gas,63,ols_rank_normal_all,tema_arındırılmış
asset_growth,0.04567419509429546,1.9970034294317893,0.04567419509429546,0.8087797780810623,0.18407294647493433,17,energy/oil_gas,126,ols_rank_normal_all,tema_arındırılmış
capex_at,-0.011552526711052198,-2.2059000918448515,-0.011552526711052198,0.8087797780810623,0.18407294647493433,17,energy/oil_gas,126,ols_rank_normal_all,tema_arındırılmış
cash_runway_years,0.1510627421055302,6.5675299255169035,0.1510627421055302,0.8087797780810623,0.18407294647493433,17,energy/oil_gas,126,ols_rank_normal_all,tema_arındırılmış
cop_at,0.002362530391770663,0.06162205527966882,0.002362530391770663,0.8087797780810623,0.18407294647493433,17,energy/oil_gas,126,ols_rank_normal_all,tema_arındırılmış
dist_52w_high,-0.0169627527811066,-0.671640925928566,-0.0169627527811066,0.8087797780810623,0.18407294647493433,17,energy/oil_gas,126,ols_rank_normal_all,tema_arındırılmış
droe,-0.0009850454364448596,-0.04581843458169014,-0.0009850454364448596,0.8087797780810623,0.18407294647493433,17,energy/oil_gas,126,ols_rank_normal_all,tema_arındırılmış
ear_3d,-0.02114922614694749,-1.395292506266304,-0.02114922614694749,0.8087797780810623,0.18407294647493433,17,energy/oil_gas,126,ols_rank_normal_all,tema_arındırılmış
ebit_ev,-0.05298736308246806,-3.2605353108417883,-0.05298736308246806,0.8087797780810623,0.18407294647493433,17,energy/oil_gas,126,ols_rank_normal_all,tema_arındırılmış
gross_profitability,-0.032952824292974914,-2.1269998523768763,-0.032952824292974914,0.8087797780810623,0.18407294647493433,17,energy/oil_gas,126,ols_rank_normal_all,tema_arındırılmış
idio_vol_60d,0.08587188055718341,3.2374262440048813,0.08587188055718341,0.8087797780810623,0.18407294647493433,17,energy/oil_gas,126,ols_rank_normal_all,tema_arındırılmış
max_ret_21d,-0.004748626139051488,-0.2057036633153154,-0.004748626139051488,0.8087797780810623,0.18407294647493433,17,energy/oil_gas,126,ols_rank_normal_all,tema_arındırılmış
mom_12_1,-0.05846608487063429,-0.6772978545065367,-0.05846608487063429,0.8087797780810623,0.18407294647493433,17,energy/oil_gas,126,ols_rank_normal_all,tema_arındırılmış
net_debt_ebitda,0.014648910927940781,0.4721353023635989,0.014648910927940781,0.8087797780810623,0.18407294647493433,17,energy/oil_gas,126,ols_rank_normal_all,tema_arındırılmış
ocf_ev,-0.02505840028215879,-0.5538131590288328,-0.02505840028215879,0.8087797780810623,0.18407294647493433,17,energy/oil_gas,126,ols_rank_normal_all,tema_arındırılmış
oil_beta_trend,-0.04992464616755371,-1.1103007294833571,-0.04992464616755371,0.8087797780810623,0.18407294647493433,17,energy/oil_gas,126,ols_rank_normal_all,tema_arındırılmış
profitable_growth,-0.018180041369225512,-0.7666147687095407,-0.018180041369225512,0.8087797780810623,0.18407294647493433,17,energy/oil_gas,126,ols_rank_normal_all,tema_arındırılmış
share_issuance,0.05045129677504212,3.011768328549105,0.05045129677504212,0.8087797780810623,0.18407294647493433,17,energy/oil_gas,126,ols_rank_normal_all,tema_arındırılmış
sue,0.010671387665298963,0.2457742248812609,0.010671387665298963,0.8087797780810623,0.18407294647493433,17,energy/oil_gas,126,ols_rank_normal_all,tema_arındırılmış
sue_announce,0.02037865250874648,1.0873576676705405,0.02037865250874648,0.8087797780810623,0.18407294647493433,17,energy/oil_gas,126,ols_rank_normal_all,tema_arındırılmış
asset_growth,-1.9851899428707903e-06,-0.002250397032331093,-1.9851899428707903e-06,0.2650338439837185,0.139014012866771,181,energy/power_utilities,21,ols_rank_normal,tema_arındırılmış
asset_growth,-1.9851899428709055e-06,-0.002250397032331223,-1.9851899428709055e-06,0.2650338439837185,0.139014012866771,181,energy/power_utilities,21,ols_rank_normal,ham
asset_growth,0.030364906179844667,1.9727535105392995,0.0026350446114936656,0.3134460255839491,0.1955024882381543,181,energy/power_utilities,21,ols_winsorized_raw,tema_arındırılmış
asset_growth,0.030364906179844657,1.9727535105392988,0.0026350446114936647,0.3134460255839492,0.1955024882381544,181,energy/power_utilities,21,ols_winsorized_raw,ham
asset_growth,-6.132934314358864e-05,-0.07107326555685403,-6.132934314358864e-05,0.27076444459627325,0.14583490118233033,181,energy/power_utilities,21,wls_sqrt_mcap,tema_arındırılmış
asset_growth,-6.132934314359235e-05,-0.07107326555685832,-6.132934314359235e-05,0.27076444459627325,0.14583490118233033,181,energy/power_utilities,21,wls_sqrt_mcap,ham
asset_growth,0.0003437698202477563,0.1420796937773779,0.0003437698202477563,0.262263646659276,0.13556096048513935,179,energy/power_utilities,63,ols_rank_normal,tema_arındırılmış
asset_growth,0.00034376982024775547,0.14207969377737753,0.00034376982024775547,0.262263646659276,0.13556096048513935,179,energy/power_utilities,63,ols_rank_normal,ham
asset_growth,0.06945581699834959,1.6937949339445888,0.006062183370842095,0.3094180732944555,0.19062960101390725,179,energy/power_utilities,63,ols_winsorized_raw,tema_arındırılmış
asset_growth,0.06945581699834956,1.6937949339445881,0.006062183370842093,0.3094180732944554,0.1906296010139072,179,energy/power_utilities,63,ols_winsorized_raw,ham
asset_growth,0.0004279293015215814,0.17181557863375818,0.0004279293015215814,0.270887218983338,0.14564487084751376,179,energy/power_utilities,63,wls_sqrt_mcap,tema_arındırılmış
asset_growth,0.0004279293015215727,0.17181557863375468,0.0004279293015215727,0.27088721898333806,0.14564487084751376,179,energy/power_utilities,63,wls_sqrt_mcap,ham
asset_growth,-0.00025139753974901327,-0.06407307317807831,-0.00025139753974901327,0.2600202413589092,0.13274376291496462,176,energy/power_utilities,126,ols_rank_normal,tema_arındırılmış
asset_growth,-0.0002513975397490136,-0.0640730731780784,-0.0002513975397490136,0.26002024135890917,0.13274376291496462,176,energy/power_utilities,126,ols_rank_normal,ham
asset_growth,0.07936554966404942,1.1953735889509325,0.006985559926755643,0.3129571925801536,0.1946401182804677,176,energy/power_utilities,126,ols_winsorized_raw,tema_arındırılmış
asset_growth,0.07936554966404943,1.1953735889509325,0.006985559926755644,0.3129571925801536,0.1946401182804677,176,energy/power_utilities,126,ols_winsorized_raw,ham
asset_growth,0.00022783026439875657,0.05396733448386441,0.00022783026439875657,0.2617900177920606,0.13483596155228258,176,energy/power_utilities,126,wls_sqrt_mcap,tema_arındırılmış
asset_growth,0.00022783026439875657,0.05396733448386441,0.00022783026439875657,0.2617900177920606,0.13483596155228258,176,energy/power_utilities,126,wls_sqrt_mcap,ham
capex_at,0.0006791382331376541,0.8272249412110607,0.0006791382331376541,0.26171617064697766,0.11139930228839898,182,energy/power_utilities,21,ols_rank_normal,tema_arındırılmış
capex_at,0.0006791382331376542,0.8272249412110608,0.0006791382331376542,0.26171617064697766,0.11139930228839898,182,energy/power_utilities,21,ols_rank_normal,ham
capex_at,0.046837735361582866,1.101893601676884,0.0010077727352769354,0.30733687735089,0.165882491589495,182,energy/power_utilities,21,ols_winsorized_raw,tema_arındırılmış
capex_at,0.04683773536158293,1.1018936016768857,0.0010077727352769367,0.30733687735089,0.16588249158949503,182,energy/power_utilities,21,ols_winsorized_raw,ham
capex_at,0.0006712126592390735,0.7815308920634179,0.0006712126592390735,0.26908109034653843,0.12056992282325853,182,energy/power_utilities,21,wls_sqrt_mcap,tema_arındırılmış
capex_at,0.0006712126592390744,0.7815308920634189,0.0006712126592390744,0.2690810903465383,0.12056992282325851,182,energy/power_utilities,21,wls_sqrt_mcap,ham
capex_at,0.0020623954997024663,0.9868860365669332,0.0020623954997024663,0.27692964639426504,0.12934587662397204,180,energy/power_utilities,63,ols_rank_normal,tema_arındırılmış
capex_at,0.0020623954997024655,0.9868860365669327,0.0020623954997024655,0.27692964639426504,0.12934587662397204,180,energy/power_utilities,63,ols_rank_normal,ham
capex_at,0.09728932739391424,0.8300906216278144,0.002085533194600471,0.3255755279081779,0.18766599254892743,180,energy/power_utilities,63,ols_winsorized_raw,tema_arındırılmış
capex_at,0.09728932739391428,0.8300906216278146,0.0020855331946004717,0.3255755279081779,0.1876659925489275,180,energy/power_utilities,63,ols_winsorized_raw,ham
capex_at,0.002035558811775116,0.9306558052263044,0.002035558811775116,0.2811779096468602,0.13446366615037497,180,energy/power_utilities,63,wls_sqrt_mcap,tema_arındırılmış
capex_at,0.002035558811775115,0.9306558052263036,0.002035558811775115,0.2811779096468602,0.13446366615037494,180,energy/power_utilities,63,wls_sqrt_mcap,ham
capex_at,0.0018641052019880108,0.4765475860278797,0.0018641052019880108,0.26874038151278423,0.1194529117206476,177,energy/power_utilities,126,ols_rank_normal,tema_arındırılmış
capex_at,0.0018641052019880125,0.47654758602788017,0.0018641052019880125,0.26874038151278423,0.11945291172064759,177,energy/power_utilities,126,ols_rank_normal,ham
capex_at,0.08983462087084891,0.42404643890904903,0.0019154874991869847,0.3203382616652909,0.1813742701079395,177,energy/power_utilities,126,ols_winsorized_raw,tema_arındırılmış
capex_at,0.08983462087084895,0.42404643890904925,0.0019154874991869856,0.3203382616652909,0.1813742701079395,177,energy/power_utilities,126,ols_winsorized_raw,ham
capex_at,0.0027581302505251207,0.6882875542555695,0.0027581302505251207,0.2677086823107931,0.11813955920336504,177,energy/power_utilities,126,wls_sqrt_mcap,tema_arındırılmış
capex_at,0.00275813025052513,0.6882875542555718,0.00275813025052513,0.26770868231079303,0.11813955920336501,177,energy/power_utilities,126,wls_sqrt_mcap,ham
cop_at,-0.0003625224056555638,-0.49695091249176343,-0.0003625224056555638,0.2515506674974682,0.11929912817386912,182,energy/power_utilities,21,ols_rank_normal,tema_arındırılmış
cop_at,-0.0003625224056555636,-0.49695091249176315,-0.0003625224056555636,0.2515506674974682,0.11929912817386912,182,energy/power_utilities,21,ols_rank_normal,ham
cop_at,-0.014898257782310716,-0.2881350895200387,-0.00023634196704978348,0.30619456697108277,0.18325549085716203,182,energy/power_utilities,21,ols_winsorized_raw,tema_arındırılmış
cop_at,-0.01489825778231073,-0.288135089520039,-0.0002363419670497837,0.30619456697108277,0.18325549085716195,182,energy/power_utilities,21,ols_winsorized_raw,ham
cop_at,-0.0007869856050271541,-1.1011971745470925,-0.0007869856050271541,0.25879607643949715,0.12801459357168465,182,energy/power_utilities,21,wls_sqrt_mcap,tema_arındırılmış
cop_at,-0.0007869856050271561,-1.1011971745470945,-0.0007869856050271561,0.25879607643949715,0.12801459357168468,182,energy/power_utilities,21,wls_sqrt_mcap,ham
cop_at,-0.0015171747427067373,-0.8186608918850345,-0.0015171747427067373,0.2579855253907019,0.1266112254591916,180,energy/power_utilities,63,ols_rank_normal,tema_arındırılmış
cop_at,-0.0015171747427067375,-0.8186608918850347,-0.0015171747427067375,0.2579855253907019,0.12661122545919157,180,energy/power_utilities,63,ols_rank_normal,ham
cop_at,-0.025139684417752446,-0.1933062289029036,-0.0003996620174972422,0.31422988959626624,0.1926587857975507,180,energy/power_utilities,63,ols_winsorized_raw,tema_arındırılmış
cop_at,-0.025139684417752405,-0.1933062289029033,-0.00039966201749724157,0.31422988959626624,0.19265878579755066,180,energy/power_utilities,63,ols_winsorized_raw,ham
cop_at,-0.0026320378583461917,-1.3910913289123852,-0.0026320378583461917,0.2664522767825934,0.13663012770320893,180,energy/power_utilities,63,wls_sqrt_mcap,tema_arındırılmış
cop_at,-0.0026320378583462017,-1.3910913289123898,-0.0026320378583462017,0.26645227678259337,0.13663012770320893,180,energy/power_utilities,63,wls_sqrt_mcap,ham
cop_at,-0.003858826383368031,-1.2466149992454543,-0.003858826383368031,0.2514098917826502,0.11846437266631389,177,energy/power_utilities,126,ols_rank_normal,tema_arındırılmış
cop_at,-0.0038588263833680327,-1.2466149992454547,-0.0038588263833680327,0.2514098917826502,0.11846437266631393,177,energy/power_utilities,126,ols_rank_normal,ham
cop_at,-0.0698289234043551,-0.3155538393306391,-0.0011032272807583923,0.3025515526462163,0.17856557448292584,177,energy/power_utilities,126,ols_winsorized_raw,tema_arındırılmış
cop_at,-0.06982892340435508,-0.315553839330639,-0.0011032272807583918,0.3025515526462163,0.17856557448292587,177,energy/power_utilities,126,ols_winsorized_raw,ham
cop_at,-0.005857668042503712,-1.7356241091608982,-0.005857668042503712,0.25064302388856646,0.11765415642649676,177,energy/power_utilities,126,wls_sqrt_mcap,tema_arındırılmış
cop_at,-0.005857668042503728,-1.7356241091609024,-0.005857668042503728,0.2506430238885666,0.11765415642649679,177,energy/power_utilities,126,wls_sqrt_mcap,ham
dist_52w_high,-0.0005648229276624557,-0.5190333743759822,-0.0005648229276624557,0.2757929996956534,0.1521842491716999,182,energy/power_utilities,21,ols_rank_normal,tema_arındırılmış
dist_52w_high,-0.000564822927662455,-0.5190333743759815,-0.000564822927662455,0.2757929996956534,0.1521842491716999,182,energy/power_utilities,21,ols_rank_normal,ham
dist_52w_high,-0.02532531793627795,-0.9957007166660538,-0.0016897886658194406,0.3683287212244646,0.2600506589797556,182,energy/power_utilities,21,ols_winsorized_raw,tema_arındırılmış
dist_52w_high,-0.025325317936277937,-0.9957007166660531,-0.0016897886658194397,0.3683287212244645,0.26005065897975554,182,energy/power_utilities,21,ols_winsorized_raw,ham
dist_52w_high,0.00035848274556411633,0.33560541118018633,0.00035848274556411633,0.2813328869442499,0.1586735640435537,182,energy/power_utilities,21,wls_sqrt_mcap,tema_arındırılmış
dist_52w_high,0.0003584827455641158,0.3356054111801858,0.0003584827455641158,0.2813328869442499,0.15867356404355373,182,energy/power_utilities,21,wls_sqrt_mcap,ham
dist_52w_high,-0.002036735860326791,-0.8934312303043566,-0.002036735860326791,0.2697963989428188,0.14491309638994668,180,energy/power_utilities,63,ols_rank_normal,tema_arındırılmış
dist_52w_high,-0.0020367358603267933,-0.8934312303043576,-0.0020367358603267933,0.2697963989428188,0.14491309638994668,180,energy/power_utilities,63,ols_rank_normal,ham
dist_52w_high,-0.019536898300532797,-0.3861587653715889,-0.0012919917708197556,0.37044852112590987,0.2623791989427563,180,energy/power_utilities,63,ols_winsorized_raw,tema_arındırılmış
dist_52w_high,-0.01953689830053283,-0.3861587653715895,-0.001291991770819758,0.37044852112590987,0.26237919894275624,180,energy/power_utilities,63,ols_winsorized_raw,ham
dist_52w_high,-1.3375251079253876e-05,-0.005586536813725585,-1.3375251079253876e-05,0.2847939040292575,0.16253486465792932,180,energy/power_utilities,63,wls_sqrt_mcap,tema_arındırılmış
dist_52w_high,-1.3375251079260352e-05,-0.005586536813728294,-1.3375251079260352e-05,0.2847939040292575,0.16253486465792932,180,energy/power_utilities,63,wls_sqrt_mcap,ham
dist_52w_high,0.0007729926797607035,0.20473825807629356,0.0007729926797607035,0.25817769552483205,0.13109782142523826,177,energy/power_utilities,126,ols_rank_normal,tema_arındırılmış
dist_52w_high,0.0007729926797607015,0.20473825807629303,0.0007729926797607015,0.25817769552483205,0.13109782142523826,177,energy/power_utilities,126,ols_rank_normal,ham
dist_52w_high,0.039112678297275494,0.3954850026054123,0.002584040157412686,0.3559621254941458,0.24526975611801638,177,energy/power_utilities,126,ols_winsorized_raw,tema_arındırılmış
dist_52w_high,0.03911267829727543,0.39548500260541164,0.002584040157412682,0.3559621254941458,0.24526975611801638,177,energy/power_utilities,126,ols_winsorized_raw,ham
dist_52w_high,0.0036547758037245304,0.8728530175605835,0.0036547758037245304,0.26731438217821335,0.14189963912039674,177,energy/power_utilities,126,wls_sqrt_mcap,tema_arındırılmış
dist_52w_high,0.0036547758037245195,0.8728530175605809,0.0036547758037245195,0.2673143821782133,0.14189963912039671,177,energy/power_utilities,126,wls_sqrt_mcap,ham
ear_3d,-0.0011654525763877537,-1.33992231673618,-0.0011654525763877537,0.26847292887139484,0.12838361252191227,170,energy/power_utilities,21,ols_rank_normal,tema_arındırılmış
ear_3d,-0.0011654525763877526,-1.3399223167361793,-0.0011654525763877526,0.2684729288713948,0.12838361252191224,170,energy/power_utilities,21,ols_rank_normal,ham
ear_3d,-0.048251246891441564,-1.6227295001011526,-0.0017424780396991255,0.33570928523346694,0.2080463314193888,170,energy/power_utilities,21,ols_winsorized_raw,tema_arındırılmış
ear_3d,-0.04825124689144155,-1.6227295001011521,-0.0017424780396991248,0.33570928523346694,0.20804633141938883,170,energy/power_utilities,21,ols_winsorized_raw,ham
ear_3d,-0.0008945544059313589,-1.1571808905410765,-0.0008945544059313589,0.26660076867285837,0.12622199064064335,170,energy/power_utilities,21,wls_sqrt_mcap,tema_arındırılmış
ear_3d,-0.0008945544059313569,-1.157180890541074,-0.0008945544059313569,0.26660076867285837,0.12622199064064335,170,energy/power_utilities,21,wls_sqrt_mcap,ham
ear_3d,-0.0018322205445560704,-0.8951379878672465,-0.0018322205445560704,0.2599365011231854,0.11800782819111995,168,energy/power_utilities,63,ols_rank_normal,tema_arındırılmış
ear_3d,-0.0018322205445560698,-0.895137987867246,-0.0018322205445560698,0.2599365011231853,0.11800782819111995,168,energy/power_utilities,63,ols_rank_normal,ham
ear_3d,-0.053054871893007144,-0.8190735438298519,-0.001904651899473752,0.3252934140087744,0.19556857621370768,168,energy/power_utilities,63,ols_winsorized_raw,tema_arındırılmış
ear_3d,-0.053054871893007144,-0.8190735438298519,-0.001904651899473752,0.3252934140087743,0.19556857621370768,168,energy/power_utilities,63,ols_winsorized_raw,ham
ear_3d,-0.001670158807545381,-0.8455078008190233,-0.001670158807545381,0.26638156669482776,0.1260693810223835,168,energy/power_utilities,63,wls_sqrt_mcap,tema_arındırılmış
ear_3d,-0.0016701588075453808,-0.8455078008190231,-0.0016701588075453808,0.2663815666948278,0.1260693810223835,168,energy/power_utilities,63,wls_sqrt_mcap,ham
ear_3d,0.002350276651009124,0.7828582156062327,0.002350276651009124,0.2662868244631272,0.1255731405046275,165,energy/power_utilities,126,ols_rank_normal,tema_arındırılmış
ear_3d,0.0023502766510091226,0.7828582156062325,0.0023502766510091226,0.2662868244631272,0.12557314050462748,165,energy/power_utilities,126,ols_rank_normal,ham
ear_3d,0.04824391948035027,0.45120435123118363,0.0017114764544543999,0.33222121941194416,0.2038038519051009,165,energy/power_utilities,126,ols_winsorized_raw,tema_arındırılmış
ear_3d,0.0482439194803503,0.4512043512311838,0.001711476454454401,0.33222121941194416,0.2038038519051009,165,energy/power_utilities,126,ols_winsorized_raw,ham
ear_3d,0.002362188256456611,0.7045896010678515,0.002362188256456611,0.2668044654283445,0.12632796459635984,165,energy/power_utilities,126,wls_sqrt_mcap,tema_arındırılmış
ear_3d,0.0023621882564566054,0.7045896010678497,0.0023621882564566054,0.26680446542834446,0.1263279645963598,165,energy/power_utilities,126,wls_sqrt_mcap,ham
ebit_ev,0.0014999967641525676,1.4743288254043259,0.0014999967641525676,0.2686186218512015,0.13310024168103252,182,energy/power_utilities,21,ols_rank_normal,tema_arındırılmış
ebit_ev,0.0014999967641525676,1.4743288254043263,0.0014999967641525676,0.2686186218512014,0.1331002416810325,182,energy/power_utilities,21,ols_rank_normal,ham
ebit_ev,0.11811742508042856,2.307501026510545,0.0076956117218843646,0.3357161855931546,0.21207090599040548,182,energy/power_utilities,21,ols_winsorized_raw,tema_arındırılmış
ebit_ev,0.11811742508042856,2.3075010265105447,0.0076956117218843646,0.33571618559315464,0.21207090599040543,182,energy/power_utilities,21,ols_winsorized_raw,ham
ebit_ev,0.001244343187041427,1.3368769117878618,0.001244343187041427,0.27875923567524596,0.14513510253665018,182,energy/power_utilities,21,wls_sqrt_mcap,tema_arındırılmış
ebit_ev,0.0012443431870414264,1.3368769117878612,0.0012443431870414264,0.27875923567524596,0.14513510253665018,182,energy/power_utilities,21,wls_sqrt_mcap,ham
ebit_ev,0.004401430351916155,1.7676264104815274,0.004401430351916155,0.27685195202274854,0.1426596687608238,180,energy/power_utilities,63,ols_rank_normal,tema_arındırılmış
ebit_ev,0.004401430351916154,1.767626410481527,0.004401430351916154,0.2768519520227485,0.14265966876082378,180,energy/power_utilities,63,ols_rank_normal,ham
ebit_ev,0.3226804596940737,2.4676341149478254,0.021223608906275126,0.33749575165253864,0.21423602737051617,180,energy/power_utilities,63,ols_winsorized_raw,tema_arındırılmış
ebit_ev,0.3226804596940737,2.4676341149478254,0.021223608906275126,0.3374957516525387,0.21423602737051617,180,energy/power_utilities,63,ols_winsorized_raw,ham
ebit_ev,0.004125699569491367,1.5988088799115643,0.004125699569491367,0.28786064497719793,0.15571502789166852,180,energy/power_utilities,63,wls_sqrt_mcap,tema_arındırılmış
ebit_ev,0.004125699569491358,1.5988088799115605,0.004125699569491358,0.28786064497719793,0.15571502789166855,180,energy/power_utilities,63,wls_sqrt_mcap,ham
ebit_ev,0.009113366022632836,2.2375066744412733,0.009113366022632836,0.2779450562105717,0.1434992647882758,177,energy/power_utilities,126,ols_rank_normal,tema_arındırılmış
ebit_ev,0.009113366022632838,2.2375066744412737,0.009113366022632838,0.2779450562105717,0.1434992647882758,177,energy/power_utilities,126,ols_rank_normal,ham
ebit_ev,0.7005278219386682,2.739305451503603,0.04674915882753411,0.3403265575361645,0.21726098701327248,177,energy/power_utilities,126,ols_winsorized_raw,tema_arındırılmış
ebit_ev,0.7005278219386682,2.7393054515036037,0.04674915882753411,0.3403265575361644,0.2172609870132725,177,energy/power_utilities,126,ols_winsorized_raw,ham
ebit_ev,0.008467801137949508,2.049128945067756,0.008467801137949508,0.2833928555433081,0.15011015941941674,177,energy/power_utilities,126,wls_sqrt_mcap,tema_arındırılmış
ebit_ev,0.008467801137949496,2.049128945067753,0.008467801137949496,0.2833928555433081,0.15011015941941674,177,energy/power_utilities,126,wls_sqrt_mcap,ham
idio_vol_60d,-0.0002852463466318671,-0.25382617883095493,-0.0002852463466318671,0.26626953061545944,0.14101911712717102,182,energy/power_utilities,21,ols_rank_normal,tema_arındırılmış
idio_vol_60d,-0.00028524634663186727,-0.2538261788309551,-0.00028524634663186727,0.2662695306154594,0.14101911712717102,182,energy/power_utilities,21,ols_rank_normal,ham
idio_vol_60d,0.009892516963810561,0.33636240424651753,0.0009347815861402867,0.3594234080002481,0.24950084750708706,182,energy/power_utilities,21,ols_winsorized_raw,tema_arındırılmış
idio_vol_60d,0.009892516963810575,0.33636240424651803,0.000934781586140288,0.3594234080002481,0.2495008475070871,182,energy/power_utilities,21,ols_winsorized_raw,ham
idio_vol_60d,0.0001811947342983409,0.16860006297466743,0.0001811947342983409,0.27291020849709535,0.14883857801562358,182,energy/power_utilities,21,wls_sqrt_mcap,tema_arındırılmış
idio_vol_60d,0.00018119473429834264,0.16860006297466903,0.00018119473429834264,0.27291020849709535,0.1488385780156236,182,energy/power_utilities,21,wls_sqrt_mcap,ham
idio_vol_60d,-0.0026743314683451134,-1.0716590305808773,-0.0026743314683451134,0.2674271608729247,0.14213186064773295,180,energy/power_utilities,63,ols_rank_normal,tema_arındırılmış
idio_vol_60d,-0.0026743314683451117,-1.0716590305808766,-0.0026743314683451117,0.2674271608729246,0.1421318606477329,180,energy/power_utilities,63,ols_rank_normal,ham
idio_vol_60d,0.0039280566839126506,0.05439576281240102,0.0003689402052076651,0.362839297753366,0.2534555548143942,180,energy/power_utilities,63,ols_winsorized_raw,tema_arındırılmış
idio_vol_60d,0.003928056683912661,0.05439576281240117,0.0003689402052076661,0.36283929775336604,0.2534555548143942,180,energy/power_utilities,63,ols_winsorized_raw,ham
idio_vol_60d,-0.001267719340203689,-0.5092560449576047,-0.001267719340203689,0.2804376748612251,0.1574180802744878,180,energy/power_utilities,63,wls_sqrt_mcap,tema_arındırılmış
idio_vol_60d,-0.0012677193402036882,-0.5092560449576043,-0.0012677193402036882,0.2804376748612252,0.1574180802744878,180,energy/power_utilities,63,wls_sqrt_mcap,ham
idio_vol_60d,-0.0025563834131197075,-0.6200985335578634,-0.0025563834131197075,0.2636581993327919,0.13756441757806617,177,energy/power_utilities,126,ols_rank_normal,tema_arındırılmış
idio_vol_60d,-0.0025563834131197066,-0.6200985335578632,-0.0025563834131197066,0.26365819933279183,0.13756441757806617,177,energy/power_utilities,126,ols_rank_normal,ham
idio_vol_60d,-0.03796170362865782,-0.33537806268589915,-0.0035209874884976266,0.3487769287894306,0.23686504586770346,177,energy/power_utilities,126,ols_winsorized_raw,tema_arındırılmış
idio_vol_60d,-0.03796170362865782,-0.3353780626858991,-0.0035209874884976266,0.3487769287894306,0.2368650458677035,177,energy/power_utilities,126,ols_winsorized_raw,ham
idio_vol_60d,-0.0013673255371658907,-0.31293386692521236,-0.0013673255371658907,0.2717171034653333,0.14704791824182514,177,energy/power_utilities,126,wls_sqrt_mcap,tema_arındırılmış
idio_vol_60d,-0.001367325537165877,-0.31293386692520936,-0.001367325537165877,0.2717171034653333,0.14704791824182514,177,energy/power_utilities,126,wls_sqrt_mcap,ham
max_ret_21d,0.00077763276596918,0.797697159357608,0.00077763276596918,0.269774179784839,0.14519410689372128,182,energy/power_utilities,21,ols_rank_normal,tema_arındırılmış
max_ret_21d,0.00077763276596918,0.797697159357608,0.00077763276596918,0.269774179784839,0.14519410689372125,182,energy/power_utilities,21,ols_rank_normal,ham
max_ret_21d,0.03570679180466282,0.2581499163561792,0.0006614883930316561,0.35166097617614195,0.24060607351769198,182,energy/power_utilities,21,ols_winsorized_raw,tema_arındırılmış
max_ret_21d,0.0357067918046628,0.2581499163561791,0.0006614883930316557,0.35166097617614195,0.24060607351769195,182,energy/power_utilities,21,ols_winsorized_raw,ham
max_ret_21d,0.0007109252448455746,0.7903519715118941,0.0007109252448455746,0.27373352514760674,0.1498646242820417,182,energy/power_utilities,21,wls_sqrt_mcap,tema_arındırılmış
max_ret_21d,0.0007109252448455705,0.7903519715118905,0.0007109252448455705,0.27373352514760674,0.1498646242820417,182,energy/power_utilities,21,wls_sqrt_mcap,ham
max_ret_21d,-5.701861629185925e-05,-0.02824091312764622,-5.701861629185925e-05,0.2690773549044282,0.14407852236863328,180,energy/power_utilities,63,ols_rank_normal,tema_arındırılmış
max_ret_21d,-5.701861629185956e-05,-0.028240913127646376,-5.701861629185956e-05,0.2690773549044282,0.14407852236863328,180,energy/power_utilities,63,ols_rank_normal,ham
max_ret_21d,0.17482088983128088,0.6339052726940687,0.0032285459770574425,0.3617890833589835,0.2522374958896908,180,energy/power_utilities,63,ols_winsorized_raw,tema_arındırılmış
max_ret_21d,0.174820889831281,0.633905272694069,0.0032285459770574443,0.3617890833589835,0.2522374958896908,180,energy/power_utilities,63,ols_winsorized_raw,ham
max_ret_21d,0.00012505882620031755,0.06449668300426194,0.00012505882620031755,0.27290442746385085,0.1485775913899173,180,energy/power_utilities,63,wls_sqrt_mcap,tema_arındırılmış
max_ret_21d,0.00012505882620031475,0.0644966830042605,0.00012505882620031475,0.2729044274638508,0.14857759138991733,180,energy/power_utilities,63,wls_sqrt_mcap,ham
max_ret_21d,0.0007892294753824602,0.26442238752222497,0.0007892294753824602,0.27031146899683434,0.14529528158460395,177,energy/power_utilities,126,ols_rank_normal,tema_arındırılmış
max_ret_21d,0.0007892294753824602,0.2644223875222249,0.0007892294753824602,0.27031146899683434,0.14529528158460395,177,energy/power_utilities,126,ols_rank_normal,ham
max_ret_21d,0.42678020222689506,1.0442526063825577,0.007783065124367653,0.3605095126145234,0.25065361017517057,177,energy/power_utilities,126,ols_winsorized_raw,tema_arındırılmış
max_ret_21d,0.4267802022268948,1.044252606382557,0.007783065124367648,0.3605095126145234,0.25065361017517057,177,energy/power_utilities,126,ols_winsorized_raw,ham
max_ret_21d,0.0009767624806892262,0.3265208224414363,0.0009767624806892262,0.27142230297445424,0.14662308606187685,177,energy/power_utilities,126,wls_sqrt_mcap,tema_arındırılmış
max_ret_21d,0.0009767624806892247,0.3265208224414357,0.0009767624806892247,0.2714223029744542,0.14662308606187685,177,energy/power_utilities,126,wls_sqrt_mcap,ham
mom_12_1,0.0014398233536445767,1.3476269497729871,0.0014398233536445767,0.287429244794081,0.16582688521399688,182,energy/power_utilities,21,ols_rank_normal,tema_arındırılmış
mom_12_1,0.0014398233536445783,1.3476269497729885,0.0014398233536445783,0.287429244794081,0.16582688521399683,182,energy/power_utilities,21,ols_rank_normal,ham
mom_12_1,0.01515270842497194,1.5335505329987373,0.002160490009778486,0.3520254829714763,0.2410922559613308,182,energy/power_utilities,21,ols_winsorized_raw,tema_arındırılmış
mom_12_1,0.015152708424971935,1.533550532998737,0.002160490009778485,0.3520254829714763,0.2410922559613308,182,energy/power_utilities,21,ols_winsorized_raw,ham
mom_12_1,0.0020057639039934216,1.9350789875389587,0.0020057639039934216,0.2899180236453265,0.16876989963558575,182,energy/power_utilities,21,wls_sqrt_mcap,tema_arındırılmış
mom_12_1,0.002005763903993416,1.9350789875389531,0.002005763903993416,0.28991802364532643,0.16876989963558575,182,energy/power_utilities,21,wls_sqrt_mcap,ham
mom_12_1,0.0037436365457784683,1.4170498384761607,0.0037436365457784683,0.28194415234190556,0.15915040068104574,180,energy/power_utilities,63,ols_rank_normal,tema_arındırılmış
mom_12_1,0.003743636545778468,1.4170498384761605,0.003743636545778468,0.28194415234190545,0.15915040068104572,180,energy/power_utilities,63,ols_rank_normal,ham
mom_12_1,0.0310797541037147,1.2205183013813468,0.0044310098593069525,0.360289233425548,0.2506576817319611,180,energy/power_utilities,63,ols_winsorized_raw,tema_arındırılmış
mom_12_1,0.03107975410371472,1.2205183013813476,0.004431009859306955,0.3602892334255481,0.2506576817319611,180,energy/power_utilities,63,ols_winsorized_raw,ham
mom_12_1,0.00539473584129629,1.9448209771849307,0.00539473584129629,0.293127758793098,0.17232315296630774,180,energy/power_utilities,63,wls_sqrt_mcap,tema_arındırılmış
mom_12_1,0.0053947358412962795,1.9448209771849267,0.0053947358412962795,0.293127758793098,0.17232315296630774,180,energy/power_utilities,63,wls_sqrt_mcap,ham
mom_12_1,0.005787814368522753,1.1139820815858414,0.005787814368522753,0.27629278488832465,0.15234335992592754,177,energy/power_utilities,126,ols_rank_normal,tema_arındırılmış
mom_12_1,0.0057878143685227545,1.1139820815858414,0.0057878143685227545,0.2762927848883246,0.15234335992592749,177,energy/power_utilities,126,ols_rank_normal,ham
mom_12_1,0.04528734051552748,0.9475360634712293,0.006376947318030423,0.35425887395287886,0.24348960697683147,177,energy/power_utilities,126,ols_winsorized_raw,tema_arındırılmış
mom_12_1,0.04528734051552746,0.9475360634712288,0.0063769473180304214,0.35425887395287886,0.24348960697683147,177,energy/power_utilities,126,ols_winsorized_raw,ham
mom_12_1,0.00819909245338035,1.410614352415797,0.00819909245338035,0.2874593716170898,0.16550988649828116,177,energy/power_utilities,126,wls_sqrt_mcap,tema_arındırılmış
mom_12_1,0.008199092453380345,1.4106143524157961,0.008199092453380345,0.2874593716170898,0.16550988649828116,177,energy/power_utilities,126,wls_sqrt_mcap,ham
net_debt_ebitda,-0.00020999450434210163,-0.2408136970868548,-0.00020999450434210163,0.2755970295739146,0.13962051182110388,182,energy/power_utilities,21,ols_rank_normal,tema_arındırılmış
net_debt_ebitda,-0.00020999450434210144,-0.24081369708685452,-0.00020999450434210144,0.2755970295739146,0.13962051182110385,182,energy/power_utilities,21,ols_rank_normal,ham
net_debt_ebitda,-0.0003026910880903811,-0.509313760968473,-0.000873426758240892,0.33357853344177457,0.20855202276614557,182,energy/power_utilities,21,ols_winsorized_raw,tema_arındırılmış
net_debt_ebitda,-0.0003026910880903847,-0.509313760968479,-0.0008734267582409024,0.33357853344177457,0.20855202276614557,182,energy/power_utilities,21,ols_winsorized_raw,ham
net_debt_ebitda,0.0005023577184778114,0.5591165426678757,0.0005023577184778114,0.28782062033787653,0.15419084279233566,182,energy/power_utilities,21,wls_sqrt_mcap,tema_arındırılmış
net_debt_ebitda,0.0005023577184778106,0.5591165426678748,0.0005023577184778106,0.28782062033787653,0.1541908427923357,182,energy/power_utilities,21,wls_sqrt_mcap,ham
net_debt_ebitda,-0.0003985895001400841,-0.17391015453649564,-0.0003985895001400841,0.273808866408084,0.13716834703810918,180,energy/power_utilities,63,ols_rank_normal,tema_arındırılmış
net_debt_ebitda,-0.00039858950014008535,-0.17391015453649622,-0.00039858950014008535,0.273808866408084,0.13716834703810915,180,energy/power_utilities,63,ols_rank_normal,ham
net_debt_ebitda,-0.00016541355381144052,-0.13073275653383074,-0.00047921145919367083,0.34370453087978325,0.22026037111808267,180,energy/power_utilities,63,ols_winsorized_raw,tema_arındırılmış
net_debt_ebitda,-0.00016541355381144595,-0.13073275653383507,-0.00047921145919368655,0.3437045308797833,0.22026037111808275,180,energy/power_utilities,63,ols_winsorized_raw,ham
net_debt_ebitda,0.000756235309270729,0.30723264592526633,0.000756235309270729,0.29177133306769076,0.15850115996520736,180,energy/power_utilities,63,wls_sqrt_mcap,tema_arındırılmış
net_debt_ebitda,0.0007562353092707356,0.307232645925269,0.0007562353092707356,0.29177133306769076,0.1585011599652074,180,energy/power_utilities,63,wls_sqrt_mcap,ham
net_debt_ebitda,0.0011371281272404528,0.27954276621507634,0.0011371281272404528,0.26561224691647867,0.12699161642315235,177,energy/power_utilities,126,ols_rank_normal,tema_arındırılmış
net_debt_ebitda,0.0011371281272404515,0.27954276621507607,0.0011371281272404515,0.26561224691647867,0.12699161642315235,177,energy/power_utilities,126,ols_rank_normal,ham
net_debt_ebitda,0.0010487616583652575,0.4081981502320414,0.0030571574846938406,0.3300855160187718,0.2037755753007803,177,energy/power_utilities,126,ols_winsorized_raw,tema_arındırılmış
net_debt_ebitda,0.0010487616583652508,0.40819815023203876,0.003057157484693821,0.3300855160187718,0.2037755753007803,177,energy/power_utilities,126,ols_winsorized_raw,ham
net_debt_ebitda,0.0021862663459839326,0.4796450640494069,0.0021862663459839326,0.27844160269411017,0.14236028538122078,177,energy/power_utilities,126,wls_sqrt_mcap,tema_arındırılmış
net_debt_ebitda,0.002186266345983942,0.4796450640494091,0.002186266345983942,0.27844160269411017,0.1423602853812208,177,energy/power_utilities,126,wls_sqrt_mcap,ham
ocf_ev,0.0006003908606504305,0.6050959300522482,0.0006003908606504305,0.2607333465459297,0.12996806325539265,182,energy/power_utilities,21,ols_rank_normal,tema_arındırılmış
ocf_ev,0.000600390860650431,0.6050959300522488,0.000600390860650431,0.2607333465459298,0.12996806325539262,182,energy/power_utilities,21,ols_rank_normal,ham
ocf_ev,0.007148192550955781,0.16306741827337876,0.00025525991527985405,0.32847529866720465,0.20937719595329807,182,energy/power_utilities,21,ols_winsorized_raw,tema_arındırılmış
ocf_ev,0.0071481925509557735,0.16306741827337862,0.00025525991527985373,0.32847529866720465,0.20937719595329807,182,energy/power_utilities,21,ols_winsorized_raw,ham
ocf_ev,-0.00029571405933541655,-0.33528330759396807,-0.00029571405933541655,0.2753766033498053,0.14728446074106444,182,energy/power_utilities,21,wls_sqrt_mcap,tema_arındırılmış
ocf_ev,-0.0002957140593354123,-0.33528330759396324,-0.0002957140593354123,0.2753766033498053,0.14728446074106444,182,energy/power_utilities,21,wls_sqrt_mcap,ham
ocf_ev,0.00035204667896246065,0.15622200440433856,0.00035204667896246065,0.2696150966580173,0.1401525500292894,180,energy/power_utilities,63,ols_rank_normal,tema_arındırılmış
ocf_ev,0.00035204667896246184,0.1562220044043391,0.00035204667896246184,0.2696150966580173,0.14015255002928942,180,energy/power_utilities,63,ols_rank_normal,ham
ocf_ev,-0.01780810225272057,-0.1796889056519425,-0.0006406887476515224,0.33716926802955105,0.21960715881992338,180,energy/power_utilities,63,ols_winsorized_raw,tema_arındırılmış
ocf_ev,-0.01780810225272059,-0.17968890565194273,-0.0006406887476515232,0.3371692680295511,0.21960715881992343,180,energy/power_utilities,63,ols_winsorized_raw,ham
ocf_ev,-0.0010411407487432313,-0.4678311738058694,-0.0010411407487432313,0.2811427863873864,0.15368404879041203,180,energy/power_utilities,63,wls_sqrt_mcap,tema_arındırılmış
ocf_ev,-0.001041140748743222,-0.4678311738058653,-0.001041140748743222,0.2811427863873864,0.15368404879041203,180,energy/power_utilities,63,wls_sqrt_mcap,ham
ocf_ev,-0.0009006230615679224,-0.22944610218752334,-0.0009006230615679224,0.2644160711039691,0.1337196346884238,177,energy/power_utilities,126,ols_rank_normal,tema_arındırılmış
ocf_ev,-0.0009006230615679218,-0.2294461021875232,-0.0009006230615679218,0.2644160711039691,0.1337196346884238,177,energy/power_utilities,126,ols_rank_normal,ham
ocf_ev,-0.08716282622180305,-0.45671265647015713,-0.0031719412168867028,0.32612680349538203,0.2062473878105081,177,energy/power_utilities,126,ols_winsorized_raw,tema_arındırılmış
ocf_ev,-0.08716282622180306,-0.4567126564701572,-0.0031719412168867036,0.3261268034953821,0.20624738781050808,177,energy/power_utilities,126,ols_winsorized_raw,ham
ocf_ev,-0.003508022051874047,-0.9022316195847662,-0.003508022051874047,0.26186193707699773,0.1306924521886284,177,energy/power_utilities,126,wls_sqrt_mcap,tema_arındırılmış
ocf_ev,-0.0035080220518740445,-0.9022316195847656,-0.0035080220518740445,0.26186193707699773,0.1306924521886284,177,energy/power_utilities,126,wls_sqrt_mcap,ham
share_issuance,0.0006723944104558317,0.8998038663855438,0.0006723944104558317,0.2542661648313575,0.12524823266456944,182,energy/power_utilities,21,ols_rank_normal,tema_arındırılmış
share_issuance,0.0006723944104558319,0.899803866385544,0.0006723944104558319,0.2542661648313575,0.12524823266456944,182,energy/power_utilities,21,ols_rank_normal,ham
share_issuance,0.026490739955769522,0.8295318963267942,0.0026944433183077312,0.31070543658349903,0.1911985462190572,182,energy/power_utilities,21,ols_winsorized_raw,tema_arındırılmış
share_issuance,0.02649073995576953,0.8295318963267945,0.002694443318307732,0.3107054365834991,0.1911985462190572,182,energy/power_utilities,21,ols_winsorized_raw,ham
share_issuance,0.0002728152535773279,0.38419411731239056,0.0002728152535773279,0.257694242629088,0.12925685493976669,182,energy/power_utilities,21,wls_sqrt_mcap,tema_arındırılmış
share_issuance,0.00027281525357732584,0.38419411731238773,0.00027281525357732584,0.257694242629088,0.12925685493976669,182,energy/power_utilities,21,wls_sqrt_mcap,ham
share_issuance,0.0018627205887813704,1.0118524023250253,0.0018627205887813704,0.2500564937639759,0.1201759334925243,180,energy/power_utilities,63,ols_rank_normal,tema_arındırılmış
share_issuance,0.0018627205887813704,1.0118524023250253,0.0018627205887813704,0.2500564937639759,0.12017593349252434,180,energy/power_utilities,63,ols_rank_normal,ham
share_issuance,0.045115714016023704,0.5741257330535585,0.00462507599267981,0.32713954358422553,0.21047726120966237,180,energy/power_utilities,63,ols_winsorized_raw,tema_arındırılmış
share_issuance,0.045115714016023725,0.5741257330535587,0.004625075992679812,0.3271395435842255,0.21047726120966237,180,energy/power_utilities,63,ols_winsorized_raw,ham
share_issuance,0.0012886976299148801,0.7332332765531743,0.0012886976299148801,0.2474595917007214,0.11712929912010828,180,energy/power_utilities,63,wls_sqrt_mcap,tema_arındırılmış
share_issuance,0.0012886976299148784,0.7332332765531734,0.0012886976299148784,0.2474595917007214,0.1171292991201083,180,energy/power_utilities,63,wls_sqrt_mcap,ham
share_issuance,0.0026380966873252483,0.6890668263704233,0.0026380966873252483,0.25519526521245367,0.12588750520002154,177,energy/power_utilities,126,ols_rank_normal,tema_arındırılmış
share_issuance,0.0026380966873252483,0.6890668263704233,0.0026380966873252483,0.25519526521245367,0.12588750520002154,177,energy/power_utilities,126,ols_rank_normal,ham
share_issuance,0.027275043234807186,0.20847113680413293,0.002829531225164205,0.32420915355758373,0.20672840420184296,177,energy/power_utilities,126,ols_winsorized_raw,tema_arındırılmış
share_issuance,0.027275043234807207,0.2084711368041331,0.0028295312251642073,0.3242091535575837,0.2067284042018429,177,energy/power_utilities,126,ols_winsorized_raw,ham
share_issuance,0.0025718301840689686,0.7446749267989873,0.0025718301840689686,0.24279350413124487,0.11143563731309625,177,energy/power_utilities,126,wls_sqrt_mcap,tema_arındırılmış
share_issuance,0.0025718301840689677,0.7446749267989871,0.0025718301840689677,0.24279350413124492,0.11143563731309628,177,energy/power_utilities,126,wls_sqrt_mcap,ham
sue_announce,0.0006012240079381917,0.4046165121795256,0.0006012240079381917,0.29883383617567055,0.12293558822857577,81,energy/power_utilities,21,ols_rank_normal,tema_arındırılmış
sue_announce,0.000601224007938191,0.40461651217952516,0.000601224007938191,0.2988338361756706,0.1229355882285758,81,energy/power_utilities,21,ols_rank_normal,ham
sue_announce,-0.0003738039489122014,-0.2440399357540023,-0.000363210633110469,0.3575941182799165,0.195574447517193,81,energy/power_utilities,21,ols_winsorized_raw,tema_arındırılmış
sue_announce,-0.00037380394891220025,-0.2440399357540015,-0.0003632106331104679,0.35759411827991644,0.19557444751719302,81,energy/power_utilities,21,ols_winsorized_raw,ham
sue_announce,0.0002906054454327236,0.24962598977028255,0.0002906054454327236,0.28006732762672876,0.09990505258207347,81,energy/power_utilities,21,wls_sqrt_mcap,tema_arındırılmış
sue_announce,0.00029060544543272227,0.24962598977028144,0.00029060544543272227,0.28006732762672876,0.09990505258207345,81,energy/power_utilities,21,wls_sqrt_mcap,ham
sue_announce,0.0025647783379125315,0.6857743090735785,0.0025647783379125315,0.28921150015255004,0.10998667943977698,79,energy/power_utilities,63,ols_rank_normal,tema_arındırılmış
sue_announce,0.00256477833791253,0.6857743090735783,0.00256477833791253,0.28921150015255004,0.10998667943977705,79,energy/power_utilities,63,ols_rank_normal,ham
sue_announce,-0.0015442593412111965,-0.3985171179792329,-0.0014959727453520827,0.33921731175023395,0.17193637754095756,79,energy/power_utilities,63,ols_winsorized_raw,tema_arındırılmış
sue_announce,-0.0015442593412111944,-0.39851711797923234,-0.0014959727453520808,0.3392173117502339,0.17193637754095747,79,energy/power_utilities,63,ols_winsorized_raw,ham
sue_announce,0.0021229774774899814,0.7583911267202605,0.0021229774774899814,0.27079712634002046,0.08715673189239424,79,energy/power_utilities,63,wls_sqrt_mcap,tema_arındırılmış
sue_announce,0.00212297747748998,0.7583911267202603,0.00212297747748998,0.27079712634002046,0.08715673189239422,79,energy/power_utilities,63,wls_sqrt_mcap,ham
sue_announce,0.004071870154644336,0.6515482980794486,0.004071870154644336,0.2628082565808761,0.07552067029306865,76,energy/power_utilities,126,ols_rank_normal,tema_arındırılmış
sue_announce,0.004071870154644337,0.6515482980794488,0.004071870154644337,0.2628082565808761,0.07552067029306865,76,energy/power_utilities,126,ols_rank_normal,ham
sue_announce,0.0018088808885495015,0.3216045397708981,0.0017628977882113014,0.3002668373625744,0.12158212693294926,76,energy/power_utilities,126,ols_winsorized_raw,tema_arındırılmış
sue_announce,0.001808880888549494,0.3216045397708969,0.001762897788211294,0.30026683736257437,0.1215821269329493,76,energy/power_utilities,126,ols_winsorized_raw,ham
sue_announce,0.004115549348432774,0.91483258142014,0.004115549348432774,0.25226757241267805,0.06226790219737001,76,energy/power_utilities,126,wls_sqrt_mcap,tema_arındırılmış
sue_announce,0.004115549348432772,0.9148325814201392,0.004115549348432772,0.252267572412678,0.06226790219737008,76,energy/power_utilities,126,wls_sqrt_mcap,ham
asset_growth,-0.0012341733299006425,-0.49747574873336725,-0.0012341733299006425,0.296231826825463,0.19607129311367713,150,energy/renewables,21,ols_rank_normal,tema_arındırılmış
asset_growth,-0.0012341733299006407,-0.4974757487333666,-0.0012341733299006407,0.296231826825463,0.19607129311367713,150,energy/renewables,21,ols_rank_normal,ham
asset_growth,-0.005820761076779074,-0.3537476207376627,-0.0014321109368396704,0.3509315522058157,0.25903455109164214,150,energy/renewables,21,ols_winsorized_raw,tema_arındırılmış
asset_growth,-0.005820761076779085,-0.3537476207376633,-0.0014321109368396728,0.3509315522058157,0.25903455109164214,150,energy/renewables,21,ols_winsorized_raw,ham
asset_growth,-0.000242074123572957,-0.11380460263322005,-0.000242074123572957,0.28398622711056154,0.18207218229708955,150,energy/renewables,21,wls_sqrt_mcap,tema_arındırılmış
asset_growth,-0.00024207412357295612,-0.11380460263321965,-0.00024207412357295612,0.28398622711056154,0.18207218229708957,150,energy/renewables,21,wls_sqrt_mcap,ham
asset_growth,-0.004334286431871461,-0.6235194008461451,-0.004334286431871461,0.2941028410429059,0.19355764589949773,148,energy/renewables,63,ols_rank_normal,tema_arındırılmış
asset_growth,-0.004334286431871466,-0.6235194008461459,-0.004334286431871466,0.2941028410429059,0.19355764589949773,148,energy/renewables,63,ols_rank_normal,ham
asset_growth,-0.04042649035276847,-1.0748055615180154,-0.009918914387122191,0.33851094668371023,0.24428741453832162,148,energy/renewables,63,ols_winsorized_raw,tema_arındırılmış
asset_growth,-0.040426490352768484,-1.0748055615180159,-0.009918914387122195,0.33851094668371023,0.24428741453832162,148,energy/renewables,63,ols_winsorized_raw,ham
asset_growth,-0.0021534393743178463,-0.33716886269121266,-0.0021534393743178463,0.27341329007739434,0.16974061985424466,148,energy/renewables,63,wls_sqrt_mcap,tema_arındırılmış
asset_growth,-0.0021534393743178333,-0.33716886269121077,-0.0021534393743178333,0.27341329007739434,0.16974061985424466,148,energy/renewables,63,wls_sqrt_mcap,ham
asset_growth,-0.013206454528733667,-0.755245978188037,-0.013206454528733667,0.2906784446954538,0.18878067151368078,145,energy/renewables,126,ols_rank_normal,tema_arındırılmış
asset_growth,-0.013206454528733662,-0.7552459781880366,-0.013206454528733662,0.29067844469545384,0.1887806715136808,145,energy/renewables,126,ols_rank_normal,ham
asset_growth,-0.13412804119517996,-1.5276958424342875,-0.033154928120111817,0.33337919490240964,0.2377763051992282,145,energy/renewables,126,ols_winsorized_raw,tema_arındırılmış
asset_growth,-0.13412804119517996,-1.5276958424342875,-0.033154928120111817,0.33337919490240964,0.2377763051992282,145,energy/renewables,126,ols_winsorized_raw,ham
asset_growth,-0.0067060515484512005,-0.44183202590272896,-0.0067060515484512005,0.26481131270496916,0.1585658971339211,145,energy/renewables,126,wls_sqrt_mcap,tema_arındırılmış
asset_growth,-0.0067060515484512,-0.441832025902729,-0.0067060515484512,0.26481131270496916,0.15856589713392114,145,energy/renewables,126,wls_sqrt_mcap,ham
capex_at,0.0007560890145700091,0.37256861635416727,0.0007560890145700091,0.26976221892059243,0.16243284703155797,142,energy/renewables,21,ols_rank_normal,tema_arındırılmış
capex_at,0.0007560890145700133,0.3725686163541693,0.0007560890145700133,0.26976221892059243,0.16243284703155794,142,energy/renewables,21,ols_rank_normal,ham
capex_at,0.03568477978128902,0.5914097816870626,0.001222766532036588,0.2999414907946484,0.1971213330031245,142,energy/renewables,21,ols_winsorized_raw,tema_arındırılmış
capex_at,0.03568477978128903,0.5914097816870629,0.0012227665320365885,0.2999414907946484,0.19712133300312448,142,energy/renewables,21,ols_winsorized_raw,ham
capex_at,0.0011009084471054495,0.6385546781813313,0.0011009084471054495,0.274570120046224,0.16834970794103787,142,energy/renewables,21,wls_sqrt_mcap,tema_arındırılmış
capex_at,0.0011009084471054465,0.6385546781813296,0.0011009084471054465,0.27457012004622394,0.1683497079410379,142,energy/renewables,21,wls_sqrt_mcap,ham
capex_at,0.008449210902333717,1.5561995018680326,0.008449210902333717,0.265904747277898,0.15811349657308357,140,energy/renewables,63,ols_rank_normal,tema_arındırılmış
capex_at,0.008449210902333717,1.5561995018680326,0.008449210902333717,0.265904747277898,0.15811349657308357,140,energy/renewables,63,ols_rank_normal,ham
capex_at,0.24213766083924174,1.5982661903981563,0.008284608405320413,0.2915558264079145,0.18792329364191732,140,energy/renewables,63,ols_winsorized_raw,tema_arındırılmış
capex_at,0.24213766083924168,1.5982661903981557,0.008284608405320412,0.2915558264079145,0.18792329364191737,140,energy/renewables,63,ols_winsorized_raw,ham
capex_at,0.006541665180296551,1.5631353205974838,0.006541665180296551,0.2552075625023314,0.14542405567954253,140,energy/renewables,63,wls_sqrt_mcap,tema_arındırılmış
capex_at,0.0065416651802965445,1.5631353205974832,0.0065416651802965445,0.2552075625023314,0.14542405567954253,140,energy/renewables,63,wls_sqrt_mcap,ham
capex_at,0.023829460157855233,1.9777402788670868,0.023829460157855233,0.2529168535700352,0.14236707023111053,137,energy/renewables,126,ols_rank_normal,tema_arındırılmış
capex_at,0.023829460157855233,1.9777402788670866,0.023829460157855233,0.2529168535700352,0.14236707023111053,137,energy/renewables,126,ols_rank_normal,ham
capex_at,0.6943980654871162,1.970440393448176,0.023724181170584023,0.28448047900249857,0.17865637601625323,137,energy/renewables,126,ols_winsorized_raw,tema_arındırılmış
capex_at,0.6943980654871164,1.970440393448176,0.023724181170584027,0.28448047900249857,0.17865637601625325,137,energy/renewables,126,ols_winsorized_raw,ham
capex_at,0.015996918110662315,1.8798159998707407,0.015996918110662315,0.2462418266021328,0.1347705280179143,137,energy/renewables,126,wls_sqrt_mcap,tema_arındırılmış
capex_at,0.015996918110662308,1.8798159998707402,0.015996918110662308,0.2462418266021328,0.13477052801791434,137,energy/renewables,126,wls_sqrt_mcap,ham
cop_at,0.0018900891648401797,1.037771178349133,0.0018900891648401797,0.27996608321205946,0.16782088000701403,147,energy/renewables,21,ols_rank_normal,tema_arındırılmış
cop_at,0.0018900891648401814,1.0377711783491341,0.0018900891648401814,0.2799660832120595,0.16782088000701403,147,energy/renewables,21,ols_rank_normal,ham
cop_at,0.08747360096530174,1.4230428929494454,0.003274431175648234,0.3344931784888981,0.23122848105063099,147,energy/renewables,21,ols_winsorized_raw,tema_arındırılmış
cop_at,0.08747360096530171,1.423042892949445,0.003274431175648233,0.33449317848889804,0.23122848105063099,147,energy/renewables,21,ols_winsorized_raw,ham
cop_at,0.0020621057937825573,1.1405179420649025,0.0020621057937825573,0.281491820697265,0.16955738359262398,147,energy/renewables,21,wls_sqrt_mcap,tema_arındırılmış
cop_at,0.002062105793782558,1.1405179420649032,0.002062105793782558,0.281491820697265,0.16955738359262396,147,energy/renewables,21,wls_sqrt_mcap,ham
cop_at,0.004659566388329241,1.019333167070914,0.004659566388329241,0.27047369526063325,0.1570835740232416,145,energy/renewables,63,ols_rank_normal,tema_arındırılmış
cop_at,0.004659566388329241,1.0193331670709143,0.004659566388329241,0.27047369526063325,0.1570835740232416,145,energy/renewables,63,ols_rank_normal,ham
cop_at,0.22496987618023642,1.4292111436359913,0.008436089113719908,0.3332073130061421,0.22968379235809552,145,energy/renewables,63,ols_winsorized_raw,tema_arındırılmış
cop_at,0.22496987618023634,1.4292111436359907,0.008436089113719904,0.3332073130061421,0.22968379235809552,145,energy/renewables,63,ols_winsorized_raw,ham
cop_at,0.006542156234564011,1.4160371320280858,0.006542156234564011,0.26946623415030996,0.1557833399407384,145,energy/renewables,63,wls_sqrt_mcap,tema_arındırılmış
cop_at,0.00654215623456401,1.4160371320280856,0.00654215623456401,0.26946623415030996,0.1557833399407384,145,energy/renewables,63,wls_sqrt_mcap,ham
cop_at,0.014652730757349323,1.4579955641237798,0.014652730757349323,0.26110948642171966,0.14539795574353576,142,energy/renewables,126,ols_rank_normal,tema_arındırılmış
cop_at,0.014652730757349321,1.4579955641237796,0.014652730757349321,0.26110948642171966,0.14539795574353573,142,energy/renewables,126,ols_rank_normal,ham
cop_at,0.6612779620916344,1.6237364009822048,0.024863585167262958,0.3323894387754292,0.22842484405363164,142,energy/renewables,126,ols_winsorized_raw,tema_arındırılmış
cop_at,0.6612779620916345,1.623736400982205,0.024863585167262964,0.33238943877542926,0.2284248440536317,142,energy/renewables,126,ols_winsorized_raw,ham
cop_at,0.01676401625188619,1.84165719775279,0.01676401625188619,0.2537241930095847,0.13662945282837774,142,energy/renewables,126,wls_sqrt_mcap,tema_arındırılmış
cop_at,0.016764016251886185,1.8416571977527898,0.016764016251886185,0.2537241930095847,0.13662945282837774,142,energy/renewables,126,wls_sqrt_mcap,ham
dist_52w_high,-0.0004414563588705439,-0.15333168113729687,-0.0004414563588705439,0.29221784453382144,0.19207509205431697,150,energy/renewables,21,ols_rank_normal,tema_arındırılmış
dist_52w_high,-0.00044145635887054207,-0.1533316811372962,-0.00044145635887054207,0.2922178445338215,0.192075092054317,150,energy/renewables,21,ols_rank_normal,ham
dist_52w_high,-0.018587111326327743,-0.6439738370480012,-0.002703820414263746,0.35103988750753357,0.2598494419657092,150,energy/renewables,21,ols_winsorized_raw,tema_arındırılmış
dist_52w_high,-0.018587111326327743,-0.6439738370480012,-0.002703820414263746,0.3510398875075335,0.2598494419657092,150,energy/renewables,21,ols_winsorized_raw,ham
dist_52w_high,-0.0004833468571059633,-0.2037588068853863,-0.0004833468571059633,0.2856159122611677,0.18468051984616243,150,energy/renewables,21,wls_sqrt_mcap,tema_arındırılmış
dist_52w_high,-0.00048334685710596086,-0.20375880688538528,-0.00048334685710596086,0.2856159122611677,0.18468051984616246,150,energy/renewables,21,wls_sqrt_mcap,ham
dist_52w_high,-0.00046916693876178795,-0.071883311567227,-0.00046916693876178795,0.29544523919747456,0.1965815104716359,148,energy/renewables,63,ols_rank_normal,tema_arındırılmış
dist_52w_high,-0.0004691669387617894,-0.07188331156722721,-0.0004691669387617894,0.29544523919747456,0.19658151047163597,148,energy/renewables,63,ols_rank_normal,ham
dist_52w_high,-0.05488493015441448,-0.7322625273560991,-0.007937393732097217,0.3512682159558072,0.26126311542964226,148,energy/renewables,63,ols_winsorized_raw,tema_arındırılmış
dist_52w_high,-0.054884930154414514,-0.7322625273560994,-0.007937393732097222,0.3512682159558072,0.2612631154296423,148,energy/renewables,63,ols_winsorized_raw,ham
dist_52w_high,0.0013950666162986115,0.24036118966019204,0.0013950666162986115,0.2699151585920396,0.16681146806032737,148,energy/renewables,63,wls_sqrt_mcap,tema_arındırılmış
dist_52w_high,0.0013950666162986165,0.2403611896601929,0.0013950666162986165,0.2699151585920396,0.16681146806032734,148,energy/renewables,63,wls_sqrt_mcap,ham
dist_52w_high,-0.007551482650006461,-0.5127787534820213,-0.007551482650006461,0.26475876368148143,0.15918163419597275,145,energy/renewables,126,ols_rank_normal,tema_arındırılmış
dist_52w_high,-0.007551482650006455,-0.5127787534820208,-0.007551482650006455,0.26475876368148143,0.15918163419597278,145,energy/renewables,126,ols_rank_normal,ham
dist_52w_high,-0.14481993980887187,-1.0155095931156812,-0.020957842325184876,0.3331762804512002,0.23914733042650393,145,energy/renewables,126,ols_winsorized_raw,tema_arındırılmış
dist_52w_high,-0.14481993980887187,-1.0155095931156815,-0.020957842325184876,0.3331762804512001,0.23914733042650393,145,energy/renewables,126,ols_winsorized_raw,ham
dist_52w_high,0.0008120940728274568,0.06565522453671767,0.0008120940728274568,0.23999708979376586,0.13015558919730347,145,energy/renewables,126,wls_sqrt_mcap,tema_arındırılmış
dist_52w_high,0.000812094072827461,0.065655224536718,0.000812094072827461,0.23999708979376586,0.1301555891973034,145,energy/renewables,126,wls_sqrt_mcap,ham
ear_3d,0.0030370943493625755,1.2259864886017366,0.0030370943493625755,0.3182007975564889,0.2147293253132202,142,energy/renewables,21,ols_rank_normal,tema_arındırılmış
ear_3d,0.003037094349362575,1.2259864886017364,0.003037094349362575,0.3182007975564889,0.21472932531322023,142,energy/renewables,21,ols_rank_normal,ham
ear_3d,0.07011412209217946,1.9379070035650272,0.005550296726139586,0.37253384785434035,0.27786858028796796,142,energy/renewables,21,ols_winsorized_raw,tema_arındırılmış
ear_3d,0.07011412209217946,1.9379070035650272,0.005550296726139586,0.37253384785434046,0.277868580287968,142,energy/renewables,21,ols_winsorized_raw,ham
ear_3d,0.00047598316423864094,0.2171134736728345,0.00047598316423864094,0.2993981449169347,0.1936907172735895,142,energy/renewables,21,wls_sqrt_mcap,tema_arındırılmış
ear_3d,0.0004759831642386351,0.21711347367283187,0.0004759831642386351,0.2993981449169348,0.1936907172735895,142,energy/renewables,21,wls_sqrt_mcap,ham
ear_3d,0.015113840753984817,3.2182074216268832,0.015113840753984817,0.3078081276441321,0.20347523696079817,140,energy/renewables,63,ols_rank_normal,tema_arındırılmış
ear_3d,0.01511384075398482,3.2182074216268832,0.01511384075398482,0.3078081276441321,0.20347523696079817,140,energy/renewables,63,ols_rank_normal,ham
ear_3d,0.2501841784530487,2.6814024018732177,0.019529327295804675,0.349325451922259,0.2516142685012811,140,energy/renewables,63,ols_winsorized_raw,tema_arındırılmış
ear_3d,0.2501841784530486,2.6814024018732163,0.019529327295804665,0.349325451922259,0.25161426850128105,140,energy/renewables,63,ols_winsorized_raw,ham
ear_3d,0.007673850165445865,2.2462038497354193,0.007673850165445865,0.2689249413365818,0.1587072072440267,140,energy/renewables,63,wls_sqrt_mcap,tema_arındırılmış
ear_3d,0.007673850165445858,2.2462038497354158,0.007673850165445858,0.2689249413365818,0.15870720724402673,140,energy/renewables,63,wls_sqrt_mcap,ham
ear_3d,0.02355249038303194,2.9038808266238445,0.02355249038303194,0.28455066318150607,0.17646067427538567,137,energy/renewables,126,ols_rank_normal,tema_arındırılmış
ear_3d,0.023552490383031942,2.903880826623845,0.023552490383031942,0.28455066318150607,0.1764606742753857,137,energy/renewables,126,ols_rank_normal,ham
ear_3d,0.49786153845131886,2.3769622575799483,0.03791350119292253,0.33854311104354495,0.2394396635971016,137,energy/renewables,126,ols_winsorized_raw,tema_arındırılmış
ear_3d,0.4978615384513188,2.3769622575799487,0.03791350119292252,0.338543111043545,0.23943966359710164,137,energy/renewables,126,ols_winsorized_raw,ham
ear_3d,0.01819384122726874,3.0573169159968887,0.01819384122726874,0.2553474927583301,0.14279652820997302,137,energy/renewables,126,wls_sqrt_mcap,tema_arındırılmış
ear_3d,0.018193841227268737,3.057316915996886,0.018193841227268737,0.2553474927583301,0.14279652820997302,137,energy/renewables,126,wls_sqrt_mcap,ham
ebit_ev,-0.0006401728968381701,-0.3238891780124404,-0.0006401728968381701,0.2934976793349175,0.1784872329670434,143,energy/renewables,21,ols_rank_normal,tema_arındırılmış
ebit_ev,-0.0006401728968381689,-0.3238891780124398,-0.0006401728968381689,0.29349767933491744,0.17848723296704344,143,energy/renewables,21,ols_rank_normal,ham
ebit_ev,-0.01291559374387272,-0.1315017937639917,-0.0005158837003871227,0.3456130879246771,0.23992780652223747,143,energy/renewables,21,ols_winsorized_raw,tema_arındırılmış
ebit_ev,-0.012915593743872678,-0.13150179376399132,-0.0005158837003871211,0.3456130879246771,0.2399278065222374,143,energy/renewables,21,ols_winsorized_raw,ham
ebit_ev,0.0009030033444981049,0.482012482079685,0.0009030033444981049,0.2914748299634577,0.1757233054095387,143,energy/renewables,21,wls_sqrt_mcap,tema_arındırılmış
ebit_ev,0.0009030033444981031,0.482012482079684,0.0009030033444981031,0.29147482996345764,0.1757233054095387,143,energy/renewables,21,wls_sqrt_mcap,ham
ebit_ev,-0.0018505279553671127,-0.33735440481108075,-0.0018505279553671127,0.29155410073619786,0.17695872261364445,141,energy/renewables,63,ols_rank_normal,tema_arındırılmış
ebit_ev,-0.0018505279553671127,-0.3373544048110808,-0.0018505279553671127,0.29155410073619786,0.17695872261364445,141,energy/renewables,63,ols_rank_normal,ham
ebit_ev,-0.13581750831290648,-0.5258852846635148,-0.005400996630239695,0.3507585942340821,0.24706246462480408,141,energy/renewables,63,ols_winsorized_raw,tema_arındırılmış
ebit_ev,-0.13581750831290648,-0.5258852846635149,-0.005400996630239695,0.3507585942340821,0.24706246462480408,141,energy/renewables,63,ols_winsorized_raw,ham
ebit_ev,0.001782327628415841,0.34992578346011094,0.001782327628415841,0.27567163993800636,0.15814915103091773,141,energy/renewables,63,wls_sqrt_mcap,tema_arındırılmış
ebit_ev,0.0017823276284158372,0.3499257834601101,0.0017823276284158372,0.27567163993800636,0.15814915103091773,141,energy/renewables,63,wls_sqrt_mcap,ham
ebit_ev,0.0037821553489991964,0.3074838789164371,0.0037821553489991964,0.27408109783493245,0.15616520582133434,138,energy/renewables,126,ols_rank_normal,tema_arındırılmış
ebit_ev,0.0037821553489991956,0.307483878916437,0.0037821553489991956,0.27408109783493245,0.15616520582133434,138,energy/renewables,126,ols_rank_normal,ham
ebit_ev,-0.08861969787503428,-0.15929684638265856,-0.0035192964668844984,0.33726519363992535,0.23053453360970805,138,energy/renewables,126,ols_winsorized_raw,tema_arındırılmış
ebit_ev,-0.08861969787503424,-0.15929684638265848,-0.0035192964668844967,0.3372651936399254,0.2305345336097081,138,energy/renewables,126,ols_winsorized_raw,ham
ebit_ev,0.007589555817717206,0.7199551947569502,0.007589555817717206,0.26098420335001915,0.14054721595832614,138,energy/renewables,126,wls_sqrt_mcap,tema_arındırılmış
ebit_ev,0.007589555817717202,0.7199551947569497,0.007589555817717202,0.26098420335001915,0.1405472159583261,138,energy/renewables,126,wls_sqrt_mcap,ham
gross_profitability,0.0017818340586809804,0.22120047404465099,0.0017818340586809804,0.3719178882804069,0.20596195412630172,24,energy/renewables,21,ols_rank_normal,tema_arındırılmış
gross_profitability,0.0017818340586809804,0.22120047404465104,0.0017818340586809804,0.37191788828040684,0.20596195412630172,24,energy/renewables,21,ols_rank_normal,ham
gross_profitability,0.03127557453744045,0.3824223999607112,0.004430804994628481,0.4111288237473105,0.25631440331250155,24,energy/renewables,21,ols_winsorized_raw,tema_arındırılmış
gross_profitability,0.031275574537440474,0.38242239996071153,0.004430804994628485,0.41112882374731047,0.25631440331250155,24,energy/renewables,21,ols_winsorized_raw,ham
gross_profitability,0.007052873098288018,0.9923339618074365,0.007052873098288018,0.36597918571957616,0.198684929297502,24,energy/renewables,21,wls_sqrt_mcap,tema_arındırılmış
gross_profitability,0.007052873098288031,0.9923339618074385,0.007052873098288031,0.3659791857195762,0.19868492929750212,24,energy/renewables,21,wls_sqrt_mcap,ham
gross_profitability,0.007945122702074316,0.7609378559034776,0.007945122702074316,0.3296110892544617,0.1530952269271063,24,energy/renewables,63,ols_rank_normal,tema_arındırılmış
gross_profitability,0.007945122702074313,0.7609378559034774,0.007945122702074313,0.3296110892544617,0.1530952269271063,24,energy/renewables,63,ols_rank_normal,ham
gross_profitability,0.0925515230244462,0.8067935745760925,0.013111757546972608,0.3629871373585308,0.19586355009926307,24,energy/renewables,63,ols_winsorized_raw,tema_arındırılmış
gross_profitability,0.0925515230244462,0.8067935745760925,0.013111757546972608,0.3629871373585309,0.19586355009926315,24,energy/renewables,63,ols_winsorized_raw,ham
gross_profitability,0.014232194361626442,1.7181479574413092,0.014232194361626442,0.3082612811069325,0.12595766589729943,24,energy/renewables,63,wls_sqrt_mcap,tema_arındırılmış
gross_profitability,0.01423219436162646,1.7181479574413105,0.01423219436162646,0.3082612811069325,0.12595766589729943,24,energy/renewables,63,wls_sqrt_mcap,ham
gross_profitability,0.028584314882014076,1.4844429621589028,0.028584314882014076,0.34208901229744354,0.16813517145809725,23,energy/renewables,126,ols_rank_normal,tema_arındırılmış
gross_profitability,0.02858431488201406,1.484442962158902,0.02858431488201406,0.34208901229744343,0.16813517145809725,23,energy/renewables,126,ols_rank_normal,ham
gross_profitability,0.28991950922317483,1.1257709901457997,0.041169909441678414,0.4075974532339189,0.25130710765740144,23,energy/renewables,126,ols_winsorized_raw,tema_arındırılmış
gross_profitability,0.28991950922317467,1.1257709901457993,0.04116990944167839,0.40759745323391877,0.2513071076574014,23,energy/renewables,126,ols_winsorized_raw,ham
gross_profitability,0.029432504805137618,2.3621181063854078,0.029432504805137618,0.34431925799538304,0.1706644217829863,23,energy/renewables,126,wls_sqrt_mcap,tema_arındırılmış
gross_profitability,0.029432504805137642,2.3621181063854113,0.029432504805137642,0.34431925799538304,0.17066442178298633,23,energy/renewables,126,wls_sqrt_mcap,ham
idio_vol_60d,-0.002996136079359289,-0.7757196537146698,-0.002996136079359289,0.29438602766598226,0.1943866128423622,150,energy/renewables,21,ols_rank_normal,tema_arındırılmış
idio_vol_60d,-0.0029961360793592895,-0.77571965371467,-0.0029961360793592895,0.29438602766598226,0.1943866128423622,150,energy/renewables,21,ols_rank_normal,ham
idio_vol_60d,-0.01803246262517019,-0.5518659408666381,-0.003584074867308412,0.3789294554610267,0.2919128465061628,150,energy/renewables,21,ols_winsorized_raw,tema_arındırılmış
idio_vol_60d,-0.018032462625170182,-0.5518659408666379,-0.003584074867308411,0.3789294554610267,0.2919128465061628,150,energy/renewables,21,ols_winsorized_raw,ham
idio_vol_60d,-0.0016171109313271163,-0.5223143788237247,-0.0016171109313271163,0.2744429498988255,0.17146896412700158,150,energy/renewables,21,wls_sqrt_mcap,tema_arındırılmış
idio_vol_60d,-0.0016171109313271093,-0.5223143788237226,-0.0016171109313271093,0.27444294989882556,0.17146896412700158,150,energy/renewables,21,wls_sqrt_mcap,ham
idio_vol_60d,-0.009775595191135097,-0.9231368875978795,-0.009775595191135097,0.2976718048678347,0.19791590862519332,148,energy/renewables,63,ols_rank_normal,tema_arındırılmış
idio_vol_60d,-0.009775595191135094,-0.9231368875978792,-0.009775595191135094,0.2976718048678347,0.19791590862519326,148,energy/renewables,63,ols_rank_normal,ham
idio_vol_60d,-0.07132036515186839,-0.7427853477903023,-0.01405461705061006,0.3883518768597083,0.3023703136890002,148,energy/renewables,63,ols_winsorized_raw,tema_arındırılmış
idio_vol_60d,-0.0713203651518684,-0.7427853477903024,-0.014054617050610061,0.38835187685970823,0.3023703136890002,148,energy/renewables,63,ols_winsorized_raw,ham
idio_vol_60d,-0.0058821216779774655,-0.765359944368953,-0.0058821216779774655,0.2553034950934766,0.14886038726637635,148,energy/renewables,63,wls_sqrt_mcap,tema_arındırılmış
idio_vol_60d,-0.00588212167797746,-0.7653599443689525,-0.00588212167797746,0.2553034950934766,0.14886038726637635,148,energy/renewables,63,wls_sqrt_mcap,ham
idio_vol_60d,-0.030469761473370386,-1.534566685068351,-0.030469761473370386,0.2742218064721078,0.17019563504637608,145,energy/renewables,126,ols_rank_normal,tema_arındırılmış
idio_vol_60d,-0.030469761473370386,-1.534566685068351,-0.030469761473370386,0.2742218064721078,0.17019563504637608,145,energy/renewables,126,ols_rank_normal,ham
idio_vol_60d,-0.2264121526425558,-1.1208087240017457,-0.043727117928126134,0.3794932940722917,0.2915383506630924,145,energy/renewables,126,ols_winsorized_raw,tema_arındırılmış
idio_vol_60d,-0.22641215264255568,-1.120808724001745,-0.043727117928126114,0.37949329407229176,0.29153835066309247,145,energy/renewables,126,ols_winsorized_raw,ham
idio_vol_60d,-0.019036319974523992,-1.4289291930329053,-0.019036319974523992,0.23150314386515441,0.12073250775442933,145,energy/renewables,126,wls_sqrt_mcap,tema_arındırılmış
idio_vol_60d,-0.01903631997452398,-1.4289291930329049,-0.01903631997452398,0.23150314386515441,0.12073250775442936,145,energy/renewables,126,wls_sqrt_mcap,ham
max_ret_21d,-0.001770866757126555,-0.5723826604606823,-0.001770866757126555,0.2828307850107406,0.18113361803220557,150,energy/renewables,21,ols_rank_normal,tema_arındırılmış
max_ret_21d,-0.0017708667571265564,-0.5723826604606826,-0.0017708667571265564,0.28283078501074055,0.18113361803220554,150,energy/renewables,21,ols_rank_normal,ham
max_ret_21d,-0.0906617603377057,-0.6135091068653907,-0.0034492566008127415,0.34838821700633055,0.2568085535926904,150,energy/renewables,21,ols_winsorized_raw,tema_arındırılmış
max_ret_21d,-0.09066176033770561,-0.6135091068653901,-0.003449256600812738,0.3483882170063306,0.25680855359269034,150,energy/renewables,21,ols_winsorized_raw,ham
max_ret_21d,-0.0003177552332905542,-0.11495464316428702,-0.0003177552332905542,0.27497297728166586,0.17210862488240788,150,energy/renewables,21,wls_sqrt_mcap,tema_arındırılmış
max_ret_21d,-0.00031775523329054776,-0.1149546431642847,-0.00031775523329054776,0.27497297728166586,0.17210862488240788,150,energy/renewables,21,wls_sqrt_mcap,ham
max_ret_21d,-0.00869797516984809,-1.1012974157031805,-0.00869797516984809,0.28617110894756315,0.1845567716390695,148,energy/renewables,63,ols_rank_normal,tema_arındırılmış
max_ret_21d,-0.00869797516984809,-1.1012974157031805,-0.00869797516984809,0.2861711089475632,0.1845567716390695,148,energy/renewables,63,ols_rank_normal,ham
max_ret_21d,-0.48018451412024016,-1.2279255008341174,-0.018188333906826924,0.3501801910221958,0.25870894562418395,148,energy/renewables,63,ols_winsorized_raw,tema_arındırılmış
max_ret_21d,-0.48018451412024016,-1.2279255008341174,-0.018188333906826924,0.3501801910221958,0.25870894562418384,148,energy/renewables,63,ols_winsorized_raw,ham
max_ret_21d,-0.004057281448133146,-0.693902028025942,-0.004057281448133146,0.2604626425131665,0.15510826451913334,148,energy/renewables,63,wls_sqrt_mcap,tema_arındırılmış
max_ret_21d,-0.004057281448133139,-0.693902028025941,-0.004057281448133139,0.2604626425131665,0.15510826451913334,148,energy/renewables,63,wls_sqrt_mcap,ham
max_ret_21d,-0.027121582313564204,-1.8216061269340484,-0.027121582313564204,0.2646379149511639,0.15895307030489123,145,energy/renewables,126,ols_rank_normal,tema_arındırılmış
max_ret_21d,-0.027121582313564204,-1.8216061269340484,-0.027121582313564204,0.2646379149511639,0.1589530703048912,145,energy/renewables,126,ols_rank_normal,ham
max_ret_21d,-1.1134429327432538,-1.1376544539344446,-0.041365375190269685,0.34389922713706045,0.25040264881864815,145,energy/renewables,126,ols_winsorized_raw,tema_arındırılmış
max_ret_21d,-1.1134429327432536,-1.1376544539344444,-0.04136537519026967,0.3438992271370604,0.25040264881864815,145,energy/renewables,126,ols_winsorized_raw,ham
max_ret_21d,-0.019832666742941665,-1.8114606862437712,-0.019832666742941665,0.23920533907956545,0.1296120454646537,145,energy/renewables,126,wls_sqrt_mcap,tema_arındırılmış
max_ret_21d,-0.019832666742941665,-1.811460686243771,-0.019832666742941665,0.2392053390795654,0.1296120454646537,145,energy/renewables,126,wls_sqrt_mcap,ham
mom_12_1,0.001387819730292049,0.5322242806206122,0.001387819730292049,0.30974562349753576,0.21252469374883268,150,energy/renewables,21,ols_rank_normal,tema_arındırılmış
mom_12_1,0.001387819730292047,0.5322242806206114,0.001387819730292047,0.30974562349753576,0.21252469374883268,150,energy/renewables,21,ols_rank_normal,ham
mom_12_1,0.007151657020824425,0.771184247186665,0.004972712382008178,0.3903835330187599,0.30541792501816517,150,energy/renewables,21,ols_winsorized_raw,tema_arındırılmış
mom_12_1,0.007151657020824421,0.7711842471866642,0.004972712382008176,0.3903835330187599,0.3054179250181652,150,energy/renewables,21,ols_winsorized_raw,ham
mom_12_1,0.0019515376373569874,0.7506573509521909,0.0019515376373569874,0.3023083875449843,0.20397371978689752,150,energy/renewables,21,wls_sqrt_mcap,tema_arındırılmış
mom_12_1,0.0019515376373569844,0.7506573509521896,0.0019515376373569844,0.3023083875449843,0.20397371978689757,150,energy/renewables,21,wls_sqrt_mcap,ham
mom_12_1,0.00346916938268345,0.4695438520422392,0.00346916938268345,0.31435752182461785,0.21790359073858878,148,energy/renewables,63,ols_rank_normal,tema_arındırılmış
mom_12_1,0.003469169382683449,0.4695438520422391,0.003469169382683449,0.31435752182461785,0.21790359073858878,148,energy/renewables,63,ols_rank_normal,ham
mom_12_1,0.017320959792533296,0.6447790676553923,0.01129536986092704,0.38488768000304713,0.29886074483688246,148,energy/renewables,63,ols_winsorized_raw,tema_arındırılmış
mom_12_1,0.017320959792533296,0.6447790676553923,0.01129536986092704,0.38488768000304724,0.2988607448368825,148,energy/renewables,63,ols_winsorized_raw,ham
mom_12_1,0.006557295452527421,0.9522237281907697,0.006557295452527421,0.28417612265496006,0.1826775389641722,148,energy/renewables,63,wls_sqrt_mcap,tema_arındırılmış
mom_12_1,0.006557295452527414,0.9522237281907686,0.006557295452527414,0.28417612265496006,0.18267753896417216,148,energy/renewables,63,wls_sqrt_mcap,ham
mom_12_1,0.006604861809345957,0.4464537125449216,0.006604861809345957,0.2969194480496181,0.19719253902989226,145,energy/renewables,126,ols_rank_normal,tema_arındırılmış
mom_12_1,0.0066048618093459514,0.4464537125449213,0.0066048618093459514,0.2969194480496181,0.1971925390298923,145,energy/renewables,126,ols_rank_normal,ham
mom_12_1,0.02362158646785021,0.4720800923587286,0.012340224473686922,0.37580365166234786,0.28773549083558847,145,energy/renewables,126,ols_winsorized_raw,tema_arındırılmış
mom_12_1,0.023621586467850196,0.47208009235872833,0.012340224473686915,0.37580365166234786,0.2877354908355886,145,energy/renewables,126,ols_winsorized_raw,ham
mom_12_1,0.01455630785148394,1.0361736477714365,0.01455630785148394,0.2718376535660878,0.16766104113011296,145,energy/renewables,126,wls_sqrt_mcap,tema_arındırılmış
mom_12_1,0.014556307851483936,1.0361736477714363,0.014556307851483936,0.2718376535660878,0.1676610411301129,145,energy/renewables,126,wls_sqrt_mcap,ham
net_debt_ebitda,0.002816239201623044,1.4005699414061747,0.002816239201623044,0.2975775760502419,0.17963748069719393,143,energy/renewables,21,ols_rank_normal,tema_arındırılmış
net_debt_ebitda,0.0028162392016230437,1.4005699414061747,0.0028162392016230437,0.2975775760502418,0.1796374806971939,143,energy/renewables,21,ols_rank_normal,ham
net_debt_ebitda,0.001474214574182694,2.1715699866421896,0.005630575233688445,0.34866195415685797,0.2395979016594566,143,energy/renewables,21,ols_winsorized_raw,tema_arındırılmış
net_debt_ebitda,0.0014742145741826953,2.1715699866421905,0.00563057523368845,0.34866195415685797,0.2395979016594566,143,energy/renewables,21,ols_winsorized_raw,ham
net_debt_ebitda,0.0023041431763093276,1.216863811259973,0.0023041431763093276,0.28673405303131205,0.1667166488294337,143,energy/renewables,21,wls_sqrt_mcap,tema_arındırılmış
net_debt_ebitda,0.00230414317630933,1.216863811259974,0.00230414317630933,0.28673405303131205,0.1667166488294337,143,energy/renewables,21,wls_sqrt_mcap,ham
net_debt_ebitda,0.00787431847249737,1.5208762308043018,0.00787431847249737,0.28427652831551053,0.165674855345338,141,energy/renewables,63,ols_rank_normal,tema_arındırılmış
net_debt_ebitda,0.00787431847249737,1.520876230804302,0.00787431847249737,0.28427652831551053,0.165674855345338,141,energy/renewables,63,ols_rank_normal,ham
net_debt_ebitda,0.0038898491241029626,2.1256428470210906,0.014900726495178268,0.34777101379209674,0.24076020127494063,141,energy/renewables,63,ols_winsorized_raw,tema_arındırılmış
net_debt_ebitda,0.0038898491241029626,2.1256428470210906,0.014900726495178268,0.34777101379209674,0.24076020127494063,141,energy/renewables,63,ols_winsorized_raw,ham
net_debt_ebitda,0.006762198409517598,1.3564490846719273,0.006762198409517598,0.27598174963875416,0.15557463299418056,141,energy/renewables,63,wls_sqrt_mcap,tema_arındırılmış
net_debt_ebitda,0.0067621984095175966,1.356449084671927,0.0067621984095175966,0.2759817496387542,0.1555746329941805,141,energy/renewables,63,wls_sqrt_mcap,ham
net_debt_ebitda,0.020576250046512257,1.9368941893995948,0.020576250046512257,0.28106090356799485,0.16166385509542125,138,energy/renewables,126,ols_rank_normal,tema_arındırılmış
net_debt_ebitda,0.02057625004651226,1.936894189399595,0.02057625004651226,0.28106090356799485,0.16166385509542122,138,energy/renewables,126,ols_rank_normal,ham
net_debt_ebitda,0.008325331422845361,2.273512477325134,0.032004009707713554,0.3536127847053545,0.2470384727461938,138,energy/renewables,126,ols_winsorized_raw,tema_arındırılmış
net_debt_ebitda,0.008325331422845361,2.273512477325133,0.032004009707713554,0.3536127847053545,0.2470384727461938,138,energy/renewables,126,ols_winsorized_raw,ham
net_debt_ebitda,0.01796286269201694,1.8191898321374513,0.01796286269201694,0.2648861800275572,0.14230057040206492,138,energy/renewables,126,wls_sqrt_mcap,tema_arındırılmış
net_debt_ebitda,0.017962862692016926,1.81918983213745,0.017962862692016926,0.2648861800275572,0.14230057040206492,138,energy/renewables,126,wls_sqrt_mcap,ham
ocf_ev,-0.0006292717536483065,-0.35307766083403247,-0.0006292717536483065,0.284946086939939,0.1735188668349362,147,energy/renewables,21,ols_rank_normal,tema_arındırılmış
ocf_ev,-0.0006292717536483084,-0.3530776608340335,-0.0006292717536483084,0.28494608693993895,0.1735188668349362,147,energy/renewables,21,ols_rank_normal,ham
ocf_ev,-0.045305379036862214,-1.4647139623231187,-0.0026289250528646496,0.31029606461807474,0.20323031422730437,147,energy/renewables,21,ols_winsorized_raw,tema_arındırılmış
ocf_ev,-0.04530537903686226,-1.4647139623231202,-0.0026289250528646526,0.31029606461807474,0.20323031422730442,147,energy/renewables,21,ols_winsorized_raw,ham
ocf_ev,0.00013709206626292677,0.0816831490815851,0.00013709206626292677,0.28058729103467717,0.16820915143550008,147,energy/renewables,21,wls_sqrt_mcap,tema_arındırılmış
ocf_ev,0.00013709206626292593,0.08168314908158461,0.00013709206626292593,0.28058729103467717,0.1682091514355001,147,energy/renewables,21,wls_sqrt_mcap,ham
ocf_ev,-0.0034012736090753243,-0.6791320140757671,-0.0034012736090753243,0.2652255999500117,0.1499550082690718,145,energy/renewables,63,ols_rank_normal,tema_arındırılmış
ocf_ev,-0.003401273609075327,-0.6791320140757676,-0.003401273609075327,0.2652255999500117,0.1499550082690718,145,energy/renewables,63,ols_rank_normal,ham
ocf_ev,-0.13290059334665838,-1.6909030697920227,-0.007650436500160528,0.29552746113413436,0.18560113714662987,145,energy/renewables,63,ols_winsorized_raw,tema_arındırılmış
ocf_ev,-0.1329005933466584,-1.6909030697920229,-0.007650436500160529,0.2955274611341344,0.18560113714662987,145,energy/renewables,63,ols_winsorized_raw,ham
ocf_ev,-3.044637684098339e-05,-0.006799062171969619,-3.044637684098339e-05,0.2541371144265953,0.1362760880902407,145,energy/renewables,63,wls_sqrt_mcap,tema_arındırılmış
ocf_ev,-3.044637684097841e-05,-0.006799062171968506,-3.044637684097841e-05,0.2541371144265953,0.1362760880902407,145,energy/renewables,63,wls_sqrt_mcap,ham
ocf_ev,-0.0062559627599335,-0.5247037599490728,-0.0062559627599335,0.25578752298306306,0.1380287605784255,142,energy/renewables,126,ols_rank_normal,tema_arındırılmış
ocf_ev,-0.006255962759933504,-0.524703759949073,-0.006255962759933504,0.255787522983063,0.13802876057842542,142,energy/renewables,126,ols_rank_normal,ham
ocf_ev,-0.23981904379807992,-1.4018215733466237,-0.013667897347124517,0.28536319182902126,0.17296216084227853,142,energy/renewables,126,ols_winsorized_raw,tema_arındırılmış
ocf_ev,-0.23981904379807992,-1.4018215733466237,-0.013667897347124517,0.28536319182902126,0.17296216084227853,142,energy/renewables,126,ols_winsorized_raw,ham
ocf_ev,-0.0007825786818248025,-0.08326698043294267,-0.0007825786818248025,0.23381817406182231,0.1116065511900304,142,energy/renewables,126,wls_sqrt_mcap,tema_arındırılmış
ocf_ev,-0.0007825786818247955,-0.08326698043294192,-0.0007825786818247955,0.23381817406182231,0.11160655119003038,142,energy/renewables,126,wls_sqrt_mcap,ham
share_issuance,-0.002474924235361747,-1.1778861980269895,-0.002474924235361747,0.2981286174489146,0.19295076413041884,150,energy/renewables,21,ols_rank_normal,tema_arındırılmış
share_issuance,-0.0024749242353617434,-1.1778861980269877,-0.0024749242353617434,0.2981286174489146,0.19295076413041887,150,energy/renewables,21,ols_rank_normal,ham
share_issuance,-0.054391397056943375,-1.0783978550895936,-0.007334513092969563,0.33045874100749756,0.23013338444899134,150,energy/renewables,21,ols_winsorized_raw,tema_arındırılmış
share_issuance,-0.05439139705694339,-1.0783978550895938,-0.007334513092969564,0.33045874100749756,0.23013338444899128,150,energy/renewables,21,ols_winsorized_raw,ham
share_issuance,0.00030698014127426935,0.1672314510352119,0.00030698014127426935,0.282486693495399,0.1747849952864235,150,energy/renewables,21,wls_sqrt_mcap,tema_arındırılmış
share_issuance,0.00030698014127426826,0.1672314510352113,0.00030698014127426826,0.2824866934953991,0.1747849952864235,150,energy/renewables,21,wls_sqrt_mcap,ham
share_issuance,-0.005532303210023232,-0.8718322574938172,-0.005532303210023232,0.2887722122011956,0.18126448659481442,148,energy/renewables,63,ols_rank_normal,tema_arındırılmış
share_issuance,-0.0055323032100232285,-0.8718322574938167,-0.0055323032100232285,0.2887722122011956,0.18126448659481448,148,energy/renewables,63,ols_rank_normal,ham
share_issuance,-0.1641802007826283,-1.1022477163329971,-0.021951397592112985,0.3219451346146684,0.2197045441185373,148,energy/renewables,63,ols_winsorized_raw,tema_arındırılmış
share_issuance,-0.1641802007826283,-1.1022477163329971,-0.021951397592112985,0.3219451346146684,0.21970454411853726,148,energy/renewables,63,ols_winsorized_raw,ham
share_issuance,0.0023274692041357894,0.39928086635894233,0.0023274692041357894,0.262613071098467,0.15065353578692164,148,energy/renewables,63,wls_sqrt_mcap,tema_arındırılmış
share_issuance,0.0023274692041357903,0.39928086635894244,0.0023274692041357903,0.262613071098467,0.15065353578692162,148,energy/renewables,63,wls_sqrt_mcap,ham
share_issuance,-0.015901422956249696,-0.9649682634330232,-0.015901422956249696,0.28040309319494433,0.1703342991669673,145,energy/renewables,126,ols_rank_normal,tema_arındırılmış
share_issuance,-0.015901422956249696,-0.9649682634330232,-0.015901422956249696,0.28040309319494433,0.17033429916696732,145,energy/renewables,126,ols_rank_normal,ham
share_issuance,-0.44561061585317746,-1.166604726146138,-0.05884870188470849,0.3168965739147442,0.21268202109010884,145,energy/renewables,126,ols_winsorized_raw,tema_arındırılmış
share_issuance,-0.44561061585317746,-1.166604726146138,-0.05884870188470849,0.31689657391474413,0.21268202109010886,145,energy/renewables,126,ols_winsorized_raw,ham
share_issuance,0.000952648323096803,0.06423744816452091,0.000952648323096803,0.2646378988842384,0.1517390366771956,145,energy/renewables,126,wls_sqrt_mcap,tema_arındırılmış
share_issuance,0.000952648323096803,0.06423744816452091,0.000952648323096803,0.2646378988842384,0.15173903667719557,145,energy/renewables,126,wls_sqrt_mcap,ham
sue_announce,0.0007283680671115205,0.3522498112838043,0.0007283680671115205,0.288511817890244,0.15762153499829973,109,energy/renewables,21,ols_rank_normal,tema_arındırılmış
sue_announce,0.0007283680671115212,0.3522498112838046,0.0007283680671115212,0.28851181789024394,0.15762153499829973,109,energy/renewables,21,ols_rank_normal,ham
sue_announce,0.001475871758580539,0.7988846733398789,0.0016793921821872703,0.3305313944991166,0.20717474598839897,109,energy/renewables,21,ols_winsorized_raw,tema_arındırılmış
sue_announce,0.0014758717585805366,0.7988846733398778,0.0016793921821872675,0.33053139449911667,0.20717474598839894,109,energy/renewables,21,ols_winsorized_raw,ham
sue_announce,-0.00020134193812860546,-0.10647565547117059,-0.00020134193812860546,0.2845367368330949,0.15303665991347845,109,energy/renewables,21,wls_sqrt_mcap,tema_arındırılmış
sue_announce,-0.00020134193812860717,-0.10647565547117151,-0.00020134193812860717,0.2845367368330949,0.15303665991347845,109,energy/renewables,21,wls_sqrt_mcap,ham
sue_announce,-0.00026030629345938366,-0.054449423687759575,-0.00026030629345938366,0.26953895162855657,0.13467461451058685,107,energy/renewables,63,ols_rank_normal,tema_arındırılmış
sue_announce,-0.0002603062934593838,-0.05444942368775961,-0.0002603062934593838,0.2695389516285566,0.13467461451058688,107,energy/renewables,63,ols_rank_normal,ham
sue_announce,0.0019482179308908678,0.4260590886106947,0.0022263510204506517,0.3075723414754685,0.17999208942291556,107,energy/renewables,63,ols_winsorized_raw,tema_arındırılmış
sue_announce,0.0019482179308908647,0.426059088610694,0.0022263510204506482,0.30757234147546847,0.17999208942291556,107,energy/renewables,63,ols_winsorized_raw,ham
sue_announce,-0.0007298835962533092,-0.1513699997468854,-0.0007298835962533092,0.24957664402330762,0.11109459157550268,107,energy/renewables,63,wls_sqrt_mcap,tema_arındırılmış
sue_announce,-0.0007298835962533081,-0.15136999974688511,-0.0007298835962533081,0.24957664402330762,0.11109459157550267,107,energy/renewables,63,wls_sqrt_mcap,ham
sue_announce,-0.004582901639692063,-0.4182839029653962,-0.004582901639692063,0.23426608774490543,0.0924233617214721,104,energy/renewables,126,ols_rank_normal,tema_arındırılmış
sue_announce,-0.004582901639692064,-0.41828390296539636,-0.004582901639692064,0.2342660877449054,0.0924233617214721,104,energy/renewables,126,ols_rank_normal,ham
sue_announce,0.00014386224075173753,0.016953179383936017,0.00016568992312557658,0.26603568056930693,0.13041941896199813,104,energy/renewables,126,ols_winsorized_raw,tema_arındırılmış
sue_announce,0.00014386224075173566,0.01695317938393579,0.00016568992312557444,0.26603568056930693,0.13041941896199816,104,energy/renewables,126,ols_winsorized_raw,ham
sue_announce,-0.0035714355143293517,-0.34446674431129104,-0.0035714355143293517,0.2155537197510698,0.06953819632454183,104,energy/renewables,126,wls_sqrt_mcap,tema_arındırılmış
sue_announce,-0.0035714355143293547,-0.34446674431129126,-0.0035714355143293547,0.21555371975106977,0.06953819632454182,104,energy/renewables,126,wls_sqrt_mcap,ham
