symbol,companyName,exchangeShortName,exchange_query,country,sector,industry,marketCap
NVDA,NVIDIA Corporation,NASDAQ,NASDAQ,US,Technology,Semiconductors,5503253410000
AAPL,Apple Inc.,NASDAQ,NASDAQ,US,Technology,Consumer Electronics,4838015066400
GOOG,Alphabet Inc.,NASDAQ,NASDAQ,US,Communication Services,Internet Content & Information,4093682615109
MSFT,Microsoft Corporation,NASDAQ,NASDAQ,US,Technology,Software - Infrastructure,3779307928000
AMZN,"Amazon.com, Inc.",NASDAQ,NASDAQ,US,Consumer Cyclical,Specialty Retail,2653453857000
SPCX,Space Exploration Technologies Corp.,NASDAQ,NASDAQ,US,Industrials,Aerospace & Defense,1967248838992
META,"Meta Platforms, Inc.",NASDAQ,NASDAQ,US,Communication Services,Internet Content & Information,1882057603050
AVGO,Broadcom Inc.,NASDAQ,NASDAQ,US,Technology,Semiconductors,1689416658000
TSLA,"Tesla, Inc.",NASDAQ,NASDAQ,US,Consumer Cyclical,Auto - Manufacturers,1393558302499
SKHY,SK hynix Inc.,NASDAQ,NASDAQ,KR,Technology,Semiconductors,1325157110519
MU,"Micron Technology, Inc.",NASDAQ,NASDAQ,US,Technology,Semiconductors,1202890701200
AMD,"Advanced Micro Devices, Inc.",NASDAQ,NASDAQ,US,Technology,Semiconductors,990703642000
WMT,Walmart Inc.,NASDAQ,NASDAQ,US,Consumer Defensive,Discount Stores,849922944000
ASML,ASML Holding N.V.,NASDAQ,NASDAQ,NL,Technology,Semiconductors,707006908510
INTC,Intel Corp.,NASDAQ,NASDAQ,US,Technology,Semiconductors,584750890670
PLTR,Palantir Technologies Inc.,NASDAQ,NASDAQ,US,Technology,Software - Infrastructure,429296207900
CSCO,"Cisco Systems, Inc.",NASDAQ,NASDAQ,US,Technology,Communication Equipment,421497023075
COST,Costco Wholesale Corporation,NASDAQ,NASDAQ,US,Consumer Defensive,Discount Stores,410036248610
AMAT,"Applied Materials, Inc.",NASDAQ,NASDAQ,US,Technology,Semiconductors,406514947590
LRCX,Lam Research Corporation,NASDAQ,NASDAQ,US,Technology,Semiconductors,405009600200
PANW,"Palo Alto Networks, Inc.",NASDAQ,NASDAQ,US,Technology,Software - Infrastructure,316554150000
ARM,Arm Holdings plc American Depositary Shares,NASDAQ,NASDAQ,GB,Technology,Semiconductors,313639139758
NFLX,"Netflix, Inc.",NASDAQ,NASDAQ,US,Communication Services,Entertainment,292724981930
GOOGM,Alphabet Inc. Depository Shs Repr 1/20th Conv Pfd Registered Shs,NASDAQ,NASDAQ,US,Technology,Software - Application,285478200000
GOOGN,Alphabet Inc. Depository Shs Repr 1/20th Conv Pfd Registered Shs,NASDAQ,NASDAQ,US,Technology,Software - Application,283835160000
CRWD,"CrowdStrike Holdings, Inc.",NASDAQ,NASDAQ,US,Technology,Software - Infrastructure,267537443227
TXN,Texas Instruments Incorporated,NASDAQ,NASDAQ,US,Technology,Semiconductors,257252740669
KLAC,KLA Corporation,NASDAQ,NASDAQ,US,Technology,Semiconductors,256723208400
SNDK,Sandisk Corporation,NASDAQ,NASDAQ,US,Technology,Computer Hardware,256159725960
MRVL,"Marvell Technology, Inc.",NASDAQ,NASDAQ,US,Technology,Semiconductors,230562914820
AMGN,Amgen Inc.,NASDAQ,NASDAQ,US,Healthcare,Drug Manufacturers - General,228641897120
LIN,Linde plc,NASDAQ,NASDAQ,GB,Basic Materials,Chemicals - Specialty,218980962000
STX,Seagate Technology Holdings plc,NASDAQ,NASDAQ,SG,Technology,Computer Hardware,204821980050
ADI,"Analog Devices, Inc.",NASDAQ,NASDAQ,US,Technology,Semiconductors,193967785140
QCOM,QUALCOMM Incorporated,NASDAQ,NASDAQ,US,Technology,Semiconductors,193305000000
SHOP,Shopify Inc.,NASDAQ,NASDAQ,CA,Technology,Software - Application,192390283302
GILD,"Gilead Sciences, Inc.",NASDAQ,NASDAQ,US,Healthcare,Drug Manufacturers - General,187580415848
PEP,"PepsiCo, Inc.",NASDAQ,NASDAQ,US,Consumer Defensive,Beverages - Non-Alcoholic,175790540000
TMUS,"T-Mobile US, Inc.",NASDAQ,NASDAQ,US,Communication Services,Telecommunications Services,174824019487
WDC,Western Digital Corporation,NASDAQ,NASDAQ,US,Technology,Computer Hardware,156306393360
IBKR,"Interactive Brokers Group, Inc.",NASDAQ,NASDAQ,US,Financial Services,Investment - Banking & Investment Services,148921835334
ISRG,"Intuitive Surgical, Inc.",NASDAQ,NASDAQ,US,Healthcare,Medical - Instruments & Supplies,145614126040
VRTX,Vertex Pharmaceuticals Incorporated,NASDAQ,NASDAQ,US,Healthcare,Biotechnology,133686707650
FTNT,"Fortinet, Inc.",NASDAQ,NASDAQ,US,Technology,Software - Infrastructure,129104254382
BKNG,Booking Holdings Inc.,NASDAQ,NASDAQ,US,Consumer Cyclical,Travel Services,125793694520
PDD,PDD Holdings Inc.,NASDAQ,NASDAQ,IE,Consumer Cyclical,Specialty Retail,110313224798
SBUX,Starbucks Corporation,NASDAQ,NASDAQ,US,Consumer Cyclical,Restaurants,108790200000
ADP,"Automatic Data Processing, Inc.",NASDAQ,NASDAQ,US,Technology,Software - Application,104650361200
HOOD,"Robinhood Markets, Inc.",NASDAQ,NASDAQ,US,Financial Services,Financial - Capital Markets,104491346649
APP,AppLovin Corporation,NASDAQ,NASDAQ,US,Technology,Software - Application,102683270321
EQIX,"Equinix, Inc.",NASDAQ,NASDAQ,US,Real Estate,REIT - Specialty,100178402645
SNY,Sanofi,NASDAQ,NASDAQ,FR,Healthcare,Drug Manufacturers - General,97824888000
DDOG,"Datadog, Inc.",NASDAQ,NASDAQ,US,Technology,Software - Application,95596664329
CEG,Constellation Energy Corporation,NASDAQ,NASDAQ,US,Utilities,Independent Power Producers,95011212452
CME,CME Group Inc.,NASDAQ,NASDAQ,US,Financial Services,Financial - Data & Stock Exchanges,94648457818
MAR,"Marriott International, Inc.",NASDAQ,NASDAQ,US,Consumer Cyclical,Travel Lodging,94298305067
ABNB,"Airbnb, Inc.",NASDAQ,NASDAQ,US,Consumer Cyclical,Travel Services,93157899208
ADBE,Adobe Inc.,NASDAQ,NASDAQ,US,Technology,Software - Application,92685075000
CDNS,"Cadence Design Systems, Inc.",NASDAQ,NASDAQ,US,Technology,Software - Application,89274148810
MELI,"MercadoLibre, Inc.",NASDAQ,NASDAQ,UY,Consumer Cyclical,Specialty Retail,87447569232
CSX,CSX Corporation,NASDAQ,NASDAQ,US,Industrials,Railroads,86936886400
MNST,Monster Beverage Corporation,NASDAQ,NASDAQ,US,Consumer Defensive,Beverages - Non-Alcoholic,81644117023
DASH,"DoorDash, Inc.",NASDAQ,NASDAQ,US,Communication Services,Internet Content & Information,81522971015
MRNA,"Moderna, Inc.",NASDAQ,NASDAQ,US,Healthcare,Biotechnology,80730079560
SNPS,"Synopsys, Inc.",NASDAQ,NASDAQ,US,Technology,Software - Infrastructure,79481153014
CTAS,Cintas Corporation,NASDAQ,NASDAQ,US,Industrials,Specialty Business Services,79129528992
NTES,"NetEase, Inc.",NASDAQ,NASDAQ,CN,Technology,Electronic Gaming & Multimedia,77772486908
WBD,"Warner Bros. Discovery, Inc.",NASDAQ,NASDAQ,US,Communication Services,Entertainment,77345167257
REGN,"Regeneron Pharmaceuticals, Inc.",NASDAQ,NASDAQ,US,Healthcare,Biotechnology,77319041220
CMCSA,Comcast Corporation,NASDAQ,NASDAQ,US,Communication Services,Telecommunications Services,76650550841
LITE,Lumentum Holdings Inc.,NASDAQ,NASDAQ,US,Technology,Communication Equipment,75737522000
MDLZ,"Mondelez International, Inc.",NASDAQ,NASDAQ,US,Consumer Defensive,Food Confectioners,75710709200
ROST,"Ross Stores, Inc.",NASDAQ,NASDAQ,US,Consumer Cyclical,Apparel - Retail,75191084214
INTU,Intuit Inc.,NASDAQ,NASDAQ,US,Technology,Software - Application,73316122110
ORLY,"O'Reilly Automotive, Inc.",NASDAQ,NASDAQ,US,Consumer Cyclical,Specialty Retail,71327500050
SATA,Strive Inc. Perp. Pfd. Series A,NASDAQ,NASDAQ,US,Financial Services,Asset Management,69880477349
MPWR,"Monolithic Power Systems, Inc.",NASDAQ,NASDAQ,US,Technology,Semiconductors,66619788700
HON,Honeywell International Inc.,NASDAQ,NASDAQ,US,Industrials,Conglomerates,66598602200
AEP,"American Electric Power Company, Inc.",NASDAQ,NASDAQ,US,Utilities,Regulated Electric,64946562100
TER,"Teradyne, Inc.",NASDAQ,NASDAQ,US,Technology,Semiconductors,63008549820
ALAB,"Astera Labs, Inc. Common Stock",NASDAQ,NASDAQ,US,Technology,Semiconductors,61336616892
ARGX,argenx SE,NASDAQ,NASDAQ,NL,Healthcare,Biotechnology,60363181799
NXPI,NXP Semiconductors N.V.,NASDAQ,NASDAQ,NL,Technology,Semiconductors,59629262226
NTRA,"Natera, Inc.",NASDAQ,NASDAQ,US,Healthcare,Medical - Diagnostics & Research,59365481800
PCAR,PACCAR Inc,NASDAQ,NASDAQ,US,Industrials,Industrial - Machinery,58847601745
FAST,Fastenal Company,NASDAQ,NASDAQ,US,Industrials,Industrial - Distribution,57329100000
NBIS,Nebius Group N.V.,NASDAQ,NASDAQ,NL,Technology,Software - Application,56965200000
BKR,Baker Hughes Company,NASDAQ,NASDAQ,US,Energy,Oil & Gas Equipment & Services,55510330080
FANG,"Diamondback Energy, Inc.",NASDAQ,NASDAQ,US,Energy,Oil & Gas Exploration & Production,51747526350
NDAQ,"Nasdaq, Inc.",NASDAQ,NASDAQ,US,Financial Services,Financial - Data & Stock Exchanges,51342071618
MSTR,Strategy Inc,NASDAQ,NASDAQ,US,Technology,Software - Application,51166073360
COIN,"Coinbase Global, Inc.",NASDAQ,NASDAQ,US,Financial Services,Financial - Data & Stock Exchanges,50133761003
WDAY,"Workday, Inc.",NASDAQ,NASDAQ,US,Technology,Software - Application,49551588381
HONA,Honeywell Aerospace Inc,NASDAQ,NASDAQ,US,Industrials,Aerospace & Defense,49265114740
CRWV,"CoreWeave, Inc. Class A Common Stock",NASDAQ,NASDAQ,US,Technology,Software - Infrastructure,46880863441
EBAY,eBay Inc.,NASDAQ,NASDAQ,US,Consumer Cyclical,Specialty Retail,46713240000
CBRS,Cerebras Systems Inc.,NASDAQ,NASDAQ,US,Technology,Semiconductors,46313109793
TEAM,Atlassian Corporation,NASDAQ,NASDAQ,AU,Technology,Software - Application,46220172467
PYPL,"PayPal Holdings, Inc.",NASDAQ,NASDAQ,US,Financial Services,Financial - Credit Services,46100793290
CCEP,Coca-Cola Europacific Partners PLC,NASDAQ,NASDAQ,GB,Consumer Defensive,Beverages - Non-Alcoholic,45336769220
SMCIP,"Super Micro Computer, Inc.",NASDAQ,NASDAQ,US,Technology,Computer Hardware,45159774100
XEL,Xcel Energy Inc.,NASDAQ,NASDAQ,US,Utilities,Regulated Electric,44155377460
RVMD,"Revolution Medicines, Inc.",NASDAQ,NASDAQ,US,Healthcare,Biotechnology,43471630080
ADSK,"Autodesk, Inc.",NASDAQ,NASDAQ,US,Technology,Software - Application,42900492098
MCHP,Microchip Technology Incorporated,NASDAQ,NASDAQ,US,Technology,Semiconductors,42778170240
KDP,Keurig Dr Pepper Inc.,NASDAQ,NASDAQ,US,Consumer Defensive,Beverages - Non-Alcoholic,42218160385
IDXX,"IDEXX Laboratories, Inc.",NASDAQ,NASDAQ,US,Healthcare,Medical - Diagnostics & Research,42079347520
FLEX,Flex Ltd.,NASDAQ,NASDAQ,US,Technology,"Hardware, Equipment & Parts",42049140986
TRI,Thomson Reuters Corporation,NASDAQ,NASDAQ,CA,Industrials,Specialty Business Services,42012497673
EXC,Exelon Corporation,NASDAQ,NASDAQ,US,Utilities,Regulated Electric,41879823189
ILMN,"Illumina, Inc.",NASDAQ,NASDAQ,US,Healthcare,Medical - Diagnostics & Research,41153600000
NTAP,"NetApp, Inc.",NASDAQ,NASDAQ,US,Technology,Computer Hardware,41048228120
RKLB,"Rocket Lab USA, Inc.",NASDAQ,NASDAQ,US,Industrials,Aerospace & Defense,40347063008
FER,Ferrovial SE,NASDAQ,NASDAQ,NL,Industrials,Engineering & Construction,39581355398
ONC,BeOne Medicines AG,NASDAQ,NASDAQ,CH,Healthcare,Biotechnology,39032194067
TTWO,"Take-Two Interactive Software, Inc.",NASDAQ,NASDAQ,US,Technology,Electronic Gaming & Multimedia,37915804400
VOD,Vodafone Group Public Limited Company,NASDAQ,NASDAQ,GB,Communication Services,Telecommunications Services,37605462916
JD,"JD.com, Inc.",NASDAQ,NASDAQ,CN,Consumer Cyclical,Specialty Retail,36921251108
ODFL,"Old Dominion Freight Line, Inc.",NASDAQ,NASDAQ,US,Industrials,Trucking,36906051501
UAL,"United Airlines Holdings, Inc.",NASDAQ,NASDAQ,US,Industrials,"Airlines, Airports & Air Services",36562779859
MCHPP,Microchip Technology Incorporated,NASDAQ,NASDAQ,US,Technology,Semiconductors,36549935790
CRDO,Credo Technology Group Holding Ltd,NASDAQ,NASDAQ,KY,Technology,Semiconductors,35869023680
PAYX,"Paychex, Inc.",NASDAQ,NASDAQ,US,Industrials,Staffing & Employment Services,35322864827
ROP,"Roper Technologies, Inc.",NASDAQ,NASDAQ,US,Technology,Software - Application,35265445650
STRC,Strategy Inc,NASDAQ,NASDAQ,US,Technology,Software - Application,34341600765
OKTA,"Okta, Inc.",NASDAQ,NASDAQ,US,Technology,Software - Infrastructure,34034665600
ALNY,"Alnylam Pharmaceuticals, Inc.",NASDAQ,NASDAQ,US,Healthcare,Biotechnology,33996852630
AXON,"Axon Enterprise, Inc.",NASDAQ,NASDAQ,US,Industrials,Aerospace & Defense,33819019468
BIIB,Biogen Inc.,NASDAQ,NASDAQ,US,Healthcare,Drug Manufacturers - General,33550500326
ACGL,Arch Capital Group Ltd.,NASDAQ,NASDAQ,BM,Financial Services,Insurance - Diversified,33233976800
ESLT,Elbit Systems Ltd.,NASDAQ,NASDAQ,IL,Industrials,Aerospace & Defense,32953712366
KMB,Kimberly-Clark Corporation,NASDAQ,NASDAQ,US,Consumer Defensive,Household & Personal Products,32858740600
DXCM,"DexCom, Inc.",NASDAQ,NASDAQ,US,Healthcare,Medical - Devices,32694557040
ZS,"Zscaler, Inc.",NASDAQ,NASDAQ,US,Technology,Software - Infrastructure,32075892831
STLD,"Steel Dynamics, Inc.",NASDAQ,NASDAQ,US,Basic Materials,Steel,31804504724
NTRS,Northern Trust Corporation,NASDAQ,NASDAQ,US,Financial Services,Asset Management,31640410640
HBAN,Huntington Bancshares Incorporated,NASDAQ,NASDAQ,US,Financial Services,Banks - Regional,30851736714
STRF,MicroStrategy Incorporated 10.00% Series A Perpetual Strife Preferred Stock,NASDAQ,NASDAQ,US,Technology,Software - Application,30845057195
ERIC,Telefonaktiebolaget LM Ericsson (publ),NASDAQ,NASDAQ,SE,Technology,Communication Equipment,30603920033
EXPE,"Expedia Group, Inc.",NASDAQ,NASDAQ,US,Consumer Cyclical,Travel Services,30494418796
GEHC,GE HealthCare Technologies Inc.,NASDAQ,NASDAQ,US,Healthcare,Medical - Devices,30019068308
MDLN,Medline Inc.,NASDAQ,NASDAQ,US,Healthcare,Medical - Instruments & Supplies,29579304421
ON,ON Semiconductor Corporation,NASDAQ,NASDAQ,US,Technology,Semiconductors,29568246400
BIDU,"Baidu, Inc.",NASDAQ,NASDAQ,CN,Communication Services,Internet Content & Information,29492219240
RYAAY,Ryanair Holdings plc,NASDAQ,NASDAQ,IE,Industrials,"Airlines, Airports & Air Services",28822338295
FOXA,Fox Corporation,NASDAQ,NASDAQ,US,Communication Services,Entertainment,27397782591
MDB,"MongoDB, Inc.",NASDAQ,NASDAQ,US,Technology,Software - Infrastructure,27120841465
WTW,Willis Towers Watson Public Limited Company,NASDAQ,NASDAQ,GB,Financial Services,Insurance - Brokers,26800055726
SYM,Symbotic Inc.,NASDAQ,NASDAQ,US,Industrials,Industrial - Machinery,26636842138
SMCI,"Super Micro Computer, Inc.",NASDAQ,NASDAQ,US,Technology,Computer Hardware,26534730460
TSEM,Tower Semiconductor Ltd.,NASDAQ,NASDAQ,IL,Technology,Semiconductors,26449550684
ROIV,Roivant Sciences Ltd.,NASDAQ,NASDAQ,GB,Healthcare,Biotechnology,26367819000
GFS,GLOBALFOUNDRIES Inc.,NASDAQ,NASDAQ,US,Technology,Semiconductors,26260821867
ZM,"Zoom Communications, Inc.",NASDAQ,NASDAQ,US,Technology,Software - Application,25908533063
RPRX,Royalty Pharma plc,NASDAQ,NASDAQ,US,Healthcare,Medical - Pharmaceuticals,25807412280
CTSH,Cognizant Technology Solutions Corporation,NASDAQ,NASDAQ,US,Technology,Information Technology Services,25603248840
VRSN,"VeriSign, Inc.",NASDAQ,NASDAQ,US,Technology,Software - Infrastructure,25297536000
CPRT,"Copart, Inc.",NASDAQ,NASDAQ,US,Industrials,Specialty Business Services,25126523621
TCOM,Trip.com Group Limited,NASDAQ,NASDAQ,SG,Consumer Cyclical,Travel Services,25099904006
INSM,Insmed Incorporated,NASDAQ,NASDAQ,US,Healthcare,Biotechnology,25063033760
INCY,Incyte Corporation,NASDAQ,NASDAQ,US,Healthcare,Biotechnology,24972362307
BNTX,BioNTech SE,NASDAQ,NASDAQ,DE,Healthcare,Biotechnology,24761214357
CINF,Cincinnati Financial Corporation,NASDAQ,NASDAQ,US,Financial Services,Insurance - Property & Casualty,24729917391
FFIV,"F5, Inc.",NASDAQ,NASDAQ,US,Technology,Software - Infrastructure,24715558944
LPLA,LPL Financial Holdings Inc.,NASDAQ,NASDAQ,US,Financial Services,Financial - Capital Markets,24638720331
FOX,Fox Corporation,NASDAQ,NASDAQ,US,Communication Services,Entertainment,24481725385
PFG,"Principal Financial Group, Inc.",NASDAQ,NASDAQ,US,Financial Services,Asset Management,24401546850
FISV,"Fiserv, Inc.",NASDAQ,NASDAQ,US,Technology,Information Technology Services,24188401440
ASTS,"AST SpaceMobile, Inc.",NASDAQ,NASDAQ,US,Communication Services,Telecommunications Services,24169387889
STRD,Strategy Inc,NASDAQ,NASDAQ,US,Technology,Software - Application,24142367840
GH,"Guardant Health, Inc.",NASDAQ,NASDAQ,US,Healthcare,Medical - Diagnostics & Research,23850685294
FCNCA,"First Citizens BancShares, Inc.",NASDAQ,NASDAQ,US,Financial Services,Banks - Regional,23617551225
ENTG,"Entegris, Inc.",NASDAQ,NASDAQ,US,Technology,Semiconductors,23602425000
ULTA,"Ulta Beauty, Inc.",NASDAQ,NASDAQ,US,Consumer Cyclical,Specialty Retail,23553413604
FWONK,Liberty Media Corporation,NASDAQ,NASDAQ,US,Communication Services,Entertainment,23326380511
AFRM,"Affirm Holdings, Inc.",NASDAQ,NASDAQ,US,Financial Services,Financial - Credit Services,23208469931
TMUSL,"T-Mobile US, Inc. 6.25 % Notes -01.09.69",NASDAQ,NASDAQ,US,Communication Services,Telecommunications Services,22654824467
ROKU,"Roku, Inc.",NASDAQ,NASDAQ,US,Communication Services,Entertainment,22568776375
TROW,"T. Rowe Price Group, Inc.",NASDAQ,NASDAQ,US,Financial Services,Asset Management,22393044170
CASY,"Casey's General Stores, Inc.",NASDAQ,NASDAQ,US,Consumer Cyclical,Specialty Retail,22199239510
STRK,Strategy Inc,NASDAQ,NASDAQ,US,Technology,Software - Application,22179446886
BSP,Bending Spoons S.p.A.,NASDAQ,NASDAQ,IT,Technology,Software - Application,21932851506
GMAB,Genmab A/S,NASDAQ,NASDAQ,DK,Healthcare,Biotechnology,21837699607
DLTR,"Dollar Tree, Inc.",NASDAQ,NASDAQ,US,Consumer Defensive,Discount Stores,21773427500
MTSI,"MACOM Technology Solutions Holdings, Inc.",NASDAQ,NASDAQ,US,Technology,Semiconductors,21688599675
VRSK,"Verisk Analytics, Inc.",NASDAQ,NASDAQ,US,Technology,Software - Services,21598089793
JBHT,"J.B. Hunt Transport Services, Inc.",NASDAQ,NASDAQ,US,Industrials,Integrated Freight & Logistics,21532808272
TW,Tradeweb Markets Inc.,NASDAQ,NASDAQ,US,Financial Services,Financial - Capital Markets,21418484305
FWONA,Formula One Group,NASDAQ,NASDAQ,US,Communication Services,Entertainment,21389198287
VTRS,Viatris Inc.,NASDAQ,NASDAQ,US,Healthcare,Drug Manufacturers - Specialty & Generic,21101694090
FCNCN,"First Citizens BancShares, Inc. Depositary Shares, each representing a 1/40th interest in a share of 6.625% Non-Cumulative Perpetual Preferred Stock, Series E",NASDAQ,NASDAQ,US,Financial Services,Banks - Regional,21045186520
UTHR,United Therapeutics Corporation,NASDAQ,NASDAQ,US,Healthcare,Biotechnology,20436812649
SOFI,"SoFi Technologies, Inc.",NASDAQ,NASDAQ,US,Financial Services,Financial - Credit Services,20408393400
RGLD,"Royal Gold, Inc.",NASDAQ,NASDAQ,US,Basic Materials,Gold,20277177216
TMUSI,T-Mobile USA Inc 5.5 % Notes 2025-01.06.70,NASDAQ,NASDAQ,US,Communication Services,Telecommunications Services,20273493486
WWD,"Woodward, Inc.",NASDAQ,NASDAQ,US,Industrials,Aerospace & Defense,19649248762
EXE,Expand Energy Corporation,NASDAQ,NASDAQ,US,Energy,Oil & Gas Exploration & Production,19488006720
FSLR,"First Solar, Inc.",NASDAQ,NASDAQ,US,Energy,Solar,19014629414
NTNX,"Nutanix, Inc.",NASDAQ,NASDAQ,US,Technology,Software - Infrastructure,18946728800
NDSN,Nordson Corporation,NASDAQ,NASDAQ,US,Industrials,Industrial - Machinery,18360752540
SSNC,"SS&C Technologies Holdings, Inc.",NASDAQ,NASDAQ,US,Technology,Software - Application,18206881605
KSPI,Joint Stock Company Kaspi.kz,NASDAQ,NASDAQ,KZ,Technology,Software - Infrastructure,18195110720
RIVN,"Rivian Automotive, Inc.",NASDAQ,NASDAQ,US,Consumer Cyclical,Auto - Manufacturers,18171752298
EVRG,"Evergy, Inc.",NASDAQ,NASDAQ,US,Utilities,Regulated Electric,18148288490
MKSI,MKS Inc.,NASDAQ,NASDAQ,US,Technology,"Hardware, Equipment & Parts",17968081482
ZBRA,Zebra Technologies Corporation,NASDAQ,NASDAQ,US,Technology,Communication Equipment,17908729398
CHRW,"C.H. Robinson Worldwide, Inc.",NASDAQ,NASDAQ,US,Industrials,Integrated Freight & Logistics,17646773118
MEDP,"Medpace Holdings, Inc.",NASDAQ,NASDAQ,US,Healthcare,Medical - Diagnostics & Research,17364147687
FTAI,FTAI Aviation Ltd.,NASDAQ,NASDAQ,US,Industrials,Aerospace & Defense,17329346190
SBAC,SBA Communications Corporation,NASDAQ,NASDAQ,US,Real Estate,REIT - Specialty,17268117030
NWS,News Corporation,NASDAQ,NASDAQ,US,Communication Services,Publishing,17243021849
EWBC,"East West Bancorp, Inc.",NASDAQ,NASDAQ,US,Financial Services,Banks - Regional,17195770806
SITM,SiTime Corporation,NASDAQ,NASDAQ,US,Technology,Semiconductors,17195667424
LSCC,Lattice Semiconductor Corporation,NASDAQ,NASDAQ,US,Technology,Semiconductors,17187653600
PAA,"Plains All American Pipeline, L.P.",NASDAQ,NASDAQ,US,Energy,Oil & Gas Midstream,16883380760
SMTC,Semtech Corporation,NASDAQ,NASDAQ,US,Technology,Semiconductors,16776525357
TPG,TPG Inc.,NASDAQ,NASDAQ,US,Financial Services,Asset Management,16675082810
LNT,Alliant Energy Corporation,NASDAQ,NASDAQ,US,Utilities,Regulated Electric,16617542180
CDW,CDW Corporation,NASDAQ,NASDAQ,US,Technology,Information Technology Services,16570841630
TSCO,Tractor Supply Company,NASDAQ,NASDAQ,US,Consumer Cyclical,Specialty Retail,16525419500
NWSA,News Corporation,NASDAQ,NASDAQ,US,Communication Services,Publishing,16009185417
PTC,PTC Inc.,NASDAQ,NASDAQ,US,Technology,Software - Application,15889005360
FUTU,Futu Holdings Limited,NASDAQ,NASDAQ,HK,Financial Services,Financial - Capital Markets,15767296395
AKAM,"Akamai Technologies, Inc.",NASDAQ,NASDAQ,US,Technology,Software - Infrastructure,15767052161
STRL,"Sterling Infrastructure, Inc.",NASDAQ,NASDAQ,US,Industrials,Engineering & Construction,15494588840
TIGO,Millicom International Cellular S.A.,NASDAQ,NASDAQ,LU,Communication Services,Telecommunications Services,15370252073
HST,"Host Hotels & Resorts, Inc.",NASDAQ,NASDAQ,US,Real Estate,REIT - Hotel & Motel,15368684760
COKE,"Coca-Cola Consolidated, Inc.",NASDAQ,NASDAQ,US,Consumer Defensive,Beverages - Non-Alcoholic,14991534499
CHTR,"Charter Communications, Inc.",NASDAQ,NASDAQ,US,Communication Services,Telecommunications Services,14915824154
APA,APA Corporation,NASDAQ,NASDAQ,US,Energy,Oil & Gas Exploration & Production,14912899300
LAMR,Lamar Advertising Company,NASDAQ,NASDAQ,US,Real Estate,REIT - Specialty,14811306180
IREN,IREN Limited,NASDAQ,NASDAQ,AU,Technology,Information Technology Services,14766761447
LECO,"Lincoln Electric Holdings, Inc.",NASDAQ,NASDAQ,US,Industrials,Manufacturing - Tools & Accessories,14760715698
EXEL,"Exelixis, Inc.",NASDAQ,NASDAQ,US,Healthcare,Biotechnology,14741975618
JAZZ,Jazz Pharmaceuticals plc,NASDAQ,NASDAQ,IE,Healthcare,Biotechnology,14595669360
TEM,"Tempus AI, Inc.",NASDAQ,NASDAQ,US,Healthcare,Medical - Healthcare Information Services,14468021781
LOGI,Logitech International S.A.,NASDAQ,NASDAQ,CH,Technology,Computer Hardware,14452768180
VNOM,"Viper Energy, Inc.",NASDAQ,NASDAQ,US,Energy,Oil & Gas Midstream,14429837431
WMG,Warner Music Group Corp.,NASDAQ,NASDAQ,US,Communication Services,Entertainment,14413511307
RML,Resolution Minerals Ltd. Sponsored ADR,NASDAQ,NASDAQ,AU,Basic Materials,Other Precious Metals,14340558000
TLN,Talen Energy Corporation,NASDAQ,NASDAQ,US,Utilities,Independent Power Producers,14292164319
CG,The Carlyle Group Inc.,NASDAQ,NASDAQ,US,Financial Services,Asset Management,14283768320
ECHO,EchoStar Corporation,NASDAQ,NASDAQ,US,Communication Services,Telecommunications Services,14244418850
ASND,Ascendis Pharma A/S,NASDAQ,NASDAQ,DK,Healthcare,Biotechnology,14165791472
NBIX,"Neurocrine Biosciences, Inc.",NASDAQ,NASDAQ,US,Healthcare,Biotechnology,13911090148
ARCC,Ares Capital Corporation,NASDAQ,NASDAQ,US,Financial Services,Asset Management,13900922279
INIO,INNIO N.V. Ordinary Shares,NASDAQ,NASDAQ,DE,Industrials,Industrial - Machinery,13785000000
AMKR,"Amkor Technology, Inc.",NASDAQ,NASDAQ,US,Technology,Semiconductors,13451191280
TRMB,Trimble Inc.,NASDAQ,NASDAQ,US,Technology,"Hardware, Equipment & Parts",13366614499
REG,Regency Centers Corporation,NASDAQ,NASDAQ,US,Real Estate,REIT - Retail,13268771096
HTHT,H World Group Limited,NASDAQ,NASDAQ,CN,Consumer Cyclical,Travel Lodging,13250545390
SWKS,"Skyworks Solutions, Inc.",NASDAQ,NASDAQ,US,Technology,Semiconductors,13247623727
HALO,"Halozyme Therapeutics, Inc.",NASDAQ,NASDAQ,US,Healthcare,Biotechnology,13232466280
VICR,Vicor Corporation,NASDAQ,NASDAQ,US,Technology,"Hardware, Equipment & Parts",13177567360
SMMT,Summit Therapeutics Inc.,NASDAQ,NASDAQ,US,Healthcare,Biotechnology,13075115977
ICLR,ICON Public Limited Company,NASDAQ,NASDAQ,IE,Healthcare,Medical - Diagnostics & Research,13043239555
CHKP,Check Point Software Technologies Ltd.,NASDAQ,NASDAQ,IL,Technology,Software - Infrastructure,12959679930
IESC,"IES Holdings, Inc.",NASDAQ,NASDAQ,US,Industrials,Engineering & Construction,12928220232
BBIO,"BridgeBio Pharma, Inc.",NASDAQ,NASDAQ,US,Healthcare,Biotechnology,12920966135
QNT,Quantinuum Inc. Class A Common Stock,NASDAQ,NASDAQ,US,Technology,Computer Hardware,12831005516
DOCU,"DocuSign, Inc.",NASDAQ,NASDAQ,US,Technology,Software - Application,12789496100
XELLL,"Xcel Energy Inc. 6.25% Junior Subordinated Notes, Series due 2085",NASDAQ,NASDAQ,US,Utilities,Regulated Electric,12775286506
TTMI,"TTM Technologies, Inc.",NASDAQ,NASDAQ,US,Technology,"Hardware, Equipment & Parts",12752780000
GEN,Gen Digital Inc.,NASDAQ,NASDAQ,US,Technology,Software - Infrastructure,12480331805
HAS,"Hasbro, Inc.",NASDAQ,NASDAQ,US,Consumer Cyclical,Leisure,12448584657
SEIC,SEI Investments Company,NASDAQ,NASDAQ,US,Financial Services,Asset Management,12403963650
CORT,Corcept Therapeutics Incorporated,NASDAQ,NASDAQ,US,Healthcare,Medical - Pharmaceuticals,12403164520
GRAB,Grab Holdings Limited,NASDAQ,NASDAQ,SG,Technology,Software - Application,12394917600
FIVE,"Five Below, Inc.",NASDAQ,NASDAQ,US,Consumer Cyclical,Specialty Retail,12277226783
NVMI,Nova Ltd.,NASDAQ,NASDAQ,IL,Technology,Semiconductors,12240268960
NXT,Nextpower Inc.,NASDAQ,NASDAQ,US,Energy,Solar,12027620051
SANM,Sanmina Corporation,NASDAQ,NASDAQ,US,Technology,"Hardware, Equipment & Parts",11937748902
MDGL,"Madrigal Pharmaceuticals, Inc.",NASDAQ,NASDAQ,US,Healthcare,Biotechnology,11770152704
SAIL,"SailPoint, Inc.",NASDAQ,NASDAQ,US,Technology,Software - Infrastructure,11723672548
MANH,"Manhattan Associates, Inc.",NASDAQ,NASDAQ,US,Technology,Software - Application,11667413550
TWST,Twist Bioscience Corporation,NASDAQ,NASDAQ,US,Healthcare,Biotechnology,11590557069
BMRN,BioMarin Pharmaceutical Inc.,NASDAQ,NASDAQ,US,Healthcare,Biotechnology,11571913080
TXG,"10x Genomics, Inc.",NASDAQ,NASDAQ,US,Healthcare,Biotechnology,11431135618
WSE,Wise Group plc Class A Ordinary Shares,NASDAQ,NASDAQ,GB,Technology,Information Technology Services,11383011148
AEIS,"Advanced Energy Industries, Inc.",NASDAQ,NASDAQ,US,Technology,"Hardware, Equipment & Parts",11346278320
LI,Li Auto Inc.,NASDAQ,NASDAQ,CN,Consumer Cyclical,Auto - Manufacturers,11341854764
TECH,Bio-Techne Corporation,NASDAQ,NASDAQ,US,Healthcare,Biotechnology,11332464220
RMBS,Rambus Inc.,NASDAQ,NASDAQ,US,Technology,Semiconductors,11184560192
COO,"The Cooper Companies, Inc.",NASDAQ,NASDAQ,US,Healthcare,Medical - Instruments & Supplies,11044605530
LULU,Lululemon Athletica Inc.,NASDAQ,NASDAQ,CA,Consumer Cyclical,Apparel - Retail,10999967843
RGEN,Repligen Corporation,NASDAQ,NASDAQ,US,Healthcare,Medical - Instruments & Supplies,10980674692
FROG,JFrog Ltd.,NASDAQ,NASDAQ,US,Technology,Software - Application,10945614400
BTSG,"BrightSpring Health Services, Inc. Common Stock",NASDAQ,NASDAQ,US,Healthcare,Medical - Healthcare Information Services,10929630296
CSGP,"CoStar Group, Inc.",NASDAQ,NASDAQ,US,Real Estate,Real Estate - Services,10920086100
LFUS,"Littelfuse, Inc.",NASDAQ,NASDAQ,US,Technology,"Hardware, Equipment & Parts",10889946612
PSKY,Paramount Skydance Corporation Class B Common Stock,NASDAQ,NASDAQ,US,Communication Services,Entertainment,10865823300
AGNC,AGNC Investment Corp.,NASDAQ,NASDAQ,US,Real Estate,REIT - Mortgage,10847938500
GLPI,"Gaming and Leisure Properties, Inc.",NASDAQ,NASDAQ,US,Real Estate,REIT - Specialty,10838899855
PAYP,PayPay Corporation,NASDAQ,NASDAQ,JP,Technology,Software - Infrastructure,10725947258
GSAT,"Globalstar, Inc.",NASDAQ,NASDAQ,US,Communication Services,Telecommunications Services,10636677811
FORM,"FormFactor, Inc.",NASDAQ,NASDAQ,US,Technology,Semiconductors,10621337685
XP,XP Inc.,NASDAQ,NASDAQ,KY,Financial Services,Financial - Capital Markets,10603904815
AUR,"Aurora Innovation, Inc.",NASDAQ,NASDAQ,US,Technology,Software - Application,10570884499
HUT,Hut 8 Corp.,NASDAQ,NASDAQ,US,Financial Services,Financial - Capital Markets,10455488962
FRHC,Freedom Holding Corp.,NASDAQ,NASDAQ,US,Financial Services,Financial - Conglomerates,10418516148
JKHY,"Jack Henry & Associates, Inc.",NASDAQ,NASDAQ,US,Technology,Information Technology Services,10389047976
TXRH,"Texas Roadhouse, Inc.",NASDAQ,NASDAQ,US,Consumer Cyclical,Restaurants,10333352774
VIAV,Viavi Solutions Inc.,NASDAQ,NASDAQ,US,Technology,Communication Equipment,10316393758
ALGN,"Align Technology, Inc.",NASDAQ,NASDAQ,US,Healthcare,Medical - Devices,10313726469
QRVO,"Qorvo, Inc.",NASDAQ,NASDAQ,US,Technology,Semiconductors,10299871800
ERIE,Erie Indemnity Company,NASDAQ,NASDAQ,US,Financial Services,Insurance - Property & Casualty,10273841513
ENSG,"The Ensign Group, Inc.",NASDAQ,NASDAQ,US,Healthcare,Medical - Care Facilities,10230315640
CART,Maplebear Inc.,NASDAQ,NASDAQ,US,Technology,Software - Services,10221446611
CHYM,"Chime Financial, Inc. Class A Common Stock",NASDAQ,NASDAQ,US,Technology,Software - Application,10104627248
UMBF,UMB Financial Corporation,NASDAQ,NASDAQ,US,Financial Services,Banks - Regional,10013252746
DPZ,"Domino's Pizza, Inc.",NASDAQ,NASDAQ,US,Consumer Cyclical,Restaurants,9984398440
BPOP,"Popular, Inc.",NASDAQ,NASDAQ,PR,Financial Services,Banks - Regional,9982365210
CGNX,Cognex Corporation,NASDAQ,NASDAQ,US,Technology,"Hardware, Equipment & Parts",9930248641
KRYS,"Krystal Biotech, Inc.",NASDAQ,NASDAQ,US,Healthcare,Biotechnology,9877501788
BRKR,Bruker Corporation,NASDAQ,NASDAQ,US,Healthcare,Medical - Devices,9820075004
DRS,"Leonardo DRS, Inc.",NASDAQ,NASDAQ,US,Industrials,Aerospace & Defense,9802925272
ENLT,Enlight Renewable Energy Ltd,NASDAQ,NASDAQ,IL,Utilities,Renewable Utilities,9776740992
DKNG,DraftKings Inc.,NASDAQ,NASDAQ,US,Consumer Cyclical,"Gambling, Resorts & Casinos",9719163525
HSIC,"Henry Schein, Inc.",NASDAQ,NASDAQ,US,Healthcare,Medical - Distribution,9679527490
WTFC,Wintrust Financial Corporation,NASDAQ,NASDAQ,US,Financial Services,Banks - Regional,9678084822
AXSM,"Axsome Therapeutics, Inc.",NASDAQ,NASDAQ,US,Healthcare,Biotechnology,9578720843
VSAT,"Viasat, Inc.",NASDAQ,NASDAQ,US,Technology,Communication Equipment,9517526804
ONB,Old National Bancorp,NASDAQ,NASDAQ,US,Financial Services,Banks - Regional,9503038800
MTCH,"Match Group, Inc.",NASDAQ,NASDAQ,US,Communication Services,Internet Content & Information,9361004710
ARWR,"Arrowhead Pharmaceuticals, Inc.",NASDAQ,NASDAQ,US,Healthcare,Biotechnology,9331776250
SIMO,Silicon Motion Technology Corporation,NASDAQ,NASDAQ,HK,Technology,Semiconductors,9266638000
IBRX,"ImmunityBio, Inc.",NASDAQ,NASDAQ,US,Healthcare,Biotechnology,9248100491
FCFS,"FirstCash Holdings, Inc",NASDAQ,NASDAQ,US,Financial Services,Financial - Credit Services,9230386476
PODD,Insulet Corp.,NASDAQ,NASDAQ,US,Healthcare,Medical - Devices,9201119294
ZION,"Zions Bancorporation, National Association",NASDAQ,NASDAQ,US,Financial Services,Banks - Regional,9137240790
LLYVK,Liberty Live Group,NASDAQ,NASDAQ,US,Communication Services,Entertainment,9119479102
BSY,"Bentley Systems, Incorporated",NASDAQ,NASDAQ,US,Technology,Software - Application,9095801743
KYMR,"Kymera Therapeutics, Inc.",NASDAQ,NASDAQ,US,Healthcare,Biotechnology,9090286050
PTGX,"Protagonist Therapeutics, Inc.",NASDAQ,NASDAQ,US,Healthcare,Biotechnology,9065974252
APC,ARKO Petroleum Corp. Class A Common Stock,NASDAQ,NASDAQ,US,Energy,Oil & Gas Refining & Marketing,9041791311
AAL,American Airlines Group Inc.,NASDAQ,NASDAQ,US,Industrials,"Airlines, Airports & Air Services",9009411033
SAIA,"Saia, Inc.",NASDAQ,NASDAQ,US,Industrials,Trucking,8971201472
CAI,"Caris Life Sciences, Inc.",NASDAQ,NASDAQ,US,Healthcare,Biotechnology,8918575927
SOLS,Solstice Advanced Materials Inc.,NASDAQ,NASDAQ,US,Basic Materials,Chemicals - Specialty,8897040970
TTEK,"Tetra Tech, Inc.",NASDAQ,NASDAQ,US,Industrials,Engineering & Construction,8745992466
SIRI,Sirius XM Holdings Inc.,NASDAQ,NASDAQ,US,Communication Services,Broadcasting,8682842958
TGTX,"TG Therapeutics, Inc.",NASDAQ,NASDAQ,US,Healthcare,Biotechnology,8601766360
MXL,"MaxLinear, Inc.",NASDAQ,NASDAQ,US,Technology,Semiconductors,8409072670
AVT,"Avnet, Inc.",NASDAQ,NASDAQ,US,Technology,Technology Distributors,8407468303
OXLCG,Oxford Lane Capital Corp. 7.95% Notes due 2032,NASDAQ,NASDAQ,US,Financial Services,Asset Management,8370992570
IDCC,"InterDigital, Inc.",NASDAQ,NASDAQ,US,Technology,Software - Application,8368888719
DBX,"Dropbox, Inc.",NASDAQ,NASDAQ,US,Technology,Software - Infrastructure,8322617675
PCVX,"Vaxcyte, Inc.",NASDAQ,NASDAQ,US,Healthcare,Biotechnology,8185904593
CYTK,"Cytokinetics, Incorporated",NASDAQ,NASDAQ,US,Healthcare,Biotechnology,8167782120
WYNN,"Wynn Resorts, Limited",NASDAQ,NASDAQ,US,Consumer Cyclical,"Gambling, Resorts & Casinos",8119257010
COLB,"Columbia Banking System, Inc.",NASDAQ,NASDAQ,US,Financial Services,Banks - Regional,8114019730
RIOT,"Riot Platforms, Inc.",NASDAQ,NASDAQ,US,Financial Services,Financial - Capital Markets,8088654810
AAOI,"Applied Optoelectronics, Inc.",NASDAQ,NASDAQ,US,Technology,Communication Equipment,8078039354
KTOS,"Kratos Defense & Security Solutions, Inc.",NASDAQ,NASDAQ,US,Industrials,Aerospace & Defense,8072736000
CBSH,"Commerce Bancshares, Inc.",NASDAQ,NASDAQ,US,Financial Services,Banks - Regional,8065841410
LINE,"Lineage, Inc.",NASDAQ,NASDAQ,US,Real Estate,REIT - Industrial,7984539981
GTLB,GitLab Inc.,NASDAQ,NASDAQ,US,Technology,Software - Application,7889319047
PRAX,"Praxis Precision Medicines, Inc.",NASDAQ,NASDAQ,US,Healthcare,Biotechnology,7833942800
BOKF,BOK Financial Corporation,NASDAQ,NASDAQ,US,Financial Services,Banks - Regional,7814950171
CAE,CAE Inc.,NASDAQ,NASDAQ,CA,Industrials,Aerospace & Defense,7798307386
SNEX,StoneX Group Inc.,NASDAQ,NASDAQ,US,Financial Services,Financial - Capital Markets,7756724250
GLXY,Galaxy Digital,NASDAQ,NASDAQ,US,Financial Services,Financial - Capital Markets,7652020220
IONS,"Ionis Pharmaceuticals, Inc.",NASDAQ,NASDAQ,US,Healthcare,Biotechnology,7626183760
PCTY,Paylocity Holding Corporation,NASDAQ,NASDAQ,US,Technology,Software - Application,7613435579
CBC,Central Bancompany,NASDAQ,NASDAQ,US,Financial Services,Banks - Regional,7591060009
CHRD,Chord Energy Corporation,NASDAQ,NASDAQ,US,Energy,Oil & Gas Exploration & Production,7567175472
SFD,"Smithfield Foods, Inc.",NASDAQ,NASDAQ,US,Consumer Defensive,Packaged Foods,7480002770
WULF,TeraWulf Inc.,NASDAQ,NASDAQ,US,Financial Services,Financial - Capital Markets,7477587613
VFS,VinFast Auto Ltd.,NASDAQ,NASDAQ,VN,Consumer Cyclical,Auto - Manufacturers,7392933760
SYRE,"Spyre Therapeutics, Inc.",NASDAQ,NASDAQ,US,Healthcare,Biotechnology,7357194936
APLD,Applied Digital Corp.,NASDAQ,NASDAQ,US,Technology,Information Technology Services,7315122352
SLAB,Silicon Laboratories Inc.,NASDAQ,NASDAQ,US,Technology,Semiconductors,7294589793
HQY,"HealthEquity, Inc.",NASDAQ,NASDAQ,US,Healthcare,Medical - Healthcare Information Services,7294288198
AVAV,"AeroVironment, Inc.",NASDAQ,NASDAQ,US,Industrials,Aerospace & Defense,7249089920
ABVX,Abivax S.A.,NASDAQ,NASDAQ,FR,Healthcare,Biotechnology,7233134248
CAMT,Camtek Ltd.,NASDAQ,NASDAQ,IL,Technology,Semiconductors,7130046330
PLXS,Plexus Corp.,NASDAQ,NASDAQ,US,Technology,"Hardware, Equipment & Parts",7120686321
CELH,"Celsius Holdings, Inc.",NASDAQ,NASDAQ,US,Consumer Defensive,Beverages - Non-Alcoholic,7083794376
VLY,Valley National Bancorp,NASDAQ,NASDAQ,US,Financial Services,Banks - Regional,7048546320
SSRM,SSR Mining Inc.,NASDAQ,NASDAQ,US,Basic Materials,Gold,7042244540
MAAS,Maase Inc.,NASDAQ,NASDAQ,CN,Technology,Software - Application,7020403629
APPF,AppFolio Inc.,NASDAQ,NASDAQ,US,Technology,Software - Application,6996625885
MORN,"Morningstar, Inc.",NASDAQ,NASDAQ,US,Financial Services,Financial - Data & Stock Exchanges,6990653956
NTSK,"Netskope, Inc. Class A Common Stock",NASDAQ,NASDAQ,US,Technology,Software - Infrastructure,6975761815
AAON,"AAON, Inc.",NASDAQ,NASDAQ,US,Industrials,Industrial - Machinery,6971095229
IMVT,"Immunovant, Inc.",NASDAQ,NASDAQ,US,Healthcare,Biotechnology,6906210920
VCTR,"Victory Capital Holdings, Inc.",NASDAQ,NASDAQ,US,Financial Services,Asset Management,6903434102
POWL,"Powell Industries, Inc.",NASDAQ,NASDAQ,US,Industrials,Electrical Equipment & Parts,6865899336
ALKS,Alkermes plc,NASDAQ,NASDAQ,IE,Healthcare,Drug Manufacturers - Specialty & Generic,6844730400
ALGM,"Allegro MicroSystems, Inc.",NASDAQ,NASDAQ,US,Technology,Semiconductors,6818909400
DSGX,The Descartes Systems Group Inc.,NASDAQ,NASDAQ,CA,Technology,Software - Application,6809421568
CIFR,Cipher Mining Inc.,NASDAQ,NASDAQ,US,Technology,Information Technology Services,6753398990
ZG,"Zillow Group, Inc. Class A",NASDAQ,NASDAQ,US,Communication Services,Internet Content & Information,6730697598
GLBE,Global-e Online Ltd.,NASDAQ,NASDAQ,IL,Consumer Cyclical,Specialty Retail,6728773683
BLTE,"Belite Bio, Inc",NASDAQ,NASDAQ,US,Healthcare,Biotechnology,6680581266
AUGO,Aura Minerals,NASDAQ,NASDAQ,US,Basic Materials,Gold,6649512499
DUOL,"Duolingo, Inc.",NASDAQ,NASDAQ,US,Technology,Software - Application,6645110061
Z,"Zillow Group, Inc. Class C",NASDAQ,NASDAQ,US,Communication Services,Internet Content & Information,6569699120
RYTM,"Rhythm Pharmaceuticals, Inc.",NASDAQ,NASDAQ,US,Healthcare,Biotechnology,6565093456
LGN,Legence Corp. Class A Common stock,NASDAQ,NASDAQ,US,Industrials,Engineering & Construction,6499380273
PPC,Pilgrim's Pride Corporation,NASDAQ,NASDAQ,US,Consumer Defensive,Packaged Foods,6488132940
BZ,Kanzhun Limited,NASDAQ,NASDAQ,CN,Communication Services,Internet Content & Information,6484235899
ACT,Enact Holdings Inc.,NASDAQ,NASDAQ,US,Financial Services,Insurance - Specialty,6483070440
LNTH,"Lantheus Holdings, Inc.",NASDAQ,NASDAQ,US,Healthcare,Drug Manufacturers - Specialty & Generic,6478706220
URBN,"Urban Outfitters, Inc.",NASDAQ,NASDAQ,US,Consumer Cyclical,Apparel - Retail,6477438964
IOVA,"Iovance Biotherapeutics, Inc.",NASDAQ,NASDAQ,US,Healthcare,Biotechnology,6451953900
AMRX,"Amneal Pharmaceuticals, Inc.",NASDAQ,NASDAQ,US,Healthcare,Drug Manufacturers - Specialty & Generic,6450486200
UBSI,"United Bankshares, Inc.",NASDAQ,NASDAQ,US,Financial Services,Banks - Regional,6359423850
LQDA,Liquidia Corporation,NASDAQ,NASDAQ,US,Healthcare,Medical - Pharmaceuticals,6286327318
QLYS,"Qualys, Inc.",NASDAQ,NASDAQ,US,Technology,Software - Infrastructure,6280951950
NICE,NICE Ltd.,NASDAQ,NASDAQ,IL,Technology,Software - Application,6258765650
BILI,Bilibili Inc.,NASDAQ,NASDAQ,CN,Communication Services,Internet Content & Information,6224796491
CGON,CG Oncology Inc.,NASDAQ,NASDAQ,US,Healthcare,Biotechnology,6220038396
LGND,Ligand Pharmaceuticals Incorporated,NASDAQ,NASDAQ,US,Healthcare,Biotechnology,6219943692
DOX,Amdocs Limited,NASDAQ,NASDAQ,US,Technology,Software - Infrastructure,6195013890
GRFS,"Grifols, S.A.",NASDAQ,NASDAQ,ES,Healthcare,Drug Manufacturers - General,6171373013
MBLY,Mobileye Global Inc.,NASDAQ,NASDAQ,IL,Consumer Cyclical,Auto - Parts,6169514559
BPYPO,Brookfield Property Partners L.P.,NASDAQ,NASDAQ,BM,Real Estate,Real Estate - Services,6167138290
GDS,GDS Holdings Limited,NASDAQ,NASDAQ,CN,Technology,Information Technology Services,6097371300
CRUS,"Cirrus Logic, Inc.",NASDAQ,NASDAQ,US,Technology,Semiconductors,6094688334
CVLT,"Commvault Systems, Inc.",NASDAQ,NASDAQ,US,Technology,Software - Application,6065411941
TTAN,"ServiceTitan, Inc.",NASDAQ,NASDAQ,US,Technology,Software - Application,6059210086
QBTS,D-Wave Quantum Inc.,NASDAQ,NASDAQ,US,Technology,Computer Hardware,6034230886
CZR,"Caesars Entertainment, Inc.",NASDAQ,NASDAQ,US,Consumer Cyclical,"Gambling, Resorts & Casinos",6034197152
CPB,Campbell Soup Company,NASDAQ,NASDAQ,US,Consumer Defensive,Packaged Foods,6032707380
SFM,"Sprouts Farmers Market, Inc.",NASDAQ,NASDAQ,US,Consumer Defensive,Grocery Stores,6028458956
GGAL,Grupo Financiero Galicia S.A.,NASDAQ,NASDAQ,AR,Financial Services,Banks - Regional,5946458963
FSV,FirstService Corporation,NASDAQ,NASDAQ,CA,Real Estate,Real Estate - Services,5940843521
POOL,Pool Corporation,NASDAQ,NASDAQ,US,Industrials,Industrial - Distribution,5922716360
CROX,"Crocs, Inc.",NASDAQ,NASDAQ,US,Consumer Cyclical,Apparel - Footwear & Accessories,5879507613
GRAL,GRAIL Inc.,NASDAQ,NASDAQ,US,Healthcare,Medical - Diagnostics & Research,5861118696
HWC,Hancock Whitney Corporation,NASDAQ,NASDAQ,US,Financial Services,Banks - Regional,5859607600
LKQ,LKQ Corporation,NASDAQ,NASDAQ,US,Consumer Cyclical,Auto - Parts,5846878462
KNSA,"Kiniksa Pharmaceuticals International, plc",NASDAQ,NASDAQ,GB,Healthcare,Medical - Pharmaceuticals,5771018509
MKTX,MarketAxess Holdings Inc.,NASDAQ,NASDAQ,US,Financial Services,Financial - Capital Markets,5770227884
WFRD,Weatherford International plc,NASDAQ,NASDAQ,US,Energy,Oil & Gas Equipment & Services,5764226472
LYFT,"Lyft, Inc.",NASDAQ,NASDAQ,US,Technology,Software - Application,5721822810
SRRK,Scholar Rock Holding Corporation,NASDAQ,NASDAQ,US,Healthcare,Biotechnology,5721787000
LSTR,"Landstar System, Inc.",NASDAQ,NASDAQ,US,Industrials,Integrated Freight & Logistics,5715652698
KOD,Kodiak Sciences Inc.,NASDAQ,NASDAQ,US,Healthcare,Biotechnology,5702143808
TTD,"The Trade Desk, Inc.",NASDAQ,NASDAQ,US,Communication Services,Advertising Agencies,5664805449
MMED,"MiniMed Group, Inc. Common Stock",NASDAQ,NASDAQ,US,Healthcare,Medical - Equipment & Services,5628090313
CACC,Credit Acceptance Corporation,NASDAQ,NASDAQ,US,Financial Services,Financial - Credit Services,5618119710
XMTR,"Xometry, Inc.",NASDAQ,NASDAQ,US,Industrials,Industrial - Distribution,5604499215
TVTX,"Travere Therapeutics, Inc.",NASDAQ,NASDAQ,US,Healthcare,Biotechnology,5578644071
STEP,StepStone Group Inc.,NASDAQ,NASDAQ,US,Financial Services,Asset Management,5569971838
RDNT,"RadNet, Inc.",NASDAQ,NASDAQ,US,Healthcare,Medical - Diagnostics & Research,5555506230
CGABL,The Carlyle Group Inc. 4.625% Subordinated Notes due 2061,NASDAQ,NASDAQ,US,Financial Services,Asset Management,5481830148
BLLN,"BillionToOne, Inc.",NASDAQ,NASDAQ,US,Healthcare,Medical - Diagnostics & Research,5435746417
BGC,"BGC Group, Inc",NASDAQ,NASDAQ,US,Financial Services,Financial - Capital Markets,5427426786
PTCT,"PTC Therapeutics, Inc.",NASDAQ,NASDAQ,US,Healthcare,Biotechnology,5421613568
PEGA,Pegasystems Inc.,NASDAQ,NASDAQ,US,Technology,Software - Application,5420432850
SAIC,Science Applications International Corporation,NASDAQ,NASDAQ,US,Technology,Information Technology Services,5420310964
OTEX,Open Text Corporation,NASDAQ,NASDAQ,CA,Technology,Software - Application,5413797252
VRNS,"Varonis Systems, Inc.",NASDAQ,NASDAQ,US,Technology,Software - Infrastructure,5411077448
COGT,"Cogent Biosciences, Inc.",NASDAQ,NASDAQ,US,Healthcare,Biotechnology,5409680880
CRSP,CRISPR Therapeutics AG,NASDAQ,NASDAQ,CH,Healthcare,Biotechnology,5401132800
RUSHA,"Rush Enterprises, Inc.",NASDAQ,NASDAQ,US,Consumer Cyclical,Auto - Dealerships,5395277398
PI,"Impinj, Inc.",NASDAQ,NASDAQ,US,Technology,Semiconductors,5387046264
BCPC,Balchem Corp,NASDAQ,NASDAQ,US,Basic Materials,Chemicals - Specialty,5370502087
FIGR,"Figure Technology Solutions, Inc. Class A Common Stock",NASDAQ,NASDAQ,US,Financial Services,Financial - Capital Markets,5350846282
MIRM,"Mirum Pharmaceuticals, Inc.",NASDAQ,NASDAQ,US,Healthcare,Biotechnology,5338294248
CAKE,The Cheesecake Factory Incorporated,NASDAQ,NASDAQ,US,Consumer Cyclical,Restaurants,5333727690
CHDN,Churchill Downs Incorporated,NASDAQ,NASDAQ,US,Consumer Cyclical,"Gambling, Resorts & Casinos",5308367232
SHC,Sotera Health Company,NASDAQ,NASDAQ,US,Healthcare,Medical - Diagnostics & Research,5304106088
LAUR,"Laureate Education, Inc.",NASDAQ,NASDAQ,US,Consumer Defensive,Education & Training Services,5286820821
PSMT,"PriceSmart, Inc.",NASDAQ,NASDAQ,US,Consumer Defensive,Discount Stores,5258016079
MMSI,"Merit Medical Systems, Inc.",NASDAQ,NASDAQ,US,Healthcare,Medical - Instruments & Supplies,5246752848
OLLI,"Ollie's Bargain Outlet Holdings, Inc.",NASDAQ,NASDAQ,US,Consumer Defensive,Discount Stores,5246136680
EXLS,"ExlService Holdings, Inc.",NASDAQ,NASDAQ,US,Technology,Information Technology Services,5242777540
CORZ,"Core Scientific, Inc.",NASDAQ,NASDAQ,US,Technology,Software - Infrastructure,5241062593
RGTI,"Rigetti Computing, Inc.",NASDAQ,NASDAQ,US,Technology,Computer Hardware,5231957222
ROAD,"Construction Partners, Inc.",NASDAQ,NASDAQ,US,Industrials,Engineering & Construction,5193701390
MRX,Marex Group Limited,NASDAQ,NASDAQ,GB,Financial Services,Financial - Capital Markets,5188373653
PAGP,Plains GP Holdings LP,NASDAQ,NASDAQ,US,Energy,Oil & Gas Midstream,5171234760
FTDR,"Frontdoor, Inc.",NASDAQ,NASDAQ,US,Consumer Cyclical,Personal Products & Services,5153836962
VEON,VEON Ltd.,NASDAQ,NASDAQ,AE,Communication Services,Telecommunications Services,5121784213
IRDM,Iridium Communications Inc.,NASDAQ,NASDAQ,US,Communication Services,Telecommunications Services,5079722400
DFTX,"Definium Therapeutics, Inc.",NASDAQ,NASDAQ,US,Healthcare,Biotechnology,5072119735
SIGI,"Selective Insurance Group, Inc.",NASDAQ,NASDAQ,US,Financial Services,Insurance - Property & Casualty,5043948000
OZK,Bank OZK,NASDAQ,NASDAQ,US,Financial Services,Banks - Regional,5043463425
NOVT,Novanta Inc.,NASDAQ,NASDAQ,US,Technology,"Hardware, Equipment & Parts",5029112518
CWST,"Casella Waste Systems, Inc.",NASDAQ,NASDAQ,US,Industrials,Waste Management,5022260340
OCTV,Octave Intelligence plc,NASDAQ,NASDAQ,US,Technology,Software - Application,5000995879
SBRA,"Sabra Health Care REIT, Inc.",NASDAQ,NASDAQ,US,Real Estate,REIT - Healthcare Facilities,4988320079
MRCY,"Mercury Systems, Inc.",NASDAQ,NASDAQ,US,Industrials,Aerospace & Defense,4961976907
ORKA,"Oruka Therapeutics, Inc.",NASDAQ,NASDAQ,US,Healthcare,Biotechnology,4954639097
NAVN,"Navan, Inc.",NASDAQ,NASDAQ,US,Technology,Software - Application,4945459651
ACIW,"ACI Worldwide, Inc.",NASDAQ,NASDAQ,US,Technology,Software - Infrastructure,4939735686
ERAS,"Erasca, Inc.",NASDAQ,NASDAQ,US,Healthcare,Biotechnology,4932674670
NXST,"Nexstar Media Group, Inc.",NASDAQ,NASDAQ,US,Communication Services,Broadcasting,4931432068
GLNG,Golar LNG Limited,NASDAQ,NASDAQ,BM,Energy,Oil & Gas Midstream,4908838066
KLIC,"Kulicke and Soffa Industries, Inc.",NASDAQ,NASDAQ,SG,Technology,Semiconductors,4904637232
GTX,Garrett Motion Inc.,NASDAQ,NASDAQ,US,Consumer Cyclical,Auto - Parts,4893587183
DNTH,"Dianthus Therapeutics, Inc.",NASDAQ,NASDAQ,US,Healthcare,Biotechnology,4875239951
EBC,"Eastern Bankshares, Inc.",NASDAQ,NASDAQ,US,Financial Services,Banks - Regional,4849380140
ACMR,"ACM Research, Inc.",NASDAQ,NASDAQ,US,Technology,Semiconductors,4847937709
PECO,Phillips Edison & Co.,NASDAQ,NASDAQ,US,Real Estate,REIT - Retail,4835201250
VSEC,VSE Corporation,NASDAQ,NASDAQ,US,Industrials,Aerospace & Defense,4814334948
WAY,Waystar Holding Corp.,NASDAQ,NASDAQ,US,Healthcare,Medical - Healthcare Information Services,4807132789
MIDD,The Middleby Corporation,NASDAQ,NASDAQ,US,Industrials,Industrial - Machinery,4772842620
OMAB,"Grupo Aeroportuario del Centro Norte, S.A.B. de C.V.",NASDAQ,NASDAQ,MX,Industrials,"Airlines, Airports & Air Services",4770157711
HLNE,Hamilton Lane Incorporated,NASDAQ,NASDAQ,US,Financial Services,Asset Management,4768688952
GNTX,Gentex Corporation,NASDAQ,NASDAQ,US,Consumer Cyclical,Auto - Parts,4712624396
NSIT,"Insight Enterprises, Inc.",NASDAQ,NASDAQ,US,Technology,Information Technology Services,4700937642
EQPT,EquipmentShare.com Inc.,NASDAQ,NASDAQ,US,Industrials,Rental & Leasing Services,4668939239
REYN,Reynolds Consumer Products Inc.,NASDAQ,NASDAQ,US,Consumer Defensive,Household & Personal Products,4652156973
CLMT,Calumet Inc.,NASDAQ,NASDAQ,US,Basic Materials,Chemicals - Specialty,4638842635
LFST,"LifeStance Health Group, Inc.",NASDAQ,NASDAQ,US,Healthcare,Medical - Care Facilities,4611346260
IEP,Icahn Enterprises L.P.,NASDAQ,NASDAQ,US,Energy,Oil & Gas Refining & Marketing,4610266794
ADPT,Adaptive Biotechnologies Corporation,NASDAQ,NASDAQ,US,Healthcare,Biotechnology,4604465880
MEOH,Methanex Corporation,NASDAQ,NASDAQ,CA,Basic Materials,Chemicals,4599305435
MARA,"Marathon Digital Holdings, Inc.",NASDAQ,NASDAQ,US,Financial Services,Financial - Capital Markets,4571433331
TFSL,TFS Financial Corporation,NASDAQ,NASDAQ,US,Financial Services,Banks - Regional,4571043898
INDV,Indivior Pharmaceuticals Inc,NASDAQ,NASDAQ,US,Healthcare,Drug Manufacturers - Specialty & Generic,4565334300
JSM,Navient Corporation SR NT 6% 121543,NASDAQ,NASDAQ,US,Financial Services,Financial - Credit Services,4561090693
VSNT,"Versant Media Group, Inc. Class A",NASDAQ,NASDAQ,US,Communication Services,Entertainment,4551991207
CHEF,"The Chefs' Warehouse, Inc.",NASDAQ,NASDAQ,US,Consumer Defensive,Food Distribution,4548763255
FFIN,"First Financial Bankshares, Inc.",NASDAQ,NASDAQ,US,Financial Services,Banks - Regional,4546337860
ATAT,Atour Lifestyle Holdings Limited,NASDAQ,NASDAQ,CN,Consumer Cyclical,Travel Lodging,4539933466
ABCL,AbCellera Biologics Inc.,NASDAQ,NASDAQ,CA,Healthcare,Biotechnology,4525657500
RELY,"Remitly Global, Inc.",NASDAQ,NASDAQ,US,Technology,Software - Infrastructure,4520746388
MYRG,MYR Group Inc.,NASDAQ,NASDAQ,US,Industrials,Engineering & Construction,4488784883
CIGI,Colliers International Group Inc.,NASDAQ,NASDAQ,CA,Real Estate,Real Estate - Services,4482020124
DIOD,Diodes Incorporated,NASDAQ,NASDAQ,US,Technology,Semiconductors,4464909250
UFPI,"UFP Industries, Inc.",NASDAQ,NASDAQ,US,Basic Materials,"Paper, Lumber & Forest Products",4448947717
MMYT,MakeMyTrip Limited,NASDAQ,NASDAQ,IN,Consumer Cyclical,Travel Services,4432044342
DAVE,Dave Inc.,NASDAQ,NASDAQ,US,Technology,Software - Application,4388366543
FULT,Fulton Financial Corporation,NASDAQ,NASDAQ,US,Financial Services,Banks - Regional,4329185100
SLM,SLM Corporation,NASDAQ,NASDAQ,US,Financial Services,Financial - Credit Services,4303320000
HTFL,"Heartflow, Inc. Common Stock",NASDAQ,NASDAQ,US,Healthcare,Medical - Healthcare Information Services,4297380459
IBOC,International Bancshares Corporation,NASDAQ,NASDAQ,US,Financial Services,Banks - Regional,4286771928
CVCO,"Cavco Industries, Inc.",NASDAQ,NASDAQ,US,Consumer Cyclical,Residential Construction,4286311584
FELE,"Franklin Electric Co., Inc.",NASDAQ,NASDAQ,US,Industrials,Industrial - Machinery,4271711555
ONDS,Ondas Holdings Inc.,NASDAQ,NASDAQ,US,Technology,Communication Equipment,4262392788
LIVN,LivaNova PLC,NASDAQ,NASDAQ,GB,Healthcare,Medical - Devices,4229333091
NWE,Northwestern Energy Group Inc,NASDAQ,NASDAQ,US,Utilities,Regulated Electric,4225660842
EWTX,"Edgewise Therapeutics, Inc.",NASDAQ,NASDAQ,US,Healthcare,Biotechnology,4216569670
DOO,BRP Inc.,NASDAQ,NASDAQ,CA,Consumer Cyclical,Auto - Recreational Vehicles,4207150995
ENPH,"Enphase Energy, Inc.",NASDAQ,NASDAQ,US,Energy,Solar,4206164146
JOYY,"JOYY, Inc. Sponsored ADR Class A",NASDAQ,NASDAQ,SG,Communication Services,Internet Content & Information,4170038631
CECO,CECO Environmental Corp.,NASDAQ,NASDAQ,US,Industrials,Industrial - Pollution & Treatment Controls,4123040000
ICUI,"ICU Medical, Inc.",NASDAQ,NASDAQ,US,Healthcare,Medical - Instruments & Supplies,4084951532
TCBI,"Texas Capital Bancshares, Inc.",NASDAQ,NASDAQ,US,Financial Services,Banks - Regional,4056593371
RLAY,"Relay Therapeutics, Inc.",NASDAQ,NASDAQ,US,Healthcare,Biotechnology,4023440345
DLO,Dlocal Limited,NASDAQ,NASDAQ,UY,Technology,Software - Infrastructure,4017995163
CATY,Cathay General Bancorp,NASDAQ,NASDAQ,US,Financial Services,Banks - Regional,4012745030
PTEN,"Patterson-UTI Energy, Inc.",NASDAQ,NASDAQ,US,Energy,Oil & Gas Drilling,4004966239
FSLY,"Fastly, Inc.",NASDAQ,NASDAQ,US,Technology,Software - Application,3987620000
TNGX,"Tango Therapeutics, Inc.",NASDAQ,NASDAQ,US,Healthcare,Biotechnology,3975933729
AXTI,"AXT, Inc.",NASDAQ,NASDAQ,US,Technology,Semiconductors,3967769313
ACLS,"Axcelis Technologies, Inc.",NASDAQ,NASDAQ,US,Technology,Semiconductors,3955145205
WSFS,WSFS Financial Corporation,NASDAQ,NASDAQ,US,Financial Services,Banks - Regional,3947016960
FRVO,Fervo Energy Company,NASDAQ,NASDAQ,US,Utilities,Renewable Utilities,3944318978
SYNA,Synaptics Incorporated,NASDAQ,NASDAQ,US,Technology,Semiconductors,3937127114
SKYW,"SkyWest, Inc.",NASDAQ,NASDAQ,US,Industrials,"Airlines, Airports & Air Services",3922401791
AYA,Aya Gold & Silver Inc.,NASDAQ,NASDAQ,CA,Basic Materials,Silver,3890512188
CCC,CCC Intelligent Solutions Holdings Inc.,NASDAQ,NASDAQ,US,Technology,Software - Application,3875585152
TENB,"Tenable Holdings, Inc.",NASDAQ,NASDAQ,US,Technology,Software - Infrastructure,3858417280
LOPE,"Grand Canyon Education, Inc.",NASDAQ,NASDAQ,US,Consumer Defensive,Education & Training Services,3846938811
MAT,"Mattel, Inc.",NASDAQ,NASDAQ,US,Consumer Cyclical,Leisure,3841732000
TLX,Telix Pharmaceuticals Limited,NASDAQ,NASDAQ,AU,Healthcare,Biotechnology,3841731736
ITRI,"Itron, Inc.",NASDAQ,NASDAQ,US,Technology,"Hardware, Equipment & Parts",3826528452
BULL,Webull Corporation Class A Ordinary Shares,NASDAQ,NASDAQ,US,Technology,Software - Application,3813139835
CRVL,CorVel Corporation,NASDAQ,NASDAQ,US,Financial Services,Insurance - Brokers,3798644624
BATRA,"Atlanta Braves Holdings, Inc.",NASDAQ,NASDAQ,US,Communication Services,Entertainment,3777813935
CELC,Celcuity Inc.,NASDAQ,NASDAQ,US,Healthcare,Biotechnology,3773535365
CAR,"Avis Budget Group, Inc.",NASDAQ,NASDAQ,US,Industrials,Rental & Leasing Services,3772437056
INDB,Independent Bank Corp.,NASDAQ,NASDAQ,US,Financial Services,Banks - Regional,3771203821
FLY,Firefly Aerospace Inc.,NASDAQ,NASDAQ,US,Industrials,Aerospace & Defense,3754416901
IRTC,"iRhythm Technologies, Inc.",NASDAQ,NASDAQ,US,Healthcare,Medical - Devices,3753544242
OTTR,Otter Tail Corporation,NASDAQ,NASDAQ,US,Industrials,Conglomerates,3742882515
ALM,Almonty Industries Inc.,NASDAQ,NASDAQ,US,Basic Materials,Industrial Materials,3742556980
PBLS,"Parabilis Medicines, Inc.",NASDAQ,NASDAQ,US,Healthcare,Biotechnology,3719575429
WIX,Wix.com Ltd.,NASDAQ,NASDAQ,IL,Technology,Software - Application,3719390319
VKTX,"Viking Therapeutics, Inc.",NASDAQ,NASDAQ,US,Healthcare,Biotechnology,3710729799
DORM,"Dorman Products, Inc.",NASDAQ,NASDAQ,US,Consumer Cyclical,Auto - Parts,3702180092
TRMD,TORM plc,NASDAQ,NASDAQ,GB,Industrials,Marine Shipping,3700567050
IPAR,"Inter Parfums, Inc.",NASDAQ,NASDAQ,US,Consumer Defensive,Household & Personal Products,3685847135
VCYT,"Veracyte, Inc.",NASDAQ,NASDAQ,US,Healthcare,Medical - Diagnostics & Research,3676843008
MGNI,"Magnite, Inc.",NASDAQ,NASDAQ,US,Communication Services,Advertising Agencies,3676329127
SEZL,Sezzle Inc.,NASDAQ,NASDAQ,US,Financial Services,Financial - Credit Services,3630709133
WSBC,"WesBanco, Inc.",NASDAQ,NASDAQ,US,Financial Services,Banks - Regional,3618529192
BRBI,BRBI BR Partners S.A. ADSs,NASDAQ,NASDAQ,BR,Financial Services,Investment - Banking & Investment Services,3608502091
UCTT,"Ultra Clean Holdings, Inc.",NASDAQ,NASDAQ,US,Technology,Semiconductors,3606893064
XENE,Xenon Pharmaceuticals Inc.,NASDAQ,NASDAQ,CA,Healthcare,Biotechnology,3600793600
IDYA,"IDEAYA Biosciences, Inc.",NASDAQ,NASDAQ,US,Healthcare,Biotechnology,3599846166
CENX,Century Aluminum Company,NASDAQ,NASDAQ,US,Basic Materials,Aluminum,3582858800
BANF,BancFirst Corporation,NASDAQ,NASDAQ,US,Financial Services,Banks - Regional,3571912257
PLSE,"Pulse Biosciences, Inc.",NASDAQ,NASDAQ,US,Healthcare,Medical - Instruments & Supplies,3522081633
OLED,Universal Display Corporation,NASDAQ,NASDAQ,US,Technology,"Hardware, Equipment & Parts",3500834306
FIBK,"First Interstate BancSystem, Inc.",NASDAQ,NASDAQ,US,Financial Services,Banks - Regional,3497144400
LEGN,Legend Biotech Corporation,NASDAQ,NASDAQ,US,Healthcare,Biotechnology,3480630723
FRSH,Freshworks Inc.,NASDAQ,NASDAQ,US,Technology,Software - Application,3477542098
ACAD,Acadia Pharmaceuticals Inc.,NASDAQ,NASDAQ,US,Healthcare,Biotechnology,3462391920
BATRK,"Atlanta Braves Holdings, Inc.",NASDAQ,NASDAQ,US,Communication Services,Entertainment,3432526447
SRAD,Sportradar Group AG,NASDAQ,NASDAQ,CH,Technology,Software - Application,3421200993
OPCH,"Option Care Health, Inc.",NASDAQ,NASDAQ,US,Healthcare,Medical - Care Facilities,3416601644
CLSK,"CleanSpark, Inc.",NASDAQ,NASDAQ,US,Financial Services,Financial - Capital Markets,3415460546
RUM,Rumble Inc.,NASDAQ,NASDAQ,US,Communication Services,Internet Content & Information,3353749621
ARQT,"Arcutis Biotherapeutics, Inc.",NASDAQ,NASDAQ,US,Healthcare,Biotechnology,3345970250
IPGP,IPG Photonics Corporation,NASDAQ,NASDAQ,US,Technology,Semiconductors,3332671472
ELVN,"Enliven Therapeutics, Inc.",NASDAQ,NASDAQ,US,Healthcare,Biotechnology,3322594403
CDNA,"CareDx, Inc",NASDAQ,NASDAQ,US,Healthcare,Medical - Diagnostics & Research,3312023484
LILAP,Liberty Latin America Ltd. 9% Cum Perp Red Pfd Shs Series A When-issued,NASDAQ,NASDAQ,BM,Communication Services,Telecommunications Services,3305772000
DNLI,Denali Therapeutics Inc.,NASDAQ,NASDAQ,US,Healthcare,Biotechnology,3302749627
TOWN,TowneBank,NASDAQ,NASDAQ,US,Financial Services,Banks - Regional,3302073864
FFBC,First Financial Bancorp.,NASDAQ,NASDAQ,US,Financial Services,Banks - Regional,3300866200
TARS,"Tarsus Pharmaceuticals, Inc.",NASDAQ,NASDAQ,US,Healthcare,Biotechnology,3299510560
SHOO,"Steven Madden, Ltd.",NASDAQ,NASDAQ,US,Consumer Cyclical,Apparel - Footwear & Accessories,3299076581
GBDC,"Golub Capital BDC, Inc.",NASDAQ,NASDAQ,US,Financial Services,Asset Management,3295264040
AEHR,Aehr Test Systems,NASDAQ,NASDAQ,US,Technology,Semiconductors,3287488951
MCHB,Mechanics Bank,NASDAQ,NASDAQ,US,Financial Services,Banks - Regional,3273464820
SFNC,Simmons First National Corporation,NASDAQ,NASDAQ,US,Financial Services,Banks - Regional,3266841280
PLMR,"Palomar Holdings, Inc.",NASDAQ,NASDAQ,US,Financial Services,Insurance - Property & Casualty,3263690246
SBLK,Star Bulk Carriers Corp.,NASDAQ,NASDAQ,GR,Industrials,Marine Shipping,3256703039
AMLX,"Amylyx Pharmaceuticals, Inc.",NASDAQ,NASDAQ,US,Healthcare,Biotechnology,3255535450
COCO,"The Vita Coco Company, Inc.",NASDAQ,NASDAQ,US,Consumer Defensive,Beverages - Non-Alcoholic,3245805044
LIF,"Life360, Inc.",NASDAQ,NASDAQ,US,Technology,Software - Application,3244508908
CALM,"Cal-Maine Foods, Inc.",NASDAQ,NASDAQ,US,Consumer Defensive,Agricultural Farm Products,3216167205
MNDY,monday.com Ltd.,NASDAQ,NASDAQ,IL,Technology,Software - Application,3214946750
USLM,"United States Lime & Minerals, Inc.",NASDAQ,NASDAQ,US,Basic Materials,Construction Materials,3170064112
OSIS,"OSI Systems, Inc.",NASDAQ,NASDAQ,US,Technology,"Hardware, Equipment & Parts",3169659747
WSC,WillScot Holdings Corporation,NASDAQ,NASDAQ,US,Industrials,Rental & Leasing Services,3158357149
SBCF,Seacoast Banking Corporation of Florida,NASDAQ,NASDAQ,US,Financial Services,Banks - Regional,3147878916
CVBF,CVB Financial Corp.,NASDAQ,NASDAQ,US,Financial Services,Banks - Regional,3147117304
ARLP,"Alliance Resource Partners, L.P.",NASDAQ,NASDAQ,US,Energy,Coal,3136701568
VECO,Veeco Instruments Inc.,NASDAQ,NASDAQ,US,Technology,Semiconductors,3135290124
EXPO,"Exponent, Inc.",NASDAQ,NASDAQ,US,Industrials,Engineering & Construction,3130455419
COHU,"Cohu, Inc.",NASDAQ,NASDAQ,US,Technology,Semiconductors,3112154541
NMIH,"NMI Holdings, Inc.",NASDAQ,NASDAQ,US,Financial Services,Insurance - Specialty,3094335487
ELVR,Elevra Lithium Limited,NASDAQ,NASDAQ,AU,Basic Materials,Other Precious Metals,3082114257
LBTYK,Liberty Global plc,NASDAQ,NASDAQ,BM,Communication Services,Telecommunications Services,3073002038
RGC,Regencell Bioscience Holdings Limited,NASDAQ,NASDAQ,HK,Healthcare,Drug Manufacturers - Specialty & Generic,3071938800
NVTS,Navitas Semiconductor Corp,NASDAQ,NASDAQ,US,Technology,Semiconductors,3062620890
IOND,Ionic Digital Inc. Class A,NASDAQ,NASDAQ,US,Technology,Software - Services,3042615517
PPLI,People Incorporated,NASDAQ,NASDAQ,US,Communication Services,Internet Content & Information,3030546628
FA,First Advantage Corporation,NASDAQ,NASDAQ,US,Industrials,Specialty Business Services,3027628880
DYN,"Dyne Therapeutics, Inc.",NASDAQ,NASDAQ,US,Healthcare,Biotechnology,3027152660
FHB,"First Hawaiian, Inc.",NASDAQ,NASDAQ,US,Financial Services,Banks - Regional,3019998320
AMBA,"Ambarella, Inc.",NASDAQ,NASDAQ,US,Technology,Semiconductors,3015060355
CARG,"CarGurus, Inc.",NASDAQ,NASDAQ,US,Communication Services,Internet Content & Information,3009514034
BHF,"Brighthouse Financial, Inc.",NASDAQ,NASDAQ,US,Financial Services,Insurance - Life,2987180820
COLM,Columbia Sportswear Company,NASDAQ,NASDAQ,US,Consumer Cyclical,Apparel - Manufacturers,2983554272
BELFB,Bel Fuse Inc.,NASDAQ,NASDAQ,US,Technology,"Hardware, Equipment & Parts",2972135353
MWH,"SOLV Energy, Inc. Class A Common Stock",NASDAQ,NASDAQ,US,Utilities,Renewable Utilities,2971813377
ASO,"Academy Sports and Outdoors, Inc.",NASDAQ,NASDAQ,US,Consumer Cyclical,Specialty Retail,2970059787
WING,Wingstop Inc.,NASDAQ,NASDAQ,US,Consumer Cyclical,Restaurants,2959080350
SPSC,"SPS Commerce, Inc.",NASDAQ,NASDAQ,US,Technology,Software - Application,2957416430
ATRC,"AtriCure, Inc.",NASDAQ,NASDAQ,US,Healthcare,Medical - Instruments & Supplies,2952788367
KYIV,Kyivstar Group Ltd. Common Shares,NASDAQ,NASDAQ,AE,Communication Services,Telecommunications Services,2948128478
ASST,"Strive, Inc.",NASDAQ,NASDAQ,US,Financial Services,Asset Management,2928877868
ZLAB,Zai Lab Limited,NASDAQ,NASDAQ,CN,Healthcare,Biotechnology,2928081307
TMDX,"TransMedics Group, Inc.",NASDAQ,NASDAQ,US,Healthcare,Medical - Devices,2905534863
OUST,"Ouster, Inc.",NASDAQ,NASDAQ,US,Technology,Semiconductors,2884493320
DGII,Digi International Inc.,NASDAQ,NASDAQ,US,Technology,Communication Equipment,2884218224
ARCB,ArcBest Corp,NASDAQ,NASDAQ,US,Industrials,Trucking,2880418990
AVPT,"AvePoint, Inc.",NASDAQ,NASDAQ,US,Technology,Software - Infrastructure,2877073350
PGEN,"Precigen, Inc.",NASDAQ,NASDAQ,US,Healthcare,Biotechnology,2869913550
PENG,"Penguin Solutions, Inc.",NASDAQ,NASDAQ,US,Technology,Semiconductors,2858830233
RRR,"Red Rock Resorts, Inc.",NASDAQ,NASDAQ,US,Consumer Cyclical,"Gambling, Resorts & Casinos",2856046221
POWI,"Power Integrations, Inc.",NASDAQ,NASDAQ,US,Technology,Semiconductors,2846176783
PHOS,First Phosphate Corp. Sponsored ADR,NASDAQ,NASDAQ,CA,Basic Materials,Other Precious Metals,2839578651
NTCT,"NetScout Systems, Inc.",NASDAQ,NASDAQ,US,Technology,Software - Infrastructure,2835370083
DXPE,"DXP Enterprises, Inc.",NASDAQ,NASDAQ,US,Industrials,Industrial - Distribution,2830649759
QS,QuantumScape Corporation,NASDAQ,NASDAQ,US,Consumer Cyclical,Auto - Parts,2823515949
FRPT,"Freshpet, Inc.",NASDAQ,NASDAQ,US,Consumer Defensive,Packaged Foods,2808510506
MGRC,McGrath RentCorp,NASDAQ,NASDAQ,US,Industrials,Rental & Leasing Services,2790147711
NAMS,NewAmsterdam Pharma Company N.V.,NASDAQ,NASDAQ,NL,Healthcare,Biotechnology,2783483740
AVAH,Aveanna Healthcare Holdings Inc.,NASDAQ,NASDAQ,US,Healthcare,Medical - Care Facilities,2782911494
NEOG,Neogen Corporation,NASDAQ,NASDAQ,US,Healthcare,Medical - Devices,2775852880
FIZZ,National Beverage Corp.,NASDAQ,NASDAQ,US,Consumer Defensive,Beverages - Non-Alcoholic,2771854340
EXTR,"Extreme Networks, Inc.",NASDAQ,NASDAQ,US,Technology,Communication Equipment,2755494314
MBX,"MBX Biosciences, Inc. Common Stock",NASDAQ,NASDAQ,US,Healthcare,Biotechnology,2748757589
MZTI,The Marzetti Company,NASDAQ,NASDAQ,US,Consumer Defensive,Packaged Foods,2739495862
FRMI,Fermi Inc. Common Stock,NASDAQ,NASDAQ,US,Real Estate,REIT - Specialty,2728817576
ADEA,Adeia Inc.,NASDAQ,NASDAQ,US,Technology,Software - Application,2726467680
CLBT,Cellebrite DI Ltd.,NASDAQ,NASDAQ,IL,Technology,Software - Infrastructure,2726377200
WDFC,WD-40 Company,NASDAQ,NASDAQ,US,Basic Materials,Chemicals - Specialty,2724348277
AGYS,"Agilysys, Inc.",NASDAQ,NASDAQ,US,Technology,Software - Application,2717345616
INTA,"Intapp, Inc.",NASDAQ,NASDAQ,US,Technology,Software - Application,2712568320
PPTA,Perpetua Resources Corp.,NASDAQ,NASDAQ,US,Basic Materials,Other Precious Metals,2693284650
KC,Kingsoft Cloud Holdings Limited,NASDAQ,NASDAQ,CN,Technology,Software - Application,2688984738
VCRE,Vicore Pharma Holding AB,NASDAQ,NASDAQ,SE,Healthcare,Biotechnology,2680127520
NESR,National Energy Services Reunited Corp.,NASDAQ,NASDAQ,US,Energy,Oil & Gas Equipment & Services,2671443785
PLUG,Plug Power Inc.,NASDAQ,NASDAQ,US,Industrials,Electrical Equipment & Parts,2664583700
ALRM,"Alarm.com Holdings, Inc.",NASDAQ,NASDAQ,US,Technology,Software - Application,2662958704
TRMK,Trustmark Corporation,NASDAQ,NASDAQ,US,Financial Services,Banks - Regional,2651317344
LFTO,"Liftoff Mobile, Inc. Common Stock",NASDAQ,NASDAQ,US,Communication Services,Advertising Agencies,2635386727
HWKN,"Hawkins, Inc.",NASDAQ,NASDAQ,US,Basic Materials,Chemicals - Specialty,2633396010
SLDE,"Slide Insurance Holdings, Inc. Common Stock",NASDAQ,NASDAQ,US,Financial Services,Insurance - Property & Casualty,2628263678
PTRN,Pattern Group Inc. Series A Common Stock,NASDAQ,NASDAQ,US,Communication Services,Advertising Agencies,2620712697
APPN,Appian Corporation,NASDAQ,NASDAQ,US,Technology,Software - Infrastructure,2613820273
MGEE,"MGE Energy, Inc.",NASDAQ,NASDAQ,US,Utilities,Regulated Electric,2613567660
NBTB,NBT Bancorp Inc.,NASDAQ,NASDAQ,US,Financial Services,Banks - Regional,2611953851
ACHC,"Acadia Healthcare Company, Inc.",NASDAQ,NASDAQ,US,Healthcare,Medical - Care Facilities,2610531711
BRZE,"Braze, Inc.",NASDAQ,NASDAQ,US,Technology,Software - Application,2607423137
FIVN,"Five9, Inc.",NASDAQ,NASDAQ,US,Technology,Software - Application,2603941232
ATRO,Astronics Corporation,NASDAQ,NASDAQ,US,Industrials,Aerospace & Defense,2593729604
HTO,H2O America,NASDAQ,NASDAQ,US,Utilities,Regulated Water,2580471720
FBNC,First Bancorp,NASDAQ,NASDAQ,US,Financial Services,Banks - Regional,2578101174
BWIN,"The Baldwin Insurance Group, Inc.",NASDAQ,NASDAQ,US,Financial Services,Insurance - Brokers,2575961746
SUPN,"Supernus Pharmaceuticals, Inc.",NASDAQ,NASDAQ,US,Healthcare,Drug Manufacturers - Specialty & Generic,2552005609
DRH,DiamondRock Hospitality Company,NASDAQ,NASDAQ,US,Real Estate,REIT - Hotel & Motel,2551432842
BTDR,Bitdeer Technologies Group,NASDAQ,NASDAQ,SG,Technology,Software - Application,2544819338
SOUN,"SoundHound AI, Inc.",NASDAQ,NASDAQ,US,Technology,Software - Application,2544337188
IRON,"Disc Medicine, Inc.",NASDAQ,NASDAQ,US,Healthcare,Biotechnology,2528933736
BEAM,Beam Therapeutics Inc.,NASDAQ,NASDAQ,US,Healthcare,Biotechnology,2522593080
DJT,Trump Media & Technology Group Corp.,NASDAQ,NASDAQ,US,Communication Services,Internet Content & Information,2520279835
FRME,First Merchants Corporation,NASDAQ,NASDAQ,US,Financial Services,Banks - Regional,2516767027
RNW,ReNew Energy Global Plc,NASDAQ,NASDAQ,GB,Utilities,Renewable Utilities,2491155776
HURN,Huron Consulting Group Inc.,NASDAQ,NASDAQ,US,Industrials,Consulting Services,2487703236
LILA,Liberty Latin America Ltd.,NASDAQ,NASDAQ,BM,Communication Services,Telecommunications Services,2487256091
BUSE,First Busey Corporation,NASDAQ,NASDAQ,US,Financial Services,Banks - Regional,2484878136
PRVA,"Privia Health Group, Inc.",NASDAQ,NASDAQ,US,Healthcare,Medical - Healthcare Information Services,2472362778
KALU,Kaiser Aluminum Corporation,NASDAQ,NASDAQ,US,Basic Materials,Aluminum,2471492238
HCM,HUTCHMED (China) Limited,NASDAQ,NASDAQ,HK,Healthcare,Drug Manufacturers - Specialty & Generic,2468708446
HIMX,"Himax Technologies, Inc.",NASDAQ,NASDAQ,TW,Technology,Semiconductors,2459040000
NRIX,"Nurix Therapeutics, Inc.",NASDAQ,NASDAQ,US,Healthcare,Biotechnology,2457038850
CENT,Central Garden & Pet Company,NASDAQ,NASDAQ,US,Consumer Defensive,Packaged Foods,2456528744
CLBK,"Columbia Financial, Inc.",NASDAQ,NASDAQ,US,Financial Services,Banks - Regional,2430970428
EEFT,"Euronet Worldwide, Inc.",NASDAQ,NASDAQ,US,Technology,Software - Infrastructure,2427667993
PAYO,Payoneer Global Inc.,NASDAQ,NASDAQ,US,Technology,Software - Infrastructure,2414705160
IOSP,Innospec Inc.,NASDAQ,NASDAQ,US,Basic Materials,Chemicals - Specialty,2382314866
IMOS,ChipMOS TECHNOLOGIES Inc.,NASDAQ,NASDAQ,TW,Technology,Semiconductors,2371542404
CCXIW,Churchill Capital Corp XI Warrants,NASDAQ,NASDAQ,US,Financial Services,Shell Companies,2365714284
OSW,OneSpaWorld Holdings Ltd,NASDAQ,NASDAQ,BS,Consumer Cyclical,Leisure,2349701850
PLUS,ePlus inc.,NASDAQ,NASDAQ,US,Technology,Software - Application,2343441345
VC,Visteon Corporation,NASDAQ,NASDAQ,US,Consumer Cyclical,Auto - Parts,2324101524
VERA,"Vera Therapeutics, Inc.",NASDAQ,NASDAQ,US,Healthcare,Biotechnology,2323971388
LUNR,"Intuitive Machines, Inc.",NASDAQ,NASDAQ,US,Industrials,Aerospace & Defense,2318870850
PONY,Pony AI Inc. American Depositary Shares,NASDAQ,NASDAQ,CN,Technology,Software - Application,2310744486
ADMA,"ADMA Biologics, Inc.",NASDAQ,NASDAQ,US,Healthcare,Biotechnology,2308456241
UFPT,"UFP Technologies, Inc.",NASDAQ,NASDAQ,US,Healthcare,Medical - Devices,2297251928
BANR,Banner Corporation,NASDAQ,NASDAQ,US,Financial Services,Banks - Regional,2292961810
OPEN,Opendoor Technologies Inc.,NASDAQ,NASDAQ,US,Real Estate,Real Estate - Services,2286426690
AXGN,"AxoGen, Inc.",NASDAQ,NASDAQ,US,Healthcare,Medical - Devices,2281638060
SYBT,"Stock Yards Bancorp, Inc.",NASDAQ,NASDAQ,US,Financial Services,Banks - Regional,2280049200
MBIN,Merchants Bancorp,NASDAQ,NASDAQ,US,Financial Services,Banks - Regional,2278987851
HRMY,"Harmony Biosciences Holdings, Inc.",NASDAQ,NASDAQ,US,Healthcare,Biotechnology,2274603240
PATK,"Patrick Industries, Inc.",NASDAQ,NASDAQ,US,Consumer Cyclical,"Furnishings, Fixtures & Appliances",2273902848
SDGR,"Schrödinger, Inc.",NASDAQ,NASDAQ,US,Technology,Software - Application,2266279559
VRDN,"Viridian Therapeutics, Inc.",NASDAQ,NASDAQ,US,Healthcare,Biotechnology,2265273540
INTR,"Inter & Co, Inc.",NASDAQ,NASDAQ,BR,Financial Services,Banks - Regional,2264807333
ALMR,"Alamar Biosciences, Inc.",NASDAQ,NASDAQ,US,Healthcare,Biotechnology,2263010060
NWL,Newell Brands Inc.,NASDAQ,NASDAQ,US,Consumer Defensive,Household & Personal Products,2260615747
WGS,GeneDx Holdings Corp.,NASDAQ,NASDAQ,US,Healthcare,Medical - Diagnostics & Research,2260247275
CNXN,"PC Connection, Inc.",NASDAQ,NASDAQ,US,Technology,Technology Distributors,2258557480
STNE,StoneCo Ltd.,NASDAQ,NASDAQ,KY,Technology,Software - Infrastructure,2257157835
HSAI,Hesai Group,NASDAQ,NASDAQ,CN,Consumer Cyclical,Auto - Parts,2255591735
ANDE,"The Andersons, Inc.",NASDAQ,NASDAQ,US,Consumer Defensive,Agricultural Farm Products,2254721961
CLOV,"Clover Health Investments, Corp.",NASDAQ,NASDAQ,US,Healthcare,Medical - Healthcare Plans,2241461369
WAFD,"WaFd, Inc.",NASDAQ,NASDAQ,US,Financial Services,Banks - Regional,2240069689
PHVS,Pharvaris N.V.,NASDAQ,NASDAQ,CH,Healthcare,Biotechnology,2217283706
UPST,"Upstart Holdings, Inc.",NASDAQ,NASDAQ,US,Financial Services,Financial - Credit Services,2214766424
LASR,"nLIGHT, Inc.",NASDAQ,NASDAQ,US,Technology,Semiconductors,2200503387
IQMX,IQM Quantum Computers Oyj,NASDAQ,NASDAQ,FI,Technology,Computer Hardware,2187952653
INOD,Innodata Inc.,NASDAQ,NASDAQ,US,Technology,Information Technology Services,2185949665
NWBI,"Northwest Bancshares, Inc.",NASDAQ,NASDAQ,US,Financial Services,Banks - Regional,2184235944
SKWD,"Skyward Specialty Insurance Group, Inc.",NASDAQ,NASDAQ,US,Financial Services,Insurance - Property & Casualty,2168243116
CHA,Chagee Holdings Limited American Depositary Shares,NASDAQ,NASDAQ,CN,Consumer Cyclical,Restaurants,2167071361
KEEL,Keel Infrastructure Corp.,NASDAQ,NASDAQ,US,Technology,Information Technology Services,2161706571
ETOR,eToro Group Ltd.,NASDAQ,NASDAQ,IL,Financial Services,Financial - Capital Markets,2161120764
MLYS,"Mineralys Therapeutics, Inc.",NASDAQ,NASDAQ,US,Healthcare,Biotechnology,2158119590
LIFE,Ethos Technologies Inc.,NASDAQ,NASDAQ,US,Financial Services,Insurance - Brokers,2148415664
EFSC,Enterprise Financial Services Corp,NASDAQ,NASDAQ,US,Financial Services,Banks - Regional,2146940464
SLS,"SELLAS Life Sciences Group, Inc.",NASDAQ,NASDAQ,US,Healthcare,Biotechnology,2141239830
PLBL,Polibeli Group Ltd,NASDAQ,NASDAQ,SG,Consumer Cyclical,Department Stores,2136038746
NOVTU,Novanta Inc. Tangible Equity Units,NASDAQ,NASDAQ,US,Technology,"Hardware, Equipment & Parts",2132084453
RXRX,"Recursion Pharmaceuticals, Inc.",NASDAQ,NASDAQ,US,Healthcare,Biotechnology,2114452340
MRVI,"Maravai LifeSciences Holdings, Inc.",NASDAQ,NASDAQ,US,Healthcare,Biotechnology,2113094789
AUPH,Aurinia Pharmaceuticals Inc.,NASDAQ,NASDAQ,CA,Healthcare,Biotechnology,2111644840
SONO,"Sonos, Inc.",NASDAQ,NASDAQ,US,Technology,Consumer Electronics,2111547900
ADRX,"ADARx Pharmaceuticals, Inc.",NASDAQ,NASDAQ,US,Industrials,Specialty Business Services,2108915675
ADUS,Addus HomeCare Corporation,NASDAQ,NASDAQ,US,Healthcare,Medical - Care Facilities,2108375808
FLYW,Flywire Corp,NASDAQ,NASDAQ,US,Industrials,Specialty Business Services,2106374850
CLDX,"Celldex Therapeutics, Inc.",NASDAQ,NASDAQ,US,Healthcare,Biotechnology,2105276906
PTON,"Peloton Interactive, Inc.",NASDAQ,NASDAQ,US,Consumer Cyclical,Leisure,2102462213
BCRX,"BioCryst Pharmaceuticals, Inc.",NASDAQ,NASDAQ,US,Healthcare,Biotechnology,2101928010
IMNM,"Immunome, Inc.",NASDAQ,NASDAQ,US,Healthcare,Biotechnology,2092579760
PDFS,"PDF Solutions, Inc.",NASDAQ,NASDAQ,US,Technology,Software - Application,2083755429
ICHR,"Ichor Holdings, Ltd.",NASDAQ,NASDAQ,US,Technology,Semiconductors,2083657896
MCRI,"Monarch Casino & Resort, Inc.",NASDAQ,NASDAQ,US,Consumer Cyclical,"Gambling, Resorts & Casinos",2080623025
UNIT,Uniti Group Inc.,NASDAQ,NASDAQ,US,Real Estate,REIT - Specialty,2080154407
VCEL,Vericel Corporation,NASDAQ,NASDAQ,US,Healthcare,Biotechnology,2079500026
ZD,"Ziff Davis, Inc.",NASDAQ,NASDAQ,US,Communication Services,Advertising Agencies,2074938082
ALGT,Allegiant Travel Company,NASDAQ,NASDAQ,US,Industrials,"Airlines, Airports & Air Services",2070233399
BUSEP,First Busey Corporation,NASDAQ,NASDAQ,US,Financial Services,Banks - Regional,2068140965
LIND,"Lindblad Expeditions Holdings, Inc.",NASDAQ,NASDAQ,US,Consumer Cyclical,Travel Services,2051927675
TRVI,"Trevi Therapeutics, Inc.",NASDAQ,NASDAQ,US,Healthcare,Biotechnology,2047347389
SRCE,1st Source Corporation,NASDAQ,NASDAQ,US,Financial Services,Banks - Regional,2043689535
ECPG,"Encore Capital Group, Inc.",NASDAQ,NASDAQ,US,Financial Services,Financial - Credit Services,2042198100
WERN,"Werner Enterprises, Inc.",NASDAQ,NASDAQ,US,Industrials,Trucking,2041300905
TILE,"Interface, Inc.",NASDAQ,NASDAQ,US,Consumer Cyclical,"Furnishings, Fixtures & Appliances",2028483348
STGW,Stagwell Inc.,NASDAQ,NASDAQ,US,Communication Services,Advertising Agencies,2027445720
TBBK,"The Bancorp, Inc.",NASDAQ,NASDAQ,US,Financial Services,Banks - Regional,2021768358
PLPC,Preformed Line Products Company,NASDAQ,NASDAQ,US,Industrials,Electrical Equipment & Parts,2017575008
BAND,Bandwidth Inc.,NASDAQ,NASDAQ,US,Technology,Software - Infrastructure,2004219414
ALVO,Alvotech,NASDAQ,NASDAQ,LU,Healthcare,Drug Manufacturers - Specialty & Generic,2002261400
ZYME,Zymeworks Inc.,NASDAQ,NASDAQ,US,Healthcare,Biotechnology,2001211331
ARXS,"Arxis, Inc. Class A Common Stock",NASDAQ,NASDAQ,US,Industrials,Aerospace & Defense,1994625000
PVLA,"Palvella Therapeutics, Inc.",NASDAQ,NASDAQ,US,Healthcare,Biotechnology,1993649200
AGIO,"Agios Pharmaceuticals, Inc.",NASDAQ,NASDAQ,US,Healthcare,Biotechnology,1988072637
NWCL,newcleo plc Ordinary Shares,NASDAQ,NASDAQ,GB,Utilities,Independent Power Producers,1985876222
GENB,"Generate Biomedicines, Inc.",NASDAQ,NASDAQ,US,Healthcare,Biotechnology,1976728103
CHCO,City Holding Company,NASDAQ,NASDAQ,US,Financial Services,Banks - Regional,1973869900
URGN,UroGen Pharma Ltd.,NASDAQ,NASDAQ,US,Healthcare,Biotechnology,1970792805
MLCIL,Mount Logan Capital Inc. 8.00% Notes Due 2031,NASDAQ,NASDAQ,US,Financial Services,Insurance - Life,1969834699
UMBFO,UMB Financial Corporation,NASDAQ,NASDAQ,US,Financial Services,Banks,1969383500
SRPT,"Sarepta Therapeutics, Inc.",NASDAQ,NASDAQ,US,Healthcare,Biotechnology,1967936640
NCNO,"nCino, Inc.",NASDAQ,NASDAQ,US,Technology,Software - Application,1966475453
PENN,"PENN Entertainment, Inc.",NASDAQ,NASDAQ,US,Consumer Cyclical,"Gambling, Resorts & Casinos",1954006429
NMRK,"Newmark Group, Inc.",NASDAQ,NASDAQ,US,Real Estate,Real Estate - Services,1948340034
DRVN,Driven Brands Holdings Inc.,NASDAQ,NASDAQ,US,Consumer Cyclical,Auto - Dealerships,1946480375
LKFT,Lakefront Biotherapeutics N.V.,NASDAQ,NASDAQ,BE,Healthcare,Biotechnology,1945282362
PGNY,"Progyny, Inc.",NASDAQ,NASDAQ,US,Healthcare,Medical - Healthcare Plans,1941859452
MESO,Mesoblast Limited,NASDAQ,NASDAQ,AU,Healthcare,Biotechnology,1928580814
TH,Target Hospitality Corp.,NASDAQ,NASDAQ,US,Industrials,Specialty Business Services,1920008440
DHC,Diversified Healthcare Trust,NASDAQ,NASDAQ,US,Real Estate,REIT - Healthcare Facilities,1919908510
SEDG,"SolarEdge Technologies, Inc.",NASDAQ,NASDAQ,IL,Energy,Solar,1916989727
BLFS,"BioLife Solutions, Inc.",NASDAQ,NASDAQ,US,Healthcare,Medical - Instruments & Supplies,1916187816
BVC,BitVentures Limited,NASDAQ,NASDAQ,HK,Technology,Software - Application,1911840000
ALNT,Allient Inc.,NASDAQ,NASDAQ,US,Industrials,Electrical Equipment & Parts,1905308995
QUBT,"Quantum Computing, Inc.",NASDAQ,NASDAQ,US,Technology,Computer Hardware,1899593629
SHAZ,"SharonAI Holdings, Inc. Class A Common Stock",NASDAQ,NASDAQ,US,Technology,Information Technology Services,1898529575
NN,NextNav Inc.,NASDAQ,NASDAQ,US,Technology,Software - Infrastructure,1895109083
CMPR,Cimpress plc,NASDAQ,NASDAQ,IE,Industrials,Specialty Business Services,1894222475
LMAT,"LeMaitre Vascular, Inc.",NASDAQ,NASDAQ,US,Healthcare,Medical - Instruments & Supplies,1894094523
APXT,Apex Treasury Corporation Class A,NASDAQ,NASDAQ,US,Financial Services,Shell Companies,1892844021
PRDO,Perdoceo Education Corporation,NASDAQ,NASDAQ,US,Consumer Defensive,Education & Training Services,1887990341
SGRY,"Surgery Partners, Inc.",NASDAQ,NASDAQ,US,Healthcare,Medical - Care Facilities,1884655080
GPCR,Structure Therapeutics Inc.,NASDAQ,NASDAQ,US,Healthcare,Biotechnology,1881854312
GCT,GigaCloud Technology Inc.,NASDAQ,NASDAQ,US,Technology,Software - Infrastructure,1881553099
PRCH,"Porch Group, Inc.",NASDAQ,NASDAQ,US,Financial Services,Insurance - Property & Casualty,1881023683
BLKB,"Blackbaud, Inc.",NASDAQ,NASDAQ,US,Technology,Software - Application,1880511843
KARO,Karooooo Ltd.,NASDAQ,NASDAQ,SG,Technology,Software - Application,1879239439
FTRE,Fortrea Holdings Inc.,NASDAQ,NASDAQ,US,Healthcare,Biotechnology,1877274000
ESTA,Establishment Labs Holdings Inc.,NASDAQ,NASDAQ,US,Healthcare,Medical - Devices,1874715843
USAR,USA Rare Earth Inc,NASDAQ,NASDAQ,US,Basic Materials,Industrial Materials,1866887746
SBET,"Sharplink, Inc.",NASDAQ,NASDAQ,US,Financial Services,Financial - Capital Markets,1865124140
NVCR,Novocure Ltd,NASDAQ,NASDAQ,CH,Healthcare,Medical - Devices,1861968982
XNCR,"Xencor, Inc.",NASDAQ,NASDAQ,US,Healthcare,Biotechnology,1853539900
RUN,Sunrun Inc.,NASDAQ,NASDAQ,US,Energy,Solar,1841598280
MFP,"Midera Food Processing, Inc.",NASDAQ,NASDAQ,US,Industrials,Industrial - Machinery,1839781586
GABC,"German American Bancorp, Inc.",NASDAQ,NASDAQ,US,Financial Services,Banks - Regional,1833889126
HUBG,"Hub Group, Inc.",NASDAQ,NASDAQ,US,Industrials,Integrated Freight & Logistics,1832502862
PLAB,"Photronics, Inc.",NASDAQ,NASDAQ,US,Technology,Semiconductors,1832002159
LIME,"Neutron Holdings, Inc.",NASDAQ,NASDAQ,US,Industrials,Rental & Leasing Services,1820257360
AMPL,"Amplitude, Inc.",NASDAQ,NASDAQ,US,Technology,Software - Application,1812331769
VERX,"Vertex, Inc.",NASDAQ,NASDAQ,US,Technology,Software - Application,1808730566
FSUN,FirstSun Capital Bancorp,NASDAQ,NASDAQ,US,Financial Services,Banks - Regional,1806081061
HYMC,Hycroft Mining Holding Corporation,NASDAQ,NASDAQ,US,Basic Materials,Gold,1805860978
XRAY,DENTSPLY SIRONA Inc.,NASDAQ,NASDAQ,US,Healthcare,Medical - Instruments & Supplies,1798933613
VIR,"Vir Biotechnology, Inc.",NASDAQ,NASDAQ,US,Healthcare,Biotechnology,1796143523
BLBD,Blue Bird Corporation,NASDAQ,NASDAQ,US,Consumer Cyclical,Auto - Manufacturers,1783601756
NVAX,"Novavax, Inc.",NASDAQ,NASDAQ,US,Healthcare,Biotechnology,1779220448
MLCO,Melco Resorts & Entertainment Limited,NASDAQ,NASDAQ,HK,Consumer Cyclical,"Gambling, Resorts & Casinos",1770609473
EZPW,"EZCORP, Inc.",NASDAQ,NASDAQ,US,Financial Services,Financial - Credit Services,1766344739
SEPN,Septerna Inc,NASDAQ,NASDAQ,US,Healthcare,Biotechnology,1763805606
ASTH,"Astrana Health, Inc.",NASDAQ,NASDAQ,US,Healthcare,Medical - Care Facilities,1757732168
WTFCN,Wintrust Financial Corporation,NASDAQ,NASDAQ,US,Financial Services,Banks - Regional,1754116000
CMPS,COMPASS Pathways plc,NASDAQ,NASDAQ,GB,Healthcare,Biotechnology,1748605903
PSNL,"Personalis, Inc.",NASDAQ,NASDAQ,US,Healthcare,Medical - Diagnostics & Research,1745378850
FORTY,Formula Systems (1985) Ltd.,NASDAQ,NASDAQ,IL,Technology,Information Technology Services,1726683504
EMAT,Evolution Metals & Technologies Corp. Common Stock,NASDAQ,NASDAQ,US,Basic Materials,Industrial Materials,1726648069
OCUL,"Ocular Therapeutix, Inc.",NASDAQ,NASDAQ,US,Healthcare,Biotechnology,1723215200
XERS,"Xeris Biopharma Holdings, Inc.",NASDAQ,NASDAQ,US,Healthcare,Biotechnology,1722967160
STRA,"Strategic Education, Inc.",NASDAQ,NASDAQ,US,Consumer Defensive,Education & Training Services,1722509030
HAPN,"Happen, Inc. Common Stock",NASDAQ,NASDAQ,US,Financial Services,Banks - Regional,1721872440
STBA,"S&T Bancorp, Inc.",NASDAQ,NASDAQ,US,Financial Services,Banks - Regional,1719518328
HOPE,"Hope Bancorp, Inc.",NASDAQ,NASDAQ,US,Financial Services,Banks - Regional,1718156160
ABSI,Absci Corporation,NASDAQ,NASDAQ,US,Healthcare,Biotechnology,1717716000
QURE,uniQure N.V.,NASDAQ,NASDAQ,NL,Healthcare,Biotechnology,1700170464
NKTR,Nektar Therapeutics,NASDAQ,NASDAQ,US,Healthcare,Biotechnology,1699474928
GHRS,GH Research PLC,NASDAQ,NASDAQ,IE,Healthcare,Biotechnology,1691306124
ZBIO,"Zenas BioPharma, Inc.",NASDAQ,NASDAQ,US,Healthcare,Biotechnology,1689449169
NEXT,Nextdecade Corp,NASDAQ,NASDAQ,US,Energy,Oil & Gas Exploration & Production,1687612900
NTLA,"Intellia Therapeutics, Inc.",NASDAQ,NASDAQ,US,Healthcare,Biotechnology,1680858908
BFC,Bank First Corporation,NASDAQ,NASDAQ,US,Financial Services,Banks - Regional,1680629275
STOK,"Stoke Therapeutics, Inc.",NASDAQ,NASDAQ,US,Healthcare,Biotechnology,1669938056
KMTS,"Kestra Medical Technologies, Ltd.",NASDAQ,NASDAQ,US,Healthcare,Medical - Instruments & Supplies,1667844824
MQ,"Marqeta, Inc.",NASDAQ,NASDAQ,US,Technology,Software - Infrastructure,1663671555
TCBK,TriCo Bancshares,NASDAQ,NASDAQ,US,Financial Services,Banks - Regional,1657043625
ANIP,"ANI Pharmaceuticals, Inc.",NASDAQ,NASDAQ,US,Healthcare,Drug Manufacturers - Specialty & Generic,1650987959
MGRT,Mega Fortune Company Limited,NASDAQ,NASDAQ,HK,Technology,Information Technology Services,1650000000
GSHD,"Goosehead Insurance, Inc",NASDAQ,NASDAQ,US,Financial Services,Insurance - Brokers,1644178290
ALHC,"Alignment Healthcare, Inc.",NASDAQ,NASDAQ,US,Healthcare,Medical - Healthcare Plans,1640810850
QCRH,"QCR Holdings, Inc.",NASDAQ,NASDAQ,US,Financial Services,Banks - Regional,1634800297
NYAX,Nayax Ltd.,NASDAQ,NASDAQ,IL,Technology,Software - Infrastructure,1631591818
PSQL,Pasqal Holding S.A. Ordinary Share,NASDAQ,NASDAQ,FR,Technology,Computer Hardware,1623416000
PAX,Patria Investments Ltd,NASDAQ,NASDAQ,KY,Financial Services,Asset Management,1623335914
ETON,"Eton Pharmaceuticals, Inc.",NASDAQ,NASDAQ,US,Healthcare,Drug Manufacturers - Specialty & Generic,1621353670
TMC,TMC the metals company inc.,NASDAQ,NASDAQ,CA,Basic Materials,Other Precious Metals,1620247056
PRGS,Progress Software Corporation,NASDAQ,NASDAQ,US,Technology,Software - Infrastructure,1617550432
DSGR,"Distribution Solutions Group, Inc.",NASDAQ,NASDAQ,US,Industrials,Industrial - Distribution,1616626999
SNDX,"Syndax Pharmaceuticals, Inc.",NASDAQ,NASDAQ,US,Healthcare,Biotechnology,1615803350
JBLU,JetBlue Airways Corporation,NASDAQ,NASDAQ,US,Industrials,"Airlines, Airports & Air Services",1614895360
RBCAA,"Republic Bancorp, Inc.",NASDAQ,NASDAQ,US,Financial Services,Banks - Regional,1614893671
IMKTA,"Ingles Markets, Incorporated",NASDAQ,NASDAQ,US,Consumer Defensive,Grocery Stores,1613762185
PWP,Perella Weinberg Partners,NASDAQ,NASDAQ,US,Financial Services,Financial - Capital Markets,1607745992
PURR,Hyperliquid Strategies Inc Common Stock,NASDAQ,NASDAQ,US,Financial Services,Financial - Capital Markets,1604432000
WRD,WeRide Inc.,NASDAQ,NASDAQ,CN,Technology,Software - Application,1597062240
VNET,"VNET Group, Inc.",NASDAQ,NASDAQ,CN,Technology,Information Technology Services,1596295337
TSHA,"Taysha Gene Therapies, Inc.",NASDAQ,NASDAQ,US,Healthcare,Biotechnology,1596106390
ATEC,"Alphatec Holdings, Inc.",NASDAQ,NASDAQ,US,Healthcare,Medical - Devices,1594791930
NBTX,Nanobiotix S.A.,NASDAQ,NASDAQ,FR,Healthcare,Biotechnology,1593820683
AZTA,"Azenta, Inc.",NASDAQ,NASDAQ,US,Healthcare,Medical - Instruments & Supplies,1580061321
RAPP,"Rapport Therapeutics, Inc. Common Stock",NASDAQ,NASDAQ,US,Healthcare,Biotechnology,1579245130
BRVE,"Braveheart Bio, Inc.",NASDAQ,NASDAQ,US,Healthcare,Biotechnology,1578384401
OPRA,Opera Limited,NASDAQ,NASDAQ,NO,Communication Services,Internet Content & Information,1572550118
IMCR,Immunocore Holdings plc,NASDAQ,NASDAQ,GB,Healthcare,Biotechnology,1568164979
OMCL,"Omnicell, Inc.",NASDAQ,NASDAQ,US,Healthcare,Medical - Healthcare Information Services,1560381059
INVA,"Innoviva, Inc.",NASDAQ,NASDAQ,US,Healthcare,Biotechnology,1558102691
BL,"BlackLine, Inc.",NASDAQ,NASDAQ,US,Technology,Software - Application,1546888381
ATEX,Anterix Inc.,NASDAQ,NASDAQ,US,Communication Services,Telecommunications Services,1541159148
INBX,Inhibrx Biosciences Inc.,NASDAQ,NASDAQ,US,Healthcare,Biotechnology,1537980428
WB,Weibo Corporation,NASDAQ,NASDAQ,CN,Communication Services,Internet Content & Information,1534740939
COAG,"Hemab Therapeutics Holdings, Inc. Common Stock",NASDAQ,NASDAQ,US,Healthcare,Biotechnology,1522596236
SAFT,"Safety Insurance Group, Inc.",NASDAQ,NASDAQ,US,Financial Services,Insurance - Property & Casualty,1521640742
CNOB,"ConnectOne Bancorp, Inc.",NASDAQ,NASDAQ,US,Financial Services,Banks - Regional,1519215404
CNXC,Concentrix Corporation,NASDAQ,NASDAQ,US,Technology,Information Technology Services,1518135304
CASH,"Pathward Financial, Inc.",NASDAQ,NASDAQ,US,Financial Services,Banks - Regional,1510845133
RARE,Ultragenyx Pharmaceutical Inc.,NASDAQ,NASDAQ,US,Healthcare,Biotechnology,1508854544
WLTH,Wealthfront Corporation,NASDAQ,NASDAQ,US,Technology,Software - Application,1508548322
ICFI,"ICF International, Inc.",NASDAQ,NASDAQ,US,Industrials,Consulting Services,1504819442
MAZE,"Maze Therapeutics, Inc.",NASDAQ,NASDAQ,US,Healthcare,Biotechnology,1495428925
ANAB,"AnaptysBio, Inc.",NASDAQ,NASDAQ,US,Healthcare,Biotechnology,1491380145
WBTN,WEBTOON Entertainment Inc. Common stock,NASDAQ,NASDAQ,US,Communication Services,Internet Content & Information,1483524988
CSWC,Capital Southwest Corporation,NASDAQ,NASDAQ,US,Financial Services,Asset Management,1449121124
PGY,Pagaya Technologies Ltd.,NASDAQ,NASDAQ,US,Technology,Software - Infrastructure,1449106893
JJSF,J&J Snack Foods Corp.,NASDAQ,NASDAQ,US,Consumer Defensive,Packaged Foods,1447951249
LKFN,Lakeland Financial Corporation,NASDAQ,NASDAQ,US,Financial Services,Banks - Regional,1446234480
NUTX,"Nutex Health, Inc.",NASDAQ,NASDAQ,US,Healthcare,Medical - Care Facilities,1445769534
FLNC,"Fluence Energy, Inc.",NASDAQ,NASDAQ,US,Utilities,Renewable Utilities,1442998481
CERT,"Certara, Inc.",NASDAQ,NASDAQ,US,Healthcare,Medical - Healthcare Information Services,1440531900
CRSR,"Corsair Gaming, Inc.",NASDAQ,NASDAQ,US,Technology,Computer Hardware,1438631720
GT,The Goodyear Tire & Rubber Company,NASDAQ,NASDAQ,US,Consumer Cyclical,Auto - Parts,1437195000
PAHC,Phibro Animal Health Corporation,NASDAQ,NASDAQ,US,Healthcare,Drug Manufacturers - Specialty & Generic,1437086847
HCSG,"Healthcare Services Group, Inc.",NASDAQ,NASDAQ,US,Healthcare,Medical - Care Facilities,1434413022
ALKT,"Alkami Technology, Inc.",NASDAQ,NASDAQ,US,Technology,Software - Application,1429814540
AAPG,Ascentage Pharma Group International,NASDAQ,NASDAQ,CN,Healthcare,Biotechnology,1426987714
KLRA,"Kailera Therapeutics, Inc.",NASDAQ,NASDAQ,US,Healthcare,Biotechnology,1423926032
EVCM,EverCommerce Inc.,NASDAQ,NASDAQ,US,Technology,Software - Application,1417377510
AMSC,American Superconductor Corporation,NASDAQ,NASDAQ,US,Industrials,Electrical Equipment & Parts,1413645291
APPS,"Digital Turbine, Inc.",NASDAQ,NASDAQ,US,Technology,Software - Application,1408299720
PNTG,"The Pennant Group, Inc.",NASDAQ,NASDAQ,US,Healthcare,Medical - Care Facilities,1408086059
TRS,TriMas Corporation,NASDAQ,NASDAQ,US,Consumer Cyclical,Packaging & Containers,1408028610
ULCC,"Frontier Group Holdings, Inc.",NASDAQ,NASDAQ,US,Industrials,"Airlines, Airports & Air Services",1403165124
AMAL,Amalgamated Financial Corp.,NASDAQ,NASDAQ,US,Financial Services,Banks - Regional,1400819685
PEBO,Peoples Bancorp Inc.,NASDAQ,NASDAQ,US,Financial Services,Banks - Regional,1396985934
HLMN,Hillman Solutions Corp.,NASDAQ,NASDAQ,US,Industrials,Manufacturing - Tools & Accessories,1395050299
OMER,Omeros Corporation,NASDAQ,NASDAQ,US,Healthcare,Biotechnology,1393225584
ORIC,"ORIC Pharmaceuticals, Inc.",NASDAQ,NASDAQ,US,Healthcare,Biotechnology,1384029804
BHRB,Burke & Herbert Financial Services Corp.,NASDAQ,NASDAQ,US,Financial Services,Banks - Regional,1381269201
DMLP,"Dorchester Minerals, L.P.",NASDAQ,NASDAQ,US,Energy,Oil & Gas Exploration & Production,1377693098
AVBP,"ArriVent BioPharma, Inc.",NASDAQ,NASDAQ,US,Healthcare,Biotechnology,1375823432
UFCS,"United Fire Group, Inc.",NASDAQ,NASDAQ,US,Financial Services,Insurance - Property & Casualty,1373248105
DRTS,Alpha Tau Medical Ltd,NASDAQ,NASDAQ,IL,Healthcare,Biotechnology,1372050056
WABC,Westamerica Bancorporation,NASDAQ,NASDAQ,US,Financial Services,Banks - Regional,1370994560
MLKN,"MillerKnoll, Inc.",NASDAQ,NASDAQ,US,Consumer Cyclical,"Furnishings, Fixtures & Appliances",1359739850
CTBI,"Community Trust Bancorp, Inc.",NASDAQ,NASDAQ,US,Financial Services,Banks - Regional,1353195650
FCEL,"FuelCell Energy, Inc.",NASDAQ,NASDAQ,US,Industrials,Electrical Equipment & Parts,1351225879
LQDT,"Liquidity Services, Inc.",NASDAQ,NASDAQ,US,Consumer Cyclical,Specialty Retail,1350459115
CRCT,"Cricut, Inc.",NASDAQ,NASDAQ,US,Technology,Computer Hardware,1345450270
BRUN,Boost Run Inc. Class A Common Stock,NASDAQ,NASDAQ,US,Technology,Software - Infrastructure,1344893693
VISN,"Vistance Networks, Inc.",NASDAQ,NASDAQ,US,Technology,Communication Equipment,1339883608
ARHS,"Arhaus, Inc.",NASDAQ,NASDAQ,US,Consumer Cyclical,Specialty Retail,1338968949
ATLC,Atlanticus Holdings Corporation,NASDAQ,NASDAQ,US,Financial Services,Financial - Credit Services,1322522378
BXBL,BOXABL Inc.,NASDAQ,NASDAQ,US,Consumer Cyclical,Residential Construction,1320688921
EYE,"National Vision Holdings, Inc.",NASDAQ,NASDAQ,US,Consumer Cyclical,Specialty Retail,1312311546
TYRA,"Tyra Biosciences, Inc.",NASDAQ,NASDAQ,US,Healthcare,Biotechnology,1311390036
KARD,"Kardigan, Inc.",NASDAQ,NASDAQ,US,Healthcare,Biotechnology,1309711514
SHLS,"Shoals Technologies Group, Inc.",NASDAQ,NASDAQ,US,Energy,Solar,1303588440
FMBH,"First Mid Bancshares, Inc.",NASDAQ,NASDAQ,US,Financial Services,Banks - Regional,1300980304
HBT,"HBT Financial, Inc.",NASDAQ,NASDAQ,US,Financial Services,Banks - Regional,1297888692
IART,Integra LifeSciences Holdings Corporation,NASDAQ,NASDAQ,US,Healthcare,Medical - Devices,1294134500
QMCO,Quantum Corporation,NASDAQ,NASDAQ,US,Technology,Computer Hardware,1293846070
LCID,"Lucid Group, Inc.",NASDAQ,NASDAQ,US,Consumer Cyclical,Auto - Manufacturers,1293764213
CCEC,Capital Clean Energy Carriers Corp.,NASDAQ,NASDAQ,GR,Industrials,Marine Shipping,1279815244
ELE,Elemental Royalty Corporation Common Stock,NASDAQ,NASDAQ,CA,Basic Materials,Gold,1272208673
DMRA,"Damora Therapeutics, Inc.",NASDAQ,NASDAQ,US,Healthcare,Biotechnology,1271688988
NSSC,"Napco Security Technologies, Inc.",NASDAQ,NASDAQ,US,Industrials,Security & Protection Services,1270820061
OSBC,"Old Second Bancorp, Inc.",NASDAQ,NASDAQ,US,Financial Services,Banks - Regional,1267808660
CRON,Cronos Group Inc.,NASDAQ,NASDAQ,CA,Healthcare,Drug Manufacturers - Specialty & Generic,1262977692
RDWR,Radware Ltd.,NASDAQ,NASDAQ,IL,Technology,Software - Infrastructure,1262020500
PFBC,Preferred Bank,NASDAQ,NASDAQ,US,Financial Services,Banks - Regional,1258206975
TRAX,First Tracks Biotherapeutics Inc,NASDAQ,NASDAQ,US,Healthcare,Biotechnology,1255427868
BJRI,"BJ's Restaurants, Inc.",NASDAQ,NASDAQ,US,Consumer Cyclical,Restaurants,1251767993
WEN,The Wendy's Company,NASDAQ,NASDAQ,US,Consumer Cyclical,Restaurants,1245745740
AIIR,Air Global PLC Ordinary Shares,NASDAQ,NASDAQ,AE,Consumer Defensive,Tobacco,1242996150
SENEA,Seneca Foods Corporation,NASDAQ,NASDAQ,US,Consumer Defensive,Packaged Foods,1239958320
BCAX,Bicara Therapeutics Inc. Common Stock,NASDAQ,NASDAQ,US,Healthcare,Biotechnology,1219463697
INNV,Innovage Holding Corp.,NASDAQ,NASDAQ,US,Healthcare,Medical - Care Facilities,1218909280
XPEL,"XPEL, Inc.",NASDAQ,NASDAQ,US,Consumer Cyclical,Auto - Parts,1217644317
OPK,"OPKO Health, Inc.",NASDAQ,NASDAQ,US,Healthcare,Medical - Diagnostics & Research,1209051725
AVLN,Avalyn Pharma Inc. Common Stock,NASDAQ,NASDAQ,US,Healthcare,Biotechnology,1201426875
ROCK,"Gibraltar Industries, Inc.",NASDAQ,NASDAQ,US,Industrials,Manufacturing - Metal Fabrication,1186773379
JCAP,"Jefferson Capital, Inc. Common Stock",NASDAQ,NASDAQ,US,Financial Services,Financial - Credit Services,1178051458
AMPH,"Amphastar Pharmaceuticals, Inc.",NASDAQ,NASDAQ,US,Healthcare,Drug Manufacturers - Specialty & Generic,1176399079
SCSC,"ScanSource, Inc.",NASDAQ,NASDAQ,US,Technology,Technology Distributors,1175774003
CBRL,Cracker Barrel Old Country Store,NASDAQ,NASDAQ,US,Consumer Cyclical,Restaurants,1173004621
HROW,"Harrow Health, Inc.",NASDAQ,NASDAQ,US,Healthcare,Drug Manufacturers - Specialty & Generic,1170438360
CNL,Collective Mining Ltd.,NASDAQ,NASDAQ,US,Basic Materials,Gold,1159243838
AVO,"Mission Produce, Inc.",NASDAQ,NASDAQ,US,Consumer Defensive,Food Distribution,1154339786
OMDA,Omada Health,NASDAQ,NASDAQ,US,Healthcare,Medical - Healthcare Information Services,1151517542
GIII,"G-III Apparel Group, Ltd.",NASDAQ,NASDAQ,US,Consumer Cyclical,Apparel - Manufacturers,1149693114
IMTX,Immatics N.V.,NASDAQ,NASDAQ,DE,Healthcare,Biotechnology,1147870320
HFWA,Heritage Financial Corporation,NASDAQ,NASDAQ,US,Financial Services,Banks - Regional,1146294828
HLIT,Harmonic Inc.,NASDAQ,NASDAQ,US,Technology,Communication Equipment,1144637400
WLDN,"Willdan Group, Inc.",NASDAQ,NASDAQ,US,Industrials,Engineering & Construction,1144174632
UVSP,Univest Financial Corporation,NASDAQ,NASDAQ,US,Financial Services,Banks - Regional,1137156384
TNDM,"Tandem Diabetes Care, Inc.",NASDAQ,NASDAQ,US,Healthcare,Medical - Devices,1135527005
GDRX,"GoodRx Holdings, Inc.",NASDAQ,NASDAQ,US,Healthcare,Medical - Healthcare Information Services,1119613527
RDVT,"Red Violet, Inc.",NASDAQ,NASDAQ,US,Technology,Software - Application,1119119614
STAA,STAAR Surgical Company,NASDAQ,NASDAQ,US,Healthcare,Medical - Instruments & Supplies,1116755943
LGIH,"LGI Homes, Inc.",NASDAQ,NASDAQ,US,Consumer Cyclical,Residential Construction,1112362524
IRMD,IRadimed Corporation,NASDAQ,NASDAQ,US,Healthcare,Medical - Devices,1105218180
WINA,Winmark Corporation,NASDAQ,NASDAQ,US,Consumer Cyclical,Specialty Retail,1098988184
REPL,"Replimune Group, Inc.",NASDAQ,NASDAQ,US,Healthcare,Biotechnology,1092338910
LTGO,Latigo Biotherapeutics Inc.,NASDAQ,NASDAQ,US,Healthcare,Medical - Pharmaceuticals,1088772757
HBNB,Hotel101 Global Holdings Corp.,NASDAQ,NASDAQ,SG,Real Estate,Real Estate - Services,1088250595
PSIX,"Power Solutions International, Inc.",NASDAQ,NASDAQ,US,Industrials,Industrial - Machinery,1085676195
SGLD,Scorpio Gold Corporation American Depositary Shares,NASDAQ,NASDAQ,CA,Basic Materials,Gold,1084611815
CRML,Critical Metals Corp.,NASDAQ,NASDAQ,US,Basic Materials,Industrial Materials,1084038960
GO,Grocery Outlet Holding Corp.,NASDAQ,NASDAQ,US,Consumer Defensive,Grocery Stores,1083203565
SGML,Sigma Lithium Corporation,NASDAQ,NASDAQ,CA,Basic Materials,Industrial Materials,1081723130
ODTX,"Odyssey Therapeutics, Inc.",NASDAQ,NASDAQ,US,Healthcare,Biotechnology,1077822798
AIP,"Arteris, Inc.",NASDAQ,NASDAQ,US,Technology,Semiconductors,1073960301
WLFC,Willis Lease Finance Corporation,NASDAQ,NASDAQ,US,Industrials,Rental & Leasing Services,1072852192
CRAI,"CRA International, Inc.",NASDAQ,NASDAQ,US,Industrials,Consulting Services,1072476858
GTM,ZoomInfo Technologies Inc.,NASDAQ,NASDAQ,US,Technology,Software - Application,1069826463
LBRX,LB Pharmaceuticals Inc Common Stock,NASDAQ,NASDAQ,US,Healthcare,Biotechnology,1069065587
MNKD,MannKind Corporation,NASDAQ,NASDAQ,US,Healthcare,Biotechnology,1066765940
AFYA,Afya Limited,NASDAQ,NASDAQ,BR,Consumer Defensive,Education & Training Services,1066750378
MRTN,"Marten Transport, Ltd.",NASDAQ,NASDAQ,US,Industrials,Trucking,1066369994
OCSL,Oaktree Specialty Lending Corporation,NASDAQ,NASDAQ,US,Financial Services,Asset Management,1065834828
CSTL,"Castle Biosciences, Inc.",NASDAQ,NASDAQ,US,Healthcare,Medical - Diagnostics & Research,1065566560
PSEC,Prospect Capital Corporation,NASDAQ,NASDAQ,US,Financial Services,Asset Management,1062136224
PICS,PicS N.V.,NASDAQ,NASDAQ,BR,Technology,Software - Infrastructure,1061321944
REAL,"The RealReal, Inc.",NASDAQ,NASDAQ,US,Consumer Cyclical,Luxury Goods,1059087129
KRT,Karat Packaging Inc.,NASDAQ,NASDAQ,US,Consumer Cyclical,Packaging & Containers,1051888986
AKTS,"Aktis Oncology, Inc.",NASDAQ,NASDAQ,US,Healthcare,Biotechnology,1051536928
IGIC,International General Insurance Holdings Ltd.,NASDAQ,NASDAQ,JO,Financial Services,Insurance - Diversified,1049293320
THRM,Gentherm Incorporated,NASDAQ,NASDAQ,US,Consumer Cyclical,Auto - Parts,1041520384
SVRA,Savara Inc.,NASDAQ,NASDAQ,US,Healthcare,Biotechnology,1041029160
PRCT,PROCEPT BioRobotics Corporation,NASDAQ,NASDAQ,US,Healthcare,Medical - Devices,1037061301
JANX,"Janux Therapeutics, Inc.",NASDAQ,NASDAQ,US,Healthcare,Biotechnology,1033684800
CFFN,"Capitol Federal Financial, Inc.",NASDAQ,NASDAQ,US,Financial Services,Banks - Regional,1032690985
MGTX,MeiraGTx Holdings plc,NASDAQ,NASDAQ,US,Healthcare,Biotechnology,1030743735
NBN,Northeast Bank,NASDAQ,NASDAQ,US,Financial Services,Banks - Regional,1030241705
GPRE,Green Plains Inc.,NASDAQ,NASDAQ,US,Basic Materials,Chemicals,1030143860
TRUP,"Trupanion, Inc.",NASDAQ,NASDAQ,US,Financial Services,Insurance - Property & Casualty,1029879344
SLBT,SL Science Holding Ltd,NASDAQ,NASDAQ,US,Healthcare,Biotechnology,1026190350
FSBC,Five Star Bancorp,NASDAQ,NASDAQ,US,Financial Services,Banks - Regional,1020924799
ODD,Oddity Tech Ltd.,NASDAQ,NASDAQ,IL,Consumer Defensive,Household & Personal Products,1020247625
ESQ,"Esquire Financial Holdings, Inc.",NASDAQ,NASDAQ,US,Financial Services,Banks - Regional,1017897643
MBWM,Mercantile Bank Corporation,NASDAQ,NASDAQ,US,Financial Services,Banks - Regional,1017289416
ITRN,Ituran Location and Control Ltd.,NASDAQ,NASDAQ,IL,Communication Services,Telecommunications Services,1014772536
POET,POET Technologies Inc.,NASDAQ,NASDAQ,CA,Technology,Semiconductors,1012537900
ITG,ITG Inc.,NASDAQ,NASDAQ,US,Industrials,Engineering & Construction,1010311510
PCRX,"Pacira BioSciences, Inc.",NASDAQ,NASDAQ,US,Healthcare,Drug Manufacturers - Specialty & Generic,1008942750
OCFC,OceanFirst Financial Corp.,NASDAQ,NASDAQ,US,Financial Services,Banks - Regional,1005043752
MSEX,Middlesex Water Company,NASDAQ,NASDAQ,US,Utilities,Regulated Water,1002495480
UPWK,Upwork Inc.,NASDAQ,NASDAQ,US,Industrials,Staffing & Employment Services,1000496910
SPTX,"Seaport Therapeutics, Inc. Common Stock",NASDAQ,NASDAQ,US,Healthcare,Biotechnology,1000485980
RXT,"Rackspace Technology, Inc.",NASDAQ,NASDAQ,US,Technology,Software - Infrastructure,1000399884
BFST,"Business First Bancshares, Inc.",NASDAQ,NASDAQ,US,Financial Services,Banks - Regional,993737007
VOR,Vor Biopharma Inc.,NASDAQ,NASDAQ,US,Healthcare,Biotechnology,993227125
GLUE,"Monte Rosa Therapeutics, Inc.",NASDAQ,NASDAQ,US,Healthcare,Biotechnology,991788367
CCNE,CNB Financial Corporation,NASDAQ,NASDAQ,US,Financial Services,Banks - Regional,991212984
CRVS,"Corvus Pharmaceuticals, Inc.",NASDAQ,NASDAQ,US,Healthcare,Biotechnology,988903104
NWPX,"NWPX Infrastructure, Inc.",NASDAQ,NASDAQ,US,Basic Materials,Construction Materials,986347974
MCBS,"MetroCity Bankshares, Inc.",NASDAQ,NASDAQ,US,Financial Services,Banks - Regional,985905445
LMRI,"Lumexa Imaging Holdings, Inc. Common Stock",NASDAQ,NASDAQ,US,Healthcare,Medical - Devices,985788341
HPK,"HighPeak Energy, Inc.",NASDAQ,NASDAQ,US,Energy,Oil & Gas Exploration & Production,984328820
RCAT,"Red Cat Holdings, Inc.",NASDAQ,NASDAQ,US,Industrials,Aerospace & Defense,981640109
VMET,Versamet Royalties Corporation Common Stock,NASDAQ,NASDAQ,CA,Basic Materials,Other Precious Metals,980026925
TRIP,"Tripadvisor, Inc.",NASDAQ,NASDAQ,US,Consumer Cyclical,Travel Services,977433820
HBNC,"Horizon Bancorp, Inc.",NASDAQ,NASDAQ,US,Financial Services,Banks - Regional,968080028
MLTX,MoonLake Immunotherapeutics,NASDAQ,NASDAQ,CH,Healthcare,Biotechnology,963121330
SIFY,Sify Technologies Limited,NASDAQ,NASDAQ,IN,Communication Services,Telecommunications Services,961207315
CEVA,"CEVA, Inc.",NASDAQ,NASDAQ,US,Technology,Semiconductors,960591043
KURA,"Kura Oncology, Inc.",NASDAQ,NASDAQ,US,Healthcare,Biotechnology,959207014
NFEGP,New Fortress Energy Inc. Series A Mandatorily Convertible Preferred Stock,NASDAQ,NASDAQ,US,Energy,Oil & Gas Midstream,957425040
IQ,"iQIYI, Inc.",NASDAQ,NASDAQ,CN,Communication Services,Entertainment,954092699
LZ,"LegalZoom.com, Inc.",NASDAQ,NASDAQ,US,Technology,Software - Application,952646400
APMD,"Apnimed, Inc.",NASDAQ,NASDAQ,US,Healthcare,Biotechnology,951774074
CAC,Camden National Corp.,NASDAQ,NASDAQ,US,Financial Services,Banks - Regional,949760405
BVS,Bioventus Inc.,NASDAQ,NASDAQ,US,Healthcare,Medical - Devices,948472672
AEVA,"Aeva Technologies, Inc.",NASDAQ,NASDAQ,US,Technology,Semiconductors,943466744
CBLL,"CeriBell, Inc.",NASDAQ,NASDAQ,US,Healthcare,Medical - Devices,943255522
CGEM,"Cullinan Therapeutics, Inc.",NASDAQ,NASDAQ,US,Healthcare,Biotechnology,936005340
ASTE,"Astec Industries, Inc.",NASDAQ,NASDAQ,US,Industrials,Industrial - Machinery,935570115
TBLA,Taboola.com Ltd.,NASDAQ,NASDAQ,US,Communication Services,Internet Content & Information,932036030
TRST,TrustCo Bank Corp NY,NASDAQ,NASDAQ,US,Financial Services,Banks - Regional,929388240
HAFC,Hanmi Financial Corporation,NASDAQ,NASDAQ,US,Financial Services,Banks - Regional,927521024
ABUS,Arbutus Biopharma Corp,NASDAQ,NASDAQ,US,Healthcare,Biotechnology,926451860
NBBK,"NB Bancorp, Inc. Common Stock",NASDAQ,NASDAQ,US,Financial Services,Banks - Regional,924263926
UPBD,"Upbound Group, Inc.",NASDAQ,NASDAQ,US,Technology,Software - Application,910547594
MPB,"Mid Penn Bancorp, Inc.",NASDAQ,NASDAQ,US,Financial Services,Banks - Regional,906080175
DJCO,Daily Journal Corporation,NASDAQ,NASDAQ,US,Technology,Software - Application,905631779
RIGL,"Rigel Pharmaceuticals, Inc.",NASDAQ,NASDAQ,US,Healthcare,Biotechnology,904567669
HTLD,"Heartland Express, Inc.",NASDAQ,NASDAQ,US,Industrials,Trucking,902754958
RWAYI,Runway Growth Finance Corp. 7.25% Notes due 2031,NASDAQ,NASDAQ,US,Financial Services,Financial - Credit Services,901106229
EOSE,"Eos Energy Enterprises, Inc.",NASDAQ,NASDAQ,US,Industrials,Electrical Equipment & Parts,900549486
ALMS,Alumis Inc.,NASDAQ,NASDAQ,US,Healthcare,Biotechnology,899819805
FCBC,"First Community Bankshares, Inc.",NASDAQ,NASDAQ,US,Financial Services,Banks - Regional,891830280
SBGI,"Sinclair, Inc.",NASDAQ,NASDAQ,US,Communication Services,Broadcasting,891762025
PCT,"PureCycle Technologies, Inc.",NASDAQ,NASDAQ,US,Industrials,Industrial - Pollution & Treatment Controls,889178747
THFF,First Financial Corporation,NASDAQ,NASDAQ,US,Financial Services,Banks - Regional,883092197
TBPH,Theravance Biopharma Inc,NASDAQ,NASDAQ,US,Healthcare,Biotechnology,882635166
KOPN,Kopin Corp.,NASDAQ,NASDAQ,US,Technology,Semiconductors,880179750
QFIN,"Qfin Holdings, Inc.",NASDAQ,NASDAQ,CN,Financial Services,Financial - Credit Services,880051357
PUBM,"PubMatic, Inc.",NASDAQ,NASDAQ,US,Technology,Software - Application,878023262
BBNX,"Beta Bionics, Inc.",NASDAQ,NASDAQ,US,Healthcare,Medical - Devices,873249844
CYRX,"Cryoport, Inc.",NASDAQ,NASDAQ,US,Industrials,Integrated Freight & Logistics,872968061
HSTM,"HealthStream, Inc.",NASDAQ,NASDAQ,US,Healthcare,Medical - Healthcare Information Services,868859691
FRBT,"Forbright, Inc. Class A Common Stock",NASDAQ,NASDAQ,US,Financial Services,Banks - Diversified,868394736
JBIO,"Jade Biosciences, Inc.",NASDAQ,NASDAQ,US,Healthcare,Biotechnology,862992985
EGBN,"Eagle Bancorp, Inc.",NASDAQ,NASDAQ,US,Financial Services,Banks - Regional,852656976
NAVI,Navient Corporation,NASDAQ,NASDAQ,US,Financial Services,Financial - Credit Services,852484012
SGP,"SpyGlass Pharma, Inc. Common Stock",NASDAQ,NASDAQ,US,Healthcare,Biotechnology,850544475
RJET,Republic Airways Holdings Inc.,NASDAQ,NASDAQ,US,Industrials,"Airlines, Airports & Air Services",849954989
SMPL,The Simply Good Foods Company,NASDAQ,NASDAQ,US,Consumer Defensive,Packaged Foods,849919999
SIBN,"SI-BONE, Inc.",NASDAQ,NASDAQ,US,Healthcare,Medical - Devices,849289095
NNE,Nano Nuclear Energy Inc.,NASDAQ,NASDAQ,US,Industrials,Electrical Equipment & Parts,847893662
EVLV,"Evolv Technologies Holdings, Inc.",NASDAQ,NASDAQ,US,Industrials,Security & Protection Services,847194341
RZLV,Rezolve AI PLC,NASDAQ,NASDAQ,GB,Technology,Software - Application,845514470
GSBC,"Great Southern Bancorp, Inc.",NASDAQ,NASDAQ,US,Financial Services,Banks - Regional,844767660
SABR,Sabre Corporation,NASDAQ,NASDAQ,US,Technology,Software - Infrastructure,842016690
DAKT,"Daktronics, Inc.",NASDAQ,NASDAQ,US,Technology,"Hardware, Equipment & Parts",840639134
AEBI,Aebi Schmidt Holding AG,NASDAQ,NASDAQ,CH,Industrials,Agricultural - Machinery,840166395
ARDX,"Ardelyx, Inc.",NASDAQ,NASDAQ,US,Healthcare,Biotechnology,837428310
CCBG,"Capital City Bank Group, Inc.",NASDAQ,NASDAQ,US,Financial Services,Banks - Regional,835813377
MAKO,Mako Mining Corp Common Stock,NASDAQ,NASDAQ,CA,Basic Materials,Gold,835366284
LXRX,"Lexicon Pharmaceuticals, Inc.",NASDAQ,NASDAQ,US,Healthcare,Biotechnology,835088480
SCZM,Santacruz Silver Mining Ltd.,NASDAQ,NASDAQ,CA,Basic Materials,Silver,832347774
ANL,Adlai Nortye Ltd.,NASDAQ,NASDAQ,SG,Healthcare,Biotechnology,830702000
FEIM,"Frequency Electronics, Inc.",NASDAQ,NASDAQ,US,Technology,Communication Equipment,830567232
QNST,"QuinStreet, Inc.",NASDAQ,NASDAQ,US,Communication Services,Advertising Agencies,829511143
ADSE,ADS-TEC Energy PLC,NASDAQ,NASDAQ,IE,Industrials,Electrical Equipment & Parts,826427008
AOSL,Alpha and Omega Semiconductor Limited,NASDAQ,NASDAQ,US,Technology,Semiconductors,826355649
SVC,Service Properties Trust,NASDAQ,NASDAQ,US,Real Estate,REIT - Hotel & Motel,824975439
HIVE,HIVE Digital Technologies Ltd.,NASDAQ,NASDAQ,US,Technology,Information Technology Services,823652023
TRNS,"Transcat, Inc.",NASDAQ,NASDAQ,US,Industrials,Specialty Business Services,819638562
AVTX,"Avalo Therapeutics, Inc.",NASDAQ,NASDAQ,US,Healthcare,Biotechnology,818972048
PLTK,Playtika Holding Corp.,NASDAQ,NASDAQ,IL,Technology,Electronic Gaming & Multimedia,817816022
INMD,InMode Ltd.,NASDAQ,NASDAQ,IL,Healthcare,Medical - Devices,817376976
GYRE,"Gyre Therapeutics, Inc.",NASDAQ,NASDAQ,US,Healthcare,Biotechnology,816098375
TIGR,UP Fintech Holding Ltd. Sponsored ADR Class A,NASDAQ,NASDAQ,SG,Financial Services,Financial - Capital Markets,813087980
SANA,"Sana Biotechnology, Inc.",NASDAQ,NASDAQ,US,Healthcare,Biotechnology,809828527
WRLD,World Acceptance Corporation,NASDAQ,NASDAQ,US,Financial Services,Financial - Credit Services,803967329
ORRF,"Orrstown Financial Services, Inc.",NASDAQ,NASDAQ,US,Financial Services,Banks - Regional,803006076
BLZE,"Backblaze, Inc.",NASDAQ,NASDAQ,US,Technology,Software - Infrastructure,802997101
SPFI,"South Plains Financial, Inc.",NASDAQ,NASDAQ,US,Financial Services,Banks - Regional,800294440
HEPS,D-Market Elektronik Hizmetler ve Ticaret A.S.,NASDAQ,NASDAQ,TR,Consumer Cyclical,Specialty Retail,799407504
DSP,Viant Technology Inc.,NASDAQ,NASDAQ,US,Technology,Software - Application,798582220
ALRS,Alerus Financial Corporation,NASDAQ,NASDAQ,US,Financial Services,Banks - Regional,798335622
CADL,"Candel Therapeutics, Inc.",NASDAQ,NASDAQ,US,Healthcare,Biotechnology,797179776
LWLG,"Lightwave Logic, Inc.",NASDAQ,NASDAQ,US,Basic Materials,Chemicals - Specialty,796593600
GERN,Geron Corporation,NASDAQ,NASDAQ,US,Healthcare,Biotechnology,795486008
HMH,HMH Holding Inc. Class A Common Stock,NASDAQ,NASDAQ,US,Energy,Oil & Gas Equipment & Services,794110487
WEST,"Westrock Coffee Company, LLC",NASDAQ,NASDAQ,US,Consumer Defensive,Packaged Foods,792170635
MOMO,Hello Group Inc.,NASDAQ,NASDAQ,CN,Communication Services,Internet Content & Information,789756125
ACHV,"Achieve Life Sciences, Inc.",NASDAQ,NASDAQ,US,Healthcare,Biotechnology,789447710
DSGN,"Design Therapeutics, Inc.",NASDAQ,NASDAQ,US,Healthcare,Biotechnology,788207340
HELP,Cybin Inc. Common Stock,NASDAQ,NASDAQ,CA,Healthcare,Medical - Pharmaceuticals,787198070
JBSS,"John B. Sanfilippo & Son, Inc.",NASDAQ,NASDAQ,US,Consumer Defensive,Packaged Foods,787175981
CSIQ,Canadian Solar Inc.,NASDAQ,NASDAQ,CA,Energy,Solar,784206885
FOXF,Fox Factory Holding Corp.,NASDAQ,NASDAQ,US,Consumer Cyclical,Auto - Parts,784205070
GCMG,GCM Grosvenor Inc.,NASDAQ,NASDAQ,US,Financial Services,Asset Management,782416243
RPD,"Rapid7, Inc.",NASDAQ,NASDAQ,US,Technology,Software - Infrastructure,782252173
SMBC,"Southern Missouri Bancorp, Inc.",NASDAQ,NASDAQ,US,Financial Services,Banks - Regional,781556820
ATTO,"Attovia Therapeutics, Inc.",NASDAQ,NASDAQ,US,Healthcare,Biotechnology,781424800
VREX,Varex Imaging Corporation,NASDAQ,NASDAQ,US,Healthcare,Medical - Devices,777587000
CRTO,Criteo S.A.,NASDAQ,NASDAQ,FR,Communication Services,Advertising Agencies,776277942
PGC,Peapack-Gladstone Financial Corporation,NASDAQ,NASDAQ,US,Financial Services,Banks - Regional,774484377
FISI,"Financial Institutions, Inc.",NASDAQ,NASDAQ,US,Financial Services,Banks - Regional,773477477
AHCO,AdaptHealth Corp.,NASDAQ,NASDAQ,US,Healthcare,Medical - Devices,771426180
CGBD,"Carlyle Secured Lending, Inc.",NASDAQ,NASDAQ,US,Financial Services,Asset Management,771418121
SATL,Satellogic Inc.,NASDAQ,NASDAQ,US,Industrials,Aerospace & Defense,770901600
KRNT,Kornit Digital Ltd.,NASDAQ,NASDAQ,IL,Industrials,Industrial - Machinery,766934894
HQ,Horizon Quantum Holdings Ltd. Class A Ordinary Shares,NASDAQ,NASDAQ,SG,Technology,Software - Infrastructure,765324137
LYTS,LSI Industries Inc.,NASDAQ,NASDAQ,US,Industrials,Electrical Equipment & Parts,764719292
ACDC,ProFrac Holding Corp.,NASDAQ,NASDAQ,US,Energy,Oil & Gas Equipment & Services,763485578
GRPN,"Groupon, Inc.",NASDAQ,NASDAQ,US,Communication Services,Internet Content & Information,759300160
FDMT,"4D Molecular Therapeutics, Inc.",NASDAQ,NASDAQ,US,Healthcare,Biotechnology,757482920
CRESY,Cresud S.A. Sponsored ADR,NASDAQ,NASDAQ,AR,Industrials,Conglomerates,755135688
APEI,"American Public Education, Inc.",NASDAQ,NASDAQ,US,Consumer Defensive,Education & Training Services,753734415
SHBI,"Shore Bancshares, Inc.",NASDAQ,NASDAQ,US,Financial Services,Banks - Regional,752088632
GSM,Ferroglobe PLC,NASDAQ,NASDAQ,GB,Basic Materials,Industrial Materials,751400547
BBSI,"Barrett Business Services, Inc.",NASDAQ,NASDAQ,US,Industrials,Staffing & Employment Services,751034066
GILT,Gilat Satellite Networks Ltd.,NASDAQ,NASDAQ,IL,Technology,Communication Equipment,750181223
MITK,"Mitek Systems, Inc.",NASDAQ,NASDAQ,US,Technology,Software - Application,749185338
APOG,"Apogee Enterprises, Inc.",NASDAQ,NASDAQ,US,Basic Materials,Construction Materials,747919872
OLMA,"Olema Pharmaceuticals, Inc.",NASDAQ,NASDAQ,US,Healthcare,Biotechnology,745947402
BWMN,Bowman Consulting Group Ltd.,NASDAQ,NASDAQ,US,Industrials,Engineering & Construction,745652943
CTKB,"Cytek Biosciences, Inc.",NASDAQ,NASDAQ,US,Healthcare,Medical - Devices,743861301
RCBC,River City Bank,NASDAQ,NASDAQ,US,Financial Services,Banks - Regional,742942898
TASK,"TaskUs, Inc.",NASDAQ,NASDAQ,US,Technology,Information Technology Services,742458702
PRAA,"PRA Group, Inc.",NASDAQ,NASDAQ,US,Financial Services,Financial - Credit Services,741458863
FDUS,Fidus Investment Corporation,NASDAQ,NASDAQ,US,Financial Services,Asset Management,741248729
SSYS,Stratasys Ltd.,NASDAQ,NASDAQ,US,Technology,Computer Hardware,738787140
AVR,Anteris Technologies Global Corp.,NASDAQ,NASDAQ,US,Healthcare,Medical - Devices,737991290
ACRS,"Aclaris Therapeutics, Inc.",NASDAQ,NASDAQ,US,Healthcare,Biotechnology,737424230
MLAB,"Mesa Laboratories, Inc.",NASDAQ,NASDAQ,US,Healthcare,Medical - Specialties,732946791
OCCIM,"OFS Credit Company, Inc.",NASDAQ,NASDAQ,US,Financial Services,Asset Management,731372760
MFIC,MidCap Financial Investment Corporation,NASDAQ,NASDAQ,US,Financial Services,Asset Management,729821484
NEWTO,"NewtekOne, Inc. 8.5 % Notes -01.02.31",NASDAQ,NASDAQ,US,Financial Services,Financial - Credit Services,729550970
IBCP,Independent Bank Corporation,NASDAQ,NASDAQ,US,Financial Services,Banks - Regional,728429170
FTH,"Faeth Therapeutics, Inc.",NASDAQ,NASDAQ,US,Healthcare,Biotechnology,723609625
WASH,"Washington Trust Bancorp, Inc.",NASDAQ,NASDAQ,US,Financial Services,Banks - Regional,723348864
QDEL,QuidelOrtho Corporation,NASDAQ,NASDAQ,US,Healthcare,Medical - Specialties,722483528
COLL,"Collegium Pharmaceutical, Inc.",NASDAQ,NASDAQ,US,Healthcare,Drug Manufacturers - Specialty & Generic,721002907
SWIM,"Latham Group, Inc.",NASDAQ,NASDAQ,US,Basic Materials,Construction Materials,720907156
NHPBP,"National Healthcare Properties, Inc.",NASDAQ,NASDAQ,US,Real Estate,REIT - Healthcare Facilities,720031174
PAYS,"Paysign, Inc.",NASDAQ,NASDAQ,US,Industrials,Specialty Business Services,718389183
WVE,Wave Life Sciences Ltd.,NASDAQ,NASDAQ,US,Healthcare,Biotechnology,717254720
QVCG,"QVC Group, Inc.",NASDAQ,NASDAQ,US,Communication Services,Broadcasting,715998525
WYFI,"WhiteFiber, Inc. Ordinary Shares",NASDAQ,NASDAQ,US,Technology,Information Technology Services,715521422
GEGGL,"Great Elm Group, Inc. 7.25% Notes due 2027",NASDAQ,NASDAQ,US,Financial Services,Asset Management,715045219
VBNK,VersaBank,NASDAQ,NASDAQ,CA,Financial Services,Banks - Regional,713778602
ADAM,"Adamas Trust, Inc.",NASDAQ,NASDAQ,US,Real Estate,REIT - Mortgage,712598523
ADAMO,"Adamas Trust, Inc. 9.250% Senior Notes Due 2031",NASDAQ,NASDAQ,US,Real Estate,REIT - Diversified,712593110
DMIIU,Drugs Made In America Acquisition II Corp. Unit,NASDAQ,NASDAQ,US,Financial Services,Shell Companies,709348800
PHAR,Pharming Group N.V.,NASDAQ,NASDAQ,NL,Healthcare,Biotechnology,708488781
SLDB,Solid Biosciences Inc.,NASDAQ,NASDAQ,US,Healthcare,Biotechnology,704899136
SOPH,SOPHiA GENETICS S.A.,NASDAQ,NASDAQ,CH,Healthcare,Medical - Healthcare Information Services,696330691
VSTM,"Verastem, Inc.",NASDAQ,NASDAQ,US,Healthcare,Biotechnology,695958912
CASS,"Cass Information Systems, Inc.",NASDAQ,NASDAQ,US,Industrials,Specialty Business Services,690405804
BLMN,"Bloomin' Brands, Inc.",NASDAQ,NASDAQ,US,Consumer Cyclical,Restaurants,690051153
BCAL,California BanCorp,NASDAQ,NASDAQ,US,Financial Services,Banks - Regional,688648368
PFIS,Peoples Financial Services Corp.,NASDAQ,NASDAQ,US,Financial Services,Banks - Regional,688348178
LEGH,Legacy Housing Corporation,NASDAQ,NASDAQ,US,Consumer Cyclical,Residential Construction,688239533
OABI,"OmniAb, Inc.",NASDAQ,NASDAQ,US,Healthcare,Biotechnology,687169987
IRWD,"Ironwood Pharmaceuticals, Inc.",NASDAQ,NASDAQ,US,Healthcare,Drug Manufacturers - Specialty & Generic,684790080
LINC,Lincoln Educational Services Corporation,NASDAQ,NASDAQ,US,Consumer Defensive,Education & Training Services,683264481
MDXG,"MiMedx Group, Inc.",NASDAQ,NASDAQ,US,Healthcare,Biotechnology,680701386
PKOH,Park-Ohio Holdings Corp.,NASDAQ,NASDAQ,US,Industrials,Industrial - Machinery,679019112
TSAT,Telesat Corporation,NASDAQ,NASDAQ,CA,Communication Services,Telecommunications Services,677529763
ANNX,"Annexon, Inc.",NASDAQ,NASDAQ,US,Healthcare,Biotechnology,676669682
FMNB,Farmers National Banc Corp.,NASDAQ,NASDAQ,US,Financial Services,Banks - Regional,676355740
VLGEA,"Village Super Market, Inc.",NASDAQ,NASDAQ,US,Consumer Defensive,Grocery Stores,675441591
MSBI,"Midland States Bancorp, Inc.",NASDAQ,NASDAQ,US,Financial Services,Banks - Regional,672160519
ZVRA,"Zevra Therapeutics, Inc.",NASDAQ,NASDAQ,US,Healthcare,Biotechnology,670365053
PZZA,"Papa John's International, Inc.",NASDAQ,NASDAQ,US,Consumer Cyclical,Restaurants,668897945
CARE,"Carter Bankshares, Inc.",NASDAQ,NASDAQ,US,Financial Services,Banks - Regional,667525856
KE,"Kimball Electronics, Inc.",NASDAQ,NASDAQ,US,Industrials,Electrical Equipment & Parts,666395712
EVER,"EverQuote, Inc.",NASDAQ,NASDAQ,US,Communication Services,Internet Content & Information,666383710
DGICA,Donegal Group Inc.,NASDAQ,NASDAQ,US,Financial Services,Insurance - Property & Casualty,665796866
HNRG,Hallador Energy Company,NASDAQ,NASDAQ,US,Utilities,Independent Power Producers,664067223
NMFC,New Mountain Finance Corporation,NASDAQ,NASDAQ,US,Financial Services,Asset Management,662583586
NSLRL,Neostellar Capital Corp.,NASDAQ,NASDAQ,US,Financial Services,Asset Management,661298438
OSPN,OneSpan Inc.,NASDAQ,NASDAQ,US,Technology,Software - Infrastructure,660639078
CSHR,CoinShares PLC Ordinary Shares,NASDAQ,NASDAQ,JE,Financial Services,Financial - Capital Markets,658901000
CLYM,"Climb Bio, Inc.",NASDAQ,NASDAQ,US,Healthcare,Biotechnology,658524500
RRBI,"Red River Bancshares, Inc.",NASDAQ,NASDAQ,US,Financial Services,Banks - Regional,657547743
SCHL,Scholastic Corporation,NASDAQ,NASDAQ,US,Communication Services,Publishing,656417645
HELE,Helen of Troy Limited,NASDAQ,NASDAQ,US,Consumer Defensive,Household & Personal Products,655671517
HDL,SUPER HI INTERNATIONAL HOLDING Ltd. American Depositary Shares,NASDAQ,NASDAQ,SG,Consumer Cyclical,Restaurants,653674626
WOOF,"Petco Health and Wellness Company, Inc.",NASDAQ,NASDAQ,US,Consumer Cyclical,Specialty Retail,651088763
STLN,"Starling Oncology, Inc.",NASDAQ,NASDAQ,US,Healthcare,Medical - Care Facilities,650888894
TRON,Tron Inc.,NASDAQ,NASDAQ,US,Consumer Cyclical,Leisure,649903409
DMII,Drugs Made In America Acquisition II Corp. Ordinary Shares,NASDAQ,NASDAQ,US,Financial Services,Financial - Conglomerates,648147500
DDI,"DoubleDown Interactive Co., Ltd.",NASDAQ,NASDAQ,KR,Technology,Electronic Gaming & Multimedia,647167926
GEMI,"Gemini Space Station, Inc.",NASDAQ,NASDAQ,US,Financial Services,Financial - Capital Markets,646334554
ROOT,"Root, Inc.",NASDAQ,NASDAQ,US,Financial Services,Insurance - Property & Casualty,645203161
ANGO,"AngioDynamics, Inc.",NASDAQ,NASDAQ,US,Healthcare,Medical - Instruments & Supplies,644785268
PRTH,"Priority Technology Holdings, Inc.",NASDAQ,NASDAQ,US,Technology,Software - Infrastructure,641546774
ACNB,ACNB Corporation,NASDAQ,NASDAQ,US,Financial Services,Banks - Regional,641415720
FWRG,"First Watch Restaurant Group, Inc.",NASDAQ,NASDAQ,US,Consumer Cyclical,Restaurants,640575065
TIPT,Tiptree Inc.,NASDAQ,NASDAQ,US,Financial Services,Insurance - Specialty,640522840
SLRC,SLR Investment Corp.,NASDAQ,NASDAQ,US,Financial Services,Asset Management,638834764
CCSI,"Consensus Cloud Solutions, Inc.",NASDAQ,NASDAQ,US,Technology,Software - Infrastructure,638224886
AURA,"Aura Biosciences, Inc.",NASDAQ,NASDAQ,US,Healthcare,Biotechnology,636133983
ABTC,American Bitcoin Corp,NASDAQ,NASDAQ,US,Financial Services,Financial - Capital Markets,635833328
WCCB,West Coast Community Bancorp,NASDAQ,NASDAQ,US,Financial Services,Banks - Regional,634399253
HIFS,Hingham Institution for Savings,NASDAQ,NASDAQ,US,Financial Services,Banks - Regional,634147515
BLDP,Ballard Power Systems Inc.,NASDAQ,NASDAQ,CA,Industrials,Electrical Equipment & Parts,633099283
GAIN,Gladstone Investment Corp.,NASDAQ,NASDAQ,US,Financial Services,Asset Management,630382260
LPTH,"LightPath Technologies, Inc.",NASDAQ,NASDAQ,US,Technology,"Hardware, Equipment & Parts",629149858
SWBI,"Smith & Wesson Brands, Inc.",NASDAQ,NASDAQ,US,Industrials,Aerospace & Defense,628862576
SHEN,Shenandoah Telecommunications Company,NASDAQ,NASDAQ,US,Communication Services,Telecommunications Services,627281824
FLGT,"Fulgent Genetics, Inc.",NASDAQ,NASDAQ,US,Healthcare,Medical - Diagnostics & Research,627085756
YSWY,"Yesway, Inc.",NASDAQ,NASDAQ,US,Consumer Defensive,Grocery Stores,626206085
CGNT,Cognyte Software Ltd.,NASDAQ,NASDAQ,IL,Technology,Software - Infrastructure,625763150
INDI,"indie Semiconductor, Inc.",NASDAQ,NASDAQ,US,Technology,Semiconductors,625414229
RSVR,"Reservoir Media, Inc.",NASDAQ,NASDAQ,US,Communication Services,Entertainment,625235850
CRMD,CorMedix Inc.,NASDAQ,NASDAQ,US,Healthcare,Biotechnology,622123496
NRDS,"NerdWallet, Inc.",NASDAQ,NASDAQ,US,Communication Services,Internet Content & Information,621729558
BLSM,"BlossomHill Therapeutics, Inc.",NASDAQ,NASDAQ,US,Healthcare,Biotechnology,621464389
GDYN,"Grid Dynamics Holdings, Inc.",NASDAQ,NASDAQ,US,Technology,Information Technology Services,619809386
AROW,Arrow Financial Corporation,NASDAQ,NASDAQ,US,Financial Services,Banks - Regional,616697699
IPX,IperionX Limited,NASDAQ,NASDAQ,US,Basic Materials,Other Precious Metals,614148000
ARRY,"Array Technologies, Inc.",NASDAQ,NASDAQ,US,Energy,Solar,613767248
CLMB,"Climb Global Solutions, Inc.",NASDAQ,NASDAQ,US,Technology,Technology Distributors,610948044
GOOD,Gladstone Commercial Corporation,NASDAQ,NASDAQ,US,Real Estate,REIT - Diversified,610896252
CCB,Coastal Financial Corporation,NASDAQ,NASDAQ,US,Financial Services,Banks - Regional,609647024
MATW,Matthews International Corporation,NASDAQ,NASDAQ,US,Industrials,Conglomerates,606262632
BRAI,Braiin Ltd,NASDAQ,NASDAQ,AU,Technology,Software - Application,604853340
GFUZ,General Fusion Group Ltd.,NASDAQ,NASDAQ,CA,Utilities,Renewable Utilities,603808339
ENVX,Enovix Corporation,NASDAQ,NASDAQ,US,Industrials,Electrical Equipment & Parts,599920750
CTMX,"CytomX Therapeutics, Inc.",NASDAQ,NASDAQ,US,Healthcare,Biotechnology,598683250
MAMA,"Mama's Creations, Inc.",NASDAQ,NASDAQ,US,Consumer Defensive,Packaged Foods,598420122
UROY,Uranium Royalty Corp.,NASDAQ,NASDAQ,US,Energy,Uranium,598097429
PHAT,"Phathom Pharmaceuticals, Inc.",NASDAQ,NASDAQ,US,Healthcare,Biotechnology,595430874
VINP,Vinci Compass Investments Ltd.,NASDAQ,NASDAQ,BR,Financial Services,Asset Management,594834405
NTGR,"NETGEAR, Inc.",NASDAQ,NASDAQ,US,Technology,Communication Equipment,591551462
STTK,"Shattuck Labs, Inc.",NASDAQ,NASDAQ,US,Healthcare,Biotechnology,591035431
FWDI,"Forward Industries, Inc.",NASDAQ,NASDAQ,US,Financial Services,Asset Management - Cryptocurrency,590763460
AHG,Akso Health Group,NASDAQ,NASDAQ,CN,Healthcare,Medical - Distribution,590144342
AQST,"Aquestive Therapeutics, Inc.",NASDAQ,NASDAQ,US,Healthcare,Drug Manufacturers - Specialty & Generic,585930890
KIDS,OrthoPediatrics Corp.,NASDAQ,NASDAQ,US,Healthcare,Medical - Devices,584590463
AGNT,"AGNT, Inc.",NASDAQ,NASDAQ,US,Real Estate,Real Estate - Services,583350200
EVO,Evotec SE,NASDAQ,NASDAQ,DE,Healthcare,Drug Manufacturers - Specialty & Generic,582593600
VALN,Valneva SE,NASDAQ,NASDAQ,FR,Healthcare,Biotechnology,582215301
IBEX,IBEX Limited,NASDAQ,NASDAQ,US,Technology,Information Technology Services,580819852
CBNK,"Capital Bancorp, Inc.",NASDAQ,NASDAQ,US,Financial Services,Banks - Regional,580670765
SSII,"SS Innovations International, Inc.",NASDAQ,NASDAQ,US,Healthcare,Medical - Devices,578380136
DCBO,Docebo Inc.,NASDAQ,NASDAQ,CA,Technology,Software - Application,578216790
ALT,"Altimmune, Inc.",NASDAQ,NASDAQ,US,Healthcare,Biotechnology,577587780
FBIZ,"First Business Financial Services, Inc.",NASDAQ,NASDAQ,US,Financial Services,Banks - Regional,576571346
BTBT,"Bit Digital, Inc.",NASDAQ,NASDAQ,US,Financial Services,Financial - Capital Markets,576163500
ELMT,Elmet Group Co.,NASDAQ,NASDAQ,US,Industrials,Aerospace & Defense,574114357
KRNY,Kearny Financial Corp.,NASDAQ,NASDAQ,US,Financial Services,Banks - Regional,573947765
HNST,"The Honest Company, Inc.",NASDAQ,NASDAQ,US,Consumer Defensive,Household & Personal Products,573509584
IMMX,"Immix Biopharma, Inc.",NASDAQ,NASDAQ,US,Healthcare,Biotechnology,573395994
GCBC,"Greene County Bancorp, Inc.",NASDAQ,NASDAQ,US,Financial Services,Banks - Regional,573078330
LMB,"Limbach Holdings, Inc.",NASDAQ,NASDAQ,US,Basic Materials,Construction Materials,571616745
PACB,"Pacific Biosciences of California, Inc.",NASDAQ,NASDAQ,US,Healthcare,Medical - Devices,568401089
KELYA,"Kelly Services, Inc.",NASDAQ,NASDAQ,US,Industrials,Staffing & Employment Services,567881349
SPT,"Sprout Social, Inc.",NASDAQ,NASDAQ,US,Technology,Software - Application,565593084
BWB,"Bridgewater Bancshares, Inc.",NASDAQ,NASDAQ,US,Financial Services,Banks - Regional,564646950
LOT,Lotus Technology Inc. American Depositary Shares,NASDAQ,NASDAQ,CN,Consumer Cyclical,Auto - Manufacturers,563876925
SFST,"Southern First Bancshares, Inc.",NASDAQ,NASDAQ,US,Financial Services,Banks - Regional,563054778
ALLO,"Allogene Therapeutics, Inc.",NASDAQ,NASDAQ,US,Healthcare,Biotechnology,559151100
PRME,"Prime Medicine, Inc.",NASDAQ,NASDAQ,US,Healthcare,Biotechnology,558107921
TMS,Teamshares Inc.,NASDAQ,NASDAQ,US,Financial Services,Financial - Conglomerates,557169891
ADTN,ADTRAN Holdings Inc.,NASDAQ,NASDAQ,US,Technology,Communication Equipment,556456947
CWBC,Community West Bancshares,NASDAQ,NASDAQ,US,Financial Services,Banks - Regional,552470211
CIVB,"Civista Bancshares, Inc.",NASDAQ,NASDAQ,US,Financial Services,Banks - Regional,551796615
ITIC,Investors Title Company,NASDAQ,NASDAQ,US,Financial Services,Insurance - Specialty,551464752
UNTY,"Unity Bancorp, Inc.",NASDAQ,NASDAQ,US,Financial Services,Banks - Regional,550643066
XMAX,"XMAX, Inc.",NASDAQ,NASDAQ,US,Consumer Cyclical,"Furnishings, Fixtures & Appliances",550160120
CBIO,"Crescent Biopharma, Inc.",NASDAQ,NASDAQ,US,Healthcare,Biotechnology,548244554
PROK,ProKidney Corp.,NASDAQ,NASDAQ,US,Healthcare,Biotechnology,548093821
DCTH,"Delcath Systems, Inc.",NASDAQ,NASDAQ,US,Healthcare,Medical - Devices,547168105
TITN,Titan Machinery Inc.,NASDAQ,NASDAQ,US,Industrials,Industrial - Distribution,547135186
ALOY,REalloys Inc.,NASDAQ,NASDAQ,US,Basic Materials,Other Precious Metals,545848304
NVCT,"Nuvectis Pharma, Inc.",NASDAQ,NASDAQ,US,Healthcare,Biotechnology,544792908
NRIM,"Northrim BanCorp, Inc.",NASDAQ,NASDAQ,US,Financial Services,Banks - Regional,540102918
ENRD,Einride AB,NASDAQ,NASDAQ,SE,Technology,Software - Application,539178865
YDES,YD Bio Limited Ordinary Shares,NASDAQ,NASDAQ,TW,Healthcare,Biotechnology,539026543
ROMA,Roma Green Finance Limited Ordinary Shares,NASDAQ,NASDAQ,HK,Industrials,Consulting Services,537868094
NVEC,NVE Corporation,NASDAQ,NASDAQ,US,Technology,Semiconductors,537264028
MNPR,Monopar Therapeutics Inc.,NASDAQ,NASDAQ,US,Healthcare,Biotechnology,535924800
CCXIU,Churchill Capital Corp XI Units,NASDAQ,NASDAQ,US,Financial Services,Financial - Conglomerates,532130000
HTZ,"Hertz Global Holdings, Inc.",NASDAQ,NASDAQ,US,Industrials,Rental & Leasing Services,530431033
BWAY,BrainsWay Ltd.,NASDAQ,NASDAQ,IL,Healthcare,Medical - Specialties,528726040
BSVN,Bank7 Corp.,NASDAQ,NASDAQ,US,Financial Services,Banks - Regional,526228562
EOLS,"Evolus, Inc.",NASDAQ,NASDAQ,US,Healthcare,Drug Manufacturers - Specialty & Generic,526179460
PANL,"Pangaea Logistics Solutions, Ltd.",NASDAQ,NASDAQ,US,Industrials,Marine Shipping,525281647
HBCP,"Home Bancorp, Inc.",NASDAQ,NASDAQ,US,Financial Services,Banks - Regional,523152562
OCS,Oculis Holding AG,NASDAQ,NASDAQ,CH,Healthcare,Biotechnology,521957535
BWFG,"Bankwell Financial Group, Inc.",NASDAQ,NASDAQ,US,Financial Services,Banks - Regional,520887849
AGMB,AgomAb Therapeutics N.V. American Depositary Shares,NASDAQ,NASDAQ,BE,Healthcare,Biotechnology,518581177
CCXI,Churchill Capital Corp XI,NASDAQ,NASDAQ,US,Financial Services,Shell Companies,516627000
MTLS,Materialise N.V.,NASDAQ,NASDAQ,BE,Technology,Software - Application,512362121
BSRR,Sierra Bancorp,NASDAQ,NASDAQ,US,Financial Services,Banks - Regional,512312264
SLDP,"Solid Power, Inc.",NASDAQ,NASDAQ,US,Consumer Cyclical,Auto - Parts,510713680
SLN,Silence Therapeutics plc,NASDAQ,NASDAQ,GB,Healthcare,Biotechnology,510126638
XRPN,Armada Acquisition Corp. II,NASDAQ,NASDAQ,US,Financial Services,Shell Companies,509163000
SGHT,"Sight Sciences, Inc.",NASDAQ,NASDAQ,US,Healthcare,Medical - Devices,508732565
TCMD,"Tactile Systems Technology, Inc.",NASDAQ,NASDAQ,US,Healthcare,Medical - Devices,508193439
NB,NioCorp Developments Ltd.,NASDAQ,NASDAQ,US,Basic Materials,Industrial Materials,508098798
KMDA,Kamada Ltd.,NASDAQ,NASDAQ,IL,Healthcare,Drug Manufacturers - Specialty & Generic,501651695
OBT,"Orange County Bancorp, Inc.",NASDAQ,NASDAQ,US,Financial Services,Banks - Regional,500248749
ESEA,Euroseas Ltd.,NASDAQ,NASDAQ,GR,Industrials,Marine Shipping,498251006
YORW,The York Water Company,NASDAQ,NASDAQ,US,Utilities,Regulated Water,497949665
PBYI,"Puma Biotechnology, Inc.",NASDAQ,NASDAQ,US,Healthcare,Biotechnology,497796680
SBC,SBC Medical Group Holdings Incorporated,NASDAQ,NASDAQ,US,Industrials,Consulting Services,497779238
CERS,Cerus Corporation,NASDAQ,NASDAQ,US,Healthcare,Medical - Devices,497766498
NEXN,Nexxen International Ltd.,NASDAQ,NASDAQ,IL,Communication Services,Advertising Agencies,497586744
DNUT,"Krispy Kreme, Inc.",NASDAQ,NASDAQ,US,Consumer Defensive,Grocery Stores,496512000
AUTL,Autolus Therapeutics plc,NASDAQ,NASDAQ,GB,Healthcare,Biotechnology,495026499
CAPR,"Capricor Therapeutics, Inc.",NASDAQ,NASDAQ,US,Healthcare,Biotechnology,492866142
COFS,"ChoiceOne Financial Services, Inc.",NASDAQ,NASDAQ,US,Financial Services,Banks - Regional,490077390
GLRE,"Greenlight Capital Re, Ltd.",NASDAQ,NASDAQ,KY,Financial Services,Insurance - Reinsurance,489204400
BBCP,"Concrete Pumping Holdings, Inc.",NASDAQ,NASDAQ,US,Industrials,Engineering & Construction,488816174
PBAM,"Private Bancorp of America, Inc.",NASDAQ,NASDAQ,US,Financial Services,Banks - Regional,487543014
WTBA,"West Bancorporation, Inc.",NASDAQ,NASDAQ,US,Financial Services,Banks - Regional,487108946
TKNO,"Alpha Teknova, Inc.",NASDAQ,NASDAQ,US,Healthcare,Drug Manufacturers - Specialty & Generic,486815120
DRUG,Bright Minds Biosciences Inc.,NASDAQ,NASDAQ,US,Healthcare,Biotechnology,486813338
MCFT,"MasterCraft Boat Holdings, Inc.",NASDAQ,NASDAQ,US,Consumer Cyclical,Auto - Recreational Vehicles,486383182
MASS,908 Devices Inc.,NASDAQ,NASDAQ,US,Healthcare,Medical - Specialties,486172320
PDLB,"Ponce Financial Group, Inc.",NASDAQ,NASDAQ,US,Financial Services,Banks - Regional,483999879
ARVN,"Arvinas, Inc.",NASDAQ,NASDAQ,US,Healthcare,Biotechnology,483908985
PWRL,Powerlaw Corp. Common Stock,NASDAQ,NASDAQ,US,Financial Services,Asset Management,481726251
NEO,"NeoGenomics, Inc.",NASDAQ,NASDAQ,US,Healthcare,Medical - Diagnostics & Research,481524300
ILPT,Industrial Logistics Properties Trust,NASDAQ,NASDAQ,US,Real Estate,REIT - Industrial,479235426
FMAO,"Farmers & Merchants Bancorp, Inc.",NASDAQ,NASDAQ,US,Financial Services,Banks - Regional,477893805
CRAN,Crane Harbor Acquisition Corp. II Class A Ordinary Shares,NASDAQ,NASDAQ,US,Financial Services,Shell Companies,476035010
KRUS,"Kura Sushi USA, Inc.",NASDAQ,NASDAQ,US,Consumer Cyclical,Restaurants,475909076
NPCE,"NeuroPace, Inc.",NASDAQ,NASDAQ,US,Healthcare,Medical - Devices,475266805
FWRD,Forward Air Corporation,NASDAQ,NASDAQ,US,Industrials,Integrated Freight & Logistics,474691940
NRC,NRC Health,NASDAQ,NASDAQ,US,Healthcare,Medical - Healthcare Information Services,474397535
OVID,Ovid Therapeutics Inc.,NASDAQ,NASDAQ,US,Healthcare,Biotechnology,474065600
BUUU,BUUU Group Ltd,NASDAQ,NASDAQ,HK,Industrials,Specialty Business Services,473062750
GTEN,"Gores Holdings X, Inc.",NASDAQ,NASDAQ,US,Financial Services,Shell Companies,472836729
CEPF,"Cantor Equity Partners IV, Inc. Class A Ordinary Shares",NASDAQ,NASDAQ,US,Financial Services,Shell Companies,472770000
GRVY,"Gravity Co., Ltd.",NASDAQ,NASDAQ,KR,Technology,Electronic Gaming & Multimedia,470648997
CD,Chaince Digital Holdings Inc.,NASDAQ,NASDAQ,US,Financial Services,Financial - Capital Markets,470307290
CMCO,Columbus McKinnon Corporation,NASDAQ,NASDAQ,US,Industrials,Industrial - Machinery,469103132
PSNY,Polestar Automotive Holding UK PLC,NASDAQ,NASDAQ,SE,Consumer Cyclical,Auto - Manufacturers,468299384
CXIIU,Churchill Capital Corp XII Units,NASDAQ,NASDAQ,US,Financial Services,Shell Companies,466347500
ASMB,"Assembly Biosciences, Inc.",NASDAQ,NASDAQ,US,Healthcare,Biotechnology,465308983
JOUT,Johnson Outdoors Inc.,NASDAQ,NASDAQ,US,Consumer Cyclical,Leisure,463400374
ULH,"Universal Logistics Holdings, Inc.",NASDAQ,NASDAQ,US,Industrials,Trucking,462524380
FLXS,"Flexsteel Industries, Inc.",NASDAQ,NASDAQ,US,Consumer Cyclical,"Furnishings, Fixtures & Appliances",462503571
WEYS,"Weyco Group, Inc.",NASDAQ,NASDAQ,US,Consumer Cyclical,Apparel - Footwear & Accessories,462025734
VRRM,Verra Mobility Corporation,NASDAQ,NASDAQ,US,Technology,Information Technology Services,461796225
ARKO,Arko Corp.,NASDAQ,NASDAQ,US,Consumer Cyclical,Specialty Retail,461083313
TATT,TAT Technologies Ltd.,NASDAQ,NASDAQ,US,Industrials,Aerospace & Defense,460392702
PRTA,Prothena Corporation plc,NASDAQ,NASDAQ,IE,Healthcare,Biotechnology,459661421
MBUU,"Malibu Boats, Inc.",NASDAQ,NASDAQ,US,Consumer Cyclical,Auto - Recreational Vehicles,458131210
ORBS,Eightco Holdings Inc.,NASDAQ,NASDAQ,US,Financial Services,Financial - Credit Services,457853617
OWLS,OBOOK Holdings Inc.,NASDAQ,NASDAQ,TW,Technology,Software - Infrastructure,454288310
CZNC,Citizens & Northern Corporation,NASDAQ,NASDAQ,US,Financial Services,Banks - Regional,452931648
METC,"Ramaco Resources, Inc.",NASDAQ,NASDAQ,US,Energy,Coal,450885062
CXII,Churchill Capital Corp. Xii,NASDAQ,NASDAQ,US,Financial Services,Shell Companies,449839550
NGNE,Neurogene Inc.,NASDAQ,NASDAQ,US,Healthcare,Biotechnology,448628035
ACIC,American Coastal Insurance Corporation,NASDAQ,NASDAQ,US,Financial Services,Insurance - Property & Casualty,447807360
PBFS,"Pioneer Bancorp, Inc.",NASDAQ,NASDAQ,US,Financial Services,Banks - Regional,447620880
ALTI,"AlTi Global, Inc.",NASDAQ,NASDAQ,US,Financial Services,Asset Management - Global,446963752
CWCO,Consolidated Water Co. Ltd.,NASDAQ,NASDAQ,KY,Utilities,Regulated Water,446885307
AMSF,"AMERISAFE, Inc.",NASDAQ,NASDAQ,US,Financial Services,Insurance - Specialty,446459014
ASTL,Algoma Steel Group Inc.,NASDAQ,NASDAQ,CA,Basic Materials,Steel,442632200
RBB,RBB Bancorp,NASDAQ,NASDAQ,US,Financial Services,Banks - Regional,442196349
DMAC,DiaMedica Therapeutics Inc.,NASDAQ,NASDAQ,US,Healthcare,Biotechnology,441843060
TLRY,"Tilray Brands, Inc.",NASDAQ,NASDAQ,CA,Healthcare,Drug Manufacturers - Specialty & Generic,441735077
SRTA,"Strata Critical Medical, Inc.",NASDAQ,NASDAQ,US,Healthcare,Medical - Care Facilities,441285660
BMRC,Bank of Marin Bancorp,NASDAQ,NASDAQ,US,Financial Services,Banks - Regional,441169298
TECX,"Tectonic Therapeutic, Inc.",NASDAQ,NASDAQ,US,Healthcare,Biotechnology,440406801
LOCO,"El Pollo Loco Holdings, Inc.",NASDAQ,NASDAQ,US,Consumer Cyclical,Restaurants,439774503
CDRO,"Codere Online Luxembourg, S.A.",NASDAQ,NASDAQ,LU,Consumer Cyclical,"Gambling, Resorts & Casinos",439239379
GLAD,Gladstone Capital Corporation,NASDAQ,NASDAQ,US,Financial Services,Asset Management,438983331
FRBA,First Bank,NASDAQ,NASDAQ,US,Financial Services,Banks - Regional,438846624
IACO,Idea Acquisition Corp. Class A Ordinary Shares,NASDAQ,NASDAQ,US,Financial Services,Shell Companies,437500000
SPRY,"ARS Pharmaceuticals, Inc.",NASDAQ,NASDAQ,US,Healthcare,Biotechnology,436934353
MRAM,"Everspin Technologies, Inc.",NASDAQ,NASDAQ,US,Technology,Semiconductors,436828360
XIIIU,Churchill Capital Corp XIII Units,NASDAQ,NASDAQ,US,Financial Services,Shell Companies,436765860
MESH,Meshflow Acquisition Corp.,NASDAQ,NASDAQ,US,Financial Services,Shell Companies,434699990
CTNM,"Contineum Therapeutics, Inc.",NASDAQ,NASDAQ,US,Healthcare,Biotechnology,432642984
CBK,"Commercial Bancgroup, Inc. Common Stock",NASDAQ,NASDAQ,US,Financial Services,Banks - Regional,432412050
KRAQ,KRAKacquisition Corp Class A Ordinary Shares,NASDAQ,NASDAQ,US,Financial Services,Shell Companies,432112480
MPLT,"MapLight Therapeutics, Inc.",NASDAQ,NASDAQ,US,Healthcare,Biotechnology,430728709
MNRO,Monro Inc.,NASDAQ,NASDAQ,US,Consumer Cyclical,Auto - Parts,430193466
XIII,Churchill Capital Corp. Xiii,NASDAQ,NASDAQ,US,Financial Services,Financial - Conglomerates,430025000
ATNI,"ATN International, Inc.",NASDAQ,NASDAQ,US,Communication Services,Telecommunications Services,429433416
PLBC,Plumas Bancorp,NASDAQ,NASDAQ,US,Financial Services,Banks - Regional,428773480
EIKN,"Eikon Therapeutics, Inc. Common Stock",NASDAQ,NASDAQ,US,Healthcare,Biotechnology,428236547
GCGRU,General Catalyst Global Resilience Merger Corp. Units,NASDAQ,NASDAQ,US,Financial Services,Shell Companies,423484950
BMM,Blue Moon Metals Inc.,NASDAQ,NASDAQ,CA,Basic Materials,Other Precious Metals,422636490
CTRN,"Citi Trends, Inc.",NASDAQ,NASDAQ,US,Consumer Cyclical,Apparel - Retail,422323294
SENS,"Senseonics Holdings, Inc.",NASDAQ,NASDAQ,US,Healthcare,Medical - Devices,420029921
XRX,Xerox Holdings Corporation,NASDAQ,NASDAQ,US,Industrials,Business Equipment & Supplies,419803800
ARQQ,Arqit Quantum Inc.,NASDAQ,NASDAQ,GB,Technology,Software - Application,419745888
KFII,K&F Growth Acquisition Corp. II Class A Ordinary shares,NASDAQ,NASDAQ,US,Financial Services,Shell Companies,419545216
DGXX,Digi Power X Inc.,NASDAQ,NASDAQ,US,Utilities,Independent Power Producers,418809259
CDNL,Cardinal Infrastructure Group Inc.,NASDAQ,NASDAQ,US,Industrials,Engineering & Construction,418568096
MNTK,"Montauk Renewables, Inc.",NASDAQ,NASDAQ,US,Industrials,Industrial - Specialties,418482949
ACTG,Acacia Research Corporation,NASDAQ,NASDAQ,US,Industrials,Specialty Business Services,418230803
EVGO,"EVgo, Inc.",NASDAQ,NASDAQ,US,Consumer Cyclical,Specialty Retail,417432932
NATH,"Nathan's Famous, Inc.",NASDAQ,NASDAQ,US,Consumer Cyclical,Restaurants,416117373
KYTX,"Kyverna Therapeutics, Inc.",NASDAQ,NASDAQ,US,Healthcare,Biotechnology,415839236
GCGR,General Catalyst Global Resilience Merger Corp.,NASDAQ,NASDAQ,US,Financial Services,Shell Companies,414842400
AVIR,"Atea Pharmaceuticals, Inc.",NASDAQ,NASDAQ,US,Healthcare,Biotechnology,414540373
ADUR,Aduro Clean Technologies Inc.,NASDAQ,NASDAQ,CA,Industrials,Industrial - Pollution & Treatment Controls,414471400
CLFD,"Clearfield, Inc.",NASDAQ,NASDAQ,US,Technology,Communication Equipment,413936170
ALLT,Allot Ltd.,NASDAQ,NASDAQ,IL,Technology,Software - Infrastructure,412910964
AGEN,Agenus Inc.,NASDAQ,NASDAQ,US,Healthcare,Biotechnology,411843643
KDK,"Kodiak AI, Inc. Common Stock",NASDAQ,NASDAQ,US,Technology,Software - Infrastructure,411410910
FBYD,"Falcon's Beyond Global, Inc. Class A Common Stock",NASDAQ,NASDAQ,US,Industrials,Conglomerates,411212358
GLOO,"Gloo Holdings, Inc.",NASDAQ,NASDAQ,US,Technology,Software - Application,409143753
IRD,"Opus Genetics, Inc.",NASDAQ,NASDAQ,US,Healthcare,Biotechnology,409113712
LAND,Gladstone Land Corporation,NASDAQ,NASDAQ,US,Real Estate,REIT - Specialty,408934712
USCB,"USCB Financial Holdings, Inc.",NASDAQ,NASDAQ,US,Financial Services,Banks - Regional,407102331
FRPH,"FRP Holdings, Inc.",NASDAQ,NASDAQ,US,Real Estate,Real Estate - Services,403726518
BTQ,BTQ Technologies Corp. Common Stock,NASDAQ,NASDAQ,CA,Technology,Software - Infrastructure,402658040
VITL,"Vital Farms, Inc.",NASDAQ,NASDAQ,US,Consumer Defensive,Agricultural Farm Products,402347415
ISTR,Investar Holding Corporation,NASDAQ,NASDAQ,US,Financial Services,Banks - Regional,401088229
MYGN,"Myriad Genetics, Inc.",NASDAQ,NASDAQ,US,Healthcare,Medical - Diagnostics & Research,399515928
TTRX,Turn Therapeutics Inc.,NASDAQ,NASDAQ,US,Healthcare,Biotechnology,399457616
OIG,"Orion180 Insurance Group, Inc. Class A",NASDAQ,NASDAQ,US,Financial Services,Insurance - Diversified,398009415
EDIT,"Editas Medicine, Inc.",NASDAQ,NASDAQ,US,Healthcare,Biotechnology,397466580
PHOE,Phoenix Asia Holdings Limited Ordinary Shares,NASDAQ,NASDAQ,HK,Industrials,Engineering & Construction,396144000
GPAT,GP-Act III Acquisition Corp.,NASDAQ,NASDAQ,US,Financial Services,Shell Companies,395671875
PKBK,"Parke Bancorp, Inc.",NASDAQ,NASDAQ,US,Financial Services,Banks - Regional,395187429
PCB,PCB Bancorp,NASDAQ,NASDAQ,US,Financial Services,Banks - Regional,394728231
TRVG,trivago N.V.,NASDAQ,NASDAQ,DE,Technology,Software - Application,394491381
SOHU,Sohu.com Limited,NASDAQ,NASDAQ,CN,Communication Services,Internet Content & Information,394157394
OFIX,Orthofix Medical Inc.,NASDAQ,NASDAQ,US,Healthcare,Medical - Devices,394111107
RZLT,"Rezolute, Inc.",NASDAQ,NASDAQ,US,Healthcare,Biotechnology,393835507
ADV,Advantage Solutions Inc.,NASDAQ,NASDAQ,US,Communication Services,Advertising Agencies,392875524
TACO,Berto Acquisition Corp.,NASDAQ,NASDAQ,US,Financial Services,Shell Companies,392070938
CHMG,Chemung Financial Corporation,NASDAQ,NASDAQ,US,Financial Services,Banks - Regional,392044159
ZKP,Lafayette Digital Acquisition Corp. I Class A Ordinary Shares,NASDAQ,NASDAQ,US,Financial Services,Shell Companies,391910623
RDAG,Republic Digital Acquisition Company Class A,NASDAQ,NASDAQ,US,Financial Services,Shell Companies,391500021
RLMD,"Relmada Therapeutics, Inc.",NASDAQ,NASDAQ,US,Healthcare,Biotechnology,391239700
GUAC,Berto Acquisition Corp. II,NASDAQ,NASDAQ,US,Financial Services,Shell Companies,391117875
WENN,Wen Acquisition Corp Class A Ordinary Shares,NASDAQ,NASDAQ,US,Financial Services,Shell Companies,390757792
FSTR,L.B. Foster Company,NASDAQ,NASDAQ,US,Industrials,Railroads,390736285
CGC,Canopy Growth Corporation,NASDAQ,NASDAQ,CA,Healthcare,Drug Manufacturers - Specialty & Generic,390535491
ARCT,Arcturus Therapeutics Holdings Inc.,NASDAQ,NASDAQ,US,Healthcare,Biotechnology,389396045
ALF,Centurion Acquisition Corp.,NASDAQ,NASDAQ,US,Financial Services,Shell Companies,388843750
RMNI,"Rimini Street, Inc.",NASDAQ,NASDAQ,US,Technology,Software - Application,388360960
PRE,Prenetics Global Limited,NASDAQ,NASDAQ,HK,Consumer Defensive,Household & Personal Products,388288953
NUAI,"New Era Energy & Digital, Inc.",NASDAQ,NASDAQ,US,Technology,Software - Infrastructure,387163864
RGNX,REGENXBIO Inc.,NASDAQ,NASDAQ,US,Healthcare,Biotechnology,385145310
CZFS,"Citizens Financial Services, Inc.",NASDAQ,NASDAQ,US,Financial Services,Banks - Regional,384683496
MBAV,Velos Acquisition I Corp.,NASDAQ,NASDAQ,US,Financial Services,Shell Companies,383812511
CARL,"Carlsmed, Inc.",NASDAQ,NASDAQ,US,Healthcare,Medical - Healthcare Information Services,383035706
FRST,Primis Financial Corp,NASDAQ,NASDAQ,US,Financial Services,Banks - Regional,382384082
TWIN,"Twin Disc, Incorporated",NASDAQ,NASDAQ,US,Industrials,Industrial - Machinery,381483774
FNLC,"The First Bancorp, Inc.",NASDAQ,NASDAQ,US,Financial Services,Banks - Regional,380783766
ZURA,Zura Bio Limited,NASDAQ,NASDAQ,US,Healthcare,Biotechnology,379990840
MVBF,MVB Financial Corp.,NASDAQ,NASDAQ,US,Financial Services,Banks - Regional,379072050
VALU,"Value Line, Inc.",NASDAQ,NASDAQ,US,Financial Services,Financial - Data & Stock Exchanges,378681181
OPRT,Oportun Financial Corporation,NASDAQ,NASDAQ,US,Financial Services,Financial - Credit Services,377778398
VFF,"Village Farms International, Inc.",NASDAQ,NASDAQ,US,Consumer Defensive,Agricultural Farm Products,377614503
TMUSZ,"T-Mobile US, Inc. 5.5 % Notes 2025-01.03.70",NASDAQ,NASDAQ,US,Communication Services,Telecommunications Services,376800000
TACOU,Berto Acquisition Corp. Unit,NASDAQ,NASDAQ,US,Financial Services,Shell Companies,375357900
FENC,Fennec Pharmaceuticals Inc.,NASDAQ,NASDAQ,US,Healthcare,Biotechnology,375159924
AMCX,AMC Global Media Inc.,NASDAQ,NASDAQ,US,Communication Services,Entertainment,374395728
API,"Agora, Inc.",NASDAQ,NASDAQ,US,Technology,Software - Application,373970224
SLP,"Simulations Plus, Inc.",NASDAQ,NASDAQ,US,Technology,Software - Application,373755006
MLAAU,Mountain Lake Acquisition Corp. II Units,NASDAQ,NASDAQ,US,Financial Services,Shell Companies,373498000
SDHI,Siddhi Acquisition Corp,NASDAQ,NASDAQ,US,Financial Services,Shell Companies,373184306
SCTX,Scribe Therapeutics Inc.,NASDAQ,NASDAQ,US,Healthcare,Biotechnology,372671690
STRZ,Starz Entertainment Corp.,NASDAQ,NASDAQ,US,Communication Services,Entertainment,372388116
OCGN,"Ocugen, Inc.",NASDAQ,NASDAQ,US,Healthcare,Biotechnology,369629900
ECX,"ECARX Holdings, Inc.",NASDAQ,NASDAQ,GB,Consumer Cyclical,Auto - Parts,369586900
AIOT,"PowerFleet, Inc.",NASDAQ,NASDAQ,US,Technology,Software - Application,369121275
NKLR,Terra Innovatum Global N.V. Ordinary shares,NASDAQ,NASDAQ,IT,Utilities,Regulated Electric,367968024
GHXIU,"Gores Holdings XI, Inc.",NASDAQ,NASDAQ,US,Financial Services,Shell Companies,367909950
CCOI,"Cogent Communications Holdings, Inc.",NASDAQ,NASDAQ,US,Communication Services,Telecommunications Services,367570318
ENTA,"Enanta Pharmaceuticals, Inc.",NASDAQ,NASDAQ,US,Healthcare,Biotechnology,367550976
GSRV,GSR V Acquisition Corp.,NASDAQ,NASDAQ,US,Financial Services,Shell Companies,367435345
CRANU,Crane Harbor Acquisition Corp. II Units,NASDAQ,NASDAQ,US,Financial Services,Shell Companies,364974000
KBONU,Karbon Capital Partners Corp.,NASDAQ,NASDAQ,US,Financial Services,Shell Companies,364517000
OBIO,"Orchestra BioMed Holdings, Inc.",NASDAQ,NASDAQ,US,Healthcare,Biotechnology,364074747
FOSL,"Fossil Group, Inc.",NASDAQ,NASDAQ,US,Consumer Cyclical,Apparel - Footwear & Accessories,364065844
NECB,"Northeast Community Bancorp, Inc.",NASDAQ,NASDAQ,US,Financial Services,Banks - Regional,363897636
TACH,Titan Acquisition Corp.,NASDAQ,NASDAQ,US,Financial Services,Shell Companies,363285000
NWFL,Norwood Financial Corp.,NASDAQ,NASDAQ,US,Financial Services,Banks - Regional,363095938
GHXI,"Gores Holdings XI, Inc. Class A Ordinary Shares",NASDAQ,NASDAQ,US,Financial Services,Financial - Conglomerates,362855250
OTGA,OTG Acquisition Corp. I Class A Ordinary Share,NASDAQ,NASDAQ,US,Financial Services,Shell Companies,361921500
WSBF,"Waterstone Financial, Inc.",NASDAQ,NASDAQ,US,Financial Services,Banks - Regional,360700578
KCHV,Kochav Defense Acquisition Corp.,NASDAQ,NASDAQ,US,Financial Services,Shell Companies,358332247
SERV,Serve Robotics Inc.,NASDAQ,NASDAQ,US,Industrials,Industrial - Machinery,358238379
REAX,The Real Brokerage Inc.,NASDAQ,NASDAQ,US,Real Estate,Real Estate - Services,357864278
CCII,Cohen Circle Acquisition Corp. II,NASDAQ,NASDAQ,US,Financial Services,Shell Companies,357688253
ACAA,Averin Capital Acquisition Corp.,NASDAQ,NASDAQ,US,Financial Services,Shell Companies,357181945
KBON,Karbon Capital Partners Corp.,NASDAQ,NASDAQ,US,Financial Services,Shell Companies,356377300
YICCU,Yorkville International Capital Corp.,NASDAQ,NASDAQ,US,Financial Services,Shell Companies,355937575
SY,So-Young International Inc.,NASDAQ,NASDAQ,CN,Healthcare,Medical - Healthcare Information Services,355582704
ARCI,Archimedes Tech SPAC Partners III Co.,NASDAQ,NASDAQ,US,Financial Services,Shell Companies,355440960
PERI,Perion Network Ltd.,NASDAQ,NASDAQ,IL,Communication Services,Internet Content & Information,355204845
OTLY,Oatly Group AB,NASDAQ,NASDAQ,SE,Consumer Defensive,Packaged Foods,355028250
SHOE,Shoe Station Group Inc.,NASDAQ,NASDAQ,US,Consumer Cyclical,Apparel - Retail,354867596
LSAK,"Lesaka Technologies, Inc.",NASDAQ,NASDAQ,ZA,Technology,Software - Infrastructure,354340759
SNDL,SNDL Inc.,NASDAQ,NASDAQ,CA,Consumer Defensive,Beverages - Wineries & Distilleries,354008000
BCCQU,Bleichroeder Acquisition Corp. III,NASDAQ,NASDAQ,US,Financial Services,Shell Companies,353625000
CLPT,"ClearPoint Neuro, Inc.",NASDAQ,NASDAQ,US,Healthcare,Medical - Devices,352977592
MBVI,M3-Brigade Acquisition VI Corp. Class A Ordinary Shares,NASDAQ,NASDAQ,US,Financial Services,Shell Companies,352935000
OYSE,Oyster Enterprises II Acquisition Corp,NASDAQ,NASDAQ,US,Financial Services,Shell Companies,352877782
BDCI,BTC Development Corp. Class A Ordinary Shares,NASDAQ,NASDAQ,US,Financial Services,Shell Companies,352678660
BLZR,Trailblazer Acquisition Corp.,NASDAQ,NASDAQ,US,Financial Services,Shell Companies,352171855
VMD,"Viemed Healthcare, Inc.",NASDAQ,NASDAQ,US,Healthcare,Medical - Care Facilities,351554344
CCAP,"Crescent Capital BDC, Inc.",NASDAQ,NASDAQ,US,Financial Services,Asset Management,351510840
TSBK,"Timberland Bancorp, Inc.",NASDAQ,NASDAQ,US,Financial Services,Banks - Regional,351318396
AXIN,Axiom Intelligence Acquisition Corp 1,NASDAQ,NASDAQ,GB,Financial Services,Shell Companies,351210017
IMXI,"International Money Express, Inc.",NASDAQ,NASDAQ,US,Technology,Software - Infrastructure,350600832
GECCI,Great Elm Capital Corp. 8.50% Notes DUE 2029,NASDAQ,NASDAQ,US,Financial Services,Asset Management,350234964
KRAQU,KRAKacquisition Corp Unit,NASDAQ,NASDAQ,US,Financial Services,Shell Companies,349830000
CURR,"Currenc Group, Inc.",NASDAQ,NASDAQ,SG,Technology,Software - Application,349196647
VOXR,Vox Royalty Corp.,NASDAQ,NASDAQ,US,Basic Materials,Other Precious Metals,348987617
GBLI,"Global Indemnity Group, LLC",NASDAQ,NASDAQ,US,Financial Services,Insurance - Property & Casualty,348290982
ERII,"Energy Recovery, Inc.",NASDAQ,NASDAQ,US,Industrials,Industrial - Pollution & Treatment Controls,347930498
TLNC,Talon Capital Corp. Class A Ordinary Shares,NASDAQ,NASDAQ,US,Financial Services,Shell Companies,347736410
SVIA,"Silvia, Inc.",NASDAQ,NASDAQ,US,Financial Services,Financial - Capital Markets,346896597
SHIP,Seanergy Maritime Holdings Corp.,NASDAQ,NASDAQ,GR,Industrials,Marine Shipping,346799093
DSAC,Daedalus Special Acquisition Corp.,NASDAQ,NASDAQ,GB,Financial Services,Shell Companies,346607031
CRNC,Cerence Inc.,NASDAQ,NASDAQ,US,Technology,Software - Application,346590426
CCCC,"C4 Therapeutics, Inc.",NASDAQ,NASDAQ,US,Healthcare,Biotechnology,346074710
CLNE,Clean Energy Fuels Corp.,NASDAQ,NASDAQ,US,Energy,Oil & Gas Refining & Marketing,345752675
CYPH,Cypherpunk Technologies Inc.,NASDAQ,NASDAQ,US,Financial Services,Asset Management,343878720
ARTNA,Artesian Resources Corporation,NASDAQ,NASDAQ,US,Utilities,Regulated Water,343803785
ARTV,"Artiva Biotherapeutics, Inc.",NASDAQ,NASDAQ,US,Healthcare,Biotechnology,343697544
GRRR,Gorilla Technology Group Inc.,NASDAQ,NASDAQ,GB,Technology,Software - Infrastructure,343381651
RCKY,"Rocky Brands, Inc.",NASDAQ,NASDAQ,US,Consumer Cyclical,Apparel - Footwear & Accessories,342679398
TCPC,BlackRock TCP Capital Corp.,NASDAQ,NASDAQ,US,Financial Services,Asset Management,342323424
AVBH,"Avidbank Holdings, Inc.",NASDAQ,NASDAQ,US,Financial Services,Banks - Regional,342130896
EMBC,Embecta Corp.,NASDAQ,NASDAQ,US,Healthcare,Medical - Instruments & Supplies,341727420
TREE,"LendingTree, Inc.",NASDAQ,NASDAQ,US,Financial Services,Financial - Credit Services,339755550
VOGX,Vogenx Inc.,NASDAQ,NASDAQ,US,Healthcare,Biotechnology,338115710
SFIX,"Stitch Fix, Inc.",NASDAQ,NASDAQ,US,Consumer Cyclical,Apparel - Retail,337567411
BCML,BayCom Corp,NASDAQ,NASDAQ,US,Financial Services,Banks - Regional,335788777
ZKPW,Lafayette Digital Acquisition Corp. I Warrant 2026-16.12.30 On Lafayette Digital,NASDAQ,NASDAQ,US,Financial Services,Shell Companies,335527540
IA,"Innovative Aerosystems, Inc.",NASDAQ,NASDAQ,US,Industrials,Aerospace & Defense,335267000
BMBL,Bumble Inc.,NASDAQ,NASDAQ,US,Communication Services,Internet Content & Information,335208102
BLUW,Blue Water Acquisition Corp III,NASDAQ,NASDAQ,US,Financial Services,Shell Companies,335033960
BNTC,Benitec Biopharma Inc.,NASDAQ,NASDAQ,US,Healthcare,Biotechnology,334954425
MRCOU,Mercator Acquisition Corp.,NASDAQ,NASDAQ,US,Financial Services,Shell Companies,334666663
BEAG,Bold Eagle Acquisition Corp.,NASDAQ,NASDAQ,US,Financial Services,Shell Companies,334476251
CV,"CapsoVision, Inc.",NASDAQ,NASDAQ,US,Healthcare,Medical - Devices,334256390
IIIV,"i3 Verticals, Inc.",NASDAQ,NASDAQ,US,Technology,Software - Infrastructure,334080032
FIP,FTAI Infrastructure Inc.,NASDAQ,NASDAQ,US,Industrials,Conglomerates,333221211
SIMA,SIM Acquisition Corp. I,NASDAQ,NASDAQ,US,Financial Services,Shell Companies,333089049
NNDM,Nano Dimension Ltd.,NASDAQ,NASDAQ,US,Technology,Computer Hardware,332600900
ASPI,ASP Isotopes Inc. Common Stock,NASDAQ,NASDAQ,US,Basic Materials,Chemicals - Specialty,331755591
LAES,SEALSQ Corp,NASDAQ,NASDAQ,CH,Technology,Semiconductors,330817500
RREV,RRE Ventures Acquisition Corp.,NASDAQ,NASDAQ,US,Financial Services,Financial - Conglomerates,330666663
GASS,StealthGas Inc.,NASDAQ,NASDAQ,GR,Industrials,Marine Shipping,330580749
AGCC,Agencia Comercial Spirits Ltd,NASDAQ,NASDAQ,TW,Consumer Defensive,Beverages - Wineries & Distilleries,330404250
BRTMU,B&R Technology Merger Corp.,NASDAQ,NASDAQ,US,Financial Services,Shell Companies,329883750
FERA,Fifth Era Acquisition Corp I Class A Ordinary Shares,NASDAQ,NASDAQ,KY,Financial Services,Shell Companies,329550660
RFAI,RF Acquisition Corp II Ordinary Shares,NASDAQ,NASDAQ,SG,Financial Services,Shell Companies,328744341
IMSR,Terrestrial Energy Inc.,NASDAQ,NASDAQ,US,Utilities,Regulated Electric,328392711
RPAY,Repay Holdings Corporation,NASDAQ,NASDAQ,US,Technology,Software - Infrastructure,327683015
PACH,Pioneer Acquisition I Corp,NASDAQ,NASDAQ,US,Financial Services,Shell Companies,327635010
OBA,Oxley Bridge Acquisition Limited,NASDAQ,NASDAQ,CA,Financial Services,Shell Companies,327002490
PESI,"Perma-Fix Environmental Services, Inc.",NASDAQ,NASDAQ,US,Industrials,Waste Management,326746736
SVIVU,Spring Valley Acquisition Corp. IV Units,NASDAQ,NASDAQ,US,Financial Services,Shell Companies,326250911
LRMR,"Larimar Therapeutics, Inc.",NASDAQ,NASDAQ,US,Healthcare,Biotechnology,326192620
BRTM,B&R Technology Merger Corp. Class A,NASDAQ,NASDAQ,US,Financial Services,Financial - Conglomerates,325569375
NPAC,New Providence Acquisition Corp. III,NASDAQ,NASDAQ,US,Financial Services,Shell Companies,325237811
RTAC,Renatus Tactical Acquisition Corp I Class A Ordinary Shares,NASDAQ,NASDAQ,US,Financial Services,Shell Companies,325012234
FSBW,"FS Bancorp, Inc.",NASDAQ,NASDAQ,US,Financial Services,Banks - Regional,324979376
NEWT,"NewtekOne, Inc.",NASDAQ,NASDAQ,US,Financial Services,Banks - Regional,324158142
GEVO,"Gevo, Inc.",NASDAQ,NASDAQ,US,Basic Materials,Chemicals - Specialty,323736630
EVOX,Evolution Global Acquisition Corp Class A Ordinary Shares,NASDAQ,NASDAQ,US,Financial Services,Shell Companies,323519990
ALDF,Aldel Financial II Inc.,NASDAQ,NASDAQ,US,Financial Services,Shell Companies,323174054
JMSB,"John Marshall Bancorp, Inc.",NASDAQ,NASDAQ,US,Financial Services,Banks - Regional,323169907
LWAY,"Lifeway Foods, Inc.",NASDAQ,NASDAQ,US,Consumer Defensive,Packaged Foods,323059112
PNRG,PrimeEnergy Resources Corporation,NASDAQ,NASDAQ,US,Energy,Oil & Gas Exploration & Production,322855720
CABA,"Cabaletta Bio, Inc.",NASDAQ,NASDAQ,US,Healthcare,Biotechnology,322848496
INDP,"Indaptus Therapeutics, Inc.",NASDAQ,NASDAQ,US,Healthcare,Biotechnology,322739700
CFFI,C&F Financial Corporation,NASDAQ,NASDAQ,US,Financial Services,Banks - Regional,322669794
SMTI,Sanara MedTech Inc.,NASDAQ,NASDAQ,US,Healthcare,Medical - Instruments & Supplies,322584475
LTRX,"Lantronix, Inc.",NASDAQ,NASDAQ,US,Technology,Communication Equipment,322074070
VELO,"Velo3D, Inc.",NASDAQ,NASDAQ,US,Industrials,Industrial - Machinery,321850800
CUB,Lionheart Holdings,NASDAQ,NASDAQ,US,Financial Services,Shell Companies,320664375
NNBR,"NN, Inc.",NASDAQ,NASDAQ,US,Industrials,Conglomerates,320413748
RBBN,Ribbon Communications Inc.,NASDAQ,NASDAQ,US,Technology,Software - Application,320093170
FDBC,"Fidelity D & D Bancorp, Inc.",NASDAQ,NASDAQ,US,Financial Services,Banks - Regional,319691263
LPAA,Launch One Acquisition Corp.,NASDAQ,NASDAQ,US,Financial Services,Shell Companies,319201193
TVA,Texas Ventures Acquisition III Corp,NASDAQ,NASDAQ,US,Financial Services,Shell Companies,317100000
POLE,Andretti Acquisition Corp. II,NASDAQ,NASDAQ,US,Financial Services,Shell Companies,316937389
FVCB,"FVCBankcorp, Inc.",NASDAQ,NASDAQ,US,Financial Services,Banks - Regional,316563571
FISN,"Deep Fission, Inc.",NASDAQ,NASDAQ,US,Industrials,Industrial - Machinery,316448216
ATII,Archimedes Tech SPAC Partners II Co. Ordinary Shares,NASDAQ,NASDAQ,US,Financial Services,Shell Companies,316317100
SIMAU,SIM Acquisition Corp. I Unit,NASDAQ,NASDAQ,US,Financial Services,Shell Companies,315455421
IEAGU,Infinite Eagle Acquisition Corp. Unit,NASDAQ,NASDAQ,US,Financial Services,Shell Companies,314729500
LE,"Lands' End, Inc.",NASDAQ,NASDAQ,US,Consumer Cyclical,Apparel - Retail,314479069
ELVA,Electrovaya Inc.,NASDAQ,NASDAQ,CA,Industrials,Electrical Equipment & Parts,314372625
TWFG,"TWFG, Inc. Common Stock",NASDAQ,NASDAQ,US,Financial Services,Insurance - Brokers,314140197
BBOT,BridgeBio Oncology Therapeutics Inc.,NASDAQ,NASDAQ,US,Healthcare,Biotechnology,314019848
XE,"X-Energy, Inc. Class A Common Stock",NASDAQ,NASDAQ,US,Industrials,Industrial - Machinery,313648609
VHCPU,Vine Hill Capital Investment Corp. II,NASDAQ,NASDAQ,US,Financial Services,Shell Companies,313047366
LWAC,LightWave Acquisition Corp.,NASDAQ,NASDAQ,US,Financial Services,Shell Companies,311820597
LPBB,Launch Two Acquisition Corp. Class A,NASDAQ,NASDAQ,US,Financial Services,Shell Companies,311362511
DBCA,D. Boral Acquisition I Corp. Class A Ordinary Shares,NASDAQ,NASDAQ,US,Financial Services,Shell Companies,310273750
VLOSU,Velos Acquisition I Corp. Units Cons of 1 Sh + 1/2 Red Wt,NASDAQ,NASDAQ,US,Financial Services,Financial - Conglomerates,309925000
LWACU,LightWave Acquisition Corp.,NASDAQ,NASDAQ,US,Financial Services,Shell Companies,308850695
CHSCL,CHS Inc.,NASDAQ,NASDAQ,US,Consumer Defensive,Agricultural Farm Products,308027200
CCCT,Columbus Circle Cap Corp. Iii,NASDAQ,NASDAQ,US,Financial Services,Shell Companies,307990316
EGHT,"8x8, Inc.",NASDAQ,NASDAQ,US,Technology,Software - Application,307666940
VLOS,Velos Acquisition I Corp.,NASDAQ,NASDAQ,US,Financial Services,Financial - Conglomerates,307050000
OSPRU,Osprey Acquisition Corp. III,NASDAQ,NASDAQ,US,Financial Services,Financial - Conglomerates,306081900
IEAG,Infinite Eagle Acquisition Corp. Class A Ordinary Shares,NASDAQ,NASDAQ,US,Financial Services,Shell Companies,306000000
GHXIW,"Gores Holdings XI, Inc. Warrant",NASDAQ,NASDAQ,US,Financial Services,Shell Companies,305749960
NODK,"NI Holdings, Inc.",NASDAQ,NASDAQ,US,Financial Services,Insurance - Property & Casualty,305173411
SGMT,Sagimet Biosciences Inc.,NASDAQ,NASDAQ,US,Healthcare,Biotechnology,303988166
FCCO,First Community Corporation,NASDAQ,NASDAQ,US,Financial Services,Banks - Regional,303460128
VNDA,Vanda Pharmaceuticals Inc.,NASDAQ,NASDAQ,US,Healthcare,Biotechnology,302481877
OSPR,Osprey Acquisition Corp. III,NASDAQ,NASDAQ,US,Financial Services,Shell Companies,302390460
TLS,Telos Corporation,NASDAQ,NASDAQ,US,Technology,Information Technology Services,302269568
HVMC,Highview Merger Corp. Class A Ordinary Share,NASDAQ,NASDAQ,US,Financial Services,Shell Companies,302040679
GOGO,Gogo Inc.,NASDAQ,NASDAQ,US,Communication Services,Telecommunications Services,301581906
CDZI,Cadiz Inc.,NASDAQ,NASDAQ,US,Utilities,Regulated Water,301028904
AFRI,Forafric Global PLC,NASDAQ,NASDAQ,GI,Consumer Defensive,Agricultural Farm Products,300107094
CUBWU,Lionheart Holdings Unit,NASDAQ,NASDAQ,US,Financial Services,Shell Companies,300000375
MOBI,"Mobia Medical, Inc. Common Stock",NASDAQ,NASDAQ,US,Healthcare,Medical - Specialties,299906034
ALOV,Aldabra 4 Liquidity Opportunity Vehicle Inc.,NASDAQ,NASDAQ,US,Financial Services,Shell Companies,299849850
TMCI,"Treace Medical Concepts, Inc.",NASDAQ,NASDAQ,US,Healthcare,Medical - Devices,299713149
IPSC,"Century Therapeutics, Inc.",NASDAQ,NASDAQ,US,Healthcare,Biotechnology,298774280
ABAT,American Battery Technology Company Common Stock,NASDAQ,NASDAQ,US,Industrials,Waste Management,298746660
BCCQ,Bleichroeder Acquisition Corp. Iii,NASDAQ,NASDAQ,US,Financial Services,Shell Companies,298500000
OPTX,"Syntec Optics Holdings, Inc.",NASDAQ,NASDAQ,US,Technology,"Hardware, Equipment & Parts",298473896
FNKO,"Funko, Inc.",NASDAQ,NASDAQ,US,Consumer Cyclical,Leisure,297624983
RCEL,Avita Medical Inc.,NASDAQ,NASDAQ,US,Healthcare,Medical - Devices,297121084
FVAV,Fortress Value Acquisition Corp. V,NASDAQ,NASDAQ,US,Financial Services,Shell Companies,296737500
BPRN,Princeton Bancorp Inc.,NASDAQ,NASDAQ,US,Financial Services,Banks - Regional,296489360
CAIIU,Collective Acquisition Corp. II Units,NASDAQ,NASDAQ,US,Financial Services,Shell Companies,296458247
OIM,OneIM Acquisition Corp. Class A Ordinary Shares,NASDAQ,NASDAQ,US,Financial Services,Shell Companies,296313557
CUVL,Clinuvel Pharmaceuticals Ltd.,NASDAQ,NASDAQ,AU,Healthcare,Medical - Pharmaceuticals,296011761
OIMAU,Oneim Acquisition Corp.,NASDAQ,NASDAQ,US,Financial Services,Shell Companies,295290000
SILC,Silicom Ltd.,NASDAQ,NASDAQ,IL,Technology,Communication Equipment,295254777
SHMD,SCHMID Group N.V. Class A Ordinary Shares,NASDAQ,NASDAQ,DE,Industrials,Industrial - Machinery,294883992
RMR,The RMR Group Inc.,NASDAQ,NASDAQ,US,Real Estate,Real Estate - Services,294589740
ABEO,Abeona Therapeutics Inc.,NASDAQ,NASDAQ,US,Healthcare,Biotechnology,294094943
MYFW,"First Western Financial, Inc.",NASDAQ,NASDAQ,US,Financial Services,Banks - Regional,293425735
RMIX,"Suncrete, Inc. Class A Common Stock",NASDAQ,NASDAQ,US,Basic Materials,Construction Materials,293052992
BACC,Blue Acquisition Corp.,NASDAQ,NASDAQ,US,Financial Services,Shell Companies,293043447
SABS,"SAB Biotherapeutics, Inc.",NASDAQ,NASDAQ,US,Healthcare,Biotechnology,292976105
RR,Richtech Robotics Inc. Class B Common Stock,NASDAQ,NASDAQ,US,Industrials,Industrial - Machinery,292021192
RCMT,"RCM Technologies, Inc.",NASDAQ,NASDAQ,US,Industrials,Conglomerates,292009697
ASYS,"Amtech Systems, Inc.",NASDAQ,NASDAQ,US,Technology,Semiconductors,290410901
JAKK,"JAKKS Pacific, Inc.",NASDAQ,NASDAQ,US,Consumer Cyclical,Leisure,289886652
HACQ,HCM IV Acquisition Corp. Class A Ordinary Share,NASDAQ,NASDAQ,US,Financial Services,Shell Companies,288650000
ACAAU,Averin Capital Acquisition Corp. Units,NASDAQ,NASDAQ,US,Financial Services,Shell Companies,287861101
EYPT,"EyePoint Pharmaceuticals, Inc.",NASDAQ,NASDAQ,US,Healthcare,Biotechnology,286737239
AIRJ,AirJoule Technologies Corporation,NASDAQ,NASDAQ,US,Industrials,Electrical Equipment & Parts,285982323
MGPI,"MGP Ingredients, Inc.",NASDAQ,NASDAQ,US,Consumer Defensive,Beverages - Wineries & Distilleries,285663774
ALCO,"Alico, Inc.",NASDAQ,NASDAQ,US,Consumer Defensive,Agricultural Farm Products,285528705
RWAY,Runway Growth Finance Corp.,NASDAQ,NASDAQ,US,Financial Services,Financial - Credit Services,285361749
OVLY,Oak Valley Bancorp,NASDAQ,NASDAQ,US,Financial Services,Banks - Regional,285216226
PMTS,CPI Card Group Inc.,NASDAQ,NASDAQ,US,Financial Services,Financial - Credit Services,284250810
FNRN,First Northern Community Bancorp,NASDAQ,NASDAQ,US,Financial Services,Banks - Regional,283841204
CHAD,DeFi Development Corp.,NASDAQ,NASDAQ,US,Financial Services,Financial - Conglomerates,283800873
QTTB,Q32 Bio Inc.,NASDAQ,NASDAQ,US,Healthcare,Biotechnology,283650910
IHRT,"iHeartMedia, Inc.",NASDAQ,NASDAQ,US,Communication Services,Broadcasting,282884850
TVAI,Thayer Ventures Acquisition Corporation II Class A Ordinary Shares,NASDAQ,NASDAQ,US,Financial Services,Shell Companies,282836642
RCKT,"Rocket Pharmaceuticals, Inc.",NASDAQ,NASDAQ,US,Healthcare,Biotechnology,282811292
TDUP,ThredUp Inc.,NASDAQ,NASDAQ,US,Consumer Cyclical,Specialty Retail,282599453
UPB,"Upstream Bio, Inc.",NASDAQ,NASDAQ,US,Healthcare,Biotechnology,282439727
FULC,"Fulcrum Therapeutics, Inc.",NASDAQ,NASDAQ,US,Healthcare,Biotechnology,282299840
XCBE,X3 Acquisition Corp. Ltd.,NASDAQ,NASDAQ,US,Financial Services,Shell Companies,281953115
ALTO,"Alto Ingredients, Inc.",NASDAQ,NASDAQ,US,Basic Materials,Chemicals - Specialty,281271105
FDMMU,Freedom Metals Acquisition Corp.,NASDAQ,NASDAQ,US,Financial Services,Shell Companies,281267250
FRAF,Franklin Financial Services Corporation,NASDAQ,NASDAQ,US,Financial Services,Banks - Regional,280679584
ATLO,Ames National Corporation,NASDAQ,NASDAQ,US,Financial Services,Banks - Regional,280331013
BGIN,Bgin Blockchain Limited,NASDAQ,NASDAQ,SG,Technology,Computer Hardware,280270990
FUNC,First United Corporation,NASDAQ,NASDAQ,US,Financial Services,Banks - Regional,280225559
FRD,"Friedman Industries, Incorporated",NASDAQ,NASDAQ,US,Basic Materials,Steel,279423485
GSRFU,GSR IV Acquisition Corp. Units,NASDAQ,NASDAQ,US,Financial Services,Shell Companies,279421300
LAB,Standard BioTools Inc.,NASDAQ,NASDAQ,US,Healthcare,Medical - Specialties,279230503
ISBA,Isabella Bank Corporation,NASDAQ,NASDAQ,US,Financial Services,Banks - Regional,278857257
XSLLU,Xsolla SPAC 1,NASDAQ,NASDAQ,US,Financial Services,Shell Companies,278390692
WNEB,"Western New England Bancorp, Inc.",NASDAQ,NASDAQ,US,Financial Services,Banks - Regional,278331516
MFIN,Medallion Financial Corp.,NASDAQ,NASDAQ,US,Financial Services,Financial - Credit Services,278276908
STRT,Strattec Security Corporation,NASDAQ,NASDAQ,US,Consumer Cyclical,Auto - Parts,278099140
EPRX,Eupraxia Pharmaceuticals Inc.,NASDAQ,NASDAQ,CA,Healthcare,Biotechnology,278051400
NEGG,"Newegg Commerce, Inc.",NASDAQ,NASDAQ,US,Consumer Cyclical,Specialty Retail,277478386
FATE,"Fate Therapeutics, Inc.",NASDAQ,NASDAQ,US,Healthcare,Biotechnology,277410420
SVCO,"Silvaco Group, Inc. Common Stock",NASDAQ,NASDAQ,US,Technology,Software - Application,276740035
DBVT,DBV Technologies S.A.,NASDAQ,NASDAQ,FR,Healthcare,Biotechnology,276296085
XSLL,Xsolla SPAC 1 Class A Ordinary Shares,NASDAQ,NASDAQ,US,Financial Services,Shell Companies,276246809
NHIV,NewHold Investment Corp IV Class A Ordinary Shares,NASDAQ,NASDAQ,US,Financial Services,Financial - Conglomerates,276119579
TSSI,"TSS, Inc.",NASDAQ,NASDAQ,US,Technology,Information Technology Services,275686248
NHP,"National Healthcare Properties, Inc. (NHP)",NASDAQ,NASDAQ,US,Real Estate,REIT - Healthcare Facilities,273803817
XFOR,"X4 Pharmaceuticals, Inc.",NASDAQ,NASDAQ,US,Healthcare,Biotechnology,273527118
IFRX,InflaRx N.V.,NASDAQ,NASDAQ,DE,Healthcare,Biotechnology,272491789
AMRN,Amarin Corporation plc,NASDAQ,NASDAQ,IE,Healthcare,Drug Manufacturers - General,271771650
HQI,"HireQuest, Inc.",NASDAQ,NASDAQ,US,Industrials,Staffing & Employment Services,271696155
FXNC,First National Corporation,NASDAQ,NASDAQ,US,Financial Services,Banks - Regional,270415413
UXIN,Uxin Limited,NASDAQ,NASDAQ,CN,Consumer Cyclical,Auto - Dealerships,270408400
TTGT,"TechTarget, Inc.",NASDAQ,NASDAQ,US,Communication Services,Internet Content & Information,270399917
NNNN,Anbio Biotechnology Class A Ordinary Shares,NASDAQ,NASDAQ,DE,Healthcare,Medical - Instruments & Supplies,270369792
FBLA,"FB Bancorp, Inc. Common Stock",NASDAQ,NASDAQ,US,Financial Services,Banks - Regional,270058498
FDMM,Freedom Metals Acquisition Corp.,NASDAQ,NASDAQ,US,Financial Services,Shell Companies,270050000
GBFH,GBank Financial Holdings Inc.,NASDAQ,NASDAQ,US,Financial Services,Banks - Regional,269872065
AUDC,AudioCodes Ltd.,NASDAQ,NASDAQ,IL,Technology,Communication Equipment,269808308
GLSI,"Greenwich LifeSciences, Inc.",NASDAQ,NASDAQ,US,Healthcare,Biotechnology,269785463
CGCF,Cartesian Growth Corp. Iv,NASDAQ,NASDAQ,US,Financial Services,Shell Companies,269500000
NKSH,"National Bankshares, Inc.",NASDAQ,NASDAQ,US,Financial Services,Banks - Regional,269065323
BIOA,BioAge Labs Inc.,NASDAQ,NASDAQ,US,Healthcare,Biotechnology,268818394
TLNCU,Talon Capital Corp.,NASDAQ,NASDAQ,US,Financial Services,Shell Companies,268602340
LXEO,"Lexeo Therapeutics, Inc. Common Stock",NASDAQ,NASDAQ,US,Healthcare,Biotechnology,268543988
TDAC,Translational Development Acquisition Corp.,NASDAQ,NASDAQ,US,Financial Services,Shell Companies,267728100
TBCVU,Thunder Bridge Capital Partners V L,NASDAQ,NASDAQ,US,Financial Services,Shell Companies,267127650
ANIK,"Anika Therapeutics, Inc.",NASDAQ,NASDAQ,US,Healthcare,Medical - Specialties,266923257
IKT,"Inhibikase Therapeutics, Inc.",NASDAQ,NASDAQ,US,Healthcare,Biotechnology,266706658
BDCIU,BTC Development Corp. Unit,NASDAQ,NASDAQ,US,Financial Services,Shell Companies,266593800
MTRX,Matrix Service Company,NASDAQ,NASDAQ,US,Industrials,Engineering & Construction,266427086
ESCA,"Escalade, Incorporated",NASDAQ,NASDAQ,US,Consumer Cyclical,Leisure,266236374
POWW,Outdoor Holding Company,NASDAQ,NASDAQ,US,Industrials,Aerospace & Defense,266014401
SORN,Soren Acquisition Corp.,NASDAQ,NASDAQ,US,Financial Services,Shell Companies,265630000
LCNB,LCNB Corp.,NASDAQ,NASDAQ,US,Financial Services,Banks - Regional,265260520
DUOT,"Duos Technologies Group, Inc.",NASDAQ,NASDAQ,US,Technology,Software - Application,264999454
PCYO,Pure Cycle Corporation,NASDAQ,NASDAQ,US,Utilities,Regulated Water,264830096
HCACU,Hall Chadwick Acquisition Corp.,NASDAQ,NASDAQ,SG,Financial Services,Shell Companies,264670492
ACIU,AC Immune S.A.,NASDAQ,NASDAQ,CH,Healthcare,Biotechnology,264611290
CEPV,"Cantor Equity Partners V, Inc. Class A Ordinary Shares",NASDAQ,NASDAQ,US,Financial Services,Shell Companies,264594400
HWBK,"Hawthorn Bancshares, Inc.",NASDAQ,NASDAQ,US,Financial Services,Banks - Regional,264295967
OACC,Oaktree Acquisition Corp. II,NASDAQ,NASDAQ,US,Financial Services,Shell Companies,264264745
DMAA,Drugs Made In America Acquisition Corp. Ordinary Shares,NASDAQ,NASDAQ,US,Financial Services,Shell Companies,264132813
PCAP,ProCap Acquisition Corp,NASDAQ,NASDAQ,US,Financial Services,Shell Companies,263963400
OSUR,"OraSure Technologies, Inc.",NASDAQ,NASDAQ,US,Healthcare,Medical - Instruments & Supplies,263001652
TLSI,"TriSalus Life Sciences, Inc.",NASDAQ,NASDAQ,US,Healthcare,Medical - Devices,261692046
ARTC,Art Technology Acquisition Corp.,NASDAQ,NASDAQ,US,Financial Services,Financial - Conglomerates,261511250
AMAC,AMR Resources Acquisition Corp Class A Ordinary Shares,NASDAQ,NASDAQ,KY,Financial Services,Financial - Conglomerates,261466425
MLAA,Mountain Lake Acquisition Corp. II Class A Ordinary Shares,NASDAQ,NASDAQ,US,Financial Services,Financial - Conglomerates,261391500
VABK,Virginia National Bankshares Corporation,NASDAQ,NASDAQ,US,Financial Services,Banks - Regional,261202307
FACT,FACT II Acquisition Corp,NASDAQ,NASDAQ,US,Financial Services,Shell Companies,260726019
GIW,GigCapital8 Corp.,NASDAQ,NASDAQ,US,Financial Services,Shell Companies,260681470
III,"Information Services Group, Inc.",NASDAQ,NASDAQ,US,Industrials,Specialty Business Services,259767258
PLMK,Plum Acquisition Corp. IV,NASDAQ,NASDAQ,US,Financial Services,Shell Companies,259641202
PMTR,Perimeter Acquisition Corp. I Class A Ordinary Shares,NASDAQ,NASDAQ,US,Financial Services,Shell Companies,259158540
IPXGU,Inflection Point Acquisition Corp. VII Units Cons of 1 Shs A + 1/3 Red Wt,NASDAQ,NASDAQ,US,Financial Services,Financial - Conglomerates,259131750
IACQ,Irenic Acquisition Corp.,NASDAQ,NASDAQ,US,Financial Services,Shell Companies,259063355
KINS,"Kingstone Companies, Inc.",NASDAQ,NASDAQ,US,Financial Services,Insurance - Property & Casualty,258843376
PPHC,"Public Policy Holding Company, Inc.",NASDAQ,NASDAQ,US,Industrials,Consulting Services,258609589
OFLX,"Omega Flex, Inc.",NASDAQ,NASDAQ,US,Industrials,Industrial - Machinery,258313700
ADACW,American Drive Acquisition Company Warrant,NASDAQ,NASDAQ,US,Financial Services,Shell Companies,257832710
CAES,Cantor Equity Partners Vii Inc.,NASDAQ,NASDAQ,US,Financial Services,Shell Companies,257536000
GALT,Galectin Therapeutics Inc.,NASDAQ,NASDAQ,US,Healthcare,Biotechnology,257500471
PTLO,Portillo's Inc.,NASDAQ,NASDAQ,US,Consumer Cyclical,Restaurants,256952401
AACI,Armada Acquisition Corp. III,NASDAQ,NASDAQ,US,Financial Services,Shell Companies,256751320
JACK,Jack in the Box Inc.,NASDAQ,NASDAQ,US,Consumer Cyclical,Restaurants,256730871
CMRC,"Commerce.com, Inc.",NASDAQ,NASDAQ,US,Technology,Software - Application,256613079
LPAAU,Launch One Acquisition Corp. Unit,NASDAQ,NASDAQ,US,Financial Services,Shell Companies,255530000
AMACU,AMR Resources Acquisition Corp,NASDAQ,NASDAQ,KY,Financial Services,Shell Companies,254563125
PTOR,Praetorian Acquisition Corp.,NASDAQ,NASDAQ,US,Financial Services,Shell Companies,253877910
TBCH,Turtle Beach Corporation,NASDAQ,NASDAQ,US,Technology,Consumer Electronics,253848246
AVNW,"Aviat Networks, Inc.",NASDAQ,NASDAQ,US,Technology,Communication Equipment,253742869
PPIH,"Perma-Pipe International Holdings, Inc.",NASDAQ,NASDAQ,US,Industrials,Industrial - Machinery,253603503
KEYYU,Keystone Acquisition Corp. Unit,NASDAQ,NASDAQ,US,Financial Services,Financial - Conglomerates,253500000
HACQU,HCM IV Acquisition Corp. Unit,NASDAQ,NASDAQ,US,Financial Services,Shell Companies,253500000
BCYC,Bicycle Therapeutics plc,NASDAQ,NASDAQ,GB,Healthcare,Biotechnology,253290053
RELL,"Richardson Electronics, Ltd.",NASDAQ,NASDAQ,US,Technology,"Hardware, Equipment & Parts",253003539
ZKPU,Lafayette Digital Acquisition Corp. I Unit,NASDAQ,NASDAQ,US,Financial Services,Shell Companies,251750000
PTACU,Patriot Acquisition Corp.,NASDAQ,NASDAQ,US,Financial Services,Shell Companies,251750000
PAMT,Pamt Corp.,NASDAQ,NASDAQ,US,Industrials,Trucking,251737709
PALI,"Palisade Bio, Inc.",NASDAQ,NASDAQ,US,Healthcare,Biotechnology,251690522
RREVU,RRE Ventures Acquisition Corp. Units,NASDAQ,NASDAQ,US,Financial Services,Shell Companies,251625000
IPHXU,Inflection Point Acquisition Corp. VIII,NASDAQ,NASDAQ,US,Financial Services,Shell Companies,251500000
XNDU,Xanadu Quantum Technologies Limited Class B Subordinate Voting Shares,NASDAQ,NASDAQ,CA,Technology,Software - Infrastructure,251235900
HCICU,Hennessy Capital Investment Corp. VIII,NASDAQ,NASDAQ,US,Financial Services,Shell Companies,251191002
ASLE,AerSale Corporation,NASDAQ,NASDAQ,US,Industrials,"Airlines, Airports & Air Services",250912368
IVVD,"Invivyd, Inc.",NASDAQ,NASDAQ,US,Healthcare,Biotechnology,250445411
CAQ,Cambridge Acquisition Corp. Class A Ordinary Shares,NASDAQ,NASDAQ,US,Financial Services,Shell Companies,249842360
ACB,Aurora Cannabis Inc.,NASDAQ,NASDAQ,CA,Healthcare,Drug Manufacturers - Specialty & Generic,249626663
HCKT,"The Hackett Group, Inc.",NASDAQ,NASDAQ,US,Technology,Information Technology Services,248614443
KEYY,Keystone Acquisition Corp.,NASDAQ,NASDAQ,US,Financial Services,Shell Companies,247875000
HCIC,Hennessy Capital Investment Corp. VIII,NASDAQ,NASDAQ,US,Financial Services,Shell Companies,247713580
SZZL,Sizzle Acquisition Corp. II,NASDAQ,NASDAQ,US,Financial Services,Shell Companies,247446000
LFCR,"Lifecore Biomedical, Inc.",NASDAQ,NASDAQ,US,Healthcare,Drug Manufacturers - Specialty & Generic,247186992
EFSI,"Eagle Financial Services, Inc.",NASDAQ,NASDAQ,US,Financial Services,Banks - Regional,246804346
OTGAU,OTG Acquisition Corp. I Unit,NASDAQ,NASDAQ,US,Financial Services,Shell Companies,246784500
SIGA,"SIGA Technologies, Inc.",NASDAQ,NASDAQ,US,Healthcare,Drug Manufacturers - Specialty & Generic,246730894
EVOXU,Evolution Global Acquisition Corp Units,NASDAQ,NASDAQ,US,Financial Services,Shell Companies,246720000
AZ,A2Z Cust2Mate Solutions Corp.,NASDAQ,NASDAQ,CA,Technology,Software - Application,246708177
PDYN,Palladyne AI Corp.,NASDAQ,NASDAQ,US,Technology,Software - Infrastructure,246614724
CRAQ,Cal Redwood Acquisition Corp.,NASDAQ,NASDAQ,US,Financial Services,Shell Companies,246418900
DRDB,Roman DBDR Acquisition Corp. II,NASDAQ,NASDAQ,US,Financial Services,Financial - Conglomerates,246240300
HITI,High Tide Inc.,NASDAQ,NASDAQ,CA,Healthcare,Medical - Pharmaceuticals,246036493
CAMP,CAMP4 Therapeutics Corporation,NASDAQ,NASDAQ,US,Healthcare,Biotechnology,245365012
HVMCU,Highview Merger Corp.,NASDAQ,NASDAQ,US,Financial Services,Shell Companies,245117600
CNDT,Conduent Incorporated,NASDAQ,NASDAQ,US,Technology,Information Technology Services,245052966
KOYN,CSLM Digital Asset Acquisition Corp III Class A Ordinary Shares,NASDAQ,NASDAQ,US,Financial Services,Shell Companies,244885313
SSACU,SPACSphere Acquisition Corp.,NASDAQ,NASDAQ,US,Financial Services,Shell Companies,244504608
USAU,U.S. Gold Corp.,NASDAQ,NASDAQ,US,Basic Materials,Gold,243392154
TMCR,The Metals Royalty Company Inc.,NASDAQ,NASDAQ,CA,Basic Materials,Industrial Materials,243215330
AEAQU,Activate Energy Acquisition Corp. Unit,NASDAQ,NASDAQ,KY,Financial Services,Shell Companies,243070600
TRDA,"Entrada Therapeutics, Inc.",NASDAQ,NASDAQ,US,Healthcare,Biotechnology,243017056
GSRF,GSR IV Acquisition Corp. Class A ordinary share,NASDAQ,NASDAQ,US,Financial Services,Shell Companies,242232320
BNC,CEA Industries Inc. Common Stock,NASDAQ,NASDAQ,US,Industrials,Industrial - Machinery,241690793
IMMR,Immersion Corporation,NASDAQ,NASDAQ,US,Technology,Software - Application,240973187
DYNC,Dynamix Corporation,NASDAQ,NASDAQ,US,Financial Services,Shell Companies,240945665
RNGT,Range Capital Acquisition Corp II Class A Ordinary Shares,NASDAQ,NASDAQ,US,Financial Services,Shell Companies,240858800
GPACU,General Purpose Acquisition Corp.,NASDAQ,NASDAQ,US,Financial Services,Shell Companies,240858800
ETRA,Electra Therapeutics Inc.,NASDAQ,NASDAQ,US,Healthcare,Medical - Pharmaceuticals,240761875
MACI,Melar Acquisition Corp. I,NASDAQ,NASDAQ,US,Financial Services,Shell Companies,239764317
IRHOU,Iron Horse Acquisitions Corp. II Units,NASDAQ,NASDAQ,US,Financial Services,Shell Companies,239706900
MGNX,"MacroGenics, Inc.",NASDAQ,NASDAQ,US,Healthcare,Biotechnology,239632887
RMBI,"Richmond Mutual Bancorporation, Inc.",NASDAQ,NASDAQ,US,Financial Services,Banks - Regional,239230458
SRZN,"Surrozen, Inc.",NASDAQ,NASDAQ,US,Healthcare,Biotechnology,239127860
GSRVU,GSR V Acquisition Corp.,NASDAQ,NASDAQ,US,Financial Services,Shell Companies,239077100
UTMD,"Utah Medical Products, Inc.",NASDAQ,NASDAQ,US,Healthcare,Medical - Instruments & Supplies,238643049
NHIC,NewHold Investment Corp III,NASDAQ,NASDAQ,US,Financial Services,Shell Companies,238574281
GPAC,General Purpose Acquisition Corp.,NASDAQ,NASDAQ,US,Financial Services,Shell Companies,238492800
AEAQ,Activate Energy Acquisition Corp.,NASDAQ,NASDAQ,KY,Financial Services,Shell Companies,238341600
PEBK,"Peoples Bancorp of North Carolina, Inc.",NASDAQ,NASDAQ,US,Financial Services,Banks - Regional,237847890
IPXG,Inflection Point Acquisition Corp. VII,NASDAQ,NASDAQ,US,Financial Services,Financial - Conglomerates,237830884
AKBA,"Akebia Therapeutics, Inc.",NASDAQ,NASDAQ,US,Healthcare,Biotechnology,237703413
AENT,Alliance Entertainment Holding Corp.,NASDAQ,NASDAQ,US,Technology,Media & Entertainment,237564936
SAAQ,Space Asset Acquisition Corp. Class A Ordinary Shares,NASDAQ,NASDAQ,US,Financial Services,Financial - Conglomerates,237395800
BDSX,"Biodesix, Inc.",NASDAQ,NASDAQ,US,Healthcare,Medical - Diagnostics & Research,237207730
AACO,Abony Acquisition Corp. I Class A Ordinary Share,NASDAQ,NASDAQ,US,Financial Services,Shell Companies,236950000
ILLU,Illumination Acquisition Corp I Class A Ordinary Shares,NASDAQ,NASDAQ,US,Financial Services,Financial - Conglomerates,236935125
SLGL,Sol-Gel Technologies Ltd.,NASDAQ,NASDAQ,IL,Healthcare,Biotechnology,236184528
LYEL,"Lyell Immunopharma, Inc.",NASDAQ,NASDAQ,US,Healthcare,Biotechnology,235976968
ITHAU,ITHAX Acquisition Corp III,NASDAQ,NASDAQ,US,Financial Services,Shell Companies,235750000
IRHO,Iron Horse Acquisitions II Corp. Common Stock,NASDAQ,NASDAQ,US,Financial Services,Shell Companies,235569990
NAGE,Niagen Bioscience Inc,NASDAQ,NASDAQ,US,Healthcare,Biotechnology,234950685
ALMU,"Aeluma, Inc.",NASDAQ,NASDAQ,US,Technology,Semiconductors,233393009
FGII,FG Imperii Acquisition Corp. Class A Ordinary Shares,NASDAQ,NASDAQ,US,Financial Services,Shell Companies,232990050
LPCVU,Launchpad Cadenza Acquisition Corp I,NASDAQ,NASDAQ,US,Financial Services,Shell Companies,232990000
ITHA,ITHAX Acquisition Corp III,NASDAQ,NASDAQ,US,Financial Services,Shell Companies,232760000
BLRK,Bluerock Acquisition Corp. Class A Ordinary Shares,NASDAQ,NASDAQ,US,Financial Services,Financial - Conglomerates,232760000
SUJA,"Suja Life, Inc.",NASDAQ,NASDAQ,US,Consumer Defensive,Beverages - Non-Alcoholic,232653486
SION,"Sionna Therapeutics, Inc.",NASDAQ,NASDAQ,US,Healthcare,Biotechnology,232524200
ZUMZ,Zumiez Inc.,NASDAQ,NASDAQ,US,Consumer Cyclical,Apparel - Retail,232499123
FGIIU,FG Imperii Acquisition Corp.,NASDAQ,NASDAQ,US,Financial Services,Shell Companies,232253938
SVIV,Spring Valley Acquisition Corp. IV Class A Ordinary Shares,NASDAQ,NASDAQ,US,Financial Services,Shell Companies,232070000
HRZN,Horizon Technology Finance Corporation,NASDAQ,NASDAQ,US,Financial Services,Asset Management,231878794
SVAQU,Silicon Valley Acquisition Corp. Units,NASDAQ,NASDAQ,US,Financial Services,Shell Companies,231870000
VHCP,Vine Hill Capital Investment Corp. II Class A Ordinary Shares,NASDAQ,NASDAQ,US,Financial Services,Shell Companies,231840000
SVCC,Stellar V Capital Corp. Class A Ordinary Shares,NASDAQ,NASDAQ,US,Financial Services,Shell Companies,231711985
LPCV,Launchpad Cadenza Acquisition Corp I Class A Ordinary Share,NASDAQ,NASDAQ,US,Financial Services,Shell Companies,231610000
ADAC,American Drive Acquisition Company Class A Ordinary Shares,NASDAQ,NASDAQ,US,Financial Services,Shell Companies,231610000
ANGI,Angi Inc.,NASDAQ,NASDAQ,US,Communication Services,Internet Content & Information,231362560
FUFU,BitFuFu Inc.,NASDAQ,NASDAQ,SG,Financial Services,Financial - Capital Markets,231283135
CMTV,Community Bancorp,NASDAQ,NASDAQ,US,Financial Services,Banks - Regional,231058406
TMTS,Spartacus Acquisition Corp. II,NASDAQ,NASDAQ,US,Financial Services,Shell Companies,230913100
VUZI,Vuzix Corp.,NASDAQ,NASDAQ,US,Technology,Consumer Electronics,230348375
BIXI,Bitcoin Infrastructure Acquisition Corp Ltd.,NASDAQ,NASDAQ,US,Financial Services,Shell Companies,229977000
WLCOU,Wilco 63 Corporation,NASDAQ,NASDAQ,KY,Financial Services,Shell Companies,229540000
GWRS,"Global Water Resources, Inc.",NASDAQ,NASDAQ,US,Utilities,Regulated Water,229533528
LOVE,The Lovesac Company,NASDAQ,NASDAQ,US,Consumer Cyclical,"Furnishings, Fixtures & Appliances",228652089
YICC,Yorkville International Capital Corp.,NASDAQ,NASDAQ,US,Financial Services,Financial - Conglomerates,228275000
REFI,"Chicago Atlantic Real Estate Finance, Inc.",NASDAQ,NASDAQ,US,Real Estate,REIT - Mortgage,228063994
INBK,First Internet Bancorp,NASDAQ,NASDAQ,US,Financial Services,Banks - Regional,227592045
BIXIU,Bitcoin Infrastructure Acquisition Corp Ltd. Unit,NASDAQ,NASDAQ,US,Financial Services,Shell Companies,227532800
IPFXU,Inflection Point Acquisition Corp. VI Units,NASDAQ,NASDAQ,US,Financial Services,Shell Companies,226820000
GPRO,"GoPro, Inc.",NASDAQ,NASDAQ,US,Technology,Consumer Electronics,226714181
AIBZ,Bitzero Holdings Inc. Common Shares,NASDAQ,NASDAQ,CA,Technology,Software - Infrastructure,226604133
DPRO,Draganfly Inc.,NASDAQ,NASDAQ,CA,Industrials,Aerospace & Defense,226274580
OPBK,OP Bancorp,NASDAQ,NASDAQ,US,Financial Services,Banks - Regional,226243490
WLCO,Wilco 63 Corp.,NASDAQ,NASDAQ,KY,Financial Services,Shell Companies,226090000
XRXDW,Xerox Holdings Corporation Warrants,NASDAQ,NASDAQ,US,Technology,Computer Hardware,226044000
RAIL,"FreightCar America, Inc.",NASDAQ,NASDAQ,US,Industrials,Railroads,225825255
PLAY,"Dave & Buster's Entertainment, Inc.",NASDAQ,NASDAQ,US,Consumer Cyclical,Leisure,225778624
PRLD,Prelude Therapeutics Incorporated,NASDAQ,NASDAQ,US,Healthcare,Biotechnology,225453797
MRBK,Meridian Corporation,NASDAQ,NASDAQ,US,Financial Services,Banks - Regional,225201865
YARW,Yarrow Bioscience Inc,NASDAQ,NASDAQ,US,Healthcare,Biotechnology,225072493
FORR,"Forrester Research, Inc.",NASDAQ,NASDAQ,US,Industrials,Consulting Services,224985080
SORNU,Soren Acquisition Corp.,NASDAQ,NASDAQ,US,Financial Services,Shell Companies,224400000
NATR,"Nature's Sunshine Products, Inc.",NASDAQ,NASDAQ,US,Consumer Defensive,Packaged Foods,224382954
SVAQ,Silicon Valley Acquisition Corp. Class A Ordinary Shares,NASDAQ,NASDAQ,US,Financial Services,Shell Companies,224208600
RGCO,"RGC Resources, Inc.",NASDAQ,NASDAQ,US,Utilities,Regulated Gas,224066069
PDEX,"Pro-Dex, Inc.",NASDAQ,NASDAQ,US,Healthcare,Medical - Instruments & Supplies,223556985
EU,enCore Energy Corp.,NASDAQ,NASDAQ,US,Energy,Uranium,223357999
TONX,TON Strategy Co.,NASDAQ,NASDAQ,US,Technology,Software - Application,223295937
SUPX,SuperX AI Technology Limited,NASDAQ,NASDAQ,SG,Technology,Software - Infrastructure,222493337
ISNR,Snow Rothschild Acquisition Corp.,NASDAQ,NASDAQ,US,Financial Services,Shell Companies,222384000
CGEN,Compugen Ltd.,NASDAQ,NASDAQ,IL,Healthcare,Biotechnology,222200020
KROS,"Keros Therapeutics, Inc.",NASDAQ,NASDAQ,US,Healthcare,Biotechnology,221866234
PTORU,Praetorian Acquisition Corp. Units,NASDAQ,NASDAQ,US,Financial Services,Shell Companies,221760000
CAII,Collective Acquisition Corp. II,NASDAQ,NASDAQ,US,Financial Services,Shell Companies,221650000
LTBR,Lightbridge Corporation,NASDAQ,NASDAQ,US,Industrials,Electrical Equipment & Parts,221426730
AIAI,AIAI Holdings Corporation Class A Common Stock,NASDAQ,NASDAQ,US,Industrials,Conglomerates,221137499
ASUR,"Asure Software, Inc.",NASDAQ,NASDAQ,US,Technology,Software - Application,220926645
CEPO,"Cantor Equity Partners I, Inc. Class A Ordinary Shares",NASDAQ,NASDAQ,US,Financial Services,Shell Companies,220887500
IPFX,Inflection Point Acquisition Corp. VI,NASDAQ,NASDAQ,US,Financial Services,Shell Companies,220880000
ACGC,ACP Holdings Acquisition Corp. Class A Ordinary Shares,NASDAQ,NASDAQ,US,Financial Services,Shell Companies,220782796
GIX,GigCapital9 Corp. Class A Ordinary Share,NASDAQ,NASDAQ,US,Financial Services,Shell Companies,220110000
LIEN,"Chicago Atlantic BDC, Inc.",NASDAQ,NASDAQ,US,Financial Services,Asset Management,219978570
ZSQR,Z Squared Inc.,NASDAQ,NASDAQ,US,Technology,Software - Services,219951648
MRCOW,Mercator Acquisition Corp. Warrant,NASDAQ,NASDAQ,US,Financial Services,Shell Companies,219915938
LMNR,Limoneira Company,NASDAQ,NASDAQ,US,Consumer Defensive,Agricultural Farm Products,219759925
CFBK,CF Bankshares Inc.,NASDAQ,NASDAQ,US,Financial Services,Banks - Regional,219592420
AVXL,Anavex Life Sciences Corp.,NASDAQ,NASDAQ,US,Healthcare,Biotechnology,218705349
KGEI,Kolibri Global Energy Inc.,NASDAQ,NASDAQ,US,Energy,Oil & Gas Exploration & Production,218417184
SHOTU,RMG ML Sports Holdings,NASDAQ,NASDAQ,US,Financial Services,Shell Companies,217834900
SSACW,SPACSphere Acquisition Corp.,NASDAQ,NASDAQ,US,Financial Services,Shell Companies,217594688
SND,"Smart Sand, Inc.",NASDAQ,NASDAQ,US,Energy,Oil & Gas Equipment & Services,217507546
SPOK,"Spok Holdings, Inc.",NASDAQ,NASDAQ,US,Healthcare,Medical - Healthcare Information Services,217433670
HDSN,"Hudson Technologies, Inc.",NASDAQ,NASDAQ,US,Basic Materials,Chemicals - Specialty,216654258
GSHR,Gesher Acquisition Corp. II,NASDAQ,NASDAQ,US,Financial Services,Shell Companies,216302192
EXFY,"Expensify, Inc.",NASDAQ,NASDAQ,US,Technology,Software - Application,216021382
MVST,"Microvast Holdings, Inc.",NASDAQ,NASDAQ,US,Industrials,Electrical Equipment & Parts,215785789
HCAC,Hall Chadwick Acquisition Corp.,NASDAQ,NASDAQ,SG,Financial Services,Financial - Conglomerates,215697680
NCMI,"National CineMedia, Inc.",NASDAQ,NASDAQ,US,Communication Services,Advertising Agencies,215694665
QMLS,"QumulusAI, Inc. Common Stock",NASDAQ,NASDAQ,US,Technology,Software - Infrastructure,214627589
OSS,"One Stop Systems, Inc.",NASDAQ,NASDAQ,US,Technology,Computer Hardware,214251997
AIRO,"AIRO Group Holdings, Inc. Common Stock",NASDAQ,NASDAQ,US,Industrials,Aerospace & Defense,213515923
SHOT,RMG ML Sports Holdings,NASDAQ,NASDAQ,US,Financial Services,Financial - Conglomerates,213252500
RNAC,"Cartesian Therapeutics, Inc.",NASDAQ,NASDAQ,US,Healthcare,Biotechnology,212722060
NHIVU,NewHold Investment Corp IV,NASDAQ,NASDAQ,US,Financial Services,Financial - Conglomerates,212646400
WHWK,Whitehawk Therapeutics Inc,NASDAQ,NASDAQ,US,Healthcare,Biotechnology,212643570
RNGTU,Range Capital Acquisition Corp II Units,NASDAQ,NASDAQ,US,Financial Services,Shell Companies,212180000
AOUT,"American Outdoor Brands, Inc.",NASDAQ,NASDAQ,US,Consumer Cyclical,Leisure,211370328
RICK,"RCI Hospitality Holdings, Inc.",NASDAQ,NASDAQ,US,Consumer Cyclical,Restaurants,210070860
CATL,Catalyst Acquisition Corp.,NASDAQ,NASDAQ,US,Financial Services,Financial - Conglomerates,209916000
ARCIU,Archimedes Tech SPAC Partners III Co. Units,NASDAQ,NASDAQ,US,Financial Services,Shell Companies,209809800
OVBC,Ohio Valley Banc Corp.,NASDAQ,NASDAQ,US,Financial Services,Banks - Regional,209780875
GSIT,"GSI Technology, Inc.",NASDAQ,NASDAQ,US,Technology,Semiconductors,209511508
MTAK,Market Technology Acquisition Corp.,NASDAQ,NASDAQ,UN,Financial Services,Financial - Conglomerates,208943125
AACOU,Abony Acquisition Corp. I Units,NASDAQ,NASDAQ,US,Financial Services,Shell Companies,208413500
TRGS,TRG Latin America Acquisitions Corp. Class A Ordinary Shares,NASDAQ,NASDAQ,US,Financial Services,Financial - Conglomerates,208152860
PROF,Profound Medical Corp.,NASDAQ,NASDAQ,CA,Healthcare,Medical - Devices,207851072
SSP,The E.W. Scripps Company,NASDAQ,NASDAQ,US,Communication Services,Broadcasting,207777141
GLND,Greenland Energy Company Common Stock,NASDAQ,NASDAQ,US,Energy,Oil & Gas Exploration & Production,207718407
ALEC,"Alector, Inc.",NASDAQ,NASDAQ,US,Healthcare,Biotechnology,207616750
FHTX,Foghorn Therapeutics Inc.,NASDAQ,NASDAQ,US,Healthcare,Biotechnology,206673005
JONE,Jones Ventures Intl Acquisition1,NASDAQ,NASDAQ,US,Financial Services,Financial - Conglomerates,206617710
FCAP,"First Capital, Inc.",NASDAQ,NASDAQ,US,Financial Services,Banks - Regional,206352352
JONEU,Jones Ventures INTL Acquisition1 Corp,NASDAQ,NASDAQ,US,Financial Services,Shell Companies,206243550
MUZE,Muzero Acquisition Corp Class A Ordinary Shares,NASDAQ,NASDAQ,US,Financial Services,Shell Companies,206118750
WLII,Willow Lane Acquisition Corp. II Class A Ordinary Shares,NASDAQ,NASDAQ,US,Financial Services,Shell Companies,206078095
VNME,Vendome Acquisition Corporation I,NASDAQ,NASDAQ,US,Financial Services,Financial - Conglomerates,206000000
ESOA,Energy Services of America Corporation,NASDAQ,NASDAQ,US,Industrials,Engineering & Construction,205909558
NSLR,Neostellar Capital Corp.,NASDAQ,NASDAQ,US,Financial Services,Asset Management,205432032
MTAKU,Market Technology Acquisition Corp.,NASDAQ,NASDAQ,US,Financial Services,Shell Companies,204970000
CZWI,"Citizens Community Bancorp, Inc.",NASDAQ,NASDAQ,US,Financial Services,Banks - Regional,204937338
SAAQU,Space Asset Acquisition Corp. Units,NASDAQ,NASDAQ,US,Financial Services,Shell Companies,204600000
XTERU,Karman Line Acquisition Corp. Units,NASDAQ,NASDAQ,US,Financial Services,Financial - Conglomerates,204437065
IPVV,Interprivate Investment Partners V Inc.,NASDAQ,NASDAQ,US,Financial Services,Financial - Conglomerates,204170200
DNMXU,Dynamix Corporation III,NASDAQ,NASDAQ,US,Financial Services,Shell Companies,204065488
TROO,"TROOPS, Inc.",NASDAQ,NASDAQ,HK,Financial Services,Financial - Credit Services,204007200
NXH,"Neighborhood Intelligence, Inc. Common Stock",NASDAQ,NASDAQ,US,Consumer Cyclical,Specialty Retail,203852920
DNMX,Dynamix Corporation III Class A Ordinary Shares,NASDAQ,NASDAQ,US,Financial Services,Shell Companies,202860000
TAYD,"Taylor Devices, Inc.",NASDAQ,NASDAQ,US,Industrials,Industrial - Machinery,202643100
IDACU,Iron Dome Acquisition I Corp. Units,NASDAQ,NASDAQ,US,Financial Services,Shell Companies,202400000
XTER,Karman Line Acquisition Corp.,NASDAQ,NASDAQ,US,Financial Services,Financial - Conglomerates,202163500
CATLU,Catalyst Acquisition Corp. Units,NASDAQ,NASDAQ,US,Financial Services,Shell Companies,202000000
MIACU,Meridian3 Industrials Acquisition Corp,NASDAQ,NASDAQ,US,Financial Services,Shell Companies,201853750
CAQUU,Cambridge Acquisition Corp. Unit,NASDAQ,NASDAQ,US,Financial Services,Shell Companies,201400000
XGN,Exagen Inc.,NASDAQ,NASDAQ,US,Healthcare,Medical - Diagnostics & Research,200526340
IPEXR,Inflection Point Acquisition Corp. V,NASDAQ,NASDAQ,US,Financial Services,Shell Companies,200352000
RBKB,"Rhinebeck Bancorp, Inc.",NASDAQ,NASDAQ,US,Financial Services,Banks - Regional,200168960
SGC,"Superior Group of Companies, Inc.",NASDAQ,NASDAQ,US,Consumer Cyclical,Apparel - Manufacturers,200115200
CCCTU,Columbus Circle Capital Corp III,NASDAQ,NASDAQ,US,Financial Services,Shell Companies,200020000
QADR,QDRO Acquisition Corp. Class A Ordinary Shares,NASDAQ,NASDAQ,US,Financial Services,Financial - Conglomerates,200000000
FIGX,FIGX Capital Acquisition Corp.,NASDAQ,NASDAQ,US,Financial Services,Shell Companies,199865423
MPAA,"Motorcar Parts of America, Inc.",NASDAQ,NASDAQ,US,Consumer Cyclical,Auto - Parts,199745260
IPVVU,"InterPrivate Investment Partners V, Inc. Units",NASDAQ,NASDAQ,US,Financial Services,Shell Companies,199640000
APMC,Ampercap Acquisition Co.,NASDAQ,NASDAQ,US,Financial Services,Shell Companies,198986993
KLTR,"Kaltura, Inc.",NASDAQ,NASDAQ,US,Technology,Software - Application,198494659
LCUT,"Lifetime Brands, Inc.",NASDAQ,NASDAQ,US,Consumer Cyclical,"Furnishings, Fixtures & Appliances",198381400
QUIK,QuickLogic Corporation,NASDAQ,NASDAQ,US,Technology,Semiconductors,198331560
BID,Tribeca Strategic Acquisition Corp.,NASDAQ,NASDAQ,US,Financial Services,Shell Companies,198268430
CMPX,"Compass Therapeutics, Inc.",NASDAQ,NASDAQ,US,Healthcare,Biotechnology,198096800
RILY,"BRC Group Holdings, Inc.",NASDAQ,NASDAQ,US,Financial Services,Financial - Conglomerates,197757904
MIAC,Meridian3 Ind S Acquisition Corp.,NASDAQ,NASDAQ,US,Financial Services,Financial - Conglomerates,197627500
RXST,"RxSight, Inc.",NASDAQ,NASDAQ,US,Healthcare,Medical - Devices,197461825
IONR,ioneer Ltd,NASDAQ,NASDAQ,AU,Basic Materials,Industrial Materials,197339625
GDEV,GDEV Inc.,NASDAQ,NASDAQ,CY,Technology,Electronic Gaming & Multimedia,197114311
SNFCA,Security National Financial Corporation,NASDAQ,NASDAQ,US,Financial Services,Insurance - Life,197054290
CPSS,"Consumer Portfolio Services, Inc.",NASDAQ,NASDAQ,US,Financial Services,Financial - Credit Services,196372330
CHCI,"Comstock Holding Companies, Inc.",NASDAQ,NASDAQ,US,Real Estate,Real Estate - Services,195258122
NTWO,Newbury Street II Acquisition Corp,NASDAQ,NASDAQ,US,Financial Services,Shell Companies,194832409
CRDL,Cardiol Therapeutics Inc.,NASDAQ,NASDAQ,CA,Healthcare,Drug Manufacturers - Specialty & Generic,194809680
LARK,"Landmark Bancorp, Inc.",NASDAQ,NASDAQ,US,Financial Services,Banks - Regional,194206968
AREC,American Resources Corporation,NASDAQ,NASDAQ,US,Energy,Coal,193618002
ZNTL,"Zentalis Pharmaceuticals, Inc.",NASDAQ,NASDAQ,US,Healthcare,Biotechnology,193270935
CNCK,Coincheck Group N.V.,NASDAQ,NASDAQ,NL,Financial Services,Financial - Capital Markets,193016510
LFAC,Leapfrog Acquisition Corporation,NASDAQ,NASDAQ,US,Financial Services,Shell Companies,193008347
ELDN,"Eledon Pharmaceuticals, Inc.",NASDAQ,NASDAQ,US,Healthcare,Biotechnology,192969500
ORMP,Oramed Pharmaceuticals Inc.,NASDAQ,NASDAQ,US,Healthcare,Biotechnology,191943320
CBFV,"CB Financial Services, Inc.",NASDAQ,NASDAQ,US,Financial Services,Banks - Regional,190679410
HLXC,Helix Acquisition Corp. III Class A Ordinary Shares,NASDAQ,NASDAQ,US,Financial Services,Shell Companies,190608150
CXDO,"Crexendo, Inc.",NASDAQ,NASDAQ,US,Communication Services,Telecommunications Services,190278398
DEFT,DeFi Technologies Inc.,NASDAQ,NASDAQ,CA,Financial Services,Financial - Capital Markets,190069040
QSI,Quantum-Si incorporated,NASDAQ,NASDAQ,US,Healthcare,Medical - Devices,189533893
OHAC,Oceanhawk Acquisition Corp. Class A Ordinary Shares,NASDAQ,NASDAQ,US,Financial Services,Financial - Conglomerates,189296214
OMSE,OMS Energy Technologies Inc.,NASDAQ,NASDAQ,SG,Energy,Oil & Gas Equipment & Services,188896733
AACPU,Apogee Acquisition Corp Units,NASDAQ,NASDAQ,US,Financial Services,Shell Companies,188895200
IMPP,Imperial Petroleum Inc.,NASDAQ,NASDAQ,GR,Energy,Oil & Gas Midstream,188145042
NKTX,"Nkarta, Inc.",NASDAQ,NASDAQ,US,Healthcare,Biotechnology,187448838
GTERA,Globa Terra Acquisition Corporation,NASDAQ,NASDAQ,US,Financial Services,Shell Companies,186990398
MIACW,Meridian3 Industrials Aquisition Corp Warrant,NASDAQ,NASDAQ,US,Financial Services,Financial - Conglomerates,186841333
IGACU,Invest Green Acquisition Corporation,NASDAQ,NASDAQ,US,Financial Services,Shell Companies,186636000
NUCL,Eagle Nuclear Energy Corp.,NASDAQ,NASDAQ,US,Energy,Uranium,186352727
IRHOR,Iron Horse Acquisitions Corp. II Rights,NASDAQ,NASDAQ,US,Financial Services,Shell Companies,186117647
SBFG,"SB Financial Group, Inc.",NASDAQ,NASDAQ,US,Financial Services,Banks - Regional,185869054
ATLQ,JAB Acquisition Corp. I Class A,NASDAQ,NASDAQ,US,Financial Services,Financial - Conglomerates,185677900
CUE,"Cue Biopharma, Inc.",NASDAQ,NASDAQ,US,Healthcare,Biotechnology,185315201
VRXA,Veraxa Biotech Holding AG,NASDAQ,NASDAQ,DE,Healthcare,Biotechnology,185244235
CRAC,Crown Reserve Acquisition Corp. I,NASDAQ,NASDAQ,KY,Financial Services,Shell Companies,185076563
QNBC,QNB Corp.,NASDAQ,NASDAQ,US,Financial Services,Banks - Regional,184908024
TDWDU,Tailwind 2.0 Acquisition Corp. Unit,NASDAQ,NASDAQ,US,Financial Services,Shell Companies,184890050
MCGA,Yorkville Acquisition Corp.,NASDAQ,NASDAQ,US,Financial Services,Shell Companies,184731750
SLNH,"Soluna Holdings, Inc.",NASDAQ,NASDAQ,US,Technology,"Hardware, Equipment & Parts",184564404
CRNT,Ceragon Networks Ltd.,NASDAQ,NASDAQ,IL,Technology,Communication Equipment,184514201
MCGAU,Yorkville Acquisition Corp. Unit,NASDAQ,NASDAQ,US,Financial Services,Shell Companies,183939082
SOCA,Solarius Capital Acquisition Corp.,NASDAQ,NASDAQ,US,Financial Services,Shell Companies,183903000
SIDU,"Sidus Space, Inc.",NASDAQ,NASDAQ,US,Industrials,Aerospace & Defense,183823299
BVFL,"BV Financial, Inc.",NASDAQ,NASDAQ,US,Financial Services,Banks - Regional,183743237
PYXS,"Pyxis Oncology, Inc.",NASDAQ,NASDAQ,US,Healthcare,Biotechnology,183730892
CNTN,Canton Strategic Holdings Inc,NASDAQ,NASDAQ,US,Healthcare,Biotechnology,183551740
ANTX,"AN2 Therapeutics, Inc.",NASDAQ,NASDAQ,US,Healthcare,Biotechnology,183322270
IGAC,Invest Green Acquisition Corp.,NASDAQ,NASDAQ,US,Financial Services,Shell Companies,183283800
HLP,Hongli Group Inc.,NASDAQ,NASDAQ,CN,Basic Materials,Steel,183109938
FNWD,Finward Bancorp,NASDAQ,NASDAQ,US,Financial Services,Banks - Regional,182722610
MKLY,McKinley Acquisition Corporation,NASDAQ,NASDAQ,US,Financial Services,Shell Companies,182640825
SSAC,SPACSphere Acquisition Corp.,NASDAQ,NASDAQ,US,Financial Services,Shell Companies,182374541
CHRS,"Coherus Oncology, Inc.",NASDAQ,NASDAQ,US,Healthcare,Biotechnology,182311132
HNVR,"Hanover Bancorp, Inc.",NASDAQ,NASDAQ,US,Financial Services,Banks - Regional,182280156
TOYO,"TOYO Co., Ltd.",NASDAQ,NASDAQ,JP,Energy,Solar,181982727
ALXO,ALX Oncology Holdings Inc.,NASDAQ,NASDAQ,US,Healthcare,Biotechnology,181659938
HERE,Here Group Limited,NASDAQ,NASDAQ,CN,Consumer Cyclical,Leisure,181118486
ETHM,Dynamix Corp,NASDAQ,NASDAQ,US,Financial Services,Financial - Conglomerates,180774000
DAAQ,Digital Asset Acquisition Corp.,NASDAQ,NASDAQ,US,Financial Services,Shell Companies,180607500
TARA,"Protara Therapeutics, Inc.",NASDAQ,NASDAQ,US,Healthcare,Biotechnology,180415482
SCIIU,SC II Acquisition Corp. Units,NASDAQ,NASDAQ,US,Financial Services,Shell Companies,180301500
SCPQW,Social Commerce Partners Corporation,NASDAQ,NASDAQ,US,Financial Services,Financial - Conglomerates,180192960
ARCL,ARC Group Acquisition I Corp Class A Ordinary Shares,NASDAQ,NASDAQ,US,Financial Services,Shell Companies,179688650
ECBK,"ECB Bancorp, Inc.",NASDAQ,NASDAQ,US,Financial Services,Banks - Regional,179456385
DERM,Journey Medical Corporation,NASDAQ,NASDAQ,US,Healthcare,Drug Manufacturers - Specialty & Generic,178616086
AACP,Apogee Acquisition Corp Class A Ordinary Shares,NASDAQ,NASDAQ,US,Financial Services,Shell Companies,178440400
PAAC,Proem Acquisition Corp I Ordinary Shares,NASDAQ,NASDAQ,US,Financial Services,Shell Companies,178296730
ORGO,Organogenesis Holdings Inc.,NASDAQ,NASDAQ,US,Healthcare,Drug Manufacturers - Specialty & Generic,178214249
ONCH,1RT Acquisition Corp.,NASDAQ,NASDAQ,US,Financial Services,Shell Companies,178192500
TORO,Toro Corp.,NASDAQ,NASDAQ,CY,Industrials,Marine Shipping,177980534
CHEC,Chenghe Acquisition III Co. Class A Ordinary Share,NASDAQ,NASDAQ,SG,Financial Services,Shell Companies,177756334
SWMR,"Swarmer, Inc Common Stock",NASDAQ,NASDAQ,US,Technology,Software - Infrastructure,177737488
TJGC,TJGC Group Limited,NASDAQ,NASDAQ,HK,Communication Services,Advertising Agencies,177451160
BZUN,Baozun Inc.,NASDAQ,NASDAQ,CN,Consumer Cyclical,Specialty Retail,177330007
MDWD,MediWound Ltd.,NASDAQ,NASDAQ,IL,Healthcare,Biotechnology,177270660
MNSB,"MainStreet Bancshares, Inc.",NASDAQ,NASDAQ,US,Financial Services,Banks - Regional,177010733
LATAU,Galata Acquisition Corp. II Units,NASDAQ,NASDAQ,US,Financial Services,Shell Companies,176812500
SUMA,SUMA Acquisition Corporation Class A Ordinary Shares,NASDAQ,NASDAQ,US,Financial Services,Shell Companies,176251111
LATA,Galata Acquisition Corp. II Class A Ordinary Shares,NASDAQ,NASDAQ,US,Financial Services,Shell Companies,175950000
BLRKU,Bluerock Acquisition Corp.,NASDAQ,NASDAQ,US,Financial Services,Shell Companies,175950000
EPSN,Epsilon Energy Ltd.,NASDAQ,NASDAQ,US,Energy,Oil & Gas Exploration & Production,175391884
LTGRU,Long Table Growth Corp. Units,NASDAQ,NASDAQ,US,Financial Services,Financial - Conglomerates,175260000
PTAC,Patriot Acquisition Corp.,NASDAQ,NASDAQ,US,Financial Services,Shell Companies,175087500
CAN,Canaan Inc.,NASDAQ,NASDAQ,SG,Technology,Computer Hardware,174934655
DYOR,Insight Digital Partners II,NASDAQ,NASDAQ,US,Financial Services,Shell Companies,174915000
CURI,CuriosityStream Inc.,NASDAQ,NASDAQ,US,Communication Services,Broadcasting,174898420
PALOU,Paloma Acquisition Corp I,NASDAQ,NASDAQ,US,Financial Services,Shell Companies,174713910
RANG,Range Capital Acquisition Corp.,NASDAQ,NASDAQ,US,Financial Services,Shell Companies,174167250
HTLM,HomesToLife Ltd,NASDAQ,NASDAQ,SG,Consumer Cyclical,Specialty Retail,173913031
PRQR,ProQR Therapeutics N.V.,NASDAQ,NASDAQ,NL,Healthcare,Biotechnology,173759999
NAUT,"Nautilus Biotechnolgy, Inc.",NASDAQ,NASDAQ,US,Healthcare,Biotechnology,173703379
TVIVU,Texas Ventures Acquisition IV Corp,NASDAQ,NASDAQ,US,Financial Services,Shell Companies,173362500
QTRX,Quanterix Corporation,NASDAQ,NASDAQ,US,Healthcare,Medical - Devices,172878950
AMBR,Amber International Holding Ltd,NASDAQ,NASDAQ,SG,Financial Services,Asset Management,172376578
LTGR,Long Table Growth Corp.,NASDAQ,NASDAQ,US,Financial Services,Financial - Conglomerates,171982500
MRLN,"Merlin, Inc.",NASDAQ,NASDAQ,US,Industrials,Aerospace & Defense,171812813
TAVI,Tavia Acquisition Corp.,NASDAQ,NASDAQ,US,Financial Services,Shell Companies,171467371
FAC,Factorial Energy Inc.,NASDAQ,NASDAQ,US,Industrials,Electrical Equipment & Parts,171120000
IVA,Inventiva S.A.,NASDAQ,NASDAQ,FR,Healthcare,Biotechnology,171021119
WW,"WW International, Inc.",NASDAQ,NASDAQ,US,Consumer Cyclical,Personal Products & Services,170978796
DTIL,"Precision BioSciences, Inc.",NASDAQ,NASDAQ,US,Healthcare,Biotechnology,170577604
RDCM,RADCOM Ltd.,NASDAQ,NASDAQ,IL,Communication Services,Telecommunications Services,170396678
FOCL,EDAP TMS S.A. American Depositary Shares,NASDAQ,NASDAQ,FR,Healthcare,Medical - Devices,170168216
PALO,Paloma Acquisition Corp I Class A Ordinary Shares,NASDAQ,NASDAQ,US,Financial Services,Financial - Conglomerates,170112601
NAKA,Nakamoto Inc.,NASDAQ,NASDAQ,US,Financial Services,Financial - Capital Markets,169844886
EBMT,"Eagle Bancorp Montana, Inc.",NASDAQ,NASDAQ,US,Financial Services,Banks - Regional,169026446
DFDV,DeFi Development Corp.,NASDAQ,NASDAQ,US,Financial Services,Asset Management,167758396
HSDT,Solana Company,NASDAQ,NASDAQ,US,Financial Services,Asset Management,166985891
FLWS,"1-800-FLOWERS.COM, Inc.",NASDAQ,NASDAQ,US,Consumer Cyclical,Specialty Retail,165824500
STIM,"Neuronetics, Inc.",NASDAQ,NASDAQ,US,Healthcare,Medical - Devices,164227208
SANG,Sangoma Technologies Corporation,NASDAQ,NASDAQ,CA,Technology,Software - Infrastructure,164064435
ATOM,Atomera Incorporated,NASDAQ,NASDAQ,US,Technology,Semiconductors,163770795
HAVA,Harvard Ave Acquisition Corporation Class A Ordinary Share,NASDAQ,NASDAQ,KR,Financial Services,Shell Companies,162404925
ABOS,"Acumen Pharmaceuticals, Inc.",NASDAQ,NASDAQ,US,Healthcare,Biotechnology,162150962
EMIS,Emmis Acquisition Corp.,NASDAQ,NASDAQ,US,Financial Services,Shell Companies,162096674
PEPG,PepGen Inc.,NASDAQ,NASDAQ,US,Healthcare,Biotechnology,161855951
EGHA,EGH Acquisition Corp. Class A Ordinary Shares,NASDAQ,NASDAQ,US,Financial Services,Shell Companies,161820000
ONEW,OneWater Marine Inc.,NASDAQ,NASDAQ,US,Consumer Cyclical,Specialty Retail,161688275
EH,EHang Holdings Limited,NASDAQ,NASDAQ,CN,Industrials,Aerospace & Defense,161423576
LKSP,Lake Superior Acquisition Corp.,NASDAQ,NASDAQ,US,Financial Services,Shell Companies,160699730
ARCLU,ARC Group Acquisition I Corp Unit,NASDAQ,NASDAQ,US,Financial Services,Shell Companies,160408978
BETR,Better Home & Finance Holding Company,NASDAQ,NASDAQ,US,Financial Services,Financial - Mortgages,160295077
LAFA,LaFayette Acquisition Corp. Ordinary Share,NASDAQ,NASDAQ,FR,Financial Services,Shell Companies,160118863
LEE,"Lee Enterprises, Incorporated",NASDAQ,NASDAQ,US,Communication Services,Publishing,160055280
CHTRP,"Charter Communications, Inc. Series A Cumulative Redeemable Preferred Stock",NASDAQ,NASDAQ,US,Communication Services,Broadcasting,159911655
VYGR,"Voyager Therapeutics, Inc.",NASDAQ,NASDAQ,US,Healthcare,Biotechnology,159512198
CCAQU,Collective Acquisition Corp.,NASDAQ,NASDAQ,US,Financial Services,Financial - Conglomerates,159418750
IDAC,Iron Dome Acquisition I Corp.,NASDAQ,NASDAQ,US,Financial Services,Shell Companies,159238500
FMAC,Future Money Acquisition Corp,NASDAQ,NASDAQ,US,Financial Services,Shell Companies,159221407
KRSA,"Korsana Biosciences, Inc.",NASDAQ,NASDAQ,US,Healthcare,Biotechnology,159165900
NBP,NovaBridge Biosciences,NASDAQ,NASDAQ,US,Healthcare,Biotechnology,157914493
NGEN,NervGen Pharma Corp. Common stock,NASDAQ,NASDAQ,CA,Healthcare,Biotechnology,157810829
JRVR,"James River Group Holdings, Ltd.",NASDAQ,NASDAQ,US,Financial Services,Insurance - Specialty,157667679
OPRX,OptimizeRx Corp.,NASDAQ,NASDAQ,US,Healthcare,Medical - Healthcare Information Services,156876027
BSET,"Bassett Furniture Industries, Incorporated",NASDAQ,NASDAQ,US,Consumer Cyclical,"Furnishings, Fixtures & Appliances",156281755
NERV,"Minerva Neurosciences, Inc.",NASDAQ,NASDAQ,US,Healthcare,Biotechnology,156072145
STRO,"Sutro Biopharma, Inc.",NASDAQ,NASDAQ,US,Healthcare,Biotechnology,155803822
IPOD,Social Capital Hedosophia Holdings Corp. IV,NASDAQ,NASDAQ,US,Financial Services,Financial - Conglomerates,154821271
CCAQ,Collective Acquisition Corp.,NASDAQ,NASDAQ,US,Financial Services,Financial - Conglomerates,154676443
EGAN,eGain Corporation,NASDAQ,NASDAQ,US,Technology,Software - Application,154543956
MENS,Jyong Biotech Ltd. Ordinary Shares,NASDAQ,NASDAQ,TW,Healthcare,Biotechnology,154336158
LUCD,Lucid Diagnostics Inc.,NASDAQ,NASDAQ,US,Healthcare,Medical - Devices,154334172
FINW,FinWise Bancorp,NASDAQ,NASDAQ,US,Financial Services,Banks - Regional,154329560
TNXP,Tonix Pharmaceuticals Holding Corp.,NASDAQ,NASDAQ,US,Healthcare,Biotechnology,153828720
WSHP,WeShop Holdings Limited Class A Ordinary Shares,NASDAQ,NASDAQ,JE,Communication Services,Internet Content & Information,153643500
HAVAU,Harvard Ave Acquisition Corporation Unit,NASDAQ,NASDAQ,US,Financial Services,Shell Companies,152851629
EDRY,EuroDry Ltd.,NASDAQ,NASDAQ,GR,Industrials,Marine Shipping,152736503
INAC,Indigo Acquisition Corp.,NASDAQ,NASDAQ,US,Financial Services,Shell Companies,152419150
SUMAU,SUMA Acquisition Corporation,NASDAQ,NASDAQ,US,Financial Services,Shell Companies,152400000
SKYX,SKYX Platforms Corp.,NASDAQ,NASDAQ,US,Industrials,Electrical Equipment & Parts,151967015
TDWD,Tailwind 2.0 Acquisition Corp. Class A Ordinary Shares,NASDAQ,NASDAQ,US,Financial Services,Shell Companies,151950000
MRDN,Meridian Holdings Inc.,NASDAQ,NASDAQ,US,Consumer Cyclical,"Gambling, Resorts & Casinos",151692744
WHF,"WhiteHorse Finance, Inc.",NASDAQ,NASDAQ,US,Financial Services,Asset Management,151409325
OGI,Organigram Global Inc.,NASDAQ,NASDAQ,CA,Healthcare,Drug Manufacturers - Specialty & Generic,150629274
NIU,Niu Technologies,NASDAQ,NASDAQ,CN,Consumer Cyclical,Auto - Manufacturers,150597279
IPHA,Innate Pharma S.A.,NASDAQ,NASDAQ,FR,Healthcare,Biotechnology,150245258
BRRKU,Bluerock Acquisition Corp. II,NASDAQ,NASDAQ,US,Financial Services,Shell Companies,149998500
IMRX,Immuneering Corporation,NASDAQ,NASDAQ,US,Healthcare,Biotechnology,149928656
DLTH,Duluth Holdings Inc.,NASDAQ,NASDAQ,US,Consumer Cyclical,Apparel - Retail,149728156
AESPU,Aeon Acquisition I Corp. Units,NASDAQ,NASDAQ,US,Financial Services,Shell Companies,149302500
LEDRU,Leader's Advantage Acquisition Corp. Units,NASDAQ,NASDAQ,US,Financial Services,Shell Companies,149250000
BCBP,"BCB Bancorp, Inc.",NASDAQ,NASDAQ,US,Financial Services,Banks - Regional,148455360
MRCO,Mercator Acquisition Corp.,NASDAQ,NASDAQ,US,Financial Services,Shell Companies,148050000
CLLS,Cellectis S.A.,NASDAQ,NASDAQ,FR,Healthcare,Biotechnology,147613155
THEOU,Boa Acquisition Corp. Ii,NASDAQ,NASDAQ,US,Financial Services,Shell Companies,147056250
MOLN,Molecular Partners AG,NASDAQ,NASDAQ,CH,Healthcare,Biotechnology,146293376
NCO,Southern Cross Acquisition I Corp.,NASDAQ,NASDAQ,US,Financial Services,Financial - Conglomerates,146114656
NA,Nano Labs Ltd,NASDAQ,NASDAQ,CN,Technology,Semiconductors,146114370
CAAS,"China Automotive Systems, Inc.",NASDAQ,NASDAQ,CN,Consumer Cyclical,Auto - Parts,145724491
OCLT,OceanLight Acquisition Corp.,NASDAQ,NASDAQ,US,Financial Services,Financial - Conglomerates,145542375
BREZ,Breeze Acquisition Corp. II,NASDAQ,NASDAQ,US,Financial Services,Financial - Conglomerates,145486325
INGN,"Inogen, Inc.",NASDAQ,NASDAQ,US,Healthcare,Medical - Devices,145390151
HUCK,"Huckleberry.ai, Inc. Class B",NASDAQ,NASDAQ,US,Technology,Software - Application,145324707
BIDWU,Tribeca Strategic Acquisition Corp. Unit,NASDAQ,NASDAQ,US,Financial Services,Shell Companies,145278800
CDXS,"Codexis, Inc.",NASDAQ,NASDAQ,US,Healthcare,Biotechnology,145207902
KTWOU,K2 Capital Acquisition Corporation,NASDAQ,NASDAQ,US,Financial Services,Shell Companies,144800469
LSBK,"Lake Shore Bancorp, Inc.",NASDAQ,NASDAQ,US,Financial Services,Banks - Regional,144694251
AGPU,Axe Compute Inc.,NASDAQ,NASDAQ,US,Technology,Software - Infrastructure,144257067
RNA,"Atrium Therapeutics, Inc.",NASDAQ,NASDAQ,US,Healthcare,Biotechnology,144029514
CEPL,"Capstone Energy+, Inc.",NASDAQ,NASDAQ,US,Industrials,Electrical Equipment & Parts,143382195
AESP,Aeon Acquisition I Corp.,NASDAQ,NASDAQ,US,Financial Services,Shell Companies,143318750
HURC,"Hurco Companies, Inc.",NASDAQ,NASDAQ,US,Industrials,Industrial - Machinery,142997146
KTWO,K2 Capital Acquisition Corporation,NASDAQ,NASDAQ,US,Financial Services,Shell Companies,142680025
EML,The Eastern Company,NASDAQ,NASDAQ,US,Industrials,Manufacturing - Tools & Accessories,142625038
DIBS,"1stdibs.com, Inc.",NASDAQ,NASDAQ,US,Consumer Cyclical,Specialty Retail,142394049
THEO,BOA Acquisition Corp. II,NASDAQ,NASDAQ,US,Financial Services,Shell Companies,142312500
RRGB,"Red Robin Gourmet Burgers, Inc.",NASDAQ,NASDAQ,US,Consumer Cyclical,Restaurants,141522330
BYND,"Beyond Meat, Inc.",NASDAQ,NASDAQ,US,Consumer Defensive,Packaged Foods,141375491
KVHI,"KVH Industries, Inc.",NASDAQ,NASDAQ,US,Technology,Communication Equipment,141358695
OCC,Optical Cable Corporation,NASDAQ,NASDAQ,US,Technology,Communication Equipment,141233472
TLACU,Three Lions Acquisition Corp. Units,NASDAQ,NASDAQ,US,Financial Services,Financial - Conglomerates,140865997
LAFAU,LaFayette Acquisition Corp.,NASDAQ,NASDAQ,FR,Financial Services,Shell Companies,139569997
NEOV,NeoVolta Inc,NASDAQ,NASDAQ,US,Industrials,Electrical Equipment & Parts,139462314
LFMD,"LifeMD, Inc.",NASDAQ,NASDAQ,US,Healthcare,Medical - Healthcare Information Services,139284000
RFAM,RF Acquisition Corp III Ordinary Shares,NASDAQ,NASDAQ,SG,Financial Services,Shell Companies,139195390
FGBI,"First Guaranty Bancshares, Inc.",NASDAQ,NASDAQ,US,Financial Services,Banks - Regional,138928390
SCPQ,Social Commerce Partners Corporation Class A Ordinary Shares,NASDAQ,NASDAQ,US,Financial Services,Shell Companies,138612153
HOFT,Hooker Furnishings Corporation,NASDAQ,NASDAQ,US,Consumer Cyclical,"Furnishings, Fixtures & Appliances",138567285
SRBK,"SR Bancorp, Inc. Common stock",NASDAQ,NASDAQ,US,Financial Services,Banks - Regional,138397990
KRMD,"KORU Medical Systems, Inc.",NASDAQ,NASDAQ,US,Healthcare,Medical - Instruments & Supplies,138028665
SEVN,Seven Hills Realty Trust,NASDAQ,NASDAQ,US,Real Estate,REIT - Mortgage,137647863
DOYU,DouYu International Holdings Limited,NASDAQ,NASDAQ,CN,Communication Services,Internet Content & Information,137615597
WLIIU,Willow Lane Acquisition Corp. II Unit,NASDAQ,NASDAQ,US,Financial Services,Shell Companies,137291952
TUSK,"Mammoth Energy Services, Inc.",NASDAQ,NASDAQ,US,Industrials,Conglomerates,137286344
NYXH,Nyxoah S.A.,NASDAQ,NASDAQ,BE,Healthcare,Medical - Specialties,137099757
TRIB,Trinity Biotech plc,NASDAQ,NASDAQ,IE,Healthcare,Medical - Specialties,135680822
HCMA,HCM III Acquisition Corp.,NASDAQ,NASDAQ,US,Financial Services,Shell Companies,135661642
ACOG,Alpha Cognition Inc,NASDAQ,NASDAQ,US,Healthcare,Biotechnology,135277623
OXSQ,Oxford Square Capital Corp.,NASDAQ,NASDAQ,US,Financial Services,Asset Management,134474240
CHECU,Chenghe Acquisition III Co. Units,NASDAQ,NASDAQ,SG,Financial Services,Shell Companies,133844500
ZJK,"ZJK Industrial Co., Ltd.",NASDAQ,NASDAQ,CN,Industrials,Manufacturing - Metal Fabrication,133790284
CTW,CTW Cayman Class A Ordinary Shares,NASDAQ,NASDAQ,JP,Technology,Electronic Gaming & Multimedia,132912000
ENTX,Entera Bio Ltd.,NASDAQ,NASDAQ,IL,Healthcare,Biotechnology,132590638
HUHU,HUHUTECH International Group Inc. Ordinary Shares,NASDAQ,NASDAQ,CN,Industrials,Industrial - Machinery,132567500
CLAR,Clarus Corporation,NASDAQ,NASDAQ,US,Consumer Cyclical,Leisure,131854297
HURA,"TuHURA Biosciences, Inc.",NASDAQ,NASDAQ,US,Healthcare,Biotechnology,131822775
DVLT,Datavault AI Inc.,NASDAQ,NASDAQ,US,Technology,Software - Infrastructure,131157654
EWAV,East West Ave Acquisition Corp. Common Stock,NASDAQ,NASDAQ,US,Financial Services,Financial - Conglomerates,131034975
ENGN,enGene Holdings Inc.,NASDAQ,NASDAQ,CA,Healthcare,Biotechnology,130629445
APMCU,AmperCap Acquisition Company,NASDAQ,NASDAQ,US,Financial Services,Shell Companies,130515375
VNCE,Vince Holding Corp.,NASDAQ,NASDAQ,US,Consumer Cyclical,Apparel - Manufacturers,130271561
SPRB,"Spruce Biosciences, Inc.",NASDAQ,NASDAQ,US,Healthcare,Biotechnology,130100134
FRNM,"Freenome, Inc.",NASDAQ,NASDAQ,US,Healthcare,Medical - Diagnostics & Research,129863293
RGP,"Resources Connection, Inc.",NASDAQ,NASDAQ,US,Industrials,Consulting Services,129852372
ACNT,Ascent Industries Co.,NASDAQ,NASDAQ,US,Basic Materials,Chemicals - Specialty,129698314
BRCB,"Black Rock Coffee Bar, Inc.",NASDAQ,NASDAQ,US,Consumer Cyclical,Restaurants,129369398
HCAT,"Health Catalyst, Inc.",NASDAQ,NASDAQ,US,Healthcare,Medical - Healthcare Information Services,129314500
NCOOU,Southern Cross Acquisition I Corp.,NASDAQ,NASDAQ,US,Financial Services,Financial - Conglomerates,129140701
AMTX,"Aemetis, Inc.",NASDAQ,NASDAQ,US,Basic Materials,Chemicals - Specialty,128770653
TNYA,"Tenaya Therapeutics, Inc.",NASDAQ,NASDAQ,US,Healthcare,Biotechnology,128702107
SAFX,"XCF Global, Inc. Class A Common Stock",NASDAQ,NASDAQ,US,Energy,Oil & Gas Refining & Marketing,128557039
RTB,RTB Digital Inc,NASDAQ,NASDAQ,US,Technology,Software - Application,128436572
SHIM,Shimmick Corp.,NASDAQ,NASDAQ,US,Industrials,Engineering & Construction,127876819
FWAC,Futurewave Acquisition Corp.,NASDAQ,NASDAQ,US,Financial Services,Financial - Conglomerates,127748388
FXAC,FortuneX Acquisition Corp,NASDAQ,NASDAQ,US,Financial Services,Shell Companies,127393004
AIRS,"AirSculpt Technologies, Inc.",NASDAQ,NASDAQ,US,Healthcare,Medical - Care Facilities,126982226
MTC,"MMTec, Inc.",NASDAQ,NASDAQ,HK,Financial Services,Financial - Capital Markets,126689926
FEAM,5E Advanced Materials Inc.,NASDAQ,NASDAQ,US,Basic Materials,Chemicals - Specialty,126621430
NRXP,"NRx Pharmaceuticals, Inc.",NASDAQ,NASDAQ,US,Healthcare,Biotechnology,126423640
MXCT,"MaxCyte, Inc.",NASDAQ,NASDAQ,US,Healthcare,Biotechnology,126403573
SVRN,"SVRN, Inc.",NASDAQ,NASDAQ,GR,Industrials,Marine Shipping,126298691
NMP,NMP Acquisition Corp.,NASDAQ,NASDAQ,US,Financial Services,Shell Companies,125865875
VWAV,"VisionWave Holdings, Inc.",NASDAQ,NASDAQ,US,Industrials,Aerospace & Defense,125649380
NMRA,"Neumora Therapeutics, Inc. Common Stock",NASDAQ,NASDAQ,US,Healthcare,Biotechnology,125548601
OPENW,Opendoor Technologies Inc.,NASDAQ,NASDAQ,US,Real Estate,Real Estate - Development,125270739
XIIIW,Churchill Capital Corp XIII Warrants,NASDAQ,NASDAQ,US,Financial Services,Shell Companies,125250000
WTF,Waton Financial Limited Ordinary Shares,NASDAQ,NASDAQ,HK,Financial Services,Financial - Capital Markets,124935052
SMID,Smith-Midland Corporation,NASDAQ,NASDAQ,US,Basic Materials,Construction Materials,124704019
CTAA,ClearThink 1 Acquisition Corp. Class A Ordinary Shares,NASDAQ,NASDAQ,US,Financial Services,Shell Companies,124399100
LX,LexinFintech Holdings Ltd.,NASDAQ,NASDAQ,CN,Financial Services,Financial - Credit Services,123562772
OESX,"Orion Energy Systems, Inc.",NASDAQ,NASDAQ,US,Industrials,Electrical Equipment & Parts,123421142
MGYR,"Magyar Bancorp, Inc.",NASDAQ,NASDAQ,US,Financial Services,Banks - Regional,123115007
CRBU,"Caribou Biosciences, Inc.",NASDAQ,NASDAQ,US,Healthcare,Biotechnology,122983913
CODA,"Coda Octopus Group, Inc.",NASDAQ,NASDAQ,US,Industrials,Aerospace & Defense,122960219
HYNE,"Hoyne Bancorp, Inc. Common Stock",NASDAQ,NASDAQ,US,Financial Services,Banks - Regional,122947143
BOTJ,"Bank of the James Financial Group, Inc.",NASDAQ,NASDAQ,US,Financial Services,Banks - Regional,122851860
CRBP,"Corbus Pharmaceuticals Holdings, Inc.",NASDAQ,NASDAQ,US,Healthcare,Biotechnology,122839314
VERI,"Veritone, Inc.",NASDAQ,NASDAQ,US,Technology,Software - Infrastructure,122688892
UNCY,"Unicycive Therapeutics, Inc.",NASDAQ,NASDAQ,US,Healthcare,Biotechnology,121485000
SUIG,SUI Group Holdings Limited,NASDAQ,NASDAQ,US,Financial Services,Financial - Credit Services,121431798
VRA,"Vera Bradley, Inc.",NASDAQ,NASDAQ,US,Consumer Cyclical,Apparel - Footwear & Accessories,121431336
CEPS,"Cantor Equity Partners VI, Inc. Class A Ordinary Shares",NASDAQ,NASDAQ,US,Financial Services,Shell Companies,121422000
IMUX,"Immunic, Inc.",NASDAQ,NASDAQ,US,Healthcare,Biotechnology,121367565
LENZ,"LENZ Therapeutics, Inc.",NASDAQ,NASDAQ,US,Healthcare,Biotechnology,121027961
ADAG,Adagene Inc.,NASDAQ,NASDAQ,CN,Healthcare,Biotechnology,120852000
LPCVW,Launchpad Cadenza Acquisition Corp I Warrant,NASDAQ,NASDAQ,US,Financial Services,Shell Companies,120675520
RVSB,"Riverview Bancorp, Inc.",NASDAQ,NASDAQ,US,Financial Services,Banks - Regional,120358860
SPEG,Silver Pegasus Acquisition Corp.,NASDAQ,NASDAQ,US,Financial Services,Shell Companies,119830000
ALPXU,Alpex Acquisition Corp,NASDAQ,NASDAQ,US,Financial Services,Shell Companies,119563125
PLBY,"Playboy, Inc.",NASDAQ,NASDAQ,US,Consumer Cyclical,Specialty Retail,119446010
PGAC,Pantages Capital Acquisition Corp,NASDAQ,NASDAQ,US,Financial Services,Shell Companies,119075400
ALPX,Alpex Acquisition Corp.,NASDAQ,NASDAQ,US,Financial Services,Shell Companies,118579125
BMHL,Bluemount Holdings Limited,NASDAQ,NASDAQ,HK,Financial Services,Financial - Capital Markets,118413487
CBUS,"Cibus, Inc.",NASDAQ,NASDAQ,US,Healthcare,Biotechnology,118313980
SEER,"Seer, Inc.",NASDAQ,NASDAQ,US,Healthcare,Biotechnology,118210335
COYA,"Coya Therapeutics, Inc.",NASDAQ,NASDAQ,US,Healthcare,Biotechnology,117989636
BRKH,Burtech Acquisition Corp II,NASDAQ,NASDAQ,US,Financial Services,Shell Companies,117958517
AARD,"Aardvark Therapeutics, Inc. Common Stock",NASDAQ,NASDAQ,US,Healthcare,Biotechnology,117080245
CHAR,Charlton Aria Acquisition Corporation,NASDAQ,NASDAQ,US,Financial Services,Shell Companies,117068582
OTLK,"Outlook Therapeutics, Inc.",NASDAQ,NASDAQ,US,Healthcare,Biotechnology,117004015
BSBK,Bogota Financial Corp.,NASDAQ,NASDAQ,US,Financial Services,Banks - Regional,116332320
WSBK,"Winchester Bancorp, Inc. Common Stock",NASDAQ,NASDAQ,US,Financial Services,Banks - Regional,116220837
HVII,Hennessy Capital Investment Corp. VII,NASDAQ,NASDAQ,US,Financial Services,Shell Companies,116064052
OCLTU,OceanLight Acquisition Corporation Units,NASDAQ,NASDAQ,US,Financial Services,Shell Companies,115920000
RDZN,"Roadzen, Inc.",NASDAQ,NASDAQ,US,Technology,Software - Application,115850766
BOOM,DMC Global Inc.,NASDAQ,NASDAQ,US,Energy,Oil & Gas Equipment & Services,115850676
FGCPP,FG Nexus Inc. 8.00% Cumulative Preferred Stock,NASDAQ,NASDAQ,US,Financial Services,Insurance - Property & Casualty,115336445
TCGX,TCGX Acquisition Corp. Class A Ordinary Shares,NASDAQ,NASDAQ,US,Financial Services,Shell Companies,115316250
BEEP,Mobile Infrastructure Corp,NASDAQ,NASDAQ,US,Industrials,Industrial - Infrastructure Operations,114926975
CPIX,Cumberland Pharmaceuticals Inc.,NASDAQ,NASDAQ,US,Healthcare,Drug Manufacturers - Specialty & Generic,114620715
PROV,"Provident Financial Holdings, Inc.",NASDAQ,NASDAQ,US,Financial Services,Banks - Regional,114473795
HOVR,New Horizon Aircraft Ltd,NASDAQ,NASDAQ,CA,Industrials,Aerospace & Defense,113603923
RACC,Research Alliance Corporation III Class A Ordinary Shares,NASDAQ,NASDAQ,US,Financial Services,Shell Companies,113391980
QUMS,Quantumsphere Acquisition Corp. Ordinary Shares,NASDAQ,NASDAQ,US,Financial Services,Shell Companies,113134006
FXACU,FortuneX Acquisition Corp,NASDAQ,NASDAQ,US,Financial Services,Shell Companies,112237708
PNBK,"Patriot National Bancorp, Inc.",NASDAQ,NASDAQ,US,Financial Services,Banks - Regional,111821948
DMRC,Digimarc Corp.,NASDAQ,NASDAQ,US,Technology,Software - Application,111362293
FSHPU,Flag Ship Acquisition Corporation,NASDAQ,NASDAQ,US,Financial Services,Shell Companies,111200625
BYFC,Broadway Financial Corp.,NASDAQ,NASDAQ,US,Financial Services,Banks - Regional,111144372
MWC,"Micware Co., Ltd. American Depositary Shares",NASDAQ,NASDAQ,JP,Technology,Software - Application,111114304
TOP,TOP Financial Group Limited,NASDAQ,NASDAQ,SG,Financial Services,Financial - Capital Markets,110715550
SFBC,"Sound Financial Bancorp, Inc.",NASDAQ,NASDAQ,US,Financial Services,Banks - Regional,110496409
JYNT,The Joint Corp.,NASDAQ,NASDAQ,US,Healthcare,Medical - Care Facilities,110479319
APUR,Aperture AC Class A Ordinary Shares,NASDAQ,NASDAQ,US,Financial Services,Shell Companies,110322465
GNLX,Genelux Corporation,NASDAQ,NASDAQ,US,Healthcare,Biotechnology,109859019
WALD,Waldencast plc,NASDAQ,NASDAQ,GB,Consumer Defensive,Household & Personal Products,109691145
APYX,Apyx Medical Corporation,NASDAQ,NASDAQ,US,Healthcare,Medical - Specialties,109486920
PBHC,"Pathfinder Bancorp, Inc.",NASDAQ,NASDAQ,US,Financial Services,Banks - Regional,109300985
IMDX,Insight Molecular Diagnostics Inc.,NASDAQ,NASDAQ,US,Healthcare,Medical - Diagnostics & Research,109140764
FJDI,Arc Group Securities Acquisition I,NASDAQ,NASDAQ,US,Financial Services,Financial - Conglomerates,109051600
CBAT,"CBAK Energy Technology, Inc.",NASDAQ,NASDAQ,CN,Industrials,Electrical Equipment & Parts,109034334
INVZ,Innoviz Technologies Ltd.,NASDAQ,NASDAQ,IL,Consumer Cyclical,Auto - Parts,108616862
QSEA,Quartzsea Acquisition Corporation,NASDAQ,NASDAQ,US,Financial Services,Shell Companies,108337997
TCX,Tucows Inc.,NASDAQ,NASDAQ,CA,Technology,Software - Infrastructure,107478288
BHAV,BHAV Acquisition Corp Class A Ordinary Shares,NASDAQ,NASDAQ,US,Financial Services,Shell Companies,107214000
SPEGU,Silver Pegasus Acquisition Corp,NASDAQ,NASDAQ,US,Financial Services,Shell Companies,107157554
BDTX,"Black Diamond Therapeutics, Inc.",NASDAQ,NASDAQ,US,Healthcare,Biotechnology,107154317
PLCIU,Pelican Acquisition Ii Corp.,NASDAQ,NASDAQ,US,Financial Services,Shell Companies,106764853
TWLV,Twelve Seas Investment Company II,NASDAQ,NASDAQ,US,Financial Services,Shell Companies,106563761
UNB,"Union Bankshares, Inc.",NASDAQ,NASDAQ,US,Financial Services,Banks - Regional,106446134
ANNA,"AleAnna, Inc.",NASDAQ,NASDAQ,US,Energy,Oil & Gas Exploration & Production,106444000
SCPQU,Social Commerce Partners Corporation Unit,NASDAQ,NASDAQ,US,Financial Services,Shell Companies,106398000
SSTI,"SoundThinking, Inc.",NASDAQ,NASDAQ,US,Technology,Software - Application,106351823
ULBI,Ultralife Corporation,NASDAQ,NASDAQ,US,Industrials,Electrical Equipment & Parts,106269548
VANI,"Vivani Medical, Inc.",NASDAQ,NASDAQ,US,Healthcare,Biotechnology,106069173
RFAMU,RF Acquisition Corp III Units,NASDAQ,NASDAQ,SG,Financial Services,Shell Companies,105414750
MYX,Maywood Acquisition Corp. 2 Class A Ordinary Share,NASDAQ,NASDAQ,US,Financial Services,Shell Companies,105372050
OKUR,"OnKure Therapeutics, Inc.",NASDAQ,NASDAQ,US,Healthcare,Biotechnology,105290380
NIOBW,NioCorp Developments Ltd.,NASDAQ,NASDAQ,US,Basic Materials,Other Precious Metals,104822676
CHPG,ChampionsGate Acquisition Corporation Class A Ordinary Share,NASDAQ,NASDAQ,US,Financial Services,Shell Companies,104367128
NICM,Nicola Mining Inc. American Depositary Shares,NASDAQ,NASDAQ,CA,Basic Materials,Industrial Materials,104231496
STHO,Star Holdings,NASDAQ,NASDAQ,US,Real Estate,Real Estate - Services,103721647
PLYX,"Polaryx Therapeutics, Inc. Common Stock",NASDAQ,NASDAQ,US,Healthcare,Biotechnology,103181206
LAKE,"Lakeland Industries, Inc.",NASDAQ,NASDAQ,US,Consumer Cyclical,Apparel - Footwear & Accessories,102540614
SCATU,Southern Cross Acquisition II Corp.,NASDAQ,NASDAQ,US,Financial Services,Financial - Conglomerates,102462765
AMAN,Amanat Acquisition Corp Class A Ordinary Shares,NASDAQ,NASDAQ,US,Financial Services,Financial - Conglomerates,102452802
TLAC,Three Lions Acquisition Corp.,NASDAQ,NASDAQ,US,Financial Services,Financial - Conglomerates,102440000
EQ,"Equillium, Inc.",NASDAQ,NASDAQ,US,Healthcare,Biotechnology,102427013
VIRC,Virco Mfg. Corporation,NASDAQ,NASDAQ,US,Consumer Cyclical,"Furnishings, Fixtures & Appliances",102242030
MIST,Milestone Pharmaceuticals Inc.,NASDAQ,NASDAQ,CA,Healthcare,Biotechnology,102088344
FMACU,Future Money Acquisition Corporation Units,NASDAQ,NASDAQ,US,Financial Services,Shell Companies,102000000
NOEM,CO2 Energy Transition Corp.,NASDAQ,NASDAQ,US,Financial Services,Shell Companies,101933907
XHG,XChange TEC.INC,NASDAQ,NASDAQ,CN,Financial Services,Insurance - Brokers,101549412
BRKHU,Burtech Acquisition Corp II,NASDAQ,NASDAQ,US,Financial Services,Shell Companies,101200000
PYPD,PolyPid Ltd.,NASDAQ,NASDAQ,IL,Healthcare,Biotechnology,100950128
GAING,Gladstone Investment Corporation 7.125% Notes due 2031,NASDAQ,NASDAQ,US,Financial Services,Asset Management,100560000
CVGI,"Commercial Vehicle Group, Inc.",NASDAQ,NASDAQ,US,Consumer Cyclical,Auto - Parts,100473837
CSTE,Caesarstone Ltd.,NASDAQ,NASDAQ,IL,Basic Materials,Construction Materials,100446403
NTRB,Nutriband Inc.,NASDAQ,NASDAQ,US,Healthcare,Biotechnology,100286860
NSAIU,NorthStrive Acquisition Corp. I,NASDAQ,NASDAQ,US,Financial Services,Shell Companies,100201000
PAL,"Proficient Auto Logistics, Inc. Common Stock",NASDAQ,NASDAQ,US,Industrials,Integrated Freight & Logistics,99972266
VIOT,"Viomi Technology Co., Ltd",NASDAQ,NASDAQ,CN,Consumer Cyclical,"Furnishings, Fixtures & Appliances",99957779
FTHA,Forefront Tech Holdings Acquisition Corp.,NASDAQ,NASDAQ,KY,Financial Services,Shell Companies,99850000
SPKL,Spark I Acquisition Corp. Class A Ordinary Share,NASDAQ,NASDAQ,US,Financial Services,Shell Companies,99835849
CNXU,Conexeu Sciences Inc.,NASDAQ,NASDAQ,US,Healthcare,Biotechnology,99273397
NSAI,NorthStrive Acquisition Corp I. Class A Ordinary Shares,NASDAQ,NASDAQ,US,Financial Services,Shell Companies,98750000
HMR,Heidmar Maritime Holdings Corp.,NASDAQ,NASDAQ,GR,Industrials,Marine Shipping,98516635
DH,Definitive Healthcare Corp.,NASDAQ,NASDAQ,US,Healthcare,Medical - Healthcare Information Services,98137541
ECOR,"electroCore, Inc.",NASDAQ,NASDAQ,US,Healthcare,Medical - Devices,98092829
CTOR,"Citius Oncology, Inc.",NASDAQ,NASDAQ,US,Healthcare,Medical - Pharmaceuticals,97630264
KEQU,Kewaunee Scientific Corporation,NASDAQ,NASDAQ,US,Consumer Cyclical,"Furnishings, Fixtures & Appliances",97529374
ANIX,"Anixa Biosciences, Inc.",NASDAQ,NASDAQ,US,Healthcare,Biotechnology,96965730
FLNT,"Fluent, Inc.",NASDAQ,NASDAQ,US,Communication Services,Advertising Agencies,95708397
PMN,"ProMIS Neurosciences, Inc.",NASDAQ,NASDAQ,CA,Healthcare,Biotechnology,95371415
KRRO,"Korro Bio, Inc.",NASDAQ,NASDAQ,US,Healthcare,Biotechnology,95154189
FNWB,First Northwest Bancorp,NASDAQ,NASDAQ,US,Financial Services,Banks - Regional,95087993
BWEN,"Broadwind, Inc.",NASDAQ,NASDAQ,US,Industrials,Industrial - Machinery,95020711
NOEMU,CO2 Energy Transition Corp. Unit,NASDAQ,NASDAQ,US,Financial Services,Shell Companies,94915800
AUC,ATIF Holdings Limited Ordinary Shares,NASDAQ,NASDAQ,US,Financial Services,Asset Management,94883032
BGM,BGM Group Ltd.,NASDAQ,NASDAQ,CN,Healthcare,Drug Manufacturers - Specialty & Generic,94775216
MNOV,"MediciNova, Inc.",NASDAQ,NASDAQ,US,Healthcare,Biotechnology,94504792
SUNS,"Sunrise Realty Trust, Inc.",NASDAQ,NASDAQ,US,Real Estate,REIT - Mortgage,94492253
GRWG,GrowGeneration Corp.,NASDAQ,NASDAQ,US,Consumer Cyclical,Specialty Retail,94342713
LCCC,Lakeshore Acquisition III Corp.,NASDAQ,NASDAQ,US,Financial Services,Shell Companies,93947750
JTTT,JATT III Acquisition Corp,NASDAQ,NASDAQ,US,Financial Services,Shell Companies,93840000
LINK,"Interlink Electronics, Inc.",NASDAQ,NASDAQ,US,Technology,"Hardware, Equipment & Parts",93555042
RACD,Research Alliance Corp. Iv,NASDAQ,NASDAQ,US,Financial Services,Financial - Conglomerates,93300000
YB,Yuanbao Inc. American Depositary Shares,NASDAQ,NASDAQ,CN,Technology,Information Technology Services,92793354
AUBN,"Auburn National Bancorporation, Inc.",NASDAQ,NASDAQ,US,Financial Services,Banks - Regional,92606217
PARK,"Park Dental Partners, Inc. Common Stock",NASDAQ,NASDAQ,US,Healthcare,Medical - Care Facilities,92558607
SLNG,"Stabilis Solutions, Inc.",NASDAQ,NASDAQ,US,Energy,Oil & Gas Integrated,92423616
GCL,GCL Global Holdings Ltd Ordinary Shares,NASDAQ,NASDAQ,SG,Technology,Electronic Gaming & Multimedia,92383879
FUSB,"First US Bancshares, Inc.",NASDAQ,NASDAQ,US,Financial Services,Banks - Regional,92138319
SPAI,Safe Pro Group Inc. Common Stock,NASDAQ,NASDAQ,US,Industrials,Aerospace & Defense,91856830
RLYB,Rallybio Corporation,NASDAQ,NASDAQ,US,Healthcare,Biotechnology,91384715
FDSB,Fifth District Savings Bank,NASDAQ,NASDAQ,US,Financial Services,Banks - Regional,91239954
BMEA,"Biomea Fusion, Inc.",NASDAQ,NASDAQ,US,Healthcare,Biotechnology,91097244
JATT,JATT II Acquisition Corp.,NASDAQ,NASDAQ,US,Financial Services,Shell Companies,91083750
ZENA,"ZenaTech, Inc.",NASDAQ,NASDAQ,CA,Technology,Information Technology Services,90900462
HDRN,"Hadron Energy, Inc.",NASDAQ,NASDAQ,US,Industrials,Industrial - Machinery,90803527
CRDF,"Cardiff Oncology, Inc.",NASDAQ,NASDAQ,US,Healthcare,Biotechnology,90176112
MMTX,Miluna Acquisition Corp Class A Ordinary Share,NASDAQ,NASDAQ,TW,Financial Services,Financial - Conglomerates,90134901
USGO,U.S. GoldMining Inc.,NASDAQ,NASDAQ,CA,Basic Materials,Industrial Materials,90008791
ICCC,ImmuCell Corporation,NASDAQ,NASDAQ,US,Healthcare,Biotechnology,89925182
ORIQ,Origin Investment Corp I Ordinary Shares,NASDAQ,NASDAQ,SG,Financial Services,Shell Companies,89786250
FWACU,Futurewave Acquisition Corp.,NASDAQ,NASDAQ,US,Financial Services,Shell Companies,89591040
HUMA,"Humacyte, Inc.",NASDAQ,NASDAQ,US,Healthcare,Biotechnology,89493600
DWSN,Dawson Geophysical Company,NASDAQ,NASDAQ,US,Energy,Oil & Gas Equipment & Services,89432064
PFX,PhenixFIN Corporation,NASDAQ,NASDAQ,US,Financial Services,Asset Management,89073534
ACRV,"Acrivon Therapeutics, Inc. Common Stock",NASDAQ,NASDAQ,US,Healthcare,Biotechnology,89027592
EMPD,Empery Digital Inc.,NASDAQ,NASDAQ,US,Consumer Cyclical,Auto - Manufacturers,88687400
CCLD,"CareCloud, Inc.",NASDAQ,NASDAQ,US,Healthcare,Medical - Healthcare Information Services,88385334
QUMSU,Quantumsphere Acquisition Corp. Units,NASDAQ,NASDAQ,US,Financial Services,Shell Companies,88319787
PECEU,Peace Acquisition Corp Units,NASDAQ,NASDAQ,US,Financial Services,Financial - Conglomerates,88171875
ABLV,Able View Inc.,NASDAQ,NASDAQ,CN,Consumer Cyclical,Specialty Retail,88123065
SIEB,Siebert Financial Corp.,NASDAQ,NASDAQ,US,Financial Services,Financial - Capital Markets,88023012
EURK,Eureka Acquisition Corp Class A Ordinary Share,NASDAQ,NASDAQ,HK,Financial Services,Shell Companies,87923250
INSE,"Inspired Entertainment, Inc.",NASDAQ,NASDAQ,US,Consumer Cyclical,"Gambling, Resorts & Casinos",87762066
PECE,Peace Acquisition Corp Ordinary Shares,NASDAQ,NASDAQ,US,Financial Services,Shell Companies,87462375
ALIS,Calisa Acquisition Corp,NASDAQ,NASDAQ,US,Financial Services,Financial - Conglomerates,86971800
RNAQ,Rainier Acquisition Corp.,NASDAQ,NASDAQ,US,Financial Services,Shell Companies,86681250
LSE,"Leishen Energy Holding Co., Ltd.",NASDAQ,NASDAQ,CN,Energy,Oil & Gas Equipment & Services,86316750
MMLP,Martin Midstream Partners L.P.,NASDAQ,NASDAQ,US,Energy,Oil & Gas Midstream,86074309
ZSTK,ZeroStack Corp.,NASDAQ,NASDAQ,CA,Financial Services,Asset Management,85700157
NTHI,"Neonc Technologies Holdings, Inc.",NASDAQ,NASDAQ,US,Healthcare,Biotechnology,85575158
PLCI,Pelican Acquisition Ii Corp.,NASDAQ,NASDAQ,US,Financial Services,Shell Companies,85473750
CGTX,"Cognition Therapeutics, Inc.",NASDAQ,NASDAQ,US,Healthcare,Biotechnology,85416906
FTLF,"FitLife Brands, Inc.",NASDAQ,NASDAQ,US,Consumer Defensive,Packaged Foods,85364844
UBCP,"United Bancorp, Inc.",NASDAQ,NASDAQ,US,Financial Services,Banks - Regional,85270193
KAZR,Skyline Builders Group Holding Ltd. Class A,NASDAQ,NASDAQ,HK,Industrials,Engineering & Construction,85254600
BRLT,"Brilliant Earth Group, Inc.",NASDAQ,NASDAQ,US,Consumer Cyclical,Luxury Goods,85027907
BCIC,BCP Investment Corporation,NASDAQ,NASDAQ,US,Financial Services,Asset Management,84785875
LNSR,LENSAR Inc,NASDAQ,NASDAQ,US,Healthcare,Medical - Devices,84742909
RFIL,"RF Industries, Ltd.",NASDAQ,NASDAQ,US,Industrials,Electrical Equipment & Parts,84721318
HFFG,HF Foods Group Inc.,NASDAQ,NASDAQ,US,Consumer Defensive,Food Distribution,84491132
UPXI,"Upexi, Inc.",NASDAQ,NASDAQ,US,Communication Services,Internet Content & Information,84470212
UYSC,UY Scuti Acquisition Corp.,NASDAQ,NASDAQ,US,Financial Services,Shell Companies,83858911
GLIBA,Liberty Capital Corporation,NASDAQ,NASDAQ,US,Communication Services,Telecommunications Services,83789027
CPBI,"Central Plains Bancshares, Inc. Common Stock",NASDAQ,NASDAQ,US,Financial Services,Banks - Regional,83760109
LUNG,Pulmonx Corporation,NASDAQ,NASDAQ,US,Healthcare,Medical - Devices,83629656
TRBG,Turbogen Ltd.,NASDAQ,NASDAQ,IL,Industrials,Industrial - Machinery,83502300
MDIA,MediaCo Holding Inc.,NASDAQ,NASDAQ,US,Communication Services,Broadcasting,83409980
ETS,Elite Express Holding Inc.,NASDAQ,NASDAQ,US,Industrials,Trucking,83305509
SSBI,Summit State Bank,NASDAQ,NASDAQ,US,Financial Services,Banks - Regional,83161711
AEYE,"AudioEye, Inc.",NASDAQ,NASDAQ,US,Technology,Software - Application,82831341
AFCG,Advanced Flower Capital Inc.,NASDAQ,NASDAQ,US,Financial Services,Asset Management,82568942
GUTS,"Fractyl Health, Inc.",NASDAQ,NASDAQ,US,Healthcare,Biotechnology,82497456
NDLS,Noodles & Company,NASDAQ,NASDAQ,US,Consumer Cyclical,Restaurants,82310075
CPHC,Canterbury Park Holding Corporation,NASDAQ,NASDAQ,US,Consumer Cyclical,"Gambling, Resorts & Casinos",82199267
JLHL,Julong Holding Limited,NASDAQ,NASDAQ,CN,Basic Materials,Construction Materials,82160908
ARQ,"Arq, Inc.",NASDAQ,NASDAQ,US,Industrials,Industrial - Pollution & Treatment Controls,81989153
GIBO,GIBO Holdings Limited,NASDAQ,NASDAQ,HK,Communication Services,Internet Content & Information,81631423
AMPG,"AmpliTech Group, Inc.",NASDAQ,NASDAQ,US,Technology,Communication Equipment,81590936
SAMG,Silvercrest Asset Management Group Inc.,NASDAQ,NASDAQ,US,Financial Services,Asset Management,81350474
MNTS,Momentus Inc.,NASDAQ,NASDAQ,US,Industrials,Aerospace & Defense,81264584
FSEA,First Seacoast Bancorp,NASDAQ,NASDAQ,US,Financial Services,Banks - Regional,80931377
DTI,Drilling Tools International Corp.,NASDAQ,NASDAQ,US,Energy,Oil & Gas Equipment & Services,80819919
CIGL,Concorde International Group Ltd.,NASDAQ,NASDAQ,SG,Industrials,Specialty Business Services,80582331
SKIN,SkinHealth Systems Inc.,NASDAQ,NASDAQ,US,Healthcare,Medical - Specialties,80494585
TELO,"Telomir Pharmaceuticals, Inc. Common Stock",NASDAQ,NASDAQ,US,Healthcare,Biotechnology,80466699
BLNK,Blink Charging Co.,NASDAQ,NASDAQ,US,Industrials,Engineering & Construction,80188924
CXIIW,Churchill Capital Corp XII,NASDAQ,NASDAQ,US,Financial Services,Shell Companies,80160000
MAYS,"J.W. Mays, Inc.",NASDAQ,NASDAQ,US,Real Estate,Real Estate - Development,80086939
ASRV,"AmeriServ Financial, Inc.",NASDAQ,NASDAQ,US,Financial Services,Banks - Regional,80071340
HNNA,"Hennessy Advisors, Inc.",NASDAQ,NASDAQ,US,Financial Services,Asset Management,79814139
LFVN,LifeVantage Corporation,NASDAQ,NASDAQ,US,Consumer Defensive,Packaged Foods,79731995
ATGL,Alpha Technology Group Limited,NASDAQ,NASDAQ,HK,Technology,Software - Infrastructure,79670250
ALDX,Aldeyra The,NASDAQ,NASDAQ,US,Healthcare,Biotechnology,79623810
SSEA,Starry Sea Acquisition Corp.,NASDAQ,NASDAQ,US,Financial Services,Shell Companies,79183982
MMTXU,Miluna Acquisition Corp,NASDAQ,NASDAQ,US,Financial Services,Shell Companies,79018407
VTVT,vTv Therapeutics Inc.,NASDAQ,NASDAQ,US,Healthcare,Biotechnology,78516450
SOTK,Sono-Tek Corporation,NASDAQ,NASDAQ,US,Industrials,Industrial - Machinery,78269281
EURKU,Eureka Acquisition Corp Unit,NASDAQ,NASDAQ,HK,Financial Services,Shell Companies,78267645
PUSA,"Aureus Greenway Holdings, Inc.",NASDAQ,NASDAQ,US,Consumer Cyclical,Leisure,77992906
WTG,Wintergreen Acquisition Corp.,NASDAQ,NASDAQ,CN,Financial Services,Shell Companies,77636992
SKYA,"SkyAI, Inc.",NASDAQ,NASDAQ,US,Technology,Software - Infrastructure,77449567
GUACU,Berto Acquisition Corp. II Unit,NASDAQ,NASDAQ,US,Financial Services,Shell Companies,77049540
WRAP,"Wrap Technologies, Inc.",NASDAQ,NASDAQ,US,Technology,"Hardware, Equipment & Parts",76918785
CSPI,CSP Inc.,NASDAQ,NASDAQ,US,Technology,Information Technology Services,76847834
SERA,"Sera Prognostics, Inc.",NASDAQ,NASDAQ,US,Healthcare,Medical - Diagnostics & Research,76763842
INO,"Inovio Pharmaceuticals, Inc.",NASDAQ,NASDAQ,US,Healthcare,Biotechnology,76692071
VRCA,Verrica Pharmaceuticals Inc.,NASDAQ,NASDAQ,US,Healthcare,Biotechnology,76617381
KBSX,FST Corp.,NASDAQ,NASDAQ,TW,Consumer Cyclical,Leisure,76549865
OPENZ,Opendoor Technologies Inc.,NASDAQ,NASDAQ,US,Real Estate,Real Estate - Development,76521971
RNAQU,Rainier Acquisition Corp.,NASDAQ,NASDAQ,US,Financial Services,Financial - Conglomerates,76500000
AIRT,"Air T, Inc.",NASDAQ,NASDAQ,US,Industrials,Conglomerates,76443258
HFBL,"Home Federal Bancorp, Inc. of Louisiana",NASDAQ,NASDAQ,US,Financial Services,Banks - Regional,76347250
PMVP,"PMV Pharmaceuticals, Inc.",NASDAQ,NASDAQ,US,Healthcare,Biotechnology,76264425
GLBS,Globus Maritime Limited,NASDAQ,NASDAQ,GR,Industrials,Marine Shipping,76185519
FATN,"FatPipe, Inc.",NASDAQ,NASDAQ,US,Technology,Software - Infrastructure,76158291
BTCS,BTCS Inc.,NASDAQ,NASDAQ,US,Financial Services,Financial - Capital Markets,76156318
CSHRW,CoinShares PLC,NASDAQ,NASDAQ,JE,Financial Services,Financial - Conglomerates,75696679
SSEAU,Starry Sea Acquisition Corp Unit,NASDAQ,NASDAQ,US,Financial Services,Shell Companies,75681384
BYRN,Byrna Technologies Inc.,NASDAQ,NASDAQ,US,Industrials,Aerospace & Defense,75568875
MBNKO,Medallion Bank,NASDAQ,NASDAQ,US,Financial Services,Banks - Regional,75423000
IBIO,"iBio, Inc.",NASDAQ,NASDAQ,US,Healthcare,Biotechnology,75239490
OPENL,Opendoor Technologies Inc.,NASDAQ,NASDAQ,US,Real Estate,Real Estate - Development,74774007
NSTS,"NSTS Bancorp, Inc.",NASDAQ,NASDAQ,US,Financial Services,Banks - Regional,74634846
ISPR,Ispire Technology Inc.,NASDAQ,NASDAQ,US,Consumer Defensive,Tobacco,74619214
ROC,Rank One Computing Corp.,NASDAQ,NASDAQ,US,Technology,Software - Application,74603300
ARBE,Arbe Robotics Ltd.,NASDAQ,NASDAQ,IL,Technology,Semiconductors,74521984
NTIC,Northern Technologies International Corporation,NASDAQ,NASDAQ,US,Basic Materials,Chemicals - Specialty,74037608
AMCI,AMC Robotics Corporation,NASDAQ,NASDAQ,US,Technology,Computer Hardware,73677183
OPXS,"Optex Systems Holdings, Inc",NASDAQ,NASDAQ,US,Industrials,Aerospace & Defense,73426629
BSIN,Big Sky Industrial Inc.,NASDAQ,NASDAQ,US,Energy,Oil & Gas Exploration & Production,73248601
FBIO,"Fortress Biotech, Inc.",NASDAQ,NASDAQ,US,Healthcare,Biotechnology,73081958
JRSH,"Jerash Holdings (US), Inc.",NASDAQ,NASDAQ,US,Consumer Cyclical,Apparel - Manufacturers,73024655
ATLX,Atlas Lithium Corporation,NASDAQ,NASDAQ,BR,Basic Materials,Industrial Materials,72547582
ATRA,"Atara Biotherapeutics, Inc.",NASDAQ,NASDAQ,US,Healthcare,Biotechnology,72531869
WATT,Energous Corporation,NASDAQ,NASDAQ,US,Technology,Semiconductors,72449487
CLST,"Catalyst Bancorp, Inc.",NASDAQ,NASDAQ,US,Financial Services,Banks - Regional,72427713
JFIN,Jiayin Group Inc.,NASDAQ,NASDAQ,CN,Financial Services,Financial - Credit Services,72231180
GANX,"Gain Therapeutics, Inc.",NASDAQ,NASDAQ,US,Healthcare,Biotechnology,71658784
RSSS,"Research Solutions, Inc.",NASDAQ,NASDAQ,US,Technology,Software - Application,71577718
SCOR,comScore Inc.,NASDAQ,NASDAQ,US,Technology,Software - Application,71393177
RGS,Regis Corporation,NASDAQ,NASDAQ,US,Consumer Cyclical,Personal Products & Services,71090291
USIO,"Usio, Inc.",NASDAQ,NASDAQ,US,Technology,Software - Infrastructure,71059685
GOSS,"Gossamer Bio, Inc.",NASDAQ,NASDAQ,US,Healthcare,Biotechnology,70760563
RNXT,"RenovoRx, Inc.",NASDAQ,NASDAQ,US,Healthcare,Biotechnology,70732739
THRY,"Thryv Holdings, Inc.",NASDAQ,NASDAQ,US,Technology,Software - Application,70516182
FVN,Future Vision II Acquisition Corp.,NASDAQ,NASDAQ,CN,Financial Services,Shell Companies,70385520
CHRN,ChronoScale Corporation,NASDAQ,NASDAQ,US,Technology,Information Technology Services,70376755
STEX,Streamex Corp.,NASDAQ,NASDAQ,US,Financial Services,Investment - Banking & Investment Services,70375000
CVRX,"CVRx, Inc.",NASDAQ,NASDAQ,US,Healthcare,Medical - Devices,69789533
ASPS,Altisource Portfolio Solutions S.A.,NASDAQ,NASDAQ,LU,Real Estate,Real Estate - Services,69777422
RDI,"Reading International, Inc.",NASDAQ,NASDAQ,US,Communication Services,Entertainment,69599800
INTG,The InterGroup Corporation,NASDAQ,NASDAQ,US,Consumer Cyclical,Travel Lodging,69535556
SPRO,"Spero Therapeutics, Inc.",NASDAQ,NASDAQ,US,Healthcare,Biotechnology,69481792
DTCX,"Datacentrex, Inc.",NASDAQ,NASDAQ,US,Technology,Software - Application,69000686
HOUR,"Hour Loop, Inc.",NASDAQ,NASDAQ,US,Consumer Cyclical,Specialty Retail,68976104
GOAI,"Eva Live, Inc.",NASDAQ,NASDAQ,US,Technology,Software - Infrastructure,68686533
NEXM,Nexmetals Mining Corp.,NASDAQ,NASDAQ,CA,Basic Materials,Other Precious Metals,68622785
MB,MasterBeef Group,NASDAQ,NASDAQ,HK,Consumer Cyclical,Restaurants,68448450
DXR,Daxor Corporation,NASDAQ,NASDAQ,US,Healthcare,Medical - Instruments & Supplies,68307174
ORIQU,Origin Investment Corp I Units,NASDAQ,NASDAQ,SG,Financial Services,Shell Companies,67934950
HYPR,"Hyperfine, Inc.",NASDAQ,NASDAQ,US,Healthcare,Medical - Devices,67793114
BZAI,Blaize Holdings Inc.,NASDAQ,NASDAQ,US,Technology,Semiconductors,67734538
KNDI,"Kandi Technologies Group, Inc.",NASDAQ,NASDAQ,CN,Consumer Cyclical,Auto - Manufacturers,67711650
AIFC,AI Financial Corporation,NASDAQ,NASDAQ,US,Technology,Software - Infrastructure,67708839
ONCY,Oncolytics Biotech Inc.,NASDAQ,NASDAQ,US,Healthcare,Biotechnology,67693495
GEG,"Great Elm Group, Inc.",NASDAQ,NASDAQ,US,Financial Services,Asset Management,67574352
PRTS,"CarParts.com, Inc.",NASDAQ,NASDAQ,US,Consumer Cyclical,Specialty Retail,67300613
GNSS,Genasys Inc.,NASDAQ,NASDAQ,US,Technology,Communication Equipment,66946753
TRT,Trio-Tech International,NASDAQ,NASDAQ,US,Technology,Semiconductors,66945412
PLRX,"Pliant Therapeutics, Inc.",NASDAQ,NASDAQ,US,Healthcare,Biotechnology,66873816
UEIC,Universal Electronics Inc.,NASDAQ,NASDAQ,US,Technology,Consumer Electronics,66814298
RDIB,"Reading International, Inc.",NASDAQ,NASDAQ,US,Communication Services,Entertainment,66788460
BSAA,BEST SPAC I Acquisition Corp.,NASDAQ,NASDAQ,HK,Financial Services,Shell Companies,66630970
CSBR,"Champions Oncology, Inc.",NASDAQ,NASDAQ,US,Healthcare,Biotechnology,66550196
ALPS,Alps Group Inc,NASDAQ,NASDAQ,MY,Healthcare,Biotechnology,66543492
XBIT,XBiotech Inc.,NASDAQ,NASDAQ,US,Healthcare,Biotechnology,66463254
CING,Cingulate Inc.,NASDAQ,NASDAQ,US,Healthcare,Biotechnology,66065622
NTWK,"NetSol Technologies, Inc.",NASDAQ,NASDAQ,US,Technology,Software - Application,66032784
PXS,Pyxis Tankers Inc.,NASDAQ,NASDAQ,GR,Industrials,Marine Shipping,65940409
AIRG,"Airgain, Inc.",NASDAQ,NASDAQ,US,Technology,Communication Equipment,65914056
IPWR,Ideal Power Inc.,NASDAQ,NASDAQ,US,Technology,Semiconductors,65193434
YDDL,One and one Green Technologies. Inc,NASDAQ,NASDAQ,PH,Industrials,Waste Management,65077710
BSEM,"BioStem Technologies, Inc.",NASDAQ,NASDAQ,US,Healthcare,Biotechnology,65048938
HYFT,MindWalk Holdings Corp.,NASDAQ,NASDAQ,US,Healthcare,Biotechnology,64842468
TYGO,"Tigo Energy, Inc.",NASDAQ,NASDAQ,US,Energy,Solar,64528302
AIFU,AIFU Inc.,NASDAQ,NASDAQ,CN,Financial Services,Insurance - Brokers,64175396
ACET,"Adicet Bio, Inc.",NASDAQ,NASDAQ,US,Healthcare,Biotechnology,63848479
YIBO,Planet Image International Limited Class A,NASDAQ,NASDAQ,CN,Technology,Computer Hardware,63808352
FRMM,"Forum Markets, Incorporated",NASDAQ,NASDAQ,US,Technology,Software - Application,63805000
KLRS,Kalaris Therapeutics Inc,NASDAQ,NASDAQ,US,Healthcare,Biotechnology,63299831
AISP,"Airship AI Holdings, Inc.",NASDAQ,NASDAQ,US,Technology,Software - Infrastructure,63024398
INSG,Inseego Corp.,NASDAQ,NASDAQ,US,Technology,Communication Equipment,62990829
APAC,StoneBridge Acquisition II Corporation,NASDAQ,NASDAQ,US,Financial Services,Shell Companies,62932275
GEOS,Geospace Technologies Corporation,NASDAQ,NASDAQ,US,Energy,Oil & Gas Equipment & Services,62737660
CNTB,Connect Biopharma Holdings Limited,NASDAQ,NASDAQ,US,Healthcare,Biotechnology,62460138
MCAHU,Mountain Crest Acquisition 6 Corp. Units,NASDAQ,NASDAQ,US,Financial Services,Shell Companies,62239800
AEC,Anfield Energy Inc. Common Shares,NASDAQ,NASDAQ,CA,Energy,Uranium,62181350
MCAH,Mountain Crest Acquisition 6 Corp.,NASDAQ,NASDAQ,US,Financial Services,Shell Companies,62065686
ATHE,Alterity Therapeutics Limited,NASDAQ,NASDAQ,AU,Healthcare,Biotechnology,62004426
INCR,InterCure Ltd.,NASDAQ,NASDAQ,IL,Healthcare,Drug Manufacturers - Specialty & Generic,61953069
PODC,"PodcastOne, Inc.",NASDAQ,NASDAQ,US,Communication Services,Internet Content & Information,61904582
VIVO,VivoPower PLC,NASDAQ,NASDAQ,GB,Utilities,Regulated Electric,61787936
ZOOZ,ZOOZ Strategy Ltd.,NASDAQ,NASDAQ,IL,Industrials,Electrical Equipment & Parts,61730611
NBRGU,Newbridge Acquisition Limited Unit,NASDAQ,NASDAQ,HK,Financial Services,Shell Companies,61677638
WSTN,Westin Acquisition Corp,NASDAQ,NASDAQ,SG,Financial Services,Shell Companies,61422013
QXL,Quantum X Labs Inc.,NASDAQ,NASDAQ,IL,Technology,Information Technology Services,61080675
INKT,"MiNK Therapeutics, Inc.",NASDAQ,NASDAQ,US,Healthcare,Biotechnology,61078082
BPAC,Blueport Acquisition Ltd,NASDAQ,NASDAQ,US,Financial Services,Financial - Conglomerates,60840368
TLPH,"Talphera, Inc.",NASDAQ,NASDAQ,US,Healthcare,Drug Manufacturers - Specialty & Generic,60722532
TLSA,Tiziana Life Sciences Ltd,NASDAQ,NASDAQ,GB,Healthcare,Biotechnology,60683512
GECC,Great Elm Capital Corp.,NASDAQ,NASDAQ,US,Financial Services,Asset Management,60540806
HYPD,"Hyperion DeFi, Inc.",NASDAQ,NASDAQ,US,Financial Services,Asset Management - Cryptocurrency,60479411
TTEC,"TTEC Holdings, Inc.",NASDAQ,NASDAQ,US,Technology,Information Technology Services,60336392
XNET,Xunlei Limited,NASDAQ,NASDAQ,CN,Technology,Software - Infrastructure,60215473
CAPN,Cayson Acquisition Corp Ordinary shares,NASDAQ,NASDAQ,US,Financial Services,Shell Companies,59808321
CPSH,CPS Technologies Corporation,NASDAQ,NASDAQ,US,Technology,"Hardware, Equipment & Parts",59779083
MREO,Mereo BioPharma Group plc,NASDAQ,NASDAQ,GB,Healthcare,Biotechnology,59569665
NPT,Texxon Holding Limited Ordinary shares,NASDAQ,NASDAQ,CN,Basic Materials,Chemicals,59455800
YTRA,"Yatra Online, Inc.",NASDAQ,NASDAQ,IN,Consumer Cyclical,Travel Services,59103104
MYPS,"PLAYSTUDIOS, Inc.",NASDAQ,NASDAQ,US,Technology,Electronic Gaming & Multimedia,59019045
XLO,"Xilio Therapeutics, Inc.",NASDAQ,NASDAQ,US,Healthcare,Biotechnology,58767277
ZYBT,Zhengye Biotechnology Holding Limited,NASDAQ,NASDAQ,CN,Healthcare,Drug Manufacturers - Specialty & Generic,58765306
SORA,AsiaStrategy,NASDAQ,NASDAQ,HK,Consumer Cyclical,Luxury Goods,58455264
HRTX,"Heron Therapeutics, Inc.",NASDAQ,NASDAQ,US,Healthcare,Biotechnology,57919487
SLSN,"Solesence, Inc. Common Stock",NASDAQ,NASDAQ,US,Consumer Defensive,Household & Personal Products,57918605
SPCB,SuperCom Ltd.,NASDAQ,NASDAQ,IL,Industrials,Security & Protection Services,57654531
LAFAR,LaFayette Acquisition Corp. Rights,NASDAQ,NASDAQ,FR,Financial Services,Shell Companies,57623126
BOLD,"Boundless Bio, Inc.",NASDAQ,NASDAQ,US,Healthcare,Biotechnology,57535429
BOF,BranchOut Food Inc.,NASDAQ,NASDAQ,US,Consumer Defensive,Packaged Foods,57163071
MCHX,"Marchex, Inc.",NASDAQ,NASDAQ,US,Communication Services,Advertising Agencies,57150612
INVE,"INVE Technologies, Inc.",NASDAQ,NASDAQ,US,Technology,Semiconductors,56894694
STI,Solidion Technology Inc.,NASDAQ,NASDAQ,US,Industrials,Electrical Equipment & Parts,56751162
FSHP,Flag Ship Acquisition Corporation,NASDAQ,NASDAQ,US,Financial Services,Shell Companies,56738087
MBOT,Microbot Medical Inc.,NASDAQ,NASDAQ,US,Healthcare,Medical - Devices,56735188
EXOZ,"eXoZymes, Inc.",NASDAQ,NASDAQ,US,Healthcare,Biotechnology,56616290
SAIH,SAIHEAT Limited,NASDAQ,NASDAQ,SG,Technology,Information Technology Services,56584657
TZOO,Travelzoo,NASDAQ,NASDAQ,US,Communication Services,Internet Content & Information,56538400
RENT,"Rent the Runway, Inc.",NASDAQ,NASDAQ,US,Consumer Cyclical,Apparel - Retail,56425199
NCEW,New Century Logistics (BVI) Limited,NASDAQ,NASDAQ,HK,Industrials,Integrated Freight & Logistics,56384000
OM,"Outset Medical, Inc.",NASDAQ,NASDAQ,US,Healthcare,Medical - Devices,56167837
NVX,Novonix Limited,NASDAQ,NASDAQ,AU,Industrials,Electrical Equipment & Parts,56074926
GENK,"GEN Restaurant Group, Inc.",NASDAQ,NASDAQ,US,Consumer Cyclical,Restaurants,56039851
SOGP,Sound Group Inc.,NASDAQ,NASDAQ,SG,Technology,Software - Application,55739438
SELF,"Global Self Storage, Inc.",NASDAQ,NASDAQ,US,Real Estate,REIT - Specialty,55737896
IBAC,IB Acquisition Corp. Common Stock,NASDAQ,NASDAQ,US,Financial Services,Shell Companies,55591342
TELA,"TELA Bio, Inc.",NASDAQ,NASDAQ,US,Healthcare,Medical - Devices,55478060
MEVO,M Evo Global Acquisition Corp II Class A Ordinary Shares,NASDAQ,NASDAQ,US,Financial Services,Shell Companies,55384500
LIDR,"AEye, Inc.",NASDAQ,NASDAQ,US,Technology,Software - Infrastructure,55114612
ANTA,Antalpha Platform Holding Company,NASDAQ,NASDAQ,SG,Financial Services,Financial - Credit Services,54942862
WFCF,Where Food Comes From Inc,NASDAQ,NASDAQ,US,Industrials,Specialty Business Services,54928108
MOB,Mobilicom Ltd,NASDAQ,NASDAQ,IL,Industrials,Aerospace & Defense,54904194
FLL,"Full House Resorts, Inc.",NASDAQ,NASDAQ,US,Consumer Cyclical,"Gambling, Resorts & Casinos",54760452
NAMM,Namib Minerals,NASDAQ,NASDAQ,KY,Basic Materials,Gold,54755070
COCH,"Envoy Medical, Inc.",NASDAQ,NASDAQ,US,Healthcare,Medical - Devices,54730968
BTMD,biote Corp.,NASDAQ,NASDAQ,US,Healthcare,Medical - Care Facilities,54693346
DOMH,Dominari Holdings Inc.,NASDAQ,NASDAQ,US,Financial Services,Financial - Capital Markets,54273074
LFS,"LEIFRAS Co., Ltd. American Depositary Shares",NASDAQ,NASDAQ,JP,Communication Services,Entertainment,54152481
GRSD,Grandstand Limited,NASDAQ,NASDAQ,JE,Communication Services,Advertising Agencies,53698716
ELBM,Electra Battery Materials Corporation,NASDAQ,NASDAQ,CA,Basic Materials,Industrial Materials,53560345
ELOX,"Eloxx Pharmaceuticals, Inc.",NASDAQ,NASDAQ,US,Healthcare,Biotechnology,52987962
APLM,"Apollomics, Inc.",NASDAQ,NASDAQ,US,Healthcare,Biotechnology,52968531
SGA,"Saga Communications, Inc.",NASDAQ,NASDAQ,US,Communication Services,Broadcasting,52763530
STKS,"The ONE Group Hospitality, Inc.",NASDAQ,NASDAQ,US,Consumer Cyclical,Restaurants,52712381
MKTW,"MarketWise, Inc.",NASDAQ,NASDAQ,US,Financial Services,Financial - Data & Stock Exchanges,52696437
REKR,"Rekor Systems, Inc.",NASDAQ,NASDAQ,US,Technology,Software - Infrastructure,52566256
CLNN,Clene Inc.,NASDAQ,NASDAQ,US,Healthcare,Biotechnology,52391030
RANI,"Rani Therapeutics Holdings, Inc.",NASDAQ,NASDAQ,US,Healthcare,Biotechnology,52275596
APACU,StoneBridge Acquisition II Corporation,NASDAQ,NASDAQ,US,Financial Services,Shell Companies,52250000
TPCS,TechPrecision Corporation,NASDAQ,NASDAQ,US,Industrials,Manufacturing - Metal Fabrication,52227483
OKYO,OKYO Pharma Limited,NASDAQ,NASDAQ,GB,Healthcare,Biotechnology,52179218
ELTK,Eltek Ltd.,NASDAQ,NASDAQ,IL,Technology,"Hardware, Equipment & Parts",52175124
INMB,"INmune Bio, Inc.",NASDAQ,NASDAQ,US,Healthcare,Biotechnology,52107106
IMA,ImageneBio Inc,NASDAQ,NASDAQ,US,Healthcare,Biotechnology,51658278
NCTY,The9 Limited,NASDAQ,NASDAQ,CN,Financial Services,Financial - Capital Markets,51614557
BRID,Bridgford Foods Corporation,NASDAQ,NASDAQ,US,Consumer Defensive,Packaged Foods,51594528
ONEN,ONE Nuclear Energy Inc.,NASDAQ,NASDAQ,US,Utilities,Independent Power Producers,51587800
ADBT,Advasa Holdings Inc.,NASDAQ,NASDAQ,JP,Financial Services,Financial - Credit Services,51532006
BBBYW,"Neighborhood Intelligence, Inc. Warrants",NASDAQ,NASDAQ,US,Consumer Cyclical,Specialty Retail,51478416
BKHA,Black Hawk Acquisition Corporation,NASDAQ,NASDAQ,US,Financial Services,Shell Companies,51338212
FTEK,"Fuel Tech, Inc.",NASDAQ,NASDAQ,US,Industrials,Industrial - Pollution & Treatment Controls,51110928
DLHC,DLH Holdings Corp.,NASDAQ,NASDAQ,US,Industrials,Specialty Business Services,51015360
OHACU,Oceanhawk Acquisition Corp,NASDAQ,NASDAQ,US,Financial Services,Shell Companies,51000000
HQWWW,Horizon Quantum Holdings Ltd. Warrant,NASDAQ,NASDAQ,SG,Financial Services,Financial - Conglomerates,50964800
SPWR,SunPower Inc.,NASDAQ,NASDAQ,US,Energy,Solar,50960054
SCWO,374Water Inc.,NASDAQ,NASDAQ,US,Industrials,Industrial - Pollution & Treatment Controls,50561995
SRTS,"Sensus Healthcare, Inc.",NASDAQ,NASDAQ,US,Healthcare,Medical - Devices,50538521
VGAS,"Verde Clean Fuels, Inc.",NASDAQ,NASDAQ,US,Utilities,Renewable Utilities,50341074
ODYS,Odysight.ai Inc.,NASDAQ,NASDAQ,IL,Technology,"Hardware, Equipment & Parts",50331966
MDAI,"Spectral AI, Inc.",NASDAQ,NASDAQ,US,Healthcare,Medical - Specialties,50281896
VRM,"Vroom, Inc.",NASDAQ,NASDAQ,US,Financial Services,Financial - Credit Services,50197464
OPAL,OPAL Fuels Inc.,NASDAQ,NASDAQ,US,Industrials,Engineering & Construction,50062043
TCBS,"Texas Community Bancshares, Inc.",NASDAQ,NASDAQ,US,Financial Services,Banks - Regional,50061517
ACFN,"Acorn Energy, Inc.",NASDAQ,NASDAQ,US,Technology,"Hardware, Equipment & Parts",50014665
TEAD,Teads Holding Co.,NASDAQ,NASDAQ,US,Communication Services,Internet Content & Information,49931173
AVX,Avax One Technology Ltd,NASDAQ,NASDAQ,US,Industrials,Specialty Business Services,49895505
CHR,"Cheer Holding, Inc.",NASDAQ,NASDAQ,CN,Communication Services,Advertising Agencies,49712914
CRGO,Freightos Limited Ordinary shares,NASDAQ,NASDAQ,ES,Technology,Software - Application,49616158
RPID,"Rapid Micro Biosystems, Inc.",NASDAQ,NASDAQ,US,Healthcare,Medical - Devices,48948062
TENX,"Tenax Therapeutics, Inc.",NASDAQ,NASDAQ,US,Healthcare,Biotechnology,48806293
SEV,Aptera Motors Corp.,NASDAQ,NASDAQ,US,Consumer Cyclical,Auto - Manufacturers,48762832
CULP,"Culp, Inc.",NASDAQ,NASDAQ,US,Industrials,Manufacturing - Textiles,48751718
DSWL,"Deswell Industries, Inc.",NASDAQ,NASDAQ,MO,Technology,"Hardware, Equipment & Parts",48529405
TIL,"Instil Bio, Inc.",NASDAQ,NASDAQ,US,Healthcare,Biotechnology,48423309
DRIO,DarioHealth Corp.,NASDAQ,NASDAQ,US,Healthcare,Medical - Specialties,48403156
OFS,OFS Capital Corporation,NASDAQ,NASDAQ,US,Financial Services,Asset Management,48233081
INV,"Innventure, Inc.",NASDAQ,NASDAQ,US,Financial Services,Asset Management,48049598
YHNA,YHN Acquisition I Limited,NASDAQ,NASDAQ,HK,Financial Services,Financial - Conglomerates,48044053
VHUB,"VenHub Global, Inc. Common Stock",NASDAQ,NASDAQ,US,Consumer Defensive,Grocery Stores,47998607
WYHG,Wing Yip Food Holdings Group Limited American Depositary Shares,NASDAQ,NASDAQ,CN,Consumer Defensive,Packaged Foods,47940209
MATH,Metalpha Technology Holding Limited,NASDAQ,NASDAQ,HK,Financial Services,Financial - Capital Markets,47747810
TACT,TransAct Technologies Incorporated,NASDAQ,NASDAQ,US,Technology,Computer Hardware,47579172
KFFB,Kentucky First Federal Bancorp,NASDAQ,NASDAQ,US,Financial Services,Banks - Regional,47388150
IDN,"Intellicheck, Inc.",NASDAQ,NASDAQ,US,Technology,Software - Application,47185296
COLA,Columbus Acquisition Corp,NASDAQ,NASDAQ,SG,Financial Services,Shell Companies,46966888
PLCE,"The Children's Place, Inc.",NASDAQ,NASDAQ,US,Consumer Cyclical,Apparel - Retail,46920211
LITS,"Lite Strategy, Inc.",NASDAQ,NASDAQ,US,Healthcare,Biotechnology,46784650
POCI,"Precision Optics Corporation, Inc.",NASDAQ,NASDAQ,US,Healthcare,Medical - Instruments & Supplies,46734591
CAST,"FreeCast, Inc. Class A Common Stock",NASDAQ,NASDAQ,US,Communication Services,Broadcasting,46527780
CNVS,Cineverse Corp.,NASDAQ,NASDAQ,US,Communication Services,Entertainment,46365660
NMAD,"NOMAD Power Solutions, Inc.",NASDAQ,NASDAQ,US,Healthcare,Biotechnology,46349569
SDA,SunCar Technology Group Inc.,NASDAQ,NASDAQ,CN,Consumer Cyclical,Auto - Dealerships,46087827
HIT,"Health In Tech, Inc.",NASDAQ,NASDAQ,US,Technology,Software - Application,45914013
ELWT,"Elauwit Connection, Inc. Common Stock",NASDAQ,NASDAQ,US,Communication Services,Telecommunications Services,45742790
NNOX,Nano-X Imaging Ltd.,NASDAQ,NASDAQ,IL,Healthcare,Medical - Devices,45658114
BZFD,"BuzzFeed, Inc.",NASDAQ,NASDAQ,US,Communication Services,Internet Content & Information,45649716
RYM,"RYTHM, Inc.",NASDAQ,NASDAQ,US,Consumer Defensive,Tobacco,45625987
SOWG,Sow Good Inc.,NASDAQ,NASDAQ,US,Consumer Defensive,Food Confectioners,45471464
DWTX,"Dogwood Therapeutics, Inc.",NASDAQ,NASDAQ,US,Healthcare,Biotechnology,45399894
AVAT,Avalanche Treasury Corporation Class A Common Stock,NASDAQ,NASDAQ,US,Financial Services,Financial - Conglomerates,45229500
HGBL,Heritage Global Inc.,NASDAQ,NASDAQ,US,Financial Services,Financial - Capital Markets,45164015
HAIN,"The Hain Celestial Group, Inc.",NASDAQ,NASDAQ,US,Consumer Defensive,Packaged Foods,45162851
AERT,"Aeries Technology, Inc",NASDAQ,NASDAQ,SG,Industrials,Consulting Services,44910398
SFWL,Shengfeng Development Limited,NASDAQ,NASDAQ,CN,Industrials,Integrated Freight & Logistics,44880824
FLNA,"Filana Therapeutics, Inc.",NASDAQ,NASDAQ,US,Healthcare,Biotechnology,44670311
IZEA,"IZEA Worldwide, Inc.",NASDAQ,NASDAQ,US,Communication Services,Advertising Agencies,44659045
MBBC,"Marathon Bancorp, Inc.",NASDAQ,NASDAQ,US,Financial Services,Banks - Regional,44261190
QETA,Quetta Acquisition Corporation,NASDAQ,NASDAQ,US,Financial Services,Shell Companies,44260904
PXLW,"Pixelworks, Inc.",NASDAQ,NASDAQ,US,Technology,Semiconductors,44224657
HOWL,"Werewolf Therapeutics, Inc.",NASDAQ,NASDAQ,US,Healthcare,Biotechnology,44223088
GGR,Gogoro Inc.,NASDAQ,NASDAQ,TW,Consumer Cyclical,Auto - Manufacturers,44172765
XLAB,Exascale Labs Holdings Inc.,NASDAQ,NASDAQ,US,Technology,Software - Infrastructure,44132400
SPWH,"Sportsman's Warehouse Holdings, Inc.",NASDAQ,NASDAQ,US,Consumer Cyclical,Specialty Retail,44092368
ATHR,"Aether Holdings, Inc. Common Stock",NASDAQ,NASDAQ,US,Technology,Software - Application,43721028
SEAT,Vivid Seats Inc.,NASDAQ,NASDAQ,US,Communication Services,Internet Content & Information,43278597
VHC,VirnetX Holding Corp,NASDAQ,NASDAQ,US,Technology,Software - Infrastructure,43197972
LOAN,"Manhattan Bridge Capital, Inc.",NASDAQ,NASDAQ,US,Real Estate,REIT - Mortgage,42631479
SWVL,Swvl Holdings Corp.,NASDAQ,NASDAQ,AE,Industrials,General Transportation,42547749
MGX,"Metagenomi, Inc. Common Stock",NASDAQ,NASDAQ,US,Healthcare,Biotechnology,42540952
MAMO,Massimo Group Common Stock,NASDAQ,NASDAQ,US,Consumer Cyclical,Auto - Recreational Vehicles,42473769
NEPH,"Nephros, Inc.",NASDAQ,NASDAQ,US,Healthcare,Medical - Instruments & Supplies,42231785
DTSQ,DT Cloud Star Acquisition Corporation,NASDAQ,NASDAQ,US,Financial Services,Shell Companies,42087272
PRPO,"Precipio, Inc.",NASDAQ,NASDAQ,US,Healthcare,Medical - Diagnostics & Research,42059222
RIBB,Ribbon Acquisition Corp,NASDAQ,NASDAQ,JP,Financial Services,Shell Companies,42012677
THCH,TH International Limited,NASDAQ,NASDAQ,CN,Consumer Cyclical,Restaurants,41647488
PDSB,PDS Biotechnology Corporation,NASDAQ,NASDAQ,US,Healthcare,Biotechnology,41544305
CMTL,Comtech Telecommunications Corp.,NASDAQ,NASDAQ,US,Technology,Communication Equipment,41346775
KG,Kestrel Group Ltd,NASDAQ,NASDAQ,BM,Financial Services,Insurance - Reinsurance,41310878
PROP,Prairie Operating Co.,NASDAQ,NASDAQ,US,Energy,Oil & Gas Exploration & Production,41145245
SBCWW,SBC Medical Group Holdings Incorporated,NASDAQ,NASDAQ,US,Industrials,Specialty Business Services,41133487
VERU,Veru Inc.,NASDAQ,NASDAQ,US,Healthcare,Biotechnology,41088768
ENGS,Energys Group Limited,NASDAQ,NASDAQ,GB,Industrials,Waste Management,41039484
WATR,Air Water Ventures Limited,NASDAQ,NASDAQ,AE,Consumer Defensive,Beverages - Non-Alcoholic,40882800
STKE,Sol Strategies Inc. Common Shares,NASDAQ,NASDAQ,CA,Financial Services,Financial - Conglomerates,40838206
SNWV,SANUWAVE Health Inc.,NASDAQ,NASDAQ,US,Healthcare,Medical - Devices,40759146
PHUN,"Phunware, Inc.",NASDAQ,NASDAQ,US,Technology,Software - Application,40485890
CGCFU,Cartesian Growth Corporation IV,NASDAQ,NASDAQ,US,Financial Services,Shell Companies,40294080
BNAI,"Brand Engagement Network, Inc.",NASDAQ,NASDAQ,US,Technology,Software - Infrastructure,40288170
TREO,Tactical Resources Corp.,NASDAQ,NASDAQ,CA,Basic Materials,Industrial Materials,40155500
AHMA,Ambitions Enterprise Management Co. L.L.C,NASDAQ,NASDAQ,AE,Consumer Cyclical,Travel Services,40128747
LASE,Laser Photonics Corporation,NASDAQ,NASDAQ,US,Industrials,Industrial - Machinery,40080416
FBDT,First Breach Inc.,NASDAQ,NASDAQ,US,Industrials,Aerospace & Defense,39701923
GAME,GameSquare Holdings Inc.,NASDAQ,NASDAQ,US,Technology,Electronic Gaming & Multimedia,39671558
CELU,Celularity Inc.,NASDAQ,NASDAQ,US,Healthcare,Biotechnology,39656020
IXHL,Incannex Healthcare Limited,NASDAQ,NASDAQ,AU,Healthcare,Biotechnology,39602670
OMEX,"Odyssey Marine Exploration, Inc.",NASDAQ,NASDAQ,US,Basic Materials,Industrial Materials,39537528
MIND,"MIND Technology, Inc.",NASDAQ,NASDAQ,US,Technology,"Hardware, Equipment & Parts",39310163
SYPR,"Sypris Solutions, Inc.",NASDAQ,NASDAQ,US,Consumer Cyclical,Auto - Parts,39118921
LGO,Largo Inc.,NASDAQ,NASDAQ,CA,Basic Materials,Industrial Materials,38859523
JG,Aurora Mobile Limited,NASDAQ,NASDAQ,CN,Technology,Software - Application,38456962
BRAG,Bragg Gaming Group Inc.,NASDAQ,NASDAQ,CA,Technology,Software - Application,38397744
PLUT,Plutus Financial Group Limited,NASDAQ,NASDAQ,HK,Financial Services,Financial - Capital Markets,38375000
ACCL,Acco Group Holdings Limited,NASDAQ,NASDAQ,HK,Industrials,Consulting Services,38222726
AFJK,"Aimei Health Technology Co., Ltd",NASDAQ,NASDAQ,US,Financial Services,Shell Companies,38122637
RMCO,Royalty Management Holding Corporation,NASDAQ,NASDAQ,US,Financial Services,Asset Management,38025747
CIRC,"Circle8 Group, Inc.",NASDAQ,NASDAQ,US,Industrials,Staffing & Employment Services,37955463
SLMT,Brera Holdings PLC,NASDAQ,NASDAQ,IE,Technology,Software - Infrastructure,37917905
MLCI,Mount Logan Capital Inc.,NASDAQ,NASDAQ,US,Financial Services,Asset Management,37818036
WKEY,WISeKey International Holding AG,NASDAQ,NASDAQ,CH,Technology,Semiconductors,37806576
KOSS,Koss Corporation,NASDAQ,NASDAQ,US,Technology,Consumer Electronics,37676423
IPEX,Inflection Point Acquisition Corp V,NASDAQ,NASDAQ,US,Financial Services,Shell Companies,37633625
WPRT,Westport Fuel Systems Inc.,NASDAQ,NASDAQ,CA,Consumer Cyclical,Auto - Parts,37516508
SCLX,Scilex Holding Company,NASDAQ,NASDAQ,US,Healthcare,Drug Manufacturers - General,37446501
SNT,Senstar Technologies Ltd.,NASDAQ,NASDAQ,CA,Industrials,Security & Protection Services,37330645
XBP,"XBP Global Holdings, Inc.",NASDAQ,NASDAQ,US,Technology,Software - Infrastructure,37304877
BAER,"Bridger Aerospace Group Holdings, Inc. Common Stock",NASDAQ,NASDAQ,US,Industrials,Security & Protection Services,36922673
GROW,"U.S. Global Investors, Inc.",NASDAQ,NASDAQ,US,Financial Services,Asset Management,36896309
MIRA,"MIRA Pharmaceuticals, Inc.",NASDAQ,NASDAQ,US,Healthcare,Drug Manufacturers - General,36622249
PPSI,Pioneer Pow,NASDAQ,NASDAQ,US,Industrials,Electrical Equipment & Parts,36451234
DCGO,DocGo Inc.,NASDAQ,NASDAQ,US,Healthcare,Medical - Care Facilities,36350456
FLX,BingEx Limited,NASDAQ,NASDAQ,CN,Industrials,Integrated Freight & Logistics,36321664
FNUC,Frontier Nuclear and Minerals Inc.,NASDAQ,NASDAQ,CA,Basic Materials,Industrial Materials,36319301
STRR,"Star Equity Holdings, Inc.",NASDAQ,NASDAQ,US,Industrials,Conglomerates,36034928
HBIO,"Harvard Bioscience, Inc.",NASDAQ,NASDAQ,US,Healthcare,Medical - Instruments & Supplies,35901049
VTIX,Virtuix Holdings Inc. Class A Common Stock,NASDAQ,NASDAQ,US,Technology,Computer Hardware,35829031
WIMI,WiMi Hologram Cloud Inc.,NASDAQ,NASDAQ,CN,Technology,Software - Application,35709167
QTI,"QT Imaging Holdings, Inc.",NASDAQ,NASDAQ,US,Healthcare,Medical - Devices,35523770
BCTX,BriaCell Therapeutics Corp.,NASDAQ,NASDAQ,CA,Healthcare,Biotechnology,35495143
GSRVR,GSR V Acquisition Corp.,NASDAQ,NASDAQ,US,Financial Services,Shell Companies,35269790
ARAY,Accuray Incorporated,NASDAQ,NASDAQ,US,Healthcare,Medical - Devices,35153862
ELTX,"Elicio Therapeutics, Inc.",NASDAQ,NASDAQ,US,Healthcare,Biotechnology,35082040
DGNX,Diginex Limited,NASDAQ,NASDAQ,GB,Technology,Software - Application,35066633
ELUT,Elutia Inc,NASDAQ,NASDAQ,US,Healthcare,Biotechnology,34880298
YQ,17 Education & Technology Group Inc.,NASDAQ,NASDAQ,CN,Consumer Defensive,Education & Training Services,34822166
ALGS,"Aligos Therapeutics, Inc.",NASDAQ,NASDAQ,US,Healthcare,Biotechnology,34777808
NFE,New Fortress Energy Inc.,NASDAQ,NASDAQ,US,Energy,Oil & Gas Midstream,34733173
IMMP,Immutep Limited,NASDAQ,NASDAQ,AU,Healthcare,Biotechnology,34706106
MLGO,MicroAlgo Inc.,NASDAQ,NASDAQ,CN,Technology,Software - Infrastructure,34684615
GAIA,"Gaia, Inc.",NASDAQ,NASDAQ,US,Communication Services,Entertainment,34643117
RYOJ,"rYojbaba Co., Ltd. Common Shares",NASDAQ,NASDAQ,JP,Industrials,Consulting Services,34534500
ANGH,Anghami Inc.,NASDAQ,NASDAQ,AE,Communication Services,Entertainment,34439925
FTCI,"FTC Solar, Inc.",NASDAQ,NASDAQ,US,Energy,Solar,34411382
HHS,"Harte Hanks, Inc.",NASDAQ,NASDAQ,US,Industrials,Specialty Business Services,34352146
GRCE,"Grace Therapeutics, Inc.",NASDAQ,NASDAQ,US,Healthcare,Biotechnology,34338195
WAVE,Eco Wave Power Global AB (publ),NASDAQ,NASDAQ,IL,Utilities,Renewable Utilities,34337218
EDSA,"Edesa Biotech, Inc.",NASDAQ,NASDAQ,CA,Healthcare,Biotechnology,34294263
RMTI,"Rockwell Medical, Inc.",NASDAQ,NASDAQ,US,Healthcare,Drug Manufacturers - Specialty & Generic,34260220
GMHS,Gamehaus Holdings Inc.,NASDAQ,NASDAQ,CN,Technology,Electronic Gaming & Multimedia,34168908
BODI,"The Beachbody Company, Inc.",NASDAQ,NASDAQ,US,Communication Services,Internet Content & Information,34108473
MVIS,"MicroVision, Inc.",NASDAQ,NASDAQ,US,Technology,"Hardware, Equipment & Parts",34091000
YOUL,Youlife Group Inc.,NASDAQ,NASDAQ,CN,Consumer Defensive,Education & Training Services,33840514
MCRB,"Seres Therapeutics, Inc.",NASDAQ,NASDAQ,US,Healthcare,Biotechnology,33700076
BDMD,Baird Medical Investment Holdings Limited,NASDAQ,NASDAQ,CN,Healthcare,Medical - Devices,33661488
BZAIW,Blaize Holdings Inc. Wt,NASDAQ,NASDAQ,US,Technology,Semiconductors,33532224
RAVE,"RAVE Restaurant Group, Inc.",NASDAQ,NASDAQ,US,Consumer Cyclical,Restaurants,33397180
JFU,9F Inc.,NASDAQ,NASDAQ,CN,Technology,Information Technology Services,33207024
BOSC,B.O.S. Better Online Solutions Ltd.,NASDAQ,NASDAQ,IL,Technology,Communication Equipment,33204605
UG,"United-Guardian, Inc.",NASDAQ,NASDAQ,US,Consumer Defensive,Household & Personal Products,33170983
YSXT,"YSX Tech. Co., Ltd",NASDAQ,NASDAQ,CN,Industrials,Specialty Business Services,33057256
CREX,"Creative Realities, Inc.",NASDAQ,NASDAQ,US,Technology,Software - Application,32613771
NSPR,"InspireMD, Inc.",NASDAQ,NASDAQ,US,Healthcare,Medical - Devices,32492214
LVLU,"Lulu's Fashion Lounge Holdings, Inc.",NASDAQ,NASDAQ,US,Consumer Cyclical,Apparel - Retail,32457074
TAOX,TAO Synergies Inc.,NASDAQ,NASDAQ,US,Technology,Software - Application,32278742
GFUZW,General Fusion Group Ltd. Warrants,NASDAQ,NASDAQ,CA,Utilities,Renewable Utilities,32085000
MNY,MoneyHero Limited Class A Ordinary Shares,NASDAQ,NASDAQ,SG,Communication Services,Internet Content & Information,31854184
BYSI,BeyondSpring Inc.,NASDAQ,NASDAQ,US,Healthcare,Biotechnology,31797957
XTIA,"XTI Aerospace, Inc.",NASDAQ,NASDAQ,US,Industrials,Aerospace & Defense,31639541
WKHS,Workhorse Group Inc.,NASDAQ,NASDAQ,US,Consumer Cyclical,Auto - Manufacturers,31590860
IPEXU,Inflection Point Acquisition Corp. V,NASDAQ,NASDAQ,US,Financial Services,Shell Companies,31472813
EHLD,Euroholdings Ltd.,NASDAQ,NASDAQ,GR,Industrials,Marine Shipping,31461590
GRML,Greenland Mines Ltd.,NASDAQ,NASDAQ,US,Basic Materials,Other Precious Metals,31234819
PFAI,Pinnacle Food Group Limited Class A Common Shares,NASDAQ,NASDAQ,CA,Industrials,Industrial - Machinery,31219300
NSYS,Nortech Systems Incorporated,NASDAQ,NASDAQ,US,Healthcare,Medical - Devices,31186955
MF,MindForge Inc,NASDAQ,NASDAQ,CN,Technology,Software - Application,31088330
RDAC,Rising Dragon Acquisition Corp.,NASDAQ,NASDAQ,CN,Financial Services,Shell Companies,31064377
AEI,Alset Inc.,NASDAQ,NASDAQ,US,Real Estate,Real Estate - Development,30953302
VTSI,"VirTra, Inc.",NASDAQ,NASDAQ,US,Technology,Software - Application,30641658
YI,"111, Inc.",NASDAQ,NASDAQ,CN,Healthcare,Medical - Distribution,30576186
PC,Premium Catering (Holdings) Limited,NASDAQ,NASDAQ,SG,Consumer Cyclical,Restaurants,30507606
ANPA,Rich Sparkle Holdings Limited,NASDAQ,NASDAQ,HK,Industrials,Specialty Business Services,30505545
DAIO,Data I/O Corporation,NASDAQ,NASDAQ,US,Technology,"Hardware, Equipment & Parts",30484858
FTFT,Future FinTech Group Inc.,NASDAQ,NASDAQ,HK,Technology,Software - Application,30452145
ATYR,"aTyr Pharma, Inc.",NASDAQ,NASDAQ,US,Healthcare,Biotechnology,30170354
CLPS,CLPS Incorporation,NASDAQ,NASDAQ,HK,Technology,Information Technology Services,30140246
CNTY,"Century Casinos, Inc.",NASDAQ,NASDAQ,US,Consumer Cyclical,"Gambling, Resorts & Casinos",30102886
INACU,Indigo Acquisition Corp. Unit,NASDAQ,NASDAQ,US,Financial Services,Shell Companies,30021264
PETS,"PetMed Express, Inc.",NASDAQ,NASDAQ,US,Consumer Cyclical,Specialty Retail,29920632
KLXE,"KLX Energy Services Holdings, Inc.",NASDAQ,NASDAQ,US,Energy,Oil & Gas Equipment & Services,29781956
QTEX,QTREX Quantum Ltd.,NASDAQ,NASDAQ,IL,Technology,Computer Hardware,29703651
EUDA,EUDA Health Holdings Limited,NASDAQ,NASDAQ,SG,Healthcare,Medical - Care Facilities,29698587
ONMD,OneMedNet Corporation,NASDAQ,NASDAQ,US,Healthcare,Medical - Healthcare Information Services,29668913
BAFN,BayFirst Financial Corp.,NASDAQ,NASDAQ,US,Financial Services,Banks - Regional,29610821
FGC,FG Nexus Inc.,NASDAQ,NASDAQ,US,Financial Services,Insurance - Property & Casualty,29375486
BGDE,"Big Digital Energy, Inc.",NASDAQ,NASDAQ,US,Technology,Software - Application,29373050
QUCY,Quantum Cyber N.V.,NASDAQ,NASDAQ,DE,Healthcare,Medical - Diagnostics & Research,29369758
CNTX,Context Therapeutics Inc.,NASDAQ,NASDAQ,US,Healthcare,Biotechnology,29309457
SCYX,"SCYNEXIS, Inc.",NASDAQ,NASDAQ,US,Healthcare,Medical - Pharmaceuticals,29305421
RAND,Rand Capital Corp,NASDAQ,NASDAQ,US,Financial Services,Asset Management,29044781
CVV,CVD Equipment Corporation,NASDAQ,NASDAQ,US,Industrials,Industrial - Machinery,28872522
XOS,"Xos, Inc.",NASDAQ,NASDAQ,US,Consumer Cyclical,Auto - Manufacturers,28759923
SJ,Scienjoy Holding Corporation,NASDAQ,NASDAQ,CN,Communication Services,Internet Content & Information,28743046
CATLR,Catalyst Acquisition Corp. Rights,NASDAQ,NASDAQ,US,Financial Services,Shell Companies,28488600
QRHC,Quest Resource Holding Corporation,NASDAQ,NASDAQ,US,Industrials,Waste Management,28449243
FKWL,Franklin Wireless Corp.,NASDAQ,NASDAQ,US,Technology,Communication Equipment,28223351
ICG,Intchains Group Limited,NASDAQ,NASDAQ,CN,Technology,Computer Hardware,28114360
TVGN,Tevogen Bio Holdings Inc.,NASDAQ,NASDAQ,US,Healthcare,Biotechnology,28108384
FIEE,"FiEE, Inc.",NASDAQ,NASDAQ,HK,Technology,Communication Equipment,28007451
BRLS,Borealis Foods Inc.,NASDAQ,NASDAQ,CA,Consumer Defensive,Packaged Foods,27902298
APWC,Asia Pacific Wire & Cable Corporation Limited,NASDAQ,NASDAQ,TW,Industrials,Electrical Equipment & Parts,27625708
KYNB,"Kyntra Bio, Inc.",NASDAQ,NASDAQ,US,Healthcare,Biotechnology,27486680
FLD,"Fold Holdings, Inc.",NASDAQ,NASDAQ,US,Financial Services,Financial - Capital Markets,27428087
KPTI,Karyopharm Therapeutics Inc.,NASDAQ,NASDAQ,US,Healthcare,Biotechnology,27308846
BLIV,BeLive Holdings,NASDAQ,NASDAQ,SG,Technology,Software - Application,27162005
CRWS,"Crown Crafts, Inc.",NASDAQ,NASDAQ,US,Consumer Cyclical,"Furnishings, Fixtures & Appliances",27115923
AIIO,Robo.ai Inc.,NASDAQ,NASDAQ,AE,Consumer Cyclical,Auto - Manufacturers,27061659
ABVC,"ABVC BioPharma, Inc.",NASDAQ,NASDAQ,US,Healthcare,Biotechnology,27040459
SWAG,"Stran & Company, Inc.",NASDAQ,NASDAQ,US,Communication Services,Advertising Agencies,26841010
GCGRW,General Catalyst Global Resilience Merger Corp.,NASDAQ,NASDAQ,US,Financial Services,Shell Companies,26750750
MDXH,MDxHealth S.A.,NASDAQ,NASDAQ,BE,Healthcare,Medical - Diagnostics & Research,26709550
CRVO,CervoMed Inc.,NASDAQ,NASDAQ,US,Healthcare,Biotechnology,26665111
BLNE,Beeline Holdings Inc.,NASDAQ,NASDAQ,US,Financial Services,Financial - Mortgages,26595787
AAME,Atlantic American Corporation,NASDAQ,NASDAQ,US,Financial Services,Insurance - Life,26516396
RYET,Ruanyun Edai Technology Inc. Ordinary shares,NASDAQ,NASDAQ,CN,Technology,Software - Application,26493402
USDEW,StablecoinX Inc. Warrants,NASDAQ,NASDAQ,US,Technology,Software - Infrastructure,26368088
VAI,Valor Energy Inc.,NASDAQ,NASDAQ,CN,Financial Services,Financial - Credit Services,26130713
MRNO,Murano Global Investments PLC Ordinary Shares,NASDAQ,NASDAQ,GB,Real Estate,Real Estate - Development,26107917
AIFA,All In FutureTech Alliance Inc.,NASDAQ,NASDAQ,US,Technology,Software - Infrastructure,25765185
BBGI,"Beasley Broadcast Group, Inc.",NASDAQ,NASDAQ,US,Communication Services,Broadcasting,25633526
IQMXW,IQM Quantum Computers Oyj,NASDAQ,NASDAQ,FI,Technology,Computer Hardware,25625844
BHST,BioHarvest Sciences Inc.,NASDAQ,NASDAQ,CA,Industrials,Agricultural - Commodities/Milling,25471719
LVO,"LiveOne, Inc.",NASDAQ,NASDAQ,US,Communication Services,Internet Content & Information,25264302
DXLG,"Destination XL Group, Inc.",NASDAQ,NASDAQ,US,Consumer Cyclical,Apparel - Retail,25259803
ASPC,A SPAC III Acquisition Corp.,NASDAQ,NASDAQ,HK,Financial Services,Shell Companies,25245875
JONER,Jones Ventures INTL Acquisition1 Corp Rights,NASDAQ,NASDAQ,US,Financial Services,Financial - Conglomerates,25231768
DRK,DarkHorse Technologies Inc.,NASDAQ,NASDAQ,US,Technology,Information Technology Services,25156930
AWRE,"Aware, Inc.",NASDAQ,NASDAQ,US,Technology,Software - Application,24892989
BEEM,Beam Global,NASDAQ,NASDAQ,US,Energy,Solar,24865792
NOMA,Nomadar Corp.,NASDAQ,NASDAQ,US,Consumer Cyclical,Leisure,24851993
ASTI,"Ascent Solar Technologies, Inc. Common Stock",NASDAQ,NASDAQ,US,Energy,Solar,24695525
OIO,OIO Group,NASDAQ,NASDAQ,SG,Industrials,Waste Management,24671580
MSGM,Motorsport Games Inc.,NASDAQ,NASDAQ,US,Technology,Electronic Gaming & Multimedia,24556047
QNTM,Quantum BioPharma Ltd.,NASDAQ,NASDAQ,CA,Healthcare,Biotechnology,24442671
NXPL,NextPlat Corp,NASDAQ,NASDAQ,US,Technology,Software - Application,24376563
REFR,Research Frontiers Incorporated,NASDAQ,NASDAQ,US,Technology,"Hardware, Equipment & Parts",24362122
PAVM,PAVmed Inc.,NASDAQ,NASDAQ,US,Healthcare,Medical - Devices,24351485
MDBH,"MDB Capital Holdings, LLC Class A common",NASDAQ,NASDAQ,US,Financial Services,Financial - Capital Markets,24318018
NWGL,CL Workshop Group Limited,NASDAQ,NASDAQ,CN,Basic Materials,"Paper, Lumber & Forest Products",24167618
USEA,United Maritime Corporation,NASDAQ,NASDAQ,GR,Industrials,Marine Shipping,24036110
AIFF,"Firefly Neuroscience, Inc.",NASDAQ,NASDAQ,US,Technology,Software - Application,23964782
LIVE,Live Ventures Incorporated,NASDAQ,NASDAQ,US,Consumer Cyclical,Home Improvement,23651751
AYTU,"Aytu BioPharma, Inc.",NASDAQ,NASDAQ,US,Healthcare,Drug Manufacturers - Specialty & Generic,23613040
TXMD,"TherapeuticsMD, Inc.",NASDAQ,NASDAQ,US,Healthcare,Drug Manufacturers - Specialty & Generic,23611698
CLIR,ClearSign Technologies Corporation,NASDAQ,NASDAQ,US,Industrials,Industrial - Pollution & Treatment Controls,23526807
ORIO,Orion Digital Corp.,NASDAQ,NASDAQ,CA,Technology,Software - Infrastructure,23416904
GRDX,GridAI Technologies Corp.,NASDAQ,NASDAQ,GB,Healthcare,Biotechnology,23247461
BLRKW,Bluerock Acquisition Corp. Warrants,NASDAQ,NASDAQ,US,Financial Services,Shell Companies,23239896
COSM,Cosmos Health Inc.,NASDAQ,NASDAQ,GR,Healthcare,Medical - Pharmaceuticals,22903509
VIP,Vulcan Infrastructure and Power Inc. Class A,NASDAQ,NASDAQ,US,Technology,Software - Application,22881042
EHTH,"eHealth, Inc.",NASDAQ,NASDAQ,US,Financial Services,Insurance - Brokers,22818605
KTCC,Key Tronic Corporation,NASDAQ,NASDAQ,US,Technology,Computer Hardware,22804465
JVA,"Coffee Holding Co., Inc.",NASDAQ,NASDAQ,US,Consumer Defensive,Packaged Foods,22606052
UTSI,UTStarcom Holdings Corp.,NASDAQ,NASDAQ,CN,Technology,Communication Equipment,22311159
GTEC,Greenland Technologies Holding Corporation,NASDAQ,NASDAQ,US,Industrials,Industrial - Machinery,22298815
KMRK,K-Tech Solutions Company Limited,NASDAQ,NASDAQ,HK,Consumer Cyclical,Leisure,22255591
RNTX,Rein Therapeutics Inc.,NASDAQ,NASDAQ,US,Healthcare,Biotechnology,22085219
FACWW,Factorial Energy Inc.,NASDAQ,NASDAQ,US,Financial Services,Financial - Conglomerates,22080000
GUACW,Berto Acquisition Corp. II,NASDAQ,NASDAQ,US,Financial Services,Shell Companies,22057000
KBONW,Karbon Capital Partners Corp.,NASDAQ,NASDAQ,US,Financial Services,Financial - Conglomerates,21941800
BIOX,Bioceres Crop Solutions Corp.,NASDAQ,NASDAQ,AR,Basic Materials,Agricultural Inputs,21845343
PSHG,Performance Shipping Inc.,NASDAQ,NASDAQ,GR,Industrials,Marine Shipping,21818437
KDKRW,"Kodiak AI, Inc. Warrants",NASDAQ,NASDAQ,US,Consumer Cyclical,Auto - Parts,21650899
KPLT,"Katapult Holdings, Inc.",NASDAQ,NASDAQ,US,Technology,Software - Infrastructure,21633363
MERC,Mercer International Inc.,NASDAQ,NASDAQ,CA,Basic Materials,"Paper, Lumber & Forest Products",21487988
PIII,P3 Health Partners Inc.,NASDAQ,NASDAQ,US,Healthcare,Medical - Care Facilities,21425047
HOLO,MicroCloud Hologram Inc.,NASDAQ,NASDAQ,CN,Technology,Software - Application,21279930
LOOP,"Loop Industries, Inc.",NASDAQ,NASDAQ,CA,Basic Materials,Chemicals - Specialty,21137384
GRAN,Grande Group Limited Class A Ordinary Shares,NASDAQ,NASDAQ,HK,Financial Services,Financial - Capital Markets,20888872
GIFT,"Giftify, Inc.",NASDAQ,NASDAQ,US,Technology,Software - Services,20806917
EVAX,Evaxion Biotech A/S,NASDAQ,NASDAQ,DK,Healthcare,Biotechnology,20655190
TLF,"Tandy Leather Factory, Inc.",NASDAQ,NASDAQ,US,Consumer Cyclical,Specialty Retail,20521794
AIXC,"AIxCrypto Holdings, Inc.",NASDAQ,NASDAQ,US,Technology,Software - Infrastructure,20437342
BEAT,"HeartBeam, Inc.",NASDAQ,NASDAQ,US,Healthcare,Medical - Specialties,20420965
MNDO,MIND C.T.I. Ltd,NASDAQ,NASDAQ,IL,Technology,Software - Application,20372800
QNME,"Quanome Technologies, Inc.",NASDAQ,NASDAQ,US,Industrials,"Airlines, Airports & Air Services",20198649
TGHL,Growhub Ltd,NASDAQ,NASDAQ,SG,Technology,Software - Infrastructure,20024801
BNR,Burning Rock Biotech Limited,NASDAQ,NASDAQ,CN,Healthcare,Medical - Diagnostics & Research,20019485
MWYN,"Marwynn Holdings, Inc. Common stock",NASDAQ,NASDAQ,US,Consumer Cyclical,Home Improvement,19994874
CTRM,Castor Maritime Inc.,NASDAQ,NASDAQ,CY,Industrials,Marine Shipping,19904449
BNGO,"Bionano Genomics, Inc.",NASDAQ,NASDAQ,US,Healthcare,Medical - Instruments & Supplies,19851750
ATOS,"Atossa Therapeutics, Inc.",NASDAQ,NASDAQ,US,Healthcare,Biotechnology,19850250
TRSG,Tungray Technologies Inc Class A Ordinary Shares,NASDAQ,NASDAQ,SG,Industrials,Manufacturing - Metal Fabrication,19792015
ESLA,"Estrella Immunopharma, Inc.",NASDAQ,NASDAQ,US,Healthcare,Biotechnology,19630271
PMEC,Primech Holdings Ltd. Ordinary Shares,NASDAQ,NASDAQ,SG,Industrials,Specialty Business Services,19593173
SPPL,Simpple Ltd.,NASDAQ,NASDAQ,SG,Technology,Software - Application,19572366
BMR,Beamr Imaging Ltd.,NASDAQ,NASDAQ,IL,Technology,Software - Application,19412318
TCRX,"TScan Therapeutics, Inc.",NASDAQ,NASDAQ,US,Healthcare,Biotechnology,19391068
NEUP,Neuphoria Therapeutics Inc.,NASDAQ,NASDAQ,US,Healthcare,Biotechnology,19294247
BCG,"Binah Capital Group, Inc.",NASDAQ,NASDAQ,US,Financial Services,Asset Management,19247565
LEDS,SemiLEDs Corporation,NASDAQ,NASDAQ,TW,Technology,Semiconductors,19111554
RECT,Rectitude Holdings Ltd Ordinary Shares,NASDAQ,NASDAQ,SG,Industrials,Industrial - Distribution,18705000
TOUR,Tuniu Corporation,NASDAQ,NASDAQ,CN,Consumer Cyclical,Travel Services,18617990
HTCO,High-Trend International Group,NASDAQ,NASDAQ,SG,Industrials,Marine Shipping,18552653
CCHH,CCH Holdings Ltd Ordinary Shares,NASDAQ,NASDAQ,MY,Consumer Cyclical,Restaurants,18465625
MRKR,"Marker Therapeutics, Inc.",NASDAQ,NASDAQ,US,Healthcare,Biotechnology,18340410
EXYN,"Exyn Technologies, Inc.",NASDAQ,NASDAQ,US,Technology,Software - Infrastructure,18055482
SNAL,"Snail, Inc. Class A Common Stock",NASDAQ,NASDAQ,US,Technology,Electronic Gaming & Multimedia,18042734
CCG,Cheche Group Inc.,NASDAQ,NASDAQ,CN,Technology,Software - Application,17979039
FOXX,Foxx Development Holdings Inc.,NASDAQ,NASDAQ,US,Technology,Consumer Electronics,17905751
ESYN,EnerSyn Global Inc.,NASDAQ,NASDAQ,US,Consumer Cyclical,Restaurants,17894950
LPCN,Lipocine Inc.,NASDAQ,NASDAQ,US,Healthcare,Biotechnology,17807578
ARCIW,Archimedes Tech SPAC Partners III Co. Warrant,NASDAQ,NASDAQ,US,Financial Services,Financial - Conglomerates,17631000
CDLX,"Cardlytics, Inc.",NASDAQ,NASDAQ,US,Communication Services,Advertising Agencies,17539737
NXTC,"NextCure, Inc.",NASDAQ,NASDAQ,US,Healthcare,Biotechnology,17500605
IDAI,T Stamp Inc.,NASDAQ,NASDAQ,US,Technology,Software - Application,17281976
EFOI,"Energy Focus, Inc.",NASDAQ,NASDAQ,US,Consumer Cyclical,"Furnishings, Fixtures & Appliances",17260589
JL,J-Long Group Limited,NASDAQ,NASDAQ,HK,Consumer Cyclical,Apparel - Manufacturers,17137177
DSY,Big Tree Cloud Holdings Limited,NASDAQ,NASDAQ,CN,Consumer Defensive,Household & Personal Products,17059220
DYAI,"Dyadic International, Inc.",NASDAQ,NASDAQ,US,Healthcare,Biotechnology,16980434
TLIH,Ten-League International Holdings Limited Ordinary Shares,NASDAQ,NASDAQ,SG,Industrials,Industrial - Distribution,16760480
EDTK,Skillful Craftsman Education Technology Limited,NASDAQ,NASDAQ,CN,Consumer Defensive,Education & Training Services,16725924
INTZ,Intrusion Inc.,NASDAQ,NASDAQ,US,Technology,Software - Infrastructure,16719623
LHAI,Linkhome Holdings Inc.,NASDAQ,NASDAQ,US,Real Estate,Real Estate - Services,16695300
EPSM,Epsium Enterprise Limited Ordinary Shares,NASDAQ,NASDAQ,CN,Consumer Defensive,Beverages - Wineries & Distilleries,16644562
FTHM,Fathom Holdings Inc.,NASDAQ,NASDAQ,US,Real Estate,Real Estate - Services,16523092
ACTU,Actuate Therapeutics Inc,NASDAQ,NASDAQ,US,Healthcare,Biotechnology,16413134
KTTA,Pasithea Therapeutics Corp.,NASDAQ,NASDAQ,US,Healthcare,Biotechnology,16373079
ARKR,Ark Restaurants Corp.,NASDAQ,NASDAQ,US,Consumer Cyclical,Restaurants,16335891
RKTO,Rocket One Inc.,NASDAQ,NASDAQ,US,Technology,Software - Infrastructure,16328781
MGIH,Millennium Group International Holdings Limited,NASDAQ,NASDAQ,HK,Consumer Cyclical,Packaging & Containers,16312500
PTN,"Palatin Technologies, Inc.",NASDAQ,NASDAQ,US,Healthcare,Biotechnology,16226988
PRZO,ParaZero Technologies Ltd.,NASDAQ,NASDAQ,IL,Industrials,Aerospace & Defense,16223508
IPM,Intelligent Protection Management Corp.,NASDAQ,NASDAQ,US,Technology,Software - Application,16174858
FUSE,Fusemachines Inc.,NASDAQ,NASDAQ,US,Technology,Software - Application,16101793
ARTW,"Art's-Way Manufacturing Co., Inc.",NASDAQ,NASDAQ,US,Industrials,Agricultural - Machinery,16098290
KSCP,"Knightscope, Inc.",NASDAQ,NASDAQ,US,Industrials,Security & Protection Services,16085979
PMTRW,Perimeter Acquisition Corp. I Warrant,NASDAQ,NASDAQ,US,Financial Services,Shell Companies,16082454
BNKK,"Bonk, Inc.",NASDAQ,NASDAQ,US,Consumer Defensive,Beverages - Non-Alcoholic,16081889
FOFO,"Hang Feng Technology Innovation Co., Ltd. Ordinary Shares",NASDAQ,NASDAQ,HK,Industrials,Consulting Services,16050685
SCAG,Scage Future,NASDAQ,NASDAQ,CN,Consumer Cyclical,Auto - Manufacturers,16039475
ONEG,OneConstruction Group Limited,NASDAQ,NASDAQ,HK,Industrials,Engineering & Construction,16000000
SVAQW,Silicon Valley Acquisition Corp. Warrants,NASDAQ,NASDAQ,US,Financial Services,Shell Companies,15940480
MODD,"Modular Medical, Inc.",NASDAQ,NASDAQ,US,Healthcare,Medical - Devices,15894105
DSC,DSC Holdings Ltd.,NASDAQ,NASDAQ,CN,Technology,Software - Application,15870000
OPAD,Offerpad Solutions Inc.,NASDAQ,NASDAQ,US,Real Estate,Real Estate - Services,15803093
KZIA,Kazia Therapeutics Ltd ADR,NASDAQ,NASDAQ,AU,Healthcare,Biotechnology,15792962
AZIO,"Azio AI Holdings, Inc.",NASDAQ,NASDAQ,US,Technology,Software - Infrastructure,15646147
GRNQ,Greenpro Capital Corp.,NASDAQ,NASDAQ,MY,Industrials,Consulting Services,15626043
GTIM,Good Times Restaurants Inc.,NASDAQ,NASDAQ,US,Consumer Cyclical,Restaurants,15625686
VHCPW,Vine Hill Capital Investment Corp. II,NASDAQ,NASDAQ,US,Financial Services,Financial - Conglomerates,15587044
MFI,mF International Limited,NASDAQ,NASDAQ,HK,Technology,Software - Application,15569729
LRE,"Lead Real Estate Co., Ltd American Depositary Shares",NASDAQ,NASDAQ,JP,Real Estate,Real Estate - Development,15551766
ATTT,Atlas Trinity Tech Limited,NASDAQ,NASDAQ,HK,Consumer Cyclical,"Furnishings, Fixtures & Appliances",15509322
COCP,"Cocrystal Pharma, Inc.",NASDAQ,NASDAQ,US,Healthcare,Biotechnology,15442000
UFG,Uni-Fuels Holdings Limited,NASDAQ,NASDAQ,SG,Industrials,Marine Shipping,15412560
OPTH,Optimi Health Corp.,NASDAQ,NASDAQ,CA,Healthcare,Drug Manufacturers - Specialty & Generic,15392924
ALLR,"Allarity Therapeutics, Inc.",NASDAQ,NASDAQ,US,Healthcare,Biotechnology,15355440
BCDA,"BioCardia, Inc.",NASDAQ,NASDAQ,US,Healthcare,Biotechnology,15330829
GSIW,Garden Stage Limited,NASDAQ,NASDAQ,HK,Financial Services,Financial - Capital Markets,15254222
FABC,"Fabric.AI, Inc.",NASDAQ,NASDAQ,US,Technology,Semiconductors,15237454
CTXR,"Citius Pharmaceuticals, Inc.",NASDAQ,NASDAQ,US,Healthcare,Biotechnology,15222450
GIGM,GigaMedia Limited,NASDAQ,NASDAQ,US,Technology,Electronic Gaming & Multimedia,15214507
HCMAW,HCM III Acquisition Corp.,NASDAQ,NASDAQ,US,Financial Services,Financial - Conglomerates,15180000
OBX,Obsidian Therapeutics Inc.,NASDAQ,NASDAQ,US,Healthcare,Biotechnology,15164950
ASTC,Astrotech Corporation,NASDAQ,NASDAQ,US,Industrials,Aerospace & Defense,15118101
NEON,Neonode Inc.,NASDAQ,NASDAQ,SE,Technology,"Hardware, Equipment & Parts",15104630
FGI,FGI Industries Ltd.,NASDAQ,NASDAQ,US,Consumer Cyclical,"Furnishings, Fixtures & Appliances",15054257
PSIG,PS International Group Ltd.,NASDAQ,NASDAQ,HK,Industrials,Integrated Freight & Logistics,14939498
ALISU,Calisa Acquisition Corp Units,NASDAQ,NASDAQ,US,Financial Services,Shell Companies,14901940
PASG,"Passage Bio, Inc.",NASDAQ,NASDAQ,US,Healthcare,Biotechnology,14875310
MDAIW,"Spectral AI, Inc.",NASDAQ,NASDAQ,US,Healthcare,Medical - Specialties,14808272
HODO,House of Doge Inc.,NASDAQ,NASDAQ,US,Technology,Software - Application,14799396
ZJYL,Jin Medical International Ltd.,NASDAQ,NASDAQ,CN,Healthcare,Medical - Instruments & Supplies,14715478
BIRD,"Smartbird, Inc",NASDAQ,NASDAQ,US,Consumer Cyclical,Apparel - Footwear & Accessories,14683095
MTEX,"Mannatech, Incorporated",NASDAQ,NASDAQ,US,Consumer Defensive,Food Distribution,14665492
CLRB,"Cellectar Biosciences, Inc.",NASDAQ,NASDAQ,US,Healthcare,Biotechnology,14541800
LIQT,"LiqTech International, Inc.",NASDAQ,NASDAQ,DK,Industrials,Industrial - Pollution & Treatment Controls,14520114
HTOO,Fusion Fuel Green PLC,NASDAQ,NASDAQ,IE,Utilities,Renewable Utilities,14376955
INHD,Inno Holdings Inc.,NASDAQ,NASDAQ,HK,Technology,"Hardware, Equipment & Parts",14330613
YXT,YXT.COM Group Holding Limited,NASDAQ,NASDAQ,CN,Technology,Software - Application,14304638
PLSM,Pulsenmore Ltd. Ordinary Shares,NASDAQ,NASDAQ,IL,Healthcare,Medical - Devices,14241220
COOT,Australian Oilseeds Holdings Limited Ordinary Shares,NASDAQ,NASDAQ,AU,Consumer Defensive,Packaged Foods,14234477
LKSPR,Lake Superior Acquisition Corp. – Rights,NASDAQ,NASDAQ,US,Financial Services,Shell Companies,14232000
DLPN,Dolphin Entertainment Inc.,NASDAQ,NASDAQ,US,Communication Services,Advertising Agencies,14188825
HIND,"Vyome Holdings, Inc.",NASDAQ,NASDAQ,US,Healthcare,Biotechnology,14177431
PBK,PowerBank Corporation Common Stock,NASDAQ,NASDAQ,CA,Utilities,Renewable Utilities,14039556
BFRI,Biofrontera Inc.,NASDAQ,NASDAQ,US,Healthcare,Medical - Pharmaceuticals,13955645
PETZ,"TDH Holdings, Inc.",NASDAQ,NASDAQ,CN,Real Estate,Real Estate - Services,13936412
TULP,Bloomia Holdings Inc.,NASDAQ,NASDAQ,US,Communication Services,Advertising Agencies,13888141
LTRN,Lantern Pharma Inc.,NASDAQ,NASDAQ,US,Healthcare,Biotechnology,13843673
LONA,"LeonaBio, Inc.",NASDAQ,NASDAQ,US,Healthcare,Biotechnology,13843535
BRFH,Barfresh Food Group Inc.,NASDAQ,NASDAQ,US,Consumer Defensive,Beverages - Non-Alcoholic,13721976
MDRR,"Medalist Diversified REIT, Inc.",NASDAQ,NASDAQ,US,Real Estate,REIT - Diversified,13630782
EBON,Ebang International Holdings Inc.,NASDAQ,NASDAQ,US,Technology,Computer Hardware,13513129
NXXT,NextNRG Inc.,NASDAQ,NASDAQ,US,Utilities,Renewable Utilities,13508358
GNTA,Genenta Science S.p.A.,NASDAQ,NASDAQ,IT,Industrials,Aerospace & Defense,13463796
LSTA,"Lisata Therapeutics, Inc.",NASDAQ,NASDAQ,US,Healthcare,Biotechnology,13386393
PONOR,"Pono Capital Four, Inc. Rights",NASDAQ,NASDAQ,KY,Financial Services,Shell Companies,13383096
VTGN,"VistaGen Therapeutics, Inc.",NASDAQ,NASDAQ,US,Healthcare,Biotechnology,13224316
NTRP,"NextTrip, Inc.",NASDAQ,NASDAQ,US,Consumer Cyclical,Travel Services,13212738
RPGL,Republic Power Group Limited,NASDAQ,NASDAQ,SG,Technology,Software - Application,13071432
AACG,ATA Creativity Global,NASDAQ,NASDAQ,CN,Consumer Defensive,Education & Training Services,13031932
SVIAW,"Silvia, Inc.",NASDAQ,NASDAQ,US,Financial Services,Financial - Capital Markets,13028092
TPST,"Tempest Therapeutics, Inc.",NASDAQ,NASDAQ,US,Healthcare,Biotechnology,12948108
LNZA,"LanzaTech Global, Inc.",NASDAQ,NASDAQ,US,Industrials,Waste Management,12945802
PRHI,"Presurance Holdings, Inc.",NASDAQ,NASDAQ,US,Financial Services,Insurance - Property & Casualty,12909711
SINT,"Sintx Technologies, Inc.",NASDAQ,NASDAQ,US,Healthcare,Medical - Devices,12905987
ALAR,Alarum Technologies Ltd.,NASDAQ,NASDAQ,IL,Technology,Information Technology Services,12860453
CNSY,"Cerenome, Inc.",NASDAQ,NASDAQ,US,Healthcare,Medical - Pharmaceuticals,12802585
DOGZ,Dogness (International) Corporation,NASDAQ,NASDAQ,CN,Consumer Cyclical,Leisure,12776633
NUR,Nuran Wireless Inc,NASDAQ,NASDAQ,CA,Technology,Communication Equipment,12709169
RCT,RedCloud Holdings plc,NASDAQ,NASDAQ,GB,Technology,Software - Application,12684604
CTSO,Cytosorbents Corporation,NASDAQ,NASDAQ,US,Healthcare,Medical - Devices,12568540
INAB,"IN8bio, Inc.",NASDAQ,NASDAQ,US,Healthcare,Biotechnology,12418612
VLOSW,Velos Acquisition I Corp. Wt,NASDAQ,NASDAQ,US,Financial Services,Financial - Conglomerates,12362500
BTLN,"Brightline Interactive, Inc.",NASDAQ,NASDAQ,US,Technology,Software - Application,12341193
ICMB,"Investcorp Credit Management BDC, Inc.",NASDAQ,NASDAQ,US,Financial Services,Asset Management,12269044
REBN,"Reborn Coffee, Inc.",NASDAQ,NASDAQ,US,Consumer Cyclical,Restaurants,12238046
DARE,"Dare Bioscience, Inc.",NASDAQ,NASDAQ,US,Healthcare,Biotechnology,12208700
CLRO,"ClearOne, Inc.",NASDAQ,NASDAQ,US,Technology,Communication Equipment,12199879
WETH,Wetouch Technology Inc.,NASDAQ,NASDAQ,CN,Technology,"Hardware, Equipment & Parts",12170165
CETY,"Clean Energy Technologies, Inc.",NASDAQ,NASDAQ,US,Industrials,Industrial - Machinery,12166106
UCL,uCloudlink Group Inc.,NASDAQ,NASDAQ,HK,Communication Services,Telecommunications Services,12164660
ZEO,Zeo Energy Corp.,NASDAQ,NASDAQ,US,Energy,Solar,12092630
QH,Quhuo Limited,NASDAQ,NASDAQ,CN,Technology,Software - Application,12063173
BFRG,"Bullfrog AI Holdings, Inc. Common Stock",NASDAQ,NASDAQ,US,Healthcare,Medical - Healthcare Information Services,12013134
YMT,Yimutian Inc.,NASDAQ,NASDAQ,CN,Technology,Software - Application,12012826
TVRD,"Tvardi Therapeutics, Inc.",NASDAQ,NASDAQ,US,Healthcare,Biotechnology,12008120
SKYQ,Sky Quarry Inc.,NASDAQ,NASDAQ,US,Energy,Oil & Gas Integrated,11986615
DUKR,DUKE Robotics Corp.,NASDAQ,NASDAQ,IL,Industrials,Aerospace & Defense,11971402
PHIO,Phio Pharmaceuticals Corp.,NASDAQ,NASDAQ,US,Healthcare,Biotechnology,11965768
SLGB,Smart Logistics Global Limited Ordinary Shares,NASDAQ,NASDAQ,HK,Industrials,Integrated Freight & Logistics,11958300
SMSI,"Smith Micro Software, Inc.",NASDAQ,NASDAQ,US,Technology,Software - Application,11955902
WFF,WF Holding Limited,NASDAQ,NASDAQ,MY,Industrials,Manufacturing - Textiles,11839342
HPAI,Helport AI Limited,NASDAQ,NASDAQ,SG,Technology,Software - Application,11821130
PLRZ,Polyrizon Ltd.,NASDAQ,NASDAQ,IL,Healthcare,Biotechnology,11751003
VBIO,"Valion Bio, Inc.",NASDAQ,NASDAQ,US,Healthcare,Biotechnology,11720202
CJMB,Callan JMB Inc. ,NASDAQ,NASDAQ,US,Industrials,Integrated Freight & Logistics,11658137
BIVI,BioVie Inc.,NASDAQ,NASDAQ,US,Healthcare,Biotechnology,11615201
SAAQW,Space Asset Acquisition Corp. Warrants,NASDAQ,NASDAQ,US,Financial Services,Financial - Conglomerates,11586050
KPRX,"Kiora Pharmaceuticals, Inc.",NASDAQ,NASDAQ,US,Healthcare,Biotechnology,11523044
ZTG,Zenta Group Company Limited Class A Ordinary Shares,NASDAQ,NASDAQ,MO,Industrials,Consulting Services,11513167
BTBD,"BT Brands, Inc.",NASDAQ,NASDAQ,US,Consumer Cyclical,Restaurants,11441732
IACOW,Idea Acquisition Corp. Warrants,NASDAQ,NASDAQ,US,Financial Services,Financial - Credit Services,11375000
GLE,Global Engine Group Holding Limited Ordinary Shares,NASDAQ,NASDAQ,HK,Technology,Information Technology Services,11309420
SEED,Origin Agritech Limited,NASDAQ,NASDAQ,CN,Basic Materials,Agricultural Inputs,11304787
LFWD,Lifeward Ltd.,NASDAQ,NASDAQ,IL,Healthcare,Medical - Devices,11132017
AKTX,"Akari Therapeutics, Plc",NASDAQ,NASDAQ,US,Healthcare,Biotechnology,11125386
EDUC,Educational Development Corporation,NASDAQ,NASDAQ,US,Communication Services,Publishing,11125078
STAK,STAK Inc. Ordinary Shares,NASDAQ,NASDAQ,CN,Energy,Oil & Gas Equipment & Services,11111487
CABR,"Caring Brands, Inc.",NASDAQ,NASDAQ,US,Healthcare,Drug Manufacturers - Specialty & Generic,11091637
MSLE,Satellos Bioscience Inc.,NASDAQ,NASDAQ,CA,Healthcare,Biotechnology,11078898
ANNAW,"AleAnna, Inc.",NASDAQ,NASDAQ,US,Energy,Oil & Gas Exploration & Production,11053800
DFLI,Dragonfly Energy Holdings Corp.,NASDAQ,NASDAQ,US,Industrials,Electrical Equipment & Parts,11023755
GYGY,Game Your Game Inc.,NASDAQ,NASDAQ,US,Technology,Software - Application,11013000
GIXI,Gix Internet Ltd.,NASDAQ,NASDAQ,IL,Communication Services,Advertising Agencies,11003725
IRIX,IRIDEX Corporation,NASDAQ,NASDAQ,US,Healthcare,Medical - Devices,10990200
ALOVW,"Aldabra 4 Liquidity Opportunity Vehicle, Inc. Warrants",NASDAQ,NASDAQ,US,Financial Services,Financial - Conglomerates,10955475
SAGT,SAGTEC GLOBAL Ltd,NASDAQ,NASDAQ,MY,Technology,Software - Application,10942050
MTVA,MetaVia Inc.,NASDAQ,NASDAQ,US,Healthcare,Biotechnology,10936248
BTOC,Armlogi Holding Corp. common stock,NASDAQ,NASDAQ,US,Industrials,Integrated Freight & Logistics,10924516
ADIL,"Adial Pharmaceuticals, Inc.",NASDAQ,NASDAQ,US,Healthcare,Biotechnology,10897444
PLUR,Pluri Inc.,NASDAQ,NASDAQ,IL,Healthcare,Biotechnology,10886606
SCNX,"Scienture Holdings, Inc.",NASDAQ,NASDAQ,US,Healthcare,Medical - Pharmaceuticals,10832171
SDOT,Sadot Group Inc.,NASDAQ,NASDAQ,US,Consumer Defensive,Agricultural Farm Products,10823781
ZKIN,"ZK International Group Co., Ltd.",NASDAQ,NASDAQ,CN,Basic Materials,Steel,10786452
TOMZ,"TOMI Environmental Solutions, Inc.",NASDAQ,NASDAQ,US,Industrials,Industrial - Pollution & Treatment Controls,10703214
VRME,"VerifyMe, Inc.",NASDAQ,NASDAQ,US,Industrials,Security & Protection Services,10678923
SMXT,Solarmax Technology Inc. Common Stock,NASDAQ,NASDAQ,US,Energy,Solar,10669982
UONE,"Urban One, Inc.",NASDAQ,NASDAQ,US,Communication Services,Broadcasting,10532937
GDTC,CytoMed Therapeutics Limited,NASDAQ,NASDAQ,SG,Healthcare,Biotechnology,10519390
BTCT,BTC Digital Ltd.,NASDAQ,NASDAQ,SG,Technology,Computer Hardware,10468678
NIPG,NIP Group Inc.,NASDAQ,NASDAQ,SE,Communication Services,Entertainment,10370076
GYRO,"Gyrodyne, LLC",NASDAQ,NASDAQ,US,Real Estate,Real Estate - Services,10358741
BRTMW,B&R Technology Merger Corp.,NASDAQ,NASDAQ,US,Financial Services,Financial - Conglomerates,10357819
HUDI,"Huadi International Group Co., Ltd.",NASDAQ,NASDAQ,CN,Basic Materials,Steel,10293981
OXBR,Oxbridge Re Holdings Limited,NASDAQ,NASDAQ,KY,Financial Services,Insurance - Reinsurance,10288745
BLRX,BioLineRx Ltd.,NASDAQ,NASDAQ,IL,Healthcare,Biotechnology,10269203
JCTC,Jewett-Cameron Trading Company Ltd.,NASDAQ,NASDAQ,US,Basic Materials,"Paper, Lumber & Forest Products",10243529
CLWT,Euro Tech Holdings Company Limited,NASDAQ,NASDAQ,HK,Industrials,Industrial - Pollution & Treatment Controls,10227820
BLIN,"Bridgeline Digital, Inc.",NASDAQ,NASDAQ,US,Technology,Software - Infrastructure,10213462
JSPR,"Jasper Therapeutics, Inc.",NASDAQ,NASDAQ,US,Healthcare,Biotechnology,10164357
OST,"Ostin Technology Group Co., Ltd.",NASDAQ,NASDAQ,CN,Technology,"Hardware, Equipment & Parts",10108844
ICU,SeaStar Medical Holding Corporation,NASDAQ,NASDAQ,US,Healthcare,Biotechnology,10103081
RREVW,RRE Ventures Acquisition Corp. Warrants,NASDAQ,NASDAQ,US,Financial Services,Financial - Conglomerates,10000000
ARAI,Arrive AI Inc.,NASDAQ,NASDAQ,US,Technology,Software - Application,9990180
PDC,Perpetuals.com Ltd,NASDAQ,NASDAQ,JP,Technology,Software - Application,9980908
NHIVW,NewHold Investment Corp IV Warrants,NASDAQ,NASDAQ,US,Financial Services,Financial - Conglomerates,9969877
CMMB,Chemomab Therapeutics Ltd.,NASDAQ,NASDAQ,IL,Healthcare,Biotechnology,9909738
HCTI,"Healthcare Triangle, Inc.",NASDAQ,NASDAQ,US,Healthcare,Medical - Healthcare Information Services,9905514
MDCX,Medicus Pharma Ltd. Common Stock,NASDAQ,NASDAQ,CA,Healthcare,Biotechnology,9894084
PRPL,"Purple Innovation, Inc.",NASDAQ,NASDAQ,US,Consumer Cyclical,"Furnishings, Fixtures & Appliances",9837848
BANL,CBL International Limited,NASDAQ,NASDAQ,MY,Energy,Oil & Gas Midstream,9836647
QNRX,"Quoin Pharmaceuticals, Ltd.",NASDAQ,NASDAQ,US,Healthcare,Biotechnology,9799430
TANH,Tantech Holdings Ltd,NASDAQ,NASDAQ,CN,Consumer Defensive,Household & Personal Products,9760985
KALA,"KALA BIO, Inc.",NASDAQ,NASDAQ,US,Healthcare,Biotechnology,9733721
CENN,Cenntro Electric Group Limited,NASDAQ,NASDAQ,US,Consumer Cyclical,Auto - Manufacturers,9702985
CYN,Cyngn Inc.,NASDAQ,NASDAQ,US,Technology,Software - Application,9699983
FLUX,"Flux Power Holdings, Inc.",NASDAQ,NASDAQ,US,Industrials,Electrical Equipment & Parts,9642536
MEDS,"DataMEDS AI, Inc.",NASDAQ,NASDAQ,US,Healthcare,Medical - Distribution,9628451
MSAI,"MultiSensor AI Holdings, Inc.",NASDAQ,NASDAQ,US,Technology,Software - Infrastructure,9592312
SNTI,"Senti Biosciences, Inc.",NASDAQ,NASDAQ,US,Healthcare,Biotechnology,9577012
NCPL,Netcapital Inc.,NASDAQ,NASDAQ,US,Financial Services,Financial - Capital Markets,9574437
SLE,"Super League Enterprise, Inc.",NASDAQ,NASDAQ,US,Communication Services,Internet Content & Information,9560477
FRTT,Fort Technology Inc. Common Shares,NASDAQ,NASDAQ,CA,Consumer Cyclical,Specialty Retail,9539802
TRAW,"Traws Pharma, Inc.",NASDAQ,NASDAQ,US,Healthcare,Biotechnology,9532916
APRE,"Aprea Therapeutics, Inc.",NASDAQ,NASDAQ,US,Healthcare,Biotechnology,9529784
NMTC,NeuroOne Medical Technologies Corporation,NASDAQ,NASDAQ,US,Healthcare,Medical - Devices,9486250
IQST,iQSTEL Inc.,NASDAQ,NASDAQ,US,Communication Services,Telecommunications Services,9441002
MYSE,Myseum Inc.,NASDAQ,NASDAQ,US,Technology,Software - Application,9405538
UPLD,"Upland Software, Inc.",NASDAQ,NASDAQ,US,Technology,Software - Application,9396224
AQMS,"Aqua Metals, Inc.",NASDAQ,NASDAQ,US,Industrials,Waste Management,9384989
CISO,CISO Global Inc.,NASDAQ,NASDAQ,US,Technology,Software - Infrastructure,9352665
BCTXL,BriaCell Therapeutics Corp.,NASDAQ,NASDAQ,CA,Healthcare,Biotechnology,9308775
KEYYW,Keystone Acquisition Corp.,NASDAQ,NASDAQ,US,Financial Services,Shell Companies,9250000
INTS,"Intensity Therapeutics, Inc.",NASDAQ,NASDAQ,US,Healthcare,Biotechnology,9243644
NAII,"Natural Alternatives International, Inc.",NASDAQ,NASDAQ,US,Consumer Defensive,Packaged Foods,9224587
AIMD,"Ainos, Inc.",NASDAQ,NASDAQ,US,Healthcare,Biotechnology,9132032
TMTSW,Spartacus Acquisition Corp. II Warrants,NASDAQ,NASDAQ,US,Financial Services,Financial - Conglomerates,9071200
MEVOW,M Evo Global Acquisition Corp II,NASDAQ,NASDAQ,US,Financial Services,Financial - Conglomerates,9000000
MOVE,"Corvex, Inc.",NASDAQ,NASDAQ,US,Technology,Software - Infrastructure,8960542
MEGL,Magic Empire Global Limited,NASDAQ,NASDAQ,HK,Financial Services,Financial - Capital Markets,8951096
XCH,XCHG Limited American Depositary Share,NASDAQ,NASDAQ,DE,Industrials,Electrical Equipment & Parts,8938288
NIXX,"Nixxy, Inc.",NASDAQ,NASDAQ,US,Industrials,Staffing & Employment Services,8937855
DTSS,Datasea Intelligent Technology Ltd.,NASDAQ,NASDAQ,CN,Technology,Software - Infrastructure,8885344
WVVI,"Willamette Valley Vineyards, Inc.",NASDAQ,NASDAQ,US,Consumer Defensive,Beverages - Wineries & Distilleries,8873352
NHTC,Natural Health Trends Corp.,NASDAQ,NASDAQ,US,Consumer Cyclical,Specialty Retail,8835186
MARPS,Marine Petroleum Trust,NASDAQ,NASDAQ,US,Energy,Oil & Gas Midstream,8760000
CCCTW,Columbus Circle Capital Corp III Warrants,NASDAQ,NASDAQ,US,Financial Services,Shell Companies,8756050
HSCS,HeartSciences Inc.,NASDAQ,NASDAQ,US,Healthcare,Medical - Devices,8745975
ADVB,Advanced Biomed Inc. Common Stock,NASDAQ,NASDAQ,US,Healthcare,Medical - Diagnostics & Research,8735081
LZMH,LZ Technology Holdings Limited Class B Ordinary Shares,NASDAQ,NASDAQ,CN,Technology,Information Technology Services,8717385
QNCX,"Quince Therapeutics, Inc.",NASDAQ,NASDAQ,US,Healthcare,Biotechnology,8677977
GTBP,"GT Biopharma, Inc.",NASDAQ,NASDAQ,US,Healthcare,Biotechnology,8677323
EDHL,Everbright Digital Holding Limited Ordinary Shares,NASDAQ,NASDAQ,HK,Communication Services,Advertising Agencies,8664630
NVNI,Nvni Group Limited Ordinary Shares,NASDAQ,NASDAQ,BR,Technology,Software - Application,8580061
YJ,Yunji Inc.,NASDAQ,NASDAQ,CN,Consumer Cyclical,Specialty Retail,8570438
BGL,Blue Gold Limited,NASDAQ,NASDAQ,KY,Basic Materials,Gold,8539100
CRMT,"America's Car-Mart, Inc.",NASDAQ,NASDAQ,US,Consumer Cyclical,Auto - Dealerships,8493876
ATCX,Atlas Critical Minerals Corporation,NASDAQ,NASDAQ,BR,Basic Materials,Gold,8473077
DCX,Digital Currency X Technology Inc.,NASDAQ,NASDAQ,HK,Consumer Cyclical,Auto - Manufacturers,8469685
NRSN,NeuroSense Therapeutics Ltd.,NASDAQ,NASDAQ,IL,Healthcare,Biotechnology,8448607
FNGR,"FingerMotion, Inc.",NASDAQ,NASDAQ,SG,Communication Services,Telecommunications Services,8442437
AEHL,Antelope Enterprise Holdings Limited,NASDAQ,NASDAQ,CN,Basic Materials,Construction Materials,8373584
PAACW,Proem Acquisition Corp I Warrants,NASDAQ,NASDAQ,US,Financial Services,Financial - Conglomerates,8328194
LGVN,Longeveron Inc.,NASDAQ,NASDAQ,US,Healthcare,Biotechnology,8277768
FMST,Foremost Clean Energy Ltd.,NASDAQ,NASDAQ,CA,Basic Materials,Industrial Materials,8230475
ARBB,ARB IOT Group Limited,NASDAQ,NASDAQ,SG,Technology,Information Technology Services,8155836
RDZNW,"Roadzen, Inc.",NASDAQ,NASDAQ,US,Technology,Software - Application,8124747
IFBD,"Infobird Co., Ltd",NASDAQ,NASDAQ,CN,Technology,Software - Application,8106688
MTEK,Maris-Tech Ltd.,NASDAQ,NASDAQ,IL,Technology,"Hardware, Equipment & Parts",8095443
ENLV,Enlivex Therapeutics Ltd.,NASDAQ,NASDAQ,IL,Healthcare,Biotechnology,8081050
YICCW,Yorkville International Capital Corp.,NASDAQ,NASDAQ,US,Financial Services,Shell Companies,8051150
LNAI,Lunai Bioworks Inc.,NASDAQ,NASDAQ,US,Healthcare,Biotechnology,8024985
SEGG,Sports Entertainment Gaming Global Corporation,NASDAQ,NASDAQ,US,Consumer Cyclical,"Gambling, Resorts & Casinos",7985743
MESHW,Meshflow Acquisition Corp. Warrants,NASDAQ,NASDAQ,US,Financial Services,Financial - Conglomerates,7935000
RAIN,Rain Enhancement Technologies Holdco Inc,NASDAQ,NASDAQ,US,Industrials,Industrial - Pollution & Treatment Controls,7896414
MSGY,Masonglory Ltd,NASDAQ,NASDAQ,HK,Industrials,Engineering & Construction,7894875
CAQUW,Cambridge Acquisition Corp. Warrants,NASDAQ,NASDAQ,US,Financial Services,Financial - Conglomerates,7885025
BIXIW,Bitcoin Infrastructure Acquisition Corp Ltd.,NASDAQ,NASDAQ,US,Financial Services,Financial - Conglomerates,7855650
VEEE,Twin Vee Powercats Co.,NASDAQ,NASDAQ,US,Consumer Cyclical,Auto - Recreational Vehicles,7824058
ONCHW,1RT Acquisition Corp. Warrant,NASDAQ,NASDAQ,US,Financial Services,Shell Companies,7760775
AMOD,"Alpha Modus Holdings, Inc.",NASDAQ,NASDAQ,US,Technology,Software - Application,7705017
SUNE,SUNation Energy Inc.,NASDAQ,NASDAQ,US,Industrials,Engineering & Construction,7698454
IMRN,Immuron Limited,NASDAQ,NASDAQ,AU,Healthcare,Biotechnology,7670389
RMCF,"Rocky Mountain Chocolate Factory, Inc.",NASDAQ,NASDAQ,US,Consumer Defensive,Food Confectioners,7664947
THH,TryHard Holdings Limited,NASDAQ,NASDAQ,JP,Industrials,Specialty Business Services,7657076
JCSE,JE Cleantech Holdings Limited,NASDAQ,NASDAQ,SG,Industrials,Industrial - Machinery,7562474
INM,InMed Pharmaceuticals Inc.,NASDAQ,NASDAQ,CA,Healthcare,Drug Manufacturers - Specialty & Generic,7553886
MGRX,"Mangoceuticals, Inc.",NASDAQ,NASDAQ,US,Healthcare,Medical - Healthcare Information Services,7542018
DLXY,Delixy Holdings Limited Ordinary Shares,NASDAQ,NASDAQ,SG,Energy,Oil & Gas Refining & Marketing,7521000
CNET,ZW Data Action Technologies Inc.,NASDAQ,NASDAQ,HK,Communication Services,Advertising Agencies,7520279
NXTT,Next Technology Holding Inc.,NASDAQ,NASDAQ,JP,Technology,Software - Application,7511217
RDAGW,Republic Digital Acquisition Company Warrants,NASDAQ,NASDAQ,US,Financial Services,Shell Companies,7500000
NDRA,ENDRA Life Sciences Inc.,NASDAQ,NASDAQ,US,Healthcare,Medical - Diagnostics & Research,7468047
SKK,SKK Holdings Limited,NASDAQ,NASDAQ,SG,Industrials,Engineering & Construction,7424667
FEBO,Fenbo Holdings Limited Ordinary Shares,NASDAQ,NASDAQ,HK,Technology,Consumer Electronics,7391963
OTGAW,OTG Acquisition Corp. I Warrants,NASDAQ,NASDAQ,US,Financial Services,Shell Companies,7370250
NCNA,NuCana plc,NASDAQ,NASDAQ,GB,Healthcare,Biotechnology,7347217
QCLS,"Q/C Technologies, Inc.",NASDAQ,NASDAQ,US,Technology,Computer Hardware,7315982
BON,Bon Natural Life Limited,NASDAQ,NASDAQ,CN,Basic Materials,Chemicals - Specialty,7304365
PRSO,Peraso Inc.,NASDAQ,NASDAQ,US,Technology,Semiconductors,7275176
XCUR,"Exicure, Inc.",NASDAQ,NASDAQ,US,Healthcare,Biotechnology,7266288
AIRE,reAlpha Tech Corp.,NASDAQ,NASDAQ,US,Technology,Software - Application,7242414
SVIVW,Spring Valley Acquisition Corp. IV Warrants,NASDAQ,NASDAQ,US,Financial Services,Financial - Conglomerates,7228871
AEAQW,Activate Energy Acquisition Corp.,NASDAQ,NASDAQ,KY,Financial Services,Financial - Conglomerates,7211725
OGGWZ,Osisko Gold Group Inc.,NASDAQ,NASDAQ,CA,Basic Materials,Other Precious Metals,7204007
CNSP,"CNS Pharmaceuticals, Inc.",NASDAQ,NASDAQ,US,Healthcare,Biotechnology,7171774
OBAI,"Our Bond, Inc.",NASDAQ,NASDAQ,US,Technology,Software - Infrastructure,7152161
DTST,Data Storage Corporation,NASDAQ,NASDAQ,US,Technology,Information Technology Services,7108213
BMRA,"Biomerica, Inc.",NASDAQ,NASDAQ,US,Healthcare,Medical - Devices,7107619
NAMI,Jinxin Technology Holding Company American Depositary Shares,NASDAQ,NASDAQ,CN,Communication Services,Internet Content & Information,7066382
CURX,Curanex Pharmaceuticals Inc Common Stock,NASDAQ,NASDAQ,US,Healthcare,Biotechnology,7042694
GFAI,"Guardforce AI Co., Limited",NASDAQ,NASDAQ,SG,Industrials,Security & Protection Services,7015845
SKYE,"Skye Bioscience, Inc.",NASDAQ,NASDAQ,US,Healthcare,Biotechnology,6984814
MTEN,Mingteng International Corporation Inc.,NASDAQ,NASDAQ,CN,Industrials,Manufacturing - Metal Fabrication,6961693
ALZN,Alzamend Neuro Inc,NASDAQ,NASDAQ,US,Healthcare,Biotechnology,6924627
BOLT,"Bolt Biotherapeutics, Inc.",NASDAQ,NASDAQ,US,Healthcare,Biotechnology,6917641
VEEA,Veea Inc.,NASDAQ,NASDAQ,US,Technology,Information Technology Services,6889625
WKSP,Worksport Ltd.,NASDAQ,NASDAQ,US,Consumer Cyclical,Auto - Parts,6886337
YHGJ,Yunhong Green CTI Ltd.,NASDAQ,NASDAQ,US,Consumer Cyclical,Packaging & Containers,6862301
ACON,"Aclarion, Inc.",NASDAQ,NASDAQ,US,Healthcare,Medical - Healthcare Information Services,6860043
ATER,"Aterian, Inc.",NASDAQ,NASDAQ,US,Consumer Cyclical,"Furnishings, Fixtures & Appliances",6837298
XWEL,"XWELL, Inc.",NASDAQ,NASDAQ,US,Consumer Cyclical,Personal Products & Services,6817019
DFNS,T3 Defense Inc.,NASDAQ,NASDAQ,US,Industrials,Aerospace & Defense,6810736
PTORW,Praetorian Acquisition Corp. Wt,NASDAQ,NASDAQ,US,Financial Services,Financial - Conglomerates,6760325
LOBO,Lobo Technologies Ltd.,NASDAQ,NASDAQ,CN,Consumer Cyclical,Auto - Manufacturers,6749658
CODX,"Co-Diagnostics, Inc.",NASDAQ,NASDAQ,US,Healthcare,Biotechnology,6689981
RVSN,Rail Vision Ltd.,NASDAQ,NASDAQ,IL,Industrials,Railroads,6550738
ENVB,"Enveric Biosciences, Inc.",NASDAQ,NASDAQ,US,Healthcare,Biotechnology,6490032
AMST,Amesite Inc.,NASDAQ,NASDAQ,US,Technology,Software - Application,6484352
MKDW,MKDWELL Tech Inc.,NASDAQ,NASDAQ,TW,Consumer Cyclical,Auto - Parts,6465601
AUUD,Auddia Inc.,NASDAQ,NASDAQ,US,Technology,Software - Application,6436860
GITS,"Global Interactive Technologies, Inc.",NASDAQ,NASDAQ,KR,Communication Services,Internet Content & Information,6429129
ENSC,"Ensysce Biosciences, Inc.",NASDAQ,NASDAQ,US,Healthcare,Biotechnology,6407414
FEMY,Femasys Inc.,NASDAQ,NASDAQ,US,Healthcare,Medical - Instruments & Supplies,6310826
WAFU,Wah Fu Education Group Limited,NASDAQ,NASDAQ,CN,Consumer Defensive,Education & Training Services,6307099
POM,POMDOCTOR Ltd,NASDAQ,NASDAQ,CN,Healthcare,Medical - Pharmaceuticals,6300352
CGTL,Creative Global Technology Holdings Limited Ordinary Shares,NASDAQ,NASDAQ,HK,Industrials,Industrial - Distribution,6292688
SONM,"DNA X, Inc.",NASDAQ,NASDAQ,US,Technology,Communication Equipment,6235851
GOW,Inflection Point Acquisition Corp.,NASDAQ,NASDAQ,US,Financial Services,Financial - Conglomerates,6232870
CHAI,Core AI Holdings Inc,NASDAQ,NASDAQ,US,Technology,Software - Application,6171311
IOTR,iOThree Limited Ordinary Shares,NASDAQ,NASDAQ,SG,Communication Services,Telecommunications Services,6125042
AUID,authID Inc.,NASDAQ,NASDAQ,US,Technology,Software - Infrastructure,6099565
ELOG,Eastern International Ltd. Ordinary Shares,NASDAQ,NASDAQ,CN,Industrials,Integrated Freight & Logistics,6068585
PCLA,PicoCELA Inc.,NASDAQ,NASDAQ,JP,Communication Services,Telecommunications Services,6067554
CRANR,Crane Harbor Acquisition Corp. II Rights,NASDAQ,NASDAQ,US,Financial Services,Shell Companies,6018000
RENX,RenX Enterprises Corp.,NASDAQ,NASDAQ,US,Real Estate,Real Estate - Development,6006894
NVNO,enVVeno Medical Corporation,NASDAQ,NASDAQ,US,Healthcare,Medical - Devices,5992874
SNOA,"Sonoma Pharmaceuticals, Inc.",NASDAQ,NASDAQ,US,Healthcare,Drug Manufacturers - Specialty & Generic,5961589
NUCLW,Eagle Nuclear Energy Corp.,NASDAQ,NASDAQ,US,Energy,Uranium,5927966
GIXXR,GigCapital9 Corp. Rights,NASDAQ,NASDAQ,US,Financial Services,Financial - Conglomerates,5908459
INEO,INNEOVA Holdings Ltd,NASDAQ,NASDAQ,SG,Consumer Cyclical,Auto - Parts,5899464
ISNRW,Snow Rothschild Acquisition Corp. Warrants,NASDAQ,NASDAQ,US,Financial Services,Shell Companies,5876000
GPACW,General Purpose Acquisition Corp.,NASDAQ,NASDAQ,US,Financial Services,Shell Companies,5839288
LUCY,"Lucyd, Inc",NASDAQ,NASDAQ,US,Healthcare,Medical - Instruments & Supplies,5818660
ILAG,Intelligent Living Application Group Inc.,NASDAQ,NASDAQ,HK,Industrials,Manufacturing - Tools & Accessories,5711607
PULM,"Pulmatrix, Inc.",NASDAQ,NASDAQ,US,Healthcare,Biotechnology,5686608
CMCT,Creative Media & Community Trust Corporation,NASDAQ,NASDAQ,US,Real Estate,REIT - Office,5659847
HXHX,Haoxin Holdings Limited Class A Ordinary Shares,NASDAQ,NASDAQ,CN,Industrials,Integrated Freight & Logistics,5634750
GXAI,Gaxos.ai Inc.,NASDAQ,NASDAQ,US,Technology,Electronic Gaming & Multimedia,5623008
GDC,GD Culture Group Limited,NASDAQ,NASDAQ,US,Technology,Electronic Gaming & Multimedia,5619375
AXG,Solowin Holdings Ordinary Share,NASDAQ,NASDAQ,HK,Financial Services,Financial - Capital Markets,5611500
IMNN,"Imunon, Inc.",NASDAQ,NASDAQ,US,Healthcare,Biotechnology,5609828
ACXP,"Acurx Pharmaceuticals, Inc.",NASDAQ,NASDAQ,US,Healthcare,Biotechnology,5608551
YDKG,"Yueda Digital Holding, Inc.",NASDAQ,NASDAQ,US,Communication Services,Advertising Agencies,5569931
MOBX,"Mobix Labs, Inc.",NASDAQ,NASDAQ,US,Technology,Semiconductors,5563143
CDIO,"Cardio Diagnostics Holdings, Inc.",NASDAQ,NASDAQ,US,Healthcare,Biotechnology,5534207
BIYA,Baiya International Group Inc.,NASDAQ,NASDAQ,CN,Industrials,Staffing & Employment Services,5533383
CXAI,CXApp Inc.,NASDAQ,NASDAQ,US,Technology,Software - Application,5519784
JWEL,Jowell Global Ltd.,NASDAQ,NASDAQ,CN,Consumer Cyclical,Specialty Retail,5513019
SPHL,Springview Holdings Ltd Class A Ordinary Shares,NASDAQ,NASDAQ,SG,Consumer Cyclical,Residential Construction,5428752
FBGL,FBS Global Limited Ordinary Shares,NASDAQ,NASDAQ,SG,Industrials,Engineering & Construction,5413500
SNGX,"Soligenix, Inc.",NASDAQ,NASDAQ,US,Healthcare,Biotechnology,5410824
INBS,Intelligent Bio Solutions Inc.,NASDAQ,NASDAQ,US,Healthcare,Medical - Devices,5406389
CUPR,Cuprina Holdings (Cayman) Limited Class A Ordinary Shares,NASDAQ,NASDAQ,SG,Healthcare,Medical - Instruments & Supplies,5389313
KRKR,36Kr Holdings Inc.,NASDAQ,NASDAQ,CN,Communication Services,Advertising Agencies,5344935
CWD,CaliberCos Inc.,NASDAQ,NASDAQ,US,Financial Services,Asset Management,5328948
TWAV,"TaoWeave, Inc.",NASDAQ,NASDAQ,US,Financial Services,Asset Management,5322469
DBCAW,D. Boral Acquisition I Corp. Warrants,NASDAQ,NASDAQ,US,Financial Services,Shell Companies,5317313
AZI,Autozi Internet Technology (Global) Ltd.,NASDAQ,NASDAQ,CN,Consumer Cyclical,Auto - Dealerships,5274718
CRE,Cre8 Enterprise Limited Class A Ordinary Shares,NASDAQ,NASDAQ,HK,Industrials,Specialty Business Services,5256425
LIMN,"Liminatus Pharma, Inc. Class A Common Stock",NASDAQ,NASDAQ,US,Healthcare,Biotechnology,5251939
HVMCW,Highview Merger Corp.,NASDAQ,NASDAQ,US,Financial Services,Financial - Conglomerates,5205200
XBIO,"Xenetic Biosciences, Inc.",NASDAQ,NASDAQ,US,Healthcare,Biotechnology,5177784
LEXX,Lexaria Bioscience Corp.,NASDAQ,NASDAQ,CA,Healthcare,Biotechnology,5172312
ERNA,Ernexa Therapeutics Inc.,NASDAQ,NASDAQ,US,Healthcare,Biotechnology,5158419
GAUZ,Gauzy Ltd. Ordinary Shares,NASDAQ,NASDAQ,IL,Technology,"Hardware, Equipment & Parts",5154364
ORKT,Orangekloud Technology Inc.,NASDAQ,NASDAQ,SG,Technology,Software - Application,5122646
VS,Versus Systems Inc.,NASDAQ,NASDAQ,US,Technology,Software - Application,5097744
TVIVW,Texas Ventures Acquisition IV Corp.,NASDAQ,NASDAQ,US,Financial Services,Financial - Conglomerates,5096800
JBDI,JBDI Holdings Limited,NASDAQ,NASDAQ,SG,Industrials,Industrial - Distribution,5090275
DUO,Fangdd Network Group Ltd.,NASDAQ,NASDAQ,CN,Real Estate,Real Estate - Services,5075715
CALC,"CalciMedica, Inc.",NASDAQ,NASDAQ,US,Healthcare,Biotechnology,5069541
CHNR,"China Natural Resources, Inc.",NASDAQ,NASDAQ,CN,Basic Materials,Other Precious Metals,5012988
AIDX,20/20 Biolabs Inc.,NASDAQ,NASDAQ,US,Healthcare,Medical - Care Facilities,5011965
NWTG,Newton Golf Company,NASDAQ,NASDAQ,US,Consumer Cyclical,Leisure,4990086
VMAR,Vision Marine Technologies Inc.,NASDAQ,NASDAQ,CA,Consumer Cyclical,Auto - Recreational Vehicles,4979476
TC,Token Cat Limited,NASDAQ,NASDAQ,CN,Industrials,Specialty Business Services,4977085
AMACW,AMR Resources Acquisition Corp Warrants,NASDAQ,NASDAQ,KY,Financial Services,Shell Companies,4972633
EJH,E-Home Household Service Holdings Limited,NASDAQ,NASDAQ,CN,Consumer Cyclical,Personal Products & Services,4928237
CLGN,CollPlant Biotechnologies Ltd.,NASDAQ,NASDAQ,IL,Healthcare,Biotechnology,4914368
SNTG,Sentage Holdings Inc.,NASDAQ,NASDAQ,CN,Financial Services,Financial - Credit Services,4909319
STLNW,Starling Oncology Inc. Wt,NASDAQ,NASDAQ,US,Healthcare,Medical - Care Facilities,4889164
AQB,"AquaBounty Technologies, Inc.",NASDAQ,NASDAQ,US,Consumer Defensive,Agricultural Farm Products,4876457
INLF,INLIF Limited,NASDAQ,NASDAQ,CN,Industrials,Industrial - Machinery,4876177
GELS,Gelteq Limited Ordinary Shares,NASDAQ,NASDAQ,AU,Healthcare,Drug Manufacturers - Specialty & Generic,4875876
FAMI,"Farmmi, Inc.",NASDAQ,NASDAQ,CN,Consumer Defensive,Packaged Foods,4873917
PCSA,"Processa Pharmaceuticals, Inc.",NASDAQ,NASDAQ,US,Healthcare,Biotechnology,4871733
BGMS,"Bio Green Med Solution, Inc.",NASDAQ,NASDAQ,MY,Healthcare,Medical - Pharmaceuticals,4857120
BMGL,Basel Medical Group Ltd Ordinary Shares,NASDAQ,NASDAQ,SG,Healthcare,Medical - Care Facilities,4852988
ACGCW,ACP Holdings Acquisition Corp. Warrants,NASDAQ,NASDAQ,US,Financial Services,Shell Companies,4828860
IEAGR,Infinite Eagle Acquisition Corp. Rights,NASDAQ,NASDAQ,US,Financial Services,Shell Companies,4818000
MKLYR,McKinley Acquisition Corporation Rights,NASDAQ,NASDAQ,US,Financial Services,Shell Companies,4808118
HCACR,Hall Chadwick Acquisition Corp.,NASDAQ,NASDAQ,SG,Financial Services,Financial - Conglomerates,4691211
WCT,Wellchange Holdings Company Limited,NASDAQ,NASDAQ,HK,Technology,Software - Application,4683344
XCBEW,X3 Acquisition Corp. Ltd. Warrant,NASDAQ,NASDAQ,US,Financial Services,Financial - Conglomerates,4626000
YFOR,YYForce Inc.,NASDAQ,NASDAQ,SG,Industrials,Staffing & Employment Services,4610478
SVRE,SaverOne 2014 Ltd,NASDAQ,NASDAQ,IL,Technology,"Hardware, Equipment & Parts",4594941
ENRDW,Einride AB,NASDAQ,NASDAQ,SE,Technology,Software - Application,4583152
EEIQ,Elite Education Group International Limited,NASDAQ,NASDAQ,US,Consumer Defensive,Education & Training Services,4574590
DRMA,"Dermata Therapeutics, Inc.",NASDAQ,NASDAQ,US,Healthcare,Biotechnology,4545022
PMCB,"PharmaCyte Biotech, Inc.",NASDAQ,NASDAQ,US,Healthcare,Biotechnology,4498216
HYFM,"Hydrofarm Holdings Group, Inc.",NASDAQ,NASDAQ,US,Industrials,Agricultural - Machinery,4478735
DNMXW,Dynamix Corporation III Warrants,NASDAQ,NASDAQ,US,Financial Services,Shell Companies,4427500
GURE,"Gulf Resources, Inc.",NASDAQ,NASDAQ,CN,Basic Materials,Chemicals,4422765
EPOW,E-Power Inc. Class A,NASDAQ,NASDAQ,CN,Industrials,Electrical Equipment & Parts,4403434
LCFY,Locafy Ltd,NASDAQ,NASDAQ,AU,Technology,Software - Application,4398689
SXTP,"60 Degrees Pharmaceuticals, Inc.",NASDAQ,NASDAQ,US,Healthcare,Biotechnology,4396235
TDTH,Trident Digital Tech Holdings Ltd,NASDAQ,NASDAQ,SG,Technology,Information Technology Services,4386910
WOK,WORK Medical Technology Group Ltd. Class A,NASDAQ,NASDAQ,CN,Healthcare,Medical - Specialties,4377132
TAOP,Taoping Inc.,NASDAQ,NASDAQ,CN,Technology,Software - Infrastructure,4375173
GRI,"GRI Bio, Inc.",NASDAQ,NASDAQ,US,Healthcare,Biotechnology,4372230
DETX,"Liberty Defense Holdings, Ltd. Common Shares",NASDAQ,NASDAQ,US,Industrials,Security & Protection Services,4359567
XPON,Expion360 Inc.,NASDAQ,NASDAQ,US,Industrials,Electrical Equipment & Parts,4337019
DBGI,"Digital Brands Group, Inc.",NASDAQ,NASDAQ,US,Consumer Cyclical,Apparel - Retail,4256801
ILLR,Triller Group Inc.,NASDAQ,NASDAQ,US,Technology,Software - Application,4246104
XELB,"Xcel Brands, Inc.",NASDAQ,NASDAQ,US,Consumer Cyclical,Apparel - Manufacturers,4215137
YMAT,"J-Star Holding Co., Ltd. Ordinary Shares",NASDAQ,NASDAQ,TW,Basic Materials,Chemicals - Specialty,4186001
CYAB,"Cyabra, Inc. Common Stock",NASDAQ,NASDAQ,IL,Technology,Software - Application,4145807
HIHO,Highway Holdings Limited,NASDAQ,NASDAQ,HK,Industrials,Manufacturing - Metal Fabrication,4141338
WXM,WF International Limited Ordinary Shares,NASDAQ,NASDAQ,CN,Industrials,Industrial - Distribution,4118728
UZX,Linkage Global Inc. Class A Ordinary Shares,NASDAQ,NASDAQ,JP,Technology,Software - Application,4113960
APVO,Aptevo Therapeutics Inc.,NASDAQ,NASDAQ,US,Healthcare,Biotechnology,4067554
NAAS,NaaS Technology Inc.,NASDAQ,NASDAQ,CN,Consumer Cyclical,Specialty Retail,3903006
CVKD,"Cadrenal Therapeutics, Inc. Common Stock",NASDAQ,NASDAQ,US,Healthcare,Biotechnology,3888674
AMPGZ,"Amplitech Group, Inc. Series B Right",NASDAQ,NASDAQ,US,Technology,"Hardware, Equipment & Parts",3863911
CTNT,Cheetah Net Supply Chain Service Inc.,NASDAQ,NASDAQ,US,Industrials,Integrated Freight & Logistics,3822952
SURG,"SurgePays, Inc.",NASDAQ,NASDAQ,US,Technology,Software - Application,3785870
MBAI,MBody AI Ltd.,NASDAQ,NASDAQ,IL,Healthcare,Biotechnology,3760984
KFIIR,K&F Growth Acquisition Corp. II,NASDAQ,NASDAQ,US,Financial Services,Shell Companies,3736000
ABTS,Abits Group Inc.,NASDAQ,NASDAQ,HK,Financial Services,Financial - Capital Markets,3731422
PN,PN Smart Energy Limited,NASDAQ,NASDAQ,CN,Energy,Solar,3714186
SCKT,"Socket Mobile, Inc.",NASDAQ,NASDAQ,US,Technology,Computer Hardware,3708431
EOCN,Eocene Ltd.,NASDAQ,NASDAQ,IL,Healthcare,Medical - Pharmaceuticals,3697574
WLDS,Wearable Devices Ltd.,NASDAQ,NASDAQ,IL,Technology,Consumer Electronics,3665014
RUBI,Rubico Inc.,NASDAQ,NASDAQ,GR,Industrials,Marine Shipping,3659674
ADXN,Addex Therapeutics Ltd,NASDAQ,NASDAQ,CH,Healthcare,Biotechnology,3634199
MBIO,"Mustang Bio, Inc.",NASDAQ,NASDAQ,US,Healthcare,Biotechnology,3634171
MLEC,Moolec Science S.A.,NASDAQ,NASDAQ,KY,Healthcare,Biotechnology,3623329
ICCM,IceCure Medical Ltd,NASDAQ,NASDAQ,IL,Healthcare,Medical - Devices,3580764
BTTC,Black Titan Corporation,NASDAQ,NASDAQ,MY,Technology,Software - Application,3576036
CYCU,"Cycurion, Inc. Common Stock",NASDAQ,NASDAQ,US,Technology,Information Technology Services,3547367
CAIIW,Collective Acquisition Corp. II,NASDAQ,NASDAQ,US,Financial Services,Shell Companies,3546400
AGRZ,Agroz Inc. Ordinary Shares,NASDAQ,NASDAQ,MY,Consumer Defensive,Agricultural Farm Products,3543614
CETX,"Cemtrex, Inc.",NASDAQ,NASDAQ,US,Technology,Software - Infrastructure,3536945
EVGN,Evogene Ltd.,NASDAQ,NASDAQ,IL,Healthcare,Biotechnology,3532897
ATXG,Addentax Group Corp.,NASDAQ,NASDAQ,CN,Industrials,Integrated Freight & Logistics,3527508
DMIIR,Drugs Made In America Acquisition II Corp.,NASDAQ,NASDAQ,US,Financial Services,Financial - Conglomerates,3498063
MRM,MEDIROM Healthcare Technologies Inc.,NASDAQ,NASDAQ,JP,Consumer Cyclical,Personal Products & Services,3498061
SUMAR,SUMA Acquisition Corporation Rights,NASDAQ,NASDAQ,US,Financial Services,Shell Companies,3450000
LATAW,Galata Acquisition Corp. II,NASDAQ,NASDAQ,US,Financial Services,Shell Companies,3450000
SNES,"SenesTech, Inc.",NASDAQ,NASDAQ,US,Basic Materials,Chemicals - Specialty,3447227
RNGTW,Range Capital Acquisition Corp II Warrants,NASDAQ,NASDAQ,US,Financial Services,Shell Companies,3433900
POLA,"Polar Power, Inc.",NASDAQ,NASDAQ,US,Industrials,Electrical Equipment & Parts,3423057
PAVS,Paranovus Entertainment Technology Ltd.,NASDAQ,NASDAQ,US,Healthcare,Medical - Pharmaceuticals,3418835
DAIC,"CID HoldCo, Inc.",NASDAQ,NASDAQ,US,Technology,Information Technology Services,3413280
BKYI,"BIO-key International, Inc.",NASDAQ,NASDAQ,US,Technology,Information Technology Services,3386323
IVDA,"Iveda Solutions, Inc.",NASDAQ,NASDAQ,US,Industrials,Security & Protection Services,3361101
AEMD,"Aethlon Medical, Inc.",NASDAQ,NASDAQ,US,Healthcare,Medical - Devices,3360423
FCUV,Focus Universal Inc.,NASDAQ,NASDAQ,US,Technology,"Hardware, Equipment & Parts",3345066
FMFC,Kandal M Venture Limited,NASDAQ,NASDAQ,KH,Consumer Cyclical,Personal Products & Services,3341580
INTJ,Intelligent Group Limited,NASDAQ,NASDAQ,HK,Industrials,Specialty Business Services,3326154
CPOP,"Pop Culture Group Co., Ltd",NASDAQ,NASDAQ,CN,Communication Services,Entertainment,3323272
AXINR,Axiom Intelligence Acquisition Corp 1,NASDAQ,NASDAQ,GB,Financial Services,Financial - Conglomerates,3300120
DAAQW,Digital Asset Acquisition Corp.,NASDAQ,NASDAQ,US,Financial Services,Financial - Conglomerates,3275775
YAAS,Youxin Technology Ltd,NASDAQ,NASDAQ,CN,Technology,Software - Application,3240115
BRTX,"BioRestorative Therapies, Inc.",NASDAQ,NASDAQ,US,Healthcare,Biotechnology,3218026
DKI,DarkIris Inc. Class A Ordinary Shares,NASDAQ,NASDAQ,HK,Technology,Electronic Gaming & Multimedia,3207905
IACQW,Irenic Acquisition Corp.,NASDAQ,NASDAQ,US,Financial Services,Shell Companies,3198737
ADGM,"Adagio Medical Holdings, Inc.",NASDAQ,NASDAQ,US,Healthcare,Medical - Devices,3198306
NXL,"Nexalin Technology, Inc.",NASDAQ,NASDAQ,US,Healthcare,Medical - Devices,3191639
REVB,"Revelation Biosciences, Inc.",NASDAQ,NASDAQ,US,Healthcare,Biotechnology,3181454
LTGRW,Long Table Growth Corp. Warrants,NASDAQ,NASDAQ,US,Financial Services,Shell Companies,3178500
BOXL,Boxlight Corporation,NASDAQ,NASDAQ,US,Technology,Consumer Electronics,3168521
SSACR,SPACSphere Acquisition Corp.,NASDAQ,NASDAQ,US,Financial Services,Shell Companies,3154324
TRGSR,TRG Latin America Acquisitions Corp. Rights,NASDAQ,NASDAQ,US,Financial Services,Financial - Conglomerates,3134807
AIOS,AIOS Tech Inc.,NASDAQ,NASDAQ,HK,Technology,Information Technology Services,3106629
RMSG,Real Messenger Corporation,NASDAQ,NASDAQ,US,Technology,Software - Application,3104225
ISPC,iSpecimen Inc.,NASDAQ,NASDAQ,US,Healthcare,Medical - Diagnostics & Research,3097866
MKZR,"MacKenzie Realty Capital, Inc.",NASDAQ,NASDAQ,US,Real Estate,REIT - Diversified,3089281
BGLC,BioNexus Gene Lab Corp.,NASDAQ,NASDAQ,MY,Industrials,Industrial - Distribution,3069989
PTLE,PTL Limited,NASDAQ,NASDAQ,SG,Industrials,General Transportation,3054077
WHLRD,"Wheeler Real Estate Investment Trust, Inc.",NASDAQ,NASDAQ,US,Real Estate,REIT - Retail,3021546
SCII,SC II Acquisition Corp. Class A ordinary share,NASDAQ,NASDAQ,US,Financial Services,Financial - Conglomerates,3018738
FACTW,FACT II Acquisition Corp,NASDAQ,NASDAQ,US,Financial Services,Financial - Conglomerates,2958100
XHLD,"TEN Holdings, Inc. Common Stock",NASDAQ,NASDAQ,US,Communication Services,Broadcasting,2956036
HTCR,"HeartCore Enterprises, Inc.",NASDAQ,NASDAQ,JP,Technology,Software - Application,2940793
ONCO,"Onconetix, Inc.",NASDAQ,NASDAQ,US,Healthcare,Biotechnology,2939081
BIAF,"bioAffinity Technologies, Inc.",NASDAQ,NASDAQ,US,Healthcare,Medical - Diagnostics & Research,2881832
DFSC,DEFSEC Technologies Inc.,NASDAQ,NASDAQ,CA,Industrials,Aerospace & Defense,2879960
UPC,Universe Pharmaceuticals Inc.,NASDAQ,NASDAQ,CN,Healthcare,Drug Manufacturers - Specialty & Generic,2855560
APURR,Aperture AC,NASDAQ,NASDAQ,US,Financial Services,Shell Companies,2852052
TGL,Treasure Global Inc.,NASDAQ,NASDAQ,US,Technology,Software - Application,2814958
OCG,Oriental Culture Holding Ltd.,NASDAQ,NASDAQ,HK,Consumer Cyclical,Specialty Retail,2810550
AESPR,Aeon Acquisition I Corp.,NASDAQ,NASDAQ,US,Financial Services,Shell Companies,2810313
MBRX,"Moleculin Biotech, Inc.",NASDAQ,NASDAQ,US,Healthcare,Biotechnology,2809055
GDHG,Golden Heaven Group Holdings Ltd.,NASDAQ,NASDAQ,CN,Consumer Cyclical,Leisure,2804961
FTHAW,Forefront Tech Holdings Acquisition Corp,NASDAQ,NASDAQ,KY,Financial Services,Shell Companies,2800000
IZM,ICZOOM Group Inc.,NASDAQ,NASDAQ,CN,Technology,Technology Distributors,2795909
OLB,"The OLB Group, Inc.",NASDAQ,NASDAQ,US,Technology,Software - Application,2795130
DPU,Top KingWin Ltd. Class A,NASDAQ,NASDAQ,CN,Industrials,Specialty Business Services,2775882
RIME,"Algorhythm Holdings, Inc.",NASDAQ,NASDAQ,US,Technology,Consumer Electronics,2769392
KTWOR,K2 Capital Acquisition Corporation Rights,NASDAQ,NASDAQ,US,Financial Services,Shell Companies,2754741
GVH,Globavend Holdings Limited,NASDAQ,NASDAQ,AU,Industrials,Integrated Freight & Logistics,2753637
NXAT,Nexus Advanced Technologies Inc.,NASDAQ,NASDAQ,KY,Financial Services,Financial - Conglomerates,2748008
NCRA,"Nocera, Inc.",NASDAQ,NASDAQ,TW,Consumer Defensive,Packaged Foods,2746174
FBLG,"FibroBiologics, Inc. Common Stock",NASDAQ,NASDAQ,US,Healthcare,Biotechnology,2745723
ASPSW,Altisource Portfolio Solutions S.A.,NASDAQ,NASDAQ,LU,Financial Services,Financial - Credit Services,2740848
NUWE,"Nuwellis, Inc.",NASDAQ,NASDAQ,US,Healthcare,Medical - Devices,2720494
MCAHR,Mountain Crest Acquisition 6 Corp.,NASDAQ,NASDAQ,US,Financial Services,Shell Companies,2700000
FFAI,Faraday Future Intelligent Electric Inc.,NASDAQ,NASDAQ,US,Consumer Cyclical,Auto - Manufacturers,2633808
SCIIR,SC II Acquisition Corp.,NASDAQ,NASDAQ,US,Financial Services,Financial - Conglomerates,2631002
ZBAO,Zhibao Technology Inc. Class A Ordinary Shares,NASDAQ,NASDAQ,CN,Financial Services,Insurance - Brokers,2606861
GOVX,"GeoVax Labs, Inc.",NASDAQ,NASDAQ,US,Healthcare,Biotechnology,2593974
KCHVR,Kochav Defense Acquisition Corp. Right,NASDAQ,NASDAQ,US,Financial Services,Shell Companies,2582405
VSME,VS Media Holdings Limited Class A Ordinary Shares,NASDAQ,NASDAQ,SG,Communication Services,Advertising Agencies,2541724
CHSN,Chanson International Holding,NASDAQ,NASDAQ,CN,Consumer Defensive,Food Confectioners,2527804
ITOC,iTonic Holdings Ltd.,NASDAQ,NASDAQ,CN,Healthcare,Medical - Specialties,2514376
TURB,"Turbo Energy, S.A. American Depositary Shares",NASDAQ,NASDAQ,ES,Energy,Solar,2511908
PFSA,"Profusa, Inc. Common Stock",NASDAQ,NASDAQ,US,Healthcare,Medical - Devices,2502827
ZDAI,"DirectBooking Technology Co., Ltd.",NASDAQ,NASDAQ,HK,Industrials,Trucking,2497494
CELZ,"Creative Medical Technology Holdings, Inc.",NASDAQ,NASDAQ,US,Healthcare,Biotechnology,2490851
IGACR,Invest Green Acquisition Corporation,NASDAQ,NASDAQ,US,Financial Services,Financial - Conglomerates,2462400
QSEAR,Quartzsea Acquisition Corporation,NASDAQ,NASDAQ,US,Financial Services,Financial - Conglomerates,2440392
ALP,Alpha Compute Corp,NASDAQ,NASDAQ,US,Technology,Information Technology Services,2419336
BIVIW,BioVie Inc.,NASDAQ,NASDAQ,US,Healthcare,Biotechnology,2388722
GMEX,GMEX Robotics Corporation,NASDAQ,NASDAQ,AU,Technology,Consumer Electronics,2385228
HCICR,Hennessy Capital Investment Corp. VIII Share Rights,NASDAQ,NASDAQ,US,Financial Services,Financial - Conglomerates,2380830
CAPS,Capstone Holding Corp.,NASDAQ,NASDAQ,US,Basic Materials,Construction Materials,2364093
TCRT,"Alaunos Therapeutics, Inc.",NASDAQ,NASDAQ,US,Healthcare,Biotechnology,2345681
FLYE,"Fly-E Group, Inc. Common Stock",NASDAQ,NASDAQ,US,Consumer Cyclical,Auto - Manufacturers,2317988
KITT,"Nauticus Robotics, Inc.",NASDAQ,NASDAQ,US,Industrials,Aerospace & Defense,2316306
TVAIR,Thayer Ventures Acquisition Corporation II Rights,NASDAQ,NASDAQ,US,Financial Services,Shell Companies,2312375
JAGX,"Jaguar Health, Inc.",NASDAQ,NASDAQ,US,Healthcare,Biotechnology,2309572
ARCLR,ARC Group Acquisition I Corp Right,NASDAQ,NASDAQ,US,Financial Services,Shell Companies,2296440
SHPH,"Shuttle Pharmaceuticals Holdings, Inc.",NASDAQ,NASDAQ,US,Healthcare,Drug Manufacturers - Specialty & Generic,2293706
PARA,"Banzai International, Inc. Class A",NASDAQ,NASDAQ,US,Technology,Software - Application,2251113
PASW,"Ping An Biomedical Co., Ltd.",NASDAQ,NASDAQ,HK,Industrials,Manufacturing - Textiles,2235877
CRACR,Crown Reserve Acquisition Corp. I Rights,NASDAQ,NASDAQ,KY,Financial Services,Shell Companies,2215502
MIMI,Mint Incorporation Limited,NASDAQ,NASDAQ,HK,Industrials,Engineering & Construction,2186994
IDACW,Iron Dome Acquisition I Corp.,NASDAQ,NASDAQ,US,Financial Services,Shell Companies,2165333
NBRGR,Newbridge Acquisition Limited Rights,NASDAQ,NASDAQ,HK,Financial Services,Shell Companies,2138063
GSUN,Golden Sun Education Group Limited,NASDAQ,NASDAQ,CN,Consumer Defensive,Education & Training Services,2136943
TDWDR,Tailwind 2.0 Acquisition Corp. Rights,NASDAQ,NASDAQ,US,Financial Services,Shell Companies,2135400
ATPC,Agape ATP Corporation,NASDAQ,NASDAQ,MY,Consumer Defensive,Packaged Foods,2101315
JYD,Jayud Global Logistics Limited,NASDAQ,NASDAQ,CN,Industrials,Integrated Freight & Logistics,2092439
VVOS,"Vivos Therapeutics, Inc.",NASDAQ,NASDAQ,US,Healthcare,Medical - Devices,2091137
XTLB,XTL Biopharmaceuticals Ltd.,NASDAQ,NASDAQ,IL,Healthcare,Biotechnology,2091102
GWAV,"Greenwave Technology Solutions, Inc.",NASDAQ,NASDAQ,US,Industrials,Waste Management,2057485
XAIR,"Beyond Air, Inc.",NASDAQ,NASDAQ,US,Healthcare,Medical - Devices,2039103
LESL,"Leslie's, Inc.",NASDAQ,NASDAQ,US,Consumer Cyclical,Specialty Retail,2038488
AMIX,"Autonomix Medical, Inc.",NASDAQ,NASDAQ,US,Healthcare,Medical - Devices,2036250
HAVAR,Harvard Ave Acquisition Corporation,NASDAQ,NASDAQ,KR,Financial Services,Financial - Conglomerates,2030062
FXACW,FortuneX Acquisition Corporation,NASDAQ,NASDAQ,US,Financial Services,Shell Companies,2022372
DXST,Decent Holding Inc.,NASDAQ,NASDAQ,CN,Industrials,Waste Management,1976006
RADX,Radiopharm Theranostics Limited,NASDAQ,NASDAQ,AU,Healthcare,Biotechnology,1958064
CSAI,Cloudastructure Inc. Cl A,NASDAQ,NASDAQ,US,Technology,Software - Infrastructure,1954463
SPEGR,Silver Pegasus Acquisition Corp Rights.,NASDAQ,NASDAQ,US,Financial Services,Shell Companies,1953850
GLXG,Galaxy Payroll Group Limited,NASDAQ,NASDAQ,HK,Industrials,Staffing & Employment Services,1914300
ASPSZ,Altisource Portfolio Solutions S.A.,NASDAQ,NASDAQ,LU,Financial Services,Financial - Credit Services,1912884
ALPXR,Alpex Acquisition Corp. Rt,NASDAQ,NASDAQ,US,Financial Services,Shell Companies,1906800
MGN,Megan Holdings Limited Ordinary Shares,NASDAQ,NASDAQ,MY,Industrials,Engineering & Construction,1904631
SKYAW,"SkyAI, Inc.",NASDAQ,NASDAQ,US,Technology,Software - Infrastructure,1891801
SBFM,"Sunshine Biopharma, Inc.",NASDAQ,NASDAQ,US,Healthcare,Drug Manufacturers - Specialty & Generic,1872686
RAYA,Erayak Power Solution Group Inc.,NASDAQ,NASDAQ,CN,Industrials,Electrical Equipment & Parts,1870448
SFHG,Samfine Creation Holdings Group Limited,NASDAQ,NASDAQ,HK,Industrials,Specialty Business Services,1855420
FXHO,UTime Limited,NASDAQ,NASDAQ,CN,Technology,Consumer Electronics,1825830
BYAH,"Park Ha Biological Technology Co., Ltd. Ordinary Shares",NASDAQ,NASDAQ,CN,Consumer Defensive,Household & Personal Products,1817402
SILO,"Silo Pharma, Inc.",NASDAQ,NASDAQ,US,Healthcare,Biotechnology,1817062
FRSX,Foresight Autonomous Holdings Ltd.,NASDAQ,NASDAQ,IL,Consumer Cyclical,Auto - Parts,1796995
GP,GreenPower Motor Company Inc.,NASDAQ,NASDAQ,CA,Consumer Cyclical,Auto - Manufacturers,1779576
HUBC,HUB Cyber Security Ltd.,NASDAQ,NASDAQ,IL,Technology,Software - Infrastructure,1778489
VRXAW,Veraxa Biotech AG,NASDAQ,NASDAQ,DE,Healthcare,Biotechnology,1773530
JXG,JX Luxventure Limited,NASDAQ,NASDAQ,CN,Consumer Cyclical,Travel Services,1771175
SQFT,"Presidio Property Trust, Inc.",NASDAQ,NASDAQ,US,Real Estate,REIT - Diversified,1754745
INACR,Indigo Acquisition Corp.,NASDAQ,NASDAQ,US,Financial Services,Financial - Conglomerates,1748468
LABT,"Lakewood-Amedex Biotherapeutics, Inc.",NASDAQ,NASDAQ,US,Healthcare,Biotechnology,1732800
VSA,VisionSys AI Inc.,NASDAQ,NASDAQ,CN,Industrials,Specialty Business Services,1729026
RNAZ,"TransCode Therapeutics, Inc.",NASDAQ,NASDAQ,US,Healthcare,Biotechnology,1725322
LHSW,Lianhe Sowell International Group Ltd Ordinary Shares,NASDAQ,NASDAQ,CN,Technology,Computer Hardware,1718275
IPDN,"Professional Diversity Network, Inc.",NASDAQ,NASDAQ,US,Industrials,Staffing & Employment Services,1709953
YHC,LQR House Inc.,NASDAQ,NASDAQ,US,Communication Services,Advertising Agencies,1708028
IMTE,Integrated Media Technology Limited,NASDAQ,NASDAQ,AU,Technology,"Hardware, Equipment & Parts",1693233
CNEY,CN Energy Group. Inc.,NASDAQ,NASDAQ,CN,Basic Materials,Chemicals - Specialty,1687406
BIDWR,Tribeca Strategic Acquisition Corp.,NASDAQ,NASDAQ,US,Financial Services,Shell Companies,1680150
FMACR,Future Money Acquisition Corporation Rights,NASDAQ,NASDAQ,US,Financial Services,Shell Companies,1680000
IBG,Innovation Beverage Group Limited,NASDAQ,NASDAQ,AU,Consumer Defensive,Beverages - Wineries & Distilleries,1670611
ELAB,PMGC Holdings Inc.,NASDAQ,NASDAQ,US,Healthcare,Biotechnology,1667556
IPST,"IP Strategy Holdings, Inc.",NASDAQ,NASDAQ,US,Consumer Defensive,Beverages - Alcoholic,1663606
OIOWW,OIO Group,NASDAQ,NASDAQ,SG,Financial Services,Financial - Conglomerates,1660105
BRNX,BrenX Ltd.,NASDAQ,NASDAQ,IL,Industrials,Engineering & Construction,1650834
BENF,Beneficient,NASDAQ,NASDAQ,US,Financial Services,Asset Management,1636791
IVF,"INVO Fertility, Inc.",NASDAQ,NASDAQ,US,Healthcare,Medical - Devices,1627078
BIOT,Instinct Bio Technical Co. Holdings Inc.,NASDAQ,NASDAQ,US,Consumer Defensive,Household & Personal Products,1621091
CRIS,"Curis, Inc.",NASDAQ,NASDAQ,US,Healthcare,Biotechnology,1615671
SSM,Sono Group N.V.,NASDAQ,NASDAQ,DE,Consumer Cyclical,Auto - Manufacturers,1610062
AGMH,AGM Group Holdings Inc.,NASDAQ,NASDAQ,HK,Technology,Software - Application,1602838
ORIQW,Origin Investment Corp I Warrant.,NASDAQ,NASDAQ,SG,Financial Services,Shell Companies,1601121
JZXN,"Jiuzi Holdings, Inc.",NASDAQ,NASDAQ,CN,Consumer Cyclical,Auto - Dealerships,1587792
ARTL,"Artelo Biosciences, Inc.",NASDAQ,NASDAQ,US,Healthcare,Biotechnology,1576238
TLACW,Three Lions Acquisition Corp. Warrants,NASDAQ,NASDAQ,KY,Financial Services,Shell Companies,1570400
ELPW,Elong Power Holding Limited,NASDAQ,NASDAQ,CN,Industrials,Electrical Equipment & Parts,1560804
EURKR,Eureka Acquisition Corp,NASDAQ,NASDAQ,HK,Financial Services,Shell Companies,1552621
RDHL,RedHill Biopharma Ltd.,NASDAQ,NASDAQ,IL,Healthcare,Drug Manufacturers - Specialty & Generic,1512657
IPVVW,"InterPrivate Investment Partners V, Inc. Warrants",NASDAQ,NASDAQ,US,Financial Services,Financial - Conglomerates,1507870
SXTC,"China SXT Pharmaceuticals, Inc.",NASDAQ,NASDAQ,CN,Healthcare,Drug Manufacturers - Specialty & Generic,1500470
NXGL,"NEXGEL, Inc.",NASDAQ,NASDAQ,US,Healthcare,Medical - Instruments & Supplies,1491722
IMCC,IM Cannabis Corp.,NASDAQ,NASDAQ,CA,Healthcare,Drug Manufacturers - Specialty & Generic,1479606
SHFS,"SHF Holdings, Inc.",NASDAQ,NASDAQ,US,Financial Services,Banks - Regional,1460222
AMSS,AMASS Brands Inc. Common Stock,NASDAQ,NASDAQ,US,Consumer Defensive,Beverages - Wineries & Distilleries,1457665
MSS,Maison Solutions Inc. Class A Common Stock,NASDAQ,NASDAQ,US,Consumer Defensive,Grocery Stores,1450865
EZRA,"Reliance Global Group, Inc.",NASDAQ,NASDAQ,US,Financial Services,Insurance - Brokers,1450544
RFAMR,RF Acquisition Corp III Rights,NASDAQ,NASDAQ,SG,Financial Services,Shell Companies,1449000
GNPX,"Genprex, Inc.",NASDAQ,NASDAQ,US,Healthcare,Biotechnology,1439065
SUGP,SU Group Holdings Limited Ordinary Shares,NASDAQ,NASDAQ,HK,Industrials,Security & Protection Services,1425185
CHGA,Change Agents Corp.,NASDAQ,NASDAQ,US,Technology,Software - Application,1423675
RIBBR,Ribbon Acquisition Corp.,NASDAQ,NASDAQ,JP,Financial Services,Shell Companies,1403136
NSAIR,NorthStrive Acquisition Corp I. Rights,NASDAQ,NASDAQ,US,Financial Services,Shell Companies,1400000
GCTK,"GlucoTrack, Inc.",NASDAQ,NASDAQ,US,Healthcare,Medical - Devices,1388769
TNON,"Tenon Medical, Inc.",NASDAQ,NASDAQ,US,Healthcare,Medical - Devices,1355325
APMCR,AmperCap Acquisition Company,NASDAQ,NASDAQ,US,Financial Services,Shell Companies,1341461
NCEL,NewcelX Ltd.,NASDAQ,NASDAQ,CH,Healthcare,Biotechnology,1336500
TWLVR,Twelve Seas Investment Company III,NASDAQ,NASDAQ,US,Financial Services,Financial - Conglomerates,1336199
DTSQR,DT Cloud Star Acquisition Corporation,NASDAQ,NASDAQ,US,Financial Services,Shell Companies,1307605
EHGO,Eshallgo Inc. Class A Ordinary Shares,NASDAQ,NASDAQ,CN,Industrials,Business Equipment & Supplies,1280232
STFS,Star Fashion Culture Holdings Limited,NASDAQ,NASDAQ,CN,Communication Services,Advertising Agencies,1266217
JUNS,"Jupiter Neurosciences, Inc.",NASDAQ,NASDAQ,US,Healthcare,Biotechnology,1250438
EMISR,Emmis Acquisition Corp.,NASDAQ,NASDAQ,US,Financial Services,Shell Companies,1231090
NBRG,Newbridge Acquisition Limited Class A Ordinary Share,NASDAQ,NASDAQ,HK,Financial Services,Shell Companies,1214342
HKPD,"Cellyan Biotechnology Co., Ltd",NASDAQ,NASDAQ,HK,Healthcare,Medical - Distribution,1211023
SGRX,Sangrix Inc.,NASDAQ,NASDAQ,SG,Consumer Defensive,Agricultural Farm Products,1207870
CHPGR,ChampionsGate Acquisition Corporation,NASDAQ,NASDAQ,US,Financial Services,Shell Companies,1205633
CMND,Clearmind Medicine Inc.,NASDAQ,NASDAQ,CA,Healthcare,Biotechnology,1205376
FCHL,Fitness Champs Holdings Limited,NASDAQ,NASDAQ,SG,Consumer Defensive,Education & Training Services,1191542
TRNR,Interactive Strength Inc.,NASDAQ,NASDAQ,US,Consumer Cyclical,Specialty Retail,1183120
OMH,Ohmyhome Limited,NASDAQ,NASDAQ,SG,Real Estate,Real Estate - Services,1170823
PPCB,"Propanc Biopharma, Inc.",NASDAQ,NASDAQ,AU,Healthcare,Biotechnology,1167209
BRKHW,Burtech Acquisition Corp II Warrants,NASDAQ,NASDAQ,US,Financial Services,Shell Companies,1166480
DCOY,Decoy Therapeutics Inc.,NASDAQ,NASDAQ,US,Healthcare,Biotechnology,1133092
DRCT,"Direct Digital Holdings, Inc.",NASDAQ,NASDAQ,US,Communication Services,Advertising Agencies,1131482
CDT,CDT Equity Inc.,NASDAQ,NASDAQ,US,Healthcare,Biotechnology,1117556
TMSWW,Teamshares Inc.,NASDAQ,NASDAQ,US,Financial Services,Shell Companies,1107898
SDST,Stardust Power Inc.,NASDAQ,NASDAQ,US,Basic Materials,Chemicals - Specialty,1102405
GMM,Global Mofy Metaverse Limited,NASDAQ,NASDAQ,CN,Technology,Information Technology Services,1087782
MYSZ,"My Size, Inc.",NASDAQ,NASDAQ,IL,Technology,Software - Application,1017838
STKH,Steakholder Foods Ltd.,NASDAQ,NASDAQ,IL,Consumer Defensive,Packaged Foods,1010869
JTAI,Jet.AI Inc.,NASDAQ,NASDAQ,US,Technology,Software - Application,1009027
VCIG,VCI Global Limited,NASDAQ,NASDAQ,MY,Industrials,Consulting Services,1002770
WBUY,WEBUY GLOBAL Ltd. Ordinary Shares,NASDAQ,NASDAQ,SG,Consumer Cyclical,Specialty Retail,978108
BJDX,"Bluejay Diagnostics, Inc.",NASDAQ,NASDAQ,US,Healthcare,Medical - Devices,971596
HAO,Haoxi Health Technology Limited,NASDAQ,NASDAQ,CN,Communication Services,Advertising Agencies,963135
MASK,3 E Network Technology Group Ltd Class A Ordinary Shares,NASDAQ,NASDAQ,HK,Technology,Information Technology Services,952256
RNAQW,Rainier Acquisition Corporation Warrants,NASDAQ,NASDAQ,US,Financial Services,Shell Companies,948534
ASBP,"Aspire Biopharma Holdings, Inc.",NASDAQ,NASDAQ,US,Healthcare,Biotechnology,943743
PWCM,"PowerCompute, Inc.",NASDAQ,NASDAQ,US,Industrials,Specialty Business Services,922416
ALISR,Calisa Acquisition Corp Right,NASDAQ,NASDAQ,US,Financial Services,Financial - Conglomerates,915890
WETO,Wetour Robotics Limited,NASDAQ,NASDAQ,US,Technology,Software - Infrastructure,902000
BBLG,Bone Biologics Corporation,NASDAQ,NASDAQ,US,Healthcare,Biotechnology,898492
GTERR,Globa Terra Acquisition Corporation,NASDAQ,NASDAQ,US,Financial Services,Financial - Conglomerates,896480
KIDZ,KIDZ AI Inc.,NASDAQ,NASDAQ,US,Consumer Defensive,Education & Training Services,888435
MMTXW,Miluna Acquisition Corp Warrant,NASDAQ,NASDAQ,KY,Financial Services,Financial - Conglomerates,883693
AESPW,Aeon Acquisition I Corp. Warrants,NASDAQ,NASDAQ,US,Financial Services,Shell Companies,862500
NTCL,NetClass Technology Inc,NASDAQ,NASDAQ,SG,Technology,Software - Application,842316
BPACR,Blueport Acquisition Ltd,NASDAQ,NASDAQ,US,Financial Services,Financial - Conglomerates,832615
SMTK,"SmartKem, Inc.",NASDAQ,NASDAQ,GB,Technology,Semiconductors,822431
CIIT,"Tianci International, Inc.",NASDAQ,NASDAQ,HK,Industrials,Integrated Freight & Logistics,799466
LICN,Lichen International Limited,NASDAQ,NASDAQ,CN,Industrials,Specialty Business Services,777066
ALPXW,Alpex Acquisition Corp. Wt,NASDAQ,NASDAQ,US,Financial Services,Shell Companies,756761
JZ,Jianzhi Education Technology Group Company Limited,NASDAQ,NASDAQ,CN,Consumer Defensive,Education & Training Services,754362
SCNI,Scinai Immunotherapeutics Ltd.,NASDAQ,NASDAQ,IL,Healthcare,Biotechnology,728883
CLIK,Click Holdings Limited,NASDAQ,NASDAQ,HK,Industrials,Staffing & Employment Services,720709
RDGT,"Ridgetech, Inc.",NASDAQ,NASDAQ,CN,Healthcare,Medical - Distribution,719134
ARBK,Argo Blockchain plc,NASDAQ,NASDAQ,GB,Financial Services,Financial - Capital Markets,696484
TNMG,TNL Mediagene,NASDAQ,NASDAQ,JP,Communication Services,Publishing,688032
KUST,"Kustom Entertainment, Inc.",NASDAQ,NASDAQ,US,Communication Services,Entertainment,678214
APACR,StoneBridge Acquisition II Corporation,NASDAQ,NASDAQ,US,Financial Services,Financial - Conglomerates,674713
HUIZ,Huize Holding Limited,NASDAQ,NASDAQ,CN,Financial Services,Insurance - Brokers,671090
LRHC,La Rosa Holdings Corp.,NASDAQ,NASDAQ,US,Real Estate,Real Estate - Services,670674
TKLF,"Tokyo Lifestyle Co., Ltd.",NASDAQ,NASDAQ,JP,Consumer Cyclical,Specialty Retail,668779
CDTG,CDT Environmental Technology Investment Holdings Limited ordinary shares,NASDAQ,NASDAQ,CN,Industrials,Waste Management,660022
ATLQW,JAB Acquisition Corp I Warrants,NASDAQ,NASDAQ,US,Financial Services,Financial - Conglomerates,654896
OFAL,OFA Group,NASDAQ,NASDAQ,US,Industrials,Engineering & Construction,640302
NCI,Neo-Concept International Group Holdings Limited,NASDAQ,NASDAQ,HK,Consumer Cyclical,Apparel - Manufacturers,640081
ARCLW,ARC Group Acquisition I Corp Warrants,NASDAQ,NASDAQ,US,Financial Services,Shell Companies,639176
HCWB,HCW Biologics Inc.,NASDAQ,NASDAQ,US,Healthcare,Biotechnology,608372
HCAI,"Hauchen AI Parking Management Technology Holding Co., Ltd.",NASDAQ,NASDAQ,CN,Industrials,Industrial - Machinery,604039
OCLTR,OceanLight Acquisition Corporation Rights,NASDAQ,NASDAQ,US,Financial Services,Shell Companies,591358
TRUG,"TruGolf Holdings, Inc.",NASDAQ,NASDAQ,US,Technology,Electronic Gaming & Multimedia,563498
GNLN,"Greenlane Holdings, Inc.",NASDAQ,NASDAQ,US,Consumer Defensive,Tobacco,535113
TDIC,Dreamland Limited Class A Ordinary Shares,NASDAQ,NASDAQ,HK,Communication Services,Advertising Agencies,531038
CCTG,CCSC Technology International Holdings Limited Ordinary Shares,NASDAQ,NASDAQ,HK,Industrials,Electrical Equipment & Parts,521275
VIVS,"VivoSim Labs, Inc.",NASDAQ,NASDAQ,US,Healthcare,Biotechnology,520147
NCOOR,Southern Cross Acquisition I Corp. Rights,NASDAQ,NASDAQ,US,Financial Services,Shell Companies,518554
OCLTW,OceanLight Acquisition Corporation Warrants,NASDAQ,NASDAQ,US,Financial Services,Shell Companies,514544
BDRX,Biodexa Pharmaceuticals Plc,NASDAQ,NASDAQ,GB,Healthcare,Biotechnology,481317
XRTX,XORTX Therapeutics Inc.,NASDAQ,NASDAQ,CA,Healthcare,Biotechnology,473431
NSAIW,NorthStrive Acquisition Corp I. Warrants,NASDAQ,NASDAQ,US,Financial Services,Financial - Conglomerates,470000
OLOX,Olenox Industries Inc,NASDAQ,NASDAQ,US,Industrials,Manufacturing - Metal Fabrication,466574
SMX,SMX (Security Matters) Public Limited Company,NASDAQ,NASDAQ,IE,Industrials,Specialty Business Services,443088
FSHPR,Flag Ship Acquisition Corporation,NASDAQ,NASDAQ,US,Financial Services,Shell Companies,439733
RCON,"Recon Technology, Ltd.",NASDAQ,NASDAQ,CN,Energy,Oil & Gas Equipment & Services,434359
RKDA,"Arcadia Biosciences, Inc.",NASDAQ,NASDAQ,US,Basic Materials,Agricultural Inputs,434332
JDZG,JIADE Limited,NASDAQ,NASDAQ,CN,Industrials,Specialty Business Services,425329
EXYNW,"Exyn Technologies, Inc. Warrant",NASDAQ,NASDAQ,US,Technology,Software - Application,423569
VRAX,Virax Biolabs Group Limited,NASDAQ,NASDAQ,GB,Healthcare,Biotechnology,416174
SGLY,Singularity Future Technology Ltd.,NASDAQ,NASDAQ,US,Industrials,Integrated Freight & Logistics,412759
RBNE,Robin Energy Ltd.,NASDAQ,NASDAQ,CY,Energy,Oil & Gas Midstream,408417
UK,Ucommune International Ltd,NASDAQ,NASDAQ,CN,Real Estate,Real Estate - Services,394097
NIKI,"Niki BioSolutions, Inc.",NASDAQ,NASDAQ,US,Healthcare,Biotechnology,386011
JF,J and Friends Holdings Limited Sponsored ADR Class A,NASDAQ,NASDAQ,HK,Financial Services,Financial - Credit Services,381737
ICON,Icon Energy Corp.,NASDAQ,NASDAQ,GR,Industrials,Marine Shipping,369935
BAOS,Baosheng Media Group Holdings Limited,NASDAQ,NASDAQ,CN,Communication Services,Advertising Agencies,364594
AURE,Aurelion Inc.,NASDAQ,NASDAQ,HK,Financial Services,Financial - Capital Markets,350277
VIVK,"Vivakor, Inc.",NASDAQ,NASDAQ,US,Energy,Oil & Gas Equipment & Services,346410
JEM,707 Cayman Holdings Limited Ordinary Shares,NASDAQ,NASDAQ,HK,Consumer Cyclical,Apparel - Retail,325976
VGASW,"Verde Clean Fuels, Inc.",NASDAQ,NASDAQ,US,Industrials,Industrial - Specialties,308695
FOXXW,Foxx Development Holdings Inc.,NASDAQ,NASDAQ,US,Technology,Technology Distributors,299955
ZNB,Zeta Network Group,NASDAQ,NASDAQ,CN,Communication Services,Entertainment,289539
ERNAW,Ernexa Therapeutics Inc. Warrants,NASDAQ,NASDAQ,US,Healthcare,Biotechnology,280355
XXII,"22nd Century Group, Inc.",NASDAQ,NASDAQ,US,Consumer Defensive,Tobacco,276720
SPRC,SciSparc Ltd.,NASDAQ,NASDAQ,IL,Healthcare,Biotechnology,272132
CISS,C3is Inc.,NASDAQ,NASDAQ,GR,Industrials,Marine Shipping,260737
FWACW,Futurewave Acquisition Corporation Warrants,NASDAQ,NASDAQ,US,Financial Services,Shell Companies,256938
RMSGW,Real Messenger Corporation,NASDAQ,NASDAQ,US,Technology,Software - Application,235944
PPBT,Purple Biotech Ltd.,NASDAQ,NASDAQ,IL,Healthcare,Biotechnology,209888
GIPR,"Generation Income Properties, Inc.",NASDAQ,NASDAQ,US,Real Estate,REIT - Diversified,206132
EZGO,EZGO Technologies Ltd.,NASDAQ,NASDAQ,CN,Consumer Cyclical,Auto - Recreational Vehicles,202223
ISNRU,Snow Rothschild Acquisition Corp. Units,NASDAQ,NASDAQ,US,Financial Services,Shell Companies,198200
EDBL,Edible Garden AG Incorporated,NASDAQ,NASDAQ,US,Consumer Defensive,Agricultural Farm Products,148274
PMAX,Powell Max Limited Class A Ordinary Shares,NASDAQ,NASDAQ,HK,Financial Services,Financial - Capital Markets,139885
SLXN,Silexion Therapeutics Ltd.,NASDAQ,NASDAQ,IL,Healthcare,Biotechnology,133408
LXEH,"Lixiang Education Holding Co., Ltd.",NASDAQ,NASDAQ,CN,Consumer Defensive,Education & Training Services,118967
AIXI,Xiao-I Corporation,NASDAQ,NASDAQ,CN,Technology,Software - Application,112547
ONFO,"Onfolio Holdings, Inc.",NASDAQ,NASDAQ,US,Communication Services,Internet Content & Information,112172
NEXR,Nexera Technologies Ltd,NASDAQ,NASDAQ,IL,Consumer Cyclical,Specialty Retail,104493
PBM,Psyence Biomedical Ltd.,NASDAQ,NASDAQ,CA,Healthcare,Biotechnology,103273
NCOOW,Southern Cross Acquisition I Corp. Warrants,NASDAQ,NASDAQ,US,Financial Services,Shell Companies,89307
AKAN,Akanda Corp.,NASDAQ,NASDAQ,CA,Healthcare,Drug Manufacturers - Specialty & Generic,83181
TWG,Top Wealth Group Holding Limited Ordinary Shares,NASDAQ,NASDAQ,HK,Consumer Defensive,Food Distribution,79758
NCT,Intercont (Cayman) Limited Ordinary shares,NASDAQ,NASDAQ,HK,Industrials,Marine Shipping,79726
NXTS,Nexentis Technologies Inc.,NASDAQ,NASDAQ,IL,Basic Materials,Agricultural Inputs,79233
PRFX,PRF Technologies Ltd.,NASDAQ,NASDAQ,IL,Healthcare,Drug Manufacturers - Specialty & Generic,76103
WNW,Meiwu Technology Company Limited,NASDAQ,NASDAQ,CN,Consumer Cyclical,Specialty Retail,75082
BIOTW,Instinct Bio Technical Company Holdings Inc. Warrants,NASDAQ,NASDAQ,US,Consumer Defensive,Household & Personal Products,64981
BSAAR,BEST SPAC I Acquisition Corp.,NASDAQ,NASDAQ,HK,Financial Services,Financial - Conglomerates,62209
LGCL,Lucas GC Limited Ordinary Shares,NASDAQ,NASDAQ,CN,Technology,Software - Application,54358
LNKS,Linkers Industries Limited,NASDAQ,NASDAQ,MY,Industrials,Electrical Equipment & Parts,49983
YYAI,AiRWA Inc.,NASDAQ,NASDAQ,US,Technology,Software - Infrastructure,48553
FGL,Founder Group Limited,NASDAQ,NASDAQ,MY,Industrials,Engineering & Construction,43148
HKIT,Hitek Global Inc.,NASDAQ,NASDAQ,CN,Technology,Information Technology Services,42890
SAIHW,SAIHEAT Limited,NASDAQ,NASDAQ,SG,Technology,Software - Services,41493
KXIN,Kaixin Auto Holdings,NASDAQ,NASDAQ,CN,Consumer Cyclical,Auto - Dealerships,38473
PARAW,Banzai International Inc Warrants 2023-14.12.2023 on Banzai Intl,NASDAQ,NASDAQ,US,Technology,Software - Application,36742
ZCMD,Zhongchao Inc.,NASDAQ,NASDAQ,CN,Healthcare,Medical - Healthcare Information Services,31256
MNDR,Mobile-health Network Solutions Class A Ordinary Shares,NASDAQ,NASDAQ,SG,Healthcare,Medical - Care Facilities,30755
FRGT,"Freight Technologies, Inc.",NASDAQ,NASDAQ,MX,Industrials,Integrated Freight & Logistics,27664
IPW,iPower Inc.,NASDAQ,NASDAQ,US,Consumer Cyclical,Specialty Retail,18888
SMXWW,SMX (Security Matters) Public Limited Company,NASDAQ,NASDAQ,IE,Technology,Software - Application,16220
OPI,Office Properties Income Trust,NASDAQ,NASDAQ,US,Real Estate,REIT - Office,14780
RETO,"ReTo Eco-Solutions, Inc.",NASDAQ,NASDAQ,CN,Basic Materials,Construction Materials,13355
WHLR,"Wheeler Real Estate Investment Trust, Inc.",NASDAQ,NASDAQ,US,Real Estate,REIT - Retail,10180
UCAR,U Power Limited,NASDAQ,NASDAQ,CN,Consumer Cyclical,Auto - Dealerships,8951
TNONW,"Tenon Medical, Inc.",NASDAQ,NASDAQ,US,Healthcare,Medical - Care Facilities,5369
NIVF,NewGenIvf Group Limited,NASDAQ,NASDAQ,TH,Healthcare,Medical - Care Facilities,4548
LBGJ,Li Bang International Corporation Inc. Ordinary Shares,NASDAQ,NASDAQ,CN,Industrials,Industrial - Machinery,1837
LGHL,Lion Group Holding Ltd.,NASDAQ,NASDAQ,SG,Financial Services,Financial - Capital Markets,897
LOVIU,Live Oak Acquisition Corp. VI Units,NASDAQ,NASDAQ,US,Financial Services,Shell Companies,10
NWCLW,newcleo plc Warrants,NASDAQ,NASDAQ,GB,Industrials,Industrial - Machinery,1
ZXZZT,SuperMontage TEST,NASDAQ,NASDAQ,US,Technology,Communication Equipment,0
XTERW,Karman Line Acquisition Corp. Warrants,NASDAQ,NASDAQ,US,Financial Services,Shell Companies,0
XLABW,Exascale Labs Holdings Inc. Warrant,NASDAQ,NASDAQ,US,Technology,Information Technology Services,0
WLCOW,Wilco 63 Corporation Warrant,NASDAQ,NASDAQ,KY,Financial Services,Shell Companies,0
THEOR,BOA Acquisition Corp. II Rights,NASDAQ,NASDAQ,US,Financial Services,Shell Companies,0
PSQLW,Pasqal Holding S.A. Ordinary Share,NASDAQ,NASDAQ,FR,Technology,Computer Hardware,0
PLCIR,Pelican Acquisition II Corporation Right,NASDAQ,NASDAQ,US,Financial Services,Shell Companies,0
OSPRW,Osprey Acquisition Corp. III,NASDAQ,NASDAQ,US,Financial Services,Shell Companies,0
METCI,"Ramaco Resources, Inc.",NASDAQ,NASDAQ,US,Energy,Coal,0
KLXER,"KLX Energy Services Holdings, Inc. Rights",NASDAQ,NASDAQ,US,Energy,Oil & Gas Exploration & Production,0
FWACR,Futurewave Acquisition Corporation Rights,NASDAQ,NASDAQ,US,Financial Services,Shell Companies,0
FPCRX,Future Path 529 JPMorgan BetaBuilders MSCI US REIT ETF Portfolio Z,NASDAQ,NASDAQ,US,Financial Services,Asset Management,0
FPCKX,Future Path 529 JPMorgan BetaBuilders International Equity ETF Portfolio Z,NASDAQ,NASDAQ,US,Financial Services,Asset Management,0
FDMMW,Freedom Metals Acquisition Corp. Warrants,NASDAQ,NASDAQ,US,Financial Services,Shell Companies,0
CGCFW,Cartesian Growth Corporation IV Warrants,NASDAQ,NASDAQ,US,Financial Services,Shell Companies,0
BPYPM,Brookfield Property Preferred L.P.,NASDAQ,NASDAQ,BM,Real Estate,Real Estate - Development,0
BCCQW,Bleichroeder Acquisition Corp. III Warrant,NASDAQ,NASDAQ,US,Financial Services,Shell Companies,0
ADAMK,"Adamas Trust, Inc. 9.600% Senior Notes due 2031",NASDAQ,NASDAQ,US,Real Estate,REIT - Diversified,0
TSM,Taiwan Semiconductor Manufacturing Company Limited,NYSE,NYSE,TW,Technology,Semiconductors,2369910171200
LLY,Eli Lilly and Company,NYSE,NYSE,US,Healthcare,Drug Manufacturers - General,1116999000100
BRK-B,Berkshire Hathaway Inc.,NYSE,NYSE,US,Financial Services,Insurance - Diversified,1083495403448
BRK-A,Berkshire Hathaway Inc.,NYSE,NYSE,US,Financial Services,Insurance - Diversified,1083492350864
JPM,JPMorgan Chase & Co.,NYSE,NYSE,US,Financial Services,Banks - Diversified,897582259800
V,Visa Inc.,NYSE,NYSE,US,Financial Services,Financial - Credit Services,683115233561
XOM,Exxon Mobil Corporation,NYSE,NYSE,US,Energy,Oil & Gas Integrated,668750065600
JNJ,Johnson & Johnson,NYSE,NYSE,US,Healthcare,Drug Manufacturers - General,644816519169
MA,Mastercard Incorporated,NYSE,NYSE,US,Financial Services,Financial - Credit Services,494279948880
ABBV,AbbVie Inc.,NYSE,NYSE,US,Healthcare,Drug Manufacturers - General,465108210128
CVX,Chevron Corporation,NYSE,NYSE,US,Energy,Oil & Gas Integrated,407063124000
ORCL,Oracle Corporation,NYSE,NYSE,US,Technology,Software - Infrastructure,397202410650
BAC,Bank of America Corporation,NYSE,NYSE,US,Financial Services,Banks - Diversified,390028586400
CAT,Caterpillar Inc.,NYSE,NYSE,US,Industrials,Agricultural - Machinery,380780969680
KO,The Coca-Cola Company,NYSE,NYSE,US,Consumer Defensive,Beverages - Non-Alcoholic,373633349429
MRK,"Merck & Co., Inc.",NYSE,NYSE,US,Healthcare,Drug Manufacturers - General,368793522400
DELL,Dell Technologies Inc.,NYSE,NYSE,US,Technology,Computer Hardware,358482948918
PG,The Procter & Gamble Company,NYSE,NYSE,US,Consumer Defensive,Household & Personal Products,352682717893
HSBC,HSBC Holdings plc,NYSE,NYSE,GB,Financial Services,Banks - Diversified,346146438400
UNH,UnitedHealth Group Incorporated,NYSE,NYSE,US,Healthcare,Medical - Healthcare Plans,340499662836
GE,GE Aerospace,NYSE,NYSE,US,Industrials,Aerospace & Defense,329830747258
MS,Morgan Stanley,NYSE,NYSE,US,Financial Services,Financial - Capital Markets,304146902400
PM,Philip Morris International Inc.,NYSE,NYSE,US,Consumer Defensive,Tobacco,302214479000
HD,"The Home Depot, Inc.",NYSE,NYSE,US,Consumer Cyclical,Home Improvement,287209580680
RY,Royal Bank of Canada,NYSE,NYSE,CA,Financial Services,Banks - Diversified,277678044000
NVS,Novartis AG,NYSE,NYSE,CH,Healthcare,Drug Manufacturers - General,276953159336
GS,"The Goldman Sachs Group, Inc.",NYSE,NYSE,US,Financial Services,Financial - Capital Markets,270297213680
SHEL,Shell plc,NYSE,NYSE,GB,Energy,Oil & Gas Integrated,265259358300
MUFG,"Mitsubishi UFJ Financial Group, Inc.",NYSE,NYSE,JP,Financial Services,Banks - Diversified,260834063701
BABA,Alibaba Group Holding Limited,NYSE,NYSE,CN,Consumer Cyclical,Specialty Retail,258286939328
GEV,GE Vernova Inc.,NYSE,NYSE,US,Industrials,Industrial - Machinery,256343426664
ANET,"Arista Networks, Inc.",NYSE,NYSE,US,Technology,Computer Hardware,255435112193
AZN,AstraZeneca PLC,NYSE,NYSE,GB,Healthcare,Drug Manufacturers - General,254668765507
RTX,RTX Corporation,NYSE,NYSE,US,Industrials,Aerospace & Defense,251949899401
TMO,Thermo Fisher Scientific Inc.,NYSE,NYSE,US,Healthcare,Medical - Diagnostics & Research,251283953038
SAP,SAP SE,NYSE,NYSE,DE,Technology,Software - Application,245689834329
WFC,Wells Fargo & Company,NYSE,NYSE,US,Financial Services,Banks - Diversified,243432000000
C,Citigroup Inc.,NYSE,NYSE,US,Financial Services,Banks - Diversified,224310228000
TM,Toyota Motor Corporation,NYSE,NYSE,JP,Consumer Cyclical,Auto - Manufacturers,221099110400
BHP,BHP Group Limited,NYSE,NYSE,AU,Basic Materials,Industrial Materials,215472070703
SAN,"Banco Santander, S.A.",NYSE,NYSE,ES,Financial Services,Banks - Diversified,208283980241
APH,Amphenol Corporation,NYSE,NYSE,US,Technology,"Hardware, Equipment & Parts",207979066400
IBM,International Business Machines Corporation,NYSE,NYSE,US,Technology,Information Technology Services,207260058660
AXP,American Express Company,NYSE,NYSE,US,Financial Services,Financial - Credit Services,206239674000
TD,The Toronto-Dominion Bank,NYSE,NYSE,CA,Financial Services,Banks - Diversified,201050500000
TTE,TotalEnergies SE,NYSE,NYSE,FR,Energy,Oil & Gas Integrated,195330428569
VZ,Verizon Communications Inc.,NYSE,NYSE,US,Communication Services,Telecommunications Services,191992248800
CRM,"Salesforce, Inc.",NYSE,NYSE,US,Technology,Software - Application,184528890000
DE,Deere & Company,NYSE,NYSE,US,Industrials,Agricultural - Machinery,183692417713
DIS,The Walt Disney Company,NYSE,NYSE,US,Communication Services,Entertainment,183167074800
MER-PK,Bank of America Corp 6.45 % Notes 2018-15.12.66 Income Capital Obligations,NYSE,NYSE,US,Financial Services,Banks,177021020000
ABT,Abbott Laboratories,NYSE,NYSE,US,Healthcare,Medical - Devices,174664897570
SCHW,The Charles Schwab Corporation,NYSE,NYSE,US,Financial Services,Financial - Capital Markets,172348774000
NVO,Novo Nordisk A/S,NYSE,NYSE,DK,Healthcare,Drug Manufacturers - General,170119716079
SCCO,Southern Copper Corporation,NYSE,NYSE,US,Basic Materials,Copper,168993887050
ETN,Eaton Corporation plc,NYSE,NYSE,IE,Industrials,Electrical Equipment & Parts,168238741000
WELL,Welltower Inc.,NYSE,NYSE,US,Real Estate,REIT - Healthcare Facilities,167860852823
T,AT&T Inc.,NYSE,NYSE,US,Communication Services,Telecommunications Services,167815031100
MCD,McDonald's Corporation,NYSE,NYSE,US,Consumer Cyclical,Restaurants,166244193880
BLK,"BlackRock, Inc.",NYSE,NYSE,US,Financial Services,Asset Management,165525360300
PFE,Pfizer Inc.,NYSE,NYSE,US,Healthcare,Drug Manufacturers - General,163716414000
UNP,Union Pacific Corporation,NYSE,NYSE,US,Industrials,Railroads,162865797777
UBS,UBS Group AG,NYSE,NYSE,CH,Financial Services,Banks - Diversified,159891324095
DHR,Danaher Corporation,NYSE,NYSE,US,Healthcare,Medical - Diagnostics & Research,159036534996
NEE,"NextEra Energy, Inc.",NYSE,NYSE,US,Utilities,Regulated Electric,158304885143
BBVA,"Banco Bilbao Vizcaya Argentaria, S.A.",NYSE,NYSE,ES,Financial Services,Banks - Diversified,158244180844
TBB,AT&T Inc. 5.35% GLB NTS 66,NYSE,NYSE,US,Communication Services,Telecommunications Services,154287746554
RIO,Rio Tinto Group,NYSE,NYSE,GB,Basic Materials,Industrial Materials,153011860790
COP,ConocoPhillips,NYSE,NYSE,US,Energy,Oil & Gas Exploration & Production,152822800238
BA,The Boeing Company,NYSE,NYSE,US,Industrials,Aerospace & Defense,148336641600
TJX,"The TJX Companies, Inc.",NYSE,NYSE,US,Consumer Cyclical,Apparel - Retail,147831548964
BUD,Anheuser-Busch InBev SA/NV,NYSE,NYSE,BE,Consumer Defensive,Beverages - Alcoholic,146309385731
UBER,"Uber Technologies, Inc.",NYSE,NYSE,US,Technology,Software - Application,141189147542
BX,Blackstone Inc.,NYSE,NYSE,US,Financial Services,Asset Management,137735341336
SONY,Sony Group Corporation,NYSE,NYSE,JP,Technology,Consumer Electronics,137239524437
GLW,Corning Inc,NYSE,NYSE,US,Technology,"Hardware, Equipment & Parts",136745345000
NOW,"ServiceNow, Inc.",NYSE,NYSE,US,Technology,Software - Application,134340028280
MFG,"Mizuho Financial Group, Inc.",NYSE,NYSE,JP,Financial Services,Banks - Regional,134004122384
PBR,Petróleo Brasileiro S.A. - Petrobras,NYSE,NYSE,BR,Energy,Oil & Gas Integrated,133076160461
UL,Unilever PLC,NYSE,NYSE,GB,Consumer Defensive,Household & Personal Products,131931006547
BMY,Bristol-Myers Squibb Company,NYSE,NYSE,US,Healthcare,Drug Manufacturers - General,128404750600
CB,Chubb Limited,NYSE,NYSE,CH,Financial Services,Insurance - Property & Casualty,128116464000
NET,"Cloudflare, Inc.",NYSE,NYSE,US,Technology,Software - Infrastructure,124952912493
PLD,"Prologis, Inc.",NYSE,NYSE,US,Real Estate,REIT - Industrial,123744539120
NEM,Newmont Corporation,NYSE,NYSE,US,Basic Materials,Gold,123376828011
PGR,The Progressive Corporation,NYSE,NYSE,US,Financial Services,Insurance - Property & Casualty,122396328000
PH,Parker-Hannifin Corporation,NYSE,NYSE,US,Industrials,Industrial - Machinery,122350449294
PBR-A,Petróleo Brasileiro S.A. - Petrobras,NYSE,NYSE,BR,Energy,Oil & Gas Integrated,121091084045
COF,Capital One Financial Corporation,NYSE,NYSE,US,Financial Services,Financial - Credit Services,120525263100
BMO,Bank of Montreal,NYSE,NYSE,CA,Financial Services,Banks - Diversified,118797662749
BTI,British American Tobacco p.l.c.,NYSE,NYSE,GB,Consumer Defensive,Tobacco,118307491421
LMT,Lockheed Martin Corporation,NYSE,NYSE,US,Industrials,Aerospace & Defense,118213458110
HDB,HDFC Bank Limited,NYSE,NYSE,IN,Financial Services,Banks - Regional,116128223165
SPGI,S&P Global Inc.,NYSE,NYSE,US,Financial Services,Financial - Data & Stock Exchanges,115694260000
MO,"Altria Group, Inc.",NYSE,NYSE,US,Consumer Defensive,Tobacco,114736456280
SNOW,Snowflake Inc.,NYSE,NYSE,US,Technology,Software - Application,114485446000
MPC,Marathon Petroleum Corporation,NYSE,NYSE,US,Energy,Oil & Gas Refining & Marketing,114448062110
BP,BP p.l.c.,NYSE,NYSE,GB,Energy,Oil & Gas Integrated,114131417600
BNS,The Bank of Nova Scotia,NYSE,NYSE,CA,Financial Services,Banks - Diversified,112729574465
VLO,Valero Energy Corporation,NYSE,NYSE,US,Energy,Oil & Gas Refining & Marketing,111635235567
MDT,Medtronic plc,NYSE,NYSE,IE,Healthcare,Medical - Devices,111479554500
CVS,CVS Health Corp.,NYSE,NYSE,US,Healthcare,Medical - Healthcare Plans,111133503000
EP-PC,El Paso Energy Capital Trust I PFD CV TR SECS,NYSE,NYSE,US,Financial Services,Financial - Credit Services,110011220000
ACN,Accenture plc,NYSE,NYSE,IE,Technology,Information Technology Services,108387186346
SYK,Stryker Corporation,NYSE,NYSE,US,Healthcare,Medical - Devices,106905132174
LOW,"Lowe's Companies, Inc.",NYSE,NYSE,US,Consumer Cyclical,Home Improvement,105031635240
CM,Canadian Imperial Bank of Commerce,NYSE,NYSE,CA,Financial Services,Banks - Diversified,103511714810
ING,ING Groep N.V.,NYSE,NYSE,NL,Financial Services,Banks - Diversified,103065370753
SOJE,Southern Company (The) Series 2,NYSE,NYSE,US,Utilities,Regulated Electric,101920881178
ENB,Enbridge Inc.,NYSE,NYSE,CA,Energy,Oil & Gas Midstream,101869605000
FCX,Freeport-McMoRan Inc.,NYSE,NYSE,US,Basic Materials,Copper,101779248000
SPOT,Spotify Technology S.A.,NYSE,NYSE,SE,Communication Services,Internet Content & Information,101488698640
MCK,McKesson Corporation,NYSE,NYSE,US,Healthcare,Medical - Distribution,101251395960
PSX,Phillips 66,NYSE,NYSE,US,Energy,Oil & Gas Refining & Marketing,101135858795
BNY,Bank of New York Mellon Corp,NYSE,NYSE,US,Financial Services,Investment - Banking & Investment Services,100883985420
SMFG,"Sumitomo Mitsui Financial Group, Inc.",NYSE,NYSE,JP,Financial Services,Banks - Diversified,100808349280
TT,Trane Technologies plc,NYSE,NYSE,IE,Industrials,Industrial - Machinery,100240361943
ASX,"ASE Technology Holding Co., Ltd.",NYSE,NYSE,TW,Technology,Semiconductors,99628284995
GSK,GSK plc,NYSE,NYSE,GB,Healthcare,Drug Manufacturers - General,98872725000
EQNR,Equinor ASA,NYSE,NYSE,NO,Energy,Oil & Gas Integrated,98833605000
SOMN,The Southern Company,NYSE,NYSE,US,Utilities,Regulated Electric,98832369627
CNQ,Canadian Natural Resources Limited,NYSE,NYSE,CA,Energy,Oil & Gas Exploration & Production,98382940700
PWR,"Quanta Services, Inc.",NYSE,NYSE,US,Industrials,Engineering & Construction,97992063970
IBN,ICICI Bank Limited,NYSE,NYSE,IN,Financial Services,Banks - Regional,97457194137
SO,The Southern Company,NYSE,NYSE,US,Utilities,Regulated Electric,95997542000
VRT,Vertiv Holdings Co,NYSE,NYSE,US,Industrials,Electrical Equipment & Parts,95607919920
AEM,Agnico Eagle Mines Limited,NYSE,NYSE,CA,Basic Materials,Gold,94097782677
HCA,"HCA Healthcare, Inc.",NYSE,NYSE,US,Healthcare,Medical - Care Facilities,93448543308
HWM,Howmet Aerospace Inc.,NYSE,NYSE,US,Industrials,Aerospace & Defense,92452836097
BNH,Brookfield Finance Inc.,NYSE,NYSE,CA,Financial Services,Asset Management,92036072072
USB,U.S. Bancorp,NYSE,NYSE,US,Financial Services,Banks - Regional,90566522666
JCI,Johnson Controls International plc,NYSE,NYSE,IE,Basic Materials,Construction Materials,90509890447
GD,General Dynamics Corporation,NYSE,NYSE,US,Industrials,Aerospace & Defense,89916913380
ITUB,Itaú Unibanco Holding S.A.,NYSE,NYSE,BR,Financial Services,Banks,89165243428
DUK,Duke Energy Corporation,NYSE,NYSE,US,Utilities,Regulated Electric,89037659160
BNJ,Brookfield Finance Inc. 4.50% P,NYSE,NYSE,CA,Financial Services,Asset Management,88698870797
PNC,"The PNC Financial Services Group, Inc.",NYSE,NYSE,US,Financial Services,Banks - Regional,88438350000
EMR,Emerson Electric Co.,NYSE,NYSE,US,Industrials,Industrial - Machinery,88092528000
MMM,3M Company,NYSE,NYSE,US,Industrials,Conglomerates,86894070040
BE,Bloom Energy Corporation,NYSE,NYSE,US,Industrials,Electrical Equipment & Parts,85780988750
ICE,"Intercontinental Exchange, Inc.",NYSE,NYSE,US,Financial Services,Financial - Data & Stock Exchanges,85438705050
ELV,Elevance Health Inc.,NYSE,NYSE,US,Healthcare,Medical - Healthcare Plans,85171076262
WMB,"The Williams Companies, Inc.",NYSE,NYSE,US,Energy,Oil & Gas Midstream,83945983603
KKR,KKR & Co. Inc.,NYSE,NYSE,US,Financial Services,Asset Management,83663800642
WM,"Waste Management, Inc.",NYSE,NYSE,US,Industrials,Waste Management,82777017455
LYG,Lloyds Banking Group plc,NYSE,NYSE,GB,Financial Services,Banks - Regional,82583900783
BCS,Barclays PLC,NYSE,NYSE,GB,Financial Services,Banks - Diversified,82572393240
BN,Brookfield Corporation,NYSE,NYSE,CA,Financial Services,Asset Management,81503902167
HPE,Hewlett Packard Enterprise Company,NYSE,NYSE,US,Technology,Computer Hardware,81438516542
MRSH,"Marsh & McLennan Companies, Inc.",NYSE,NYSE,US,Financial Services,Insurance - Brokers,81326344293
SHW,The Sherwin-Williams Company,NYSE,NYSE,US,Basic Materials,Chemicals - Specialty,80217003416
UPS,"United Parcel Service, Inc.",NYSE,NYSE,US,Industrials,Integrated Freight & Logistics,79785243431
SU,Suncor Energy Inc.,NYSE,NYSE,CA,Energy,Oil & Gas Integrated,79712432500
E,Eni S.p.A.,NYSE,NYSE,IT,Energy,Oil & Gas Integrated,79174552234
MCO,Moody's Corporation,NYSE,NYSE,US,Financial Services,Financial - Data & Stock Exchanges,78774824000
ECL,Ecolab Inc.,NYSE,NYSE,US,Basic Materials,Chemicals - Specialty,78203177060
AMT,American Tower Corporation,NYSE,NYSE,US,Real Estate,REIT - Specialty,77978406000
EPD,Enterprise Products Partners L.P.,NYSE,NYSE,US,Energy,Oil & Gas Midstream,77929928121
ITW,Illinois Tool Works Inc.,NYSE,NYSE,US,Industrials,Industrial - Machinery,76836039000
CP,Canadian Pacific Kansas City Ltd.,NYSE,NYSE,CA,Industrials,Railroads,76049143668
TRV,"The Travelers Companies, Inc.",NYSE,NYSE,US,Financial Services,Insurance - Property & Casualty,75756533741
NGG,National Grid plc,NYSE,NYSE,GB,Utilities,Regulated Electric,75341567489
EOG,"EOG Resources, Inc.",NYSE,NYSE,US,Energy,Oil & Gas Exploration & Production,74386966140
MSI,"Motorola Solutions, Inc.",NYSE,NYSE,US,Technology,Communication Equipment,74054135520
SLB,Slb N.V.,NYSE,NYSE,US,Energy,Oil & Gas Equipment & Services,74014224775
APOS,"Apollo Global Management, Inc.",NYSE,NYSE,US,Financial Services,Asset Management,73585939601
CNI,Canadian National Railway Company,NYSE,NYSE,CA,Industrials,Railroads,72920695000
HLT,Hilton Worldwide Holdings Inc.,NYSE,NYSE,US,Consumer Cyclical,Travel Lodging,72795023600
GM,General Motors Company,NYSE,NYSE,US,Consumer Cyclical,Auto - Manufacturers,72781215504
CI,Cigna Corporation,NYSE,NYSE,US,Healthcare,Medical - Healthcare Plans,72734836176
MFC,Manulife Financial Corporation,NYSE,NYSE,CA,Financial Services,Insurance - Life,72463203800
CMI,Cummins Inc.,NYSE,NYSE,US,Industrials,Industrial - Machinery,71943324930
BAM,Brookfield Asset Management Ltd.,NYSE,NYSE,US,Financial Services,Asset Management,71807485038
NOC,Northrop Grumman Corporation,NYSE,NYSE,US,Industrials,Aerospace & Defense,71686410430
TGT,Target Corporation,NYSE,NYSE,US,Consumer Defensive,Discount Stores,71058181950
RACE,Ferrari N.V.,NYSE,NYSE,IT,Consumer Cyclical,Auto - Manufacturers,70727040264
NSC,Norfolk Southern Corporation,NYSE,NYSE,US,Industrials,Railroads,70302304000
RCL,Royal Caribbean Cruises Ltd.,NYSE,NYSE,US,Consumer Cyclical,Travel Services,69910390650
CVNA,Carvana Co.,NYSE,NYSE,US,Consumer Cyclical,Auto - Dealerships,69780685135
CL,Colgate-Palmolive Company,NYSE,NYSE,US,Consumer Defensive,Household & Personal Products,69184340940
B,Barrick Mining Corporation,NYSE,NYSE,CA,Basic Materials,Gold,69098032400
APO,"Apollo Global Management, Inc.",NYSE,NYSE,US,Financial Services,Asset Management,68540643129
ET,Energy Transfer LP,NYSE,NYSE,US,Energy,Oil & Gas Midstream,68513495600
FDX,FedEx Corporation,NYSE,NYSE,US,Industrials,Integrated Freight & Logistics,68009994114
DB,Deutsche Bank AG,NYSE,NYSE,DE,Financial Services,Banks - Regional,67853578800
KMI,"Kinder Morgan, Inc.",NYSE,NYSE,US,Energy,Oil & Gas Midstream,67806060000
SPG,"Simon Property Group, Inc.",NYSE,NYSE,US,Real Estate,REIT - Retail,66244326960
AMX,"América Móvil, S.A.B. de C.V.",NYSE,NYSE,MX,Communication Services,Telecommunications Services,65362324152
DLR,"Digital Realty Trust, Inc.",NYSE,NYSE,US,Real Estate,REIT - Specialty,65322962913
BSX,Boston Scientific Corporation,NYSE,NYSE,US,Healthcare,Medical - Devices,65221476800
RSG,"Republic Services, Inc.",NYSE,NYSE,US,Industrials,Waste Management,65200154880
URI,"United Rentals, Inc.",NYSE,NYSE,US,Industrials,Rental & Leasing Services,63147505950
APD,"Air Products and Chemicals, Inc.",NYSE,NYSE,US,Basic Materials,Chemicals - Specialty,62171573121
UMC,United Microelectronics Corporation,NYSE,NYSE,TW,Technology,Semiconductors,61660527535
TEL,TE Connectivity plc,NYSE,NYSE,IE,Technology,Semiconductors,61638487460
KEYS,"Keysight Technologies, Inc.",NYSE,NYSE,US,Technology,"Hardware, Equipment & Parts",61633414469
TDG,TransDigm Group Incorporated,NYSE,NYSE,US,Industrials,Aerospace & Defense,61515213944
WPM,Wheaton Precious Metals Corp.,NYSE,NYSE,CA,Basic Materials,Gold,61483983750
MET,"MetLife, Inc.",NYSE,NYSE,US,Financial Services,Insurance - Life,61255181361
TRP,TC Energy Corporation,NYSE,NYSE,CA,Energy,Oil & Gas Midstream,60648847015
COR,"Cencora, Inc.",NYSE,NYSE,US,Healthcare,Medical - Distribution,59846982056
NU,Nu Holdings Ltd.,NYSE,NYSE,BR,Financial Services,Banks - Regional,59812532000
SE,Sea Limited,NYSE,NYSE,SG,Consumer Cyclical,Specialty Retail,59206446585
GWW,"W.W. Grainger, Inc.",NYSE,NYSE,US,Industrials,Industrial - Distribution,58953581577
TAK,Takeda Pharmaceutical Company Limited,NYSE,NYSE,JP,Healthcare,Drug Manufacturers - Specialty & Generic,58901527902
TRGP,Targa Resources Corp.,NYSE,NYSE,US,Energy,Oil & Gas Midstream,58702987560
FIX,"Comfort Systems USA, Inc.",NYSE,NYSE,US,Industrials,Engineering & Construction,58600269215
AON,Aon plc,NYSE,NYSE,IE,Financial Services,Insurance - Brokers,58525407241
AJG,Arthur J. Gallagher & Co.,NYSE,NYSE,US,Financial Services,Insurance - Brokers,58508974772
RELX,RELX Plc,NYSE,NYSE,GB,Industrials,Specialty Business Services,58033540160
ALL,The Allstate Corporation,NYSE,NYSE,US,Financial Services,Insurance - Property & Casualty,58027841820
MPLX,MPLX Lp,NYSE,NYSE,US,Energy,Oil & Gas Midstream,57890346500
TFC,Truist Financial Corporation,NYSE,NYSE,US,Financial Services,Banks - Regional,57858667200
AFL,Aflac Incorporated,NYSE,NYSE,US,Financial Services,Insurance - Life,57851235100
AME,"AMETEK, Inc.",NYSE,NYSE,US,Industrials,Electrical Equipment & Parts,57479528340
COHR,"Coherent, Inc.",NYSE,NYSE,US,Technology,"Hardware, Equipment & Parts",57167765989
CVE,Cenovus Energy Inc.,NYSE,NYSE,CA,Energy,Oil & Gas Integrated,57097825200
VALE,Vale S.A.,NYSE,NYSE,BR,Basic Materials,Industrial Materials,56718302213
CRH,CRH plc,NYSE,NYSE,IE,Basic Materials,Construction Materials,56482962906
LNG,"Cheniere Energy, Inc.",NYSE,NYSE,US,Energy,Oil & Gas Midstream,56011154080
GRMN,Garmin Ltd.,NYSE,NYSE,CH,Technology,"Hardware, Equipment & Parts",55971726190
NOK,Nokia Oyj,NYSE,NYSE,FI,Technology,Communication Equipment,55953241120
DAL,"Delta Air Lines, Inc.",NYSE,NYSE,US,Industrials,"Airlines, Airports & Air Services",55812464010
OKE,"ONEOK, Inc.",NYSE,NYSE,US,Energy,Oil & Gas Midstream,54734568420
OXY,Occidental Petroleum Corporation,NYSE,NYSE,US,Energy,Oil & Gas Exploration & Production,54645230473
NUE,Nucor Corporation,NYSE,NYSE,US,Basic Materials,Steel,53801533840
D,"Dominion Energy, Inc.",NYSE,NYSE,US,Utilities,Regulated Electric,53347646437
PSA,Public Storage,NYSE,NYSE,US,Real Estate,REIT - Industrial,53253816080
NKE,"NIKE, Inc.",NYSE,NYSE,US,Consumer Cyclical,Apparel - Footwear & Accessories,53036434304
CAH,"Cardinal Health, Inc.",NYSE,NYSE,US,Healthcare,Medical - Distribution,52441065460
CTVA,"Corteva, Inc.",NYSE,NYSE,US,Basic Materials,Agricultural Inputs,52081013400
MT,ArcelorMittal S.A.,NYSE,NYSE,LU,Basic Materials,Steel,51724356000
O,Realty Income Corporation,NYSE,NYSE,US,Real Estate,REIT - Retail,51417664020
DVN,Devon Energy Corporation,NYSE,NYSE,US,Energy,Oil & Gas Exploration & Production,51260000000
SRE,Sempra,NYSE,NYSE,US,Utilities,Diversified Utilities,51116618865
EW,Edwards Lifesciences Corporation,NYSE,NYSE,US,Healthcare,Medical - Devices,50716464000
CIEN,Ciena Corporation,NYSE,NYSE,US,Technology,Communication Equipment,50239963076
BDX,"Becton, Dickinson and Company",NYSE,NYSE,US,Healthcare,Medical - Instruments & Supplies,50140013800
FITB-PM,Fifth Third Bancorp,NYSE,NYSE,US,Financial Services,Banks - Regional,49943986118
A,"Agilent Technologies, Inc.",NYSE,NYSE,US,Healthcare,Medical - Diagnostics & Research,49434072960
STT,State Street Corporation,NYSE,NYSE,US,Financial Services,Asset Management,49206404930
WAB,Westinghouse Air Brake Technologies Corporation,NYSE,NYSE,US,Industrials,Railroads,49191950530
F,Ford Motor Company,NYSE,NYSE,US,Consumer Cyclical,Auto - Manufacturers,49087304212
CTA-PA,"EIDP, Inc.",NYSE,NYSE,US,Basic Materials,Agricultural Inputs,49055294860
CTA-PB,"EIDP, Inc. USD 4.50 Cum Pfd Registered Shs",NYSE,NYSE,US,Basic Materials,Agricultural Inputs,48749412058
ROK,"Rockwell Automation, Inc.",NYSE,NYSE,US,Industrials,Industrial - Machinery,48018069220
AU,AngloGold Ashanti plc,NYSE,NYSE,US,Basic Materials,Gold,47858757985
FNV,Franco-Nevada Corporation,NYSE,NYSE,CA,Basic Materials,Gold,47816716640
STM,STMicroelectronics N.V.,NYSE,NYSE,NL,Technology,Semiconductors,47519105756
VST,Vistra Corp.,NYSE,NYSE,US,Utilities,Independent Power Producers,47485406968
DEO,Diageo plc,NYSE,NYSE,GB,Consumer Defensive,Beverages - Alcoholic,47440079300
ELC,"Entergy Louisiana, LLC COLLATERAL TR MT",NYSE,NYSE,US,Utilities,Regulated Electric,47258253731
AZO,"AutoZone, Inc.",NYSE,NYSE,US,Consumer Cyclical,Specialty Retail,46951357762
ETR,Entergy Corporation,NYSE,NYSE,US,Utilities,Regulated Electric,46551158240
HUM,Humana Inc.,NYSE,NYSE,US,Healthcare,Medical - Healthcare Plans,46421727200
TEVA,Teva Pharmaceutical Industries Limited,NYSE,NYSE,IL,Healthcare,Drug Manufacturers - Specialty & Generic,46364318400
FITB,Fifth Third Bancorp,NYSE,NYSE,US,Financial Services,Banks - Regional,46194722640
CARR,Carrier Global Corporation,NYSE,NYSE,US,Industrials,Industrial - Machinery,45651121657
VEEV,Veeva Systems Inc.,NYSE,NYSE,US,Technology,Software - Application,45251827574
KB,KB Financial Group Inc.,NYSE,NYSE,KR,Financial Services,Banks - Regional,44906472236
AMP,"Ameriprise Financial, Inc.",NYSE,NYSE,US,Financial Services,Asset Management,44707625772
ABEV,Ambev S.A.,NYSE,NYSE,BR,Consumer Defensive,Beverages - Alcoholic,44504150400
IQV,IQVIA Holdings Inc.,NYSE,NYSE,US,Healthcare,Medical - Diagnostics & Research,44308674000
TWLO,Twilio Inc.,NYSE,NYSE,US,Technology,Software - Infrastructure,44132803011
XYZ,"Block, Inc.",NYSE,NYSE,US,Technology,Software - Infrastructure,44091006406
LHX,"L3Harris Technologies, Inc.",NYSE,NYSE,US,Industrials,Aerospace & Defense,44034261050
SLF,Sun Life Financial Inc.,NYSE,NYSE,CA,Financial Services,Insurance - Diversified,43805881040
WAT,Waters Corporation,NYSE,NYSE,US,Healthcare,Medical - Diagnostics & Research,43521862087
FERG,Ferguson plc,NYSE,NYSE,US,Industrials,Industrial - Distribution,43416859763
P,"Everpure, Inc.",NYSE,NYSE,US,Technology,Computer Hardware,43225946200
INFY,Infosys Limited,NYSE,NYSE,IN,Technology,Information Technology Services,43172651200
HEI,HEICO Corporation,NYSE,NYSE,US,Industrials,Aerospace & Defense,42786463854
BSBR,Banco Santander (Brasil) S.A.,NYSE,NYSE,BR,Financial Services,Banks - Regional,42529155541
IX,ORIX Corporation,NYSE,NYSE,JP,Financial Services,Financial - Credit Services,42443447501
VTR,"Ventas, Inc.",NYSE,NYSE,US,Real Estate,REIT - Healthcare Facilities,42257896400
CLS,Celestica Inc.,NYSE,NYSE,CA,Technology,"Hardware, Equipment & Parts",42137453540
HMC,"Honda Motor Co., Ltd.",NYSE,NYSE,JP,Consumer Cyclical,Auto - Manufacturers,41642301925
WDS,Woodside Energy Group Ltd,NYSE,NYSE,AU,Energy,Oil & Gas Exploration & Production,41139219135
CMG,"Chipotle Mexican Grill, Inc.",NYSE,NYSE,US,Consumer Cyclical,Restaurants,40906259700
FMX,"Fomento Económico Mexicano, S.A.B. de C.V.",NYSE,NYSE,MX,Consumer Defensive,Beverages - Alcoholic,40748854410
HLN,Haleon plc,NYSE,NYSE,GB,Healthcare,Drug Manufacturers - Specialty & Generic,39942461465
PRU,"Prudential Financial, Inc.",NYSE,NYSE,US,Financial Services,Insurance - Life,39925820000
AIG,"American International Group, Inc.",NYSE,NYSE,US,Financial Services,Insurance - Diversified,39908605620
LYV,"Live Nation Entertainment, Inc.",NYSE,NYSE,US,Communication Services,Entertainment,39814867170
PFH,"Prudential Financial, Inc. 4.125% Junior Subordinated Notes due 2060",NYSE,NYSE,US,Financial Services,Insurance - Diversified,39448926038
MSCI,MSCI Inc.,NYSE,NYSE,US,Financial Services,Financial - Data & Stock Exchanges,39240552000
WCN,"Waste Connections, Inc.",NYSE,NYSE,CA,Industrials,Waste Management,39208898000
ARES,Ares Management Corporation,NYSE,NYSE,US,Financial Services,Asset Management,39071527315
DHI,"D.R. Horton, Inc.",NYSE,NYSE,US,Consumer Cyclical,Residential Construction,38990356620
SHG,"Shinhan Financial Group Co., Ltd.",NYSE,NYSE,KR,Financial Services,Banks - Regional,38652645278
ADM,Archer-Daniels-Midland Company,NYSE,NYSE,US,Consumer Defensive,Agricultural Farm Products,38267385800
ED,"Consolidated Edison, Inc.",NYSE,NYSE,US,Utilities,Regulated Electric,38080204900
YUM,"Yum! Brands, Inc.",NYSE,NYSE,US,Consumer Cyclical,Restaurants,37969548960
CBRE,"CBRE Group, Inc.",NYSE,NYSE,US,Real Estate,Real Estate - Services,37890927743
CCJ,Cameco Corporation,NYSE,NYSE,CA,Energy,Uranium,37839107040
DUKU,Duke Energy Corporation Units 1.08.29,NYSE,NYSE,US,Utilities,Regulated Electric,37581636400
SYY,Sysco Corporation,NYSE,NYSE,US,Consumer Defensive,Food Distribution,37532583670
KR,The Kroger Co.,NYSE,NYSE,US,Consumer Defensive,Grocery Stores,37242811130
NWG,NatWest Group plc,NYSE,NYSE,GB,Financial Services,Banks - Regional,36350800174
BBD,Banco Bradesco S.A.,NYSE,NYSE,BR,Financial Services,Banks - Regional,35534615545
CHT,"Chunghwa Telecom Co., Ltd.",NYSE,NYSE,TW,Communication Services,Telecommunications Services,35366198821
VIK,Viking Holdings Ltd,NYSE,NYSE,BM,Consumer Cyclical,Travel Services,34965262229
HIG,"The Hartford Insurance Group, Inc.",NYSE,NYSE,US,Financial Services,Insurance - Diversified,34499363697
CCL,Carnival Corporation & plc,NYSE,NYSE,US,Consumer Cyclical,Travel Services,34391889378
KVUE,Kenvue Inc.,NYSE,NYSE,US,Consumer Defensive,Household & Personal Products,34387355244
NTR,Nutrien Ltd.,NYSE,NYSE,CA,Basic Materials,Agricultural Inputs,34168076147
EL,The Estée Lauder Companies Inc.,NYSE,NYSE,US,Consumer Defensive,Household & Personal Products,34131235966
EC,Ecopetrol S.A.,NYSE,NYSE,CO,Energy,Oil & Gas Integrated,33962389822
UI,Ubiquiti Inc.,NYSE,NYSE,US,Technology,Communication Equipment,33851212582
PEG,Public Service Enterprise Group Incorporated,NYSE,NYSE,US,Utilities,Regulated Electric,33726365280
EME,"EMCOR Group, Inc.",NYSE,NYSE,US,Industrials,Engineering & Construction,33613067859
JBL,Jabil Inc.,NYSE,NYSE,US,Technology,"Hardware, Equipment & Parts",33437560100
WEC,"WEC Energy Group, Inc.",NYSE,NYSE,US,Utilities,Regulated Electric,33412973080
BBDO,Banco Bradesco S.A.,NYSE,NYSE,BR,Financial Services,Banks - Regional,33328523226
IRM,Iron Mountain Incorporated,NYSE,NYSE,US,Real Estate,REIT - Specialty,33174001932
PPLC,PPL Corporation,NYSE,NYSE,US,Utilities,Regulated Electric,33117090429
RKT,"Rocket Companies, Inc.",NYSE,NYSE,US,Financial Services,Financial - Mortgages,33012725811
GFI,Gold Fields Limited,NYSE,NYSE,ZA,Basic Materials,Gold,32914507600
HSY,The Hershey Company,NYSE,NYSE,US,Consumer Defensive,Food Confectioners,32735498343
PCG,PG&E Corporation,NYSE,NYSE,US,Utilities,Regulated Electric,32643745841
RMD,ResMed Inc.,NYSE,NYSE,US,Healthcare,Medical - Instruments & Supplies,32322914047
ALC,Alcon Inc.,NYSE,NYSE,CH,Healthcare,Medical - Specialties,31915088000
MTB,M&T Bank Corporation,NYSE,NYSE,US,Financial Services,Banks - Regional,31522927500
VMC,Vulcan Materials Company,NYSE,NYSE,US,Basic Materials,Construction Materials,31455302250
PUK,Prudential plc,NYSE,NYSE,HK,Financial Services,Insurance - Life,31390913700
TECK,Teck Resources Limited,NYSE,NYSE,CA,Basic Materials,Copper,31322550000
MTD,Mettler-Toledo International Inc.,NYSE,NYSE,US,Healthcare,Medical - Diagnostics & Research,31065749708
CNC,Centene Corp.,NYSE,NYSE,US,Healthcare,Medical - Healthcare Plans,30728958975
RJF,"Raymond James Financial, Inc.",NYSE,NYSE,US,Financial Services,Asset Management,30707185000
VG,"Venture Global, Inc.",NYSE,NYSE,US,Energy,Oil & Gas Midstream,30620791915
EQT,EQT Corporation,NYSE,NYSE,US,Energy,Oil & Gas Exploration & Production,30587732400
BAP,Credicorp Ltd.,NYSE,NYSE,PE,Financial Services,Banks - Diversified,30510537178
SUNB,Sunbelt Rentals Holdings Inc,NYSE,NYSE,US,Industrials,Rental & Leasing Services,30245930682
IR,Ingersoll Rand Inc.,NYSE,NYSE,US,Industrials,Industrial - Machinery,29929453760
TS,Tenaris S.A.,NYSE,NYSE,LU,Energy,Oil & Gas Equipment & Services,29537882441
CQP,"Cheniere Energy Partners, L.P.",NYSE,NYSE,US,Energy,Oil & Gas Midstream,29478888600
ZTS,Zoetis Inc.,NYSE,NYSE,US,Healthcare,Drug Manufacturers - Specialty & Generic,29471728400
RBLX,Roblox Corporation,NYSE,NYSE,US,Technology,Electronic Gaming & Multimedia,29425142538
CCI,Crown Castle Inc.,NYSE,NYSE,US,Real Estate,REIT - Specialty,29309590000
NMR,"Nomura Holdings, Inc.",NYSE,NYSE,JP,Financial Services,Financial - Capital Markets,28962889188
KGC,Kinross Gold Corporation,NYSE,NYSE,CA,Basic Materials,Gold,28849375988
MLM,"Martin Marietta Materials, Inc.",NYSE,NYSE,US,Basic Materials,Construction Materials,28776924122
EXR,Extra Space Storage Inc.,NYSE,NYSE,US,Real Estate,REIT - Industrial,28202373297
HPQ,HP Inc.,NYSE,NYSE,US,Technology,Computer Hardware,28103291790
TDY,Teledyne Technologies Incorporated,NYSE,NYSE,US,Technology,"Hardware, Equipment & Parts",28071576391
RDDT,"Reddit, Inc.",NYSE,NYSE,US,Communication Services,Internet Content & Information,27981189545
KHC,The Kraft Heinz Company,NYSE,NYSE,US,Consumer Defensive,Packaged Foods,27806485611
AEE,Ameren Corporation,NYSE,NYSE,US,Utilities,Regulated Electric,27744388000
WSM,"Williams-Sonoma, Inc.",NYSE,NYSE,US,Consumer Cyclical,Specialty Retail,27084075462
DG,Dollar General Corporation,NYSE,NYSE,US,Consumer Defensive,Discount Stores,27059363987
CFG,"Citizens Financial Group, Inc.",NYSE,NYSE,US,Financial Services,Banks - Regional,27017930980
FTS,Fortis Inc.,NYSE,NYSE,CA,Utilities,Regulated Electric,27014596715
FTI,TechnipFMC plc,NYSE,NYSE,GB,Energy,Oil & Gas Equipment & Services,27000518389
DTW,DTE Energy Company 5.25 % Debentures 2017-01.12.77 Global,NYSE,NYSE,US,Utilities,Regulated Electric,26533926677
WST,"West Pharmaceutical Services, Inc.",NYSE,NYSE,US,Healthcare,Medical - Instruments & Supplies,26505637554
HAL,Halliburton Company,NYSE,NYSE,US,Energy,Oil & Gas Equipment & Services,26348444562
ATO,Atmos Energy Corporation,NYSE,NYSE,US,Utilities,Regulated Gas,26306563947
Q,"Qnity Electronics, Inc.",NYSE,NYSE,US,Technology,Semiconductors,26295096912
NVT,nVent Electric plc,NYSE,NYSE,GB,Industrials,Electrical Equipment & Parts,26146889600
PBA,Pembina Pipeline Corporation,NYSE,NYSE,CA,Energy,Oil & Gas Midstream,25891300550
SN,"SharkNinja, Inc.",NYSE,NYSE,US,Consumer Cyclical,"Furnishings, Fixtures & Appliances",25818979952
AWK,"American Water Works Company, Inc.",NYSE,NYSE,US,Utilities,Regulated Water,25795022772
ATI,ATI Inc.,NYSE,NYSE,US,Industrials,Manufacturing - Metal Fabrication,25786087182
CPAY,"Corpay, Inc.",NYSE,NYSE,US,Technology,Software - Infrastructure,25667625591
DGX,Quest Diagnostics Incorporated,NYSE,NYSE,US,Healthcare,Medical - Diagnostics & Research,25603224810
DOV,Dover Corporation,NYSE,NYSE,US,Industrials,Industrial - Machinery,25548796000
VICI,VICI Properties Inc.,NYSE,NYSE,US,Real Estate,REIT - Diversified,25544999114
DTE,DTE Energy Company,NYSE,NYSE,US,Utilities,Regulated Electric,25467890320
WRB,W. R. Berkley Corporation,NYSE,NYSE,US,Financial Services,Insurance - Property & Casualty,25396736940
LH,Labcorp Holdings Inc.,NYSE,NYSE,US,Healthcare,Medical - Diagnostics & Research,25322420000
FE,FirstEnergy Corp.,NYSE,NYSE,US,Utilities,Regulated Electric,25254739832
JBS,Jbs N.V.,NYSE,NYSE,NL,Consumer Defensive,Packaged Foods,25219870791
OTIS,Otis Worldwide Corporation,NYSE,NYSE,US,Industrials,Industrial - Machinery,24983328719
CPNG,"Coupang, Inc.",NYSE,NYSE,US,Consumer Cyclical,Specialty Retail,24895536865
LVS,Las Vegas Sands Corp.,NYSE,NYSE,US,Consumer Cyclical,"Gambling, Resorts & Casinos",24819909371
QSR,Restaurant Brands International Inc.,NYSE,NYSE,US,Consumer Cyclical,Restaurants,24801172425
EXPD,"Expeditors International of Washington, Inc.",NYSE,NYSE,US,Industrials,Integrated Freight & Logistics,24609634560
PPL,PPL Corporation,NYSE,NYSE,US,Utilities,Regulated Electric,24518967782
CNP,"CenterPoint Energy, Inc.",NYSE,NYSE,US,Utilities,Regulated Electric,24333116800
HUBB,Hubbell Incorporated,NYSE,NYSE,US,Industrials,Electrical Equipment & Parts,24254905020
PHG,Koninklijke Philips N.V.,NYSE,NYSE,NL,Healthcare,Medical - Devices,24210876426
IHG,InterContinental Hotels Group PLC,NYSE,NYSE,GB,Consumer Cyclical,Travel Lodging,24096562156
ES,Eversource Energy,NYSE,NYSE,US,Utilities,Regulated Electric,24031513598
RBRK,"Rubrik, Inc.",NYSE,NYSE,US,Technology,Software - Infrastructure,23622712570
XYL,Xylem Inc.,NYSE,NYSE,US,Industrials,Industrial - Machinery,23565842910
PPG,"PPG Industries, Inc.",NYSE,NYSE,US,Basic Materials,Chemicals - Specialty,23563800318
VLTO,Veralto Corporation,NYSE,NYSE,US,Industrials,Industrial - Pollution & Treatment Controls,23562627278
SYF,Synchrony Financial,NYSE,NYSE,US,Financial Services,Financial - Credit Services,23335596645
SW,Smurfit Westrock plc,NYSE,NYSE,IE,Consumer Cyclical,Packaging & Containers,23278326302
TPR,"Tapestry, Inc.",NYSE,NYSE,US,Consumer Cyclical,Luxury Goods,23049293600
VMRK,Vivmark Residential,NYSE,NYSE,US,Real Estate,REIT - Residential,23002814400
RF,Regions Financial Corporation,NYSE,NYSE,US,Financial Services,Banks - Regional,22947388200
AER,AerCap Holdings N.V.,NYSE,NYSE,IE,Industrials,Rental & Leasing Services,22880093500
PHM,"PulteGroup, Inc.",NYSE,NYSE,US,Consumer Cyclical,Residential Construction,22871779445
KOF,"Coca-Cola FEMSA, S.A.B. de C.V.",NYSE,NYSE,MX,Consumer Defensive,Beverages - Non-Alcoholic,22791882647
TPL,Texas Pacific Land Corporation,NYSE,NYSE,US,Energy,Oil & Gas Exploration & Production,22671885280
CHD,"Church & Dwight Co., Inc.",NYSE,NYSE,US,Consumer Defensive,Household & Personal Products,22485985600
CRCL,Circle Internet Group,NYSE,NYSE,US,Financial Services,Financial - Capital Markets,22372230251
DRI,"Darden Restaurants, Inc.",NYSE,NYSE,US,Consumer Cyclical,Restaurants,22358377936
CIB,Grupo Cibest S.A.,NYSE,NYSE,CO,Financial Services,Banks - Regional,22248361461
CMS-PB,Consumers Energy Company,NYSE,NYSE,US,Utilities,Regulated Electric,21958974543
IOT,Samsara Inc.,NYSE,NYSE,US,Technology,Software - Infrastructure,21910866934
L,Loews Corporation,NYSE,NYSE,US,Financial Services,Insurance - Property & Casualty,21797110170
IFF,International Flavors & Fragrances Inc.,NYSE,NYSE,US,Basic Materials,Chemicals - Specialty,21764580750
KEY,KeyCorp,NYSE,NYSE,US,Financial Services,Banks - Regional,21716924400
RL,Ralph Lauren Corporation,NYSE,NYSE,US,Consumer Cyclical,Apparel - Manufacturers,21711053087
MKL,Markel Corporation,NYSE,NYSE,US,Financial Services,Insurance - Property & Casualty,21559715100
PS,Pershing Square Inc.,NYSE,NYSE,US,Financial Services,Asset Management,21424000000
AMRZ,Amrize Ltd,NYSE,NYSE,CH,Basic Materials,Construction Materials,20873865186
PKG,Packaging Corporation of America,NYSE,NYSE,US,Consumer Cyclical,Packaging & Containers,20784932372
BG,Bunge Global S.A.,NYSE,NYSE,US,Consumer Defensive,Agricultural Farm Products,20775761961
XPO,"XPO Logistics, Inc.",NYSE,NYSE,US,Industrials,Trucking,20767626297
THC,Tenet Healthcare Corporation,NYSE,NYSE,US,Healthcare,Medical - Care Facilities,20741695430
GPN,Global Payments Inc.,NYSE,NYSE,US,Financial Services,Financial - Credit Services,20687056151
SNX,TD Synnex Corp,NYSE,NYSE,US,Technology,Technology Distributors,20644562572
USFD,US Foods Holding Corp.,NYSE,NYSE,US,Consumer Defensive,Food Distribution,20634801400
LEN,Lennar Corporation,NYSE,NYSE,US,Consumer Cyclical,Residential Construction,20610990446
EIX,Edison International,NYSE,NYSE,US,Utilities,Regulated Electric,20609566640
LUV,Southwest Airlines Co.,NYSE,NYSE,US,Industrials,"Airlines, Airports & Air Services",20585872640
STE,STERIS plc,NYSE,NYSE,US,Healthcare,Medical - Specialties,20529464505
NRG,"NRG Energy, Inc.",NYSE,NYSE,US,Utilities,Independent Power Producers,20501509620
TCPA,TransCanada PipeLines Limited 6,NYSE,NYSE,US,Energy,Oil & Gas Midstream,20482880000
CMSA,CMS Energy Corporation 5.6% JRSUB NT 78,NYSE,NYSE,US,Utilities,Regulated Electric,20414647378
OMC,Omnicom Group Inc.,NYSE,NYSE,US,Communication Services,Advertising Agencies,20340012440
BCH,Banco de Chile,NYSE,NYSE,CL,Financial Services,Banks - Regional,20329687592
BRO,"Brown & Brown, Inc.",NYSE,NYSE,US,Financial Services,Insurance - Brokers,20277387634
DOW,Dow Inc.,NYSE,NYSE,US,Basic Materials,Chemicals,19943827031
CMS,CMS Energy Corporation,NYSE,NYSE,US,Utilities,Regulated Electric,19896460650
RS,Reliance Steel & Aluminum Co.,NYSE,NYSE,US,Basic Materials,Steel,19767813150
YPF,YPF Sociedad Anónima,NYSE,NYSE,AR,Energy,Oil & Gas Integrated,19725296067
CW,Curtiss-Wright Corporation,NYSE,NYSE,US,Industrials,Aerospace & Defense,19721059620
AMCR,Amcor plc,NYSE,NYSE,CH,Consumer Cyclical,Packaging & Containers,19631197997
SOJD,Southern Company (The) Series 2,NYSE,NYSE,US,Utilities,Regulated Electric,19522161600
CRS,Carpenter Technology Corporation,NYSE,NYSE,US,Basic Materials,Steel,19463836944
PAAS,Pan American Silver Corp.,NYSE,NYSE,CA,Basic Materials,Gold,19441089000
WF,Woori Financial Group Inc.,NYSE,NYSE,KR,Financial Services,Banks - Diversified,19336637621
STZ,"Constellation Brands, Inc.",NYSE,NYSE,US,Consumer Defensive,Beverages - Alcoholic,19261606888
AQNB,Algonquin Power & Utilities Corp.,NYSE,NYSE,CA,Utilities,Diversified Utilities,19224750093
FITB-PA,Fifth Third Bancorp,NYSE,NYSE,US,Financial Services,Banks - Regional,19032552000
ATHS,Athene Holding Ltd. 7.250% Fixe,NYSE,NYSE,US,Financial Services,Insurance - Life,18993956673
SNA,Snap-on Incorporated,NYSE,NYSE,US,Industrials,Manufacturing - Tools & Accessories,18987992678
SQM,Sociedad Química y Minera de Chile S.A.,NYSE,NYSE,CL,Basic Materials,Chemicals - Specialty,18874867519
NI,NiSource Inc,NYSE,NYSE,US,Utilities,Regulated Gas,18861139898
BCE,BCE Inc.,NYSE,NYSE,CA,Communication Services,Telecommunications Services,18781069954
LYB,LyondellBasell Industries N.V.,NYSE,NYSE,NL,Basic Materials,Chemicals - Specialty,18779631300
DINO,HF Sinclair Corporation,NYSE,NYSE,US,Energy,Oil & Gas Refining & Marketing,18772212560
BBY,"Best Buy Co., Inc.",NYSE,NYSE,US,Consumer Cyclical,Specialty Retail,18705571250
BR,"Broadridge Financial Solutions, Inc.",NYSE,NYSE,US,Technology,Information Technology Services,18615155100
WES,"Western Midstream Partners, LP",NYSE,NYSE,US,Energy,Oil & Gas Midstream,18567949680
SOJC,The Southern Company JR 2017B NT 77,NYSE,NYSE,US,Utilities,Regulated Electric,18490268593
CDE,"Coeur Mining, Inc.",NYSE,NYSE,US,Basic Materials,Gold,18384736390
BEKE,KE Holdings Inc.,NYSE,NYSE,CN,Real Estate,Real Estate - Services,18338708286
ITT,ITT Inc.,NYSE,NYSE,US,Industrials,Industrial - Machinery,18286849815
VIV,Telefônica Brasil S.A.,NYSE,NYSE,BR,Communication Services,Telecommunications Services,18213085665
TSN,"Tyson Foods, Inc.",NYSE,NYSE,US,Consumer Defensive,Agricultural Farm Products,18073420373
GIS,"General Mills, Inc.",NYSE,NYSE,US,Consumer Defensive,Packaged Foods,18050004526
WCC,"WESCO International, Inc.",NYSE,NYSE,US,Industrials,Industrial - Distribution,17790415681
CF,"CF Industries Holdings, Inc.",NYSE,NYSE,US,Basic Materials,Agricultural Inputs,17777947880
PR,Permian Resources Corporation,NYSE,NYSE,US,Energy,Oil & Gas Exploration & Production,17750508229
SBS,Companhia de Saneamento Básico do Estado de São Paulo - SABESP,NYSE,NYSE,BR,Utilities,Regulated Water,17702905607
ZBH,"Zimmer Biomet Holdings, Inc.",NYSE,NYSE,US,Healthcare,Medical - Devices,17670819080
TOST,"Toast, Inc.",NYSE,NYSE,US,Technology,Software - Infrastructure,17666798660
IP,International Paper Company,NYSE,NYSE,US,Basic Materials,"Paper, Lumber & Forest Products",17643506440
ESS,"Essex Property Trust, Inc.",NYSE,NYSE,US,Real Estate,REIT - Residential,17603218164
MGA,Magna International Inc.,NYSE,NYSE,CA,Consumer Cyclical,Auto - Parts,17574846000
DD,"DuPont de Nemours, Inc.",NYSE,NYSE,US,Basic Materials,Chemicals,17568672280
GPC,Genuine Parts Company,NYSE,NYSE,US,Consumer Cyclical,Auto - Parts,17501296278
U,Unity Software Inc.,NYSE,NYSE,US,Technology,Software - Application,17339170081
FIS,"Fidelity National Information Services, Inc.",NYSE,NYSE,US,Technology,Information Technology Services,17237914650
PKX,POSCO Holdings Inc.,NYSE,NYSE,KR,Basic Materials,Steel,17047948418
RVTY,"Revvity, Inc.",NYSE,NYSE,US,Healthcare,Medical - Diagnostics & Research,17043021200
BURL,"Burlington Stores, Inc.",NYSE,NYSE,US,Consumer Cyclical,Apparel - Retail,16997541110
IEX,IDEX Corporation,NYSE,NYSE,US,Industrials,Industrial - Machinery,16987276557
BEN,"Franklin Resources, Inc.",NYSE,NYSE,US,Financial Services,Asset Management,16976540757
MTZ,"MasTec, Inc.",NYSE,NYSE,US,Industrials,Engineering & Construction,16882508377
NVR,"NVR, Inc.",NYSE,NYSE,US,Consumer Cyclical,Residential Construction,16829074413
DT,"Dynatrace, Inc.",NYSE,NYSE,US,Technology,Software - Application,16777343191
FDXF,"FedEx Freight Holding Company, Inc.",NYSE,NYSE,US,Industrials,Integrated Freight & Logistics,16753558091
APG,APi Group Corporation,NYSE,NYSE,US,Industrials,Engineering & Construction,16746211509
FTV,Fortive Corporation,NYSE,NYSE,US,Technology,"Hardware, Equipment & Parts",16734764851
RCI,Rogers Communications Inc.,NYSE,NYSE,CA,Communication Services,Telecommunications Services,16676754671
RGA,"Reinsurance Group of America, Incorporated",NYSE,NYSE,US,Financial Services,Insurance - Reinsurance,16570899449
EFX,Equifax Inc.,NYSE,NYSE,US,Industrials,Consulting Services,16545397904
CLH,"Clean Harbors, Inc.",NYSE,NYSE,US,Industrials,Waste Management,16452729457
IONQ,"IonQ, Inc.",NYSE,NYSE,US,Technology,Computer Hardware,16390283417
BIP,Brookfield Infrastructure Partners L.P.,NYSE,NYSE,BM,Utilities,Diversified Utilities,16342754610
OVV,Ovintiv Inc.,NYSE,NYSE,US,Energy,Oil & Gas Exploration & Production,16272378000
CNH,CNH Industrial N.V.,NYSE,NYSE,GB,Industrials,Agricultural - Machinery,16193754013
J,Jacobs Solutions Inc.,NYSE,NYSE,US,Industrials,Engineering & Construction,16115694880
CCZ,Comcast Holdings Corp.,NYSE,NYSE,US,Communication Services,Telecommunications Services,16093541642
WIT,Wipro Limited,NYSE,NYSE,IN,Technology,Information Technology Services,15926685743
RBC,RBC Bearings Incorporated,NYSE,NYSE,US,Industrials,Manufacturing - Tools & Accessories,15879052096
BSAC,Banco Santander-Chile,NYSE,NYSE,CL,Financial Services,Banks - Regional,15834185804
DOCN,"DigitalOcean Holdings, Inc.",NYSE,NYSE,US,Technology,Software - Infrastructure,15783749080
INVH,Invitation Homes Inc.,NYSE,NYSE,US,Real Estate,REIT - Residential,15783695940
AS,"Amer Sports, Inc.",NYSE,NYSE,FI,Consumer Cyclical,Leisure,15752123832
DUKB,Duke Energy Corporation 5.625%,NYSE,NYSE,US,Utilities,Regulated Electric,15615633680
ZTO,ZTO Express (Cayman) Inc.,NYSE,NYSE,CN,Industrials,Integrated Freight & Logistics,15524174061
LDOS,"Leidos Holdings, Inc.",NYSE,NYSE,US,Technology,Information Technology Services,15484133500
SOLV,Solventum Corporation,NYSE,NYSE,US,Healthcare,Medical - Instruments & Supplies,15467965276
RZC,"Reinsurance Group of America, Incorporated",NYSE,NYSE,US,Financial Services,Insurance - Reinsurance,15396285988
H,Hyatt Hotels Corporation,NYSE,NYSE,US,Consumer Cyclical,Travel Lodging,15359966236
NLY,"Annaly Capital Management, Inc.",NYSE,NYSE,US,Real Estate,REIT - Mortgage,15315468480
BMNR,"Bitmine Immersion Technologies, Inc.",NYSE,NYSE,US,Financial Services,Financial - Capital Markets,15224788024
FN,Fabrinet,NYSE,NYSE,KY,Technology,"Hardware, Equipment & Parts",15196092364
RBA,"RB Global, Inc.",NYSE,NYSE,US,Industrials,Specialty Business Services,15162957000
ONTO,Onto Innovation Inc.,NYSE,NYSE,US,Technology,Semiconductors,15156367429
KIM,Kimco Realty Corporation,NYSE,NYSE,US,Real Estate,REIT - Retail,15119823800
BALL,Ball Corporation,NYSE,NYSE,US,Consumer Cyclical,Packaging & Containers,15082892550
CRBG,"Corebridge Financial, Inc.",NYSE,NYSE,US,Financial Services,Asset Management,15053606297
WPC,W. P. Carey Inc.,NYSE,NYSE,US,Real Estate,REIT - Diversified,15030722289
GFL,GFL Environmental Inc.,NYSE,NYSE,US,Industrials,Waste Management,14731064676
ROL,"Rollins, Inc.",NYSE,NYSE,US,Industrials,Specialty Business Services,14674934822
LTM,LATAM Airlines Group S.A.,NYSE,NYSE,CL,Industrials,"Airlines, Airports & Air Services",14664437310
EMA,Emera Incorporated,NYSE,NYSE,CA,Utilities,Regulated Electric,14661787000
EG,"Everest Group, Ltd.",NYSE,NYSE,BM,Financial Services,Insurance - Reinsurance,14594401796
JHX,James Hardie Industries plc,NYSE,NYSE,IE,Basic Materials,Construction Materials,14566452701
OWL,Blue Owl Capital Inc.,NYSE,NYSE,US,Financial Services,Asset Management,14506619025
UNMA,Unum Group 6.250% JR NT58,NYSE,NYSE,US,Financial Services,Insurance - Life,14487930109
GIB,CGI Inc.,NYSE,NYSE,CA,Technology,Information Technology Services,14455607434
PFGC,Performance Food Group Co,NYSE,NYSE,US,Consumer Defensive,Food Distribution,14450709100
ARMK,Aramark,NYSE,NYSE,US,Industrials,Specialty Business Services,14317821560
JLL,Jones Lang LaSalle Incorporated,NYSE,NYSE,US,Real Estate,Real Estate - Services,14308395633
CRL,"Charles River Laboratories International, Inc.",NYSE,NYSE,US,Healthcare,Medical - Diagnostics & Research,14255712492
KEP,Korea Electric Power Corporation,NYSE,NYSE,KR,Utilities,Regulated Electric,14251600800
EQH,"Equitable Holdings, Inc.",NYSE,NYSE,US,Financial Services,Asset Management,14245685431
YUMC,"Yum China Holdings, Inc.",NYSE,NYSE,CN,Consumer Cyclical,Restaurants,14245197600
PNFP,"Pinnacle Financial Partners, Inc.",NYSE,NYSE,US,Financial Services,Banks - Regional,14121520000
EMBJ,Embraer S.A.,NYSE,NYSE,BR,Industrials,Aerospace & Defense,14106811272
WY,Weyerhaeuser Company,NYSE,NYSE,US,Real Estate,REIT - Specialty,14096383006
CX,"CEMEX, S.A.B. de C.V.",NYSE,NYSE,MX,Basic Materials,Construction Materials,14000536752
UNM,Unum Group,NYSE,NYSE,US,Financial Services,Insurance - Life,13969009680
W,Wayfair Inc.,NYSE,NYSE,US,Consumer Cyclical,Specialty Retail,13963893717
OHI,"Omega Healthcare Investors, Inc.",NYSE,NYSE,US,Real Estate,REIT - Healthcare Facilities,13920625940
DOC,"Healthpeak Properties, Inc.",NYSE,NYSE,US,Real Estate,REIT - Healthcare Facilities,13878024600
AGI,Alamos Gold Inc.,NYSE,NYSE,CA,Basic Materials,Gold,13875643600
AIZN,"Assurant, Inc. 5.25% Subordinat",NYSE,NYSE,US,Financial Services,Insurance - Property & Casualty,13796449986
SUI,"Sun Communities, Inc.",NYSE,NYSE,US,Real Estate,REIT - Residential,13788289401
SKM,"SK Telecom Co.,Ltd",NYSE,NYSE,KR,Communication Services,Telecommunications Services,13785423107
MAA,"Mid-America Apartment Communities, Inc.",NYSE,NYSE,US,Real Estate,REIT - Residential,13783452101
AEFC,Aegon Funding Company LLC,NYSE,NYSE,NL,Financial Services,Insurance - Diversified,13780708633
IVZ,Invesco Ltd.,NYSE,NYSE,US,Financial Services,Asset Management,13485094740
RNR,RenaissanceRe Holdings Ltd.,NYSE,NYSE,BM,Financial Services,Insurance - Reinsurance,13484838107
MAS,Masco Corporation,NYSE,NYSE,US,Basic Materials,Construction Materials,13481704589
MLI,"Mueller Industries, Inc.",NYSE,NYSE,US,Industrials,Manufacturing - Metal Fabrication,13445592990
MKC-V,"McCormick & Company, Incorporated",NYSE,NYSE,US,Consumer Defensive,Packaged Foods,13445585564
CACI,CACI International Inc,NYSE,NYSE,US,Technology,Information Technology Services,13434606223
KKRS,KKR Group Finance Co. IX LLC 4.,NYSE,NYSE,US,Financial Services,Financial - Credit Services,13417405037
SWK,"Stanley Black & Decker, Inc.",NYSE,NYSE,US,Industrials,Manufacturing - Tools & Accessories,13408799430
TXT,Textron Inc.,NYSE,NYSE,US,Industrials,Aerospace & Defense,13351350810
FICO,Fair Isaac Corporation,NYSE,NYSE,US,Technology,Software - Application,13344531355
TKO,"TKO Group Holdings, Inc.",NYSE,NYSE,US,Communication Services,Entertainment,13312764166
PAG,"Penske Automotive Group, Inc.",NYSE,NYSE,US,Consumer Cyclical,Auto - Dealerships,13249459760
AEG,Aegon Ltd.,NYSE,NYSE,NL,Financial Services,Insurance - Diversified,13223047102
ALLE,Allegion plc,NYSE,NYSE,IE,Industrials,Security & Protection Services,13217269824
CSL,Carlisle Companies Incorporated,NYSE,NYSE,US,Basic Materials,Construction Materials,13177864466
SGI,Somnigroup International Inc,NYSE,NYSE,US,Consumer Cyclical,"Furnishings, Fixtures & Appliances",13097355470
AIZ,"Assurant, Inc.",NYSE,NYSE,US,Financial Services,Insurance - Property & Casualty,13063224740
AVY,Avery Dennison Corporation,NYSE,NYSE,US,Consumer Cyclical,Packaging & Containers,13063030512
ULS,UL Solutions Inc.,NYSE,NYSE,US,Industrials,Specialty Business Services,13048703751
TLK,PT Telkom Indonesia (Persero) Tbk Sponsored ADR Class B,NYSE,NYSE,ID,Communication Services,Telecommunications Services,13012681994
MKC,"McCormick & Company, Incorporated",NYSE,NYSE,US,Consumer Defensive,Packaged Foods,13012415262
TYL,"Tyler Technologies, Inc.",NYSE,NYSE,US,Technology,Software - Application,12951574398
FLUT,Flutter Entertainment plc,NYSE,NYSE,US,Consumer Cyclical,"Gambling, Resorts & Casinos",12915670277
SJM,The J. M. Smucker Company,NYSE,NYSE,US,Consumer Defensive,Packaged Foods,12900499283
GL,Globe Life Inc.,NYSE,NYSE,US,Financial Services,Insurance - Life,12895248384
STLA,Stellantis N.V.,NYSE,NYSE,NL,Consumer Cyclical,Auto - Manufacturers,12823675860
RPM,RPM International Inc.,NYSE,NYSE,US,Basic Materials,Chemicals - Specialty,12770267770
TU,Telus Corp,NYSE,NYSE,CA,Communication Services,Telecommunications Services,12740606893
TOL,"Toll Brothers, Inc.",NYSE,NYSE,US,Consumer Cyclical,Residential Construction,12700372125
ALB,Albemarle Corporation,NYSE,NYSE,US,Basic Materials,Chemicals - Specialty,12692127141
BIPI,BIP Bermuda Holdings I Limited,NYSE,NYSE,US,Industrials,Specialty Business Services,12671684620
GGG,Graco Inc.,NYSE,NYSE,US,Industrials,Industrial - Machinery,12648593654
BWXT,"BWX Technologies, Inc.",NYSE,NYSE,US,Industrials,Aerospace & Defense,12643730946
PEN,"Penumbra, Inc.",NYSE,NYSE,US,Healthcare,Medical - Devices,12559704084
BWA,BorgWarner Inc.,NYSE,NYSE,US,Consumer Cyclical,Auto - Parts,12499708100
GNRC,Generac Holdings Inc.,NYSE,NYSE,US,Industrials,Industrial - Machinery,12493115514
MAIR,Madison Air Solutions Corporation,NYSE,NYSE,US,Industrials,Industrial - Machinery,12472231925
GDDY,GoDaddy Inc.,NYSE,NYSE,US,Technology,Software - Infrastructure,12449173815
LII,Lennox International Inc.,NYSE,NYSE,US,Industrials,Industrial - Machinery,12447381712
CNA,CNA Financial Corporation,NYSE,NYSE,US,Financial Services,Insurance - Property & Casualty,12444936679
IT,"Gartner, Inc.",NYSE,NYSE,US,Technology,Information Technology Services,12443010429
AIT,"Applied Industrial Technologies, Inc.",NYSE,NYSE,US,Industrials,Industrial - Distribution,12423935925
DTM,"DT Midstream, Inc.",NYSE,NYSE,US,Energy,Oil & Gas Midstream,12408084450
WSO,"Watsco, Inc.",NYSE,NYSE,US,Industrials,Industrial - Distribution,12389434323
TRU,TransUnion,NYSE,NYSE,US,Financial Services,Financial - Data & Stock Exchanges,12317964000
SREA,Sempra,NYSE,NYSE,US,Utilities,Diversified Utilities,12281739200
MOG-A,Moog Inc.,NYSE,NYSE,US,Industrials,Aerospace & Defense,12279842268
BF-B,Brown-Forman Corporation,NYSE,NYSE,US,Consumer Defensive,Beverages - Wineries & Distilleries,12260135334
EHC,Encompass Health Corporation,NYSE,NYSE,US,Healthcare,Medical - Care Facilities,12257038325
TME,Tencent Music Entertainment Group,NYSE,NYSE,CN,Communication Services,Internet Content & Information,12234137116
BJ,"BJ's Wholesale Club Holdings, Inc.",NYSE,NYSE,US,Consumer Defensive,Discount Stores,12193498819
BAX,Baxter International Inc.,NYSE,NYSE,US,Healthcare,Medical - Instruments & Supplies,12139065892
BNT,Brookfield Wealth Solutions Ltd.,NYSE,NYSE,BM,Financial Services,Insurance - Diversified,12114498922
QXO,"QXO, Inc.",NYSE,NYSE,US,Industrials,Industrial - Distribution,12055517600
CR,Crane Company,NYSE,NYSE,US,Industrials,Industrial - Machinery,12033623506
HBM,Hudbay Minerals Inc.,NYSE,NYSE,CA,Basic Materials,Copper,11995681200
FMS,Fresenius Medical Care AG & Co. KGaA,NYSE,NYSE,DE,Healthcare,Medical - Care Facilities,11961868999
WTS,"Watts Water Technologies, Inc.",NYSE,NYSE,US,Industrials,Industrial - Machinery,11943586371
UHAL,U-Haul Holding Company,NYSE,NYSE,US,Industrials,Rental & Leasing Services,11901687687
GWRE,"Guidewire Software, Inc.",NYSE,NYSE,US,Technology,Software - Application,11865702128
PINS,"Pinterest, Inc.",NYSE,NYSE,US,Communication Services,Internet Content & Information,11788506512
ARW,"Arrow Electronics, Inc.",NYSE,NYSE,US,Technology,Technology Distributors,11772568388
CCK,"Crown Holdings, Inc.",NYSE,NYSE,US,Consumer Cyclical,Packaging & Containers,11566732350
DKS,"DICK'S Sporting Goods, Inc.",NYSE,NYSE,US,Consumer Cyclical,Specialty Retail,11507898242
AFG,"American Financial Group, Inc.",NYSE,NYSE,US,Financial Services,Insurance - Property & Casualty,11504101406
HL,Hecla Mining Company,NYSE,NYSE,US,Basic Materials,Other Precious Metals,11502710800
ALLY,Ally Financial Inc.,NYSE,NYSE,US,Financial Services,Financial - Credit Services,11501802000
VIRT,"Virtu Financial, Inc.",NYSE,NYSE,US,Financial Services,Financial - Capital Markets,11442802133
ELS,"Equity LifeStyle Properties, Inc.",NYSE,NYSE,US,Real Estate,REIT - Residential,11393533781
MICC,The Magnum Ice Cream Company N.V.,NYSE,NYSE,NL,Consumer Defensive,Packaged Foods,11357418158
PNW,Pinnacle West Capital Corporation,NYSE,NYSE,US,Utilities,Regulated Electric,11320077670
SNN,Smith & Nephew plc,NYSE,NYSE,GB,Healthcare,Medical - Devices,11317075393
ELAN,Elanco Animal Health Incorporated,NYSE,NYSE,US,Healthcare,Drug Manufacturers - Specialty & Generic,11292555072
DVA,DaVita Inc.,NYSE,NYSE,US,Healthcare,Medical - Care Facilities,11247198000
HMY,Harmony Gold Mining Company Limited,NYSE,NYSE,ZA,Basic Materials,Gold,11234634204
WTRG,"Essential Utilities, Inc.",NYSE,NYSE,US,Utilities,Regulated Water,11126921923
FNF,"Fidelity National Financial, Inc.",NYSE,NYSE,US,Financial Services,Insurance - Specialty,11078524346
AA,Alcoa Corporation,NYSE,NYSE,US,Basic Materials,Aluminum,11075073140
AMH,American Homes 4 Rent,NYSE,NYSE,US,Real Estate,REIT - Residential,11019642400
BMNP,"Bitmine Immersion Technologies, Inc.",NYSE,NYSE,US,Financial Services,Financial - Capital Markets,10990185352
FHN,First Horizon Corporation,NYSE,NYSE,US,Financial Services,Banks - Regional,10963675800
PAC,"Grupo Aeroportuario del Pacífico, S.A.B. de C.V.",NYSE,NYSE,MX,Industrials,"Airlines, Airports & Air Services",10925046470
HRL,Hormel Foods Corporation,NYSE,NYSE,US,Consumer Defensive,Packaged Foods,10923752750
UDR,"UDR, Inc.",NYSE,NYSE,US,Real Estate,REIT - Residential,10906920337
EGP,"EastGroup Properties, Inc.",NYSE,NYSE,US,Real Estate,REIT - Industrial,10897159245
FRO,Frontline Plc,NYSE,NYSE,CY,Industrials,Marine Shipping,10892937959
IAG,Iamgold Corporation,NYSE,NYSE,CA,Basic Materials,Gold,10773920000
AHR,"American Healthcare REIT, Inc.",NYSE,NYSE,US,Real Estate,REIT - Healthcare Facilities,10766097801
RDY,Dr. Reddy's Laboratories Limited,NYSE,NYSE,IN,Healthcare,Drug Manufacturers - Specialty & Generic,10703347619
GME,GameStop Corp.,NYSE,NYSE,US,Consumer Cyclical,Specialty Retail,10660904266
UHS,"Universal Health Services, Inc.",NYSE,NYSE,US,Healthcare,Medical - Care Facilities,10638053137
AES,The AES Corporation,NYSE,NYSE,US,Utilities,Diversified Utilities,10597527880
DDS,"Dillard's, Inc.",NYSE,NYSE,US,Consumer Cyclical,Department Stores,10580144867
DECK,Deckers Outdoor Corporation,NYSE,NYSE,US,Consumer Cyclical,Apparel - Footwear & Accessories,10578617760
SF,Stifel Financial Corp,NYSE,NYSE,US,Financial Services,Investment - Banking & Investment Services,10565753300
SUZ,Suzano S.A.,NYSE,NYSE,BR,Basic Materials,"Paper, Lumber & Forest Products",10531565482
SCI,Service Corporation International,NYSE,NYSE,US,Consumer Cyclical,Personal Products & Services,10496437770
TX,Ternium S.A.,NYSE,NYSE,LU,Basic Materials,Steel,10492645336
KNX,Knight-Swift Transportation Holdings Inc.,NYSE,NYSE,US,Industrials,Trucking,10447307576
RRX,Regal Rexnord Corporation,NYSE,NYSE,US,Industrials,Industrial - Machinery,10377530735
AR,Antero Resources Corporation,NYSE,NYSE,US,Energy,Oil & Gas Exploration & Production,10320727230
AVTR,"Avantor, Inc.",NYSE,NYSE,US,Healthcare,Medical - Instruments & Supplies,10307711160
HII,"Huntington Ingalls Industries, Inc.",NYSE,NYSE,US,Industrials,Aerospace & Defense,10231009825
BIO,"Bio-Rad Laboratories, Inc.",NYSE,NYSE,US,Healthcare,Medical - Devices,10216210332
GMED,"Globus Medical, Inc.",NYSE,NYSE,US,Healthcare,Medical - Devices,10207875385
EGO,Eldorado Gold Corporation,NYSE,NYSE,CA,Basic Materials,Gold,10145521915
HUBS,"HubSpot, Inc.",NYSE,NYSE,US,Technology,Software - Application,10124202759
NYT,The New York Times Company,NYSE,NYSE,US,Communication Services,Publishing,10120829634
DCI,"Donaldson Company, Inc.",NYSE,NYSE,US,Industrials,Industrial - Machinery,10120189410
FIG,"Figma, Inc.",NYSE,NYSE,US,Technology,Software - Application,10100189910
RTO,Rentokil Initial plc,NYSE,NYSE,GB,Industrials,Specialty Business Services,10090122400
BEPI,Brookfield Renewable Partners L.P.,NYSE,NYSE,CA,Utilities,Renewable Utilities,10067256065
TFII,TFI International Inc.,NYSE,NYSE,CA,Industrials,Trucking,10014395120
EVR,Evercore Inc.,NYSE,NYSE,US,Financial Services,Financial - Capital Markets,9997878950
MSGS,Madison Square Garden Sports Corp.,NYSE,NYSE,US,Communication Services,Entertainment,9963342016
SUN,Sunoco LP,NYSE,NYSE,US,Energy,Oil & Gas Refining & Marketing,9930363826
CPT,Camden Property Trust,NYSE,NYSE,US,Real Estate,REIT - Residential,9897199200
MOH,"Molina Healthcare, Inc.",NYSE,NYSE,US,Healthcare,Medical - Healthcare Plans,9885636000
CLX,The Clorox Company,NYSE,NYSE,US,Consumer Defensive,Household & Personal Products,9867153600
PAYC,"Paycom Software, Inc.",NYSE,NYSE,US,Technology,Software - Application,9851754918
ONON,On Holding AG,NYSE,NYSE,CH,Consumer Cyclical,Apparel - Footwear & Accessories,9849893610
WMS,"Advanced Drainage Systems, Inc.",NYSE,NYSE,US,Basic Materials,Construction Materials,9848165133
BXP,"BXP, Inc.",NYSE,NYSE,US,Real Estate,REIT - Office,9841349799
AMG,"Affiliated Managers Group, Inc.",NYSE,NYSE,US,Financial Services,Asset Management,9788588381
MOD,Modine Manufacturing Company,NYSE,NYSE,US,Industrials,Industrial - Machinery,9757865244
SSB,SouthState Bank Corp.,NYSE,NYSE,US,Financial Services,Banks - Regional,9705841703
BEPH,Brookfield BRP Holdings (Canada) Inc 4.625 % Notes 2021-Without Fixed Maturity Global Sub,NYSE,NYSE,CA,Utilities,Renewable Utilities,9695191266
FPS,"Forgent Power Solutions, Inc.",NYSE,NYSE,US,Industrials,Electrical Equipment & Parts,9670927487
AM,Antero Midstream Corporation,NYSE,NYSE,US,Energy,Oil & Gas Midstream,9612148500
DAR,Darling Ingredients Inc.,NYSE,NYSE,US,Consumer Defensive,Packaged Foods,9586476640
CFR,"Cullen/Frost Bankers, Inc.",NYSE,NYSE,US,Financial Services,Banks - Regional,9583966448
PSO,Pearson plc,NYSE,NYSE,GB,Communication Services,Publishing,9582630885
OC,Owens Corning,NYSE,NYSE,US,Basic Materials,Construction Materials,9531331837
JEF,Jefferies Financial Group Inc.,NYSE,NYSE,US,Financial Services,Financial - Capital Markets,9461795607
FLS,Flowserve Corporation,NYSE,NYSE,US,Industrials,Industrial - Machinery,9461443129
FRT,Federal Realty Investment Trust,NYSE,NYSE,US,Real Estate,REIT - Retail,9450114260
OGE,OGE Energy Corp.,NYSE,NYSE,US,Utilities,Regulated Electric,9374645780
ALSN,"Allison Transmission Holdings, Inc.",NYSE,NYSE,US,Consumer Cyclical,Auto - Parts,9372595213
MUSA,Murphy USA Inc.,NYSE,NYSE,US,Consumer Cyclical,Specialty Retail,9372402594
GKOS,Glaukos Corporation,NYSE,NYSE,US,Healthcare,Medical - Devices,9351897345
KT,KT Corporation,NYSE,NYSE,KR,Communication Services,Telecommunications Services,9291869169
TTC,The Toro Company,NYSE,NYSE,US,Industrials,Manufacturing - Tools & Accessories,9277257890
ORI,Old Republic International Corporation,NYSE,NYSE,US,Financial Services,Insurance - Property & Casualty,9267229700
FDS,FactSet Research Systems Inc.,NYSE,NYSE,US,Financial Services,Financial - Data & Stock Exchanges,9245974214
AYI,"Acuity Brands, Inc.",NYSE,NYSE,US,Industrials,Electrical Equipment & Parts,9243797558
ESTC,Elastic N.V.,NYSE,NYSE,NL,Technology,Software - Application,9230905010
MGRD,"Affiliated Managers Group, Inc.",NYSE,NYSE,US,Financial Services,Asset Management,9208897638
MGRB,"Affiliated Managers Group, Inc.",NYSE,NYSE,US,Financial Services,Asset Management,9194868798
APTV,Aptiv PLC,NYSE,NYSE,CH,Consumer Cyclical,Auto - Parts,9178002770
GGB,Gerdau S.A.,NYSE,NYSE,BR,Basic Materials,Steel,9172080119
JXN,Jackson Financial Inc.,NYSE,NYSE,US,Financial Services,Insurance - Life,9160059279
QGEN,Qiagen N.V.,NYSE,NYSE,NL,Healthcare,Medical - Diagnostics & Research,9157500000
MGRE,"Affiliated Managers Group, Inc.",NYSE,NYSE,US,Financial Services,Asset Management,9065691953
SNAP,Snap Inc.,NYSE,NYSE,US,Communication Services,Internet Content & Information,9039185836
VMI,"Valmont Industries, Inc.",NYSE,NYSE,US,Industrials,Conglomerates,9019442329
XPEV,XPeng Inc.,NYSE,NYSE,CN,Consumer Cyclical,Auto - Manufacturers,8996569964
LTH,"Life Time Group Holdings, Inc.",NYSE,NYSE,US,Consumer Cyclical,Leisure,8956354315
CIG-C,Companhia Energética de Minas Gerais,NYSE,NYSE,BR,Utilities,Regulated Electric,8925328027
PBF,PBF Energy Inc.,NYSE,NYSE,US,Energy,Oil & Gas Refining & Marketing,8917526323
AG,First Majestic Silver Corp.,NYSE,NYSE,CA,Basic Materials,Silver,8913946240
HLI,"Houlihan Lokey, Inc.",NYSE,NYSE,US,Financial Services,Investment - Banking & Investment Services,8907732525
R,"Ryder System, Inc.",NYSE,NYSE,US,Industrials,Rental & Leasing Services,8853148803
SSL,Sasol Limited,NYSE,NYSE,ZA,Basic Materials,Chemicals,8831248226
CTRE,"CareTrust REIT, Inc.",NYSE,NYSE,US,Real Estate,REIT - Healthcare Facilities,8788136742
ESI,Element Solutions Inc,NYSE,NYSE,US,Basic Materials,Chemicals - Specialty,8765562177
YMM,Full Truck Alliance Co. Ltd.,NYSE,NYSE,CN,Technology,Software - Application,8649544844
VOYA,"Voya Financial, Inc.",NYSE,NYSE,US,Financial Services,Insurance - Life,8621459893
RRC,Range Resources Corporation,NYSE,NYSE,US,Energy,Oil & Gas Exploration & Production,8618118400
PRI,"Primerica, Inc.",NYSE,NYSE,US,Financial Services,Insurance - Life,8603044127
EDU,New Oriental Education & Technology Group Inc.,NYSE,NYSE,CN,Consumer Defensive,Education & Training Services,8599673775
CUBE,CubeSmart,NYSE,NYSE,US,Real Estate,REIT - Industrial,8574298180
BEP,Brookfield Renewable Partners L.P.,NYSE,NYSE,CA,Utilities,Renewable Utilities,8567664000
REXR,"Rexford Industrial Realty, Inc.",NYSE,NYSE,US,Real Estate,REIT - Industrial,8550963810
BRX,Brixmor Property Group Inc.,NYSE,NYSE,US,Real Estate,REIT - Retail,8549453920
SPXC,"SPX Technologies, Inc.",NYSE,NYSE,US,Basic Materials,Construction Materials,8542563479
EAT,"Brinker International, Inc.",NYSE,NYSE,US,Consumer Cyclical,Restaurants,8539389858
PNR,Pentair plc,NYSE,NYSE,GB,Industrials,Industrial - Machinery,8535843860
TIMB,TIM S.A.,NYSE,NYSE,BR,Communication Services,Telecommunications Services,8532337920
GAP,"The Gap, Inc.",NYSE,NYSE,US,Consumer Cyclical,Apparel - Retail,8473905660
ARE,"Alexandria Real Estate Equities, Inc.",NYSE,NYSE,US,Real Estate,REIT - Office,8446818430
NIO,NIO Inc.,NYSE,NYSE,CN,Consumer Cyclical,Auto - Manufacturers,8435777295
KMX,"CarMax, Inc.",NYSE,NYSE,US,Consumer Cyclical,Auto - Dealerships,8405388530
BAH,Booz Allen Hamilton Holding Corporation,NYSE,NYSE,US,Industrials,Consulting Services,8385065468
NEU,NewMarket Corporation,NYSE,NYSE,US,Basic Materials,Chemicals - Specialty,8319348378
ALV,"Autoliv, Inc.",NYSE,NYSE,SE,Consumer Cyclical,Auto - Parts,8278735010
WAL,Western Alliance Bancorporation,NYSE,NYSE,US,Financial Services,Banks - Regional,8271882874
TKR,The Timken Company,NYSE,NYSE,US,Industrials,Manufacturing - Tools & Accessories,8148925070
AGCO,AGCO Corporation,NYSE,NYSE,US,Industrials,Agricultural - Machinery,8134885873
OSK,Oshkosh Corp,NYSE,NYSE,US,Industrials,Agricultural - Machinery,8129896864
BVN,Compañía de Minas Buenaventura S.A.A.,NYSE,NYSE,PE,Basic Materials,Other Precious Metals,8125010509
ADC,Agree Realty Corporation,NYSE,NYSE,US,Real Estate,REIT - Retail,8124958411
WLK,Westlake Corporation,NYSE,NYSE,US,Basic Materials,Chemicals - Specialty,8121713420
FR,"First Industrial Realty Trust, Inc.",NYSE,NYSE,US,Real Estate,REIT - Industrial,8106681428
MP,MP Materials Corp.,NYSE,NYSE,US,Basic Materials,Industrial Materials,8087539460
DY,"Dycom Industries, Inc.",NYSE,NYSE,US,Industrials,Engineering & Construction,8079674760
PB,"Prosperity Bancshares, Inc.",NYSE,NYSE,US,Financial Services,Banks - Regional,8041027279
AOS,A. O. Smith Corporation,NYSE,NYSE,US,Industrials,Industrial - Machinery,8040805034
SM,SM Energy Company,NYSE,NYSE,US,Energy,Oil & Gas Exploration & Production,7938089390
MGM,MGM Resorts International,NYSE,NYSE,US,Consumer Cyclical,"Gambling, Resorts & Casinos",7930425538
ATR,"AptarGroup, Inc.",NYSE,NYSE,US,Healthcare,Medical - Instruments & Supplies,7868406760
NNN,"NNN REIT, Inc.",NYSE,NYSE,US,Real Estate,REIT - Retail,7864859637
S,"SentinelOne, Inc.",NYSE,NYSE,US,Technology,Software - Infrastructure,7849526230
UGP,Ultrapar Participações S.A.,NYSE,NYSE,BR,Energy,Oil & Gas Refining & Marketing,7844753054
LNC,Lincoln National Corporation,NYSE,NYSE,US,Financial Services,Insurance - Life,7834011240
CNM,"Core & Main, Inc.",NYSE,NYSE,US,Industrials,Industrial - Distribution,7798453339
HESM,Hess Midstream LP,NYSE,NYSE,US,Energy,Oil & Gas Midstream,7775643591
ZWS,Zurn Elkay Water Solutions Corporation,NYSE,NYSE,US,Industrials,Industrial - Machinery,7760781426
UGI,UGI Corporation,NYSE,NYSE,US,Utilities,Regulated Gas,7750343100
RAL,Ralliant Corp,NYSE,NYSE,US,Technology,"Hardware, Equipment & Parts",7742588040
LEVI,Levi Strauss & Co.,NYSE,NYSE,US,Consumer Cyclical,Apparel - Manufacturers,7727656444
OSCR,"Oscar Health, Inc.",NYSE,NYSE,US,Healthcare,Medical - Healthcare Plans,7718559949
RHP,"Ryman Hospitality Properties, Inc.",NYSE,NYSE,US,Real Estate,REIT - Hotel & Motel,7704379926
STN,Stantec Inc.,NYSE,NYSE,CA,Industrials,Engineering & Construction,7669864744
MHK,"Mohawk Industries, Inc.",NYSE,NYSE,US,Consumer Cyclical,"Furnishings, Fixtures & Appliances",7609385004
THG,"The Hanover Insurance Group, Inc.",NYSE,NYSE,US,Financial Services,Insurance - Property & Casualty,7589415369
IDA,"IDACORP, Inc.",NYSE,NYSE,US,Utilities,Regulated Electric,7584243040
ACM,Aecom,NYSE,NYSE,US,Industrials,Engineering & Construction,7563578550
CHWY,"Chewy, Inc.",NYSE,NYSE,US,Consumer Cyclical,Specialty Retail,7561837281
EMN,Eastman Chemical Company,NYSE,NYSE,US,Basic Materials,Chemicals - Specialty,7518512500
PCOR,"Procore Technologies, Inc.",NYSE,NYSE,US,Technology,Software - Application,7475090600
HNGE,"Hinge Health, Inc.",NYSE,NYSE,US,Healthcare,Medical - Healthcare Information Services,7367362177
KNSL,"Kinsale Capital Group, Inc.",NYSE,NYSE,US,Financial Services,Insurance - Property & Casualty,7363125881
NFG,National Fuel Gas Company,NYSE,NYSE,US,Energy,Oil & Gas Integrated,7331778705
PRH,"Prudential Financial, Inc. 5.95",NYSE,NYSE,US,Financial Services,Insurance - Life,7328880000
ZETA,Zeta Global Holdings Corp.,NYSE,NYSE,US,Technology,Software - Application,7240505004
SARO,"StandardAero, Inc.",NYSE,NYSE,US,Industrials,Aerospace & Defense,7231265391
ASR,"Grupo Aeroportuario del Sureste, S. A. B. de C. V.",NYSE,NYSE,MX,Industrials,"Airlines, Airports & Air Services",7228771808
SBSW,Sibanye Stillwater Limited,NYSE,NYSE,ZA,Basic Materials,Other Precious Metals,7210870105
ACA,"Arcosa, Inc.",NYSE,NYSE,US,Basic Materials,Construction Materials,7169594114
SSD,"Simpson Manufacturing Co., Inc.",NYSE,NYSE,US,Basic Materials,Construction Materials,7157652817
TAL,TAL Education Group,NYSE,NYSE,CN,Consumer Defensive,Education & Training Services,7137959799
MOS,The Mosaic Company,NYSE,NYSE,US,Basic Materials,Agricultural Inputs,7126121758
STAG,"STAG Industrial, Inc.",NYSE,NYSE,US,Real Estate,REIT - Industrial,7112512778
VSXY,Victoria's Secret & Company,NYSE,NYSE,US,Consumer Cyclical,Apparel - Retail,7093044391
KEX,Kirby Corporation,NYSE,NYSE,US,Industrials,Marine Shipping,7058790000
TRNO,Terreno Realty Corporation,NYSE,NYSE,US,Real Estate,REIT - Industrial,7042838750
AXTA,Axalta Coating Systems Ltd.,NYSE,NYSE,US,Basic Materials,Chemicals - Specialty,6985612572
PRMB,Primo Brands Corporation,NYSE,NYSE,US,Consumer Defensive,Beverages - Non-Alcoholic,6985219819
FSS,Federal Signal Corporation,NYSE,NYSE,US,Industrials,Agricultural - Machinery,6974613216
MSA,MSA Safety Incorporated,NYSE,NYSE,US,Industrials,Security & Protection Services,6970356296
FLR,Fluor Corporation,NYSE,NYSE,US,Industrials,Engineering & Construction,6959756100
VIST,"Vista Energy, S.A.B. de C.V.",NYSE,NYSE,MX,Energy,Oil & Gas Exploration & Production,6955859505
MSM,"MSC Industrial Direct Co., Inc.",NYSE,NYSE,US,Industrials,Industrial - Distribution,6955656665
AXS,AXIS Capital Holdings Limited,NYSE,NYSE,BM,Financial Services,Insurance - Diversified,6949312031
PRS,"Prudential Financial, Inc. 5.62",NYSE,NYSE,US,Financial Services,Insurance - Life,6939120000
SOBO,South Bow Corporation,NYSE,NYSE,CA,Energy,Oil & Gas Midstream,6937524694
AWI,"Armstrong World Industries, Inc.",NYSE,NYSE,US,Basic Materials,Construction Materials,6892644292
ESE,ESCO Technologies Inc.,NYSE,NYSE,US,Technology,"Hardware, Equipment & Parts",6883283968
CMC,Commercial Metals Company,NYSE,NYSE,US,Basic Materials,Steel,6864238001
MATX,"Matson, Inc.",NYSE,NYSE,US,Industrials,Marine Shipping,6852519019
MAC,The Macerich Company,NYSE,NYSE,US,Real Estate,REIT - Retail,6811134094
NCLH,Norwegian Cruise Line Holdings Ltd.,NYSE,NYSE,US,Consumer Cyclical,Travel Services,6794828000
GTES,Gates Industrial Corporation plc,NYSE,NYSE,US,Industrials,Industrial - Machinery,6766560000
NOV,NOV Inc.,NYSE,NYSE,US,Energy,Oil & Gas Equipment & Services,6765954813
CAG,"Conagra Brands, Inc.",NYSE,NYSE,US,Consumer Defensive,Packaged Foods,6757351920
TAP,Molson Coors Beverage Company,NYSE,NYSE,US,Consumer Defensive,Beverages - Alcoholic,6753724546
NE,Noble Corporation Plc,NYSE,NYSE,US,Energy,Oil & Gas Drilling,6695385480
CHE,Chemed Corporation,NYSE,NYSE,US,Healthcare,Medical - Care Facilities,6692493500
PACS,"PACS Group, Inc.",NYSE,NYSE,US,Healthcare,Medical - Care Facilities,6689679607
ICL,ICL Group Ltd,NYSE,NYSE,IL,Basic Materials,Agricultural Inputs,6673014128
ENS,EnerSys,NYSE,NYSE,US,Industrials,Electrical Equipment & Parts,6638660545
BROS,Dutch Bros Inc.,NYSE,NYSE,US,Consumer Cyclical,Restaurants,6583203445
ETSY,"Etsy, Inc.",NYSE,NYSE,US,Consumer Cyclical,Specialty Retail,6574410884
PATH,UiPath Inc.,NYSE,NYSE,US,Technology,Software - Infrastructure,6553150567
GIL,Gildan Activewear Inc.,NYSE,NYSE,CA,Consumer Cyclical,Apparel - Manufacturers,6547184934
FAF,First American Financial Corporation,NYSE,NYSE,US,Financial Services,Insurance - Specialty,6537463000
OMF,"OneMain Holdings, Inc.",NYSE,NYSE,US,Financial Services,Financial - Credit Services,6510171850
NPO,"EnPro Industries, Inc.",NYSE,NYSE,US,Industrials,Industrial - Machinery,6501108124
TXNM,"TXNM Energy, Inc.",NYSE,NYSE,US,Utilities,Regulated Electric,6476359500
OKLO,Oklo Inc.,NYSE,NYSE,US,Utilities,Independent Power Producers,6456805528
OR,OR Royalties Inc.,NYSE,NYSE,CA,Basic Materials,Gold,6438607970
RNG,"RingCentral, Inc.",NYSE,NYSE,US,Technology,Software - Application,6417924808
TFPM,Triple Flag Precious Metals Corp.,NYSE,NYSE,CA,Basic Materials,Other Precious Metals,6415051468
HIMS,"Hims & Hers Health, Inc.",NYSE,NYSE,US,Healthcare,Medical - Care Facilities,6402396000
HXL,Hexcel Corporation,NYSE,NYSE,US,Industrials,Aerospace & Defense,6378838176
VNO,Vornado Realty Trust,NYSE,NYSE,US,Real Estate,REIT - Office,6374641220
LAD,"Lithia Motors, Inc.",NYSE,NYSE,US,Consumer Cyclical,Auto - Dealerships,6358836134
JAN,"Janus Living, Inc.",NYSE,NYSE,US,Real Estate,REIT - Diversified,6358200960
MTDR,Matador Resources Company,NYSE,NYSE,US,Energy,Oil & Gas Exploration & Production,6294594327
HR,Healthcare Realty Trust Incorporated,NYSE,NYSE,US,Real Estate,REIT - Healthcare Facilities,6292490808
CLF,Cleveland-Cliffs Inc.,NYSE,NYSE,US,Basic Materials,Steel,6281645400
GATX,GATX Corporation,NYSE,NYSE,US,Industrials,Rental & Leasing Services,6243515022
ANDG,Andersen,NYSE,NYSE,US,Consumer Cyclical,Personal Products & Services,6239584553
INGM,Ingram Micro Holding Corporation,NYSE,NYSE,US,Technology,Information Technology Services,6216338475
LB,LandBridge Company LLC,NYSE,NYSE,US,Energy,Oil & Gas Exploration & Production,6199098974
BLDR,"Builders FirstSource, Inc.",NYSE,NYSE,US,Basic Materials,Construction Materials,6189997880
CAVA,"CAVA Group, Inc.",NYSE,NYSE,US,Consumer Cyclical,Restaurants,6189420602
FNB,F.N.B. Corporation,NYSE,NYSE,US,Financial Services,Banks - Regional,6165295597
CMSC,CMS Energy Corporation 5.875% J,NYSE,NYSE,US,Utilities,Regulated Electric,6165190520
OGC,OceanaGold Corporation,NYSE,NYSE,CA,Basic Materials,Gold,6159585120
BLCO,Bausch + Lomb Corporation,NYSE,NYSE,CA,Healthcare,Medical - Instruments & Supplies,6121812299
M,"Macy's, Inc.",NYSE,NYSE,US,Consumer Cyclical,Department Stores,6120893190
CMSD,CMS Energy Corporation 5.875% Junior Subordinated Notes due 2079,NYSE,NYSE,US,Utilities,Regulated Electric,6106970530
TEX,Terex Corporation,NYSE,NYSE,US,Industrials,Industrial - Machinery,6100191000
ST,Sensata Technologies Holding plc,NYSE,NYSE,US,Technology,"Hardware, Equipment & Parts",6099407976
VIPS,Vipshop Holdings Limited,NYSE,NYSE,CN,Consumer Cyclical,Specialty Retail,6091482077
INGR,Ingredion Incorporated,NYSE,NYSE,US,Consumer Defensive,Packaged Foods,6082680786
BIRK,Birkenstock Holding plc,NYSE,NYSE,GB,Consumer Cyclical,Apparel - Footwear & Accessories,6076256090
TBBB,BBB Foods Inc.,NYSE,NYSE,MX,Consumer Defensive,Discount Stores,6071660784
IFS,Intercorp Financial Services Inc.,NYSE,NYSE,PE,Financial Services,Banks - Regional,6060123184
CWEN,"Clearway Energy, Inc.",NYSE,NYSE,US,Utilities,Renewable Utilities,6018594229
DPC,DPC Holdings Ltd.,NYSE,NYSE,GB,Industrials,Manufacturing - Metal Fabrication,6017993587
ECG,"Everus Construction Group, Inc.",NYSE,NYSE,US,Industrials,Engineering & Construction,6012701187
ELF,"e.l.f. Beauty, Inc.",NYSE,NYSE,US,Consumer Defensive,Household & Personal Products,5993897070
LEA,Lear Corporation,NYSE,NYSE,US,Consumer Cyclical,Auto - Parts,5977347332
NXE,NexGen Energy Ltd.,NYSE,NYSE,CA,Energy,Uranium,5977038270
SWX,"Southwest Gas Holdings, Inc.",NYSE,NYSE,US,Utilities,Regulated Gas,5952109556
LOAR,Loar Holdings Inc.,NYSE,NYSE,US,Industrials,Aerospace & Defense,5949835069
LW,"Lamb Weston Holdings, Inc.",NYSE,NYSE,US,Consumer Defensive,Packaged Foods,5948803346
ANF,Abercrombie & Fitch Co.,NYSE,NYSE,US,Consumer Cyclical,Apparel - Retail,5935632139
SGHC,Super Group (SGHC) Limited,NYSE,NYSE,GG,Consumer Cyclical,"Gambling, Resorts & Casinos",5893690741
JOBY,"Joby Aviation, Inc.",NYSE,NYSE,US,Industrials,"Airlines, Airports & Air Services",5892020683
ENIC,Enel Chile S.A.,NYSE,NYSE,CL,Utilities,Regulated Electric,5865324051
CIG,Companhia Energética de Minas Gerais,NYSE,NYSE,BR,Utilities,Regulated Electric,5864235174
WEX,WEX Inc.,NYSE,NYSE,US,Technology,Software - Infrastructure,5843633022
ESNT,Essent Group Ltd.,NYSE,NYSE,BM,Financial Services,Insurance - Specialty,5827746866
MTG,MGIC Investment Corporation,NYSE,NYSE,US,Financial Services,Insurance - Specialty,5794781250
STVN,Stevanato Group S.p.A.,NYSE,NYSE,IT,Healthcare,Medical - Instruments & Supplies,5787874201
AVAL,Grupo Aval Acciones y Valores S.A.,NYSE,NYSE,CO,Financial Services,Banks - Regional,5781536464
JBTM,JBT Marel Corporation,NYSE,NYSE,US,Industrials,Industrial - Machinery,5744119696
BXSL,Blackstone Secured Lending Fund,NYSE,NYSE,US,Financial Services,Asset Management,5730218834
HOMB,"Home Bancshares, Inc.",NYSE,NYSE,US,Financial Services,Banks - Regional,5722143330
LUMN,"Lumen Technologies, Inc.",NYSE,NYSE,US,Communication Services,Telecommunications Services,5707917400
VFC,V.F. Corporation,NYSE,NYSE,US,Consumer Cyclical,Apparel - Manufacturers,5700451265
GBCI,"Glacier Bancorp, Inc.",NYSE,NYSE,US,Financial Services,Banks - Regional,5683344810
EPRT,"Essential Properties Realty Trust, Inc.",NYSE,NYSE,US,Real Estate,REIT - Diversified,5680781238
MGR,"Affiliated Managers Group, Inc.",NYSE,NYSE,US,Financial Services,Asset Management,5679713142
AGRO,Adecoagro S.A.,NYSE,NYSE,LU,Consumer Defensive,Agricultural Farm Products,5652946346
ACI,"Albertsons Companies, Inc.",NYSE,NYSE,US,Consumer Defensive,Grocery Stores,5649194640
ORA,"Ormat Technologies, Inc.",NYSE,NYSE,US,Utilities,Renewable Utilities,5608865965
SNDR,"Schneider National, Inc.",NYSE,NYSE,US,Industrials,Trucking,5601312766
EPAM,"EPAM Systems, Inc.",NYSE,NYSE,US,Technology,Information Technology Services,5597470480
MGY,Magnolia Oil & Gas Corporation,NYSE,NYSE,US,Energy,Oil & Gas Exploration & Production,5592458771
TFX,Teleflex Incorporated,NYSE,NYSE,US,Healthcare,Medical - Instruments & Supplies,5592211664
BIPH,Brookfield Infrastructure Finance ULC 5 % Notes 2021-24.05.81 Global,NYSE,NYSE,US,Financial Services,Financial - Conglomerates,5589954618
MTRN,Materion Corporation,NYSE,NYSE,US,Basic Materials,Industrial Materials,5586446812
MCY,Mercury General Corporation,NYSE,NYSE,US,Financial Services,Insurance - Property & Casualty,5531659482
DLB,"Dolby Laboratories, Inc.",NYSE,NYSE,US,Technology,Software - Application,5511223788
CMBT,Cmb.Tech N.V.,NYSE,NYSE,BE,Industrials,Marine Shipping,5498716914
CPA,"Copa Holdings, S.A.",NYSE,NYSE,PA,Industrials,"Airlines, Airports & Air Services",5485776301
COMP,"Compass, Inc.",NYSE,NYSE,US,Real Estate,Real Estate - Services,5479726136
SXT,Sensient Technologies Corporation,NYSE,NYSE,US,Basic Materials,Chemicals - Specialty,5479476531
G,Genpact Limited,NYSE,NYSE,BM,Technology,Information Technology Services,5464905680
INSW,"International Seaways, Inc.",NYSE,NYSE,US,Industrials,Marine Shipping,5457397687
PL,Planet Labs PBC,NYSE,NYSE,US,Industrials,Aerospace & Defense,5453044997
WPP,WPP plc,NYSE,NYSE,GB,Communication Services,Advertising Agencies,5450110003
VAL,Valaris Limited,NYSE,NYSE,US,Energy,Oil & Gas Drilling,5432802141
ABCB,Ameris Bancorp,NYSE,NYSE,US,Financial Services,Banks - Regional,5414354550
ASB,Associated Banc-Corp,NYSE,NYSE,US,Financial Services,Banks - Regional,5412432240
BLSH,Bullish,NYSE,NYSE,KY,Technology,Software - Application,5410812985
AUB,Atlantic Union Bankshares Corporation,NYSE,NYSE,US,Financial Services,Banks - Regional,5393118270
WFG,West Fraser Timber Co. Ltd.,NYSE,NYSE,CA,Basic Materials,"Paper, Lumber & Forest Products",5381621732
WH,"Wyndham Hotels & Resorts, Inc.",NYSE,NYSE,US,Consumer Cyclical,Travel Lodging,5375853678
OBDC,Blue Owl Capital Corporation,NYSE,NYSE,US,Financial Services,Asset Management,5365061633
BKH,Black Hills Corporation,NYSE,NYSE,US,Utilities,Regulated Gas,5349522852
EXP,Eagle Materials Inc.,NYSE,NYSE,US,Basic Materials,Construction Materials,5324622914
STWD,"Starwood Property Trust, Inc.",NYSE,NYSE,US,Real Estate,REIT - Mortgage,5323949465
AGX,"Argan, Inc.",NYSE,NYSE,US,Industrials,Engineering & Construction,5304742872
RIG,Transocean Ltd.,NYSE,NYSE,CH,Energy,Oil & Gas Drilling,5295703411
AROC,"Archrock, Inc.",NYSE,NYSE,US,Energy,Oil & Gas Equipment & Services,5256095264
MBGL,Mobility Global Inc,NYSE,NYSE,US,Technology,Software - Infrastructure,5247819496
AN,"AutoNation, Inc.",NYSE,NYSE,US,Consumer Cyclical,Auto - Dealerships,5246763200
TEO,Telecom Argentina S.A.,NYSE,NYSE,AR,Communication Services,Telecommunications Services,5233462423
IBP,"Installed Building Products, Inc.",NYSE,NYSE,US,Consumer Cyclical,Residential Construction,5224879358
KGS,"Kodiak Gas Services, Inc.",NYSE,NYSE,US,Energy,Oil & Gas Equipment & Services,5222553800
MAIN,Main Street Capital Corporation,NYSE,NYSE,US,Financial Services,Asset Management,5201849412
BBUC,Brookfield Business Corporation,NYSE,NYSE,BM,Industrials,Conglomerates,5189465021
RLI,RLI Corp.,NYSE,NYSE,US,Financial Services,Insurance - Property & Casualty,5183339040
MUR,Murphy Oil Corporation,NYSE,NYSE,US,Energy,Oil & Gas Exploration & Production,5153432500
GXO,"GXO Logistics, Inc.",NYSE,NYSE,US,Industrials,Integrated Freight & Logistics,5149574844
POR,Portland General Electric Company,NYSE,NYSE,US,Utilities,Regulated Electric,5148827700
HRB,"H&R Block, Inc.",NYSE,NYSE,US,Consumer Cyclical,Personal Products & Services,5143929200
NIQ,NIQ Global Intelligence Plc,NYSE,NYSE,US,Technology,Software - Application,5135372490
NJR,New Jersey Resources Corporation,NYSE,NYSE,US,Utilities,Regulated Gas,5129865260
BB,BlackBerry Limited,NYSE,NYSE,CA,Technology,Software - Infrastructure,5110795758
RITM,Rithm Capital Corp.,NYSE,NYSE,US,Real Estate,REIT - Diversified,5092671840
GVA,Granite Construction Incorporated,NYSE,NYSE,US,Industrials,Engineering & Construction,5088499578
CVI,"CVR Energy, Inc.",NYSE,NYSE,US,Energy,Oil & Gas Refining & Marketing,5083832391
MTN,"Vail Resorts, Inc.",NYSE,NYSE,US,Consumer Cyclical,"Gambling, Resorts & Casinos",5034660889
FND,"Floor & Decor Holdings, Inc.",NYSE,NYSE,US,Consumer Cyclical,Home Improvement,5012484300
WTM,"White Mountains Insurance Group, Ltd.",NYSE,NYSE,BM,Financial Services,Insurance - Diversified,5006613172
BETA,"BETA Technologies, Inc.",NYSE,NYSE,US,Industrials,Aerospace & Defense,4987391653
CNO,"CNO Financial Group, Inc.",NYSE,NYSE,US,Financial Services,Insurance - Life,4974541565
GBTG,"Global Business Travel Group, Inc.",NYSE,NYSE,US,Consumer Cyclical,Travel Services,4961712060
DOCS,"Doximity, Inc.",NYSE,NYSE,US,Healthcare,Medical - Healthcare Information Services,4959908967
KRG,Kite Realty Group Trust,NYSE,NYSE,US,Real Estate,REIT - Retail,4950536822
FLG,"Flagstar Financial, Inc.",NYSE,NYSE,US,Financial Services,Banks - Regional,4935089600
OUT,Outfront Media Inc.,NYSE,NYSE,US,Real Estate,REIT - Specialty,4928017645
MANE,"Veradermics, Incorporated",NYSE,NYSE,US,Healthcare,Biotechnology,4922364902
CE,Celanese Corporation,NYSE,NYSE,US,Basic Materials,Chemicals,4917268249
ADT,ADT Inc.,NYSE,NYSE,US,Industrials,Security & Protection Services,4912000000
AX,"Axos Financial, Inc.",NYSE,NYSE,US,Financial Services,Banks - Regional,4908572134
SON,Sonoco Products Company,NYSE,NYSE,US,Consumer Cyclical,Packaging & Containers,4905188750
RYAN,"Ryan Specialty Holdings, Inc.",NYSE,NYSE,US,Financial Services,Insurance - Brokers,4900363762
BYD,Boyd Gaming Corporation,NYSE,NYSE,US,Consumer Cyclical,"Gambling, Resorts & Casinos",4873725171
GHC,Graham Holdings Company,NYSE,NYSE,US,Industrials,Conglomerates,4868278195
RSI,"Rush Street Interactive, Inc.",NYSE,NYSE,US,Consumer Cyclical,"Gambling, Resorts & Casinos",4865929761
HAFN,Hafnia Limited,NYSE,NYSE,SG,Industrials,Marine Shipping,4832885219
SPHR,Sphere Entertainment Co.,NYSE,NYSE,US,Communication Services,Entertainment,4831869305
GOLF,Acushnet Holdings Corp.,NYSE,NYSE,US,Consumer Cyclical,Leisure,4826028922
HAE,Haemonetics Corporation,NYSE,NYSE,US,Healthcare,Medical - Devices,4808186800
MDA,MDA Space Ltd,NYSE,NYSE,CA,Industrials,Aerospace & Defense,4799283132
CSW,"CSW Industrials, Inc.",NYSE,NYSE,US,Industrials,Industrial - Specialties,4786541495
SKY,"Champion Homes, Inc.",NYSE,NYSE,US,Consumer Cyclical,Residential Construction,4758784960
OTF,Blue Owl Technology Finance Corp.,NYSE,NYSE,US,Financial Services,Asset Management,4751335435
CHH,"Choice Hotels International, Inc.",NYSE,NYSE,US,Consumer Cyclical,Travel Lodging,4742905875
KLAR,Klarna Group plc,NYSE,NYSE,GB,Financial Services,Financial - Credit Services,4665997644
HGTY,"Hagerty, Inc.",NYSE,NYSE,US,Financial Services,Insurance - Property & Casualty,4652452269
HCC,"Warrior Met Coal, Inc.",NYSE,NYSE,US,Energy,Coal,4648156891
UNF,UniFirst Corporation,NYSE,NYSE,US,Industrials,Specialty Business Services,4624625262
CNX,CNX Resources Corporation,NYSE,NYSE,US,Energy,Oil & Gas Exploration & Production,4617320661
LPX,Louisiana-Pacific Corporation,NYSE,NYSE,US,Basic Materials,"Paper, Lumber & Forest Products",4594314509
VSH,"Vishay Intertechnology, Inc.",NYSE,NYSE,US,Technology,Semiconductors,4585973340
FBIN,"Fortune Brands Innovations, Inc.",NYSE,NYSE,US,Basic Materials,Construction Materials,4582060147
TREX,"Trex Company, Inc.",NYSE,NYSE,US,Basic Materials,Construction Materials,4577789940
KVYO,"Klaviyo, Inc.",NYSE,NYSE,US,Technology,Software - Application,4564017087
CUZ,Cousins Properties Incorporated,NYSE,NYSE,US,Real Estate,REIT - Office,4544661220
HASI,"HA Sustainable Infrastructure Capital, Inc.",NYSE,NYSE,US,Financial Services,Asset Management,4544603560
SR,Spire Inc.,NYSE,NYSE,US,Utilities,Regulated Gas,4538396736
BOX,"Box, Inc.",NYSE,NYSE,US,Technology,Software - Infrastructure,4536955750
CRC,California Resources Corp,NYSE,NYSE,US,Energy,Oil & Gas Exploration & Production,4536531441
OGS,"ONE Gas, Inc.",NYSE,NYSE,US,Utilities,Regulated Gas,4531452500
CON,"Concentra Group Holdings Parent, Inc.",NYSE,NYSE,US,Healthcare,Medical - Care Facilities,4522169305
HHH,Howard Hughes Holdings Inc.,NYSE,NYSE,US,Real Estate,Real Estate - Development,4464690048
NNI,"Nelnet, Inc.",NYSE,NYSE,US,Financial Services,Financial - Credit Services,4456896501
TPC,Tutor Perini Corporation,NYSE,NYSE,US,Industrials,Engineering & Construction,4451475946
ALK,"Alaska Air Group, Inc.",NYSE,NYSE,US,Industrials,"Airlines, Airports & Air Services",4449359970
VNT,Vontier Corporation,NYSE,NYSE,US,Technology,"Hardware, Equipment & Parts",4445056000
PSN,Parsons Corporation,NYSE,NYSE,US,Technology,Information Technology Services,4437764121
CNK,"Cinemark Holdings, Inc.",NYSE,NYSE,US,Communication Services,Entertainment,4432474880
AMTM,"Amentum Holdings, Inc.",NYSE,NYSE,US,Industrials,Aerospace & Defense,4430239744
KBR,"KBR, Inc.",NYSE,NYSE,US,Industrials,Engineering & Construction,4428768840
WHD,"Cactus, Inc.",NYSE,NYSE,US,Energy,Oil & Gas Equipment & Services,4423340448
TKC,Turkcell Iletisim Hizmetleri A.S.,NYSE,NYSE,TR,Communication Services,Telecommunications Services,4422531185
OII,"Oceaneering International, Inc.",NYSE,NYSE,US,Energy,Oil & Gas Equipment & Services,4401203334
PRM,"Perimeter Solutions, Inc.",NYSE,NYSE,US,Basic Materials,Chemicals - Specialty,4391380455
BIPC,Brookfield Infrastructure Corporation,NYSE,NYSE,US,Utilities,Regulated Gas,4389536941
SFBS,"ServisFirst Bancshares, Inc.",NYSE,NYSE,US,Financial Services,Banks - Regional,4381770048
EPR,EPR Properties,NYSE,NYSE,US,Real Estate,REIT - Specialty,4375475363
PIPR,Piper Sandler Companies,NYSE,NYSE,US,Financial Services,Investment - Banking & Investment Services,4368600000
FHI,"Federated Hermes, Inc.",NYSE,NYSE,US,Financial Services,Asset Management,4366496088
CNR,"Core Natural Resources, Inc.",NYSE,NYSE,US,Energy,Coal,4360258265
RDN,Radian Group Inc.,NYSE,NYSE,US,Financial Services,Insurance - Specialty,4354931250
KRMN,Karman Holdings Inc.,NYSE,NYSE,US,Industrials,Aerospace & Defense,4354814185
GFF,Griffon Corporation,NYSE,NYSE,US,Basic Materials,Construction Materials,4325681970
ALH,Alliance Laundry Holdings Inc.,NYSE,NYSE,US,Industrials,Industrial - Machinery,4315766182
CGAU,Centerra Gold Inc.,NYSE,NYSE,CA,Basic Materials,Gold,4307288160
ARX,Accelerant Holdings,NYSE,NYSE,KY,Financial Services,Insurance - Property & Casualty,4305112458
MC,Moelis & Company,NYSE,NYSE,US,Financial Services,Financial - Capital Markets,4296691968
ITGR,Integer Holdings Corporation,NYSE,NYSE,US,Healthcare,Medical - Devices,4289509884
DTK,DTE Energy Company 2025 Series,NYSE,NYSE,US,Utilities,Regulated Electric,4289040000
BDC,Belden Inc.,NYSE,NYSE,US,Technology,Communication Equipment,4269292367
MTH,Meritage Homes Corporation,NYSE,NYSE,US,Consumer Cyclical,Residential Construction,4262283360
FGN,"F&G Annuities & Life, Inc.",NYSE,NYSE,US,Financial Services,Insurance - Life,4259832807
AIR,AAR Corp.,NYSE,NYSE,US,Industrials,Aerospace & Defense,4258521386
CRGY,Crescent Energy Company,NYSE,NYSE,US,Energy,Oil & Gas Exploration & Production,4257268042
HRI,Herc Holdings Inc.,NYSE,NYSE,US,Industrials,Rental & Leasing Services,4253811209
BCO,The Brink's Company,NYSE,NYSE,US,Industrials,Security & Protection Services,4246584720
CAAP,Corporacion America Airports S.A.,NYSE,NYSE,LU,Industrials,"Airlines, Airports & Air Services",4243790382
BC,Brunswick Corporation,NYSE,NYSE,US,Consumer Cyclical,Auto - Recreational Vehicles,4225287703
BMA,Banco Macro S.A.,NYSE,NYSE,AR,Financial Services,Banks - Regional,4223173130
DK,"Delek US Holdings, Inc.",NYSE,NYSE,US,Energy,Oil & Gas Refining & Marketing,4212289875
SEI,"Solaris Energy Infrastructure, Inc.",NYSE,NYSE,US,Energy,Oil & Gas Equipment & Services,4188081587
STNG,Scorpio Tankers Inc.,NYSE,NYSE,MC,Industrials,Marine Shipping,4185298587
ENVA,"Enova International, Inc.",NYSE,NYSE,US,Financial Services,Financial - Credit Services,4180934458
PAM,Pampa Energía S.A.,NYSE,NYSE,AR,Utilities,Regulated Electric,4179699582
BILL,"Bill.com Holdings, Inc.",NYSE,NYSE,US,Technology,Software - Application,4175093664
BEPC,Brookfield Renewable Corporation,NYSE,NYSE,US,Utilities,Renewable Utilities,4149299559
COLD,"Americold Realty Trust, Inc.",NYSE,NYSE,US,Real Estate,REIT - Industrial,4148349240
YOU,"Clear Secure, Inc.",NYSE,NYSE,US,Technology,Software - Application,4147245931
GEO,"The GEO Group, Inc.",NYSE,NYSE,US,Industrials,Security & Protection Services,4136813280
ESAB,ESAB Corporation,NYSE,NYSE,US,Industrials,Industrial - Machinery,4115603866
ASBA,Associated Banc-Corp,NYSE,NYSE,US,Financial Services,Banks - Regional,4115153200
SIG,Signet Jewelers Limited,NYSE,NYSE,BM,Consumer Cyclical,Luxury Goods,4102884736
MRP,"Millrose Properties, Inc.",NYSE,NYSE,US,Real Estate,REIT - Residential,4088587355
AZZ,AZZ Inc.,NYSE,NYSE,US,Industrials,Industrial - Specialties,4065667435
CVSA,Covista Inc.,NYSE,NYSE,US,Consumer Defensive,Education & Training Services,4064991005
BFH,"Bread Financial Holdings, Inc.",NYSE,NYSE,US,Financial Services,Financial - Credit Services,4043534995
TDW,Tidewater Inc.,NYSE,NYSE,US,Energy,Oil & Gas Equipment & Services,4035140884
PRIM,Primoris Services Corporation,NYSE,NYSE,US,Industrials,Engineering & Construction,4030053972
UCB,"United Community Banks, Inc.",NYSE,NYSE,US,Financial Services,Banks - Regional,4023902400
FBP,First BanCorp.,NYSE,NYSE,US,Financial Services,Banks - Regional,4022970598
CBT,Cabot Corp.,NYSE,NYSE,US,Basic Materials,Chemicals - Specialty,4014080064
SKT,Tanger Inc.,NYSE,NYSE,US,Real Estate,REIT - Retail,4004577360
BRC,Brady Corporation,NYSE,NYSE,US,Industrials,Security & Protection Services,3994128230
JMKE,Jersey Mike's Subs Inc.,NYSE,NYSE,US,Consumer Cyclical,Restaurants,3939554275
KRC,Kilroy Realty Corporation,NYSE,NYSE,US,Real Estate,REIT - Office,3935896154
PARR,"Par Pacific Holdings, Inc.",NYSE,NYSE,US,Energy,Oil & Gas Refining & Marketing,3926798332
SITE,"SiteOne Landscape Supply, Inc.",NYSE,NYSE,US,Industrials,Industrial - Distribution,3925930122
TNL,Travel + Leisure Co.,NYSE,NYSE,US,Consumer Cyclical,Travel Services,3920827798
MDU,"MDU Resources Group, Inc.",NYSE,NYSE,US,Utilities,Regulated Gas,3904232080
AQN,Algonquin Power & Utilities Corp.,NYSE,NYSE,CA,Utilities,Diversified Utilities,3886810997
CDP,COPT Defense Properties,NYSE,NYSE,US,Real Estate,REIT - Office,3886559549
TGS,Transportadora de Gas del Sur S.A.,NYSE,NYSE,AR,Energy,Oil & Gas Midstream,3873708338
ERO,Ero Copper Corp.,NYSE,NYSE,CA,Basic Materials,Copper,3872883732
MSGE,Madison Square Garden Entertainment Corp.,NYSE,NYSE,US,Communication Services,Entertainment,3862472111
ACHR,Archer Aviation Inc.,NYSE,NYSE,US,Industrials,Aerospace & Defense,3843565880
APLE,"Apple Hospitality REIT, Inc.",NYSE,NYSE,US,Real Estate,REIT - Hotel & Motel,3840819104
NVST,Envista Holdings Corp,NYSE,NYSE,US,Healthcare,Medical - Instruments & Supplies,3796442444
VVV,Valvoline Inc.,NYSE,NYSE,US,Consumer Cyclical,Auto - Dealerships,3781442400
RHI,Robert Half Inc.,NYSE,NYSE,US,Industrials,Staffing & Employment Services,3772602720
PAY,"Paymentus Holdings, Inc.",NYSE,NYSE,US,Technology,Software - Infrastructure,3767995470
KNTK,Kinetik Holdings Inc.,NYSE,NYSE,US,Energy,Oil & Gas Midstream,3765493668
JOE,The St. Joe Company,NYSE,NYSE,US,Real Estate,Real Estate - Development,3757979071
CNS,"Cohen & Steers, Inc.",NYSE,NYSE,US,Financial Services,Asset Management,3750038520
BWLP,BW LPG Limited,NYSE,NYSE,SG,Industrials,Marine Shipping,3746784427
SKE,Skeena Resources Limited,NYSE,NYSE,CA,Basic Materials,Industrial Materials,3744866739
AVNT,Avient Corporation,NYSE,NYSE,US,Basic Materials,Chemicals - Specialty,3739940610
EE,"Excelerate Energy, Inc.",NYSE,NYSE,US,Energy,Oil & Gas Midstream,3721132196
GEF,"Greif, Inc.",NYSE,NYSE,US,Consumer Cyclical,Packaging & Containers,3717007160
WT,"WisdomTree, Inc.",NYSE,NYSE,US,Financial Services,Asset Management,3711878070
SLGN,Silgan Holdings Inc.,NYSE,NYSE,US,Consumer Cyclical,Packaging & Containers,3708302708
PJT,PJT Partners Inc.,NYSE,NYSE,US,Financial Services,Investment - Banking & Investment Services,3703001890
BOOT,"Boot Barn Holdings, Inc.",NYSE,NYSE,US,Consumer Cyclical,Apparel - Retail,3691419635
CRK,"Comstock Resources, Inc.",NYSE,NYSE,US,Energy,Oil & Gas Exploration & Production,3674136960
OPLN,"OPENLANE, Inc.",NYSE,NYSE,US,Consumer Cyclical,Auto - Dealerships,3666791060
ARIS,Aris Mining Corporation,NYSE,NYSE,CA,Basic Materials,Gold,3663600000
PHI,PLDT Inc.,NYSE,NYSE,PH,Communication Services,Telecommunications Services,3662150319
KFY,Korn Ferry,NYSE,NYSE,US,Industrials,Staffing & Employment Services,3660686860
HP,"Helmerich & Payne, Inc.",NYSE,NYSE,US,Energy,Oil & Gas Drilling,3658473910
THO,"Thor Industries, Inc.",NYSE,NYSE,US,Consumer Cyclical,Auto - Recreational Vehicles,3652345290
BMI,"Badger Meter, Inc.",NYSE,NYSE,US,Industrials,Industrial - Machinery,3652052854
FCN,"FTI Consulting, Inc.",NYSE,NYSE,US,Industrials,Consulting Services,3647216244
TDS,"Telephone and Data Systems, Inc.",NYSE,NYSE,US,Communication Services,Telecommunications Services,3631208000
USAC,"USA Compression Partners, LP",NYSE,NYSE,US,Energy,Oil & Gas Equipment & Services,3625749720
BNL,"Broadstone Net Lease, Inc.",NYSE,NYSE,US,Real Estate,REIT - Diversified,3620552558
DHT,"DHT Holdings, Inc.",NYSE,NYSE,BM,Industrials,Marine Shipping,3610561640
OGN,Organon & Co.,NYSE,NYSE,US,Healthcare,Drug Manufacturers - General,3608247646
RNST,Renasant Corporation,NYSE,NYSE,US,Financial Services,Banks - Regional,3595803068
VAC,Marriott Vacations Worldwide Corporation,NYSE,NYSE,US,Consumer Cyclical,"Gambling, Resorts & Casinos",3595031940
MANU,Manchester United plc,NYSE,NYSE,GB,Communication Services,Entertainment,3592230441
LXP,LXP Industrial Trust,NYSE,NYSE,US,Real Estate,REIT - Industrial,3589907805
ATMU,Atmus Filtration Technologies Inc.,NYSE,NYSE,US,Consumer Cyclical,Auto - Parts,3588686486
KTB,"Kontoor Brands, Inc.",NYSE,NYSE,US,Consumer Cyclical,Apparel - Manufacturers,3553462596
WK,Workiva Inc.,NYSE,NYSE,US,Technology,Software - Application,3545233933
GNW,"Genworth Financial, Inc.",NYSE,NYSE,US,Financial Services,Insurance - Diversified,3535175433
TAC,TransAlta Corporation,NYSE,NYSE,CA,Utilities,Independent Power Producers,3519449147
IRT,"Independence Realty Trust, Inc.",NYSE,NYSE,US,Real Estate,REIT - Residential,3495653450
PVH,PVH Corp.,NYSE,NYSE,US,Consumer Cyclical,Apparel - Manufacturers,3492227494
LAZ,Lazard Inc,NYSE,NYSE,US,Financial Services,Financial - Capital Markets,3488731480
MIR,"Mirion Technologies, Inc.",NYSE,NYSE,US,Industrials,Industrial - Machinery,3488607839
SLG,SL Green Realty Corp.,NYSE,NYSE,US,Real Estate,REIT - Office,3486522157
ZIM,ZIM Integrated Shipping Services Ltd.,NYSE,NYSE,IL,Industrials,Marine Shipping,3464940398
FSM,Fortuna Mining Corp.,NYSE,NYSE,CA,Basic Materials,Gold,3438566342
QTWO,"Q2 Holdings, Inc.",NYSE,NYSE,US,Technology,Software - Application,3436991064
MHO,"M/I Homes, Inc.",NYSE,NYSE,US,Consumer Cyclical,Residential Construction,3433182915
LMND,"Lemonade, Inc.",NYSE,NYSE,US,Financial Services,Insurance - Property & Casualty,3426207680
RXO,"RXO, Inc.",NYSE,NYSE,US,Industrials,Trucking,3415499662
DAN,Dana Incorporated,NYSE,NYSE,US,Consumer Cyclical,Auto - Parts,3415116903
GPGI,"GPGI, Inc.",NYSE,NYSE,US,Industrials,Manufacturing - Metal Fabrication,3411663970
KEN,Kenon Holdings Ltd.,NYSE,NYSE,SG,Utilities,Independent Power Producers,3395904428
ZGN,Ermenegildo Zegna N.V.,NYSE,NYSE,IT,Consumer Cyclical,Apparel - Manufacturers,3386097440
FOUR,"Shift4 Payments, Inc.",NYSE,NYSE,US,Technology,Software - Infrastructure,3376686937
WRBY,Warby Parker Inc.,NYSE,NYSE,US,Consumer Cyclical,Specialty Retail,3370987313
HNI,HNI Corporation,NYSE,NYSE,US,Consumer Cyclical,"Furnishings, Fixtures & Appliances",3367280690
MWA,"Mueller Water Products, Inc.",NYSE,NYSE,US,Industrials,Industrial - Machinery,3359432370
BTE,Baytex Energy Corp.,NYSE,NYSE,CA,Energy,Oil & Gas Exploration & Production,3357744329
BFAM,Bright Horizons Family Solutions Inc.,NYSE,NYSE,US,Industrials,Specialty Business Services,3355781393
TNK,Teekay Tankers Ltd.,NYSE,NYSE,BM,Industrials,Marine Shipping,3353871796
NATL,NCR Atleos Corporation,NYSE,NYSE,US,Technology,Software - Application,3353376576
CSTM,Constellium SE,NYSE,NYSE,FR,Basic Materials,Aluminum,3332633520
LION,Lionsgate Studios Corp.,NYSE,NYSE,US,Technology,Media & Entertainment,3328923619
POST,"Post Holdings, Inc.",NYSE,NYSE,US,Consumer Defensive,Packaged Foods,3328037490
HG,"Hamilton Insurance Group, Ltd.",NYSE,NYSE,BM,Financial Services,Insurance - Reinsurance,3327376257
EROC,"ERock, Inc.",NYSE,NYSE,US,Industrials,Electrical Equipment & Parts,3318139096
SXI,Standex International Corporation,NYSE,NYSE,US,Industrials,Industrial - Machinery,3311613929
AB,AllianceBernstein Holding L.P.,NYSE,NYSE,US,Financial Services,Asset Management,3305100352
PFSI,"PennyMac Financial Services, Inc.",NYSE,NYSE,US,Financial Services,Financial - Mortgages,3302942889
AAMI,Acadian Asset Management,NYSE,NYSE,US,Financial Services,Asset Management,3294969920
MIAX,"Miami International Holdings, Inc. ",NYSE,NYSE,US,Financial Services,Financial - Capital Markets,3278231237
ABG,"Asbury Automotive Group, Inc.",NYSE,NYSE,US,Consumer Cyclical,Auto - Dealerships,3238740260
VGNT,Versigent PLC,NYSE,NYSE,CH,Industrials,Electrical Equipment & Parts,3237004516
PLNT,"Planet Fitness, Inc.",NYSE,NYSE,US,Consumer Cyclical,Leisure,3236498816
NHI,"National Health Investors, Inc.",NYSE,NYSE,US,Real Estate,REIT - Healthcare Facilities,3231083526
CXW,"CoreCivic, Inc.",NYSE,NYSE,US,Industrials,Security & Protection Services,3230685988
RCUS,"Arcus Biosciences, Inc.",NYSE,NYSE,US,Healthcare,Biotechnology,3226081605
YETI,"YETI Holdings, Inc.",NYSE,NYSE,US,Consumer Cyclical,Leisure,3223515665
BBWI,"Bath & Body Works, Inc.",NYSE,NYSE,US,Consumer Cyclical,Specialty Retail,3222973374
LRN,"Stride, Inc.",NYSE,NYSE,US,Consumer Defensive,Education & Training Services,3214449632
CURB,Curbline Properties Corp.,NYSE,NYSE,US,Real Estate,REIT - Retail,3211861546
AWR,American States Water Company,NYSE,NYSE,US,Utilities,Regulated Water,3211445987
ATKR,Atkore Inc.,NYSE,NYSE,US,Industrials,Electrical Equipment & Parts,3198776329
KN,Knowles Corporation,NYSE,NYSE,US,Technology,"Hardware, Equipment & Parts",3187513553
HTGC,"Hercules Capital, Inc.",NYSE,NYSE,US,Financial Services,Asset Management,3176173080
HIW,"Highwoods Properties, Inc.",NYSE,NYSE,US,Real Estate,REIT - Office,3159026568
KAI,Kadant Inc.,NYSE,NYSE,US,Industrials,Industrial - Machinery,3154404605
CBU,"Community Bank System, Inc.",NYSE,NYSE,US,Financial Services,Banks - Regional,3144359667
SUNC,SunocoCorp LLC,NYSE,NYSE,US,Energy,Oil & Gas Midstream,3139005240
PK,Park Hotels & Resorts Inc.,NYSE,NYSE,US,Real Estate,REIT - Hotel & Motel,3135203771
ASH,Ashland Inc.,NYSE,NYSE,US,Basic Materials,Chemicals - Specialty,3134097969
DTG,DTE Energy Company 2021 Series,NYSE,NYSE,US,Utilities,Regulated Electric,3131606280
DTB,DTE Energy Company 2020 Series,NYSE,NYSE,US,Utilities,Regulated Electric,3114981960
FSK,FS KKR Capital Corp.,NYSE,NYSE,US,Financial Services,Asset Management,3111538071
SII,Sprott Inc.,NYSE,NYSE,CA,Financial Services,Asset Management,3100355365
BKU,"BankUnited, Inc.",NYSE,NYSE,US,Financial Services,Banks - Regional,3092606335
SA,Seabridge Gold Inc.,NYSE,NYSE,CA,Basic Materials,Gold,3092007037
IMAX,IMAX Corporation,NYSE,NYSE,CA,Communication Services,Entertainment,3089256282
HCXY,Hercules Capital Inc,NYSE,NYSE,US,Financial Services,Asset Management,3083104099
CPK,Chesapeake Utilities Corporation,NYSE,NYSE,US,Utilities,Regulated Gas,3076210122
AGO,Assured Guaranty Ltd.,NYSE,NYSE,BM,Financial Services,Insurance - Specialty,3054164025
BSM,"Black Stone Minerals, L.P.",NYSE,NYSE,US,Energy,Oil & Gas Exploration & Production,3040860690
AEO,"American Eagle Outfitters, Inc.",NYSE,NYSE,US,Consumer Cyclical,Apparel - Retail,3039774220
INFQ,Infleqtion Inc,NYSE,NYSE,US,Technology,Computer Hardware,3019844819
LBRT,Liberty Energy Inc.,NYSE,NYSE,US,Energy,Oil & Gas Equipment & Services,3009249711
RWTN,"Redwood Trust, Inc. 9.125% Seni",NYSE,NYSE,US,Real Estate,REIT - Mortgage,3003263370
BHE,"Benchmark Electronics, Inc.",NYSE,NYSE,US,Technology,"Hardware, Equipment & Parts",3000389247
KNF,Knife River Corporation,NYSE,NYSE,US,Basic Materials,Construction Materials,2990296860
PII,Polaris Inc.,NYSE,NYSE,US,Consumer Cyclical,Auto - Recreational Vehicles,2989709890
LPL,"LG Display Co., Ltd.",NYSE,NYSE,KR,Technology,Consumer Electronics,2980000000
BTU,Peabody Energy Corporation,NYSE,NYSE,US,Energy,Coal,2968266000
DBRG,"DigitalBridge Group, Inc.",NYSE,NYSE,US,Financial Services,Asset Management,2955695728
UZF,"Array Digital Infrastructure, Inc. 5.500% Senior Notes due 2070",NYSE,NYSE,US,Communication Services,Telecommunications Services,2951420384
UZE,"Array Digital Infrastructure, Inc. 5.500% Senior Notes due 2070",NYSE,NYSE,US,Communication Services,Telecommunications Services,2944301071
AVA,Avista Corporation,NYSE,NYSE,US,Utilities,Diversified Utilities,2940560808
CBZ,"CBIZ, Inc.",NYSE,NYSE,US,Industrials,Specialty Business Services,2934047403
WOR,"Worthington Industries, Inc.",NYSE,NYSE,US,Industrials,Manufacturing - Metal Fabrication,2933128895
UZD,"Array Digital Infrastructure, Inc. 6.250% Senior Notes due 2069",NYSE,NYSE,US,Communication Services,Telecommunications Services,2933032854
AD,Array Digital Infrastructure Inc,NYSE,NYSE,US,Communication Services,Telecommunications Services,2915554026
KBH,KB Home,NYSE,NYSE,US,Consumer Cyclical,Residential Construction,2907612523
GRBK,"Green Brick Partners, Inc.",NYSE,NYSE,US,Consumer Cyclical,Residential Construction,2898921180
FG,"F&G Annuities & Life, Inc.",NYSE,NYSE,US,Financial Services,Insurance - Life,2898771581
PFS,"Provident Financial Services, Inc.",NYSE,NYSE,US,Financial Services,Banks - Regional,2895577080
SPNT,SiriusPoint Ltd.,NYSE,NYSE,BM,Financial Services,Insurance - Reinsurance,2885539022
SMG,The Scotts Miracle-Gro Company,NYSE,NYSE,US,Basic Materials,Agricultural Inputs,2880005882
TNET,"TriNet Group, Inc.",NYSE,NYSE,US,Industrials,Staffing & Employment Services,2878686120
RYN,Rayonier Inc. REIT,NYSE,NYSE,US,Real Estate,REIT - Specialty,2875033898
GPI,"Group 1 Automotive, Inc.",NYSE,NYSE,US,Consumer Cyclical,Auto - Dealerships,2872415646
DNOW,Dnow Inc.,NYSE,NYSE,US,Industrials,Industrial - Distribution,2867797660
GRND,Grindr Inc.,NYSE,NYSE,US,Technology,Software - Application,2864943120
TR,"Tootsie Roll Industries, Inc.",NYSE,NYSE,US,Consumer Defensive,Food Confectioners,2853407013
ABM,ABM Industries Inc.,NYSE,NYSE,US,Industrials,Specialty Business Services,2848203358
CWT,California Water Service Group,NYSE,NYSE,US,Utilities,Regulated Water,2834704344
DKL,"Delek Logistics Partners, LP",NYSE,NYSE,US,Energy,Oil & Gas Midstream,2828548453
NIC,"Nicolet Bankshares, Inc.",NYSE,NYSE,US,Financial Services,Banks - Regional,2825316149
IHS,IHS Holding Limited,NYSE,NYSE,GB,Real Estate,Real Estate - Services,2821302980
DX,"Dynex Capital, Inc.",NYSE,NYSE,US,Real Estate,REIT - Mortgage,2818222586
MNSO,MINISO Group Holding Limited,NYSE,NYSE,CN,Consumer Cyclical,Specialty Retail,2813325983
DAC,Danaos Corporation,NYSE,NYSE,GR,Industrials,Marine Shipping,2812092128
HGV,Hilton Grand Vacations Inc.,NYSE,NYSE,US,Real Estate,Real Estate - Development,2809281012
MMS,"Maximus, Inc.",NYSE,NYSE,US,Industrials,Specialty Business Services,2788319028
SDRL,Seadrill Limited,NYSE,NYSE,US,Energy,Oil & Gas Drilling,2786984742
EFXT,Enerflex Ltd.,NYSE,NYSE,CA,Energy,Oil & Gas Equipment & Services,2768479560
TWOD,Two Harbors Investment Corp.,NYSE,NYSE,US,Real Estate,REIT - Diversified,2766101850
CWK,Cushman & Wakefield plc,NYSE,NYSE,US,Real Estate,Real Estate - Services,2753030934
UNFI,"United Natural Foods, Inc.",NYSE,NYSE,US,Consumer Defensive,Food Distribution,2751805296
REZI,"Resideo Technologies, Inc.",NYSE,NYSE,US,Industrials,Industrial - Distribution,2751474489
AMC,"AMC Entertainment Holdings, Inc.",NYSE,NYSE,US,Communication Services,Entertainment,2749222285
VTMX,"Corporación Inmobiliaria Vesta, S.A.B. de C.V.",NYSE,NYSE,MX,Real Estate,Real Estate - Development,2740252075
GPOR,Gulfport Energy Corp,NYSE,NYSE,US,Energy,Oil & Gas Exploration & Production,2734434032
KWR,Quaker Houghton,NYSE,NYSE,US,Basic Materials,Chemicals - Specialty,2730398662
BOH,Bank of Hawaii Corporation,NYSE,NYSE,US,Financial Services,Banks - Regional,2728784168
GPK,Graphic Packaging Holding Company,NYSE,NYSE,US,Consumer Cyclical,Packaging & Containers,2725119270
TALO,Talos Energy Inc.,NYSE,NYSE,US,Energy,Oil & Gas Exploration & Production,2705867510
CXT,"Crane NXT, Co.",NYSE,NYSE,US,Industrials,Industrial - Machinery,2704491249
TDC,Teradata Corporation,NYSE,NYSE,US,Technology,Software - Infrastructure,2699729000
AAUC,Allied Gold Corporation,NYSE,NYSE,CA,Basic Materials,Gold,2698001015
FBK,FB Financial Corporation,NYSE,NYSE,US,Financial Services,Banks - Regional,2673554415
BCC,Boise Cascade Company,NYSE,NYSE,US,Basic Materials,"Paper, Lumber & Forest Products",2673364244
ELLA,Ellington Credit Co. 8.5% 30-MAR-2031,NYSE,NYSE,US,Financial Services,Asset Management,2670830500
FUL,H.B. Fuller Company,NYSE,NYSE,US,Basic Materials,Chemicals - Specialty,2667855586
BANC,"Banc of California, Inc.",NYSE,NYSE,US,Financial Services,Banks - Regional,2659442500
AKR,Acadia Realty Trust,NYSE,NYSE,US,Real Estate,REIT - Retail,2636734003
MAN,ManpowerGroup Inc.,NYSE,NYSE,US,Industrials,Staffing & Employment Services,2630455264
ECO,Okeanis Eco Tankers Corp.,NYSE,NYSE,GR,Industrials,Marine Shipping,2623761392
BKD,Brookdale Senior Living Inc.,NYSE,NYSE,US,Healthcare,Medical - Care Facilities,2621914200
LEU,Centrus Energy Corp.,NYSE,NYSE,US,Energy,Uranium,2619007619
HAYW,"Hayward Holdings, Inc.",NYSE,NYSE,US,Industrials,Electrical Equipment & Parts,2617560800
HOG,"Harley-Davidson, Inc.",NYSE,NYSE,US,Consumer Cyclical,Auto - Manufacturers,2612751760
AMBP,Ardagh Metal Packaging S.A.,NYSE,NYSE,LU,Consumer Cyclical,Packaging & Containers,2600022466
NP,Neptune Insurance Holdings Inc.,NYSE,NYSE,US,Financial Services,Insurance - Brokers,2599145074
EXK,Endeavour Silver Corp.,NYSE,NYSE,CA,Basic Materials,Silver,2588298560
SEAL-PB,Seapeak LLC,NYSE,NYSE,CA,Energy,Oil & Gas Midstream,2587261694
NMM,Navios Maritime Partners L.P.,NYSE,NYSE,GR,Industrials,Marine Shipping,2586356083
APAM,Artisan Partners Asset Management Inc.,NYSE,NYSE,US,Financial Services,Asset Management,2585575986
DCO,Ducommun Incorporated,NYSE,NYSE,US,Industrials,Aerospace & Defense,2582202152
RWTQ,"Redwood Trust, Inc.",NYSE,NYSE,US,Real Estate,REIT - Diversified,2577433104
GRDN,"Guardian Pharmacy Services, Inc.",NYSE,NYSE,US,Healthcare,Medical - Care Facilities,2575883310
RDW,Redwire Corp,NYSE,NYSE,US,Industrials,Aerospace & Defense,2562592250
BBAR,Banco BBVA Argentina S.A.,NYSE,NYSE,AR,Financial Services,Banks - Regional,2561127792
CALY,Callaway Golf Company,NYSE,NYSE,US,Consumer Cyclical,Leisure,2545373280
PAGS,PagSeguro Digital Ltd.,NYSE,NYSE,BR,Industrials,Specialty Business Services,2543968513
TTAM,Titan America S.A.,NYSE,NYSE,BE,Basic Materials,Construction Materials,2536827518
CUBI,"Customers Bancorp, Inc.",NYSE,NYSE,US,Financial Services,Banks - Regional,2520645558
WLY,"John Wiley & Sons, Inc.",NYSE,NYSE,US,Communication Services,Publishing,2504692419
WLYB,"John Wiley & Sons, Inc.",NYSE,NYSE,US,Communication Services,Publishing,2502593808
UE,Urban Edge Properties,NYSE,NYSE,US,Real Estate,REIT - Retail,2492675481
KD,"Kyndryl Holdings, Inc.",NYSE,NYSE,US,Technology,Information Technology Services,2489639278
NOG,"Northern Oil and Gas, Inc.",NYSE,NYSE,US,Energy,Oil & Gas Exploration & Production,2473751662
PFLA,PennantPark Floating Rate Capital Ltd.,NYSE,NYSE,US,Financial Services,Asset Management,2472890895
ABXL,"Abacus Global Management, Inc. - 9.875% Fixed Rate Senior Notes due 2028",NYSE,NYSE,US,Financial Services,Asset Management,2469238254
ROG,Rogers Corporation,NYSE,NYSE,US,Technology,"Hardware, Equipment & Parts",2468863011
CSQR,Csquare Inc.,NYSE,NYSE,US,Technology,Information Technology Services,2461728748
NGVT,Ingevity Corporation,NYSE,NYSE,US,Basic Materials,Chemicals - Specialty,2442895137
BFLY,"Butterfly Network, Inc.",NYSE,NYSE,US,Healthcare,Medical - Devices,2423195202
FCPT,"Four Corners Property Trust, Inc.",NYSE,NYSE,US,Real Estate,REIT - Retail,2417774810
OAK-PA,"Brookfield Oaktree Holdings, LLC 6.625 % Non-Cum Red Perp Pfd Units Series A",NYSE,NYSE,US,Financial Services,Asset Management,2415861066
MH,"McGraw Hill, Inc.",NYSE,NYSE,US,Consumer Defensive,Education & Training Services,2406254193
OAK-PB,Brookfield Oaktree Holdings LLC 6.55% Non-Cum Red Pfd Units Series B,NYSE,NYSE,US,Financial Services,Asset Management,2402789510
AAP,"Advance Auto Parts, Inc.",NYSE,NYSE,US,Consumer Cyclical,Specialty Retail,2395719000
IVT,InvenTrust Properties Corp.,NYSE,NYSE,US,Real Estate,REIT - Retail,2379381714
COTY,Coty Inc.,NYSE,NYSE,US,Consumer Defensive,Household & Personal Products,2368453540
BKV,BKV Corporation,NYSE,NYSE,US,Energy,Oil & Gas Exploration & Production,2367126240
KMT,Kennametal Inc.,NYSE,NYSE,US,Industrials,Manufacturing - Tools & Accessories,2363275294
FIGS,"FIGS, Inc.",NYSE,NYSE,US,Consumer Cyclical,Apparel - Manufacturers,2348684237
SECZ,Securitize Corp.,NYSE,NYSE,US,Technology,Software - Application,2345313881
SHAK,Shake Shack Inc.,NYSE,NYSE,US,Consumer Cyclical,Restaurants,2335498516
BBT,Beacon Financial Corp.,NYSE,NYSE,US,Financial Services,Banks - Regional,2330942268
LPG,Dorian LPG Ltd.,NYSE,NYSE,US,Energy,Oil & Gas Midstream,2320104791
NTB,The Bank of N.T. Butterfield & Son Limited,NYSE,NYSE,BM,Financial Services,Banks - Regional,2314446248
SMR,NuScale Power Corporation,NYSE,NYSE,US,Industrials,Electrical Equipment & Parts,2313860799
AERO,"Grupo Aeroméxico, S.A.B. de C.V.",NYSE,NYSE,MX,Industrials,"Airlines, Airports & Air Services",2311109856
RH,Rh,NYSE,NYSE,US,Consumer Cyclical,Specialty Retail,2309891210
AGM,Federal Agricultural Mortgage,NYSE,NYSE,US,Financial Services,Financial - Credit Services,2308291898
RAMP,"LiveRamp Holdings, Inc.",NYSE,NYSE,US,Technology,Software - Infrastructure,2288604760
VVX,"V2X, Inc.",NYSE,NYSE,US,Industrials,Aerospace & Defense,2279403235
TRTN-PC,Triton International Limited,NYSE,NYSE,BM,Industrials,Rental & Leasing Services,2279112360
PRLB,"Proto Labs, Inc.",NYSE,NYSE,US,Industrials,Manufacturing - Miscellaneous,2271375240
VIA,"Via Transportation, Inc.",NYSE,NYSE,US,Technology,Software - Application,2265403374
HLIO,"Helios Technologies, Inc.",NYSE,NYSE,US,Industrials,Industrial - Machinery,2265327841
ELPC,Companhia Paranaense de Energia,NYSE,NYSE,BR,Utilities,Regulated Electric,2260616063
HCI,"HCI Group, Inc.",NYSE,NYSE,US,Financial Services,Insurance - Property & Casualty,2252860964
PBI,Pitney Bowes Inc.,NYSE,NYSE,US,Industrials,Integrated Freight & Logistics,2233199553
BKE,"The Buckle, Inc.",NYSE,NYSE,US,Consumer Cyclical,Apparel - Retail,2227127463
PBH,Prestige Consumer Healthcare Inc.,NYSE,NYSE,US,Healthcare,Medical - Pharmaceuticals,2214176628
PHIN,PHINIA Inc.,NYSE,NYSE,US,Consumer Cyclical,Auto - Parts,2213673398
LTC,"LTC Properties, Inc.",NYSE,NYSE,US,Real Estate,REIT - Healthcare Facilities,2205920754
EROK,EagleRock Land LLC,NYSE,NYSE,US,Energy,Oil & Gas Equipment & Services,2202466181
BGSI,Boyd Group Services Inc.,NYSE,NYSE,CA,Consumer Cyclical,Auto - Dealerships,2197735100
CDLR,Cadeler A/S,NYSE,NYSE,DK,Industrials,Engineering & Construction,2179280274
BHC,Bausch Health Companies Inc.,NYSE,NYSE,CA,Healthcare,Drug Manufacturers - Specialty & Generic,2169145178
HTH,Hilltop Holdings Inc.,NYSE,NYSE,US,Financial Services,Financial - Conglomerates,2153969279
SSMR,Sunshine Silver Mining & Refining Company,NYSE,NYSE,US,Basic Materials,Other Precious Metals,2142963651
MD,"Pediatrix Medical Group, Inc.",NYSE,NYSE,US,Healthcare,Medical - Care Facilities,2140096714
OFG,OFG Bancorp,NYSE,NYSE,PR,Financial Services,Banks - Regional,2133114550
TRN,"Trinity Industries, Inc.",NYSE,NYSE,US,Industrials,Railroads,2127971971
WTTR,"Select Water Solutions, Inc.",NYSE,NYSE,US,Energy,Oil & Gas Equipment & Services,2120004771
DRD,DRDGOLD Limited,NYSE,NYSE,ZA,Basic Materials,Gold,2116334428
INSP,"Inspire Medical Systems, Inc.",NYSE,NYSE,US,Healthcare,Medical - Devices,2115661243
PEB,Pebblebrook Hotel Trust,NYSE,NYSE,US,Real Estate,REIT - Hotel & Motel,2111292530
CALX,"Calix, Inc.",NYSE,NYSE,US,Technology,Communication Equipment,2111182920
AMR,"Alpha Metallurgical Resources, Inc.",NYSE,NYSE,US,Energy,Coal,2110623600
TRLV,Trulieve Cannabis Corp.,NYSE,NYSE,US,Healthcare,Drug Manufacturers - Specialty & Generic,2108468419
SHO,"Sunstone Hotel Investors, Inc.",NYSE,NYSE,US,Real Estate,REIT - Hotel & Motel,2105091351
MPT,"Medical Properties Trust, Inc.",NYSE,NYSE,US,Real Estate,REIT - Healthcare Facilities,2099331000
CTOS,"Custom Truck One Source, Inc.",NYSE,NYSE,US,Industrials,Rental & Leasing Services,2096930610
CC,The Chemours Company,NYSE,NYSE,US,Basic Materials,Chemicals - Specialty,2088746378
RLX,RLX Technology Inc.,NYSE,NYSE,CN,Consumer Defensive,Tobacco,2077832883
KSS,Kohl's Corporation,NYSE,NYSE,US,Consumer Cyclical,Department Stores,2077488000
LCII,LCI Industries,NYSE,NYSE,US,Consumer Cyclical,Auto - Recreational Vehicles,2075716468
PRGO,Perrigo Company plc,NYSE,NYSE,IE,Healthcare,Drug Manufacturers - Specialty & Generic,2075516550
BXMT,"Blackstone Mortgage Trust, Inc.",NYSE,NYSE,US,Real Estate,REIT - Mortgage,2074776640
FCF,First Commonwealth Financial Corporation,NYSE,NYSE,US,Financial Services,Banks - Regional,2067235720
SIND,Sinda Ltd.,NYSE,NYSE,MX,Basic Materials,Other Precious Metals,2058295796
DV,"DoubleVerify Holdings, Inc.",NYSE,NYSE,US,Technology,Software - Application,2056420133
AADX,"Applied Aerospace & Defense, Inc.",NYSE,NYSE,US,Industrials,Aerospace & Defense,2054580636
CTRI,"Centuri Holdings, Inc.",NYSE,NYSE,US,Utilities,Regulated Gas,2053588437
MTX,Minerals Technologies Inc.,NYSE,NYSE,US,Basic Materials,Chemicals - Specialty,2049985157
DBD,"Diebold Nixdorf, Incorporated",NYSE,NYSE,US,Technology,Software - Application,2045281927
PLGO,Pelagos Insurance Capital Limit,NYSE,NYSE,BM,Financial Services,Insurance - Diversified,2040807590
BHVN,Biohaven Ltd.,NYSE,NYSE,US,Healthcare,Biotechnology,2000955557
SAH,"Sonic Automotive, Inc.",NYSE,NYSE,US,Consumer Cyclical,Auto - Dealerships,1993007095
WHR,Whirlpool Corporation,NYSE,NYSE,US,Consumer Cyclical,"Furnishings, Fixtures & Appliances",1988124477
GRC,The Gorman-Rupp Company,NYSE,NYSE,US,Industrials,Industrial - Machinery,1982613714
CCU,Compañía Cervecerías Unidas S.A.,NYSE,NYSE,CL,Consumer Defensive,Beverages - Alcoholic,1982383595
NWN,Northwest Natural Holding Company,NYSE,NYSE,US,Utilities,Regulated Gas,1978620408
ASAN,"Asana, Inc.",NYSE,NYSE,US,Technology,Software - Application,1955644335
NUVB,Nuvation Bio Inc.,NYSE,NYSE,US,Healthcare,Biotechnology,1951275077
ALG,Alamo Group Inc.,NYSE,NYSE,US,Industrials,Industrial - Machinery,1932204357
SFB,Stifel Financial Corporation 5.20% Senior Notes due 2047,NYSE,NYSE,US,Financial Services,Investment - Banking & Investment Services,1916402960
INVX,"Innovex International, Inc.",NYSE,NYSE,US,Energy,Oil & Gas Equipment & Services,1913777164
UWMC,UWM Holdings Corporation,NYSE,NYSE,US,Financial Services,Financial - Mortgages,1879648915
IDT,IDT Corporation,NYSE,NYSE,US,Communication Services,Telecommunications Services,1879112218
SPB,"Spectrum Brands Holdings, Inc.",NYSE,NYSE,US,Consumer Defensive,Household & Personal Products,1870156409
TIC,"TIC Solutions, Inc.",NYSE,NYSE,US,Industrials,Specialty Business Services,1870020430
STUB,"StubHub Holdings, Inc.",NYSE,NYSE,US,Communication Services,Internet Content & Information,1862149563
VOYG,"Voyager Technologies, Inc.",NYSE,NYSE,US,Industrials,Aerospace & Defense,1862055642
WU,The Western Union Company,NYSE,NYSE,US,Financial Services,Financial - Credit Services,1861917630
ATEN,"A10 Networks, Inc.",NYSE,NYSE,US,Technology,Software - Infrastructure,1858272897
NGL,NGL Energy Partners LP,NYSE,NYSE,US,Energy,Oil & Gas Midstream,1847247200
HMN,Horace Mann Educators Corporation,NYSE,NYSE,US,Financial Services,Insurance - Property & Casualty,1837747138
AFGD,"American Financial Group, Inc.",NYSE,NYSE,US,Financial Services,Insurance - Property & Casualty,1833406588
WKC,World Kinect Corporation,NYSE,NYSE,US,Energy,Oil & Gas Refining & Marketing,1833274061
BRSL,Brightstar Lottery PLC,NYSE,NYSE,GB,Consumer Cyclical,"Gambling, Resorts & Casinos",1824021353
AFGB,"American Financial Group, Inc.",NYSE,NYSE,US,Financial Services,Insurance - Property & Casualty,1823410732
ACVA,ACV Auctions Inc.,NYSE,NYSE,US,Consumer Cyclical,Auto - Dealerships,1822666293
UAA,"Under Armour, Inc.",NYSE,NYSE,US,Consumer Cyclical,Apparel - Manufacturers,1821542605
EPAC,Enerpac Tool Group Corp.,NYSE,NYSE,US,Industrials,Industrial - Machinery,1821020161
WS,"Worthington Steel, Inc.",NYSE,NYSE,US,Basic Materials,Steel,1815791710
BOBS,"Bob's Discount Furniture, Inc.",NYSE,NYSE,US,Consumer Cyclical,Specialty Retail,1807884406
WMK,"Weis Markets, Inc.",NYSE,NYSE,US,Consumer Defensive,Grocery Stores,1802891556
PMTW,PennyMac Mortgage Investment Trust,NYSE,NYSE,US,Real Estate,REIT - Diversified,1801934370
UA,"Under Armour, Inc.",NYSE,NYSE,US,Consumer Cyclical,Apparel - Manufacturers,1800213066
ATS,ATS Corporation,NYSE,NYSE,CA,Industrials,Industrial - Machinery,1795350780
XPRO,Expro Group Holdings N.V.,NYSE,NYSE,US,Energy,Oil & Gas Equipment & Services,1794215910
STDN,Standard Nuclear Inc.,NYSE,NYSE,US,Basic Materials,Chemicals - Specialty,1792124713
SMA,Smartstop Self Storage REIT Inc,NYSE,NYSE,US,Real Estate,REIT - Industrial,1791067293
CEPU,Central Puerto S.A.,NYSE,NYSE,AR,Utilities,Regulated Electric,1788133683
SNDA,"Sonida Senior Living, Inc.",NYSE,NYSE,US,Healthcare,Medical - Care Facilities,1782264260
CMRE,Costamare Inc.,NYSE,NYSE,MC,Industrials,Marine Shipping,1780890795
VSTS,Vestis Corporation,NYSE,NYSE,US,Industrials,Rental & Leasing Services,1778134404
NSP,"Insperity, Inc.",NYSE,NYSE,US,Industrials,Staffing & Employment Services,1776845356
BXDC,Blackstone Digital Infrastructure Trust Inc.,NYSE,NYSE,US,Real Estate,REIT - Specialty,1776596000
GNL,"Global Net Lease, Inc.",NYSE,NYSE,US,Real Estate,REIT - Diversified,1769623850
GTY,Getty Realty Corp.,NYSE,NYSE,US,Real Estate,REIT - Retail,1765081922
OLN,Olin Corporation,NYSE,NYSE,US,Basic Materials,Chemicals,1758742260
NBHC,National Bank Holdings Corporation,NYSE,NYSE,US,Financial Services,Banks - Regional,1757143084
NTST,NETSTREIT Corp.,NYSE,NYSE,US,Real Estate,REIT - Retail,1743882684
TSLX,"Sixth Street Specialty Lending, Inc.",NYSE,NYSE,US,Financial Services,Asset Management,1742659464
DCOM,"Dime Community Bancshares, Inc.",NYSE,NYSE,US,Financial Services,Banks - Regional,1741159845
SFL,SFL Corporation Ltd,NYSE,NYSE,BM,Industrials,Marine Shipping,1736707373
DAO,"Youdao, Inc.",NYSE,NYSE,CN,Consumer Defensive,Education & Training Services,1729937588
STC,Stewart Information Services Corporation,NYSE,NYSE,US,Financial Services,Insurance - Property & Casualty,1727042196
VET,Vermilion Energy Inc.,NYSE,NYSE,CA,Energy,Oil & Gas Exploration & Production,1726640000
KMPB,Kemper Corporation 5.875% Fixed,NYSE,NYSE,US,Financial Services,Insurance - Property & Casualty,1726126598
CCS,"Century Communities, Inc.",NYSE,NYSE,US,Consumer Cyclical,Residential Construction,1720759108
MNR,Mach Natural Resources LP,NYSE,NYSE,US,Energy,Oil & Gas Exploration & Production,1708049818
LOB,"Live Oak Bancshares, Inc.",NYSE,NYSE,US,Financial Services,Banks - Regional,1695054336
SAM,"The Boston Beer Company, Inc.",NYSE,NYSE,US,Consumer Defensive,Beverages - Alcoholic,1692080191
GEL,"Genesis Energy, L.P.",NYSE,NYSE,US,Energy,Oil & Gas Midstream,1691904116
XHR,"Xenia Hotels & Resorts, Inc.",NYSE,NYSE,US,Real Estate,REIT - Hotel & Motel,1690866156
AIN,Albany International Corp.,NYSE,NYSE,US,Industrials,Manufacturing - Textiles,1690636650
CTS,CTS Corporation,NYSE,NYSE,US,Technology,"Hardware, Equipment & Parts",1689955916
NAT,Nordic American Tankers Limited,NYSE,NYSE,BM,Industrials,Marine Shipping,1689772980
CPRI,Capri Holdings Limited,NYSE,NYSE,GB,Consumer Cyclical,Apparel - Footwear & Accessories,1682910914
RLJ,RLJ Lodging Trust,NYSE,NYSE,US,Real Estate,REIT - Hotel & Motel,1680342770
FLOC,Flowco Holdings Inc.,NYSE,NYSE,US,Energy,Oil & Gas Equipment & Services,1679285006
BY,"Byline Bancorp, Inc.",NYSE,NYSE,US,Financial Services,Banks - Regional,1675603170
DXC,DXC Technology Company,NYSE,NYSE,US,Technology,Information Technology Services,1674289117
FLNG,FLEX LNG Ltd,NYSE,NYSE,BM,Industrials,Marine Shipping,1668749800
EVTC,"EVERTEC, Inc.",NYSE,NYSE,US,Industrials,Specialty Business Services,1666212912
CBL,"CBL & Associates Properties, Inc.",NYSE,NYSE,US,Real Estate,REIT - Retail,1651212234
NEXA,Nexa Resources S.A.,NYSE,NYSE,LU,Basic Materials,Industrial Materials,1639590004
ARR,"ARMOUR Residential REIT, Inc.",NYSE,NYSE,US,Real Estate,REIT - Mortgage,1630213141
OBK,"Origin Bancorp, Inc.",NYSE,NYSE,US,Financial Services,Banks - Regional,1630191275
GIC,Global Industrial Co,NYSE,NYSE,US,Industrials,Industrial - Distribution,1621122807
DEI,"Douglas Emmett, Inc.",NYSE,NYSE,US,Real Estate,REIT - Office,1607856000
TRIN,Trinity Capital Inc.,NYSE,NYSE,US,Financial Services,Asset Management,1596404504
BLX,"Bladex, Inc.",NYSE,NYSE,PA,Financial Services,Banks - Regional,1595168666
GENI,Genius Sports Limited,NYSE,NYSE,GB,Communication Services,Internet Content & Information,1589009460
GSL,"Global Ship Lease, Inc.",NYSE,NYSE,GR,Industrials,Marine Shipping,1581478346
IIPR,"Innovative Industrial Properties, Inc.",NYSE,NYSE,US,Real Estate,REIT - Industrial,1580537183
GLP,Global Partners LP,NYSE,NYSE,US,Energy,Oil & Gas Midstream,1577632280
WWW,"Wolverine World Wide, Inc.",NYSE,NYSE,US,Consumer Cyclical,Apparel - Footwear & Accessories,1577477980
AI,"C3.ai, Inc.",NYSE,NYSE,US,Technology,Software - Application,1571152660
SBH,"Sally Beauty Holdings, Inc.",NYSE,NYSE,US,Consumer Cyclical,Specialty Retail,1570423910
HE,"Hawaiian Electric Industries, Inc.",NYSE,NYSE,US,Utilities,Regulated Electric,1567534880
AMBQ,"Ambiq Micro, Inc.",NYSE,NYSE,US,Technology,Semiconductors,1564865837
TGLS,Tecnoglass Inc.,NYSE,NYSE,US,Basic Materials,Construction Materials,1541677356
AFGC,"American Financial Group, Inc.",NYSE,NYSE,US,Financial Services,Insurance - Property & Casualty,1528532980
EFC,Ellington Financial Inc.,NYSE,NYSE,US,Real Estate,REIT - Mortgage,1527298920
RVLV,"Revolve Group, Inc.",NYSE,NYSE,US,Consumer Cyclical,Specialty Retail,1517715171
PRKS,United Parks & Resorts Inc.,NYSE,NYSE,US,Consumer Cyclical,Leisure,1516821291
ARDT,Ardent Health Inc.,NYSE,NYSE,US,Healthcare,Medical - Care Facilities,1516643328
KMPR,Kemper Corporation,NYSE,NYSE,US,Financial Services,Insurance - Property & Casualty,1510712793
HAWK,"HawkEye 360, Inc.",NYSE,NYSE,US,Industrials,Aerospace & Defense,1506624323
PBT,Permian Basin Royalty Trust,NYSE,NYSE,US,Energy,Oil & Gas Midstream,1501735407
ARCO,Arcos Dorados Holdings Inc.,NYSE,NYSE,UY,Consumer Cyclical,Restaurants,1499920902
ENR,"Energizer Holdings, Inc.",NYSE,NYSE,US,Industrials,Electrical Equipment & Parts,1494091770
HUN,Huntsman Corporation,NYSE,NYSE,US,Basic Materials,Chemicals,1469728596
NOMD,Nomad Foods Limited,NYSE,NYSE,GB,Consumer Defensive,Packaged Foods,1469203410
PSUS,"Pershing Square USA, Ltd.",NYSE,NYSE,US,Financial Services,Asset Management,1465600000
GLOB,Globant S.A.,NYSE,NYSE,LU,Technology,Information Technology Services,1465514131
WOLF,Wolfspeed Inc.,NYSE,NYSE,US,Technology,Semiconductors,1461975173
NRP,Natural Resource Partners L.P.,NYSE,NYSE,US,Energy,Coal,1460591592
AESI,Atlas Energy Solutions Inc.,NYSE,NYSE,US,Energy,Oil & Gas Equipment & Services,1455150054
SVV,"Savers Value Village, Inc.",NYSE,NYSE,US,Consumer Cyclical,Specialty Retail,1445930042
DMC,Del Monte Corporation,NYSE,NYSE,KY,Consumer Defensive,Agricultural Farm Products,1443145733
TFIN,"Triumph Financial, Inc.",NYSE,NYSE,US,Financial Services,Banks - Regional,1436776285
FOIL,"Londian Wason New Energy Tech, Inc. Unsponsored ADR",NYSE,NYSE,CN,Industrials,Manufacturing - Metal Fabrication,1432392099
LYNX,Lyntris Inc.,NYSE,NYSE,US,Industrials,Aerospace & Defense,1429666200
TEN,Tsakos Energy Navigation Limited,NYSE,NYSE,GR,Energy,Oil & Gas Midstream,1421119034
NVGS,Navigator Holdings Ltd.,NYSE,NYSE,GB,Industrials,Marine Shipping,1418985998
SCL,Stepan Co,NYSE,NYSE,US,Basic Materials,Chemicals - Specialty,1412540127
KRP,"Kimbell Royalty Partners, LP",NYSE,NYSE,US,Energy,Oil & Gas Exploration & Production,1410727432
REX,REX American Resources Corporation,NYSE,NYSE,US,Basic Materials,Chemicals,1402817410
CNMD,CONMED Corporation,NYSE,NYSE,US,Healthcare,Medical - Devices,1398423769
AFGE,"American Financial Group, Inc.",NYSE,NYSE,US,Financial Services,Insurance - Property & Casualty,1384426056
RERE,ATRenew Inc.,NYSE,NYSE,CN,Consumer Cyclical,Specialty Retail,1378071782
PRSU,"Pursuit Attractions and Hospitality, Inc.",NYSE,NYSE,US,Consumer Cyclical,Travel Services,1368656850
PD,"PagerDuty, Inc.",NYSE,NYSE,US,Technology,Software - Application,1363622674
AMN,"AMN Healthcare Services, Inc.",NYSE,NYSE,US,Healthcare,Medical - Care Facilities,1355572517
SID,Companhia Siderúrgica Nacional,NYSE,NYSE,BR,Basic Materials,Steel,1352611800
SLVM,Sylvamo Corp,NYSE,NYSE,US,Basic Materials,"Paper, Lumber & Forest Products",1351823347
ARLO,"Arlo Technologies, Inc.",NYSE,NYSE,US,Technology,Communication Equipment,1350020025
AMPX,"Amprius Technologies, Inc.",NYSE,NYSE,US,Industrials,Electrical Equipment & Parts,1349706930
EFOR,"Everforth, Inc.",NYSE,NYSE,US,Technology,Information Technology Services,1348900000
ADNT,Adient plc,NYSE,NYSE,IE,Consumer Cyclical,Auto - Parts,1346357855
LSPD,Lightspeed Commerce Inc.,NYSE,NYSE,CA,Technology,Software - Application,1343306250
WBI,WaterBridge Infrastructure LLC,NYSE,NYSE,US,Energy,Oil & Gas Equipment & Services,1338077039
FOR,Forestar Group Inc.,NYSE,NYSE,US,Real Estate,Real Estate - Development,1329398337
XZO,"Exzeo Group, Inc.",NYSE,NYSE,US,Financial Services,Insurance - Diversified,1322863157
LUXE,LuxExperience B.V.,NYSE,NYSE,DE,Consumer Cyclical,Luxury Goods,1319084053
UMH,"UMH Properties, Inc.",NYSE,NYSE,US,Real Estate,REIT - Residential,1317521037
ADIG,ADI Global Distribution Inc.,NYSE,NYSE,US,Industrials,Industrial - Distribution,1313478246
USPH,"U.S. Physical Therapy, Inc.",NYSE,NYSE,US,Healthcare,Medical - Care Facilities,1311099620
AAT,"American Assets Trust, Inc.",NYSE,NYSE,US,Real Estate,REIT - Diversified,1310365628
UAN,"CVR Partners, LP",NYSE,NYSE,US,Basic Materials,Agricultural Inputs,1307565216
AGL,"Agilon Health, Inc.",NYSE,NYSE,US,Healthcare,Medical - Care Facilities,1303837876
HLF,Herbalife Nutrition Ltd.,NYSE,NYSE,US,Consumer Defensive,Packaged Foods,1289647535
GBX,"The Greenbrier Companies, Inc.",NYSE,NYSE,US,Industrials,Railroads,1271930491
BBAI,"BigBear.ai Holdings, Inc.",NYSE,NYSE,US,Technology,Information Technology Services,1270660340
EPC,Edgewell Personal Care Company,NYSE,NYSE,US,Consumer Defensive,Household & Personal Products,1267236465
ASIC,Ategrity Specialty Holdings LLC,NYSE,NYSE,US,Financial Services,Insurance - Property & Casualty,1266140759
ODC,Oil-Dri Corporation of America,NYSE,NYSE,US,Basic Materials,Chemicals - Specialty,1263134874
UTZ,"Utz Brands, Inc.",NYSE,NYSE,US,Consumer Defensive,Packaged Foods,1262738100
ALX,"Alexander's, Inc.",NYSE,NYSE,US,Real Estate,REIT - Retail,1261602776
DCH,Dauch Corp.,NYSE,NYSE,US,Consumer Cyclical,Auto - Parts,1260418770
OPY,Oppenheimer Holdings Inc.,NYSE,NYSE,US,Financial Services,Financial - Capital Markets,1259205210
PRG,"PROG Holdings, Inc.",NYSE,NYSE,US,Financial Services,Financial - Credit Services,1254298123
KOS,Kosmos Energy Ltd.,NYSE,NYSE,US,Energy,Oil & Gas Exploration & Production,1251995522
RES,"RPC, Inc.",NYSE,NYSE,US,Energy,Oil & Gas Equipment & Services,1250145480
WD,"Walker & Dunlop, Inc.",NYSE,NYSE,US,Financial Services,Financial - Mortgages,1246222560
GOLD,"Gold.com, Inc.",NYSE,NYSE,US,Financial Services,Financial - Capital Markets,1243707557
TV,"Grupo Televisa, S.A.B.",NYSE,NYSE,MX,Communication Services,Telecommunications Services,1238591033
RYZ,Ryerson Holding Corporation,NYSE,NYSE,US,Industrials,Manufacturing - Metal Fabrication,1234668955
DOLE,Dole plc,NYSE,NYSE,IE,Consumer Defensive,Agricultural Farm Products,1233259992
TK,Teekay Corporation,NYSE,NYSE,BM,Energy,Oil & Gas Midstream,1227736498
CYD,China Yuchai International Limited,NYSE,NYSE,SG,Consumer Cyclical,Auto - Parts,1223472643
VTOL,Bristow Group Inc.,NYSE,NYSE,US,Energy,Oil & Gas Equipment & Services,1213246258
MSDL,Morgan Stanley Direct Lending Fund,NYSE,NYSE,US,Financial Services,Financial - Conglomerates,1209592440
FLO,"Flowers Foods, Inc.",NYSE,NYSE,US,Consumer Defensive,Packaged Foods,1204120240
BORR,Borr Drilling Limited,NYSE,NYSE,BM,Energy,Oil & Gas Drilling,1203111223
CCO,"Clear Channel Outdoor Holdings, Inc.",NYSE,NYSE,US,Communication Services,Advertising Agencies,1191022560
CXM,"Sprinklr, Inc.",NYSE,NYSE,US,Technology,Software - Application,1189541874
LZB,La-Z-Boy Incorporated,NYSE,NYSE,US,Consumer Cyclical,"Furnishings, Fixtures & Appliances",1187532416
RSKD,Riskified Ltd.,NYSE,NYSE,IL,Technology,Software - Application,1186869366
MYE,"Myers Industries, Inc.",NYSE,NYSE,US,Consumer Cyclical,Packaging & Containers,1175940868
UVE,"Universal Insurance Holdings, Inc.",NYSE,NYSE,US,Financial Services,Insurance - Property & Casualty,1175556096
TPB,"Turning Point Brands, Inc.",NYSE,NYSE,US,Consumer Defensive,Tobacco,1163599400
YSS,"York Space Systems, Inc.",NYSE,NYSE,US,Industrials,Aerospace & Defense,1160244649
DCBG,"Dime Commercial Bancshares, Inc.",NYSE,NYSE,US,Financial Services,Banks - Regional,1154270952
DFIN,"Donnelley Financial Solutions, Inc.",NYSE,NYSE,US,Technology,Software - Application,1154038676
CRI,Carter's Inc.,NYSE,NYSE,US,Consumer Cyclical,Apparel - Retail,1152671128
TBN,Tamboran Resources Corp,NYSE,NYSE,AU,Energy,Oil & Gas Exploration & Production,1150958658
HZO,"MarineMax, Inc.",NYSE,NYSE,US,Consumer Cyclical,Specialty Retail,1150750765
LNN,Lindsay Corporation,NYSE,NYSE,US,Industrials,Agricultural - Machinery,1148272188
TNC,Tennant Company,NYSE,NYSE,US,Industrials,Industrial - Machinery,1147570117
LADR,Ladder Capital Corp,NYSE,NYSE,US,Real Estate,REIT - Mortgage,1145593767
NBR,Nabors Industries Ltd.,NYSE,NYSE,BM,Energy,Oil & Gas Drilling,1143427152
AMTB,Amerant Bancorp Inc.,NYSE,NYSE,US,Financial Services,Banks - Regional,1141393624
FMC,FMC Corporation,NYSE,NYSE,US,Basic Materials,Agricultural Inputs,1138311967
HOS,"Hornbeck Offshore Services, Inc.",NYSE,NYSE,US,Energy,Oil & Gas Equipment & Services,1135705876
GNK,Genco Shipping & Trading Limited,NYSE,NYSE,US,Industrials,Marine Shipping,1132131785
PDM,"Piedmont Office Realty Trust, Inc.",NYSE,NYSE,US,Real Estate,REIT - Office,1116184799
AMRC,"Ameresco, Inc.",NYSE,NYSE,US,Industrials,Engineering & Construction,1115896741
TRNI,Trinity Capital Inc.,NYSE,NYSE,US,Financial Services,Financial - Credit Services,1111683946
FUN,Six Flags Entertainment Corporation,NYSE,NYSE,US,Consumer Cyclical,Leisure,1109934810
AORT,"Artivion, Inc.",NYSE,NYSE,US,Healthcare,Medical - Devices,1109699838
BOW,Bowhead Specialty Holdings Inc.,NYSE,NYSE,US,Financial Services,Insurance - Property & Casualty,1108940442
SPH,"Suburban Propane Partners, L.P.",NYSE,NYSE,US,Energy,Oil & Gas Energy,1101958177
MMI,"Marcus & Millichap, Inc.",NYSE,NYSE,US,Real Estate,Real Estate - Services,1098345072
CDRE,"Cadre Holdings, Inc.",NYSE,NYSE,US,Industrials,Aerospace & Defense,1092617622
PUMP,ProPetro Holding Corp.,NYSE,NYSE,US,Energy,Oil & Gas Equipment & Services,1090676383
CLVT,Clarivate Plc,NYSE,NYSE,GB,Technology,Information Technology Services,1087428800
MCB,Metropolitan Bank Holding Corp.,NYSE,NYSE,US,Financial Services,Banks - Regional,1084557619
IRS,IRSA Inversiones y Representaciones Sociedad Anónima,NYSE,NYSE,AR,Real Estate,Real Estate - Diversified,1079792654
DLX,Deluxe Corporation,NYSE,NYSE,US,Industrials,Specialty Business Services,1075925434
LU,Lufax Holding Ltd,NYSE,NYSE,CN,Financial Services,Financial - Credit Services,1074694226
MUX,McEwen Mining Inc.,NYSE,NYSE,CA,Basic Materials,Other Precious Metals,1074126998
DEA,"Easterly Government Properties, Inc.",NYSE,NYSE,US,Real Estate,REIT - Office,1073909527
ECVT,Ecovyst Inc.,NYSE,NYSE,US,Basic Materials,Chemicals - Specialty,1072644143
GSBD,"Goldman Sachs BDC, Inc.",NYSE,NYSE,US,Financial Services,Asset Management,1068280446
LOMA,Loma Negra Compañía Industrial Argentina Sociedad Anónima,NYSE,NYSE,AR,Basic Materials,Construction Materials,1066606924
BH,Biglari Holdings Inc.,NYSE,NYSE,US,Consumer Cyclical,Restaurants,1066105363
ENOV,Enovis Corporation,NYSE,NYSE,US,Healthcare,Medical - Devices,1062605596
TE,T1 Energy Inc,NYSE,NYSE,US,Industrials,Electrical Equipment & Parts,1051968536
NPK,"National Presto Industries, Inc.",NYSE,NYSE,US,Industrials,Aerospace & Defense,1051831792
TDOC,"Teladoc Health, Inc.",NYSE,NYSE,US,Healthcare,Medical - Healthcare Information Services,1044683000
CPAC,Cementos Pacasmayo S.A.A.,NYSE,NYSE,PE,Basic Materials,Construction Materials,1042868274
CIMP,Chimera Investment Corporation,NYSE,NYSE,US,Real Estate,REIT - Mortgage,1039751352
SG,"Sweetgreen, Inc.",NYSE,NYSE,US,Consumer Cyclical,Restaurants,1038553748
UVV,Universal Corporation,NYSE,NYSE,US,Consumer Defensive,Tobacco,1038155405
TUYA,Tuya Inc.,NYSE,NYSE,CN,Technology,Software - Infrastructure,1036157044
FTK,"Flotek Industries, Inc.",NYSE,NYSE,US,Energy,Oil & Gas Equipment & Services,1031058750
UTI,"Universal Technical Institute, Inc.",NYSE,NYSE,US,Consumer Defensive,Education & Training Services,1025793528
SBR,Sabine Royalty Trust,NYSE,NYSE,US,Energy,Oil & Gas Midstream,1022157878
PDS,Precision Drilling Corporation,NYSE,NYSE,CA,Energy,Oil & Gas Drilling,1018443511
MHNC,"Maiden Holdings North America, Ltd.",NYSE,NYSE,US,Financial Services,Insurance - Life,1015990250
DFH,"Dream Finders Homes, Inc.",NYSE,NYSE,US,Consumer Cyclical,Residential Construction,1014051511
HRTG,"Heritage Insurance Holdings, Inc.",NYSE,NYSE,US,Financial Services,Insurance - Property & Casualty,1013860352
GHM,Graham Corporation,NYSE,NYSE,US,Industrials,Industrial - Machinery,1007191711
YELP,Yelp Inc.,NYSE,NYSE,US,Communication Services,Internet Content & Information,1005230069
ORC,"Orchid Island Capital, Inc.",NYSE,NYSE,US,Real Estate,REIT - Mortgage,1001100528
IBTA,"Ibotta, Inc.",NYSE,NYSE,US,Technology,Software - Application,997885493
CIMN,Chimera Investment Corporation,NYSE,NYSE,US,Real Estate,REIT - Mortgage,995568132
FUBO,fuboTV Inc.,NYSE,NYSE,US,Communication Services,Broadcasting,994382715
RHLD,"Resolute Holdings Management, Inc.",NYSE,NYSE,US,Industrials,Specialty Business Services,992296805
EIG,"Employers Holdings, Inc.",NYSE,NYSE,US,Financial Services,Insurance - Specialty,990627401
XIFR,"XPLR Infrastructure, LP",NYSE,NYSE,US,Utilities,Renewable Utilities,984207980
DEC,Diversified Energy Company PLC,NYSE,NYSE,US,Energy,Oil & Gas Exploration & Production,976366845
EQBK,"Equity Bancshares, Inc.",NYSE,NYSE,US,Financial Services,Banks - Regional,976110247
NMAX,"Newsmax, Inc.",NYSE,NYSE,US,Communication Services,Broadcasting,975646626
NPKI,NPK International Inc.,NYSE,NYSE,US,Basic Materials,Construction Materials,967972792
VPG,"Vishay Precision Group, Inc.",NYSE,NYSE,US,Technology,"Hardware, Equipment & Parts",955099998
NXDR,"Nextdoor Holdings, Inc.",NYSE,NYSE,US,Communication Services,Internet Content & Information,947834011
KODK,Eastman Kodak Company,NYSE,NYSE,US,Industrials,Industrial - Machinery,938927171
CPF,Central Pacific Financial Corp.,NYSE,NYSE,US,Financial Services,Banks - Regional,938338140
BV,"BrightView Holdings, Inc.",NYSE,NYSE,US,Industrials,Specialty Business Services,937592000
ANRO,"Alto Neuroscience, Inc.",NYSE,NYSE,US,Healthcare,Biotechnology,932796925
MFAO,"MFA Financial, Inc. 9.000% Senior Notes",NYSE,NYSE,US,Real Estate,REIT - Mortgage,931094740
MFAN,"MFA Financial, Inc. 8.875% Senior Notes",NYSE,NYSE,US,Real Estate,REIT - Mortgage,930006609
KFRC,Kforce Inc.,NYSE,NYSE,US,Industrials,Staffing & Employment Services,929118920
TDAY,USA TODAY Co. Inc.,NYSE,NYSE,US,Communication Services,Publishing,926776985
CSR,Centerspace,NYSE,NYSE,US,Real Estate,REIT - Residential,926357549
CMP,"Compass Minerals International, Inc.",NYSE,NYSE,US,Basic Materials,Industrial Materials,925180515
PLOW,"Douglas Dynamics, Inc.",NYSE,NYSE,US,Industrials,Industrial - Machinery,921538901
UTL,Unitil Corporation,NYSE,NYSE,US,Utilities,Diversified Utilities,917351453
PXED,"Phoenix Education Partners, Inc",NYSE,NYSE,US,Consumer Defensive,Education & Training Services,914882403
BBDC,"Barings BDC, Inc.",NYSE,NYSE,US,Financial Services,Asset Management,913044028
VYX,NCR Voyix Corporation,NYSE,NYSE,US,Technology,Information Technology Services,912283499
BZH,"Beazer Homes USA, Inc.",NYSE,NYSE,US,Consumer Cyclical,Residential Construction,911856402
KRO,"Kronos Worldwide, Inc.",NYSE,NYSE,US,Basic Materials,Chemicals - Specialty,911220679
FET,"Forum Energy Technologies, Inc.",NYSE,NYSE,US,Energy,Oil & Gas Equipment & Services,909657021
EDN,Empresa Distribuidora y Comercializadora Norte Sociedad Anónima,NYSE,NYSE,AR,Utilities,Regulated Electric,907374938
AGBK,AGI Inc,NYSE,NYSE,BR,Financial Services,Banks - Regional,906813578
RNP,"Cohen & Steers REIT and Preferred Income Fund, Inc.",NYSE,NYSE,US,Financial Services,Asset Management,905281490
SBSI,"Southside Bancshares, Inc.",NYSE,NYSE,US,Financial Services,Banks - Regional,902964429
BRBR,"BellRing Brands, Inc.",NYSE,NYSE,US,Consumer Defensive,Packaged Foods,901154500
LAR,Lithium Argentina AG,NYSE,NYSE,CH,Basic Materials,Industrial Materials,899448660
BKSY,BlackSky Technology Inc.,NYSE,NYSE,US,Technology,Software - Application,895773824
MBC,"MasterBrand, Inc.",NYSE,NYSE,US,Consumer Cyclical,"Furnishings, Fixtures & Appliances",892052592
KOP,Koppers Holdings Inc.,NYSE,NYSE,US,Basic Materials,Chemicals - Specialty,886202542
ACEL,"Accel Entertainment, Inc.",NYSE,NYSE,US,Consumer Cyclical,"Gambling, Resorts & Casinos",885554752
MCS,The Marcus Corporation,NYSE,NYSE,US,Communication Services,Entertainment,885364750
GOTU,Gaotu Techedu Inc.,NYSE,NYSE,CN,Consumer Defensive,Education & Training Services,885098210
EAI,"Entergy Arkansas, Inc. 1M BD 4.875%66",NYSE,NYSE,US,Utilities,Regulated Electric,880878750
NX,Quanex Building Products Corporation,NYSE,NYSE,US,Basic Materials,Construction Materials,878602640
PSTL,"Postal Realty Trust, Inc.",NYSE,NYSE,US,Real Estate,REIT - Office,878179191
VRTS,"Virtus Investment Partners, Inc.",NYSE,NYSE,US,Financial Services,Asset Management,877095334
KBDC,"Kayne Anderson BDC, Inc.",NYSE,NYSE,US,Financial Services,Asset Management,867194526
OI,"O-I Glass, Inc.",NYSE,NYSE,US,Consumer Cyclical,Packaging & Containers,866640928
BW,"Babcock & Wilcox Enterprises, Inc.",NYSE,NYSE,US,Industrials,Industrial - Machinery,864760400
SAFE,Safehold Inc.,NYSE,NYSE,US,Real Estate,REIT - Diversified,859320024
AVEX,Aevex Corp.,NYSE,NYSE,US,Industrials,Aerospace & Defense,857784358
COUR,"Coursera, Inc.",NYSE,NYSE,US,Consumer Defensive,Education & Training Services,857490251
BUR,Burford Capital Limited,NYSE,NYSE,GG,Financial Services,Asset Management,854354717
OGG,Osisko Gold Group Inc.,NYSE,NYSE,CA,Basic Materials,Gold,853219858
CIM,Chimera Investment Corporation,NYSE,NYSE,US,Real Estate,REIT - Mortgage,853189200
TTI,"TETRA Technologies, Inc.",NYSE,NYSE,US,Energy,Oil & Gas Equipment & Services,849427810
SMBK,"SmartFinancial, Inc.",NYSE,NYSE,US,Financial Services,Banks - Regional,847058352
SB,"Safe Bulkers, Inc.",NYSE,NYSE,MC,Industrials,Marine Shipping,845160614
YALA,Yalla Group Limited,NYSE,NYSE,AE,Technology,Software - Application,836880097
SMP,"Standard Motor Products, Inc.",NYSE,NYSE,US,Consumer Cyclical,Auto - Parts,834873750
CODI,Compass Diversified,NYSE,NYSE,US,Industrials,Conglomerates,830605065
CVLG,"Covenant Logistics Group, Inc.",NYSE,NYSE,US,Industrials,Trucking,830419333
HIPO,Hippo Holdings Inc.,NYSE,NYSE,US,Financial Services,Insurance - Property & Casualty,817806917
MFA,"MFA Financial, Inc.",NYSE,NYSE,US,Real Estate,REIT - Mortgage,816750848
ARI,"Apollo Commercial Real Estate Finance, Inc.",NYSE,NYSE,US,Real Estate,REIT - Mortgage,815801374
CAPL,CrossAmerica Partners LP,NYSE,NYSE,US,Energy,Oil & Gas Refining & Marketing,813450337
HSHP,Himalaya Shipping Ltd.,NYSE,NYSE,BM,Industrials,Marine Shipping,812779800
PMTU,PennyMac Mortgage Investment Trust,NYSE,NYSE,US,Real Estate,REIT - Mortgage,812031603
LCLN,Lincoln International Inc.,NYSE,NYSE,US,Financial Services,Financial - Capital Markets,810039322
HKD,AMTD Digital Inc.,NYSE,NYSE,FR,Technology,Software - Application,807290886
MITN,TPG Mortgage Investment Trust Inc  9.500% Senior Notes due 2029,NYSE,NYSE,US,Real Estate,REIT - Mortgage,805105603
MTW,"The Manitowoc Company, Inc.",NYSE,NYSE,US,Industrials,Industrial - Machinery,794319998
ANGX,"Angel Studios, Inc.",NYSE,NYSE,US,Communication Services,Entertainment,791907277
SXC,"SunCoke Energy, Inc.",NYSE,NYSE,US,Basic Materials,Steel,791882304
NABL,"N-able, Inc.",NYSE,NYSE,US,Technology,Information Technology Services,791187600
MTUS,Metallus Inc.,NYSE,NYSE,US,Basic Materials,Steel,783018918
DNA,"Ginkgo Bioworks Holdings, Inc.",NYSE,NYSE,US,Healthcare,Biotechnology,781280912
TXO,"TXO Partners, L.P.",NYSE,NYSE,US,Energy,Oil & Gas Exploration & Production,778919349
BTGO,"BitGo Holdings, Inc.",NYSE,NYSE,US,Financial Services,Financial - Capital Markets,778646276
CTO,"CTO Realty Growth, Inc.",NYSE,NYSE,US,Real Estate,REIT - Diversified,774074625
ABX,"Abacus Global Management, Inc.",NYSE,NYSE,US,Financial Services,Insurance - Life,773134278
VLRS,"Controladora Vuela Compañía de Aviación, S.A.B. de C.V.",NYSE,NYSE,MX,Industrials,"Airlines, Airports & Air Services",771323666
HTB,"HomeTrust Bancshares, Inc.",NYSE,NYSE,US,Financial Services,Banks - Regional,769519266
MHLA,"Maiden Holdings, Ltd. 6.625 NT 2046",NYSE,NYSE,US,Financial Services,Insurance - Property & Casualty,767457630
DQ,Daqo New Energy Corp.,NYSE,NYSE,CN,Technology,Semiconductors,767333982
MNTN,"MNTN, Inc Class A",NYSE,NYSE,US,Technology,Software - Application,766592824
ABR,Arbor Realty Trust,NYSE,NYSE,US,Real Estate,REIT - Mortgage,763673170
WLKP,Westlake Chemical Partners LP,NYSE,NYSE,US,Basic Materials,Chemicals,755319187
FINV,FinVolution Group,NYSE,NYSE,CN,Financial Services,Financial - Credit Services,755125780
SKYH,Sky Harbour Group Corp,NYSE,NYSE,US,Real Estate,Real Estate - Development,753800248
WGO,"Winnebago Industries, Inc.",NYSE,NYSE,US,Consumer Cyclical,Auto - Recreational Vehicles,753648687
ASC,Ardmore Shipping Corporation,NYSE,NYSE,BM,Industrials,Marine Shipping,752400202
GOOS,Canada Goose Holdings Inc.,NYSE,NYSE,CA,Consumer Cyclical,Apparel - Manufacturers,749053439
LUCK,Lucky Strike Entertainment Corporation,NYSE,NYSE,US,Consumer Cyclical,Leisure,742403772
BFS,"Saul Centers, Inc.",NYSE,NYSE,US,Real Estate,REIT - Retail,739783601
BCSF,"Bain Capital Specialty Finance, Inc.",NYSE,NYSE,US,Financial Services,Asset Management,728473334
REF,Reformation Inc. (California),NYSE,NYSE,US,Consumer Cyclical,Apparel - Footwear & Accessories,724865060
NRGV,"Energy Vault Holdings, Inc.",NYSE,NYSE,US,Industrials,Electrical Equipment & Parts,719518830
AZUL,Azul S.A.,NYSE,NYSE,BR,Industrials,"Airlines, Airports & Air Services",717025037
CUBB,"Customers Bancorp, Inc 5.375% S",NYSE,NYSE,US,Financial Services,Banks - Regional,715616686
VTS,"Vitesse Energy, Inc.",NYSE,NYSE,US,Energy,Oil & Gas Exploration & Production,703142061
NGVC,"Natural Grocers by Vitamin Cottage, Inc.",NYSE,NYSE,US,Consumer Defensive,Grocery Stores,700209487
PMT,PennyMac Mortgage Investment Trust,NYSE,NYSE,US,Real Estate,REIT - Mortgage,697619200
GDOT,Green Dot Corporation,NYSE,NYSE,US,Financial Services,Financial - Credit Services,696034084
LXU,"LSB Industries, Inc.",NYSE,NYSE,US,Basic Materials,Chemicals,694928808
PFLT,PennantPark Floating Rate Capital Ltd.,NYSE,NYSE,US,Financial Services,Asset Management,694525272
ESRT,"Empire State Realty Trust, Inc.",NYSE,NYSE,US,Real Estate,REIT - Diversified,690983800
BALY,Bally's Corporation,NYSE,NYSE,US,Consumer Cyclical,"Gambling, Resorts & Casinos",683325192
GPRK,GeoPark Limited,NYSE,NYSE,CO,Energy,Oil & Gas Exploration & Production,682054364
CNNE,"Cannae Holdings, Inc.",NYSE,NYSE,US,Consumer Cyclical,Restaurants,681956653
MG,"Mistras Group, Inc.",NYSE,NYSE,US,Industrials,Security & Protection Services,678967973
EVEX,"Eve Holding, Inc.",NYSE,NYSE,US,Industrials,Aerospace & Defense,675711700
EVC,Entravision Communications,NYSE,NYSE,US,Communication Services,Broadcasting,675567633
RGR,"Sturm, Ruger & Company, Inc.",NYSE,NYSE,US,Industrials,Aerospace & Defense,673962838
SMWB,Similarweb Ltd.,NYSE,NYSE,IL,Technology,Software - Application,673647845
OFRM,Once Upon A Farm Pbc,NYSE,NYSE,US,Consumer Defensive,Packaged Foods,663872224
YEXT,"Yext, Inc.",NYSE,NYSE,US,Technology,Software - Infrastructure,649607792
MATV,"Mativ Holdings, Inc.",NYSE,NYSE,US,Basic Materials,Chemicals - Specialty,646527102
PKE,Park Aerospace Corp.,NYSE,NYSE,US,Industrials,Aerospace & Defense,643835520
INN,"Summit Hotel Properties, Inc.",NYSE,NYSE,US,Real Estate,REIT - Hotel & Motel,640437611
TROX,Tronox Holdings plc,NYSE,NYSE,US,Basic Materials,Chemicals,636501135
VTEX,Vtex,NYSE,NYSE,KY,Technology,Software - Application,635316847
SOC,Sable Offshore Corp.,NYSE,NYSE,US,Energy,Oil & Gas Drilling,635222000
HPP,"Hudson Pacific Properties, Inc.",NYSE,NYSE,US,Real Estate,REIT - Office,632461720
CLDT,Chatham Lodging Trust,NYSE,NYSE,US,Real Estate,REIT - Hotel & Motel,629262576
AOMN,"Angel Oak Mortgage REIT, Inc. 9",NYSE,NYSE,US,Real Estate,REIT - Mortgage,623614929
BWMX,"Betterware de Mexico, S.A.P.I. de C.V.",NYSE,NYSE,MX,Consumer Cyclical,Specialty Retail,623463221
UAMY,United States Antimony Corporation,NYSE,NYSE,US,Basic Materials,Industrial Materials,619415900
PHR,"Phreesia, Inc.",NYSE,NYSE,US,Healthcare,Medical - Healthcare Information Services,618737009
CRD-A,Crawford & Company,NYSE,NYSE,US,Financial Services,Insurance - Brokers,617713866
ATHM,Autohome Inc.,NYSE,NYSE,CN,Communication Services,Internet Content & Information,613526813
MLR,"Miller Industries, Inc.",NYSE,NYSE,US,Consumer Cyclical,Auto - Parts,609442036
SUPV,Grupo Supervielle S.A.,NYSE,NYSE,AR,Financial Services,Banks - Regional,609321413
TCBX,"Third Coast Bancshares, Inc.",NYSE,NYSE,US,Financial Services,Banks - Regional,600705113
VEL,"Velocity Financial, Inc.",NYSE,NYSE,US,Financial Services,Financial - Mortgages,593539849
JBGS,JBG SMITH Properties,NYSE,NYSE,US,Real Estate,REIT - Diversified,588384590
EGY,"VAALCO Energy, Inc.",NYSE,NYSE,US,Energy,Oil & Gas Exploration & Production,588015120
LAC,Lithium Americas Corp.,NYSE,NYSE,CA,Basic Materials,Industrial Materials,587222797
WEAV,"Weave Communications, Inc.",NYSE,NYSE,US,Technology,Software - Application,585603074
OOMA,"Ooma, Inc.",NYSE,NYSE,US,Communication Services,Telecommunications Services,584938982
CARS,Cars.com Inc.,NYSE,NYSE,US,Communication Services,Internet Content & Information,584745662
BXC,BlueLinx Holdings Inc.,NYSE,NYSE,US,Industrials,Industrial - Distribution,581656576
IVR,Invesco Mortgage Capital Inc.,NYSE,NYSE,US,Real Estate,REIT - Mortgage,581073664
AHRT,"AH Realty Trust, Inc.",NYSE,NYSE,US,Real Estate,REIT - Diversified,577379440
NCDL,Nuveen Churchill Direct Lending Corp.,NYSE,NYSE,US,Financial Services,Asset Management,576840919
DDD,3D Systems Corporation,NYSE,NYSE,US,Technology,Computer Hardware,574958546
RPC,"Ridgepost Capital, Inc.",NYSE,NYSE,US,Financial Services,Asset Management,574916265
WHK,WhiteHawk Minerals Corp,NYSE,NYSE,US,Energy,Oil & Gas Midstream,572384851
JBI,"Janus International Group, Inc.",NYSE,NYSE,US,Basic Materials,Construction Materials,571484403
HY,"Hyster-Yale Materials Handling, Inc.",NYSE,NYSE,US,Industrials,Industrial - Machinery,569295392
HOV,"Hovnanian Enterprises, Inc.",NYSE,NYSE,US,Consumer Cyclical,Residential Construction,568992901
EBF,"Ennis, Inc.",NYSE,NYSE,US,Industrials,Specialty Business Services,568199818
BAK,Braskem S.A.,NYSE,NYSE,BR,Basic Materials,Chemicals,565847550
GRNT,"Granite Ridge Resources, Inc",NYSE,NYSE,US,Energy,Oil & Gas Exploration & Production,565833836
IIIN,"Insteel Industries, Inc.",NYSE,NYSE,US,Industrials,Manufacturing - Metal Fabrication,563131405
FBRT,"Franklin BSP Realty Trust, Inc.",NYSE,NYSE,US,Real Estate,REIT - Mortgage,558065196
PAR,PAR Technology Corporation,NYSE,NYSE,US,Technology,Software - Application,557236148
NVRI,Enviri Corporation,NYSE,NYSE,US,Industrials,Waste Management,549707321
MSIF,"MSC Income Fund, Inc.",NYSE,NYSE,US,Financial Services,Asset Management,546863474
CMDB,Costamare Bulkers Holdings Limited,NYSE,NYSE,MC,Industrials,Marine Shipping,542270745
RYAM,Rayonier Advanced Materials Inc.,NYSE,NYSE,US,Basic Materials,Chemicals - Specialty,540182385
ETD,Ethan Allen Interiors Inc.,NYSE,NYSE,US,Consumer Cyclical,"Furnishings, Fixtures & Appliances",534627582
GMRS,GMR Solutions Inc.,NYSE,NYSE,US,Healthcare,Medical - Care Facilities,531475226
HUYA,HUYA Inc.,NYSE,NYSE,CN,Communication Services,Entertainment,531055487
MOV,"Movado Group, Inc.",NYSE,NYSE,US,Consumer Cyclical,Luxury Goods,529768044
KKRT,KKR & Co. Inc. 6.875% Subordina,NYSE,NYSE,US,Financial Services,Asset Management,528876000
UHT,Universal Health Realty Income Trust,NYSE,NYSE,US,Real Estate,REIT - Healthcare Facilities,527411556
GLAS,Glass House Brands Inc,NYSE,NYSE,US,Healthcare,Drug Manufacturers - Specialty & Generic,525724577
HBB,Hamilton Beach Brands Holding Company,NYSE,NYSE,US,Consumer Cyclical,"Furnishings, Fixtures & Appliances",524298774
NOAH,Noah Holdings Limited,NYSE,NYSE,SG,Financial Services,Asset Management,521973129
WTI,"W&T Offshore, Inc.",NYSE,NYSE,US,Energy,Oil & Gas Exploration & Production,519234166
OPFI,OppFi Inc.,NYSE,NYSE,US,Financial Services,Financial - Credit Services,519190948
WNC,Wabash National Corporation,NYSE,NYSE,US,Industrials,Agricultural - Machinery,516547341
ECCC,Eagle Point Credit Company Inc.,NYSE,NYSE,US,Financial Services,Asset Management,513189921
SOJF,Southern Company 6.5 % Notes 2025-15.03.85,NYSE,NYSE,US,Utilities,Regulated Electric,511890000
NPB,"Northpointe Bancshares, Inc.",NYSE,NYSE,US,Financial Services,Banks - Regional,511547740
ONT,"Onterris, Inc.",NYSE,NYSE,US,Industrials,Waste Management,509924493
BRSP,"BrightSpire Capital, Inc.",NYSE,NYSE,US,Real Estate,REIT - Mortgage,509892445
ECCU,Eagle Point Credit Company Inc.,NYSE,NYSE,US,Financial Services,Asset Management,509206090
MEI,"Methode Electronics, Inc.",NYSE,NYSE,US,Technology,"Hardware, Equipment & Parts",508665612
SPME,"Sound Point Meridian Capital, Inc.",NYSE,NYSE,US,Financial Services,Asset Management,507472729
AAC-UN,Ares Acquisition Corporation III,NYSE,NYSE,US,Financial Services,Shell Companies,503577063
ECCV,Eagle Point Credit Company Inc.,NYSE,NYSE,US,Financial Services,Asset Management,503001505
NWAX,New America Acquisition I Corp.,NYSE,NYSE,US,Financial Services,Shell Companies,501984000
MAX,"MediaAlpha, Inc.",NYSE,NYSE,US,Communication Services,Internet Content & Information,496912169
CRBD,Corebridge Financial Inc. 6.375,NYSE,NYSE,US,Financial Services,Insurance - Life,495600000
SD,"SandRidge Energy, Inc.",NYSE,NYSE,US,Energy,Oil & Gas Exploration & Production,495443036
AII,"American Integrity Insurance Group, Inc.",NYSE,NYSE,US,Financial Services,Insurance - Property & Casualty,494864012
SCE-PM,SCE Trust VII,NYSE,NYSE,US,Financial Services,Financial - Credit Services,492800000
CSV,"Carriage Services, Inc.",NYSE,NYSE,US,Consumer Cyclical,Personal Products & Services,491723854
KRSP,Rice Acquisition Corporation 3,NYSE,NYSE,US,Financial Services,Shell Companies,491307768
NXRT,"NexPoint Residential Trust, Inc.",NYSE,NYSE,US,Real Estate,REIT - Residential,489692978
BDN,Brandywine Realty Trust,NYSE,NYSE,US,Real Estate,REIT - Office,487157383
TRTX,"TPG RE Finance Trust, Inc.",NYSE,NYSE,US,Real Estate,REIT - Mortgage,486715523
EVAC,EQV Ventures Acquisition Corp. II,NYSE,NYSE,US,Financial Services,Shell Companies,484032406
FPI,Farmland Partners Inc.,NYSE,NYSE,US,Real Estate,REIT - Specialty,483864463
RWT,"Redwood Trust, Inc.",NYSE,NYSE,US,Real Estate,REIT - Mortgage,483586931
BCSS,Bain Capital GSS Investment Cor,NYSE,NYSE,US,Financial Services,Shell Companies,482601000
OIS,"Oil States International, Inc.",NYSE,NYSE,US,Energy,Oil & Gas Equipment & Services,482149134
OLP,"One Liberty Properties, Inc.",NYSE,NYSE,US,Real Estate,REIT - Diversified,481554158
QUAD,"Quad/Graphics, Inc.",NYSE,NYSE,US,Industrials,Specialty Business Services,479503592
OPTU,"Optimum Communications, Inc.",NYSE,NYSE,US,Communication Services,Telecommunications Services,479073409
DDL,Dingdong (Cayman) Limited,NYSE,NYSE,CN,Consumer Defensive,Grocery Stores,472109917
XRN,Chiron Real Estate Inc.,NYSE,NYSE,US,Real Estate,REIT - Healthcare Facilities,467320788
LXFR,Luxfer Holdings PLC,NYSE,NYSE,US,Industrials,Industrial - Machinery,462132092
HVT,"Haverty Furniture Companies, Inc.",NYSE,NYSE,US,Consumer Cyclical,Home Improvement,455605343
VHI,"Valhi, Inc.",NYSE,NYSE,US,Basic Materials,Chemicals,448025298
CLB,Core Laboratories N.V.,NYSE,NYSE,US,Energy,Oil & Gas Equipment & Services,447598957
ZKH,ZKH Group Limited,NYSE,NYSE,CN,Consumer Cyclical,Specialty Retail,447328650
TWI,"Titan International, Inc.",NYSE,NYSE,US,Industrials,Agricultural - Machinery,447278492
TRC,Tejon Ranch Co.,NYSE,NYSE,US,Industrials,Conglomerates,441788712
GTN,"Gray Media, Inc.",NYSE,NYSE,US,Communication Services,Broadcasting,440456256
IPI,"Intrepid Potash, Inc.",NYSE,NYSE,US,Basic Materials,Agricultural Inputs,434557550
ASPN,"Aspen Aerogels, Inc.",NYSE,NYSE,US,Basic Materials,Chemicals - Specialty,432620305
AVBC,"Avidia Bancorp, Inc.",NYSE,NYSE,US,Financial Services,Banks - Regional,432241663
ASIX,AdvanSix Inc.,NYSE,NYSE,US,Basic Materials,Chemicals - Specialty,431614166
CBAN,"Colony Bankcorp, Inc.",NYSE,NYSE,US,Financial Services,Banks - Regional,431419776
GNE,Genie Energy Ltd.,NYSE,NYSE,US,Utilities,Regulated Electric,426447808
SGU,"Star Group, L.P.",NYSE,NYSE,US,Energy,Oil & Gas Refining & Marketing,419617664
CAL,"Caleres, Inc.",NYSE,NYSE,US,Consumer Cyclical,Apparel - Retail,418192313
SMC,Summit Midstream Corp.,NYSE,NYSE,US,Energy,Oil & Gas Midstream,417468146
CICC,CION Investment Corp. 7.5 % Notes 2026-31.03.31,NYSE,NYSE,US,Financial Services,Asset Management,417428568
JMIA,Jumia Technologies AG,NYSE,NYSE,DE,Consumer Cyclical,Specialty Retail,414906257
DDT,Dillards Capital Trust I CAP SECS 7.5%,NYSE,NYSE,US,Consumer Cyclical,Department Stores,414750000
MAGN,Magnera Corp,NYSE,NYSE,US,Consumer Defensive,Household & Personal Products,413672000
CHCT,Community Healthcare Trust Incorporated,NYSE,NYSE,US,Real Estate,REIT - Healthcare Facilities,411148202
CYH,"Community Health Systems, Inc.",NYSE,NYSE,US,Healthcare,Medical - Care Facilities,410336190
KREF,KKR Real Estate Finance Trust Inc.,NYSE,NYSE,US,Real Estate,REIT - Mortgage,410236660
GFR,Greenfire Resources Ltd.,NYSE,NYSE,CA,Energy,Oil & Gas Exploration & Production,408272984
GLOP-PA,GasLog Partners LP,NYSE,NYSE,GR,Energy,Oil & Gas Midstream,407297592
NGS,"Natural Gas Services Group, Inc.",NYSE,NYSE,US,Energy,Oil & Gas Equipment & Services,404054508
SAV,Saratoga Investment Corp 7.50%,NYSE,NYSE,US,Financial Services,Asset Management,399909111
AAC,Ares Acquisition Corp. III Class A,NYSE,NYSE,US,Financial Services,Financial - Conglomerates,399345000
EVH,"Evolent Health, Inc.",NYSE,NYSE,US,Healthcare,Medical - Healthcare Information Services,395933356
BNED,"Barnes & Noble Education, Inc.",NYSE,NYSE,US,Consumer Cyclical,Specialty Retail,394241573
BOC,Boston Omaha Corporation,NYSE,NYSE,US,Communication Services,Advertising Agencies,392792335
SPCE,"Virgin Galactic Holdings, Inc.",NYSE,NYSE,US,Industrials,Aerospace & Defense,390753316
ACCO,ACCO Brands Corporation,NYSE,NYSE,US,Industrials,Business Equipment & Supplies,390250494
MTAL,Metals Acquisition Corp. II,NYSE,NYSE,KY,Financial Services,Shell Companies,390233381
CINT,CI&T Inc,NYSE,NYSE,BR,Technology,Software - Infrastructure,389827680
SI,"Shoulder Innovations, Inc.",NYSE,NYSE,US,Healthcare,Medical - Specialties,389671267
HTT,High Templar Tech Limited,NYSE,NYSE,CN,Financial Services,Financial - Credit Services,388587737
AEXA,American Exceptionalism Acquisition Corp. A,NYSE,NYSE,US,Financial Services,Shell Companies,386279500
FVR,"FrontView REIT, Inc.",NYSE,NYSE,US,Real Estate,REIT - Diversified,385084459
NMG,Nouveau Monde Graphite Inc.,NYSE,NYSE,CA,Basic Materials,Industrial Materials,385063380
GCO,Genesco Inc.,NYSE,NYSE,US,Consumer Cyclical,Apparel - Retail,383190569
TCI,"Transcontinental Realty Investors, Inc.",NYSE,NYSE,US,Real Estate,Real Estate - Services,381685158
FCBM,First Carolina Financial Services,NYSE,NYSE,US,Financial Services,Banks - Regional,379584188
CPS,Cooper-Standard Holdings Inc.,NYSE,NYSE,US,Consumer Cyclical,Auto - Parts,376589574
AUNA,Auna S.A.,NYSE,NYSE,LU,Healthcare,Medical - Care Facilities,375294643
MZYX,MOZAYYX Acquisition Corp.,NYSE,NYSE,US,Financial Services,Shell Companies,374812500
PACK,Ranpak Holdings Corp.,NYSE,NYSE,US,Consumer Cyclical,Packaging & Containers,374763714
OXM,"Oxford Industries, Inc.",NYSE,NYSE,US,Consumer Cyclical,Apparel - Manufacturers,373422609
WDH,Waterdrop Inc.,NYSE,NYSE,CN,Financial Services,Insurance - Brokers,372574731
CTEV,Claritev Corporation,NYSE,NYSE,US,Healthcare,Medical - Healthcare Information Services,368914154
FCRS,FutureCrest Acquisition Corp.,NYSE,NYSE,US,Financial Services,Shell Companies,367640594
ALUB,Alussa Energy Acquisition Corp. II,NYSE,NYSE,US,Financial Services,Shell Companies,364046885
SPIR,"Spire Global, Inc.",NYSE,NYSE,US,Industrials,Specialty Business Services,362780548
BKKT,"Bakkt Holdings, Inc.",NYSE,NYSE,US,Technology,Software - Infrastructure,361359630
EBS,Emergent BioSolutions Inc.,NYSE,NYSE,US,Healthcare,Drug Manufacturers - Specialty & Generic,357046396
DIN,"Dine Brands Global, Inc.",NYSE,NYSE,US,Consumer Cyclical,Restaurants,356960825
PAII,Pyrophyte Acquisition Corp. II,NYSE,NYSE,US,Financial Services,Shell Companies,356653381
CION,CION Investment Corporation,NYSE,NYSE,US,Financial Services,Asset Management,356490744
TPTS,"Terra Property Trust, Inc.",NYSE,NYSE,US,Real Estate,REIT - Industrial,355337165
CVEO,Civeo Corporation,NYSE,NYSE,US,Consumer Cyclical,Travel Lodging,354453357
KNOP,KNOT Offshore Partners LP,NYSE,NYSE,GB,Industrials,Marine Shipping,353433591
RNGR,"Ranger Energy Services, Inc.",NYSE,NYSE,US,Energy,Oil & Gas Equipment & Services,351966426
SBXE,SilverBox Corp V,NYSE,NYSE,US,Financial Services,Shell Companies,348450010
LZM,Lifezone Metals Limited,NYSE,NYSE,IM,Basic Materials,Other Precious Metals,347070194
NL,"NLI Holdings, Inc.",NYSE,NYSE,US,Industrials,Security & Protection Services,345459289
MEC,"Mayville Engineering Company, Inc.",NYSE,NYSE,US,Industrials,Manufacturing - Metal Fabrication,343027126
ORN,"Orion Group Holdings, Inc.",NYSE,NYSE,US,Industrials,Engineering & Construction,340565380
DSX,Diana Shipping Inc.,NYSE,NYSE,GR,Industrials,Marine Shipping,339735000
LND,BrasilAgro - Companhia Brasileira de Propriedades Agrícolas,NYSE,NYSE,BR,Consumer Defensive,Agricultural Farm Products,339687194
FPH,"Five Point Holdings, LLC",NYSE,NYSE,US,Real Estate,Real Estate - Development,335547783
LVWR,"LiveWire Group, Inc.",NYSE,NYSE,US,Consumer Cyclical,Auto - Recreational Vehicles,331714165
CTGG,Qwest Corp. 6.5% Sr Nts 01/09/2051 Usd25,NYSE,NYSE,US,Communication Services,Telecommunications Services,330409030
OEC,Orion S.A.,NYSE,NYSE,LU,Basic Materials,Chemicals - Specialty,327618051
CWH,"Camping World Holdings, Inc.",NYSE,NYSE,US,Consumer Cyclical,Auto - Dealerships,323950980
NOA,North American Construction Group Ltd.,NYSE,NYSE,CA,Energy,Oil & Gas Equipment & Services,323875735
JACS,Jackson Acquisition Company II,NYSE,NYSE,US,Financial Services,Shell Companies,320459700
DBI,Designer Brands Inc.,NYSE,NYSE,US,Consumer Cyclical,Apparel - Footwear & Accessories,319895598
MLP,"Maui Land & Pineapple Company, Inc.",NYSE,NYSE,US,Real Estate,Real Estate - Development,319820157
FTW,Presidio Production Company,NYSE,NYSE,US,Energy,Oil & Gas Exploration & Production,319241359
BBW,"Build-A-Bear Workshop, Inc.",NYSE,NYSE,US,Consumer Cyclical,Specialty Retail,319076830
SAT,Saratoga Investment Corp 6.00%,NYSE,NYSE,US,Financial Services,Asset Management,317260602
COSO,"CoastalSouth Bancshares, Inc.",NYSE,NYSE,US,Financial Services,Banks - Regional,316894715
SAC,Safeguard Acquisition Corp.,NYSE,NYSE,US,Financial Services,Financial - Conglomerates,316489680
SAZ,Saratoga Investment Corp 8.50%,NYSE,NYSE,US,Financial Services,Asset Management,316347488
SAY,Saratoga Investment Corp.,NYSE,NYSE,US,Financial Services,Asset Management,314648358
CLW,Clearwater Paper Corporation,NYSE,NYSE,US,Basic Materials,"Paper, Lumber & Forest Products",312717344
SAJ,Saratoga Investment Corp 8.00%,NYSE,NYSE,US,Financial Services,Asset Management,311372556
PSBD,Palmer Square Capital BDC Inc.,NYSE,NYSE,US,Financial Services,Asset Management,310274516
CBNA,"Chain Bridge Bancorp, Inc.",NYSE,NYSE,US,Financial Services,Banks - Regional,309783381
FVRR,Fiverr International Ltd.,NYSE,NYSE,IL,Communication Services,Internet Content & Information,307378724
CLBR,Colombier Acquisition Corp. III,NYSE,NYSE,US,Financial Services,Shell Companies,306510000
PSFE,Paysafe Limited,NYSE,NYSE,GB,Technology,Software - Infrastructure,303340186
EVMN,"Evommune, Inc.",NYSE,NYSE,US,Healthcare,Biotechnology,303039127
FGSN,"F&G Annuities & Life, Inc. 7.30",NYSE,NYSE,US,Financial Services,Insurance - Diversified,301500000
JENA,Jena Acquisition Corporation II,NYSE,NYSE,US,Financial Services,Shell Companies,301050271
NREF,"NexPoint Real Estate Finance, Inc.",NYSE,NYSE,US,Real Estate,REIT - Mortgage,299872141
SEG,Seaport Entertainment Group Inc.,NYSE,NYSE,US,Real Estate,Real Estate - Services,298668560
AIV,Apartment Investment and Management Company,NYSE,NYSE,US,Real Estate,REIT - Residential,296343360
MTNE,CH4 Natural Solutions Corporation,NYSE,NYSE,US,Financial Services,Shell Companies,296277347
HLLY,Holley Inc.,NYSE,NYSE,US,Consumer Cyclical,Auto - Parts,294906128
BRCC,BRC Inc.,NYSE,NYSE,US,Consumer Defensive,Packaged Foods,293029320
ZIP,"ZipRecruiter, Inc.",NYSE,NYSE,US,Industrials,Staffing & Employment Services,292446608
ZH,Zhihu Inc.,NYSE,NYSE,CN,Communication Services,Internet Content & Information,291114770
KPET,KPET Ultra Paceline Corporation,NYSE,NYSE,US,Financial Services,Shell Companies,287212500
PINE,"Alpine Income Property Trust, Inc.",NYSE,NYSE,US,Real Estate,REIT - Retail,286207960
TBI,"TrueBlue, Inc.",NYSE,NYSE,US,Industrials,Staffing & Employment Services,283366212
RM,Regional Management Corp.,NYSE,NYSE,US,Financial Services,Financial - Credit Services,281493146
SAR,Saratoga Investment Corp.,NYSE,NYSE,US,Financial Services,Asset Management,277769535
JILL,"J.Jill, Inc.",NYSE,NYSE,US,Consumer Cyclical,Apparel - Retail,277490959
NC,"NACCO Industries, Inc.",NYSE,NYSE,US,Energy,Coal,277166917
NXDT,NexPoint Diversified Real Estate Trust,NYSE,NYSE,US,Real Estate,REIT - Diversified,273101548
USNA,"USANA Health Sciences, Inc.",NYSE,NYSE,US,Consumer Defensive,Packaged Foods,271406262
SOUL,Soulpower Acquisition Corp.,NYSE,NYSE,US,Financial Services,Shell Companies,268625700
ARL,"American Realty Investors, Inc.",NYSE,NYSE,US,Real Estate,Real Estate - Services,268607760
XPER,Xperi Inc.,NYSE,NYSE,US,Technology,Software - Application,266941152
KWY,Kingsway Corporation,NYSE,NYSE,US,Financial Services,Insurance - Diversified,266020173
MSB,Mesabi Trust,NYSE,NYSE,US,Basic Materials,Steel,264105600
LAW,"CS Disco, Inc.",NYSE,NYSE,US,Technology,Software - Application,261668376
RCD,Ready Capital Corporation Notes -15.12.29,NYSE,NYSE,US,Real Estate,REIT - Mortgage,255617979
BRT,BRT Apartments Corp.,NYSE,NYSE,US,Real Estate,REIT - Residential,252971981
CTHH,Qwest Corp. 6.75% Sr Nts 15/06/2052 Usd25,NYSE,NYSE,US,Communication Services,Telecommunications Services,252876758
ONIT,Onity Group Inc.,NYSE,NYSE,US,Financial Services,Financial - Mortgages,251699379
COPL,Copley Acquisition Corp,NYSE,NYSE,HK,Financial Services,Shell Companies,250809103
RAC,Rithm Acquisition Corp.,NYSE,NYSE,US,Financial Services,Shell Companies,249849600
BLND,"Blend Labs, Inc.",NYSE,NYSE,US,Technology,Software - Application,249380147
BGS,"B&G Foods, Inc.",NYSE,NYSE,US,Consumer Defensive,Packaged Foods,249182693
CHPT,"ChargePoint Holdings, Inc.",NYSE,NYSE,US,Consumer Cyclical,Specialty Retail,246545447
TG,Tredegar Corporation,NYSE,NYSE,US,Industrials,Manufacturing - Metal Fabrication,245683870
ALIT,"Alight, Inc.",NYSE,NYSE,US,Technology,Information Technology Services,243139900
YSG,Yatsen Holding Limited,NYSE,NYSE,CN,Consumer Defensive,Household & Personal Products,238733968
INR,"Infinity Natural Resources, Inc.",NYSE,NYSE,US,Energy,Oil & Gas Exploration & Production,237957906
QLEP,Quantum Leap Acquisition Corp,NYSE,NYSE,US,Financial Services,Financial - Conglomerates,237491180
KCAC-UN,Kensington Capital Acquisition Corp. IV,NYSE,NYSE,US,Financial Services,Shell Companies,236900000
CURV,Torrid Holdings Inc.,NYSE,NYSE,US,Consumer Cyclical,Apparel - Retail,235863303
EICA,Eagle Point Income Company Inc.,NYSE,NYSE,US,Financial Services,Asset Management,233642835
SBXD,SilverBox Corp IV,NYSE,NYSE,US,Financial Services,Shell Companies,232982450
BIII,Black Spade Acquisition III Co,NYSE,NYSE,HK,Financial Services,Shell Companies,232761606
BIII-UN,Black Spade Acquisition III Co,NYSE,NYSE,HK,Financial Services,Shell Companies,231469307
HTFC,Horizon Technology Finance Corp,NYSE,NYSE,US,Financial Services,Asset Management,230572230
KLC,"KinderCare Learning Companies, Inc.",NYSE,NYSE,US,Consumer Defensive,Education & Training Services,229750900
VII,Viking Acquisition Corp. II,NYSE,NYSE,US,Financial Services,Financial - Conglomerates,229603500
ACRE,Ares Commercial Real Estate Corporation,NYSE,NYSE,US,Real Estate,REIT - Mortgage,228027374
SMRT,"SmartRent, Inc.",NYSE,NYSE,US,Technology,Software - Application,227548921
FTRA,Futurecorp Space Acquisition 1,NYSE,NYSE,US,Financial Services,Shell Companies,227010000
SAMO,Samos Energy Acquisition Corp.,NYSE,NYSE,US,Financial Services,Shell Companies,226090000
DGAC,Disciplined Growth Acquisition Corp,NYSE,NYSE,US,Financial Services,Shell Companies,225860635
MITP,TPG Mortgage Investment Trust Inc 9.500% Senior Notes due 2029,NYSE,NYSE,US,Real Estate,REIT - Mortgage,223704775
AMWL,American Well Corporation,NYSE,NYSE,US,Healthcare,Medical - Healthcare Information Services,223495080
SMHI,SEACOR Marine Holdings Inc.,NYSE,NYSE,US,Industrials,Marine Shipping,223302944
NUS,"Nu Skin Enterprises, Inc.",NYSE,NYSE,US,Consumer Defensive,Household & Personal Products,222846795
EAF,GrafTech International Ltd.,NYSE,NYSE,US,Industrials,Electrical Equipment & Parts,222709408
FF,FutureFuel Corp.,NYSE,NYSE,US,Basic Materials,Chemicals - Specialty,221949345
SCM,Stellus Capital Investment Corporation,NYSE,NYSE,US,Financial Services,Asset Management,219999130
MBI,MBIA Inc.,NYSE,NYSE,US,Financial Services,Insurance - Specialty,218506860
PNNT,PennantPark Investment Corporation,NYSE,NYSE,US,Financial Services,Asset Management,218088954
DHX,"DHI Group, Inc.",NYSE,NYSE,US,Industrials,Staffing & Employment Services,210808714
CDR-PC,"Cedar Realty Trust, Inc.",NYSE,NYSE,US,Real Estate,REIT - Retail,206184080
RC,Ready Capital Corporation,NYSE,NYSE,US,Real Estate,REIT - Mortgage,204871560
VACI,Viking Acquisition Corp. I Class A,NYSE,NYSE,US,Financial Services,Shell Companies,203895945
LDI,"loanDepot, Inc.",NYSE,NYSE,US,Financial Services,Financial - Mortgages,203060922
PNAQ,Pinnacle Acquisition Corp.,NYSE,NYSE,US,Financial Services,Shell Companies,199216250
TPVG,TriplePoint Venture Growth BDC Corp.,NYSE,NYSE,US,Financial Services,Asset Management,198529017
VLN,Valens Semiconductor Ltd.,NYSE,NYSE,IL,Technology,Semiconductors,198138686
FIRY,Firy Inc.,NYSE,NYSE,US,Technology,Electronic Gaming & Multimedia,195873585
SES,SES AI Corporation,NYSE,NYSE,US,Consumer Cyclical,Auto - Parts,194708444
ALTG,Alta Equipment Group Inc.,NYSE,NYSE,US,Industrials,Industrial - Distribution,192935752
PERF,Perfect Corp.,NYSE,NYSE,TW,Technology,Software - Application,192493979
GCTS,"GCT Semiconductor Holding, Inc.",NYSE,NYSE,US,Technology,Semiconductors,191931953
ENHA,Enhanced Group Inc. Class A,NYSE,NYSE,US,Financial Services,Financial - Conglomerates,190412637
FC,Franklin Covey Co.,NYSE,NYSE,US,Consumer Defensive,Education & Training Services,190189276
MITT,TPG Mortgage Investment Trust Inc,NYSE,NYSE,US,Real Estate,REIT - Mortgage,189866746
SRI,"Stoneridge, Inc.",NYSE,NYSE,US,Consumer Cyclical,Auto - Parts,189458192
AOMR,"Angel Oak Mortgage, Inc.",NYSE,NYSE,US,Real Estate,REIT - Mortgage,187607292
ICR-PA,"Inpoint Commercial Real Estate Income, Inc.",NYSE,NYSE,US,Real Estate,REIT - Mortgage,186420792
OSG,"Octave Specialty Group, Inc.",NYSE,NYSE,US,Financial Services,Insurance - Specialty,184555727
CIA,"Citizens, Inc.",NYSE,NYSE,US,Financial Services,Insurance - Life,183003902
AP,Ampco-Pittsburgh Corp.,NYSE,NYSE,US,Industrials,Manufacturing - Metal Fabrication,182937600
CMTG,"Claros Mortgage Trust, Inc.",NYSE,NYSE,US,Real Estate,REIT - Mortgage,181998626
BWIV,Blue Water Acquisition Corp. IV,NYSE,NYSE,US,Financial Services,Shell Companies,181620180
WHG,"Westwood Holdings Group, Inc.",NYSE,NYSE,US,Financial Services,Asset Management,180204930
GPJA,Georgia Power Company 5% JR SUB NT 77,NYSE,NYSE,US,Utilities,Regulated Electric,175505425
IRAB,Iris Acquisition Corp II,NYSE,NYSE,AE,Financial Services,Shell Companies,174954560
SRJN,Spire Inc. 6.375% Junior Subord,NYSE,NYSE,US,Utilities,Regulated Gas,172880000
JELD,"JELD-WEN Holding, Inc.",NYSE,NYSE,US,Industrials,Construction,171441087
AMPY,Amplify Energy Corp.,NYSE,NYSE,US,Energy,Oil & Gas Exploration & Production,171342710
ENO,"Entergy New Orleans, LLC",NYSE,NYSE,US,Utilities,Regulated Gas,170489539
ENJ,"Entergy New Orleans, LLC",NYSE,NYSE,US,Utilities,Regulated Gas,169386696
SJT,San Juan Basin Royalty Trust,NYSE,NYSE,US,Energy,Oil & Gas Exploration & Production,169189944
UIS,Unisys Corporation,NYSE,NYSE,US,Technology,Information Technology Services,166223856
EMP,"Entergy Mississippi, Inc. 1M BD 66",NYSE,NYSE,US,Utilities,Regulated Electric,164747485
XPOF,"Xponential Fitness, Inc.",NYSE,NYSE,US,Consumer Cyclical,Leisure,164172800
SITC,SITE Centers Corp.,NYSE,NYSE,US,Real Estate,REIT - Retail,163196858
SAGU,Shreya Acquisition Group,NYSE,NYSE,MU,Financial Services,Shell Companies,161764803
QRED,Quasaredge Acquisition Corporation,NYSE,NYSE,US,Financial Services,Shell Companies,161202000
WENC,West Enclave Merger Corp.,NYSE,NYSE,MX,Financial Services,Shell Companies,160495830
GLED,GalaxyEdge Acquisition Corporation,NYSE,NYSE,US,Financial Services,Shell Companies,159984825
ADCT,ADC Therapeutics S.A.,NYSE,NYSE,CH,Healthcare,Biotechnology,156444930
ELME,Elme Communities,NYSE,NYSE,US,Real Estate,REIT - Residential,152835588
AIIA,AI Infrastructure Acquisition Corp.,NYSE,NYSE,US,Financial Services,Shell Companies,150866300
YCY,AA Mission Acquisition Corp. II,NYSE,NYSE,US,Financial Services,Shell Companies,150741608
BEBE,TGE Value Creative Solutions Corp,NYSE,NYSE,FR,Financial Services,Shell Companies,150600000
ETSS,Energy Transition Special Opportunities,NYSE,NYSE,US,Financial Services,Shell Companies,148950000
TRAK,"ReposiTrak, Inc.",NYSE,NYSE,US,Technology,Software - Application,148296290
NLOP,Net Lease Office Properties,NYSE,NYSE,US,Real Estate,REIT - Office,147844469
SSTK,"Shutterstock, Inc.",NYSE,NYSE,US,Communication Services,Internet Content & Information,147686816
TRAD,APEX Tech Acquisition Inc.,NYSE,NYSE,US,Financial Services,Shell Companies,147540960
TLYS,"Tilly's, Inc.",NYSE,NYSE,US,Consumer Cyclical,Apparel - Retail,144223619
TRNZ,"Trinity Capital, Inc. 7.875 % Notes 2024-30.03.2029",NYSE,NYSE,US,Financial Services,Asset Management,142314329
ONL,Orion Properties Inc.,NYSE,NYSE,US,Real Estate,REIT - Office,142075168
MX,MagnaChip Semiconductor,NYSE,NYSE,KR,Technology,Semiconductors,141982277
XFLH,XFLH Capital Corporation,NYSE,NYSE,US,Financial Services,Shell Companies,139716328
DLNG,Dynagas LNG Partners LP,NYSE,NYSE,GR,Industrials,Marine Shipping,138251642
DOUG,Douglas Elliman Inc.,NYSE,NYSE,US,Real Estate,Real Estate - Services,138177245
OTAI,Starlink Ai Acquisition Corp.,NYSE,NYSE,US,Financial Services,Shell Companies,137512500
OCAC,Ocean Capital Acquisition Corporation,NYSE,NYSE,US,Financial Services,Financial - Conglomerates,136129564
GHI,Greystone Housing Impact Investors LP,NYSE,NYSE,US,Financial Services,Financial - Mortgages,135955683
BEPJ,Brookfield BRP Holdings (Canada,NYSE,NYSE,CA,Real Estate,Real Estate - Development,135780000
NPWR,NET Power Inc.,NYSE,NYSE,US,Industrials,Industrial - Machinery,133459538
SRFM,Surf Air Mobility Inc.,NYSE,NYSE,US,Industrials,"Airlines, Airports & Air Services",133193513
TISI,"Team, Inc.",NYSE,NYSE,US,Industrials,Specialty Business Services,130055761
MED,"Medifast, Inc.",NYSE,NYSE,US,Consumer Cyclical,Personal Products & Services,129092914
JKS,"JinkoSolar Holding Co., Ltd.",NYSE,NYSE,CN,Energy,Solar,125688451
UP,Wheels Up Experience Inc.,NYSE,NYSE,US,Industrials,"Airlines, Airports & Air Services",124010226
COOK,"Traeger, Inc.",NYSE,NYSE,US,Consumer Cyclical,"Furnishings, Fixtures & Appliances",123957320
UFI,"Unifi, Inc.",NYSE,NYSE,US,Industrials,Manufacturing - Textiles,123791418
LANV,Lanvin Group Holdings Limited,NYSE,NYSE,CN,Consumer Cyclical,Luxury Goods,120453007
AXR,AMREP Corporation,NYSE,NYSE,US,Real Estate,Real Estate - Development,119313926
WPAC,White Pearl Acquisition Corp.,NYSE,NYSE,US,Financial Services,Shell Companies,119041238
AKA,a.k.a. Brands Holding Corp.,NYSE,NYSE,US,Consumer Cyclical,Apparel - Retail,118772460
FOA,Finance of America Companies Inc.,NYSE,NYSE,US,Financial Services,Financial - Credit Services,116354141
PLUN,Plutonian Acquisition Corp II,NYSE,NYSE,US,Financial Services,Financial - Conglomerates,114748069
BHR,Braemar Hotels & Resorts Inc.,NYSE,NYSE,US,Real Estate,REIT - Hotel & Motel,114007668
RWTS,"Redwood Trust, Inc. 9.75% Senior Notes Due 2031",NYSE,NYSE,US,Real Estate,REIT - Diversified,104450000
GHG,GreenTree Hospitality Group Ltd.,NYSE,NYSE,CN,Consumer Cyclical,Travel Lodging,104006642
RFL,"Rafael Holdings, Inc.",NYSE,NYSE,US,Real Estate,Real Estate - Services,103961984
VATE,INNOVATE Corp.,NYSE,NYSE,US,Industrials,Engineering & Construction,102996345
CHMI,Cherry Hill Mortgage Investment Corporation,NYSE,NYSE,US,Real Estate,REIT - Mortgage,99564148
KCA-UN,Kensington Capital Acquisition Corp. IV,NYSE,NYSE,US,Financial Services,Shell Companies,98748490
SRG,Seritage Growth Properties,NYSE,NYSE,US,Real Estate,REIT - Retail,96878324
OWLT,"Owlet, Inc.",NYSE,NYSE,US,Healthcare,Medical - Devices,94815117
CANG,Cango Inc.,NYSE,NYSE,US,Financial Services,Financial - Capital Markets,93193062
DAVA,Endava plc,NYSE,NYSE,GB,Technology,Information Technology Services,88398372
ZVIA,Zevia PBC,NYSE,NYSE,US,Consumer Defensive,Beverages - Non-Alcoholic,87565744
YRD,Yiren Digital Ltd.,NYSE,NYSE,CN,Financial Services,Financial - Credit Services,86865001
SAX,Saratoga Investment Corp. 8 % Notes 2026-31.08.31,NYSE,NYSE,US,Financial Services,Asset Management,86122000
SDHC,Smith Douglas Homes Corp.,NYSE,NYSE,US,Consumer Cyclical,Residential Construction,85559384
RPT,Rithm Property Trust Inc.,NYSE,NYSE,US,Real Estate,REIT - Mortgage,83555063
EVTL,Vertical Aerospace Ltd.,NYSE,NYSE,GB,Industrials,Aerospace & Defense,80573158
VECA,Vernal Capital Acquisition Corp,NYSE,NYSE,US,Financial Services,Shell Companies,80119549
CHGG,"Chegg, Inc.",NYSE,NYSE,US,Consumer Defensive,Education & Training Services,78819022
TSQ,"Townsquare Media, Inc.",NYSE,NYSE,US,Communication Services,Broadcasting,78533720
SRL,Scully Royalty Ltd.,NYSE,NYSE,CN,Financial Services,Financial - Capital Markets,76131755
SLQT,"SelectQuote, Inc.",NYSE,NYSE,US,Financial Services,Insurance - Brokers,75371039
NRT,North European Oil Royalty Trust,NYSE,NYSE,US,Energy,Oil & Gas Exploration & Production,75087120
BARK,"BARK, Inc.",NYSE,NYSE,US,Consumer Cyclical,Specialty Retail,74706689
XTND,Xtend AI Robotics Inc,NYSE,NYSE,US,Industrials,Engineering & Construction,74447887
ACR,ACRES Commercial Realty Corp.,NYSE,NYSE,US,Real Estate,REIT - Mortgage,72024110
CRT,Cross Timbers Royalty Trust,NYSE,NYSE,US,Energy,Oil & Gas Exploration & Production,71760000
NRDY,"Nerdy, Inc.",NYSE,NYSE,US,Technology,Software - Application,69295681
XXI,Twenty One Capital Inc,NYSE,NYSE,US,Financial Services,Asset Management,67259000
WBX,Wallbox N.V.,NYSE,NYSE,ES,Technology,"Hardware, Equipment & Parts",64589757
PEW-WT,GrabAGun Digital Holdings Inc. WT,NYSE,NYSE,US,Consumer Cyclical,Specialty Retail,63662196
CABO,"Cable One, Inc.",NYSE,NYSE,US,Communication Services,Telecommunications Services,62004251
PEW,GrabAGun Digital Holdings Inc.,NYSE,NYSE,US,Consumer Cyclical,Specialty Retail,61446153
PVL,Permianville Royalty Trust,NYSE,NYSE,US,Energy,Oil & Gas Exploration & Production,60060000
PDPA,Pearl Diver Credit Company Inc.,NYSE,NYSE,GB,Financial Services,Asset Management,58994267
VOC,VOC Energy Trust,NYSE,NYSE,US,Energy,Oil & Gas Exploration & Production,57970000
ZEPP,Zepp Health Corporation,NYSE,NYSE,NL,Technology,Consumer Electronics,56716534
ANVS,"Annovis Bio, Inc.",NYSE,NYSE,US,Healthcare,Biotechnology,55304425
BGSF,"BGSF, Inc.",NYSE,NYSE,US,Industrials,Staffing & Employment Services,54340260
SKIL,Skillsoft Corp.,NYSE,NYSE,US,Consumer Defensive,Education & Training Services,52011668
CLPR,Clipper Realty Inc.,NYSE,NYSE,US,Real Estate,REIT - Residential,51996087
AVD,American Vanguard Corporation,NYSE,NYSE,US,Basic Materials,Agricultural Inputs,50632443
ACH,"Accendra Health, Inc.",NYSE,NYSE,US,Healthcare,Medical - Distribution,48875717
GROV,"Grove Collaborative Holdings, Inc.",NYSE,NYSE,US,Consumer Defensive,Household & Personal Products,44129479
CATO,The Cato Corporation,NYSE,NYSE,US,Consumer Cyclical,Apparel - Retail,44032399
SQNS,Sequans Communications S.A.,NYSE,NYSE,FR,Technology,Semiconductors,42783978
GPMT,Granite Point Mortgage Trust Inc.,NYSE,NYSE,US,Real Estate,REIT - Mortgage,42519083
STEM,"Stem, Inc.",NYSE,NYSE,US,Utilities,Renewable Utilities,41828971
MSC,Studio City International Holdings Limited,NYSE,NYSE,HK,Consumer Cyclical,"Gambling, Resorts & Casinos",40924987
TGE,Generation Essentials Group,NYSE,NYSE,FR,Communication Services,Entertainment,40222691
STG,Sunlands Technology Group,NYSE,NYSE,CN,Consumer Defensive,Education & Training Services,39248900
GETY,"Getty Images Holdings, Inc.",NYSE,NYSE,US,Communication Services,Internet Content & Information,34731701
XYF,X Financial,NYSE,NYSE,CN,Financial Services,Financial - Credit Services,34385965
SPRU,Spruce Power Holding Corporation,NYSE,NYSE,US,Energy,Solar,32881047
LFT,"Lument Finance Trust, Inc.",NYSE,NYSE,US,Real Estate,REIT - Mortgage,28841703
SST,"System1, Inc.",NYSE,NYSE,US,Technology,Software - Application,27016600
LITB,"LightInTheBox Holding Co., Ltd.",NYSE,NYSE,SG,Consumer Cyclical,Specialty Retail,26594225
PRT,PermRock Royalty Trust,NYSE,NYSE,US,Energy,Oil & Gas Exploration & Production,23723177
LOCL,Local Bounti Corporation,NYSE,NYSE,US,Consumer Defensive,Agricultural Farm Products,23480158
NYC,American Strategic Investment Co.,NYSE,NYSE,US,Real Estate,REIT - Diversified,17840467
PSQH,"PSQ Holdings, Inc.",NYSE,NYSE,US,Technology,Software - Application,16649034
MOGU,MOGU Inc.,NYSE,NYSE,CN,Consumer Cyclical,Specialty Retail,16183809
AHT,"Ashford Hospitality Trust, Inc.",NYSE,NYSE,US,Real Estate,REIT - Hotel & Motel,15996930
EQS,Equus Total Return Inc,NYSE,NYSE,US,Financial Services,Asset Management,14385697
TVC,Tennessee Valley Authority,NYSE,NYSE,US,Utilities,Diversified Utilities,12468173
TVE,Tennessee Valley Authority PARRS A 2029,NYSE,NYSE,US,Utilities,Independent Power Producers,12143250
IH,iHuman Inc.,NYSE,NYSE,CN,Consumer Defensive,Education & Training Services,11981057
CNF,CNFinance Holdings Limited,NYSE,NYSE,CN,Financial Services,Financial - Mortgages,5842688
AMTD,AMTD IDEA Group,NYSE,NYSE,FR,Financial Services,Investment - Banking & Investment Services,5458640
GWH,"ESS Tech, Inc.",NYSE,NYSE,US,Industrials,Electrical Equipment & Parts,5290050
MTR,Mesa Royalty Trust,NYSE,NYSE,US,Energy,Oil & Gas Exploration & Production,4472616
FEDU,Four Seasons Education (Cayman) Inc.,NYSE,NYSE,CN,Consumer Defensive,Education & Training Services,2150620
SOS,SOS Limited,NYSE,NYSE,CN,Financial Services,Financial - Capital Markets,1875121
CMCM,Cheetah Mobile Inc.,NYSE,NYSE,CN,Technology,Software - Application,1672073
CCM,Concord Medical Services Holdings Limited,NYSE,NYSE,CN,Healthcare,Medical - Care Facilities,482710
FENG,Phoenix New Media Limited,NYSE,NYSE,CN,Communication Services,Internet Content & Information,352816
CDR-PB,"Cedar Realty Trust, Inc.",NYSE,NYSE,US,Real Estate,REIT - Retail,47184
ASBH,"American Savings Bank, N.A.",NYSE,NYSE,US,Financial Services,Banks,18
SCE-PN,SCE Trust VIII,NYSE,NYSE,US,Financial Services,Asset Management,0
PYT,PPLUS Trust Series GSC-2,NYSE,NYSE,US,Financial Services,Financial - Credit Services,0
NRUC,National Rural Utilities Cooper,NYSE,NYSE,US,Financial Services,Financial - Credit Services,0
KTN,Structured Products Corp. 8.205% Credit-Enhanced CorTS,NYSE,NYSE,US,Financial Services,Financial - Credit Services,0
KTH,Corts Trust Peco Energy Capital Trust III,NYSE,NYSE,US,Financial Services,Asset Management,0
JBK,"Corporate Backed Trust Certificates, Goldman Sachs Capital I Securities-Backed Series 2004-6 04-6 A1 3.50",NYSE,NYSE,US,Financial Services,Asset Management - Income,0
IPB,Merrill Lynch Depositor Inc. 6.0518% Index Plus Trust Series 2003-1,NYSE,NYSE,US,Financial Services,Financial - Credit Services,0
GJT,"Synthetic Fixed-Income Securities Inc. STRATS Trust for Allstate Corp. Securities, Series 2006-3",NYSE,NYSE,US,Financial Services,Financial - Credit Services,0
GJS,"STRATS Trust for Goldman Sachs Group Securities, Series 2006-1",NYSE,NYSE,US,Financial Services,Financial - Credit Services,0
GJR,Synthetic Fixed-Income Securities Inc. Fltg Rate STRATS Series 2006-1 for Procter & Gamble Secs. Seies 2006-1,NYSE,NYSE,US,Financial Services,Asset Management,0
GJP,"STRATS Trust For Dominion Resources Inc. Securities, Series 2005-6",NYSE,NYSE,US,Financial Services,Financial - Credit Services,0
GJO,Synthetic Fixed-Income Securities Inc. 4.65% Fltg. Rate STRATS for Wal-Mart Stores Inc. Series 2005-4 .,NYSE,NYSE,US,Financial Services,Financial - Credit Services,0
GJH,"STRATS Trust for United States Cellular Corp. Securities, Series 2004-6 STRATS 6.375",NYSE,NYSE,US,Financial Services,Financial - Credit Services,0
CIMO,Chimera Investment Corporation,NYSE,NYSE,US,Real Estate,REIT - Diversified,0
BIPJ,Brookfield Infrastructure Finance ULC,NYSE,NYSE,CA,Financial Services,Financial - Conglomerates,0
