symbol,name,theme,subtheme,method,hits,density,matched_keywords,fmp_industry,sic,evidence,filing,label
AARD,"Aardvark Therapeutics, Inc. Common Stock",biotech,biotech_all,stage_a,0,0.0,{},Biotechnology,2834,,0001193125-26-119770,
ABBV,AbbVie Inc.,biotech,biotech_all,stage_a,0,0.0,{},Drug Manufacturers - General,2834,,0001551152-26-000008,
ABCL,AbCellera Biologics Inc.,biotech,biotech_all,stage_a,0,0.0,{},Biotechnology,2834,,0001703057-26-000012,
ABEO,Abeona Therapeutics Inc.,biotech,biotech_all,stage_a,0,0.0,{},Biotechnology,2834,,0001493152-26-010413,
ABOS,"Acumen Pharmaceuticals, Inc.",biotech,biotech_all,stage_a,0,0.0,{},Biotechnology,2836,,0001628280-26-021413,
ABSI,Absci Corporation,biotech,biotech_all,stage_a,0,0.0,{},Biotechnology,8731,,0001672688-26-000068,
ABT,Abbott Laboratories,biotech,biotech_all,stage_a,0,0.0,{},Medical - Devices,2834,,0001628280-26-010185,
ABUS,Arbutus Biopharma Corp,biotech,biotech_all,stage_a,0,0.0,{},Biotechnology,2834,,0001447028-26-000017,
ABVC,"ABVC BioPharma, Inc.",biotech,biotech_all,stage_a,0,0.0,{},Biotechnology,2834,,0001213900-26-023063,
ACAD,Acadia Pharmaceuticals Inc.,biotech,biotech_all,stage_a,0,0.0,{},Biotechnology,2834,,0001193125-26-072519,
ACET,"Adicet Bio, Inc.",biotech,biotech_all,stage_a,0,0.0,{},Biotechnology,2834,,0001720580-26-000008,
ACHV,"Achieve Life Sciences, Inc.",biotech,biotech_all,stage_a,0,0.0,{},Biotechnology,2835,,0001193125-26-120690,
ACOG,Alpha Cognition Inc,biotech,biotech_all,stage_a,0,0.0,{},Biotechnology,2836,,0001213900-26-037614,
ACRS,"Aclaris Therapeutics, Inc.",biotech,biotech_all,stage_a,0,0.0,{},Biotechnology,2834,,0001104659-26-020540,
ACRV,"Acrivon Therapeutics, Inc. Common Stock",biotech,biotech_all,stage_a,0,0.0,{},Biotechnology,2834,,0001193125-26-115123,
ACTU,Actuate Therapeutics Inc,biotech,biotech_all,stage_a,0,0.0,{},Biotechnology,2834,,0001683168-26-002257,
ACXP,"Acurx Pharmaceuticals, Inc.",biotech,biotech_all,stage_a,0,0.0,{},Biotechnology,2834,,0001104659-26-027052,
ADCT,ADC Therapeutics S.A.,biotech,biotech_all,stage_a,0,0.0,{},Biotechnology,2834,,0001628280-26-016491,
ADIL,"Adial Pharmaceuticals, Inc.",biotech,biotech_all,stage_a,0,0.0,{},Biotechnology,2834,,0001213900-26-024175,
ADMA,"ADMA Biologics, Inc.",biotech,biotech_all,stage_a,0,0.0,{},Biotechnology,2836,,0001140361-26-006815,
ADPT,Adaptive Biotechnologies Corporation,biotech,biotech_all,stage_a,0,0.0,{},Biotechnology,2836,,0001193125-26-076902,
AGEN,Agenus Inc.,biotech,biotech_all,stage_a,0,0.0,{},Biotechnology,2836,,0001193125-26-108632,
AGIO,"Agios Pharmaceuticals, Inc.",biotech,biotech_all,stage_a,0,0.0,{},Biotechnology,2834,,0001439222-26-000025,
AIMD,"Ainos, Inc.",biotech,biotech_all,stage_a,0,0.0,{},Biotechnology,3577,,0001493152-26-013579,
AKBA,"Akebia Therapeutics, Inc.",biotech,biotech_all,stage_a,0,0.0,{},Biotechnology,2834,,0001517022-26-000020,
AKTS,"Aktis Oncology, Inc.",biotech,biotech_all,stage_a,0,0.0,{},Biotechnology,2834,,0001193125-26-131748,
AKTX,"Akari Therapeutics, Plc",biotech,biotech_all,stage_a,0,0.0,{},Biotechnology,2834,,0001493152-26-013664,
ALDX,Aldeyra The,biotech,biotech_all,stage_a,0,0.0,{},Biotechnology,2834,,0001193125-26-083012,
ALEC,"Alector, Inc.",biotech,biotech_all,stage_a,0,0.0,{},Biotechnology,2836,,0001193125-26-071593,
ALGS,"Aligos Therapeutics, Inc.",biotech,biotech_all,stage_a,0,0.0,{},Biotechnology,2836,,0001193125-26-092614,
ALKS,Alkermes plc,biotech,biotech_all,stage_a,0,0.0,{},Drug Manufacturers - Specialty & Generic,2834,,0001193125-26-068925,
ALLO,"Allogene Therapeutics, Inc.",biotech,biotech_all,stage_a,0,0.0,{},Biotechnology,2836,,0001628280-26-017242,
ALLR,"Allarity Therapeutics, Inc.",biotech,biotech_all,stage_a,0,0.0,{},Biotechnology,2834,,0001437749-26-010310,
ALMS,Alumis Inc.,biotech,biotech_all,stage_a,0,0.0,{},Biotechnology,2834,,0001847367-26-000006,
ALNY,"Alnylam Pharmaceuticals, Inc.",biotech,biotech_all,stage_a,0,0.0,{},Biotechnology,2834,,0001628280-26-007497,
ALT,"Altimmune, Inc.",biotech,biotech_all,stage_a,0,0.0,{},Biotechnology,2834,,0001326190-26-000018,
ALXO,ALX Oncology Holdings Inc.,biotech,biotech_all,stage_a,0,0.0,{},Biotechnology,2834,,0001193125-26-098454,
ALZN,Alzamend Neuro Inc,biotech,biotech_all,stage_a,0,0.0,{},Biotechnology,2834,,0001214659-26-008832,
AMGN,Amgen Inc.,biotech,biotech_all,stage_a,0,0.0,{},Drug Manufacturers - General,2836,,0000318154-26-000010,
AMLX,"Amylyx Pharmaceuticals, Inc.",biotech,biotech_all,stage_a,0,0.0,{},Biotechnology,2834,,0001193125-26-086645,
AMPH,"Amphastar Pharmaceuticals, Inc.",biotech,biotech_all,stage_a,0,0.0,{},Drug Manufacturers - Specialty & Generic,2834,,0001297184-26-000009,
AMRN,Amarin Corporation plc,biotech,biotech_all,stage_a,0,0.0,{},Drug Manufacturers - General,2834,,0001193125-26-085818,
AMRX,"Amneal Pharmaceuticals, Inc.",biotech,biotech_all,stage_a,0,0.0,{},Drug Manufacturers - Specialty & Generic,2834,,0001723128-26-000011,
ANAB,"AnaptysBio, Inc.",biotech,biotech_all,stage_a,0,0.0,{},Biotechnology,2834,,0001193125-26-396696,
ANIP,"ANI Pharmaceuticals, Inc.",biotech,biotech_all,stage_a,0,0.0,{},Drug Manufacturers - Specialty & Generic,2834,,0001023024-26-000014,
ANIX,"Anixa Biosciences, Inc.",biotech,biotech_all,stage_a,0,0.0,{},Biotechnology,2834,,0001493152-26-001845,
ANNX,"Annexon, Inc.",biotech,biotech_all,stage_a,0,0.0,{},Biotechnology,2834,,0001193125-26-131782,
ANRO,"Alto Neuroscience, Inc.",biotech,biotech_all,stage_a,0,0.0,{},Biotechnology,2834,,0001999480-26-000002,
ANTX,"AN2 Therapeutics, Inc.",biotech,biotech_all,stage_a,0,0.0,{},Biotechnology,2834,,0001193125-26-110693,
ANVS,"Annovis Bio, Inc.",biotech,biotech_all,stage_a,0,0.0,{},Biotechnology,2834,,0001104659-26-027751,
APRE,"Aprea Therapeutics, Inc.",biotech,biotech_all,stage_a,0,0.0,{},Biotechnology,2834,,0001104659-26-028068,
APVO,Aptevo Therapeutics Inc.,biotech,biotech_all,stage_a,0,0.0,{},Biotechnology,2834,,0001193125-26-126278,
AQST,"Aquestive Therapeutics, Inc.",biotech,biotech_all,stage_a,0,0.0,{},Drug Manufacturers - Specialty & Generic,2834,,0001398733-26-000018,
ARCT,Arcturus Therapeutics Holdings Inc.,biotech,biotech_all,stage_a,0,0.0,{},Biotechnology,2834,,0001193125-26-088391,
ARDX,"Ardelyx, Inc.",biotech,biotech_all,stage_a,0,0.0,{},Biotechnology,2834,,0001437402-26-000013,
ARQT,"Arcutis Biotherapeutics, Inc.",biotech,biotech_all,stage_a,0,0.0,{},Biotechnology,2834,,0001787306-26-000018,
ARTL,"Artelo Biosciences, Inc.",biotech,biotech_all,stage_a,0,0.0,{},Biotechnology,2834,,0001640334-26-000368,
ARTV,"Artiva Biotherapeutics, Inc.",biotech,biotech_all,stage_a,0,0.0,{},Biotechnology,2836,,0001193125-26-100135,
ARVN,"Arvinas, Inc.",biotech,biotech_all,stage_a,0,0.0,{},Biotechnology,2834,,0001628280-26-011226,
ARWR,"Arrowhead Pharmaceuticals, Inc.",biotech,biotech_all,stage_a,0,0.0,{},Biotechnology,2834,,0000879407-25-000029,
ASBP,"Aspire Biopharma Holdings, Inc.",biotech,biotech_all,stage_a,0,0.0,{},Biotechnology,2834,,0001493152-26-013682,
ASMB,"Assembly Biosciences, Inc.",biotech,biotech_all,stage_a,0,0.0,{},Biotechnology,2834,,0001193125-26-115992,
ATOS,"Atossa Therapeutics, Inc.",biotech,biotech_all,stage_a,0,0.0,{},Biotechnology,2834,,0001193125-26-124396,
ATRA,"Atara Biotherapeutics, Inc.",biotech,biotech_all,stage_a,0,0.0,{},Biotechnology,2836,,0001193125-26-108361,
ATYR,"aTyr Pharma, Inc.",biotech,biotech_all,stage_a,0,0.0,{},Biotechnology,2836,,0001339970-26-000008,
AUPH,Aurinia Pharmaceuticals Inc.,biotech,biotech_all,stage_a,0,0.0,{},Biotechnology,2834,,0001600620-26-000017,
AURA,"Aura Biosciences, Inc.",biotech,biotech_all,stage_a,0,0.0,{},Biotechnology,2836,,0001193125-26-130401,
AUTL,Autolus Therapeutics plc,biotech,biotech_all,stage_a,0,0.0,{},Biotechnology,2836,,0001730463-26-000038,
AVBP,"ArriVent BioPharma, Inc.",biotech,biotech_all,stage_a,0,0.0,{},Biotechnology,2834,,0001104659-26-024127,
AVIR,"Atea Pharmaceuticals, Inc.",biotech,biotech_all,stage_a,0,0.0,{},Biotechnology,2834,,0001193125-26-094159,
AVTX,"Avalo Therapeutics, Inc.",biotech,biotech_all,stage_a,0,0.0,{},Biotechnology,2834,,0001534120-26-000011,
AVXL,Anavex Life Sciences Corp.,biotech,biotech_all,stage_a,0,0.0,{},Biotechnology,2836,,0001731122-25-001596,
AXSM,"Axsome Therapeutics, Inc.",biotech,biotech_all,stage_a,0,0.0,{},Biotechnology,2834,,0001193125-26-064267,
AYTU,"Aytu BioPharma, Inc.",biotech,biotech_all,stage_a,0,0.0,{},Drug Manufacturers - Specialty & Generic,2834,,0001437749-26-030908,
BBIO,"BridgeBio Pharma, Inc.",biotech,biotech_all,stage_a,0,0.0,{},Biotechnology,2834,,0001743881-26-000009,
BBLG,Bone Biologics Corporation,biotech,biotech_all,stage_a,0,0.0,{},Biotechnology,3842,,0001493152-26-008564,
BBOT,BridgeBio Oncology Therapeutics Inc.,biotech,biotech_all,stage_a,0,0.0,{},Biotechnology,2834,,0001193125-26-094112,
BCAB,"BioAtla, Inc.",biotech,biotech_all,stage_a,0,0.0,{},Biotechnology,2836,,0001193125-26-134499,
BCAX,Bicara Therapeutics Inc. Common Stock,biotech,biotech_all,stage_a,0,0.0,{},Biotechnology,2834,,0001628280-26-022010,
BCDA,"BioCardia, Inc.",biotech,biotech_all,stage_a,0,0.0,{},Biotechnology,2836,,0001437749-26-009587,
BCRX,"BioCryst Pharmaceuticals, Inc.",biotech,biotech_all,stage_a,0,0.0,{},Biotechnology,2836,,0001628280-26-012240,
BCTX,BriaCell Therapeutics Corp.,biotech,biotech_all,stage_a,0,0.0,{},Biotechnology,2834,,0001493152-25-018212,
BCTXL,BriaCell Therapeutics Corp.,biotech,biotech_all,stage_a,0,0.0,{},Biotechnology,2834,,0001493152-25-018212,
BCYC,Bicycle Therapeutics plc,biotech,biotech_all,stage_a,0,0.0,{},Biotechnology,2834,,0001104659-26-028971,
BDTX,"Black Diamond Therapeutics, Inc.",biotech,biotech_all,stage_a,0,0.0,{},Biotechnology,2836,,0001701541-26-000009,
BEAM,Beam Therapeutics Inc.,biotech,biotech_all,stage_a,0,0.0,{},Biotechnology,2836,,0001193125-26-065194,
BFRG,"Bullfrog AI Holdings, Inc. Common Stock",biotech,biotech_all,stage_a,0,0.0,{},Medical - Healthcare Information Services,2834,,0001493152-26-011644,
BFRI,Biofrontera Inc.,biotech,biotech_all,stage_a,0,0.0,{},Medical - Pharmaceuticals,2834,,0001493152-26-011625,
BHC,Bausch Health Companies Inc.,biotech,biotech_all,stage_a,0,0.0,{},Drug Manufacturers - Specialty & Generic,2834,,0000885590-26-000023,
BHVN,Biohaven Ltd.,biotech,biotech_all,stage_a,0,0.0,{},Biotechnology,2834,,0001935979-26-000020,
BIAF,"bioAffinity Technologies, Inc.",biotech,biotech_all,stage_a,0,0.0,{},Medical - Diagnostics & Research,8731,,0001493152-26-010143,
BIIB,Biogen Inc.,biotech,biotech_all,stage_a,0,0.0,{},Drug Manufacturers - General,2836,,0000875045-26-000013,
BIOA,BioAge Labs Inc.,biotech,biotech_all,stage_a,0,0.0,{},Biotechnology,2834,,0001193125-26-120873,
BIVI,BioVie Inc.,biotech,biotech_all,stage_a,0,0.0,{},Biotechnology,2834,,0001520138-26-000332,
BKHA,Black Hawk Acquisition Corporation,biotech,biotech_all,stage_a,0,0.0,{},Shell Companies,2836,,0001829126-26-002021,
BMEA,"Biomea Fusion, Inc.",biotech,biotech_all,stage_a,0,0.0,{},Biotechnology,2834,,0001193125-26-121825,
BMRA,"Biomerica, Inc.",biotech,biotech_all,stage_a,0,0.0,{},Medical - Devices,2835,,0001493152-26-040851,
BMRN,BioMarin Pharmaceutical Inc.,biotech,biotech_all,stage_a,0,0.0,{},Biotechnology,2834,,0001048477-26-000004,
BMY,Bristol-Myers Squibb Company,biotech,biotech_all,stage_a,0,0.0,{},Drug Manufacturers - General,2834,,0000014272-26-000004,
BNTC,Benitec Biopharma Inc.,biotech,biotech_all,stage_a,0,0.0,{},Biotechnology,2834,,0001193125-26-390570,
BOLD,"Boundless Bio, Inc.",biotech,biotech_all,stage_a,0,0.0,{},Biotechnology,2834,,0001193125-26-097543,
BOLT,"Bolt Biotherapeutics, Inc.",biotech,biotech_all,stage_a,0,0.0,{},Biotechnology,2834,,0001193125-26-104121,
BRTX,"BioRestorative Therapies, Inc.",biotech,biotech_all,stage_a,0,0.0,{},Biotechnology,8090,,0001493152-26-012925,
BTAI,"BioXcel Therapeutics, Inc.",biotech,biotech_all,stage_a,0,0.0,{},Biotechnology,2834,,0001104659-26-036214,
BYSI,BeyondSpring Inc.,biotech,biotech_all,stage_a,0,0.0,{},Biotechnology,2834,,0001171843-26-001908,
CABA,"Cabaletta Bio, Inc.",biotech,biotech_all,stage_a,0,0.0,{},Biotechnology,2836,,0001759138-26-000011,
CABR,"Caring Brands, Inc.",biotech,biotech_all,stage_a,0,0.0,{},Drug Manufacturers - Specialty & Generic,2844,,0001493152-26-013844,
CADL,"Candel Therapeutics, Inc.",biotech,biotech_all,stage_a,0,0.0,{},Biotechnology,2836,,0001193125-26-103134,
CAI,"Caris Life Sciences, Inc.",biotech,biotech_all,stage_a,0,0.0,{},Biotechnology,8071,,0002019410-26-000016,
CALC,"CalciMedica, Inc.",biotech,biotech_all,stage_a,0,0.0,{},Biotechnology,2834,,0001193125-26-088147,
CAMP,CAMP4 Therapeutics Corporation,biotech,biotech_all,stage_a,0,0.0,{},Biotechnology,2834,,0001736730-26-000016,
CAPR,"Capricor Therapeutics, Inc.",biotech,biotech_all,stage_a,0,0.0,{},Biotechnology,2834,,0001104659-26-029580,
CBIO,"Crescent Biopharma, Inc.",biotech,biotech_all,stage_a,0,0.0,{},Biotechnology,2834,,0001628280-26-011983,
CBUS,"Cibus, Inc.",biotech,biotech_all,stage_a,0,0.0,{},Biotechnology,2870,,0001628280-26-018815,
CCCC,"C4 Therapeutics, Inc.",biotech,biotech_all,stage_a,0,0.0,{},Biotechnology,2836,,0001628280-26-012000,
CDIO,"Cardio Diagnostics Holdings, Inc.",biotech,biotech_all,stage_a,0,0.0,{},Biotechnology,2835,,0001553350-26-000023,
CDT,CDT Equity Inc.,biotech,biotech_all,stage_a,0,0.0,{},Biotechnology,2834,,0001493152-26-016858,
CDXS,"Codexis, Inc.",biotech,biotech_all,stage_a,0,0.0,{},Biotechnology,2860,,0001200375-26-000006,
CELC,Celcuity Inc.,biotech,biotech_all,stage_a,0,0.0,{},Biotechnology,8071,,0001493152-26-012801,
CELU,Celularity Inc.,biotech,biotech_all,stage_a,0,0.0,{},Biotechnology,2834,,0001493152-26-020424,
CELZ,"Creative Medical Technology Holdings, Inc.",biotech,biotech_all,stage_a,0,0.0,{},Biotechnology,2836,,0001477932-26-001517,
CGC,Canopy Growth Corporation,biotech,biotech_all,stage_a,0,0.0,{},Drug Manufacturers - Specialty & Generic,2833,,0001193125-26-270260,
CGEM,"Cullinan Therapeutics, Inc.",biotech,biotech_all,stage_a,0,0.0,{},Biotechnology,2836,,0001193125-26-099362,
CGON,CG Oncology Inc.,biotech,biotech_all,stage_a,0,0.0,{},Biotechnology,2836,,0001193125-26-079498,
CGTX,"Cognition Therapeutics, Inc.",biotech,biotech_all,stage_a,0,0.0,{},Biotechnology,2836,,0001104659-26-034880,
CHRS,"Coherus Oncology, Inc.",biotech,biotech_all,stage_a,0,0.0,{},Biotechnology,2836,,0001104659-26-025308,
CING,Cingulate Inc.,biotech,biotech_all,stage_a,0,0.0,{},Biotechnology,2834,,0001493152-26-010882,
CLDX,"Celldex Therapeutics, Inc.",biotech,biotech_all,stage_a,0,0.0,{},Biotechnology,2835,,0001104659-26-019652,
CLNN,Clene Inc.,biotech,biotech_all,stage_a,0,0.0,{},Biotechnology,2834,,0001437749-26-008502,
CLRB,"Cellectar Biosciences, Inc.",biotech,biotech_all,stage_a,0,0.0,{},Biotechnology,2834,,0001104659-26-023167,
CLYM,"Climb Bio, Inc.",biotech,biotech_all,stage_a,0,0.0,{},Biotechnology,2834,,0001193125-26-092546,
CMPS,COMPASS Pathways plc,biotech,biotech_all,stage_a,0,0.0,{},Biotechnology,2834,,0001816590-26-000020,
CMPX,"Compass Therapeutics, Inc.",biotech,biotech_all,stage_a,0,0.0,{},Biotechnology,2836,,0001171843-26-001337,
CNSP,"CNS Pharmaceuticals, Inc.",biotech,biotech_all,stage_a,0,0.0,{},Biotechnology,2834,,0001683168-26-002550,
CNTB,Connect Biopharma Holdings Limited,biotech,biotech_all,stage_a,0,0.0,{},Biotechnology,2834,,0001835268-26-000013,
CNTN,Canton Strategic Holdings Inc,biotech,biotech_all,stage_a,0,0.0,{},Biotechnology,6199,,0001493152-26-013861,
CNTX,Context Therapeutics Inc.,biotech,biotech_all,stage_a,0,0.0,{},Biotechnology,2834,,0001628280-26-020498,
COCP,"Cocrystal Pharma, Inc.",biotech,biotech_all,stage_a,0,0.0,{},Biotechnology,2834,,0001493152-26-013838,
CODX,"Co-Diagnostics, Inc.",biotech,biotech_all,stage_a,0,0.0,{},Biotechnology,3841,,0001493152-26-014158,
COGT,"Cogent Biosciences, Inc.",biotech,biotech_all,stage_a,0,0.0,{},Biotechnology,2834,,0001193125-26-053334,
COLL,"Collegium Pharmaceutical, Inc.",biotech,biotech_all,stage_a,0,0.0,{},Drug Manufacturers - Specialty & Generic,2834,,0001628280-26-011992,
CORT,Corcept Therapeutics Incorporated,biotech,biotech_all,stage_a,0,0.0,{},Medical - Pharmaceuticals,2834,,0001628280-26-011091,
COYA,"Coya Therapeutics, Inc.",biotech,biotech_all,stage_a,0,0.0,{},Biotechnology,2834,,0001193125-26-107281,
CPIX,Cumberland Pharmaceuticals Inc.,biotech,biotech_all,stage_a,0,0.0,{},Drug Manufacturers - Specialty & Generic,2834,,0001087294-26-000020,
CRBP,"Corbus Pharmaceuticals Holdings, Inc.",biotech,biotech_all,stage_a,0,0.0,{},Biotechnology,2834,,0001193125-26-098530,
CRBU,"Caribou Biosciences, Inc.",biotech,biotech_all,stage_a,0,0.0,{},Biotechnology,2836,,0001619856-26-000008,
CRDF,"Cardiff Oncology, Inc.",biotech,biotech_all,stage_a,0,0.0,{},Biotechnology,2836,,0001193125-26-067464,
CRIS,"Curis, Inc.",biotech,biotech_all,stage_a,0,0.0,{},Biotechnology,2836,,0001108205-26-000043,
CRL,"Charles River Laboratories International, Inc.",biotech,biotech_all,stage_a,0,0.0,{},Medical - Diagnostics & Research,8731,,0001100682-26-000022,
CRMD,CorMedix Inc.,biotech,biotech_all,stage_a,0,0.0,{},Biotechnology,2834,,0001213900-26-023889,
CRON,Cronos Group Inc.,biotech,biotech_all,stage_a,0,0.0,{},Drug Manufacturers - Specialty & Generic,2833,,0001656472-26-000016,
CRSP,CRISPR Therapeutics AG,biotech,biotech_all,stage_a,0,0.0,{},Biotechnology,2836,,0001193125-26-048957,
CRVO,CervoMed Inc.,biotech,biotech_all,stage_a,0,0.0,{},Biotechnology,2834,,0001437749-26-008259,
CRVS,"Corvus Pharmaceuticals, Inc.",biotech,biotech_all,stage_a,0,0.0,{},Biotechnology,2834,,0001104659-26-027047,
CSBR,"Champions Oncology, Inc.",biotech,biotech_all,stage_a,0,0.0,{},Biotechnology,2836,,0001628280-26-049834,
CTMX,"CytomX Therapeutics, Inc.",biotech,biotech_all,stage_a,0,0.0,{},Biotechnology,2834,,0001193125-26-107146,
CTNM,"Contineum Therapeutics, Inc.",biotech,biotech_all,stage_a,0,0.0,{},Biotechnology,2834,,0001628280-26-015165,
CTOR,"Citius Oncology, Inc.",biotech,biotech_all,stage_a,0,0.0,{},Medical - Pharmaceuticals,2834,,0001213900-25-125331,
CTXR,"Citius Pharmaceuticals, Inc.",biotech,biotech_all,stage_a,0,0.0,{},Biotechnology,2834,,0001213900-25-125333,
CUE,"Cue Biopharma, Inc.",biotech,biotech_all,stage_a,0,0.0,{},Biotechnology,2834,,0001193125-26-108287,
CURX,Curanex Pharmaceuticals Inc Common Stock,biotech,biotech_all,stage_a,0,0.0,{},Biotechnology,2834,,0001493152-26-013677,
CVKD,"Cadrenal Therapeutics, Inc. Common Stock",biotech,biotech_all,stage_a,0,0.0,{},Biotechnology,2834,,0001213900-26-036946,
CYCN,"Cyclerion Therapeutics, Inc.",biotech,biotech_all,stage_a,0,0.0,{},Biotechnology,2834,,0001193125-26-132193,
CYPH,Cypherpunk Technologies Inc.,biotech,biotech_all,stage_a,0,0.0,{},Asset Management,2834,,0001104659-26-028566,
CYRX,"Cryoport, Inc.",biotech,biotech_all,stage_a,0,0.0,{},Integrated Freight & Logistics,2834,,0001104659-26-024180,
CYTK,"Cytokinetics, Incorporated",biotech,biotech_all,stage_a,0,0.0,{},Biotechnology,2834,,0001193125-26-076495,
DARE,"Dare Bioscience, Inc.",biotech,biotech_all,stage_a,0,0.0,{},Biotechnology,2834,,0001401914-26-000004,
DBVT,DBV Technologies S.A.,biotech,biotech_all,stage_a,0,0.0,{},Biotechnology,2836,,0001628280-26-021504,
DCOY,Decoy Therapeutics Inc.,biotech,biotech_all,stage_a,0,0.0,{},Biotechnology,2834,,0001193125-26-134897,
DERM,Journey Medical Corporation,biotech,biotech_all,stage_a,0,0.0,{},Drug Manufacturers - Specialty & Generic,2834,,0001104659-26-034629,
DFTX,"Definium Therapeutics, Inc.",biotech,biotech_all,stage_a,0,0.0,{},Biotechnology,2833,,0001193125-26-076742,
DMAC,DiaMedica Therapeutics Inc.,biotech,biotech_all,stage_a,0,0.0,{},Biotechnology,2834,,0001437749-26-010342,
DMRA,"Damora Therapeutics, Inc.",biotech,biotech_all,stage_a,0,0.0,{},Biotechnology,2834,,0001193125-26-115922,
DNA,"Ginkgo Bioworks Holdings, Inc.",biotech,biotech_all,stage_a,0,0.0,{},Biotechnology,2836,,0001628280-26-012346,
DNLI,Denali Therapeutics Inc.,biotech,biotech_all,stage_a,0,0.0,{},Biotechnology,2836,,0001714899-26-000021,
DNTH,"Dianthus Therapeutics, Inc.",biotech,biotech_all,stage_a,0,0.0,{},Biotechnology,2834,,0001690585-26-000006,
DRMA,"Dermata Therapeutics, Inc.",biotech,biotech_all,stage_a,0,0.0,{},Biotechnology,2834,,0001493152-26-012992,
DSGN,"Design Therapeutics, Inc.",biotech,biotech_all,stage_a,0,0.0,{},Biotechnology,2834,,0001193125-26-098491,
DTIL,"Precision BioSciences, Inc.",biotech,biotech_all,stage_a,0,0.0,{},Biotechnology,2836,,0001628280-26-017019,
DWTX,"Dogwood Therapeutics, Inc.",biotech,biotech_all,stage_a,0,0.0,{},Biotechnology,2834,,0001104659-26-031061,
DYAI,"Dyadic International, Inc.",biotech,biotech_all,stage_a,0,0.0,{},Biotechnology,2836,,0001493152-26-012672,
DYN,"Dyne Therapeutics, Inc.",biotech,biotech_all,stage_a,0,0.0,{},Biotechnology,2834,,0001193125-26-084178,
EBS,Emergent BioSolutions Inc.,biotech,biotech_all,stage_a,0,0.0,{},Drug Manufacturers - Specialty & Generic,2834,,0001367644-26-000015,
EDIT,"Editas Medicine, Inc.",biotech,biotech_all,stage_a,0,0.0,{},Biotechnology,2836,,0001650664-26-000017,
EDSA,"Edesa Biotech, Inc.",biotech,biotech_all,stage_a,0,0.0,{},Biotechnology,2834,,0001171843-25-007914,
EIKN,"Eikon Therapeutics, Inc. Common Stock",biotech,biotech_all,stage_a,0,0.0,{},Biotechnology,2836,,0001193125-26-130395,
ELAB,PMGC Holdings Inc.,biotech,biotech_all,stage_a,0,0.0,{},Biotechnology,2834,,0001213900-26-035937,
ELAN,Elanco Animal Health Incorporated,biotech,biotech_all,stage_a,0,0.0,{},Drug Manufacturers - Specialty & Generic,2834,,0001739104-26-000012,
ELDN,"Eledon Pharmaceuticals, Inc.",biotech,biotech_all,stage_a,0,0.0,{},Biotechnology,2834,,0001193125-26-116164,
ELOX,"Eloxx Pharmaceuticals, Inc.",biotech,biotech_all,stage_a,0,0.0,{},Biotechnology,2836,,0001193125-26-108687,
ELTX,"Elicio Therapeutics, Inc.",biotech,biotech_all,stage_a,0,0.0,{},Biotechnology,2834,,0001601485-26-000027,
ELUT,Elutia Inc,biotech,biotech_all,stage_a,0,0.0,{},Biotechnology,2836,,0001104659-26-027664,
ELVN,"Enliven Therapeutics, Inc.",biotech,biotech_all,stage_a,0,0.0,{},Biotechnology,2834,,0001193125-26-088232,
ENGN,enGene Holdings Inc.,biotech,biotech_all,stage_a,0,0.0,{},Biotechnology,2836,,0001193125-25-328743,
ENSC,"Ensysce Biosciences, Inc.",biotech,biotech_all,stage_a,0,0.0,{},Biotechnology,2834,,0001493152-26-013633,
ENTA,"Enanta Pharmaceuticals, Inc.",biotech,biotech_all,stage_a,0,0.0,{},Biotechnology,2834,,0001193125-25-288121,
ENTX,Entera Bio Ltd.,biotech,biotech_all,stage_a,0,0.0,{},Biotechnology,2836,,0001178913-26-001797,
ENVB,"Enveric Biosciences, Inc.",biotech,biotech_all,stage_a,0,0.0,{},Biotechnology,2834,,0001493152-26-013294,
EOLS,"Evolus, Inc.",biotech,biotech_all,stage_a,0,0.0,{},Drug Manufacturers - Specialty & Generic,2834,,0001628280-26-014001,
EQ,"Equillium, Inc.",biotech,biotech_all,stage_a,0,0.0,{},Biotechnology,2834,,0001193125-26-124143,
ERAS,"Erasca, Inc.",biotech,biotech_all,stage_a,0,0.0,{},Biotechnology,2834,,0001193125-26-104150,
ERNA,Ernexa Therapeutics Inc.,biotech,biotech_all,stage_a,0,0.0,{},Biotechnology,2834,,0001493152-26-010102,
ESLA,"Estrella Immunopharma, Inc.",biotech,biotech_all,stage_a,0,0.0,{},Biotechnology,2836,,0001213900-26-029357,
ETON,"Eton Pharmaceuticals, Inc.",biotech,biotech_all,stage_a,0,0.0,{},Drug Manufacturers - Specialty & Generic,2834,,0001437749-26-009059,
EVMN,"Evommune, Inc.",biotech,biotech_all,stage_a,0,0.0,{},Biotechnology,2834,,0001193125-26-093932,
EWTX,"Edgewise Therapeutics, Inc.",biotech,biotech_all,stage_a,0,0.0,{},Biotechnology,2834,,0001104659-26-020112,
EXEL,"Exelixis, Inc.",biotech,biotech_all,stage_a,0,0.0,{},Biotechnology,2836,,0000939767-26-000021,
EXOZ,"eXoZymes, Inc.",biotech,biotech_all,stage_a,0,0.0,{},Biotechnology,2836,,0001493152-26-013563,
EYPT,"EyePoint Pharmaceuticals, Inc.",biotech,biotech_all,stage_a,0,0.0,{},Biotechnology,3826,,0001193125-26-093917,
FATE,"Fate Therapeutics, Inc.",biotech,biotech_all,stage_a,0,0.0,{},Biotechnology,2836,,0001193125-26-073699,
FBIO,"Fortress Biotech, Inc.",biotech,biotech_all,stage_a,0,0.0,{},Biotechnology,2834,,0001104659-26-037874,
FBLG,"FibroBiologics, Inc. Common Stock",biotech,biotech_all,stage_a,0,0.0,{},Biotechnology,2834,,0001193125-26-066965,
FDMT,"4D Molecular Therapeutics, Inc.",biotech,biotech_all,stage_a,0,0.0,{},Biotechnology,2836,,0001193125-26-114075,
FENC,Fennec Pharmaceuticals Inc.,biotech,biotech_all,stage_a,0,0.0,{},Biotechnology,2836,,0001104659-26-036182,
FHTX,Foghorn Therapeutics Inc.,biotech,biotech_all,stage_a,0,0.0,{},Biotechnology,2834,,0001628280-26-016814,
FLNA,"Filana Therapeutics, Inc.",biotech,biotech_all,stage_a,0,0.0,{},Biotechnology,2834,,0001437749-26-007962,
FTH,"Faeth Therapeutics, Inc.",biotech,biotech_all,stage_a,0,0.0,{},Biotechnology,2834,,0001193125-26-132014,
FTRE,Fortrea Holdings Inc.,biotech,biotech_all,stage_a,0,0.0,{},Biotechnology,8071,,0001628280-26-012244,
FULC,"Fulcrum Therapeutics, Inc.",biotech,biotech_all,stage_a,0,0.0,{},Biotechnology,2834,,0001193125-26-065197,
GALT,Galectin Therapeutics Inc.,biotech,biotech_all,stage_a,0,0.0,{},Biotechnology,2834,,0001140361-26-012155,
GANX,"Gain Therapeutics, Inc.",biotech,biotech_all,stage_a,0,0.0,{},Biotechnology,2834,,0001104659-26-035188,
GERN,Geron Corporation,biotech,biotech_all,stage_a,0,0.0,{},Biotechnology,2834,,0000886744-26-000008,
GILD,"Gilead Sciences, Inc.",biotech,biotech_all,stage_a,0,0.0,{},Drug Manufacturers - General,2836,,0000882095-26-000006,
GLSI,"Greenwich LifeSciences, Inc.",biotech,biotech_all,stage_a,0,0.0,{},Biotechnology,2834,,0001493152-26-026651,
GLUE,"Monte Rosa Therapeutics, Inc.",biotech,biotech_all,stage_a,0,0.0,{},Biotechnology,2836,,0001193125-26-109360,
GNLX,Genelux Corporation,biotech,biotech_all,stage_a,0,0.0,{},Biotechnology,2834,,0001493152-26-011616,
GNPX,"Genprex, Inc.",biotech,biotech_all,stage_a,0,0.0,{},Biotechnology,2834,,0001437749-26-010346,
GOSS,"Gossamer Bio, Inc.",biotech,biotech_all,stage_a,0,0.0,{},Biotechnology,2834,,0001728117-26-000017,
GOVX,"GeoVax Labs, Inc.",biotech,biotech_all,stage_a,0,0.0,{},Biotechnology,2834,,0001437749-26-012377,
GPCR,Structure Therapeutics Inc.,biotech,biotech_all,stage_a,0,0.0,{},Biotechnology,2834,,0001104659-26-020562,
GRCE,"Grace Therapeutics, Inc.",biotech,biotech_all,stage_a,0,0.0,{},Biotechnology,2834,,0001140361-26-025662,
GRDX,GridAI Technologies Corp.,biotech,biotech_all,stage_a,0,0.0,{},Biotechnology,4931,,0001104659-26-054106,
GRI,"GRI Bio, Inc.",biotech,biotech_all,stage_a,0,0.0,{},Biotechnology,2834,,0001824293-26-000033,
GRML,Greenland Mines Ltd.,biotech,biotech_all,stage_a,0,0.0,{},Other Precious Metals,2836,,0001213900-26-038629,
GTBP,"GT Biopharma, Inc.",biotech,biotech_all,stage_a,0,0.0,{},Biotechnology,2834,,0001493152-26-008443,
GUTS,"Fractyl Health, Inc.",biotech,biotech_all,stage_a,0,0.0,{},Biotechnology,3841,,0001193125-26-121793,
GYRE,"Gyre Therapeutics, Inc.",biotech,biotech_all,stage_a,0,0.0,{},Biotechnology,2834,,0001193125-26-106251,
HALO,"Halozyme Therapeutics, Inc.",biotech,biotech_all,stage_a,0,0.0,{},Biotechnology,2836,,0001159036-26-000024,
HCWB,HCW Biologics Inc.,biotech,biotech_all,stage_a,0,0.0,{},Biotechnology,2834,,0001193125-26-134934,
HIND,"Vyome Holdings, Inc.",biotech,biotech_all,stage_a,0,0.0,{},Biotechnology,2834,,0001213900-26-029500,
HOWL,"Werewolf Therapeutics, Inc.",biotech,biotech_all,stage_a,0,0.0,{},Biotechnology,2834,,0001785530-26-000006,
HRMY,"Harmony Biosciences Holdings, Inc.",biotech,biotech_all,stage_a,0,0.0,{},Biotechnology,2834,,0001104659-26-018859,
HROW,"Harrow Health, Inc.",biotech,biotech_all,stage_a,0,0.0,{},Drug Manufacturers - Specialty & Generic,2834,,0001493152-26-008562,
HRTX,"Heron Therapeutics, Inc.",biotech,biotech_all,stage_a,0,0.0,{},Biotechnology,2834,,0001193125-26-073515,
HUMA,"Humacyte, Inc.",biotech,biotech_all,stage_a,0,0.0,{},Biotechnology,2836,,0001818382-26-000004,
HURA,"TuHURA Biosciences, Inc.",biotech,biotech_all,stage_a,0,0.0,{},Biotechnology,2834,,0001193125-26-134950,
HYPD,"Hyperion DeFi, Inc.",biotech,biotech_all,stage_a,0,0.0,{},Asset Management - Cryptocurrency,2834,,0001104659-26-036286,
IBAC,IB Acquisition Corp. Common Stock,biotech,biotech_all,stage_a,0,0.0,{},Shell Companies,8731,,0001493152-25-029365,
IBIO,"iBio, Inc.",biotech,biotech_all,stage_a,0,0.0,{},Biotechnology,2834,,0001420720-26-000020,
IBRX,"ImmunityBio, Inc.",biotech,biotech_all,stage_a,0,0.0,{},Biotechnology,2836,,0001326110-26-000030,
ICCC,ImmuCell Corporation,biotech,biotech_all,stage_a,0,0.0,{},Biotechnology,2835,,0001437749-26-010339,
ICU,SeaStar Medical Holding Corporation,biotech,biotech_all,stage_a,0,0.0,{},Biotechnology,3841,,0001437749-26-009797,
IDXX,"IDEXX Laboratories, Inc.",biotech,biotech_all,stage_a,0,0.0,{},Medical - Diagnostics & Research,2835,,0000874716-26-000038,
IDYA,"IDEAYA Biosciences, Inc.",biotech,biotech_all,stage_a,0,0.0,{},Biotechnology,2834,,0001193125-26-054533,
IKT,"Inhibikase Therapeutics, Inc.",biotech,biotech_all,stage_a,0,0.0,{},Biotechnology,2836,,0001193125-26-126371,
IMA,ImageneBio Inc,biotech,biotech_all,stage_a,0,0.0,{},Biotechnology,2836,,0001193125-26-099434,
IMCR,Immunocore Holdings plc,biotech,biotech_all,stage_a,0,0.0,{},Biotechnology,2836,,0001671927-26-000005,
IMDX,Insight Molecular Diagnostics Inc.,biotech,biotech_all,stage_a,0,0.0,{},Medical - Diagnostics & Research,2835,,0001642380-26-000004,
IMMX,"Immix Biopharma, Inc.",biotech,biotech_all,stage_a,0,0.0,{},Biotechnology,2834,,0001493152-26-012714,
IMNM,"Immunome, Inc.",biotech,biotech_all,stage_a,0,0.0,{},Biotechnology,2834,,0001193125-26-088172,
IMNN,"Imunon, Inc.",biotech,biotech_all,stage_a,0,0.0,{},Biotechnology,2834,,0001493152-26-013850,
IMRX,Immuneering Corporation,biotech,biotech_all,stage_a,0,0.0,{},Biotechnology,2834,,0001790340-26-000042,
IMUX,"Immunic, Inc.",biotech,biotech_all,stage_a,0,0.0,{},Biotechnology,2834,,0001280776-26-000005,
IMVT,"Immunovant, Inc.",biotech,biotech_all,stage_a,0,0.0,{},Biotechnology,2836,,0001764013-26-000064,
INAB,"IN8bio, Inc.",biotech,biotech_all,stage_a,0,0.0,{},Biotechnology,2836,,0001193125-26-104181,
INBX,Inhibrx Biosciences Inc.,biotech,biotech_all,stage_a,0,0.0,{},Biotechnology,2836,,0002007919-26-000006,
INCY,Incyte Corporation,biotech,biotech_all,stage_a,0,0.0,{},Biotechnology,8731,,0000879169-26-000010,
INDP,"Indaptus Therapeutics, Inc.",biotech,biotech_all,stage_a,0,0.0,{},Biotechnology,2834,,0001493152-26-010585,
INDV,Indivior Pharmaceuticals Inc,biotech,biotech_all,stage_a,0,0.0,{},Drug Manufacturers - Specialty & Generic,2834,,0001628280-26-012237,
INKT,"MiNK Therapeutics, Inc.",biotech,biotech_all,stage_a,0,0.0,{},Biotechnology,2836,,0001193125-26-134813,
INM,InMed Pharmaceuticals Inc.,biotech,biotech_all,stage_a,0,0.0,{},Drug Manufacturers - Specialty & Generic,2834,,0001213900-26-098419,
INMB,"INmune Bio, Inc.",biotech,biotech_all,stage_a,0,0.0,{},Biotechnology,2836,,0001213900-26-036370,
INO,"Inovio Pharmaceuticals, Inc.",biotech,biotech_all,stage_a,0,0.0,{},Biotechnology,2834,,0001055726-26-000008,
INSM,Insmed Incorporated,biotech,biotech_all,stage_a,0,0.0,{},Biotechnology,2834,,0001104506-26-000009,
INTS,"Intensity Therapeutics, Inc.",biotech,biotech_all,stage_a,0,0.0,{},Biotechnology,2836,,0001567264-26-000024,
INVA,"Innoviva, Inc.",biotech,biotech_all,stage_a,0,0.0,{},Biotechnology,2834,,0001193125-26-071776,
IONS,"Ionis Pharmaceuticals, Inc.",biotech,biotech_all,stage_a,0,0.0,{},Biotechnology,2834,,0000874015-26-000115,
IOVA,"Iovance Biotherapeutics, Inc.",biotech,biotech_all,stage_a,0,0.0,{},Biotechnology,2836,,0001104659-26-018899,
IPSC,"Century Therapeutics, Inc.",biotech,biotech_all,stage_a,0,0.0,{},Biotechnology,2836,,0001104659-26-026759,
IQV,IQVIA Holdings Inc.,biotech,biotech_all,stage_a,0,0.0,{},Medical - Diagnostics & Research,8731,,0001628280-26-008322,
IRD,"Opus Genetics, Inc.",biotech,biotech_all,stage_a,0,0.0,{},Biotechnology,2834,,0001140361-26-009247,
IRON,"Disc Medicine, Inc.",biotech,biotech_all,stage_a,0,0.0,{},Biotechnology,2834,,0001193125-26-073602,
IRWD,"Ironwood Pharmaceuticals, Inc.",biotech,biotech_all,stage_a,0,0.0,{},Drug Manufacturers - Specialty & Generic,2834,,0001104659-26-020489,
ISPC,iSpecimen Inc.,biotech,biotech_all,stage_a,0,0.0,{},Medical - Diagnostics & Research,8731,,0001213900-26-038607,
IVVD,"Invivyd, Inc.",biotech,biotech_all,stage_a,0,0.0,{},Biotechnology,2836,,0001193125-26-092547,
IXHL,Incannex Healthcare Limited,biotech,biotech_all,stage_a,0,0.0,{},Biotechnology,2834,,0001628280-26-063506,
JAGX,"Jaguar Health, Inc.",biotech,biotech_all,stage_a,0,0.0,{},Biotechnology,2834,,0001193125-26-144470,
JANX,"Janux Therapeutics, Inc.",biotech,biotech_all,stage_a,0,0.0,{},Biotechnology,2834,,0001193125-26-076918,
JAZZ,Jazz Pharmaceuticals plc,biotech,biotech_all,stage_a,0,0.0,{},Biotechnology,2834,,0001232524-26-000013,
JBIO,"Jade Biosciences, Inc.",biotech,biotech_all,stage_a,0,0.0,{},Biotechnology,2834,,0001193125-26-096550,
JNJ,Johnson & Johnson,biotech,biotech_all,stage_a,0,0.0,{},Drug Manufacturers - General,2834,,0000200406-26-000016,
JSPR,"Jasper Therapeutics, Inc.",biotech,biotech_all,stage_a,0,0.0,{},Biotechnology,2836,,0001213900-26-036426,
JUNS,"Jupiter Neurosciences, Inc.",biotech,biotech_all,stage_a,0,0.0,{},Biotechnology,2834,,0001493152-26-014687,
KALA,"KALA BIO, Inc.",biotech,biotech_all,stage_a,0,0.0,{},Biotechnology,2834,,0001104659-26-043782,
KLRS,Kalaris Therapeutics Inc,biotech,biotech_all,stage_a,0,0.0,{},Biotechnology,2836,,0001193125-26-110659,
KNSA,"Kiniksa Pharmaceuticals International, plc",biotech,biotech_all,stage_a,0,0.0,{},Medical - Pharmaceuticals,2834,,0001104659-26-019168,
KOD,Kodiak Sciences Inc.,biotech,biotech_all,stage_a,0,0.0,{},Biotechnology,2836,,0001193125-26-134887,
KPRX,"Kiora Pharmaceuticals, Inc.",biotech,biotech_all,stage_a,0,0.0,{},Biotechnology,2834,,0001372514-26-000024,
KPTI,Karyopharm Therapeutics Inc.,biotech,biotech_all,stage_a,0,0.0,{},Biotechnology,2834,,0001193125-26-049397,
KROS,"Keros Therapeutics, Inc.",biotech,biotech_all,stage_a,0,0.0,{},Biotechnology,2834,,0001664710-26-000018,
KRRO,"Korro Bio, Inc.",biotech,biotech_all,stage_a,0,0.0,{},Biotechnology,2834,,0001193125-26-104156,
KRSA,"Korsana Biosciences, Inc.",biotech,biotech_all,stage_a,0,0.0,{},Biotechnology,2834,,0001193125-26-132193,
KRYS,"Krystal Biotech, Inc.",biotech,biotech_all,stage_a,0,0.0,{},Biotechnology,2836,,0001711279-26-000016,
KTTA,Pasithea Therapeutics Corp.,biotech,biotech_all,stage_a,0,0.0,{},Biotechnology,2834,,0001213900-26-036434,
KURA,"Kura Oncology, Inc.",biotech,biotech_all,stage_a,0,0.0,{},Biotechnology,2834,,0001193125-26-092567,
KYMR,"Kymera Therapeutics, Inc.",biotech,biotech_all,stage_a,0,0.0,{},Biotechnology,2836,,0001193125-26-073395,
KYNB,"Kyntra Bio, Inc.",biotech,biotech_all,stage_a,0,0.0,{},Biotechnology,2834,,0001193125-26-108346,
KYTX,"Kyverna Therapeutics, Inc.",biotech,biotech_all,stage_a,0,0.0,{},Biotechnology,2836,,0001193125-26-126242,
LAB,Standard BioTools Inc.,biotech,biotech_all,stage_a,0,0.0,{},Medical - Specialties,2834,,0001193125-26-108326,
LBRX,LB Pharmaceuticals Inc Common Stock,biotech,biotech_all,stage_a,0,0.0,{},Biotechnology,2834,,0001193125-26-126368,
LENZ,"LENZ Therapeutics, Inc.",biotech,biotech_all,stage_a,0,0.0,{},Biotechnology,2836,,0001815776-26-000011,
LEXX,Lexaria Bioscience Corp.,biotech,biotech_all,stage_a,0,0.0,{},Biotechnology,2834,,0001640334-25-002225,
LFCR,"Lifecore Biomedical, Inc.",biotech,biotech_all,stage_a,0,0.0,{},Drug Manufacturers - Specialty & Generic,2834,,0001005286-26-000009,
LFVN,LifeVantage Corporation,biotech,biotech_all,stage_a,0,0.0,{},Packaged Foods,2834,,0001193125-26-371257,
LGND,Ligand Pharmaceuticals Incorporated,biotech,biotech_all,stage_a,0,0.0,{},Biotechnology,2834,,0000886163-26-000006,
LGVN,Longeveron Inc.,biotech,biotech_all,stage_a,0,0.0,{},Biotechnology,2834,,0001193125-26-110664,
LIMN,"Liminatus Pharma, Inc. Class A Common Stock",biotech,biotech_all,stage_a,0,0.0,{},Biotechnology,2836,,0001104659-26-037933,
LITS,"Lite Strategy, Inc.",biotech,biotech_all,stage_a,0,0.0,{},Biotechnology,2834,,0001193125-26-405328,
LLY,Eli Lilly and Company,biotech,biotech_all,stage_a,0,0.0,{},Drug Manufacturers - General,2834,,0000059478-26-000013,
LNAI,Lunai Bioworks Inc.,biotech,biotech_all,stage_a,0,0.0,{},Biotechnology,2834,,0001731122-25-001316,
LNTH,"Lantheus Holdings, Inc.",biotech,biotech_all,stage_a,0,0.0,{},Drug Manufacturers - Specialty & Generic,2835,,0001193125-26-073498,
LONA,"LeonaBio, Inc.",biotech,biotech_all,stage_a,0,0.0,{},Biotechnology,2836,,0001193125-26-134565,
LPCN,Lipocine Inc.,biotech,biotech_all,stage_a,0,0.0,{},Biotechnology,2834,,0001493152-26-009411,
LQDA,Liquidia Corporation,biotech,biotech_all,stage_a,0,0.0,{},Medical - Pharmaceuticals,2834,,0001104659-26-023804,
LRMR,"Larimar Therapeutics, Inc.",biotech,biotech_all,stage_a,0,0.0,{},Biotechnology,2834,,0001193125-26-115878,
LSTA,"Lisata Therapeutics, Inc.",biotech,biotech_all,stage_a,0,0.0,{},Biotechnology,2834,,0000320017-26-000023,
LTRN,Lantern Pharma Inc.,biotech,biotech_all,stage_a,0,0.0,{},Biotechnology,2834,,0001493152-26-013612,
LXEO,"Lexeo Therapeutics, Inc. Common Stock",biotech,biotech_all,stage_a,0,0.0,{},Biotechnology,2836,,0001193125-26-132085,
LXRX,"Lexicon Pharmaceuticals, Inc.",biotech,biotech_all,stage_a,0,0.0,{},Biotechnology,2834,,0001062822-26-000050,
LYEL,"Lyell Immunopharma, Inc.",biotech,biotech_all,stage_a,0,0.0,{},Biotechnology,2834,,0001628280-26-017253,
MANE,"Veradermics, Incorporated",biotech,biotech_all,stage_a,0,0.0,{},Biotechnology,2834,,0001827635-26-000013,
MAZE,"Maze Therapeutics, Inc.",biotech,biotech_all,stage_a,0,0.0,{},Biotechnology,2836,,0001193125-26-122778,
MBIO,"Mustang Bio, Inc.",biotech,biotech_all,stage_a,0,0.0,{},Biotechnology,2834,,0001104659-26-032063,
MBRX,"Moleculin Biotech, Inc.",biotech,biotech_all,stage_a,0,0.0,{},Biotechnology,2834,,0001437749-26-008841,
MBX,"MBX Biosciences, Inc. Common Stock",biotech,biotech_all,stage_a,0,0.0,{},Biotechnology,2834,,0001193125-26-103121,
MCRB,"Seres Therapeutics, Inc.",biotech,biotech_all,stage_a,0,0.0,{},Biotechnology,2834,,0001193125-26-103276,
MDCX,Medicus Pharma Ltd. Common Stock,biotech,biotech_all,stage_a,0,0.0,{},Biotechnology,2834,,0001062993-26-001606,
MDGL,"Madrigal Pharmaceuticals, Inc.",biotech,biotech_all,stage_a,0,0.0,{},Biotechnology,2834,,0001628280-26-009514,
MDXG,"MiMedx Group, Inc.",biotech,biotech_all,stage_a,0,0.0,{},Biotechnology,3841,,0001376339-26-000011,
MEDP,"Medpace Holdings, Inc.",biotech,biotech_all,stage_a,0,0.0,{},Medical - Diagnostics & Research,8731,,0001668397-26-000006,
MGNX,"MacroGenics, Inc.",biotech,biotech_all,stage_a,0,0.0,{},Biotechnology,2834,,0001125345-26-000017,
MGTX,MeiraGTx Holdings plc,biotech,biotech_all,stage_a,0,0.0,{},Biotechnology,2836,,0001104659-26-036494,
MGX,"Metagenomi, Inc. Common Stock",biotech,biotech_all,stage_a,0,0.0,{},Biotechnology,2836,,0001193125-26-093976,
MIRA,"MIRA Pharmaceuticals, Inc.",biotech,biotech_all,stage_a,0,0.0,{},Drug Manufacturers - General,2834,,0001493152-26-014001,
MIRM,"Mirum Pharmaceuticals, Inc.",biotech,biotech_all,stage_a,0,0.0,{},Biotechnology,2834,,0001759425-26-000013,
MIST,Milestone Pharmaceuticals Inc.,biotech,biotech_all,stage_a,0,0.0,{},Biotechnology,2834,,0001104659-26-032415,
MLTX,MoonLake Immunotherapeutics,biotech,biotech_all,stage_a,0,0.0,{},Biotechnology,2834,,0001821586-26-000002,
MLYS,"Mineralys Therapeutics, Inc.",biotech,biotech_all,stage_a,0,0.0,{},Biotechnology,2834,,0001933414-26-000056,
MNKD,MannKind Corporation,biotech,biotech_all,stage_a,0,0.0,{},Biotechnology,2834,,0001193125-26-073516,
MNOV,"MediciNova, Inc.",biotech,biotech_all,stage_a,0,0.0,{},Biotechnology,2834,,0001193125-26-100432,
MNPR,Monopar Therapeutics Inc.,biotech,biotech_all,stage_a,0,0.0,{},Biotechnology,2834,,0001437749-26-010025,
MPLT,"MapLight Therapeutics, Inc.",biotech,biotech_all,stage_a,0,0.0,{},Biotechnology,2834,,0001193125-26-125072,
MREO,Mereo BioPharma Group plc,biotech,biotech_all,stage_a,0,0.0,{},Biotechnology,2834,,0001193125-26-115226,
MRK,"Merck & Co., Inc.",biotech,biotech_all,stage_a,0,0.0,{},Drug Manufacturers - General,2834,,0000310158-26-000063,
MRKR,"Marker Therapeutics, Inc.",biotech,biotech_all,stage_a,0,0.0,{},Biotechnology,2834,,0001104659-26-031274,
MRNA,"Moderna, Inc.",biotech,biotech_all,stage_a,0,0.0,{},Biotechnology,2836,,0001682852-26-000033,
MRVI,"Maravai LifeSciences Holdings, Inc.",biotech,biotech_all,stage_a,0,0.0,{},Biotechnology,2834,,0001823239-26-000011,
MTVA,MetaVia Inc.,biotech,biotech_all,stage_a,0,0.0,{},Biotechnology,2834,,0001104659-26-034911,
MXCT,"MaxCyte, Inc.",biotech,biotech_all,stage_a,0,0.0,{},Biotechnology,8731,,0001104659-26-034557,
MYGN,"Myriad Genetics, Inc.",biotech,biotech_all,stage_a,0,0.0,{},Medical - Diagnostics & Research,2835,,0000899923-26-000018,
NAGE,Niagen Bioscience Inc,biotech,biotech_all,stage_a,0,0.0,{},Biotechnology,2833,,0001386570-26-000013,
NAMS,NewAmsterdam Pharma Company N.V.,biotech,biotech_all,stage_a,0,0.0,{},Biotechnology,2834,,0001193125-26-056029,
NATR,"Nature's Sunshine Products, Inc.",biotech,biotech_all,stage_a,0,0.0,{},Packaged Foods,2834,,0001628280-26-016540,
NAUT,"Nautilus Biotechnolgy, Inc.",biotech,biotech_all,stage_a,0,0.0,{},Biotechnology,3826,,0001808805-26-000011,
NBIX,"Neurocrine Biosciences, Inc.",biotech,biotech_all,stage_a,0,0.0,{},Biotechnology,2836,,0000914475-26-000007,
NEOG,Neogen Corporation,biotech,biotech_all,stage_a,0,0.0,{},Medical - Devices,2835,,0001193125-26-326092,
NERV,"Minerva Neurosciences, Inc.",biotech,biotech_all,stage_a,0,0.0,{},Biotechnology,2834,,0001193125-26-101117,
NEUP,Neuphoria Therapeutics Inc.,biotech,biotech_all,stage_a,0,0.0,{},Biotechnology,2834,,0001193125-26-395536,
NGNE,Neurogene Inc.,biotech,biotech_all,stage_a,0,0.0,{},Biotechnology,2834,,0001404644-26-000019,
NKTR,Nektar Therapeutics,biotech,biotech_all,stage_a,0,0.0,{},Biotechnology,2834,,0001193125-26-104547,
NKTX,"Nkarta, Inc.",biotech,biotech_all,stage_a,0,0.0,{},Biotechnology,2834,,0001787400-26-000006,
NMAD,"NOMAD Power Solutions, Inc.",biotech,biotech_all,stage_a,0,0.0,{},Biotechnology,2834,,0001493152-26-014052,
NMRA,"Neumora Therapeutics, Inc. Common Stock",biotech,biotech_all,stage_a,0,0.0,{},Biotechnology,2836,,0001193125-26-130388,
NRC,NRC Health,biotech,biotech_all,stage_a,0,0.0,{},Medical - Healthcare Information Services,8731,,0001437749-26-007002,
NRIX,"Nurix Therapeutics, Inc.",biotech,biotech_all,stage_a,0,0.0,{},Biotechnology,2834,,0001549595-26-000016,
NRXP,"NRx Pharmaceuticals, Inc.",biotech,biotech_all,stage_a,0,0.0,{},Biotechnology,2834,,0001437749-26-009418,
NTHI,"Neonc Technologies Holdings, Inc.",biotech,biotech_all,stage_a,0,0.0,{},Biotechnology,2834,,0001829126-26-002860,
NTLA,"Intellia Therapeutics, Inc.",biotech,biotech_all,stage_a,0,0.0,{},Biotechnology,2835,,0001193125-26-076550,
NTRB,Nutriband Inc.,biotech,biotech_all,stage_a,0,0.0,{},Biotechnology,3842,,0001213900-26-049399,
NUVB,Nuvation Bio Inc.,biotech,biotech_all,stage_a,0,0.0,{},Biotechnology,2834,,0001193125-26-085584,
NVAX,"Novavax, Inc.",biotech,biotech_all,stage_a,0,0.0,{},Biotechnology,2836,,0001000694-26-000007,
NVCT,"Nuvectis Pharma, Inc.",biotech,biotech_all,stage_a,0,0.0,{},Biotechnology,2834,,0001104659-26-013044,
NXTC,"NextCure, Inc.",biotech,biotech_all,stage_a,0,0.0,{},Biotechnology,2834,,0001104659-26-024137,
NXTS,Nexentis Technologies Inc.,biotech,biotech_all,stage_a,0,0.0,{},Agricultural Inputs,2834,,0001493152-26-014183,
OABI,"OmniAb, Inc.",biotech,biotech_all,stage_a,0,0.0,{},Biotechnology,8731,,0001846253-26-000009,
OBIO,"Orchestra BioMed Holdings, Inc.",biotech,biotech_all,stage_a,0,0.0,{},Biotechnology,3841,,0001104659-26-026754,
OCGN,"Ocugen, Inc.",biotech,biotech_all,stage_a,0,0.0,{},Biotechnology,2836,,0001628280-26-014435,
OCUL,"Ocular Therapeutix, Inc.",biotech,biotech_all,stage_a,0,0.0,{},Biotechnology,2834,,0001104659-26-010664,
OGN,Organon & Co.,biotech,biotech_all,stage_a,0,0.0,{},Drug Manufacturers - General,2834,,0001628280-26-011125,
OKUR,"OnKure Therapeutics, Inc.",biotech,biotech_all,stage_a,0,0.0,{},Biotechnology,2834,,0001193125-26-104147,
OLMA,"Olema Pharmaceuticals, Inc.",biotech,biotech_all,stage_a,0,0.0,{},Biotechnology,2834,,0001193125-26-107169,
OMER,Omeros Corporation,biotech,biotech_all,stage_a,0,0.0,{},Biotechnology,2834,,0001437749-26-010636,
ONC,BeOne Medicines AG,biotech,biotech_all,stage_a,0,0.0,{},Biotechnology,2834,,0001628280-26-011946,
ONCO,"Onconetix, Inc.",biotech,biotech_all,stage_a,0,0.0,{},Biotechnology,2834,,0001213900-26-027725,
ONCY,Oncolytics Biotech Inc.,biotech,biotech_all,stage_a,0,0.0,{},Biotechnology,2834,,0001129928-26-000020,
ONMD,OneMedNet Corporation,biotech,biotech_all,stage_a,0,0.0,{},Medical - Healthcare Information Services,8731,,0001493152-26-013681,
OPK,"OPKO Health, Inc.",biotech,biotech_all,stage_a,0,0.0,{},Medical - Diagnostics & Research,2834,,0001193125-26-076596,
ORGO,Organogenesis Holdings Inc.,biotech,biotech_all,stage_a,0,0.0,{},Drug Manufacturers - Specialty & Generic,2834,,0001193125-26-076730,
ORIC,"ORIC Pharmaceuticals, Inc.",biotech,biotech_all,stage_a,0,0.0,{},Biotechnology,2834,,0001193125-26-064005,
ORKA,"Oruka Therapeutics, Inc.",biotech,biotech_all,stage_a,0,0.0,{},Biotechnology,2834,,0001213900-26-026929,
ORMP,Oramed Pharmaceuticals Inc.,biotech,biotech_all,stage_a,0,0.0,{},Biotechnology,2834,,0001213900-26-034835,
OTLK,"Outlook Therapeutics, Inc.",biotech,biotech_all,stage_a,0,0.0,{},Biotechnology,2836,,0001104659-25-123264,
OVID,Ovid Therapeutics Inc.,biotech,biotech_all,stage_a,0,0.0,{},Biotechnology,2834,,0001628280-26-019438,
PAHC,Phibro Animal Health Corporation,biotech,biotech_all,stage_a,0,0.0,{},Drug Manufacturers - Specialty & Generic,2834,,0001104659-26-101493,
PALI,"Palisade Bio, Inc.",biotech,biotech_all,stage_a,0,0.0,{},Biotechnology,2836,,0001357459-26-000004,
PASG,"Passage Bio, Inc.",biotech,biotech_all,stage_a,0,0.0,{},Biotechnology,2836,,0001104659-26-022549,
PBH,Prestige Consumer Healthcare Inc.,biotech,biotech_all,stage_a,0,0.0,{},Medical - Pharmaceuticals,2834,,0001295947-26-000016,
PBYI,"Puma Biotechnology, Inc.",biotech,biotech_all,stage_a,0,0.0,{},Biotechnology,2834,,0001437749-26-005891,
PCRX,"Pacira BioSciences, Inc.",biotech,biotech_all,stage_a,0,0.0,{},Drug Manufacturers - Specialty & Generic,2834,,0001628280-26-012297,
PCSA,"Processa Pharmaceuticals, Inc.",biotech,biotech_all,stage_a,0,0.0,{},Biotechnology,2834,,0001493152-26-011204,
PCVX,"Vaxcyte, Inc.",biotech,biotech_all,stage_a,0,0.0,{},Biotechnology,2836,,0001649094-26-000007,
PDSB,PDS Biotechnology Corporation,biotech,biotech_all,stage_a,0,0.0,{},Biotechnology,2834,,0001140361-26-012030,
PEPG,PepGen Inc.,biotech,biotech_all,stage_a,0,0.0,{},Biotechnology,2834,,0001193125-26-091536,
PFE,Pfizer Inc.,biotech,biotech_all,stage_a,0,0.0,{},Drug Manufacturers - General,2834,,0000078003-26-000026,
PGEN,"Precigen, Inc.",biotech,biotech_all,stage_a,0,0.0,{},Biotechnology,2834,,0001356090-26-000009,
PHAT,"Phathom Pharmaceuticals, Inc.",biotech,biotech_all,stage_a,0,0.0,{},Biotechnology,2834,,0001193125-26-073379,
PHIO,Phio Pharmaceuticals Corp.,biotech,biotech_all,stage_a,0,0.0,{},Biotechnology,2834,,0001437749-26-007078,
PLRX,"Pliant Therapeutics, Inc.",biotech,biotech_all,stage_a,0,0.0,{},Biotechnology,2834,,0001746473-26-000037,
PLUR,Pluri Inc.,biotech,biotech_all,stage_a,0,0.0,{},Biotechnology,2836,,0001213900-26-098862,
PLYX,"Polaryx Therapeutics, Inc. Common Stock",biotech,biotech_all,stage_a,0,0.0,{},Biotechnology,2834,,0001213900-26-033064,
PMCB,"PharmaCyte Biotech, Inc.",biotech,biotech_all,stage_a,0,0.0,{},Biotechnology,2836,,0001683168-26-005836,
PMN,"ProMIS Neurosciences, Inc.",biotech,biotech_all,stage_a,0,0.0,{},Biotechnology,2834,,0001104659-26-034554,
PMVP,"PMV Pharmaceuticals, Inc.",biotech,biotech_all,stage_a,0,0.0,{},Biotechnology,2834,,0001193125-26-095014,
PPCB,"Propanc Biopharma, Inc.",biotech,biotech_all,stage_a,0,0.0,{},Biotechnology,2834,,0001493152-26-044373,
PRAX,"Praxis Precision Medicines, Inc.",biotech,biotech_all,stage_a,0,0.0,{},Biotechnology,2834,,0001689548-26-000029,
PRGO,Perrigo Company plc,biotech,biotech_all,stage_a,0,0.0,{},Drug Manufacturers - Specialty & Generic,2834,,0001585364-26-000009,
PRLD,Prelude Therapeutics Incorporated,biotech,biotech_all,stage_a,0,0.0,{},Biotechnology,2834,,0001193125-26-099428,
PRME,"Prime Medicine, Inc.",biotech,biotech_all,stage_a,0,0.0,{},Biotechnology,2836,,0001628280-26-013569,
PROK,ProKidney Corp.,biotech,biotech_all,stage_a,0,0.0,{},Biotechnology,2836,,0001193125-26-113881,
PRTA,Prothena Corporation plc,biotech,biotech_all,stage_a,0,0.0,{},Biotechnology,2834,,0001559053-26-000008,
PTCT,"PTC Therapeutics, Inc.",biotech,biotech_all,stage_a,0,0.0,{},Biotechnology,2834,,0001104659-26-017575,
PTGX,"Protagonist Therapeutics, Inc.",biotech,biotech_all,stage_a,0,0.0,{},Biotechnology,2834,,0001104659-26-019696,
PTN,"Palatin Technologies, Inc.",biotech,biotech_all,stage_a,0,0.0,{},Biotechnology,2834,,0001493152-26-044572,
PULM,"Pulmatrix, Inc.",biotech,biotech_all,stage_a,0,0.0,{},Biotechnology,2834,,0001493152-26-008130,
PVLA,"Palvella Therapeutics, Inc.",biotech,biotech_all,stage_a,0,0.0,{},Biotechnology,2834,,0001193125-26-133372,
PYXS,"Pyxis Oncology, Inc.",biotech,biotech_all,stage_a,0,0.0,{},Biotechnology,2834,,0001193125-26-118532,
QCLS,"Q/C Technologies, Inc.",biotech,biotech_all,stage_a,0,0.0,{},Computer Hardware,2835,,0001493152-26-016872,
QDEL,QuidelOrtho Corporation,biotech,biotech_all,stage_a,0,0.0,{},Medical - Specialties,2835,,0001906324-26-000008,
QNCX,"Quince Therapeutics, Inc.",biotech,biotech_all,stage_a,0,0.0,{},Biotechnology,2836,,0001193125-26-151364,
QNRX,"Quoin Pharmaceuticals, Ltd.",biotech,biotech_all,stage_a,0,0.0,{},Biotechnology,2834,,0001104659-26-035251,
QTTB,Q32 Bio Inc.,biotech,biotech_all,stage_a,0,0.0,{},Biotechnology,2834,,0001193125-26-099339,
QUCY,Quantum Cyber N.V.,biotech,biotech_all,stage_a,0,0.0,{},Medical - Diagnostics & Research,2834,,0001213900-26-037676,
QURE,uniQure N.V.,biotech,biotech_all,stage_a,0,0.0,{},Biotechnology,2834,,0001104659-26-021898,
RANI,"Rani Therapeutics Holdings, Inc.",biotech,biotech_all,stage_a,0,0.0,{},Biotechnology,2834,,0001193125-26-126417,
RAPP,"Rapport Therapeutics, Inc. Common Stock",biotech,biotech_all,stage_a,0,0.0,{},Biotechnology,2834,,0001193125-26-099360,
RARE,Ultragenyx Pharmaceutical Inc.,biotech,biotech_all,stage_a,0,0.0,{},Biotechnology,2834,,0001193125-26-057329,
RCKT,"Rocket Pharmaceuticals, Inc.",biotech,biotech_all,stage_a,0,0.0,{},Biotechnology,2834,,0001193125-26-076551,
RCUS,"Arcus Biosciences, Inc.",biotech,biotech_all,stage_a,0,0.0,{},Biotechnology,2834,,0001724521-26-000009,
REGN,"Regeneron Pharmaceuticals, Inc.",biotech,biotech_all,stage_a,0,0.0,{},Biotechnology,2834,,0000872589-26-000008,
REPL,"Replimune Group, Inc.",biotech,biotech_all,stage_a,0,0.0,{},Biotechnology,2836,,0001628280-26-045886,
REVB,"Revelation Biosciences, Inc.",biotech,biotech_all,stage_a,0,0.0,{},Biotechnology,2834,,0001193125-26-076552,
RFL,"Rafael Holdings, Inc.",biotech,biotech_all,stage_a,0,0.0,{},Real Estate - Services,2834,,0001213900-25-103549,
RGEN,Repligen Corporation,biotech,biotech_all,stage_a,0,0.0,{},Medical - Instruments & Supplies,2836,,0001193125-26-076528,
RGNX,REGENXBIO Inc.,biotech,biotech_all,stage_a,0,0.0,{},Biotechnology,2836,,0001193125-26-094013,
RIGL,"Rigel Pharmaceuticals, Inc.",biotech,biotech_all,stage_a,0,0.0,{},Biotechnology,2834,,0001034842-26-000015,
RKTO,Rocket One Inc.,biotech,biotech_all,stage_a,0,0.0,{},Software - Infrastructure,2834,,0001213900-26-035625,
RLAY,"Relay Therapeutics, Inc.",biotech,biotech_all,stage_a,0,0.0,{},Biotechnology,2836,,0001193125-26-076739,
RLMD,"Relmada Therapeutics, Inc.",biotech,biotech_all,stage_a,0,0.0,{},Biotechnology,2834,,0001213900-26-031862,
RLYB,Rallybio Corporation,biotech,biotech_all,stage_a,0,0.0,{},Biotechnology,2834,,0001628280-26-018261,
RMTI,"Rockwell Medical, Inc.",biotech,biotech_all,stage_a,0,0.0,{},Drug Manufacturers - Specialty & Generic,2834,,0001628280-26-021186,
RNAC,"Cartesian Therapeutics, Inc.",biotech,biotech_all,stage_a,0,0.0,{},Biotechnology,2834,,0001453687-26-000064,
RNAZ,"TransCode Therapeutics, Inc.",biotech,biotech_all,stage_a,0,0.0,{},Biotechnology,2834,,0001104659-26-043810,
RNTX,Rein Therapeutics Inc.,biotech,biotech_all,stage_a,0,0.0,{},Biotechnology,2834,,0001193125-26-126385,
RNXT,"RenovoRx, Inc.",biotech,biotech_all,stage_a,0,0.0,{},Biotechnology,3841,,0001193125-26-131928,
ROIV,Roivant Sciences Ltd.,biotech,biotech_all,stage_a,0,0.0,{},Biotechnology,2834,,0001635088-26-000061,
RPRX,Royalty Pharma plc,biotech,biotech_all,stage_a,0,0.0,{},Medical - Pharmaceuticals,2834,,0001802768-26-000003,
RVMD,"Revolution Medicines, Inc.",biotech,biotech_all,stage_a,0,0.0,{},Biotechnology,2836,,0001193125-26-071563,
RXRX,"Recursion Pharmaceuticals, Inc.",biotech,biotech_all,stage_a,0,0.0,{},Biotechnology,2836,,0001601830-26-000039,
RYTM,"Rhythm Pharmaceuticals, Inc.",biotech,biotech_all,stage_a,0,0.0,{},Biotechnology,2834,,0001628280-26-012399,
RZLT,"Rezolute, Inc.",biotech,biotech_all,stage_a,0,0.0,{},Biotechnology,2834,,0001104659-26-110420,
SABS,"SAB Biotherapeutics, Inc.",biotech,biotech_all,stage_a,0,0.0,{},Biotechnology,2836,,0001833214-26-000003,
SANA,"Sana Biotechnology, Inc.",biotech,biotech_all,stage_a,0,0.0,{},Biotechnology,2836,,0001193125-26-088215,
SBFM,"Sunshine Biopharma, Inc.",biotech,biotech_all,stage_a,0,0.0,{},Drug Manufacturers - Specialty & Generic,2834,,0001683168-26-002644,
SCLX,Scilex Holding Company,biotech,biotech_all,stage_a,0,0.0,{},Drug Manufacturers - General,2836,,0001193125-26-151455,
SCNX,"Scienture Holdings, Inc.",biotech,biotech_all,stage_a,0,0.0,{},Medical - Pharmaceuticals,2834,,0001493152-26-013475,
SCYX,"SCYNEXIS, Inc.",biotech,biotech_all,stage_a,0,0.0,{},Medical - Pharmaceuticals,2834,,0001178253-26-000007,
SDGR,"Schrödinger, Inc.",biotech,biotech_all,stage_a,0,0.0,{},Software - Application,2834,,0001490978-26-000010,
SEER,"Seer, Inc.",biotech,biotech_all,stage_a,0,0.0,{},Biotechnology,3826,,0001193125-26-085481,
SEPN,Septerna Inc,biotech,biotech_all,stage_a,0,0.0,{},Biotechnology,2834,,0001193125-26-098507,
SGMT,Sagimet Biosciences Inc.,biotech,biotech_all,stage_a,0,0.0,{},Biotechnology,2834,,0001104659-26-026140,
SGP,"SpyGlass Pharma, Inc. Common Stock",biotech,biotech_all,stage_a,0,0.0,{},Biotechnology,3841,,0001778922-26-000020,
SHPH,"Shuttle Pharmaceuticals Holdings, Inc.",biotech,biotech_all,stage_a,0,0.0,{},Drug Manufacturers - Specialty & Generic,2834,,0001493152-26-014131,
SIGA,"SIGA Technologies, Inc.",biotech,biotech_all,stage_a,0,0.0,{},Drug Manufacturers - Specialty & Generic,2834,,0001437749-26-007557,
SILO,"Silo Pharma, Inc.",biotech,biotech_all,stage_a,0,0.0,{},Biotechnology,2834,,0001213900-26-035576,
SION,"Sionna Therapeutics, Inc.",biotech,biotech_all,stage_a,0,0.0,{},Biotechnology,2834,,0001628280-26-012996,
SKYE,"Skye Bioscience, Inc.",biotech,biotech_all,stage_a,0,0.0,{},Biotechnology,2834,,0001628280-26-016394,
SLDB,Solid Biosciences Inc.,biotech,biotech_all,stage_a,0,0.0,{},Biotechnology,2836,,0001193125-26-115928,
SLN,Silence Therapeutics plc,biotech,biotech_all,stage_a,0,0.0,{},Biotechnology,2834,,0001193125-26-092591,
SLS,"SELLAS Life Sciences Group, Inc.",biotech,biotech_all,stage_a,0,0.0,{},Biotechnology,2834,,0001390478-26-000003,
SLXN,Silexion Therapeutics Ltd.,biotech,biotech_all,stage_a,0,0.0,{},Biotechnology,2836,,0001178913-26-000953,
SMMT,Summit Therapeutics Inc.,biotech,biotech_all,stage_a,0,0.0,{},Biotechnology,2834,,0001599298-26-000015,
SNDX,"Syndax Pharmaceuticals, Inc.",biotech,biotech_all,stage_a,0,0.0,{},Biotechnology,2834,,0001193125-26-076536,
SNGX,"Soligenix, Inc.",biotech,biotech_all,stage_a,0,0.0,{},Biotechnology,2834,,0001104659-26-037701,
SNOA,"Sonoma Pharmaceuticals, Inc.",biotech,biotech_all,stage_a,0,0.0,{},Drug Manufacturers - Specialty & Generic,3841,,0001683168-26-004871,
SNTI,"Senti Biosciences, Inc.",biotech,biotech_all,stage_a,0,0.0,{},Biotechnology,2836,,0001628280-26-021580,
SPRB,"Spruce Biosciences, Inc.",biotech,biotech_all,stage_a,0,0.0,{},Biotechnology,2834,,0001193125-26-097558,
SPRO,"Spero Therapeutics, Inc.",biotech,biotech_all,stage_a,0,0.0,{},Biotechnology,2834,,0001193125-26-126192,
SPRY,"ARS Pharmaceuticals, Inc.",biotech,biotech_all,stage_a,0,0.0,{},Biotechnology,2834,,0001193125-26-097478,
SRPT,"Sarepta Therapeutics, Inc.",biotech,biotech_all,stage_a,0,0.0,{},Biotechnology,2834,,0001193125-26-084144,
SRRK,Scholar Rock Holding Corporation,biotech,biotech_all,stage_a,0,0.0,{},Biotechnology,2836,,0001104659-26-022551,
SRZN,"Surrozen, Inc.",biotech,biotech_all,stage_a,0,0.0,{},Biotechnology,2836,,0001193125-26-119818,
STOK,"Stoke Therapeutics, Inc.",biotech,biotech_all,stage_a,0,0.0,{},Biotechnology,2834,,0001193125-26-108362,
STRO,"Sutro Biopharma, Inc.",biotech,biotech_all,stage_a,0,0.0,{},Biotechnology,2836,,0001193125-26-119873,
STTK,"Shattuck Labs, Inc.",biotech,biotech_all,stage_a,0,0.0,{},Biotechnology,2834,,0001628280-26-014989,
SUPN,"Supernus Pharmaceuticals, Inc.",biotech,biotech_all,stage_a,0,0.0,{},Drug Manufacturers - Specialty & Generic,2834,,0001356576-26-000011,
SVRA,Savara Inc.,biotech,biotech_all,stage_a,0,0.0,{},Biotechnology,2834,,0001193125-26-105076,
SXTP,"60 Degrees Pharmaceuticals, Inc.",biotech,biotech_all,stage_a,0,0.0,{},Biotechnology,2834,,0001554855-26-000467,
SYRE,"Spyre Therapeutics, Inc.",biotech,biotech_all,stage_a,0,0.0,{},Biotechnology,2834,,0001636282-26-000020,
TARA,"Protara Therapeutics, Inc.",biotech,biotech_all,stage_a,0,0.0,{},Biotechnology,2836,,0001213900-26-025433,
TARS,"Tarsus Pharmaceuticals, Inc.",biotech,biotech_all,stage_a,0,0.0,{},Biotechnology,2836,,0001819790-26-000019,
TBPH,Theravance Biopharma Inc,biotech,biotech_all,stage_a,0,0.0,{},Biotechnology,2834,,0001104659-26-033077,
TCRT,"Alaunos Therapeutics, Inc.",biotech,biotech_all,stage_a,0,0.0,{},Biotechnology,2834,,0001193125-26-134720,
TCRX,"TScan Therapeutics, Inc.",biotech,biotech_all,stage_a,0,0.0,{},Biotechnology,2836,,0001193125-26-089884,
TECH,Bio-Techne Corporation,biotech,biotech_all,stage_a,0,0.0,{},Biotechnology,2836,,0001104659-26-100322,
TECX,"Tectonic Therapeutic, Inc.",biotech,biotech_all,stage_a,0,0.0,{},Biotechnology,2836,,0001193125-26-076793,
TELO,"Telomir Pharmaceuticals, Inc. Common Stock",biotech,biotech_all,stage_a,0,0.0,{},Biotechnology,2834,,0001493152-26-010625,
TENX,"Tenax Therapeutics, Inc.",biotech,biotech_all,stage_a,0,0.0,{},Biotechnology,2834,,0001193125-26-099393,
TEVA,Teva Pharmaceutical Industries Limited,biotech,biotech_all,stage_a,0,0.0,{},Drug Manufacturers - Specialty & Generic,2834,,0001193125-26-034532,
TGTX,"TG Therapeutics, Inc.",biotech,biotech_all,stage_a,0,0.0,{},Biotechnology,2834,,0001437749-26-006133,
TIL,"Instil Bio, Inc.",biotech,biotech_all,stage_a,0,0.0,{},Biotechnology,2836,,0001789769-26-000019,
TKNO,"Alpha Teknova, Inc.",biotech,biotech_all,stage_a,0,0.0,{},Drug Manufacturers - Specialty & Generic,2835,,0001850902-26-000002,
TLPH,"Talphera, Inc.",biotech,biotech_all,stage_a,0,0.0,{},Drug Manufacturers - Specialty & Generic,2834,,0001437749-26-009387,
TLRY,"Tilray Brands, Inc.",biotech,biotech_all,stage_a,0,0.0,{},Drug Manufacturers - Specialty & Generic,2833,,0001437749-26-024698,
TNGX,"Tango Therapeutics, Inc.",biotech,biotech_all,stage_a,0,0.0,{},Biotechnology,2834,,0001193125-26-092518,
TNXP,Tonix Pharmaceuticals Holding Corp.,biotech,biotech_all,stage_a,0,0.0,{},Biotechnology,2834,,0001999371-26-005730,
TNYA,"Tenaya Therapeutics, Inc.",biotech,biotech_all,stage_a,0,0.0,{},Biotechnology,2836,,0001193125-26-102252,
TPST,"Tempest Therapeutics, Inc.",biotech,biotech_all,stage_a,0,0.0,{},Biotechnology,2834,,0001193125-26-130490,
TRAW,"Traws Pharma, Inc.",biotech,biotech_all,stage_a,0,0.0,{},Biotechnology,2834,,0001104659-26-043832,
TRDA,"Entrada Therapeutics, Inc.",biotech,biotech_all,stage_a,0,0.0,{},Biotechnology,2834,,0001689375-26-000011,
TRLV,Trulieve Cannabis Corp.,biotech,biotech_all,stage_a,0,0.0,{},Drug Manufacturers - Specialty & Generic,2833,,0001754195-26-000019,
TRVI,"Trevi Therapeutics, Inc.",biotech,biotech_all,stage_a,0,0.0,{},Biotechnology,2834,,0001193125-26-110783,
TSHA,"Taysha Gene Therapies, Inc.",biotech,biotech_all,stage_a,0,0.0,{},Biotechnology,2836,,0001193125-26-115202,
TTRX,Turn Therapeutics Inc.,biotech,biotech_all,stage_a,0,0.0,{},Biotechnology,2834,,0001213900-26-037505,
TVGN,Tevogen Bio Holdings Inc.,biotech,biotech_all,stage_a,0,0.0,{},Biotechnology,2836,,0001493152-26-014326,
TVRD,"Tvardi Therapeutics, Inc.",biotech,biotech_all,stage_a,0,0.0,{},Biotechnology,2834,,0001104659-26-037729,
TVTX,"Travere Therapeutics, Inc.",biotech,biotech_all,stage_a,0,0.0,{},Biotechnology,2834,,0001438533-26-000014,
TWST,Twist Bioscience Corporation,biotech,biotech_all,stage_a,0,0.0,{},Biotechnology,2836,,0001581280-25-000025,
TXG,"10x Genomics, Inc.",biotech,biotech_all,stage_a,0,0.0,{},Biotechnology,3826,,0001628280-26-007822,
TXMD,"TherapeuticsMD, Inc.",biotech,biotech_all,stage_a,0,0.0,{},Drug Manufacturers - Specialty & Generic,2834,,0001213900-26-036515,
TYRA,"Tyra Biosciences, Inc.",biotech,biotech_all,stage_a,0,0.0,{},Biotechnology,2834,,0001193125-26-085490,
UNCY,"Unicycive Therapeutics, Inc.",biotech,biotech_all,stage_a,0,0.0,{},Biotechnology,2834,,0001213900-26-035903,
UPB,"Upstream Bio, Inc.",biotech,biotech_all,stage_a,0,0.0,{},Biotechnology,2834,,0001193125-26-126188,
URGN,UroGen Pharma Ltd.,biotech,biotech_all,stage_a,0,0.0,{},Biotechnology,2834,,0001437749-26-006234,
UTHR,United Therapeutics Corporation,biotech,biotech_all,stage_a,0,0.0,{},Biotechnology,2834,,0001082554-26-000006,
VANI,"Vivani Medical, Inc.",biotech,biotech_all,stage_a,0,0.0,{},Biotechnology,3845,,0001753926-26-000548,
VBIO,"Valion Bio, Inc.",biotech,biotech_all,stage_a,0,0.0,{},Biotechnology,2834,,0001437749-26-010343,
VCEL,Vericel Corporation,biotech,biotech_all,stage_a,0,0.0,{},Biotechnology,2836,,0001628280-26-012013,
VERA,"Vera Therapeutics, Inc.",biotech,biotech_all,stage_a,0,0.0,{},Biotechnology,2834,,0001193125-26-077442,
VERU,Veru Inc.,biotech,biotech_all,stage_a,0,0.0,{},Biotechnology,2834,,0001437749-25-038089,
VIR,"Vir Biotechnology, Inc.",biotech,biotech_all,stage_a,0,0.0,{},Biotechnology,2836,,0001628280-26-010749,
VIVS,"VivoSim Labs, Inc.",biotech,biotech_all,stage_a,0,0.0,{},Biotechnology,2836,,0001193125-26-303316,
VKTX,"Viking Therapeutics, Inc.",biotech,biotech_all,stage_a,0,0.0,{},Biotechnology,2834,,0001193125-26-046876,
VNDA,Vanda Pharmaceuticals Inc.,biotech,biotech_all,stage_a,0,0.0,{},Biotechnology,2834,,0001628280-26-007460,
VOR,Vor Biopharma Inc.,biotech,biotech_all,stage_a,0,0.0,{},Biotechnology,2836,,0001193125-26-130451,
VRCA,Verrica Pharmaceuticals Inc.,biotech,biotech_all,stage_a,0,0.0,{},Biotechnology,2834,,0001660334-26-000008,
VRDN,"Viridian Therapeutics, Inc.",biotech,biotech_all,stage_a,0,0.0,{},Biotechnology,2834,,0001590750-26-000007,
VRTX,Vertex Pharmaceuticals Incorporated,biotech,biotech_all,stage_a,0,0.0,{},Biotechnology,2834,,0000875320-26-000056,
VSTM,"Verastem, Inc.",biotech,biotech_all,stage_a,0,0.0,{},Biotechnology,2834,,0001104659-26-023444,
VTGN,"VistaGen Therapeutics, Inc.",biotech,biotech_all,stage_a,0,0.0,{},Biotechnology,2834,,0001628280-26-043271,
VTRS,Viatris Inc.,biotech,biotech_all,stage_a,0,0.0,{},Drug Manufacturers - Specialty & Generic,2834,,0001792044-26-000013,
VTVT,vTv Therapeutics Inc.,biotech,biotech_all,stage_a,0,0.0,{},Biotechnology,2834,,0001641489-26-000010,
VYGR,"Voyager Therapeutics, Inc.",biotech,biotech_all,stage_a,0,0.0,{},Biotechnology,2836,,0001104659-26-025197,
WHWK,Whitehawk Therapeutics Inc,biotech,biotech_all,stage_a,0,0.0,{},Biotechnology,2834,,0001193125-26-104158,
WVE,Wave Life Sciences Ltd.,biotech,biotech_all,stage_a,0,0.0,{},Biotechnology,2834,,0001193125-26-073472,
XBIO,"Xenetic Biosciences, Inc.",biotech,biotech_all,stage_a,0,0.0,{},Biotechnology,2834,,0001683168-26-001737,
XBIT,XBiotech Inc.,biotech,biotech_all,stage_a,0,0.0,{},Biotechnology,2834,,0001171843-26-001561,
XCUR,"Exicure, Inc.",biotech,biotech_all,stage_a,0,0.0,{},Biotechnology,2834,,0001698530-26-000028,
XENE,Xenon Pharmaceuticals Inc.,biotech,biotech_all,stage_a,0,0.0,{},Biotechnology,2834,,0001193125-26-076650,
XERS,"Xeris Biopharma Holdings, Inc.",biotech,biotech_all,stage_a,0,0.0,{},Biotechnology,2834,,0001867096-26-000016,
XFOR,"X4 Pharmaceuticals, Inc.",biotech,biotech_all,stage_a,0,0.0,{},Biotechnology,2836,,0001501697-26-000018,
XLO,"Xilio Therapeutics, Inc.",biotech,biotech_all,stage_a,0,0.0,{},Biotechnology,2834,,0001193125-26-118550,
XNCR,"Xencor, Inc.",biotech,biotech_all,stage_a,0,0.0,{},Biotechnology,2834,,0001326732-26-000015,
YARW,Yarrow Bioscience Inc,biotech,biotech_all,stage_a,0,0.0,{},Biotechnology,2834,,0001566044-26-000002,
ZBIO,"Zenas BioPharma, Inc.",biotech,biotech_all,stage_a,0,0.0,{},Biotechnology,2834,,0001104659-26-027964,
ZLAB,Zai Lab Limited,biotech,biotech_all,stage_a,0,0.0,{},Biotechnology,2834,,0001704292-26-000015,
ZNTL,"Zentalis Pharmaceuticals, Inc.",biotech,biotech_all,stage_a,0,0.0,{},Biotechnology,2834,,0001725160-26-000014,
ZTS,Zoetis Inc.,biotech,biotech_all,stage_a,0,0.0,{},Drug Manufacturers - Specialty & Generic,2834,,0001555280-26-000011,
ZURA,Zura Bio Limited,biotech,biotech_all,stage_a,0,0.0,{},Biotechnology,2836,,0001104659-26-032080,
ZVRA,"Zevra Therapeutics, Inc.",biotech,biotech_all,stage_a,0,0.0,{},Biotechnology,2834,,0001434647-26-000011,
ZYME,Zymeworks Inc.,biotech,biotech_all,stage_a,0,0.0,{},Biotechnology,2834,,0001937653-26-000015,
AMSC,American Superconductor Corporation,energy,grid_equipment,keywords,54,62.97,"{""transmission"": 16, ""switchgear"": 1, ""transformer"": 17, ""power grid"": 19, ""electrical infrastructure"": 1}",Electrical Equipment & Parts,3621,"Our voltage compensators, capacitors, transformers and rectifiers can power the energy-intensive factories of the future while reducing the risk of costly power interruptions that could hinder this journey to a better future. | Our power grid and wind products and services provide exceptional reliability, security, efficiency, and affordability to our customers.",0001437749-26-018542,
BE,Bloom Energy Corporation,energy,grid_equipment,keywords,7,6.43,"{""transmission"": 6, ""electrical infrastructure"": 1}",Electrical Equipment & Parts,3620,"Extended permitting timelines and supply chain constraints dictate that transmission additions remain limited, and generator interconnection queues at the end of 2024 totaled 2,300 gigawatts, with typical timelines extending multiple years and further delays. | In addition, because electrical output is delivered directly to the customer’s main electrical feed, the system avoids transmission and distribution losses associated with centralized grid delivery, improving the effective efficiency at the point of use.",0001628280-26-006516,
FCEL,"FuelCell Energy, Inc.",energy,grid_equipment,keywords,6,4.23,"{""transmission"": 6}",Electrical Equipment & Parts,3620,"We focus our expansion on markets and regions that value clean distributed generation, have poor grid reliability and/or challenged transmission and distribution lines, and can benefit from the value streams our products provide. | 9 Table of Contents This macro trend is creating a number of challenges that we believe can be addressed with solutions such as our carbonate fuel cell platform: Demand surge from AI/Cloud: The exponential rise of AI and cloud workloads is driving electricity demand far beyond what current transmiss",0001104659-25-122302,
FPS,"Forgent Power Solutions, Inc.",energy,grid_equipment,keywords,20,48.17,"{""switchgear"": 5, ""transformer"": 11, ""power grid"": 1, ""data center power"": 1, ""electrical infrastructure"": 2}",Electrical Equipment & Parts,3620,"Overview Forgent is a leading designer and manufacturer of electrical distribution equipment used in data centers, the power grid and energy-intensive industrial facilities. | Major product categories of electrical distribution equipment that we manufacture and sell include automatic transfer switches (“ATS”), dry type transformers, electrical houses (“eHouse”), generator connection cabinets, liquid filled transformers, panelboards, power distribution units (“PDU”), power",0002080126-26-000035,
PPSI,Pioneer Pow,energy,grid_equipment,keywords,6,22.3,"{""power grid"": 4, ""data center power"": 1, ""electrical infrastructure"": 1}",Electrical Equipment & Parts,3690,"Our Industry The market for Electrical Infrastructure equipment and Critical Power solutions is very fragmented due to the range of equipment types, electrical and mechanical properties, technological standards and service parameters required by different categories of end users for their specific a | We believe that several of the key industry trends supporting future growth in our industry are as follows: ● Aging  and Overburdened North American Power Grid — The aging and overburdened North American power grid is expected to require  significant capital expenditures to upgrade the existing infr",0001493152-26-015715,
SMR,NuScale Power Corporation,energy,grid_equipment,keywords,7,7.9,"{""transmission"": 7}",Electrical Equipment & Parts,3443,"Furthermore, SMRs can be sited closer to the end-user, significantly reducing the need for transmission infrastructure while also providing ancillary benefits such as process heat to end users. | The NuScale SMR-based plant is the only commercial nuclear power plant approved by the NRC without requiring any connections to the transmission grid for safety.",0001822966-26-000018,
EIX,Edison International,energy,nuclear_uranium,keywords,14,6.72,"{""nuclear fuel"": 12, ""nuclear reactor"": 2}",Regulated Electric,4911,"Some of the risks, uncertainties and other important factors that could cause results to differ from those currently expected, or that otherwise could impact Edison International and SCE, include, but are not limited to the: •ability of SCE to recover its costs through regulated rates, timely or at  | Clean firm resources, such as next-generation geothermal, small modular nuclear reactors, natural gas with carbon capture and storage, and clean hydrogen, produce constant power through any weather condition or season with little or no greenhouse gas emissions.",0000827052-26-000012,
EU,enCore Energy Corp.,energy,nuclear_uranium,keywords,240,109.21,"{""uranium"": 239, ""nuclear fuel"": 1}",Uranium,1090,"The Company is an “Exploration Stage Issuer” as defined by S-K 1300, as it has not established proven or probable Mineral Reserves, through the completion of a pre-feasibility or feasibility study for any of our uranium projects as required by the SEC is defined as a Development Stage Issuer. | Even though we commenced extraction of uranium at our Rosita Uranium Project and our Alta Mesa Uranium Project, the Company remains classified as an Exploration Stage Issuer and will continue to remain an Exploration Stage Issuer until such time as Proven or Probable Mineral Reserves have been estab",0001628280-26-022507,
FISN,"Deep Fission, Inc.",energy,nuclear_uranium,keywords,24,23.17,"{""uranium"": 2, ""nuclear fuel"": 7, ""small modular reactor"": 2, ""nuclear reactor"": 13}",Industrial - Machinery,4911,"Business 1.Company Overview We are a nuclear energy technology company developing a small modular reactor (“SMR”) based on established pressurized water reactor (“PWR”) technology, with novel emplacement in deep boreholes approximately one mile below the Earth’s surface. | The Company’s approach to subsurface reactor deployment is supported by its intellectual property portfolio, which includes issued patents and pending patent applications relating to reactor configuration, deep subsurface emplacement, drilling and casing techniques, thermal-hydraulic performance, in",0001104659-26-043870,
LEU,Centrus Energy Corp.,energy,nuclear_uranium,keywords,110,109.87,"{""uranium"": 89, ""nuclear fuel"": 16, ""nuclear reactor"": 5}",Uranium,1400,"Business Overview Centrus Energy Corp., a Delaware corporation, is a trusted supplier of nuclear fuel components for the nuclear power industry, which provides a reliable source of carbon-free energy, and provides enrichment and technical services for public and private customers. | Centrus operates two business segments: (a) LEU, which supplies various components of nuclear fuel to commercial customers from our global network of suppliers, and (b) Technical Solutions, which provides advanced uranium enrichment for the nuclear industry and the U.S.",0001628280-26-007117,
NNE,Nano Nuclear Energy Inc.,energy,nuclear_uranium,keywords,83,44.25,"{""uranium"": 37, ""nuclear fuel"": 23, ""small modular reactor"": 2, ""nuclear reactor"": 21}",Electrical Equipment & Parts,4911,"Our dedication extends further, encompassing ambitions within the commercial nuclear fuel transportation sector, the nuclear energy fuel supply chain, technology development, and nuclear consulting services. | Currently, we are in the pre-revenue stage and are principally focused on four business lines as part of our development strategy: ● Nuclear Reactor Business.",0001493152-25-028285,
OKLO,Oklo Inc.,energy,nuclear_uranium,keywords,24,40.22,"{""uranium"": 1, ""nuclear fuel"": 22, ""nuclear reactor"": 1}",Independent Power Producers,4911,"Our business addresses this demand by producing electricity and heat from our Aurora powerhouses which can run on fresh, recycled, or down-blended nuclear fuel. | We are also commercializing nuclear fuel recycling technology that can convert used nuclear fuel into usable fuel for our powerhouses and those of others.",0001628280-26-018698,
TLN,Talen Energy Corporation,energy,nuclear_uranium,keywords,3,3.42,"{""uranium"": 1, ""nuclear fuel"": 1, ""nuclear reactor"": 1}",Independent Power Producers,4911,"Susquehanna has a portfolio of supply contracts for raw uranium, conversion, enrichment, and fabrication. | Our nuclear fuel cycle is fully contracted through the 2028 fuel load, more than 50% contracted through 2029, and over 20% contracted through 2030.",0001622536-26-000017,
UROY,Uranium Royalty Corp.,energy,nuclear_uranium,keywords,141,139.74,"{""uranium"": 129, ""nuclear fuel"": 8, ""nuclear reactor"": 4}",Uranium,6221,"GRR may also be referred to as a “gross value royalty”, or GVR, a “gross proceeds royalty”, or GPR, or a “gross overriding royalty”, or “GORR”; • references to “ISR” mean in-situ recovery, a uranium extraction method; • references to “lbs” mean pounds; • references to “LOM” or “life of mine” mean th | NPI may also be referred to as “net proceeds royalties”, or NPR; • references to “NSR” mean net smelter returns royalty, a form of royalty based on the value of production or net proceeds received by the operator from a smelter or refinery; • references to “ppm” mean parts per million; • references ",0001193125-26-321135,
ACDC,ProFrac Holding Corp.,energy,oil_gas,stage_a,0,0.0,{},Oil & Gas Equipment & Services,1389,,0001193125-26-106120,
AESI,Atlas Energy Solutions Inc.,energy,oil_gas,stage_a,0,0.0,{},Oil & Gas Equipment & Services,1311,,0001193125-26-067145,
AM,Antero Midstream Corporation,energy,oil_gas,stage_a,0,0.0,{},Oil & Gas Midstream,4922,,0001104659-26-013380,
AMPY,Amplify Energy Corp.,energy,oil_gas,stage_a,0,0.0,{},Oil & Gas Exploration & Production,1311,,0001104659-26-025299,
ANNA,"AleAnna, Inc.",energy,oil_gas,stage_a,0,0.0,{},Oil & Gas Exploration & Production,1311,,0001213900-26-036606,
APA,APA Corporation,energy,oil_gas,stage_a,0,0.0,{},Oil & Gas Exploration & Production,1311,,0001841666-26-000015,
APC,ARKO Petroleum Corp. Class A Common Stock,energy,oil_gas,stage_a,0,0.0,{},Oil & Gas Refining & Marketing,5172,,0001193125-26-131747,
AR,Antero Resources Corporation,energy,oil_gas,stage_a,0,0.0,{},Oil & Gas Exploration & Production,1311,,0001104659-26-013386,
AROC,"Archrock, Inc.",energy,oil_gas,stage_a,0,0.0,{},Oil & Gas Equipment & Services,4922,,0001389050-26-000009,
BKR,Baker Hughes Company,energy,oil_gas,stage_a,0,0.0,{},Oil & Gas Equipment & Services,3533,,0001701605-26-000007,
BKV,BKV Corporation,energy,oil_gas,stage_a,0,0.0,{},Oil & Gas Exploration & Production,1311,,0001628280-26-015661,
BOOM,DMC Global Inc.,energy,oil_gas,stage_a,0,0.0,{},Oil & Gas Equipment & Services,3390,,0000034067-26-000009,
BSIN,Big Sky Industrial Inc.,energy,oil_gas,stage_a,0,0.0,{},Oil & Gas Exploration & Production,1311,,0001437749-26-008057,
BSM,"Black Stone Minerals, L.P.",energy,oil_gas,stage_a,0,0.0,{},Oil & Gas Exploration & Production,1311,,0001621434-26-000018,
CAPL,CrossAmerica Partners LP,energy,oil_gas,stage_a,0,0.0,{},Oil & Gas Refining & Marketing,5172,,0001193125-26-071870,
CHRD,Chord Energy Corporation,energy,oil_gas,stage_a,0,0.0,{},Oil & Gas Exploration & Production,1311,,0001486159-26-000005,
CLB,Core Laboratories N.V.,energy,oil_gas,stage_a,0,0.0,{},Oil & Gas Equipment & Services,1389,,0001193125-26-118177,
CLMT,Calumet Inc.,energy,oil_gas,stage_a,0,0.0,{},Chemicals - Specialty,2911,,0002013745-26-000007,
CLNE,Clean Energy Fuels Corp.,energy,oil_gas,stage_a,0,0.0,{},Oil & Gas Refining & Marketing,4932,,0001104659-26-019215,
CNX,CNX Resources Corporation,energy,oil_gas,stage_a,0,0.0,{},Oil & Gas Exploration & Production,1311,,0001070412-26-000038,
COP,ConocoPhillips,energy,oil_gas,stage_a,0,0.0,{},Oil & Gas Exploration & Production,2911,,0001163165-26-000009,
CPK,Chesapeake Utilities Corporation,energy,oil_gas,stage_a,0,0.0,{},Regulated Gas,4923,,0001628280-26-011753,
CQP,"Cheniere Energy Partners, L.P.",energy,oil_gas,stage_a,0,0.0,{},Oil & Gas Midstream,4924,,0001383650-26-000005,
CRC,California Resources Corp,energy,oil_gas,stage_a,0,0.0,{},Oil & Gas Exploration & Production,1311,,0001609253-26-000051,
CRGY,Crescent Energy Company,energy,oil_gas,stage_a,0,0.0,{},Oil & Gas Exploration & Production,1311,,0001866175-26-000026,
CRK,"Comstock Resources, Inc.",energy,oil_gas,stage_a,0,0.0,{},Oil & Gas Exploration & Production,1311,,0001193125-26-059001,
CTRI,"Centuri Holdings, Inc.",energy,oil_gas,stage_a,0,0.0,{},Regulated Gas,4923,,0001981599-26-000020,
CVI,"CVR Energy, Inc.",energy,oil_gas,stage_a,0,0.0,{},Oil & Gas Refining & Marketing,2911,,0001376139-26-000014,
CVX,Chevron Corporation,energy,oil_gas,stage_a,0,0.0,{},Oil & Gas Integrated,2911,,0000093410-26-000078,
DEC,Diversified Energy Company PLC,energy,oil_gas,stage_a,0,0.0,{},Oil & Gas Exploration & Production,1311,,0001922446-26-000020,
DINO,HF Sinclair Corporation,energy,oil_gas,stage_a,0,0.0,{},Oil & Gas Refining & Marketing,4610,,0001915657-26-000016,
DK,"Delek US Holdings, Inc.",energy,oil_gas,stage_a,0,0.0,{},Oil & Gas Refining & Marketing,2911,,0001628280-26-012664,
DKL,"Delek Logistics Partners, LP",energy,oil_gas,stage_a,0,0.0,{},Oil & Gas Midstream,4610,,0001628280-26-012666,
DMLP,"Dorchester Minerals, L.P.",energy,oil_gas,stage_a,0,0.0,{},Oil & Gas Exploration & Production,1311,,0001437749-26-005376,
DTI,Drilling Tools International Corp.,energy,oil_gas,stage_a,0,0.0,{},Oil & Gas Equipment & Services,3533,,0001193125-26-095973,
DTM,"DT Midstream, Inc.",energy,oil_gas,stage_a,0,0.0,{},Oil & Gas Midstream,4922,,0001842022-26-000003,
DVN,Devon Energy Corporation,energy,oil_gas,stage_a,0,0.0,{},Oil & Gas Exploration & Production,1311,,0001193125-26-056485,
DWSN,Dawson Geophysical Company,energy,oil_gas,stage_a,0,0.0,{},Oil & Gas Equipment & Services,1382,,0001104659-26-037886,
EE,"Excelerate Energy, Inc.",energy,oil_gas,stage_a,0,0.0,{},Oil & Gas Midstream,4924,,0001193125-26-078407,
EGY,"VAALCO Energy, Inc.",energy,oil_gas,stage_a,0,0.0,{},Oil & Gas Exploration & Production,1311,,0000894627-26-000013,
ENB,Enbridge Inc.,energy,oil_gas,stage_a,0,0.0,{},Oil & Gas Midstream,4610,,0001193125-26-049810,
EOG,"EOG Resources, Inc.",energy,oil_gas,stage_a,0,0.0,{},Oil & Gas Exploration & Production,1311,,0000821189-26-000054,
EPD,Enterprise Products Partners L.P.,energy,oil_gas,stage_a,0,0.0,{},Oil & Gas Midstream,4922,,0001061219-26-000006,
EPSN,Epsilon Energy Ltd.,energy,oil_gas,stage_a,0,0.0,{},Oil & Gas Exploration & Production,1311,,0001104659-26-035794,
EQT,EQT Corporation,energy,oil_gas,stage_a,0,0.0,{},Oil & Gas Exploration & Production,1311,,0000033213-26-000018,
ET,Energy Transfer LP,energy,oil_gas,stage_a,0,0.0,{},Oil & Gas Midstream,4922,,0001276187-26-000013,
EXE,Expand Energy Corporation,energy,oil_gas,stage_a,0,0.0,{},Oil & Gas Exploration & Production,1311,,0000895126-26-000011,
FANG,"Diamondback Energy, Inc.",energy,oil_gas,stage_a,0,0.0,{},Oil & Gas Exploration & Production,1311,,0001539838-26-000010,
FET,"Forum Energy Technologies, Inc.",energy,oil_gas,stage_a,0,0.0,{},Oil & Gas Equipment & Services,3533,,0001401257-26-000015,
FLOC,Flowco Holdings Inc.,energy,oil_gas,stage_a,0,0.0,{},Oil & Gas Equipment & Services,3533,,0001193125-26-077219,
FTI,TechnipFMC plc,energy,oil_gas,stage_a,0,0.0,{},Oil & Gas Equipment & Services,3533,,0001681459-26-000010,
FTK,"Flotek Industries, Inc.",energy,oil_gas,stage_a,0,0.0,{},Oil & Gas Equipment & Services,2890,,0000928054-26-000020,
GEL,"Genesis Energy, L.P.",energy,oil_gas,stage_a,0,0.0,{},Oil & Gas Midstream,4610,,0001022321-26-000008,
GEOS,Geospace Technologies Corporation,energy,oil_gas,stage_a,0,0.0,{},Oil & Gas Equipment & Services,3829,,0001437749-25-036009,
GLP,Global Partners LP,energy,oil_gas,stage_a,0,0.0,{},Oil & Gas Midstream,5171,,0001104659-26-021381,
GPOR,Gulfport Energy Corp,energy,oil_gas,stage_a,0,0.0,{},Oil & Gas Exploration & Production,1311,,0001628280-26-011487,
GRNT,"Granite Ridge Resources, Inc",energy,oil_gas,stage_a,0,0.0,{},Oil & Gas Exploration & Production,1311,,0001928446-26-000007,
HAL,Halliburton Company,energy,oil_gas,stage_a,0,0.0,{},Oil & Gas Equipment & Services,1389,,0000045012-26-000015,
HESM,Hess Midstream LP,energy,oil_gas,stage_a,0,0.0,{},Oil & Gas Midstream,1311,,0001193125-26-071592,
HLX,"Helix Energy Solutions Group, Inc.",energy,oil_gas,stage_a,0,0.0,{},Oil & Gas Equipment & Services,1389,,0000866829-26-000008,
HOS,"Hornbeck Offshore Services, Inc.",energy,oil_gas,stage_a,0,0.0,{},Oil & Gas Equipment & Services,1389,,0000866829-26-000008,
HP,"Helmerich & Payne, Inc.",energy,oil_gas,stage_a,0,0.0,{},Oil & Gas Drilling,1381,,0000046765-25-000071,
HPK,"HighPeak Energy, Inc.",energy,oil_gas,stage_a,0,0.0,{},Oil & Gas Exploration & Production,1381,,0001437749-26-007770,
IEP,Icahn Enterprises L.P.,energy,oil_gas,stage_a,0,0.0,{},Oil & Gas Refining & Marketing,2911,,0001104659-26-019821,
INR,"Infinity Natural Resources, Inc.",energy,oil_gas,stage_a,0,0.0,{},Oil & Gas Exploration & Production,1311,,0002029118-26-000014,
INVX,"Innovex International, Inc.",energy,oil_gas,stage_a,0,0.0,{},Oil & Gas Equipment & Services,3533,,0001193125-26-067228,
KGS,"Kodiak Gas Services, Inc.",energy,oil_gas,stage_a,0,0.0,{},Oil & Gas Equipment & Services,4922,,0001767042-26-000012,
KLXE,"KLX Energy Services Holdings, Inc.",energy,oil_gas,stage_a,0,0.0,{},Oil & Gas Equipment & Services,1389,,0001738827-26-000013,
KMI,"Kinder Morgan, Inc.",energy,oil_gas,stage_a,0,0.0,{},Oil & Gas Midstream,4922,,0001506307-26-000011,
KNTK,Kinetik Holdings Inc.,energy,oil_gas,stage_a,0,0.0,{},Oil & Gas Midstream,4922,,0001692787-26-000048,
KOS,Kosmos Energy Ltd.,energy,oil_gas,stage_a,0,0.0,{},Oil & Gas Exploration & Production,1311,,0001509991-26-000017,
KRP,"Kimbell Royalty Partners, LP",energy,oil_gas,stage_a,0,0.0,{},Oil & Gas Exploration & Production,1311,,0001104659-26-020477,
LB,LandBridge Company LLC,energy,oil_gas,stage_a,0,0.0,{},Oil & Gas Exploration & Production,6792,,0001193125-26-072404,
LBRT,Liberty Energy Inc.,energy,oil_gas,stage_a,0,0.0,{},Oil & Gas Equipment & Services,1389,,0001694028-26-000006,
LNG,"Cheniere Energy, Inc.",energy,oil_gas,stage_a,0,0.0,{},Oil & Gas Midstream,4924,,0000003570-26-000005,
LPG,Dorian LPG Ltd.,energy,oil_gas,stage_a,0,0.0,{},Oil & Gas Midstream,4412,,0001596993-26-000025,
MGY,Magnolia Oil & Gas Corporation,energy,oil_gas,stage_a,0,0.0,{},Oil & Gas Exploration & Production,1311,,0001698990-26-000005,
MMLP,Martin Midstream Partners L.P.,energy,oil_gas,stage_a,0,0.0,{},Oil & Gas Midstream,5171,,0001176334-26-000012,
MNR,Mach Natural Resources LP,energy,oil_gas,stage_a,0,0.0,{},Oil & Gas Exploration & Production,1311,,0001628280-26-017249,
MPC,Marathon Petroleum Corporation,energy,oil_gas,stage_a,0,0.0,{},Oil & Gas Refining & Marketing,2911,,0001510295-26-000009,
MPLX,MPLX Lp,energy,oil_gas,stage_a,0,0.0,{},Oil & Gas Midstream,4610,,0001552000-26-000009,
MTDR,Matador Resources Company,energy,oil_gas,stage_a,0,0.0,{},Oil & Gas Exploration & Production,1311,,0001520006-26-000002,
MUR,Murphy Oil Corporation,energy,oil_gas,stage_a,0,0.0,{},Oil & Gas Exploration & Production,1311,,0001628280-26-011709,
NBR,Nabors Industries Ltd.,energy,oil_gas,stage_a,0,0.0,{},Oil & Gas Drilling,1381,,0001104659-26-014997,
NE,Noble Corporation Plc,energy,oil_gas,stage_a,0,0.0,{},Oil & Gas Drilling,1381,,0001895262-26-000076,
NESR,National Energy Services Reunited Corp.,energy,oil_gas,stage_a,0,0.0,{},Oil & Gas Equipment & Services,1389,,0001493152-26-009139,
NEXT,Nextdecade Corp,energy,oil_gas,stage_a,0,0.0,{},Oil & Gas Exploration & Production,4923,,0001612720-26-000009,
NFE,New Fortress Energy Inc.,energy,oil_gas,stage_a,0,0.0,{},Oil & Gas Midstream,4924,,0001749723-26-000032,
NFG,National Fuel Gas Company,energy,oil_gas,stage_a,0,0.0,{},Oil & Gas Integrated,4924,,0000070145-25-000039,
NGL,NGL Energy Partners LP,energy,oil_gas,stage_a,0,0.0,{},Oil & Gas Midstream,4922,,0001504461-26-000012,
NGS,"Natural Gas Services Group, Inc.",energy,oil_gas,stage_a,0,0.0,{},Oil & Gas Equipment & Services,1389,,0001084991-26-000015,
NOG,"Northern Oil and Gas, Inc.",energy,oil_gas,stage_a,0,0.0,{},Oil & Gas Exploration & Production,1311,,0001104485-26-000008,
NOV,NOV Inc.,energy,oil_gas,stage_a,0,0.0,{},Oil & Gas Equipment & Services,3533,,0001193125-26-048350,
NUAI,"New Era Energy & Digital, Inc.",energy,oil_gas,stage_a,0,0.0,{},Software - Infrastructure,1311,,0001213900-26-026501,
OII,"Oceaneering International, Inc.",energy,oil_gas,stage_a,0,0.0,{},Oil & Gas Equipment & Services,1389,,0000073756-26-000016,
OIS,"Oil States International, Inc.",energy,oil_gas,stage_a,0,0.0,{},Oil & Gas Equipment & Services,3533,,0001121484-26-000007,
OKE,"ONEOK, Inc.",energy,oil_gas,stage_a,0,0.0,{},Oil & Gas Midstream,4923,,0001039684-26-000006,
OVV,Ovintiv Inc.,energy,oil_gas,stage_a,0,0.0,{},Oil & Gas Exploration & Production,1311,,0001193125-26-064309,
OXY,Occidental Petroleum Corporation,energy,oil_gas,stage_a,0,0.0,{},Oil & Gas Exploration & Production,1311,,0001628280-26-009059,
PAA,"Plains All American Pipeline, L.P.",energy,oil_gas,stage_a,0,0.0,{},Oil & Gas Midstream,4610,,0001070423-26-000014,
PAGP,Plains GP Holdings LP,energy,oil_gas,stage_a,0,0.0,{},Oil & Gas Midstream,4610,,0001581990-26-000012,
PARR,"Par Pacific Holdings, Inc.",energy,oil_gas,stage_a,0,0.0,{},Oil & Gas Refining & Marketing,1311,,0000821483-26-000005,
PBF,PBF Energy Inc.,energy,oil_gas,stage_a,0,0.0,{},Oil & Gas Refining & Marketing,2911,,0001534504-26-000010,
PNRG,PrimeEnergy Resources Corporation,energy,oil_gas,stage_a,0,0.0,{},Oil & Gas Exploration & Production,1311,,0001437749-26-012531,
PR,Permian Resources Corporation,energy,oil_gas,stage_a,0,0.0,{},Oil & Gas Exploration & Production,1311,,0001658566-26-000035,
PROP,Prairie Operating Co.,energy,oil_gas,stage_a,0,0.0,{},Oil & Gas Exploration & Production,1311,,0001140361-26-012036,
PSX,Phillips 66,energy,oil_gas,stage_a,0,0.0,{},Oil & Gas Refining & Marketing,2911,,0001534701-26-000006,
PTEN,"Patterson-UTI Energy, Inc.",energy,oil_gas,stage_a,0,0.0,{},Oil & Gas Drilling,1381,,0000889900-26-000013,
PUMP,ProPetro Holding Corp.,energy,oil_gas,stage_a,0,0.0,{},Oil & Gas Equipment & Services,1389,,0001680247-26-000028,
RES,"RPC, Inc.",energy,oil_gas,stage_a,0,0.0,{},Oil & Gas Equipment & Services,1389,,0001104659-26-021480,
RGCO,"RGC Resources, Inc.",energy,oil_gas,stage_a,0,0.0,{},Regulated Gas,4923,,0001437749-25-036827,
RIG,Transocean Ltd.,energy,oil_gas,stage_a,0,0.0,{},Oil & Gas Drilling,1381,,0001451505-26-000018,
RKDA,"Arcadia Biosciences, Inc.",energy,oil_gas,stage_a,0,0.0,{},Agricultural Inputs,1311,,0001193125-26-126238,
RNGR,"Ranger Energy Services, Inc.",energy,oil_gas,stage_a,0,0.0,{},Oil & Gas Equipment & Services,1389,,0001628280-26-015248,
RRC,Range Resources Corporation,energy,oil_gas,stage_a,0,0.0,{},Oil & Gas Exploration & Production,1311,,0001193125-26-067292,
SAFX,"XCF Global, Inc. Class A Common Stock",energy,oil_gas,stage_a,0,0.0,{},Oil & Gas Refining & Marketing,2860,,0001493152-26-014280,
SD,"SandRidge Energy, Inc.",energy,oil_gas,stage_a,0,0.0,{},Oil & Gas Exploration & Production,1311,,0001628280-26-015318,
SDRL,Seadrill Limited,energy,oil_gas,stage_a,0,0.0,{},Oil & Gas Drilling,1381,,0001737706-26-000010,
SEI,"Solaris Energy Infrastructure, Inc.",energy,oil_gas,stage_a,0,0.0,{},Oil & Gas Equipment & Services,3533,,0001628280-26-012501,
SGU,"Star Group, L.P.",energy,oil_gas,stage_a,0,0.0,{},Oil & Gas Refining & Marketing,5990,,0001193125-25-311490,
SKYQ,Sky Quarry Inc.,energy,oil_gas,stage_a,0,0.0,{},Oil & Gas Integrated,4955,,0001096906-26-000438,
SLB,Slb N.V.,energy,oil_gas,stage_a,0,0.0,{},Oil & Gas Equipment & Services,1389,,0001193125-26-021017,
SLNG,"Stabilis Solutions, Inc.",energy,oil_gas,stage_a,0,0.0,{},Oil & Gas Integrated,4924,,0001437749-26-007090,
SM,SM Energy Company,energy,oil_gas,stage_a,0,0.0,{},Oil & Gas Exploration & Production,1311,,0000893538-26-000032,
SMC,Summit Midstream Corp.,energy,oil_gas,stage_a,0,0.0,{},Oil & Gas Midstream,4922,,0002024218-26-000017,
SND,"Smart Sand, Inc.",energy,oil_gas,stage_a,0,0.0,{},Oil & Gas Equipment & Services,1400,,0001529628-26-000006,
SOC,Sable Offshore Corp.,energy,oil_gas,stage_a,0,0.0,{},Oil & Gas Drilling,1311,,0001831481-26-000026,
SUN,Sunoco LP,energy,oil_gas,stage_a,0,0.0,{},Oil & Gas Refining & Marketing,2911,,0001552275-26-000021,
SUNC,SunocoCorp LLC,energy,oil_gas,stage_a,0,0.0,{},Oil & Gas Midstream,2911,,0002089661-26-000016,
SWX,"Southwest Gas Holdings, Inc.",energy,oil_gas,stage_a,0,0.0,{},Regulated Gas,4923,,0001692115-26-000062,
TALO,Talos Energy Inc.,energy,oil_gas,stage_a,0,0.0,{},Oil & Gas Exploration & Production,1311,,0001193125-26-067807,
TBN,Tamboran Resources Corp,energy,oil_gas,stage_a,0,0.0,{},Oil & Gas Exploration & Production,1311,,0001628280-26-063492,
TDW,Tidewater Inc.,energy,oil_gas,stage_a,0,0.0,{},Oil & Gas Equipment & Services,4400,,0001437749-26-006391,
TPL,Texas Pacific Land Corporation,energy,oil_gas,stage_a,0,0.0,{},Oil & Gas Exploration & Production,6792,,0001811074-26-000018,
TRGP,Targa Resources Corp.,energy,oil_gas,stage_a,0,0.0,{},Oil & Gas Midstream,4922,,0001193125-26-059296,
TTI,"TETRA Technologies, Inc.",energy,oil_gas,stage_a,0,0.0,{},Oil & Gas Equipment & Services,1311,,0000844965-26-000015,
TUSK,"Mammoth Energy Services, Inc.",energy,oil_gas,stage_a,0,0.0,{},Conglomerates,1389,,0001628280-26-015693,
TXO,"TXO Partners, L.P.",energy,oil_gas,stage_a,0,0.0,{},Oil & Gas Exploration & Production,1311,,0001193125-26-076813,
USAC,"USA Compression Partners, LP",energy,oil_gas,stage_a,0,0.0,{},Oil & Gas Equipment & Services,4922,,0001522727-26-000015,
VAL,Valaris Limited,energy,oil_gas,stage_a,0,0.0,{},Oil & Gas Drilling,1381,,0000314808-26-000029,
VG,"Venture Global, Inc.",energy,oil_gas,stage_a,0,0.0,{},Oil & Gas Midstream,4924,,0002007855-26-000013,
VIVK,"Vivakor, Inc.",energy,oil_gas,stage_a,0,0.0,{},Oil & Gas Equipment & Services,4953,,0001829126-26-003530,
VLO,Valero Energy Corporation,energy,oil_gas,stage_a,0,0.0,{},Oil & Gas Refining & Marketing,2911,,0001628280-26-011499,
VNOM,"Viper Energy, Inc.",energy,oil_gas,stage_a,0,0.0,{},Oil & Gas Midstream,1311,,0002074176-26-000010,
VTOL,Bristow Group Inc.,energy,oil_gas,stage_a,0,0.0,{},Oil & Gas Equipment & Services,4522,,0001525221-26-000013,
VTS,"Vitesse Energy, Inc.",energy,oil_gas,stage_a,0,0.0,{},Oil & Gas Exploration & Production,1311,,0001944558-26-000009,
WBI,WaterBridge Infrastructure LLC,energy,oil_gas,stage_a,0,0.0,{},Oil & Gas Equipment & Services,1389,,0001193125-26-106541,
WES,"Western Midstream Partners, LP",energy,oil_gas,stage_a,0,0.0,{},Oil & Gas Midstream,4922,,0001423902-26-000030,
WFRD,Weatherford International plc,energy,oil_gas,stage_a,0,0.0,{},Oil & Gas Equipment & Services,3533,,0001603923-26-000014,
WHD,"Cactus, Inc.",energy,oil_gas,stage_a,0,0.0,{},Oil & Gas Equipment & Services,3533,,0001628280-26-012377,
WKC,World Kinect Corporation,energy,oil_gas,stage_a,0,0.0,{},Oil & Gas Refining & Marketing,5172,,0000789460-26-000015,
WMB,"The Williams Companies, Inc.",energy,oil_gas,stage_a,0,0.0,{},Oil & Gas Midstream,4922,,0000107263-26-000006,
WTI,"W&T Offshore, Inc.",energy,oil_gas,stage_a,0,0.0,{},Oil & Gas Exploration & Production,1311,,0001104659-26-028315,
WTTR,"Select Water Solutions, Inc.",energy,oil_gas,stage_a,0,0.0,{},Oil & Gas Equipment & Services,1389,,0001104659-26-017085,
AEE,Ameren Corporation,energy,power_utilities,stage_a,0,0.0,{},Regulated Electric,4931,,0001002910-26-000009,
AEP,"American Electric Power Company, Inc.",energy,power_utilities,stage_a,0,0.0,{},Regulated Electric,4911,,0000004904-26-000013,
AVA,Avista Corporation,energy,power_utilities,stage_a,0,0.0,{},Diversified Utilities,4931,,0001193125-26-067872,
BKH,Black Hills Corporation,energy,power_utilities,stage_a,0,0.0,{},Regulated Gas,4911,,0001193125-26-046028,
CMS,CMS Energy Corporation,energy,power_utilities,stage_a,0,0.0,{},Regulated Electric,4931,,0000811156-26-000004,
CMSA,CMS Energy Corporation 5.6% JRSUB NT 78,energy,power_utilities,stage_a,0,0.0,{},Regulated Electric,4931,,0000811156-26-000004,
CMSC,CMS Energy Corporation 5.875% J,energy,power_utilities,stage_a,0,0.0,{},Regulated Electric,4931,,0000811156-26-000004,
CMSD,CMS Energy Corporation 5.875% Junior Subordinated Notes due 2079,energy,power_utilities,stage_a,0,0.0,{},Regulated Electric,4931,,0000811156-26-000004,
DGXX,Digi Power X Inc.,energy,power_utilities,stage_a,0,0.0,{},Independent Power Producers,6199,,0001213900-26-037677,
DTB,DTE Energy Company 2020 Series,energy,power_utilities,stage_a,0,0.0,{},Regulated Electric,4911,,0000936340-26-000054,
DTE,DTE Energy Company,energy,power_utilities,stage_a,0,0.0,{},Regulated Electric,4911,,0000936340-26-000054,
DTG,DTE Energy Company 2021 Series,energy,power_utilities,stage_a,0,0.0,{},Regulated Electric,4911,,0000936340-26-000054,
DTK,DTE Energy Company 2025 Series,energy,power_utilities,stage_a,0,0.0,{},Regulated Electric,4911,,0000936340-26-000054,
DTW,DTE Energy Company 5.25 % Debentures 2017-01.12.77 Global,energy,power_utilities,stage_a,0,0.0,{},Regulated Electric,4911,,0000936340-26-000054,
DUK,Duke Energy Corporation,energy,power_utilities,stage_a,0,0.0,{},Regulated Electric,4931,,0001326160-26-000014,
DUKB,Duke Energy Corporation 5.625%,energy,power_utilities,stage_a,0,0.0,{},Regulated Electric,4931,,0001326160-26-000014,
DUKU,Duke Energy Corporation Units 1.08.29,energy,power_utilities,stage_a,0,0.0,{},Regulated Electric,4931,,0001326160-26-000014,
ED,"Consolidated Edison, Inc.",energy,power_utilities,stage_a,0,0.0,{},Regulated Electric,4931,,0001047862-26-000031,
ENJ,"Entergy New Orleans, LLC",energy,power_utilities,stage_a,0,0.0,{},Regulated Gas,4931,,0000065984-26-000174,
ENO,"Entergy New Orleans, LLC",energy,power_utilities,stage_a,0,0.0,{},Regulated Gas,4931,,0000065984-26-000174,
EVRG,"Evergy, Inc.",energy,power_utilities,stage_a,0,0.0,{},Regulated Electric,4931,,0001711269-26-000017,
EXC,Exelon Corporation,energy,power_utilities,stage_a,0,0.0,{},Regulated Electric,4931,,0001109357-26-000018,
FE,FirstEnergy Corp.,energy,power_utilities,stage_a,0,0.0,{},Regulated Electric,4911,,0001031296-26-000046,
GNE,Genie Energy Ltd.,energy,power_utilities,stage_a,0,0.0,{},Regulated Electric,4931,,0001437749-26-014294,
HNRG,Hallador Energy Company,energy,power_utilities,stage_a,0,0.0,{},Independent Power Producers,4911,,0001104659-26-027174,
HVII,Hennessy Capital Investment Corp. VII,energy,power_utilities,stage_a,0,0.0,{},Shell Companies,4911,,0001493152-26-009187,
IMSR,Terrestrial Energy Inc.,energy,power_utilities,stage_a,0,0.0,{},Regulated Electric,3443,,0001104659-26-036846,
LNT,Alliant Energy Corporation,energy,power_utilities,stage_a,0,0.0,{},Regulated Electric,4931,,0000352541-26-000007,
MGEE,"MGE Energy, Inc.",energy,power_utilities,stage_a,0,0.0,{},Regulated Electric,4900,,0001193125-26-067036,
NI,NiSource Inc,energy,power_utilities,stage_a,0,0.0,{},Regulated Gas,4931,,0001111711-26-000027,
NKLR,Terra Innovatum Global N.V. Ordinary shares,energy,power_utilities,stage_a,0,0.0,{},Regulated Electric,3443,,0001213900-26-068933,
NWE,Northwestern Energy Group Inc,energy,power_utilities,stage_a,0,0.0,{},Regulated Electric,4931,,0001993004-26-000006,
ONEN,ONE Nuclear Energy Inc.,energy,power_utilities,stage_a,0,0.0,{},Independent Power Producers,4911,,0001493152-26-009187,
PCG,PG&E Corporation,energy,power_utilities,stage_a,0,0.0,{},Regulated Electric,4931,,0001004980-26-000009,
PEG,Public Service Enterprise Group Incorporated,energy,power_utilities,stage_a,0,0.0,{},Regulated Electric,4931,,0001193125-26-077446,
SRE,Sempra,energy,power_utilities,stage_a,0,0.0,{},Diversified Utilities,4932,,0001032208-26-000010,
SREA,Sempra,energy,power_utilities,stage_a,0,0.0,{},Diversified Utilities,4932,,0001032208-26-000010,
UTL,Unitil Corporation,energy,power_utilities,stage_a,0,0.0,{},Diversified Utilities,4931,,0001193125-26-042983,
WEC,"WEC Energy Group, Inc.",energy,power_utilities,stage_a,0,0.0,{},Regulated Electric,4931,,0000783325-26-000018,
XEL,Xcel Energy Inc.,energy,power_utilities,stage_a,0,0.0,{},Regulated Electric,4931,,0000072903-26-000009,
XELLL,"Xcel Energy Inc. 6.25% Junior Subordinated Notes, Series due 2085",energy,power_utilities,stage_a,0,0.0,{},Regulated Electric,4931,,0000072903-26-000009,
AES,The AES Corporation,energy,renewables,keywords,222,86.56,"{""solar"": 145, ""photovoltaic"": 1, ""energy storage"": 74, ""battery storage"": 1, ""hydrogen"": 1}",Diversified Utilities,4991,"In full year 2025, we: ◦Completed the construction of 3.2 GW of solar, energy storage, and wind; and ◦Signed or were awarded new long-term PPAs for 4.0 GW of renewables. | 54% of the capacity of our generation plants is fueled by renewables, including solar, hydro, wind, energy storage, and landfill gas, which do not have significant fuel costs.",0000874761-26-000063,
ARRY,"Array Technologies, Inc.",energy,renewables,keywords,63,117.45,"{""solar"": 62, ""photovoltaic"": 1}",Solar,3674,"Business  Overview  We are a leading global provider of solar tracking technology and fixed-tilt systems to utility-scale and distributed generation customers who construct, develop, and operate solar photovoltaic (“PV”) sites. | With solutions engineered to withstand harsh weather conditions, Array’s high-quality solar trackers, fixed-tilt systems, software platforms, foundation solutions, and field services combine to optimize energy production and deliver value to our customers for the entire lifecycle of a project.",0001820721-26-000008,
ASTI,"Ascent Solar Technologies, Inc. Common Stock",energy,renewables,keywords,21,83.2,"{""solar"": 18, ""photovoltaic"": 2, ""fuel cell"": 1}",Solar,3674,"Business Business Overview Ascent Solar Technologies, Inc. | (“Ascent” or the ""Company"") is a solar technology company that manufactures and sells photovoltaic (""PV"") solar modules that are flexible, durable, and possess attractive power to weight and power to area performance.",0001193125-26-117839,
AXTI,"AXT, Inc.",energy,renewables,keywords,15,14.67,"{""solar"": 11, ""photovoltaic"": 4}",Semiconductors,3674,"Ge substrates are used in applications such as solar cells for space and terrestrial photovoltaic applications. | 3  Table of Contents Products Substrate Group and Wafer Diameter Sample of Applications Indium Phosphide • Data center connectivity using light/lasers (InP) • High-speed data transfer in data centers 2”, 3”, 4”, 6” • 5G communications • Fiber optic lasers and detectors • Consumer devices • Passive O",0001437749-26-008612,
BEEM,Beam Global,energy,renewables,keywords,55,51.4,"{""solar"": 23, ""wind turbine"": 1, ""energy storage"": 28, ""battery storage"": 3}",Solar,3690,"We provide energy storage technologies that make commodity battery cells safer, longer lasting and more energy efficient. | We are increasingly adding power electronics, energy storage, computing, sensing and reporting to our street furniture products as we evolve them to provide greater levels of Smart Cities services.",0001437749-26-011890,
CEG,Constellation Energy Corporation,energy,renewables,keywords,31,28.72,"{""solar"": 11, ""wind turbine"": 1, ""energy storage"": 3, ""battery storage"": 5, ""hydrogen"": 2, ""geothermal"": 9}",Independent Power Producers,4911,"With 55 GWs of capacity from nuclear, natural gas, geothermal, hydro, wind and solar facilities, our fleet has the generating capacity to power the equivalent of 27 million homes, providing about 10% of the nation’s clean energy and delivering the around-the-clock reliability needed to power America | After considering divestitures connected with certain regulatory approvals, our merger with Calpine added approximately 23 GWs across 72 generation and battery storage assets, providing reliable power resources in areas experiencing significant demand growth.",0001868275-26-000032,
CNP,"CenterPoint Energy, Inc.",energy,renewables,keywords,6,5.25,"{""solar"": 6}",Regulated Electric,4911,"On March 7, 2025, SIGECO acquired 100% of the equity interests in Posey Solar, which was constructing a 191 MW solar array in Posey County, Indiana, for approximately $357 million. | Solar and Wind Indiana Electric has entered into various PPAs to purchase solar power and wind power to meet its future generation needs as reported in the table below: Power Type Counterparty Location Date in Service/Expected Date in Service Capacity (MW) Term (in Years) Wind NextEra Energy, Inc.",0001130310-26-000008,
CWEN,"Clearway Energy, Inc.",energy,renewables,keywords,12,24.13,"{""solar"": 11, ""energy storage"": 1}",Renewable Utilities,4911,"The Company’s portfolio comprises approximately 12.9 GW of gross capacity in 27 states, including approximately 10.1 GW of wind, solar and battery energy storage systems, or BESS, and approximately 2.8 GW of dispatchable combustion-based power generation assets included in the Flexible Generation se | The assets listed below represent the Company’s currently committed investments in facilities: Asset  Technology  Gross Capacity (MW)  State  Estimated Funding Deriva Solar Portfolio (a) (b) Distributed Generation 613 Various 1H26 Goat Mountain Repower Wind 360 TX 2H27 Mt.",0001628280-26-010952,
D,"Dominion Energy, Inc.",energy,renewables,keywords,27,18.19,"{""solar"": 17, ""energy storage"": 4, ""battery storage"": 3, ""hydrogen"": 3}",Regulated Electric,4911,Dominion Energy is one of the nation’s leading developers and operators of regulated offshore wind and solar power and the largest producer of carbon-free electricity in New England. | Renewable generation facilities are expected to include significant investments in utility-scale solar and the CVOW Commercial Project.,0001193125-26-063120,
EAI,"Entergy Arkansas, Inc. 1M BD 4.875%66",energy,renewables,keywords,108,40.78,"{""solar"": 79, ""photovoltaic"": 23, ""wind turbine"": 1, ""energy storage"": 3, ""battery storage"": 1, ""hydrogen"": 1}",Regulated Electric,4911,"The Utility has a diverse power generation portfolio including nuclear, hydroelectric, solar, and highly efficient natural gas. | The APSC has approved offerings of 280 MW of solar capacity to be made available under this tariff.",0000065984-26-000174,
ELC,"Entergy Louisiana, LLC COLLATERAL TR MT",energy,renewables,keywords,108,40.78,"{""solar"": 79, ""photovoltaic"": 23, ""wind turbine"": 1, ""energy storage"": 3, ""battery storage"": 1, ""hydrogen"": 1}",Regulated Electric,4911,"The Utility has a diverse power generation portfolio including nuclear, hydroelectric, solar, and highly efficient natural gas. | The APSC has approved offerings of 280 MW of solar capacity to be made available under this tariff.",0000065984-26-000174,
EMP,"Entergy Mississippi, Inc. 1M BD 66",energy,renewables,keywords,108,40.78,"{""solar"": 79, ""photovoltaic"": 23, ""wind turbine"": 1, ""energy storage"": 3, ""battery storage"": 1, ""hydrogen"": 1}",Regulated Electric,4911,"The Utility has a diverse power generation portfolio including nuclear, hydroelectric, solar, and highly efficient natural gas. | The APSC has approved offerings of 280 MW of solar capacity to be made available under this tariff.",0000065984-26-000174,
ENPH,"Enphase Energy, Inc.",energy,renewables,keywords,95,134.39,"{""solar"": 79, ""photovoltaic"": 1, ""energy storage"": 8, ""battery storage"": 7}",Solar,3674,"We deliver smart, easy-to-use solutions that manage solar generation, storage and communication on one platform. | Our intelligent microinverters work with virtually every solar panel made, and when paired with our smart technology, result in one of the industry’s best-performing clean energy systems.",0001463101-26-000013,
ES,Eversource Energy,energy,renewables,keywords,16,13.55,"{""solar"": 12, ""energy storage"": 1, ""fuel cell"": 1, ""geothermal"": 2}",Regulated Electric,4911,"We are engaged primarily in the energy delivery business through the following wholly-owned utility subsidiaries: •The Connecticut Light and Power Company (CL&P), a regulated electric utility that serves residential, commercial and industrial customers in parts of Connecticut; •NSTAR Electric Compan | ELECTRIC DISTRIBUTION SEGMENT Eversource's electric distribution segment consists of the distribution businesses of CL&P, NSTAR Electric and PSNH, which are engaged in the distribution of electricity to retail customers in Connecticut, Massachusetts and New Hampshire, respectively, and the solar pow",0001628280-26-008461,
ETR,Entergy Corporation,energy,renewables,keywords,108,40.78,"{""solar"": 79, ""photovoltaic"": 23, ""wind turbine"": 1, ""energy storage"": 3, ""battery storage"": 1, ""hydrogen"": 1}",Regulated Electric,4911,"The Utility has a diverse power generation portfolio including nuclear, hydroelectric, solar, and highly efficient natural gas. | The APSC has approved offerings of 280 MW of solar capacity to be made available under this tariff.",0000065984-26-000174,
FLNC,"Fluence Energy, Inc.",energy,renewables,keywords,153,144.08,"{""solar"": 6, ""energy storage"": 143, ""battery storage"": 4}",Renewable Utilities,3690,Overview  Fluence is a global market leader delivering intelligent energy storage and optimization software for renewables and storage. | Our energy storage solutions and operational services are designed to help create a more resilient grid and unlock the full potential of renewable portfolios.,0001868941-25-000081,
FSLR,"First Solar, Inc.",energy,renewables,keywords,162,179.48,"{""solar"": 161, ""energy storage"": 1}",Solar,3674,"Business Company Overview We are America’s leading PV solar technology and manufacturing company. | The only U.S.-headquartered company among the world’s largest solar manufacturers, First Solar is focused on competitively and reliably enabling power generation needs with our advanced, uniquely American thin film PV technology.",0001274494-26-000021,
FTCI,"FTC Solar, Inc.",energy,renewables,keywords,63,92.8,"{""solar"": 61, ""photovoltaic"": 2}",Solar,3674,"Development of the business FTC Solar, Inc. | We are a global provider of solar tracker systems, supported by proprietary software and value-added engineering services.",0001193125-26-120372,
GPJA,Georgia Power Company 5% JR SUB NT 77,energy,renewables,keywords,9,8.74,"{""solar"": 4, ""energy storage"": 5}",Regulated Electric,4911,"Southern Power develops, constructs, acquires, owns, operates, and manages power generation assets, including battery energy storage projects, and sells electricity at market-based rates in the wholesale market. | Through the 2022 IRP and the 2023 IRP Update, the Georgia PSC has certified resources totaling approximately 13 GWs, approximately nine GWs of which are new generation and battery energy storage facilities that are being, or are expected to be, constructed by Georgia Power.",0000092122-26-000006,
HE,"Hawaiian Electric Industries, Inc.",energy,renewables,keywords,24,28.06,"{""solar"": 13, ""photovoltaic"": 2, ""energy storage"": 2, ""hydrogen"": 1, ""geothermal"": 6}",Regulated Electric,4911,"In addition, effective August 1, 2025, HEI closed on the sale of its solar and BESS assets to an unaffiliated third party for cash consideration (Solar Asset Disposition). | The Solar Asset Disposition was completed through the sale of the membership interests in Pacific Current, Solar and Storage Operating Company, LLC (PC Opco), a then newly created indirect subsidiary of Pacific Current, which owned all of the membership interest of Pacific Current’s solar and BESS p",0000354707-26-000008,
IDA,"IDACORP, Inc.",energy,renewables,keywords,14,17.99,"{""solar"": 6, ""energy storage"": 1, ""battery storage"": 5, ""hydrogen"": 1, ""geothermal"": 1}",Regulated Electric,4911,"Alternative methods of generation, including customer-owned solar and other forms of distributed generation, have the potential to decrease Idaho Power sales to customers. | Alternative methods of generation, including customer-owned solar and other forms of distributed generation, and energy efficiency measures, also have the potential to decrease Idaho Power sales to existing customers.",0001057877-26-000028,
IPWR,Ideal Power Inc.,energy,renewables,keywords,8,22.25,"{""solar"": 1, ""wind turbine"": 1, ""energy storage"": 6}",Semiconductors,3674,"4 Table of Contents Customer Engagements We have announced several engagements and/or initial orders with large companies, including Stellantis and other global automakers, Forbes Global 500 diverse power management market leaders, global tier 1 automotive suppliers, circuit protection market leader | First Design Win In late 2024, we announced our first design win for solid-state circuit breakers (“SSCBs”) with one of the largest circuit protection equipment manufacturers in Asia serving the data center, renewable energy, energy storage, EV and other industrial markets.",0001437749-26-009995,
MWH,"SOLV Energy, Inc. Class A Common Stock",energy,renewables,keywords,128,120.77,"{""solar"": 86, ""energy storage"": 2, ""battery storage"": 40}",Renewable Utilities,1600,"Engineering News Record ranks us the second largest solar contractor in the United States based on 2024 revenues and the seventh largest contractor in power overall. | We specialize in designing, building and maintaining utility-scale solar and battery storage projects with capacities of 200 MWdc and larger and related T&D infrastructure.",0001193125-26-124117,
MX,MagnaChip Semiconductor,energy,renewables,keywords,7,10.18,"{""solar"": 3, ""photovoltaic"": 3, ""energy storage"": 1}",Semiconductors,3674,"Power Analog Solutions products include metal oxide semiconductor field effect transistors (“MOSFETs”) and insulated-gate bipolar transistors (“IGBTs”) for a range of devices, including televisions, smartphones, mobile phones, wearable devices, desktop personal computers (“PCs”), notebook PCs, table | Power Analog Solutions products include metal oxide semiconductor field effect transistors (“MOSFETs”), and insulated-gate bipolar transistors (“IGBTs”) for a range of devices, including televisions, smartphones, mobile phones, wearable devices, desktop PCs, notebooks, tablet PCs, home appliance, ot",0001193125-26-108435,
NEE,"NextEra Energy, Inc.",energy,renewables,keywords,59,62.57,"{""solar"": 37, ""photovoltaic"": 1, ""energy storage"": 1, ""battery storage"": 20}",Regulated Electric,4911,"As of December 31, 2025, NEE had approximately 80 gigawatts of net generation and storage capacity from a diverse portfolio of assets, primarily including natural gas, wind, solar and nuclear generation facilities and battery storage facilities. | NEER’s strategic focus is centered on the development, construction and operation of long-term contracted generation facilities, including renewables, nuclear and natural gas, as well as battery storage facilities.",0000753308-26-000015,
NRG,"NRG Energy, Inc.",energy,renewables,keywords,5,4.83,"{""solar"": 2, ""energy storage"": 3}",Independent Power Producers,4911,"These solutions include system power, natural gas, demand response, distributed and backup generation, energy storage, energy management, renewable and low-carbon products and carbon management, energy efficiency, and bring your own power (“BYOP”) arrangements for large loads. | The following table summarizes NRG's generation portfolio as of December 31, 2025: (In MW)(a) Type Texas East West/Other(b) Total Natural gas 5,069  80  113  5,262  Coal 4,202  1,538  605  6,345  Oil —  455  —  455  Utility Scale Solar —  —  214  214  Total generation capacity 9,271  2,073  932  12,",0001013871-26-000004,
NXT,Nextpower Inc.,energy,renewables,keywords,117,123.21,"{""solar"": 114, ""photovoltaic"": 1, ""energy storage"": 2}",Solar,3674,"Overview We are a leading global provider of solar and energy technology solutions for utility-scale power plants. | Founded in 2013 by our Chief Executive Officer, Dan Shugar, we pioneered and remain the global market leader in solar tracking systems.",0001852131-26-000017,
NXXT,NextNRG Inc.,energy,renewables,keywords,57,40.8,"{""solar"": 39, ""photovoltaic"": 2, ""energy storage"": 8, ""battery storage"": 8}",Renewable Utilities,5500,"Business Overview NextNRG: Powering What’s Next NextNRG is Powering What’s Next by implementing artificial intelligence (AI) and machine learning (ML) into renewable energy, next-generation energy infrastructure, battery storage, wireless electric vehicle (“EV”) charging and on-demand mobile fuel de | At the core of NextNRG’s strategy is its utility operating system, which leverages AI and ML to help make existing utilities’ energy management as efficient as possible, and the deployment of NextNRG smart microgrids, which utilize AI-driven energy management alongside solar power and battery storag",0001493152-26-016896,
OGE,OGE Energy Corp.,energy,renewables,keywords,11,22.04,"{""solar"": 8, ""photovoltaic"": 2, ""fuel cell"": 1}",Regulated Electric,4911,"It is possible that changes in regulatory policies or advances in technologies such as fuel cells, microturbines, windmills and photovoltaic solar cells will reduce costs of new technology to levels that are equal to or below that of most central station electricity production. | • The Renewable Energy Credit purchase program, the Green Power Wind Rider and the Utility Solar Program are rate options that make renewable energy resources available as a voluntary option to all OG&E Oklahoma retail customers.",0001193125-26-055414,
ORA,"Ormat Technologies, Inc.",energy,renewables,keywords,451,234.15,"{""solar"": 83, ""energy storage"": 57, ""geothermal"": 311}",Renewable Utilities,4911,"BUSINESS Overview We are a leading vertically integrated company primarily engaged in the geothermal power business. | We leverage our core capabilities, proprietary technologies, and global presence to expand our activities in conventional geothermal development, recovered energy generation and emerging geothermal technologies, including piloting of new EGS technologies.",0001296445-26-000006,
OTTR,Otter Tail Corporation,energy,renewables,keywords,28,30.3,"{""solar"": 19, ""photovoltaic"": 3, ""energy storage"": 1, ""battery storage"": 4, ""hydrogen"": 1}",Conglomerates,4911,"Distributed energy resources can include combined heat and power, solar photovoltaic, wind, battery storage, thermal storage and demand-response technologies. | 7 Table of Contents As of December 31, 2025, OTP’s wholly or jointly owned plants and facilities, as well as in place power purchase agreements, and their nameplate capacity were:  Capacity / Purchased Power in kW (Nameplate Rating) Owned Generation: Baseload Plants Big Stone Plant(1) 256,025  Coyot",0001466593-26-000008,
PNW,Pinnacle West Capital Corporation,energy,renewables,keywords,29,22.56,"{""solar"": 18, ""energy storage"": 9, ""geothermal"": 2}",Regulated Electric,4911,"APS’s sources of energy by type used to supply energy to Native Load customers during 2025 were approximately as follows: APS has a diverse portfolio of existing and planned resources, including biomass, biogas, coal, energy storage, geothermal, natural gas, solar, and wind. | Generation Facilities APS has ownership interests in or leases the nuclear, gas, oil, coal, and solar generating facilities as well as energy storage facilities described below.",0000764622-26-000011,
POR,Portland General Electric Company,energy,renewables,keywords,31,32.4,"{""solar"": 23, ""photovoltaic"": 1, ""energy storage"": 6, ""geothermal"": 1}",Regulated Electric,4911,"Energy efficiency, demand response, conservation measures, and the advancement of technology around distributed generation, including rooftop solar, and storage resources also have an influence on customer demand. | Residential demand is also impacted by energy efficiency measures and increased rooftop solar penetration in the service territory.",0001193125-26-052750,
PPL,PPL Corporation,energy,renewables,keywords,14,16.01,"{""solar"": 11, ""photovoltaic"": 1, ""energy storage"": 1, ""battery storage"": 1}",Regulated Electric,4911,"During 2025, LG&E's and KU's power plants generated the following amounts of electricity: GWh Fuel Source LG&E KU Coal 10,331  14,738  Gas 1,613  4,899  Hydro 220  105  Solar 8  12  Total (a) 12,172  19,754  (a)This generation represents an increase for LG&E of 3% and an increase for KU of 5% from 2 | LG&E and KU received approval from the KPSC to develop a 4 MW Solar Share facility to service a Solar Share program.",0000922224-26-000008,
PPLC,PPL Corporation,energy,renewables,keywords,14,16.01,"{""solar"": 11, ""photovoltaic"": 1, ""energy storage"": 1, ""battery storage"": 1}",Regulated Electric,4911,"During 2025, LG&E's and KU's power plants generated the following amounts of electricity: GWh Fuel Source LG&E KU Coal 10,331  14,738  Gas 1,613  4,899  Hydro 220  105  Solar 8  12  Total (a) 12,172  19,754  (a)This generation represents an increase for LG&E of 3% and an increase for KU of 5% from 2 | LG&E and KU received approval from the KPSC to develop a 4 MW Solar Share facility to service a Solar Share program.",0000922224-26-000008,
RUN,Sunrun Inc.,energy,renewables,keywords,57,99.13,"{""solar"": 49, ""energy storage"": 4, ""battery storage"": 4}",Solar,1700,"Sunrun transformed the solar industry in 2007 by removing financial barriers and democratizing access to locally-generated, renewable energy. | Today, Sunrun is the nation’s leading provider of clean energy as a subscription service, offering residential solar and storage with no upfront costs.",0001628280-26-012289,
SEDG,"SolarEdge Technologies, Inc.",energy,renewables,keywords,144,131.52,"{""solar"": 132, ""photovoltaic"": 2, ""energy storage"": 5, ""battery storage"": 4, ""hydrogen"": 1}",Solar,3674,"Business Introduction We are a global smart energy technology company that changed the way power is harvested and managed in photovoltaic (also known as PV) systems. | Additional benefits of the DC optimized inverter system include: comprehensive and advanced safety features, improved design flexibility, efficient integration (DC coupled) with SolarEdge storage solutions, and improved operation and maintenance, or O&M, with remote monitoring at the module-level.",0001178913-26-000632,
SHLS,"Shoals Technologies Group, Inc.",energy,renewables,keywords,45,121.29,"{""solar"": 37, ""photovoltaic"": 1, ""energy storage"": 6, ""battery storage"": 1}",Solar,3674,"Overview Shoals Technologies Group is a leading design-engineering company and manufacturer of advanced electrical infrastructure solutions for mission‑critical applications across solar photovoltaic (PV), BESS, and data center power systems. | In the solar industry, electrical infrastructure is referred to as electrical balance of systems (EBOS).",0001831651-26-000021,
SMXT,Solarmax Technology Inc. Common Stock,energy,renewables,keywords,157,172.34,"{""solar"": 140, ""photovoltaic"": 11, ""energy storage"": 3, ""battery storage"": 3}",Solar,1700,Business Introduction We are an integrated solar and renewable energy company. | A solar energy system retains the direct current (DC) electricity from the sun and converts it to alternating current (AC) electricity that can be used to power residential homes and commercial businesses.,0001640334-26-000651,
SO,The Southern Company,energy,renewables,keywords,9,8.74,"{""solar"": 4, ""energy storage"": 5}",Regulated Electric,4911,"Southern Power develops, constructs, acquires, owns, operates, and manages power generation assets, including battery energy storage projects, and sells electricity at market-based rates in the wholesale market. | Through the 2022 IRP and the 2023 IRP Update, the Georgia PSC has certified resources totaling approximately 13 GWs, approximately nine GWs of which are new generation and battery energy storage facilities that are being, or are expected to be, constructed by Georgia Power.",0000092122-26-000006,
SOJC,The Southern Company JR 2017B NT 77,energy,renewables,keywords,9,8.74,"{""solar"": 4, ""energy storage"": 5}",Regulated Electric,4911,"Southern Power develops, constructs, acquires, owns, operates, and manages power generation assets, including battery energy storage projects, and sells electricity at market-based rates in the wholesale market. | Through the 2022 IRP and the 2023 IRP Update, the Georgia PSC has certified resources totaling approximately 13 GWs, approximately nine GWs of which are new generation and battery energy storage facilities that are being, or are expected to be, constructed by Georgia Power.",0000092122-26-000006,
SOJD,Southern Company (The) Series 2,energy,renewables,keywords,9,8.74,"{""solar"": 4, ""energy storage"": 5}",Regulated Electric,4911,"Southern Power develops, constructs, acquires, owns, operates, and manages power generation assets, including battery energy storage projects, and sells electricity at market-based rates in the wholesale market. | Through the 2022 IRP and the 2023 IRP Update, the Georgia PSC has certified resources totaling approximately 13 GWs, approximately nine GWs of which are new generation and battery energy storage facilities that are being, or are expected to be, constructed by Georgia Power.",0000092122-26-000006,
SOJE,Southern Company (The) Series 2,energy,renewables,keywords,9,8.74,"{""solar"": 4, ""energy storage"": 5}",Regulated Electric,4911,"Southern Power develops, constructs, acquires, owns, operates, and manages power generation assets, including battery energy storage projects, and sells electricity at market-based rates in the wholesale market. | Through the 2022 IRP and the 2023 IRP Update, the Georgia PSC has certified resources totaling approximately 13 GWs, approximately nine GWs of which are new generation and battery energy storage facilities that are being, or are expected to be, constructed by Georgia Power.",0000092122-26-000006,
SOJF,Southern Company 6.5 % Notes 2025-15.03.85,energy,renewables,keywords,9,8.74,"{""solar"": 4, ""energy storage"": 5}",Regulated Electric,4911,"Southern Power develops, constructs, acquires, owns, operates, and manages power generation assets, including battery energy storage projects, and sells electricity at market-based rates in the wholesale market. | Through the 2022 IRP and the 2023 IRP Update, the Georgia PSC has certified resources totaling approximately 13 GWs, approximately nine GWs of which are new generation and battery energy storage facilities that are being, or are expected to be, constructed by Georgia Power.",0000092122-26-000006,
SOMN,The Southern Company,energy,renewables,keywords,9,8.74,"{""solar"": 4, ""energy storage"": 5}",Regulated Electric,4911,"Southern Power develops, constructs, acquires, owns, operates, and manages power generation assets, including battery energy storage projects, and sells electricity at market-based rates in the wholesale market. | Through the 2022 IRP and the 2023 IRP Update, the Georgia PSC has certified resources totaling approximately 13 GWs, approximately nine GWs of which are new generation and battery energy storage facilities that are being, or are expected to be, constructed by Georgia Power.",0000092122-26-000006,
SPRU,Spruce Power Holding Corporation,energy,renewables,keywords,194,103.09,"{""solar"": 187, ""energy storage"": 4, ""battery storage"": 1, ""fuel cell"": 1, ""geothermal"": 1}",Solar,4911,"Business Company Overview  Spruce Power Holding Corporation and its subsidiaries (“Spruce Power”) is a leading owner and operator of distributed solar energy assets across the United States (the “U.S.”), offering subscription-based services to approximately 84,000 home solar assets and customer cont | We are engaged in the ownership and maintenance of home solar energy systems for homeowners in the U.S.",0001628280-26-022506,
SPWR,SunPower Inc.,energy,renewables,keywords,80,225.61,"{""solar"": 76, ""battery storage"": 4}",Solar,1700,"or SunPower, has created a unique, end-to-end offering that delivers a best-in-class customer experience with a robust technology platform, financing solutions, and high-performance solar equipment. | (the “Company”) is the rebranded name of Complete Solaria, Inc.",0001213900-26-043623,
STEM,"Stem, Inc.",energy,renewables,keywords,31,87.35,"{""solar"": 16, ""energy storage"": 15}",Renewable Utilities,7373,"PowerTrack is our integrated suite of software and solutions for solar, storage and hybrid assets. | Our PowerTrack Software for solar monitoring and analytics enables the standardization of energy portfolios on one hardware agnostic application.",0001758766-26-000016,
TE,T1 Energy Inc,energy,renewables,keywords,138,212.08,"{""solar"": 134, ""photovoltaic"": 1, ""energy storage"": 3}",Electrical Equipment & Parts,3674,"solar supply chain for solar modules to invigorate the United States with scalable, reliable, and low-cost energy. | We currently manufacture and sell photovoltaic (“PV”) solar modules in Texas and are constructing our PV solar cell fab in Texas.",0001992243-26-000007,
TVC,Tennessee Valley Authority,energy,renewables,keywords,34,16.58,"{""solar"": 24, ""energy storage"": 8, ""battery storage"": 2}",Diversified Utilities,4911,"(2) In addition to the locations above, TVA owns approximately one megawatt (""MW"") of nameplate capacity among nine operating solar installations across the Tennessee Valley region with six installations in Tennessee, two in Alabama, and one in Mississippi. | Power generating facilities operated by TVA at September 30, 2025, included three nuclear sites, 18 natural gas and/or oil-fired sites, four coal-fired sites, 29 conventional hydroelectric sites, one pumped-storage hydroelectric site, one diesel generator site, and nine operating solar installations",0001376986-25-000056,
TVE,Tennessee Valley Authority PARRS A 2029,energy,renewables,keywords,34,16.58,"{""solar"": 24, ""energy storage"": 8, ""battery storage"": 2}",Independent Power Producers,4911,"(2) In addition to the locations above, TVA owns approximately one megawatt (""MW"") of nameplate capacity among nine operating solar installations across the Tennessee Valley region with six installations in Tennessee, two in Alabama, and one in Mississippi. | Power generating facilities operated by TVA at September 30, 2025, included three nuclear sites, 18 natural gas and/or oil-fired sites, four coal-fired sites, 29 conventional hydroelectric sites, one pumped-storage hydroelectric site, one diesel generator site, and nine operating solar installations",0001376986-25-000056,
TXNM,"TXNM Energy, Inc.",energy,renewables,keywords,47,71.8,"{""solar"": 26, ""energy storage"": 19, ""geothermal"": 2}",Regulated Electric,4911,"New Mexico is frequently characterized by its high potential for solar and wind capacity. | PNM PNM’s capacity in commercial operation as of December 31, 2025, are as follows: Generation Percent of Capacity Generation Type Name Location (MW) Capacity Solar PNM-owned solar Twenty sites in New Mexico 158  3.3  % Solar Britton Torrance County, New Mexico 50  1.1  Solar Encino Sandoval County,",0001108426-26-000006,
TYGO,"Tigo Energy, Inc.",energy,renewables,keywords,81,103.98,"{""solar"": 70, ""photovoltaic"": 1, ""energy storage"": 10}",Solar,3674,"Overview Our mission is to deliver smart system solutions, combining hardware and software, which enhance safety, increase energy yield, and lower operating costs of residential, commercial, and utility-scale solar systems. | We believe we are a worldwide leader in the development and delivery of products and solutions that are flexible and dependable, increasing the energy generation of solar energy systems.",0001193125-26-115952,
VST,Vistra Corp.,energy,renewables,keywords,14,12.79,"{""solar"": 8, ""energy storage"": 6}",Independent Power Producers,4911,"Our generation fleet totals approximately 44,000 megawatts of generation capacity powered by a diverse portfolio, including natural gas, nuclear, coal, solar, and battery energy storage facilities. | We believe that we have differentiated ourselves by providing a distinctive customer experience predicated on delivering reliable and innovative power products and solutions to our customers, including 100% wind and solar options, as well as thermostats, dashboards, and other programs designed to en",0001692819-26-000006,
XIFR,"XPLR Infrastructure, LP",energy,renewables,keywords,32,98.86,"{""solar"": 18, ""wind turbine"": 1, ""energy storage"": 1, ""battery storage"": 12}",Renewable Utilities,4911,"XPLR's portfolio is diversified across generation technologies including wind, solar and battery storage projects. | electricity demand will create opportunities for XPLR to invest in its existing portfolio, including through additional investments in renewable energy repowering projects and co-located battery storage and through renewing, extending or recontracting existing PPAs.",0001603145-26-000007,
ZEO,Zeo Energy Corp.,energy,renewables,keywords,124,139.7,"{""solar"": 105, ""photovoltaic"": 1, ""energy storage"": 18}",Solar,1700,"Business Overview We are a vertically integrated company offering energy solutions and services that include sale, design, procurement, installation, and maintenance of residential solar energy systems. | Many of our solar energy system customers also purchase other energy efficiency-related equipment or services or roofing services from us.",0001213900-26-037791,
AEVA,"Aeva Technologies, Inc.",robotics,autonomous_drone,keywords,84,183.17,"{""autonomous vehicle"": 3, ""autonomous driving"": 4, ""self-driving"": 1, ""lidar"": 76}",Semiconductors,3714,"Through our Frequency Modulated Continuous Wave (“FMCW”) sensing technology, we believe we are introducing the world’s first 4D LiDAR-on-chip that, along with our proprietary software applications, have the potential to enable the adoption of LiDAR across broad applications. | Our 4D LiDAR-on-chip combines silicon photonics technology that is proven in the telecom industry with precise instant velocity measurements and long-range performance for commercialization.",0001193125-26-116518,
AIRO,"AIRO Group Holdings, Inc. Common Stock",robotics,autonomous_drone,keywords,137,95.3,"{""autonomous vehicle"": 1, ""drone"": 127, ""unmanned aerial"": 4, ""unmanned aircraft"": 5}",Aerospace & Defense,3721,"We leverage decades of industry expertise and connections across the drone, aviation, and avionics markets to provide leading solutions to the aerospace and defense market. | Our business is organized into four operating segments, each of which represents a critical growth vector in the aerospace and defense market: Drones, Avionics, Training, and Electric Air Mobility.",0001493152-26-014116,
ARAI,Arrive AI Inc.,robotics,autonomous_drone,keywords,41,76.97,"{""drone"": 39, ""unmanned aerial"": 2}",Software - Application,7340,"Corporate History We were incorporated on April 30, 2020, in the State of Delaware under the name of Dronedek Corporation. | We are an early-stage technology company with a focus on designing and implementing a commercially viable smart mailbox and platform system for smart, secure, and seamless exchange of packages, goods, supplies, food, and medications between people, through the use of robots and drones.",0001493152-26-016808,
AUR,"Aurora Innovation, Inc.",robotics,autonomous_drone,keywords,90,113.71,"{""autonomous vehicle"": 9, ""autonomous driving"": 2, ""self-driving"": 56, ""lidar"": 23}",Software - Application,7373,"Company Overview Our mission is to deliver the benefits of self-driving technology safely, quickly, and broadly. | Aurora was founded in 2017 by Chris Urmson, Sterling Anderson, and Drew Bagnell, three of the most prominent leaders in the self-driving space.",0001828108-26-000016,
AXON,"Axon Enterprise, Inc.",robotics,autonomous_drone,keywords,28,57.2,"{""drone"": 27, ""unmanned aerial"": 1}",Aerospace & Defense,3480,"Our trusted network seamlessly integrates software and hardware with a range of connected devices, including TASER energy devices, cameras and sensors, drones and robotics, cloud-based evidence management, records management, real-time operations software, critical incident and emergency response sy | 2.Connected Devices: We develop, manufacture and sell fully integrated hardware solutions such as conducted energy devices (“CEDs”) sold under the TASER brand, body cameras, fixed and in-car cameras, drone and counter-drone technologies, and a broad ecosystem of accessories, extended warranties and ",0001628280-26-011360,
AZIO,"Azio AI Holdings, Inc.",robotics,autonomous_drone,keywords,91,105.43,"{""drone"": 85, ""unmanned aerial"": 2, ""unmanned aircraft"": 4}",Software - Infrastructure,3714,"Our operating and development initiatives are organized around a common foundation of power management, electrification, and integrated hardware know-how, with current focus areas including commercial EVs, electric drone platforms, and medical supplies. | Our drone segment is focused on the development of heavy-lift, industrial-grade drone platforms designed for agricultural, fire suppression, and forestry applications.",0001437749-26-012170,
CYN,Cyngn Inc.,robotics,autonomous_drone,keywords,32,46.37,"{""autonomous vehicle"": 18, ""autonomous driving"": 8, ""self-driving"": 5, ""lidar"": 1}",Software - Application,7371,"is an autonomous vehicle (“AV”) technology company that is focused on addressing industrial uses for autonomous vehicles. | We integrate our full-stack autonomous driving software, DriveMod, onto vehicles manufactured by Original Equipment Manufacturers (“OEM”) by integration directly into vehicle assembly.",0001213900-26-034900,
DFNS,T3 Defense Inc.,robotics,autonomous_drone,keywords,22,17.47,"{""drone"": 19, ""unmanned aerial"": 3}",Aerospace & Defense,8742,"[closed December 30, 2025] ● Nimbus Drones Technologies and Marketing Ltd. | Distribution rights) - Distribution agreement for advanced drone payload systems for defense and  homeland security markets, with minimum commitments of 30 payloads over three years.",0001213900-26-041888,
DUKR,DUKE Robotics Corp.,robotics,autonomous_drone,keywords,76,128.36,"{""drone"": 75, ""unmanned aerial"": 1}",Aerospace & Defense,3721,"Corporate Overview We are a robotics company developing advanced robotic and drone-based systems. | Our technologies include an advanced robotic stabilization system that enables remote, real-time, pinpoint-accurate firing of small arms and light weapons, as well as civilian drone-based solutions focused on infrastructure maintenance, which is a drone technology for conducting routine maintenance ",0001213900-26-026927,
FFAI,Faraday Future Intelligent Electric Inc.,robotics,autonomous_drone,keywords,16,12.56,"{""autonomous vehicle"": 1, ""autonomous driving"": 13, ""self-driving"": 2}",Auto - Manufacturers,3711,"patent for its proprietary power inverter, the “FF Echelon Inverter.” In November 2016, the Company obtained an autonomous vehicle testing permit issued by the State of California, which allowed the Company to test self-driving vehicles on public roads with a safety driver present. | Technology  The Company develops technology for its electric vehicles, with a focus on vehicle architecture, propulsion systems, autonomous driving readiness, connectivity, and user experience.",0001628280-26-022509,
KDK,"Kodiak AI, Inc. Common Stock",robotics,autonomous_drone,keywords,10,16.61,"{""autonomous vehicle"": 4, ""self-driving"": 3, ""lidar"": 3}",Software - Infrastructure,7373,"Our common stock is listed on the Nasdaq under the symbol “KDK,” and our warrants to purchase shares of common stock are listed on the Nasdaq under the symbol “KDKRW.” Company Overview Kodiak is a leading provider of physical AI, with a focus on AI-powered autonomous vehicle (“AV”) technology, that  | The AI models in our proprietary perception and planning systems are trained and continually improved based on the data we collect through multiple sensing modalities, including camera, radar, and LiDAR sensor returns while a Kodiak Driver-powered vehicle is operating, as well as data from an Inerti",0001628280-26-016910,
KTOS,"Kratos Defense & Security Solutions, Inc.",robotics,autonomous_drone,keywords,31,29.81,"{""drone"": 20, ""unmanned aerial"": 10, ""unmanned aircraft"": 1}",Aerospace & Defense,3760,"Kratos’ primary business areas include, virtualized ground systems for satellites and space vehicles including software for command & control (C2) and telemetry, tracking and control (TT&C), jet powered unmanned aerial drone systems, hypersonic vehicles and rocket systems, propulsion systems for dro | These investments include unmanned jet powered aircraft such as Kratos Valkyrie ahead of potential contract award; a hypersonic system fabrication and integration facility including for Kratos Zeus solid rocket missiles (SRMs) and Erinyes hypersonic flight systems in Indiana; the procurement of long",0001069258-26-000013,
LCID,"Lucid Group, Inc.",robotics,autonomous_drone,keywords,18,14.81,"{""autonomous vehicle"": 7, ""autonomous driving"": 3, ""self-driving"": 2, ""lidar"": 1, ""robotaxi"": 5}",Auto - Manufacturers,3711,"Lucid (i) designs, engineers and manufactures EVs, EV powertrains, and battery systems in-house, using our equipment and factories, (ii) designs and develops proprietary software in-house for Lucid vehicles that is continuously enhanced through over-the-air (“OTA”) software updates, (iii) offers an  | More recently, we have entered the robotaxi market to further leverage our technologies and capabilities and position ourselves in a fast- growing market.",0001628280-26-011053,
LIDR,"AEye, Inc.",robotics,autonomous_drone,keywords,54,94.27,"{""autonomous vehicle"": 2, ""autonomous driving"": 5, ""lidar"": 47}",Software - Infrastructure,3714,"Business General We are a provider of physical AI sensing solutions built on high-performance, active lidar systems for vehicle autonomy, advanced driver-assistance systems (ADAS), robotic vision and a range of Non-Automotive applications. | Our proprietary Intelligent Sensing Platform incorporates a solid‑state, software‑definable active lidar sensor; an adaptive SmartScan architecture that dynamically adjusts scan patterns for different scenes and targets; and a signal‑processing pipeline designed to deliver precise measurements and i",0001437749-26-008858,
MBLY,Mobileye Global Inc.,robotics,autonomous_drone,keywords,119,70.93,"{""autonomous vehicle"": 22, ""autonomous driving"": 55, ""self-driving"": 15, ""lidar"": 17, ""robotaxi"": 10}",Auto - Parts,7372,"Company Overview Mobileye is a leader in the development and deployment of advanced driver assistance systems (“ADAS”) and autonomous driving technologies and solutions. | We pioneered ADAS technology more than 25 years ago and have continuously expanded the scope of our ADAS offerings, while leading the evolution to autonomous driving solutions.",0001104659-26-014300,
PDYN,Palladyne AI Corp.,robotics,autonomous_drone,keywords,12,16.34,"{""lidar"": 2, ""drone"": 9, ""unmanned aerial"": 1}",Software - Infrastructure,7372,"Overview We are a U.S.-based technology company developing and offering embodied artificial intelligence (""AI"") software and collaborative autonomy solutions, advanced avionics, unmanned aerial vehicles (""UAVs""), advanced UAV engineering services and precision-manufactured components for defense and | Using sensors like vision, LiDAR, radar and acoustic devices, robots gain situational awareness to perceive a dynamic and unstructured environment.",0001193125-26-092443,
RCAT,"Red Cat Holdings, Inc.",robotics,autonomous_drone,keywords,32,81.42,"{""drone"": 26, ""unmanned aerial"": 2, ""unmanned aircraft"": 4}",Aerospace & Defense,7372,"BUSINESS Overview  We are a U.S.-based provider of advanced all-domain drone and robotic solutions for defense, national security, and commercial applications. | Our family of systems delivers tactical capabilities in small, unmanned aircraft systems (sUAS) and uncrewed surface vessels (USVs), delivering integrated platforms designed to enhance safety and multi-domain mission effectiveness.",0001628280-26-019861,
SES,SES AI Corporation,robotics,autonomous_drone,keywords,12,57.89,"{""drone"": 12}",Auto - Parts,3690,"Business Overview We are a leading developer and manufacturer of high-performance, AI-enhanced Lithium-Metal (“Li-Metal”) and Lithium-ion (“Li-ion”) rechargeable battery technologies and battery materials for Energy Storage Systems (“ESS”), Urban Air Mobility (“UAM”), drones, robotics, electric vehi | Molecular Universe Through our AI-based platform, Molecular Universe, we believe we have access to multi-pronged business opportunities in fast growing markets, such as ESS, drones and materials.",0001819142-26-000010,
SPAI,Safe Pro Group Inc. Common Stock,robotics,autonomous_drone,keywords,60,84.58,"{""drone"": 60}",Aerospace & Defense,7372,"Our strategic emphasis is on the development of a software-based ecosystem for analyzing drone imagery and data utilizing proprietary artificial intelligence (“AI”), machine learning, deep learning, and applied computer vision software for hyper scalable processing, analysis, and reporting. | Our core capabilities include artificial intelligence/machine learning, mission critical drone services and manufacturing of high performance ballistic protective products.",0001493152-26-014181,
TSLA,"Tesla, Inc.",robotics,autonomous_drone,keywords,30,46.99,"{""autonomous vehicle"": 19, ""autonomous driving"": 1, ""self-driving"": 5, ""robotaxi"": 5}",Auto - Manufacturers,3711,"BUSINESS Overview We are focused on bringing artificial intelligence (“AI”) into the real world, through products and services like Full Self-Driving (“FSD”) (Supervised) and Robotaxi, as well as working to develop and commercialize AI robots (“Bots”) (including Optimus). | We emphasize performance, attractive styling and the safety of our users and workforce in the design and manufacture of our products and are continuing to develop full self-driving technology for improved safety.",0001628280-26-003952,
VIA,"Via Transportation, Inc.",robotics,autonomous_drone,keywords,14,16.33,"{""autonomous vehicle"": 14}",Software - Application,7372,•Autonomous vehicles: Our software seamlessly integrates autonomous shuttles into the broader transportation landscape. | We Serve as the Conduit to Connect Autonomous Vehicles to Public Transportation Networks We firmly believe that our platform has a pivotal role to play to enable adoption of modern technology solutions by cities and government agencies.,0001603015-26-000008,
VWAV,"VisionWave Holdings, Inc.",robotics,autonomous_drone,keywords,12,61.73,"{""drone"": 8, ""unmanned aerial"": 2, ""unmanned aircraft"": 2}",Aerospace & Defense,7372,"(a Nevada corporation, “VisionWave Technologies”), we design, prototype, and deploy technologies including high-resolution radars, advanced vision systems, radio frequency (“RF”) sensing innovations, unmanned aerial systems (“UAS”), unmanned ground vehicles (“UGVs”), remote weapon stations (“RWS”),  | 1 The following table summarizes our key product lines as of the date hereof: Product Line Description Domain Status and Key Features C-UAS (Counter-Unmanned Aircraft System) Autonomous detection, tracking, and neutralization of aerial threats using onboard AI-driven sensors and effectors.",0001731122-25-001750,
XTIA,"XTI Aerospace, Inc.",robotics,autonomous_drone,keywords,54,108.81,"{""drone"": 51, ""unmanned aerial"": 2, ""unmanned aircraft"": 1}",Aerospace & Defense,7371,"ITEM 1: BUSINESS Overview XTI Aerospace is a provider of unmanned aerial systems (“UAS”) solutions operating through two business divisions: a commercial drone solutions business and an advanced systems and defense division. | The Company’s commercial drone solutions business, conducted primarily through its majority owned subsidiary, XTI Drones Holdings, LLC, which owns Drone Nerds, LLC and Anzu Robotics, LLC (collectively, “Drone Nerds”), constitutes substantially all of the Company’s revenues.",0001213900-26-043785,
ALGM,"Allegro MicroSystems, Inc.",robotics,components,keywords,28,26.66,"{""robot"": 28}",Semiconductors,3674,"Our Mission Our mission is to be the leader in global semiconductor technology with sensing and power solutions that drive electrification, automation, AI, and robotics forward. | We primarily serve automotive and industrial markets, including advanced industrial markets such as AI data centers, robotics, and energy infrastructure, where our solutions enable customers to sense, move, and manage power with efficiency, precision, and reliability.",0001193125-26-233537,
AMBA,"Ambarella, Inc.",robotics,components,keywords,21,24.2,"{""robot"": 21}",Semiconductors,3674,"Our products are used in a wide variety of human viewing, computer vision for edge and physical AI applications, including a variety of video security cameras, automotive camera systems, fixed robots, autonomous mobile robots (AMRs), industrial applications, intelligent transportation systems, and c | It delivers exceptional AI performance for sophisticated computer vision and multi-modal processing in next-generation automotive, security, and robotics systems.",0001193125-26-119321,
CEVA,"CEVA, Inc.",robotics,components,keywords,9,17.19,"{""robot"": 9}",Semiconductors,7370,"Sense - rich perception from audio, imaging, inertial, and RF sensors  The rise of sensor‑rich products such as wearables, XR devices, smart cameras, robotics, and advanced automotive systems is driving demand for sophisticated sensor‑fusion algorithms, advanced audio processing, spatial awareness,  | This expansion is being propelled by sustained advancements in mobile computing, industrial automation, automotive sensing, robotics, and the rapid adoption of both generative AI and embedded AI across a wide range of end markets.",0001437749-26-006091,
NOVT,Novanta Inc.,robotics,components,keywords,12,15.06,"{""robot"": 12}","Hardware, Equipment & Parts",3690,"We combine deep proprietary technology expertise and competencies in precision medicine, precision manufacturing, robotics and automation, and advanced surgery with a proven ability to solve complex technical challenges. | Strategy  Our strategy is to drive sustainable, profitable growth through short-term and long-term initiatives, including:  • disciplined focus on our diversified business model of providing proprietary technology solutions to long life-cycle OEM customer platforms in attractive medical and advanced",0001193125-26-064230,
OUST,"Ouster, Inc.",robotics,components,keywords,17,26.34,"{""robot"": 17}",Semiconductors,3569,"•Robotics. | Our robotics customers are pioneering an automated future that can affect many aspects of our daily lives as they take on tasks that are redundant, cumbersome, expensive or dangerous for humans.",0001628280-26-013313,
TER,"Teradyne, Inc.",robotics,components,keywords,34,71.4,"{""robot"": 34}",Semiconductors,3825,"(“Teradyne”) was founded in 1960 and is a leading global provider of automated test equipment and robotics solutions. | Teradyne's robotics product offerings consist primarily of collaborative robotic arms and autonomous mobile robots used by global manufacturing, logistics and industrial customers to improve quality, increase manufacturing and material handling efficiency while reducing costs.",0001193125-26-059002,
CGNX,Cognex Corporation,robotics,industrial_automation,keywords,34,79.85,"{""robotic"": 3, ""factory automation"": 1, ""machine vision"": 30}","Hardware, Equipment & Parts",3823,"ITEM 1: BUSINESS Our Company Founded in 1981, Cognex Corporation (the ""Company” or “Cognex”) makes advanced machine vision easy, paving the way for manufacturing and distribution companies to become faster, smarter, and more efficient through automation. | We are a global technology leader in industrial machine vision systems that seek to improve efficiency and help solve critical manufacturing and distribution challenges, providing support across a diverse set of industrial end markets.",0000851205-26-000012,
CMCO,Columbus McKinnon Corporation,robotics,industrial_automation,keywords,6,11.18,"{""robotic"": 1, ""motion control"": 5}",Industrial - Machinery,3531,"Key products include hoists, crane components, precision conveyor systems, rigging tools, light rail workstations and digital power and motion control systems. | Our products include a broad variety of offerings for customers, including hoists, crane components, precision conveyor systems, rigging tools, light rail workstations and digital power and motion control systems in a $35 billion Total Addressable Market (“TAM”).",0001005229-26-000022,
HURC,"Hurco Companies, Inc.",robotics,industrial_automation,keywords,15,19.78,"{""motion control"": 2, ""collaborative robot"": 3, ""cobot"": 10}",Industrial - Machinery,3823,"Hurco is the technology and innovation brand for customers who seek to increase productivity and profitability by selecting a brand with the latest software and motion control technology. | ProCobots, LLC (“ProCobots”) is our wholly-owned subsidiary that provides automation solutions, such as feeders, machine tending systems, and collaborative robots (cobots).",0001104659-26-002512,
KITT,"Nauticus Robotics, Inc.",robotics,industrial_automation,keywords,40,72.28,"{""robotic"": 40}",Aerospace & Defense,3569,"Business Nauticus Robotics, Inc. | (“Nauticus,” “Nauticus Robotics™,” the ""Company"", ""our"", ""us"" or ""we"") is a technology-driven company specializing in the development of advanced fully electric autonomous robotic solutions for subsea applications.",0001849820-26-000051,
LASE,Laser Photonics Corporation,robotics,industrial_automation,keywords,9,12.74,"{""robotic"": 9}",Industrial - Machinery,3690,"Our CleanTech™ line scales with customer needs, starting with low price-point handheld Laser Blasters™ designed to tackle simple cleaning and surface predation jobs, to high-end AI-controlled, user-programmable C-Robotics™ made for complex, precision production environments. | Since our founding in 2019, we have developed an extensive portfolio of proprietary equipment and technologies that formed the base for our broad product offering, starting from relatively simple handheld devices to fully automatic and operated by AI robotic systems.",0001493152-26-018110,
RR,Richtech Robotics Inc. Class B Common Stock,robotics,industrial_automation,keywords,92,89.68,"{""industrial robot"": 1, ""robotic"": 91}",Industrial - Machinery,3569,Business Overview Richtech is a robotics and artificial intelligence (“AI”) technology company focused on developing advanced embodied AI systems that aims to improve the efficiency and productivity of U.S. | Richtech trains proprietary artificial intelligence models on in-house data to operate advanced robotic systems in the real world.,0001213900-26-005343,
RRX,Regal Rexnord Corporation,robotics,industrial_automation,keywords,10,21.82,"{""robotic"": 1, ""factory automation"": 3, ""motion control"": 6}",Industrial - Machinery,3569,"The Company's automation offering, comprised of controllers, drives, precision motors, and actuators, controls motion in applications ranging from factory automation to precision tools used in surgical applications. | The Company is comprised of three operating segments: Automation & Motion Control (""AMC""), Industrial Powertrain Solutions (""IPS""), and Power Efficiency Solutions (""PES"").",0000082811-26-000054,
SERV,Serve Robotics Inc.,robotics,industrial_automation,keywords,23,49.96,"{""robotic"": 23}",Industrial - Machinery,3569,"Business Unless otherwise stated or the context otherwise indicates, all references to “Serve,” the “Company,” “we,” “our,” “us,” or similar terms refer to Serve Robotics Inc. | Glossary of Terms and Abbreviations The following is a glossary of technical terms used in this Annual Report on Form 10-K: GPU — Graphical Processing Unit LiDAR — A digital sensor for measuring distance to objects which uses the principle of radar, but uses light from a laser ODD — Operating Design",0001832483-26-000010,
SYM,Symbotic Inc.,robotics,industrial_automation,keywords,31,30.93,"{""robotic"": 27, ""warehouse automation"": 4}",Industrial - Machinery,3569,"Our robotic based automation systems, which include hardware and essential software, move, store and sort cases and eaches in warehouses. | Our systems are designed to increase efficiency, speed and flexibility of the supply chain by using proprietary robotics and A.I.-powered software for the movement and storage of goods.",0001837240-25-000278,
TEX,Terex Corporation,robotics,industrial_automation,keywords,6,8.81,"{""robotic"": 6}",Industrial - Machinery,3537,"We market our MP products principally under the following brand names and business lines: Terex®, Powerscreen®, Fuchs®, EvoQuip®, Canica®, Cedarapids®, CBI®, Simplicity®, Franna®, Terex Ecotec®, Finlay®, ProAll®, ZenRobotics®, Terex Washing Systems, Terex MPS, Terex Jaques®, Advance®, ProStack®, Bid | Robotic waste sorting equipment consists of smart robots, powered by AI software, designed to pick, sort and recycle waste.",0000097216-26-000035,
FOCL,EDAP TMS S.A. American Depositary Shares,robotics,surgical_medical,keywords,3,3.86,"{""robotic-assisted"": 2, ""robotic system"": 1}",Medical - Devices,3845,"Our long-term roadmap includes: ● Progressively integrating AI-driven automation; ● Expanding theranostic capabilities through multi-modal imaging integration; ● Developing next-generation probes with improved depth, speed, and acoustic efficiency; and ● Enabling broader interoperability with hospit | Current standard therapies for localized prostate cancer include radical prostatectomy (including robotic-assisted approaches), external beam radiation therapy, brachytherapy, cryotherapy, and active surveillance.",0001104659-26-034528,
GMED,"Globus Medical, Inc.",robotics,surgical_medical,keywords,4,3.31,"{""robotic surgery"": 1, ""robotic system"": 3}",Medical - Devices,3841,"During the fourth quarter of 2021, the Company acquired Capstone Surgical Technologies, LLC, a company that engages in the business of creating advanced drill and robotic surgery platforms. | The Excelsius® robotic systems are assembled in our facility in Methuen, Massachusetts.",0001628280-26-011209,
ISRG,"Intuitive Surgical, Inc.",robotics,surgical_medical,keywords,26,15.57,"{""surgical robot"": 1, ""robotic-assisted"": 24, ""robotic system"": 1}",Medical - Instruments & Supplies,3842,"We do so by providing a comprehensive ecosystem that includes robotic-assisted systems, instruments and accessories, customer learning, and customer support services all connected by a digital portfolio that enables actionable insights across the care continuum. | Products Systems Our robotic-assisted platforms extend the care teams’ capabilities to deliver minimally invasive care.",0001035267-26-000010,
PRCT,PROCEPT BioRobotics Corporation,robotics,surgical_medical,keywords,35,24.4,"{""surgical robot"": 4, ""robotic system"": 31}",Medical - Devices,3841,"Business Overview We are a surgical robotics company focused on advancing patient care by developing transformative solutions in urology. | We develop, manufacture and sell the AquaBeam Robotic System and HYDROS Robotic System, which are advanced, image-guided, surgical robotic systems for use in minimally invasive urologic surgery, with an initial focus on treating benign prostatic hyperplasia, or BPH.",0001588978-26-000009,
PROF,Profound Medical Corp.,robotics,surgical_medical,keywords,3,1.92,"{""robotic surgery"": 2, ""robotic-assisted"": 1}",Medical - Devices,3841,"Over time, surgery has evolved from an ‘open’ technique, to laparoscopic, to robotic surgery. | Recently, robotic surgery systems have become more common in the market.",0001104659-26-024153,
SSII,"SS Innovations International, Inc.",robotics,surgical_medical,keywords,100,68.88,"{""surgical robot"": 50, ""robotic surgery"": 9, ""robotic-assisted"": 14, ""robotic assisted"": 3, ""robotic system"": 22, ""robotic platform"": 2}",Medical - Devices,3841,"Overview We are a commercial-stage surgical robotics company focused on transforming patient lives by democratizing access to advanced surgical robotics technologies. | We design, manufacture and market an advanced, next-generation and affordable surgical robotic system called the SSi Mantra Surgical Robotic System (the “SSi Mantra”) intended for use in urology, general, gynecology, colorectal, gastroenterology, head and neck, thoracic and cardiac surgeries.",0001213900-26-025440,
TELA,"TELA Bio, Inc.",robotics,surgical_medical,keywords,12,6.15,"{""robotic-assisted"": 12}",Medical - Devices,3841,"In addition, we have also designed an OviTex product specifically for use in laparoscopic and robotic-assisted hernia repair, which we market as OviTex LPR and began commercializing in November 2018. | Surgical hernia repair is performed either through open repair, which uses a single incision to open the abdomen or groin across the hernia, or minimally invasive repair, which  10 Table of Contents involves laparoscopic or robotic-assisted techniques.",0001104659-26-034507,
