key,ir_full,ir_design,ir_holdout,contribution_ann,net_ann,sharpe_net,max_dd,turnover_ann,cost_ann,invested_avg,names_avg,config
94241c5e2e10,-1.05359759567917,-1.110324826122471,-0.9753078461287883,-0.025237755910532473,0.12084222305193415,0.656281429135615,-0.2866826581023668,1.3435119243880822,0.021710266965145483,0.9643509303936936,561.6813186813187,"{""group_mult"": {""fundamental_mom"": 1.0, ""growth_quality"": 1.0, ""investment"": 1.0, ""low_risk"": 1.0, ""momentum"": 1.0, ""quality"": 1.0, ""survival"": 1.0, ""commodity"": 1.0, ""leverage"": 1.0, ""value"": 1.0}, ""lam"": 0.0, ""top_frac"": 1.0, ""budgets"": {""ai"": 0.15, ""biotech"": 0.15, ""cyber_cloud"": 0.15, ""defense_space"": 0.1, ""energy"": 0.15, ""robotics"": 0.15, ""semiconductors"": 0.15}, ""speed"": 1.0, ""rebalance_months"": 1, ""vol_block"": 0.0}"
6454e57f3b46,-0.47623223837396056,-0.6438658370887915,-0.23890843309877377,-0.02846361431465276,0.12327327669182675,0.7418479231739566,-0.2655848787047912,3.256717568788292,0.027400705422370903,0.9787674455283273,290.2197802197802,"{""group_mult"": {""fundamental_mom"": 1.0, ""growth_quality"": 1.0, ""investment"": 1.0, ""low_risk"": 1.0, ""momentum"": 1.0, ""quality"": 1.0, ""survival"": 1.0, ""commodity"": 1.0, ""leverage"": 1.0, ""value"": 1.0}, ""lam"": 0.5, ""top_frac"": 0.5, ""budgets"": {""ai"": 0.15, ""biotech"": 0.15, ""cyber_cloud"": 0.15, ""defense_space"": 0.1, ""energy"": 0.15, ""robotics"": 0.15, ""semiconductors"": 0.15}, ""speed"": 1.0, ""rebalance_months"": 1, ""vol_block"": 0.0}"
295f35fd6d40,-0.15838981001832458,-0.4016620751234679,0.24977419219998154,-0.009362072028542107,0.14107375050540027,0.7705675076640125,-0.27319197881908397,3.574585717529528,0.019596369284022093,0.9721474461507625,116.82417582417582,"{""group_mult"": {""fundamental_mom"": 1.0, ""growth_quality"": 1.0, ""investment"": 1.0, ""low_risk"": 0.5, ""momentum"": 1.0, ""quality"": 0.25, ""survival"": 4.0, ""commodity"": 4.0, ""leverage"": 4.0, ""value"": 0.5}, ""lam"": 1.36, ""top_frac"": 0.2, ""budgets"": {""ai"": 0.108, ""biotech"": 0.116, ""cyber_cloud"": 0.143, ""defense_space"": 0.143, ""energy"": 0.113, ""robotics"": 0.179, ""semiconductors"": 0.198}, ""speed"": 1.0, ""rebalance_months"": 3, ""vol_block"": 0.0}"
13b050891992,-0.5573682641315991,-0.45242265875627913,-0.7033901499953631,-0.03128465885215245,0.12084039833359861,0.7402691534644033,-0.2351651151320313,0.7526233487195162,0.011152618809211099,0.9039850796725291,537.978021978022,"{""group_mult"": {""fundamental_mom"": 2.0, ""growth_quality"": 4.0, ""investment"": 1.0, ""low_risk"": 0.25, ""momentum"": 1.0, ""quality"": 0.5, ""survival"": 2.0, ""commodity"": 0.5, ""leverage"": 4.0, ""value"": 0.5}, ""lam"": 0.58, ""top_frac"": 1.0, ""budgets"": {""ai"": 0.102, ""biotech"": 0.218, ""cyber_cloud"": 0.153, ""defense_space"": 0.105, ""energy"": 0.186, ""robotics"": 0.117, ""semiconductors"": 0.12}, ""speed"": 0.5, ""rebalance_months"": 1, ""vol_block"": 0.0}"
d952e52ad073,-0.38274836737532697,-0.5251331092759886,-0.1483426501879113,-0.04134115226757352,0.117716840939597,0.9357702074112788,-0.17698688735359858,1.802424648797757,0.010236794556572656,0.7382827360513169,106.8021978021978,"{""group_mult"": {""fundamental_mom"": 2.0, ""growth_quality"": 2.0, ""investment"": 4.0, ""low_risk"": 2.0, ""momentum"": 1.0, ""quality"": 4.0, ""survival"": 0.25, ""commodity"": 1.0, ""leverage"": 1.0, ""value"": 4.0}, ""lam"": 0.08, ""top_frac"": 0.2, ""budgets"": {""ai"": 0.226, ""biotech"": 0.114, ""cyber_cloud"": 0.105, ""defense_space"": 0.119, ""energy"": 0.174, ""robotics"": 0.145, ""semiconductors"": 0.116}, ""speed"": 0.5, ""rebalance_months"": 3, ""vol_block"": 0.1}"
4c50ec60474f,-0.4087072661416818,-0.6160912221344006,-0.02911016757047166,-0.04244386438587208,0.11567857204774157,0.8884804841129752,-0.17935638849043567,4.049852752636015,0.02344293943473042,0.7391224024698697,106.87912087912088,"{""group_mult"": {""fundamental_mom"": 4.0, ""growth_quality"": 0.25, ""investment"": 1.0, ""low_risk"": 1.0, ""momentum"": 2.0, ""quality"": 2.0, ""survival"": 4.0, ""commodity"": 4.0, ""leverage"": 0.25, ""value"": 4.0}, ""lam"": 0.66, ""top_frac"": 0.2, ""budgets"": {""ai"": 0.242, ""biotech"": 0.11, ""cyber_cloud"": 0.111, ""defense_space"": 0.103, ""energy"": 0.186, ""robotics"": 0.118, ""semiconductors"": 0.13}, ""speed"": 0.5, ""rebalance_months"": 1, ""vol_block"": 0.1}"
740645c7ec1c,-0.5809381396228265,-0.6503696861575716,-0.4798384726276683,-0.04178473342130918,0.11232354026780267,0.7524303308711502,-0.21981302753455112,1.3392849785745957,0.016322579441249728,0.8157694011492931,468.3791208791209,"{""group_mult"": {""fundamental_mom"": 4.0, ""growth_quality"": 2.0, ""investment"": 1.0, ""low_risk"": 0.5, ""momentum"": 0.5, ""quality"": 0.5, ""survival"": 1.0, ""commodity"": 0.25, ""leverage"": 0.25, ""value"": 2.0}, ""lam"": 1.07, ""top_frac"": 1.0, ""budgets"": {""ai"": 0.14, ""biotech"": 0.165, ""cyber_cloud"": 0.115, ""defense_space"": 0.222, ""energy"": 0.116, ""robotics"": 0.141, ""semiconductors"": 0.101}, ""speed"": 0.5, ""rebalance_months"": 1, ""vol_block"": 0.0}"
2db9ed9dc4a6,-0.5593443895928918,-0.6870860323832015,-0.31725909049431666,-0.04192552901684751,0.11193403255115975,0.7433957697866573,-0.22026755739586923,1.950495675113053,0.019116969972250212,0.7893947903966433,280.4230769230769,"{""group_mult"": {""fundamental_mom"": 2.0, ""growth_quality"": 2.0, ""investment"": 1.0, ""low_risk"": 1.0, ""momentum"": 0.25, ""quality"": 2.0, ""survival"": 4.0, ""commodity"": 4.0, ""leverage"": 2.0, ""value"": 0.25}, ""lam"": 1.38, ""top_frac"": 0.5, ""budgets"": {""ai"": 0.103, ""biotech"": 0.1, ""cyber_cloud"": 0.107, ""defense_space"": 0.144, ""energy"": 0.183, ""robotics"": 0.138, ""semiconductors"": 0.225}, ""speed"": 0.5, ""rebalance_months"": 1, ""vol_block"": 0.03}"
73f80be438d7,-0.5045402011825076,-0.52367012815005,-0.47800439073240725,-0.032273045558659445,0.11777323834962772,0.6956190384434091,-0.25609282694071045,4.705042535908315,0.027824048746404217,0.9857166841714461,119.0989010989011,"{""group_mult"": {""fundamental_mom"": 2.0, ""growth_quality"": 4.0, ""investment"": 0.25, ""low_risk"": 0.5, ""momentum"": 0.5, ""quality"": 0.25, ""survival"": 0.5, ""commodity"": 1.0, ""leverage"": 0.25, ""value"": 2.0}, ""lam"": 1.49, ""top_frac"": 0.2, ""budgets"": {""ai"": 0.144, ""biotech"": 0.216, ""cyber_cloud"": 0.169, ""defense_space"": 0.111, ""energy"": 0.113, ""robotics"": 0.109, ""semiconductors"": 0.138}, ""speed"": 1.0, ""rebalance_months"": 1, ""vol_block"": 0.0}"
55de07a352f9,-0.5132254838051274,-0.5862922288914372,-0.3935359106557794,-0.0430577622014372,0.11309650400432458,0.8092443177352183,-0.19858346599402932,0.9429636122770496,0.010722440623624022,0.7698858142346753,418.5,"{""group_mult"": {""fundamental_mom"": 4.0, ""growth_quality"": 1.0, ""investment"": 0.25, ""low_risk"": 1.0, ""momentum"": 1.0, ""quality"": 1.0, ""survival"": 0.25, ""commodity"": 0.5, ""leverage"": 1.0, ""value"": 0.25}, ""lam"": 0.13, ""top_frac"": 0.75, ""budgets"": {""ai"": 0.161, ""biotech"": 0.148, ""cyber_cloud"": 0.109, ""defense_space"": 0.168, ""energy"": 0.166, ""robotics"": 0.103, ""semiconductors"": 0.145}, ""speed"": 0.5, ""rebalance_months"": 3, ""vol_block"": 0.0}"
d0c303943b36,-0.45768161764103293,-0.4106148301167842,-0.5260944106699438,-0.03781586719968706,0.11800140846278007,0.81523236608557,-0.2143605568216841,1.1401962477251064,0.014809658236666624,0.8299414685285472,385.63186813186815,"{""group_mult"": {""fundamental_mom"": 0.25, ""growth_quality"": 4.0, ""investment"": 2.0, ""low_risk"": 2.0, ""momentum"": 0.25, ""quality"": 1.0, ""survival"": 4.0, ""commodity"": 1.0, ""leverage"": 1.0, ""value"": 4.0}, ""lam"": 1.25, ""top_frac"": 0.75, ""budgets"": {""ai"": 0.187, ""biotech"": 0.17, ""cyber_cloud"": 0.138, ""defense_space"": 0.114, ""energy"": 0.129, ""robotics"": 0.156, ""semiconductors"": 0.106}, ""speed"": 0.5, ""rebalance_months"": 1, ""vol_block"": 0.1}"
58c2fd854260,-0.47083936460529296,-0.4556762315976792,-0.497636114148853,-0.031533644417978825,0.12217111325227137,0.7758444915068431,-0.24003724438782725,0.7685610669466134,0.010816493112530124,0.8934102303333858,532.4230769230769,"{""group_mult"": {""fundamental_mom"": 0.5, ""growth_quality"": 0.25, ""investment"": 4.0, ""low_risk"": 2.0, ""momentum"": 0.25, ""quality"": 0.5, ""survival"": 2.0, ""commodity"": 1.0, ""leverage"": 1.0, ""value"": 1.0}, ""lam"": 0.5, ""top_frac"": 1.0, ""budgets"": {""ai"": 0.105, ""biotech"": 0.136, ""cyber_cloud"": 0.129, ""defense_space"": 0.136, ""energy"": 0.171, ""robotics"": 0.185, ""semiconductors"": 0.138}, ""speed"": 0.5, ""rebalance_months"": 1, ""vol_block"": 0.03}"
7c42e9955109,-0.38972821108784705,-0.6770981467095075,-0.02146786508583185,-0.01919783809915681,0.1317747952967352,0.7542499595460185,-0.27000656905912157,2.9066980212316156,0.020900692512285445,0.9600044882791497,272.4230769230769,"{""group_mult"": {""fundamental_mom"": 4.0, ""growth_quality"": 1.0, ""investment"": 1.0, ""low_risk"": 0.5, ""momentum"": 0.5, ""quality"": 1.0, ""survival"": 0.25, ""commodity"": 1.0, ""leverage"": 4.0, ""value"": 2.0}, ""lam"": 1.1, ""top_frac"": 0.5, ""budgets"": {""ai"": 0.123, ""biotech"": 0.182, ""cyber_cloud"": 0.11, ""defense_space"": 0.142, ""energy"": 0.156, ""robotics"": 0.126, ""semiconductors"": 0.161}, ""speed"": 1.0, ""rebalance_months"": 3, ""vol_block"": 0.03}"
078dbe636bb6,-0.6996248867316448,-0.7407694819216919,-0.6324844127233942,-0.0649305413337106,0.09042073559524577,0.6988194810426741,-0.19580336843621515,2.1046732395082346,0.018900651633381026,0.7280217264010711,280.57142857142856,"{""group_mult"": {""fundamental_mom"": 4.0, ""growth_quality"": 4.0, ""investment"": 0.25, ""low_risk"": 1.0, ""momentum"": 0.25, ""quality"": 1.0, ""survival"": 1.0, ""commodity"": 0.25, ""leverage"": 1.0, ""value"": 1.0}, ""lam"": 0.27, ""top_frac"": 0.5, ""budgets"": {""ai"": 0.103, ""biotech"": 0.178, ""cyber_cloud"": 0.127, ""defense_space"": 0.193, ""energy"": 0.16, ""robotics"": 0.124, ""semiconductors"": 0.115}, ""speed"": 0.5, ""rebalance_months"": 1, ""vol_block"": 0.03}"
c172d9bb478c,-0.4885748269314895,-0.6032332147046788,-0.30145444779853586,-0.036785872477453935,0.11755447015370524,0.7752718358567035,-0.21589150600288431,1.7966898827707296,0.016876022924495825,0.8008041542037798,290.032967032967,"{""group_mult"": {""fundamental_mom"": 1.0, ""growth_quality"": 2.0, ""investment"": 0.5, ""low_risk"": 0.5, ""momentum"": 2.0, ""quality"": 1.0, ""survival"": 1.0, ""commodity"": 0.5, ""leverage"": 2.0, ""value"": 4.0}, ""lam"": 0.42, ""top_frac"": 0.5, ""budgets"": {""ai"": 0.1, ""biotech"": 0.128, ""cyber_cloud"": 0.142, ""defense_space"": 0.192, ""energy"": 0.131, ""robotics"": 0.113, ""semiconductors"": 0.194}, ""speed"": 0.5, ""rebalance_months"": 1, ""vol_block"": 0.0}"
9681cd53d483,-0.4009550693035566,-0.6487723315562057,-0.11271588509664929,-0.024744107512408856,0.1287629866402853,0.7920621978759916,-0.2662915476639448,1.2250734708455107,0.014065832565920613,0.9553945774211066,457.54395604395603,"{""group_mult"": {""fundamental_mom"": 0.5, ""growth_quality"": 1.0, ""investment"": 4.0, ""low_risk"": 2.0, ""momentum"": 2.0, ""quality"": 4.0, ""survival"": 0.5, ""commodity"": 0.5, ""leverage"": 4.0, ""value"": 0.25}, ""lam"": 0.93, ""top_frac"": 1.0, ""budgets"": {""ai"": 0.11, ""biotech"": 0.159, ""cyber_cloud"": 0.17, ""defense_space"": 0.119, ""energy"": 0.2, ""robotics"": 0.113, ""semiconductors"": 0.127}, ""speed"": 1.0, ""rebalance_months"": 3, ""vol_block"": 0.03}"
0adaa0416225,-0.5364229226766226,-0.5923230484433943,-0.4552846251096247,-0.04466267860415212,0.11082694121196024,0.7809800600333282,-0.2112323162999329,1.480891170527433,0.016832356007352216,0.777998164643231,386.18131868131866,"{""group_mult"": {""fundamental_mom"": 4.0, ""growth_quality"": 1.0, ""investment"": 4.0, ""low_risk"": 2.0, ""momentum"": 0.5, ""quality"": 2.0, ""survival"": 1.0, ""commodity"": 4.0, ""leverage"": 1.0, ""value"": 4.0}, ""lam"": 0.54, ""top_frac"": 0.75, ""budgets"": {""ai"": 0.111, ""biotech"": 0.204, ""cyber_cloud"": 0.111, ""defense_space"": 0.115, ""energy"": 0.111, ""robotics"": 0.163, ""semiconductors"": 0.186}, ""speed"": 0.5, ""rebalance_months"": 1, ""vol_block"": 0.1}"
1c85f76bab4b,-0.6019238408034487,-0.7349132438854341,-0.44356397672385545,-0.03969962690007146,0.11272609194755057,0.7190249776050079,-0.25780464822271976,2.8308733366093612,0.027791746079080755,0.9598866072049984,429.4340659340659,"{""group_mult"": {""fundamental_mom"": 2.0, ""growth_quality"": 0.25, ""investment"": 0.5, ""low_risk"": 4.0, ""momentum"": 0.25, ""quality"": 4.0, ""survival"": 1.0, ""commodity"": 2.0, ""leverage"": 0.25, ""value"": 1.0}, ""lam"": 1.16, ""top_frac"": 0.75, ""budgets"": {""ai"": 0.155, ""biotech"": 0.214, ""cyber_cloud"": 0.127, ""defense_space"": 0.138, ""energy"": 0.13, ""robotics"": 0.117, ""semiconductors"": 0.119}, ""speed"": 1.0, ""rebalance_months"": 1, ""vol_block"": 0.0}"
0da54bf856df,-0.47007639905009935,-0.7929799703295162,-0.032186424148821266,-0.03542412910222636,0.11717570932554522,0.738039223230449,-0.2443940578871011,4.606726968372973,0.026506398707753356,0.9883952160021777,107.61538461538461,"{""group_mult"": {""fundamental_mom"": 0.5, ""growth_quality"": 4.0, ""investment"": 2.0, ""low_risk"": 1.0, ""momentum"": 2.0, ""quality"": 4.0, ""survival"": 1.0, ""commodity"": 1.0, ""leverage"": 4.0, ""value"": 2.0}, ""lam"": 0.22, ""top_frac"": 0.2, ""budgets"": {""ai"": 0.142, ""biotech"": 0.126, ""cyber_cloud"": 0.152, ""defense_space"": 0.1, ""energy"": 0.257, ""robotics"": 0.106, ""semiconductors"": 0.117}, ""speed"": 1.0, ""rebalance_months"": 1, ""vol_block"": 0.1}"
94aa2464a7b8,-0.42453323040940616,-0.4023523172877713,-0.460599764947268,-0.02462317666702078,0.1281854281348911,0.7764628485768229,-0.24889409502487103,0.8856419409795429,0.01294349826640027,0.9172461463733691,504.53846153846155,"{""group_mult"": {""fundamental_mom"": 1.0, ""growth_quality"": 0.25, ""investment"": 2.0, ""low_risk"": 2.0, ""momentum"": 1.0, ""quality"": 4.0, ""survival"": 2.0, ""commodity"": 4.0, ""leverage"": 0.5, ""value"": 0.25}, ""lam"": 0.1, ""top_frac"": 1.0, ""budgets"": {""ai"": 0.214, ""biotech"": 0.116, ""cyber_cloud"": 0.154, ""defense_space"": 0.143, ""energy"": 0.104, ""robotics"": 0.145, ""semiconductors"": 0.123}, ""speed"": 0.5, ""rebalance_months"": 1, ""vol_block"": 0.1}"
374e99fd841c,-0.5734298039273196,-0.7729414888781753,-0.29452783437164115,-0.031161255916405516,0.11908306414650216,0.7029239049302406,-0.2709260226329617,3.017432836254418,0.026688931208876877,0.9815710471181985,260.2307692307692,"{""group_mult"": {""fundamental_mom"": 0.5, ""growth_quality"": 0.25, ""investment"": 4.0, ""low_risk"": 0.5, ""momentum"": 0.25, ""quality"": 4.0, ""survival"": 4.0, ""commodity"": 2.0, ""leverage"": 0.5, ""value"": 4.0}, ""lam"": 0.25, ""top_frac"": 0.5, ""budgets"": {""ai"": 0.19, ""biotech"": 0.157, ""cyber_cloud"": 0.134, ""defense_space"": 0.124, ""energy"": 0.119, ""robotics"": 0.129, ""semiconductors"": 0.147}, ""speed"": 1.0, ""rebalance_months"": 1, ""vol_block"": 0.1}"
3bd2237a1931,-0.19291426203875223,-0.38029798898787515,0.062289553599167484,-0.013601678874898474,0.13950372200191508,0.8155955798233286,-0.2504999443395679,3.053600183569282,0.021162253711499976,0.9766098800497696,184.69230769230768,"{""group_mult"": {""fundamental_mom"": 2.0, ""growth_quality"": 0.5, ""investment"": 1.0, ""low_risk"": 1.0, ""momentum"": 4.0, ""quality"": 1.0, ""survival"": 1.0, ""commodity"": 0.25, ""leverage"": 2.0, ""value"": 2.0}, ""lam"": 0.29, ""top_frac"": 0.33, ""budgets"": {""ai"": 0.123, ""biotech"": 0.137, ""cyber_cloud"": 0.111, ""defense_space"": 0.125, ""energy"": 0.202, ""robotics"": 0.125, ""semiconductors"": 0.177}, ""speed"": 1.0, ""rebalance_months"": 3, ""vol_block"": 0.03}"
23686dbed2f8,-0.201759491466878,-0.39910328840113096,0.08875970310300231,-0.014440611959153516,0.1400211190624543,0.8404900125248413,-0.21644871210729422,2.8895545621973127,0.01566204407487469,0.9720829501049751,117.4010989010989,"{""group_mult"": {""fundamental_mom"": 1.0, ""growth_quality"": 2.0, ""investment"": 4.0, ""low_risk"": 0.5, ""momentum"": 1.0, ""quality"": 2.0, ""survival"": 0.5, ""commodity"": 0.25, ""leverage"": 2.0, ""value"": 1.0}, ""lam"": 0.75, ""top_frac"": 0.2, ""budgets"": {""ai"": 0.13, ""biotech"": 0.108, ""cyber_cloud"": 0.265, ""defense_space"": 0.113, ""energy"": 0.141, ""robotics"": 0.1, ""semiconductors"": 0.143}, ""speed"": 1.0, ""rebalance_months"": 3, ""vol_block"": 0.0}"
9d43623817e0,-0.5050741175463201,-0.6385429035172288,-0.28144849946681755,-0.0421838538526836,0.11394552135598546,0.8113789868059059,-0.2102147326307402,0.9611936359277725,0.011037794983387835,0.7683035244477338,417.989010989011,"{""group_mult"": {""fundamental_mom"": 4.0, ""growth_quality"": 1.0, ""investment"": 0.5, ""low_risk"": 2.0, ""momentum"": 1.0, ""quality"": 0.25, ""survival"": 4.0, ""commodity"": 2.0, ""leverage"": 0.25, ""value"": 4.0}, ""lam"": 0.37, ""top_frac"": 0.75, ""budgets"": {""ai"": 0.101, ""biotech"": 0.109, ""cyber_cloud"": 0.128, ""defense_space"": 0.176, ""energy"": 0.21, ""robotics"": 0.101, ""semiconductors"": 0.174}, ""speed"": 0.5, ""rebalance_months"": 3, ""vol_block"": 0.0}"
258e5c46d4c9,-0.21309428922028742,-0.37291520014745916,0.049505005714465145,-0.01447112175922503,0.13874391143984832,0.8139737446627893,-0.23493197854402825,2.7386822572641543,0.018986544654992513,0.9729599367568784,190.92857142857142,"{""group_mult"": {""fundamental_mom"": 0.25, ""growth_quality"": 1.0, ""investment"": 4.0, ""low_risk"": 0.5, ""momentum"": 4.0, ""quality"": 1.0, ""survival"": 4.0, ""commodity"": 0.5, ""leverage"": 0.25, ""value"": 0.5}, ""lam"": 1.28, ""top_frac"": 0.33, ""budgets"": {""ai"": 0.24, ""biotech"": 0.107, ""cyber_cloud"": 0.129, ""defense_space"": 0.107, ""energy"": 0.139, ""robotics"": 0.104, ""semiconductors"": 0.174}, ""speed"": 1.0, ""rebalance_months"": 3, ""vol_block"": 0.0}"
e1db17a13ce6,-0.11143614753084062,-0.13965343894409163,-0.06593294678111851,-0.01032848916216479,0.14712912017981572,0.9386180039508963,-0.2359550230072256,2.7134527587141632,0.014303046426218297,0.9784264188102534,115.47802197802197,"{""group_mult"": {""fundamental_mom"": 0.5, ""growth_quality"": 4.0, ""investment"": 2.0, ""low_risk"": 4.0, ""momentum"": 2.0, ""quality"": 0.25, ""survival"": 0.25, ""commodity"": 2.0, ""leverage"": 4.0, ""value"": 2.0}, ""lam"": 1.0, ""top_frac"": 0.2, ""budgets"": {""ai"": 0.106, ""biotech"": 0.103, ""cyber_cloud"": 0.175, ""defense_space"": 0.134, ""energy"": 0.128, ""robotics"": 0.135, ""semiconductors"": 0.219}, ""speed"": 1.0, ""rebalance_months"": 3, ""vol_block"": 0.03}"
207e932d2672,-0.33650996909195163,-0.36849293044879644,-0.28660736188101976,-0.03249732282431509,0.1254235789249687,0.9065090488669397,-0.20664734885030245,1.027881581218541,0.009554390730905318,0.8339104943600396,277.0824175824176,"{""group_mult"": {""fundamental_mom"": 0.5, ""growth_quality"": 2.0, ""investment"": 0.25, ""low_risk"": 4.0, ""momentum"": 0.5, ""quality"": 2.0, ""survival"": 1.0, ""commodity"": 0.25, ""leverage"": 0.25, ""value"": 2.0}, ""lam"": 1.42, ""top_frac"": 0.5, ""budgets"": {""ai"": 0.119, ""biotech"": 0.133, ""cyber_cloud"": 0.18, ""defense_space"": 0.158, ""energy"": 0.101, ""robotics"": 0.144, ""semiconductors"": 0.165}, ""speed"": 0.5, ""rebalance_months"": 3, ""vol_block"": 0.03}"
c394ee13da8a,-0.509785880037955,-0.571982788854291,-0.4168223121678903,-0.046223468808408275,0.1092805322114494,0.7782218779046732,-0.2082284369046845,2.1080907749946824,0.01910515518465958,0.7891283436626791,280.47802197802196,"{""group_mult"": {""fundamental_mom"": 0.5, ""growth_quality"": 0.25, ""investment"": 1.0, ""low_risk"": 0.5, ""momentum"": 2.0, ""quality"": 0.5, ""survival"": 0.25, ""commodity"": 4.0, ""leverage"": 4.0, ""value"": 1.0}, ""lam"": 0.96, ""top_frac"": 0.5, ""budgets"": {""ai"": 0.122, ""biotech"": 0.151, ""cyber_cloud"": 0.108, ""defense_space"": 0.164, ""energy"": 0.112, ""robotics"": 0.222, ""semiconductors"": 0.12}, ""speed"": 0.5, ""rebalance_months"": 1, ""vol_block"": 0.03}"
8610f4008b29,-0.3157105493109906,-0.40006566516939784,-0.17830031069563487,-0.020653072395998635,0.1294309094161552,0.7334730246414981,-0.25726775918250855,4.959854743020843,0.02990926847924382,0.9888943988663154,115.37362637362638,"{""group_mult"": {""fundamental_mom"": 0.25, ""growth_quality"": 4.0, ""investment"": 0.25, ""low_risk"": 0.25, ""momentum"": 2.0, ""quality"": 2.0, ""survival"": 0.5, ""commodity"": 1.0, ""leverage"": 0.25, ""value"": 2.0}, ""lam"": 0.46, ""top_frac"": 0.2, ""budgets"": {""ai"": 0.108, ""biotech"": 0.212, ""cyber_cloud"": 0.16, ""defense_space"": 0.112, ""energy"": 0.104, ""robotics"": 0.126, ""semiconductors"": 0.178}, ""speed"": 1.0, ""rebalance_months"": 1, ""vol_block"": 0.03}"
579191254c3e,-0.6000892411795418,-0.690656764316848,-0.42536298324527066,-0.053074601252731654,0.10299093526643976,0.7694263713116152,-0.18651220016812486,1.6153408901962867,0.014115763804258386,0.6800914083898438,280.96153846153845,"{""group_mult"": {""fundamental_mom"": 2.0, ""growth_quality"": 0.5, ""investment"": 0.5, ""low_risk"": 0.5, ""momentum"": 0.5, ""quality"": 0.25, ""survival"": 4.0, ""commodity"": 0.5, ""leverage"": 0.5, ""value"": 2.0}, ""lam"": 0.2, ""top_frac"": 0.5, ""budgets"": {""ai"": 0.14, ""biotech"": 0.126, ""cyber_cloud"": 0.14, ""defense_space"": 0.16, ""energy"": 0.142, ""robotics"": 0.105, ""semiconductors"": 0.187}, ""speed"": 0.5, ""rebalance_months"": 3, ""vol_block"": 0.0}"
7b6ed87d6bde,-0.3267390791059049,-0.4639282313936331,-0.08803299662149587,-0.016033512142144817,0.1355141724437139,0.773818121479253,-0.24837362051973622,2.2255522022808614,0.01922548156078653,0.9562958335273027,415.88461538461536,"{""group_mult"": {""fundamental_mom"": 4.0, ""growth_quality"": 1.0, ""investment"": 0.5, ""low_risk"": 0.5, ""momentum"": 1.0, ""quality"": 1.0, ""survival"": 1.0, ""commodity"": 0.5, ""leverage"": 1.0, ""value"": 0.25}, ""lam"": 1.15, ""top_frac"": 0.75, ""budgets"": {""ai"": 0.257, ""biotech"": 0.117, ""cyber_cloud"": 0.146, ""defense_space"": 0.105, ""energy"": 0.141, ""robotics"": 0.102, ""semiconductors"": 0.132}, ""speed"": 1.0, ""rebalance_months"": 3, ""vol_block"": 0.0}"
089f1f6f2c56,-0.7166286097808421,-0.7367917662421638,-0.6839332042833064,-0.04346197735947457,0.10472875239171153,0.625594672708206,-0.26774936750611233,4.8914627893338185,0.03778573870526077,0.9903046870267173,194.95054945054946,"{""group_mult"": {""fundamental_mom"": 0.25, ""growth_quality"": 2.0, ""investment"": 2.0, ""low_risk"": 0.25, ""momentum"": 4.0, ""quality"": 0.25, ""survival"": 0.5, ""commodity"": 0.5, ""leverage"": 1.0, ""value"": 4.0}, ""lam"": 0.32, ""top_frac"": 0.33, ""budgets"": {""ai"": 0.12, ""biotech"": 0.121, ""cyber_cloud"": 0.167, ""defense_space"": 0.106, ""energy"": 0.146, ""robotics"": 0.185, ""semiconductors"": 0.155}, ""speed"": 1.0, ""rebalance_months"": 1, ""vol_block"": 0.0}"
5128a41214c3,-0.4963466862504968,-0.7372218554287375,-0.17106951837585904,-0.03249645182219071,0.11955617836670629,0.7356367549007071,-0.2692434373503052,3.5352680719686242,0.028285397261407053,0.9757809808892496,260.510989010989,"{""group_mult"": {""fundamental_mom"": 1.0, ""growth_quality"": 0.25, ""investment"": 1.0, ""low_risk"": 1.0, ""momentum"": 0.25, ""quality"": 2.0, ""survival"": 2.0, ""commodity"": 2.0, ""leverage"": 0.5, ""value"": 2.0}, ""lam"": 1.42, ""top_frac"": 0.5, ""budgets"": {""ai"": 0.227, ""biotech"": 0.11, ""cyber_cloud"": 0.115, ""defense_space"": 0.152, ""energy"": 0.154, ""robotics"": 0.132, ""semiconductors"": 0.11}, ""speed"": 1.0, ""rebalance_months"": 1, ""vol_block"": 0.1}"
e5be7b53a255,-0.5253089079744856,-0.7177584644783658,-0.22782504809903995,-0.0504037363326183,0.10610250322325143,0.796191411236571,-0.1959305399397009,2.9832198058434267,0.01799210125408366,0.7797927997905644,119.5989010989011,"{""group_mult"": {""fundamental_mom"": 0.25, ""growth_quality"": 0.5, ""investment"": 4.0, ""low_risk"": 0.25, ""momentum"": 1.0, ""quality"": 1.0, ""survival"": 1.0, ""commodity"": 1.0, ""leverage"": 0.25, ""value"": 2.0}, ""lam"": 1.16, ""top_frac"": 0.2, ""budgets"": {""ai"": 0.132, ""biotech"": 0.173, ""cyber_cloud"": 0.195, ""defense_space"": 0.11, ""energy"": 0.149, ""robotics"": 0.131, ""semiconductors"": 0.11}, ""speed"": 0.5, ""rebalance_months"": 1, ""vol_block"": 0.0}"
96b2e7d13ced,-0.42117398908970555,-0.4197542575436575,-0.4306779692353958,-0.01984634389104396,0.13141358422153737,0.7574939540937629,-0.2518856374398418,0.5311226026002042,0.008690945868983137,0.9302686938061053,540.989010989011,"{""group_mult"": {""fundamental_mom"": 4.0, ""growth_quality"": 4.0, ""investment"": 2.0, ""low_risk"": 0.25, ""momentum"": 2.0, ""quality"": 0.5, ""survival"": 2.0, ""commodity"": 0.25, ""leverage"": 0.5, ""value"": 0.25}, ""lam"": 0.1, ""top_frac"": 1.0, ""budgets"": {""ai"": 0.116, ""biotech"": 0.132, ""cyber_cloud"": 0.148, ""defense_space"": 0.102, ""energy"": 0.184, ""robotics"": 0.143, ""semiconductors"": 0.175}, ""speed"": 0.5, ""rebalance_months"": 3, ""vol_block"": 0.0}"
9531cb80a119,-0.4904575472467086,-0.5328423110198535,-0.42677261180962034,-0.03483247848561841,0.1170799837672718,0.7254061577061971,-0.26899501658432634,4.459707628794081,0.035059362748856134,0.977320210363725,280.94505494505495,"{""group_mult"": {""fundamental_mom"": 2.0, ""growth_quality"": 0.25, ""investment"": 0.5, ""low_risk"": 4.0, ""momentum"": 2.0, ""quality"": 0.5, ""survival"": 2.0, ""commodity"": 0.5, ""leverage"": 1.0, ""value"": 0.25}, ""lam"": 0.6, ""top_frac"": 0.5, ""budgets"": {""ai"": 0.138, ""biotech"": 0.104, ""cyber_cloud"": 0.114, ""defense_space"": 0.104, ""energy"": 0.142, ""robotics"": 0.197, ""semiconductors"": 0.2}, ""speed"": 1.0, ""rebalance_months"": 1, ""vol_block"": 0.03}"
a42a2a371f3b,-0.382356377567353,-0.7260126697286988,0.061642615431847556,-0.027748833963040627,0.12611780615060386,0.7920419879774613,-0.26022536037100796,3.129167481445764,0.020487333338339596,0.9703578692883135,190.6098901098901,"{""group_mult"": {""fundamental_mom"": 2.0, ""growth_quality"": 0.25, ""investment"": 2.0, ""low_risk"": 1.0, ""momentum"": 0.25, ""quality"": 1.0, ""survival"": 0.25, ""commodity"": 2.0, ""leverage"": 0.25, ""value"": 1.0}, ""lam"": 0.26, ""top_frac"": 0.33, ""budgets"": {""ai"": 0.147, ""biotech"": 0.21, ""cyber_cloud"": 0.109, ""defense_space"": 0.139, ""energy"": 0.163, ""robotics"": 0.122, ""semiconductors"": 0.11}, ""speed"": 1.0, ""rebalance_months"": 3, ""vol_block"": 0.0}"
78e1853284de,-0.20594553929810985,-0.47990395934420127,0.2249989045042409,-0.015580179128876855,0.13902489742404023,0.843839401490354,-0.2225760693229416,3.8655747757551273,0.020026632855819713,0.9713115077870107,117.26923076923077,"{""group_mult"": {""fundamental_mom"": 4.0, ""growth_quality"": 2.0, ""investment"": 2.0, ""low_risk"": 1.0, ""momentum"": 1.0, ""quality"": 0.5, ""survival"": 0.25, ""commodity"": 0.25, ""leverage"": 1.0, ""value"": 0.5}, ""lam"": 1.47, ""top_frac"": 0.2, ""budgets"": {""ai"": 0.191, ""biotech"": 0.164, ""cyber_cloud"": 0.16, ""defense_space"": 0.1, ""energy"": 0.151, ""robotics"": 0.112, ""semiconductors"": 0.121}, ""speed"": 1.0, ""rebalance_months"": 3, ""vol_block"": 0.0}"
abe0f57e53ed,-0.40263064955462713,-0.47705928975773687,-0.27384062481795013,-0.0366816752018692,0.1202483386409583,0.8558503247347714,-0.19700200812324753,1.1861427032507434,0.010422951259817771,0.7777110991576487,256.4945054945055,"{""group_mult"": {""fundamental_mom"": 0.5, ""growth_quality"": 1.0, ""investment"": 0.25, ""low_risk"": 0.25, ""momentum"": 0.5, ""quality"": 0.5, ""survival"": 0.5, ""commodity"": 1.0, ""leverage"": 1.0, ""value"": 2.0}, ""lam"": 0.64, ""top_frac"": 0.5, ""budgets"": {""ai"": 0.194, ""biotech"": 0.114, ""cyber_cloud"": 0.107, ""defense_space"": 0.115, ""energy"": 0.138, ""robotics"": 0.21, ""semiconductors"": 0.121}, ""speed"": 0.5, ""rebalance_months"": 3, ""vol_block"": 0.1}"
3dd1381d4354,-0.35560123636058727,-0.4255994877597756,-0.2606402571507478,-0.021545811550778664,0.13219628179496246,0.8058057904775017,-0.24134763456340558,1.4183072748372032,0.014036436459604977,0.949746558712639,419.34615384615387,"{""group_mult"": {""fundamental_mom"": 0.5, ""growth_quality"": 2.0, ""investment"": 4.0, ""low_risk"": 4.0, ""momentum"": 0.25, ""quality"": 2.0, ""survival"": 4.0, ""commodity"": 4.0, ""leverage"": 4.0, ""value"": 4.0}, ""lam"": 0.84, ""top_frac"": 0.75, ""budgets"": {""ai"": 0.152, ""biotech"": 0.278, ""cyber_cloud"": 0.103, ""defense_space"": 0.114, ""energy"": 0.104, ""robotics"": 0.106, ""semiconductors"": 0.143}, ""speed"": 1.0, ""rebalance_months"": 3, ""vol_block"": 0.0}"
c0d1b85f75f4,-0.3955955395028983,-0.4351947376614267,-0.33632244448553805,-0.03462922467366024,0.12239545730070556,0.8652951044527722,-0.20002596289012176,0.9652489066744805,0.01039292385694878,0.8032879518889481,378.3241758241758,"{""group_mult"": {""fundamental_mom"": 4.0, ""growth_quality"": 1.0, ""investment"": 1.0, ""low_risk"": 2.0, ""momentum"": 4.0, ""quality"": 2.0, ""survival"": 0.5, ""commodity"": 2.0, ""leverage"": 0.5, ""value"": 1.0}, ""lam"": 0.48, ""top_frac"": 0.75, ""budgets"": {""ai"": 0.104, ""biotech"": 0.158, ""cyber_cloud"": 0.227, ""defense_space"": 0.11, ""energy"": 0.104, ""robotics"": 0.17, ""semiconductors"": 0.126}, ""speed"": 0.5, ""rebalance_months"": 3, ""vol_block"": 0.1}"
615abfb08c6d,-0.47468034309886986,-0.556708932857712,-0.35784902998058077,-0.041399814713298774,0.11163504595596563,0.7298441793046814,-0.25336052934511555,5.354761283723403,0.03471881405931467,0.9877784505702645,174.97252747252747,"{""group_mult"": {""fundamental_mom"": 2.0, ""growth_quality"": 1.0, ""investment"": 1.0, ""low_risk"": 2.0, ""momentum"": 4.0, ""quality"": 1.0, ""survival"": 2.0, ""commodity"": 1.0, ""leverage"": 1.0, ""value"": 2.0}, ""lam"": 1.3, ""top_frac"": 0.33, ""budgets"": {""ai"": 0.11, ""biotech"": 0.134, ""cyber_cloud"": 0.16, ""defense_space"": 0.113, ""energy"": 0.194, ""robotics"": 0.182, ""semiconductors"": 0.108}, ""speed"": 1.0, ""rebalance_months"": 1, ""vol_block"": 0.1}"
54d0c75680c0,-0.4378692100879207,-0.5024106248840912,-0.3451242139105226,-0.051350601321950226,0.10743636636193488,0.8991755846306096,-0.18984610644678213,1.4397824458055855,0.010070196285598377,0.7621141190760709,186.24175824175825,"{""group_mult"": {""fundamental_mom"": 0.5, ""growth_quality"": 0.5, ""investment"": 2.0, ""low_risk"": 4.0, ""momentum"": 2.0, ""quality"": 0.25, ""survival"": 0.25, ""commodity"": 0.25, ""leverage"": 4.0, ""value"": 4.0}, ""lam"": 0.86, ""top_frac"": 0.33, ""budgets"": {""ai"": 0.137, ""biotech"": 0.114, ""cyber_cloud"": 0.176, ""defense_space"": 0.155, ""energy"": 0.132, ""robotics"": 0.151, ""semiconductors"": 0.135}, ""speed"": 0.5, ""rebalance_months"": 3, ""vol_block"": 0.03}"
c0c4a3318e30,-0.4742421621228717,-0.6673120770055356,-0.22394064304382216,-0.02787086504487703,0.12349170678410815,0.7377281445071769,-0.2657651538660659,2.297897077470698,0.027705432387779935,0.9829201079885774,416.3296703296703,"{""group_mult"": {""fundamental_mom"": 0.25, ""growth_quality"": 2.0, ""investment"": 0.25, ""low_risk"": 2.0, ""momentum"": 4.0, ""quality"": 0.25, ""survival"": 1.0, ""commodity"": 0.5, ""leverage"": 0.25, ""value"": 1.0}, ""lam"": 0.85, ""top_frac"": 0.75, ""budgets"": {""ai"": 0.152, ""biotech"": 0.118, ""cyber_cloud"": 0.12, ""defense_space"": 0.187, ""energy"": 0.168, ""robotics"": 0.101, ""semiconductors"": 0.154}, ""speed"": 1.0, ""rebalance_months"": 1, ""vol_block"": 0.03}"
b537a6fe479e,-0.40780208588304573,-0.40772669635472797,-0.41280335618836683,-0.03669020436651149,0.1198679880325959,0.8448885408524952,-0.21460662380658924,1.130248997946143,0.015375043283635195,0.869299981690083,411.38461538461536,"{""group_mult"": {""fundamental_mom"": 0.5, ""growth_quality"": 2.0, ""investment"": 4.0, ""low_risk"": 4.0, ""momentum"": 4.0, ""quality"": 0.5, ""survival"": 4.0, ""commodity"": 2.0, ""leverage"": 0.5, ""value"": 2.0}, ""lam"": 1.4, ""top_frac"": 1.0, ""budgets"": {""ai"": 0.122, ""biotech"": 0.222, ""cyber_cloud"": 0.171, ""defense_space"": 0.131, ""energy"": 0.114, ""robotics"": 0.114, ""semiconductors"": 0.127}, ""speed"": 0.5, ""rebalance_months"": 1, ""vol_block"": 0.1}"
a371e40886cc,-0.7294968974227489,-0.8499428333200674,-0.5711850932140106,-0.027486937656061416,0.12101682591260765,0.6856351755162459,-0.27752514424876895,1.2943997298331649,0.02418726786845824,0.974200208661193,555.8351648351648,"{""group_mult"": {""fundamental_mom"": 0.25, ""growth_quality"": 1.0, ""investment"": 0.5, ""low_risk"": 0.5, ""momentum"": 2.0, ""quality"": 2.0, ""survival"": 0.5, ""commodity"": 0.25, ""leverage"": 1.0, ""value"": 0.5}, ""lam"": 0.36, ""top_frac"": 1.0, ""budgets"": {""ai"": 0.136, ""biotech"": 0.156, ""cyber_cloud"": 0.127, ""defense_space"": 0.218, ""energy"": 0.12, ""robotics"": 0.129, ""semiconductors"": 0.115}, ""speed"": 1.0, ""rebalance_months"": 1, ""vol_block"": 0.0}"
eda44ef14738,-0.3367373551121866,-0.479223611869869,-0.14104992941486955,-0.012970394457228838,0.1364118599058035,0.7426111651340126,-0.2731159751997111,1.0242092066142718,0.01594279650275253,0.9517098122937019,524.9010989010989,"{""group_mult"": {""fundamental_mom"": 1.0, ""growth_quality"": 0.5, ""investment"": 4.0, ""low_risk"": 0.5, ""momentum"": 4.0, ""quality"": 1.0, ""survival"": 2.0, ""commodity"": 2.0, ""leverage"": 0.5, ""value"": 0.5}, ""lam"": 0.27, ""top_frac"": 1.0, ""budgets"": {""ai"": 0.106, ""biotech"": 0.122, ""cyber_cloud"": 0.153, ""defense_space"": 0.105, ""energy"": 0.15, ""robotics"": 0.142, ""semiconductors"": 0.223}, ""speed"": 1.0, ""rebalance_months"": 3, ""vol_block"": 0.03}"
31c63eb15dc5,-0.7601047040774903,-0.8693071952122293,-0.6016841226442449,-0.03433029243111172,0.11401739796354482,0.6600042963637758,-0.2752569913926125,2.3099109149944668,0.0306278131210109,0.9816760893733615,434.7967032967033,"{""group_mult"": {""fundamental_mom"": 0.5, ""growth_quality"": 2.0, ""investment"": 1.0, ""low_risk"": 0.5, ""momentum"": 2.0, ""quality"": 0.25, ""survival"": 4.0, ""commodity"": 1.0, ""leverage"": 2.0, ""value"": 0.5}, ""lam"": 1.33, ""top_frac"": 1.0, ""budgets"": {""ai"": 0.118, ""biotech"": 0.136, ""cyber_cloud"": 0.152, ""defense_space"": 0.173, ""energy"": 0.146, ""robotics"": 0.169, ""semiconductors"": 0.106}, ""speed"": 1.0, ""rebalance_months"": 1, ""vol_block"": 0.0}"
fc9890459f39,-0.24394768122829333,-0.5022451290250112,0.1886156424401247,-0.015279948579117762,0.13375017628054797,0.7303846772708851,-0.26942455097923157,2.8062883716086393,0.016086599984577798,0.9763128492362858,112.78021978021978,"{""group_mult"": {""fundamental_mom"": 1.0, ""growth_quality"": 2.0, ""investment"": 0.25, ""low_risk"": 0.25, ""momentum"": 2.0, ""quality"": 4.0, ""survival"": 4.0, ""commodity"": 4.0, ""leverage"": 2.0, ""value"": 2.0}, ""lam"": 0.32, ""top_frac"": 0.2, ""budgets"": {""ai"": 0.106, ""biotech"": 0.111, ""cyber_cloud"": 0.115, ""defense_space"": 0.122, ""energy"": 0.163, ""robotics"": 0.268, ""semiconductors"": 0.114}, ""speed"": 1.0, ""rebalance_months"": 3, ""vol_block"": 0.03}"
f2fcd88a7413,-0.48820373080518187,-0.6069152127842158,-0.30832095534215564,-0.027575617822288782,0.12311823060571325,0.7221419430080328,-0.26624964768638804,2.641654800823512,0.019443496059134015,0.9753515215399438,191.48901098901098,"{""group_mult"": {""fundamental_mom"": 0.25, ""growth_quality"": 1.0, ""investment"": 0.5, ""low_risk"": 0.25, ""momentum"": 1.0, ""quality"": 0.25, ""survival"": 2.0, ""commodity"": 4.0, ""leverage"": 1.0, ""value"": 4.0}, ""lam"": 0.26, ""top_frac"": 0.33, ""budgets"": {""ai"": 0.118, ""biotech"": 0.139, ""cyber_cloud"": 0.187, ""defense_space"": 0.148, ""energy"": 0.152, ""robotics"": 0.152, ""semiconductors"": 0.103}, ""speed"": 1.0, ""rebalance_months"": 3, ""vol_block"": 0.0}"
2147a7b1b8eb,-0.5602185305073178,-0.6621263240246812,-0.44312553438578667,-0.050266432381761,0.10271398470731397,0.6947439844554528,-0.2626988311214178,6.199003549654739,0.03703439178259607,0.9793624287990712,188.41758241758242,"{""group_mult"": {""fundamental_mom"": 0.5, ""growth_quality"": 0.5, ""investment"": 0.25, ""low_risk"": 4.0, ""momentum"": 0.5, ""quality"": 1.0, ""survival"": 2.0, ""commodity"": 0.5, ""leverage"": 2.0, ""value"": 4.0}, ""lam"": 1.04, ""top_frac"": 0.33, ""budgets"": {""ai"": 0.152, ""biotech"": 0.117, ""cyber_cloud"": 0.144, ""defense_space"": 0.118, ""energy"": 0.153, ""robotics"": 0.182, ""semiconductors"": 0.135}, ""speed"": 1.0, ""rebalance_months"": 1, ""vol_block"": 0.03}"
0a9a767a1122,-0.4871443109115435,-0.5486394610982245,-0.3875577797468614,-0.04807997872415383,0.10865741029241316,0.8151402112822754,-0.19363712799421473,2.3802494516246444,0.02027544319244669,0.7794477488241307,259.8131868131868,"{""group_mult"": {""fundamental_mom"": 2.0, ""growth_quality"": 0.25, ""investment"": 1.0, ""low_risk"": 2.0, ""momentum"": 4.0, ""quality"": 0.5, ""survival"": 1.0, ""commodity"": 0.5, ""leverage"": 4.0, ""value"": 0.25}, ""lam"": 0.94, ""top_frac"": 0.5, ""budgets"": {""ai"": 0.229, ""biotech"": 0.103, ""cyber_cloud"": 0.22, ""defense_space"": 0.113, ""energy"": 0.101, ""robotics"": 0.132, ""semiconductors"": 0.102}, ""speed"": 0.5, ""rebalance_months"": 1, ""vol_block"": 0.1}"
3114e3f62b89,-0.4278603366959355,-0.6634773578646169,-0.03871672929350082,-0.01983876459863617,0.13124739663784357,0.7526985393164407,-0.26344271078837656,1.8393235051893786,0.015806177338754744,0.9597827893714609,281.25824175824175,"{""group_mult"": {""fundamental_mom"": 0.25, ""growth_quality"": 0.25, ""investment"": 1.0, ""low_risk"": 0.25, ""momentum"": 0.25, ""quality"": 2.0, ""survival"": 4.0, ""commodity"": 1.0, ""leverage"": 4.0, ""value"": 0.5}, ""lam"": 0.89, ""top_frac"": 0.5, ""budgets"": {""ai"": 0.156, ""biotech"": 0.172, ""cyber_cloud"": 0.172, ""defense_space"": 0.114, ""energy"": 0.178, ""robotics"": 0.105, ""semiconductors"": 0.104}, ""speed"": 1.0, ""rebalance_months"": 3, ""vol_block"": 0.0}"
5e49aa68d890,-0.39749937965783955,-0.40620421878275603,-0.3865688829526325,-0.03119519514735336,0.1241738674251327,0.8232582903920059,-0.22772864364076484,1.2315978912404715,0.015687638674113394,0.8692534084546859,429.9010989010989,"{""group_mult"": {""fundamental_mom"": 1.0, ""growth_quality"": 0.25, ""investment"": 0.5, ""low_risk"": 4.0, ""momentum"": 4.0, ""quality"": 1.0, ""survival"": 0.5, ""commodity"": 0.25, ""leverage"": 4.0, ""value"": 0.25}, ""lam"": 0.56, ""top_frac"": 0.75, ""budgets"": {""ai"": 0.2, ""biotech"": 0.12, ""cyber_cloud"": 0.116, ""defense_space"": 0.163, ""energy"": 0.109, ""robotics"": 0.133, ""semiconductors"": 0.158}, ""speed"": 0.5, ""rebalance_months"": 1, ""vol_block"": 0.0}"
983e094458cd,-0.3726796768791208,-0.6609586682987247,0.017963225764850932,-0.02312883232932231,0.1287170589429414,0.7602715307422312,-0.2728090597203259,3.015615083721781,0.02274032721054991,0.9795098180618134,194.7087912087912,"{""group_mult"": {""fundamental_mom"": 0.25, ""growth_quality"": 0.5, ""investment"": 0.25, ""low_risk"": 1.0, ""momentum"": 0.5, ""quality"": 4.0, ""survival"": 0.25, ""commodity"": 0.5, ""leverage"": 4.0, ""value"": 4.0}, ""lam"": 0.95, ""top_frac"": 0.33, ""budgets"": {""ai"": 0.167, ""biotech"": 0.104, ""cyber_cloud"": 0.124, ""defense_space"": 0.112, ""energy"": 0.171, ""robotics"": 0.127, ""semiconductors"": 0.196}, ""speed"": 1.0, ""rebalance_months"": 1, ""vol_block"": 0.0}"
75be4d96ba9e,-0.47186746247173045,-0.5933282301025536,-0.2654010145431777,-0.042500876106881254,0.1143045840498551,0.8333423405117002,-0.18795701993144942,1.559135005522958,0.013915449404917197,0.7315182790750028,273.97802197802196,"{""group_mult"": {""fundamental_mom"": 4.0, ""growth_quality"": 0.25, ""investment"": 2.0, ""low_risk"": 1.0, ""momentum"": 2.0, ""quality"": 2.0, ""survival"": 2.0, ""commodity"": 4.0, ""leverage"": 1.0, ""value"": 0.25}, ""lam"": 1.17, ""top_frac"": 0.5, ""budgets"": {""ai"": 0.11, ""biotech"": 0.167, ""cyber_cloud"": 0.137, ""defense_space"": 0.121, ""energy"": 0.119, ""robotics"": 0.168, ""semiconductors"": 0.179}, ""speed"": 0.5, ""rebalance_months"": 3, ""vol_block"": 0.03}"
51fe89b445b6,-0.4256340999035585,-0.5213597709576242,-0.26609583264886544,-0.039860565717365515,0.11621270101247738,0.8180192607953735,-0.20913126036699947,3.243993540095019,0.01931862752523372,0.8022045166542119,107.22527472527473,"{""group_mult"": {""fundamental_mom"": 0.25, ""growth_quality"": 2.0, ""investment"": 0.5, ""low_risk"": 0.25, ""momentum"": 2.0, ""quality"": 2.0, ""survival"": 4.0, ""commodity"": 0.5, ""leverage"": 0.25, ""value"": 0.25}, ""lam"": 0.58, ""top_frac"": 0.2, ""budgets"": {""ai"": 0.116, ""biotech"": 0.174, ""cyber_cloud"": 0.176, ""defense_space"": 0.109, ""energy"": 0.173, ""robotics"": 0.129, ""semiconductors"": 0.124}, ""speed"": 0.5, ""rebalance_months"": 1, ""vol_block"": 0.1}"
20dd7e5dc7c6,-0.2379773153690116,-0.3421951968071429,-0.08631653282563977,-0.022933240241141,0.13356713010681664,0.8811230104698561,-0.22938449951252493,3.304907876366337,0.016888652355105734,0.9751506116614425,106.07142857142857,"{""group_mult"": {""fundamental_mom"": 0.5, ""growth_quality"": 0.25, ""investment"": 4.0, ""low_risk"": 2.0, ""momentum"": 4.0, ""quality"": 0.25, ""survival"": 0.5, ""commodity"": 2.0, ""leverage"": 4.0, ""value"": 0.5}, ""lam"": 0.66, ""top_frac"": 0.2, ""budgets"": {""ai"": 0.132, ""biotech"": 0.13, ""cyber_cloud"": 0.142, ""defense_space"": 0.169, ""energy"": 0.121, ""robotics"": 0.183, ""semiconductors"": 0.123}, ""speed"": 1.0, ""rebalance_months"": 3, ""vol_block"": 0.1}"
da6dd8eb3603,-0.5299097010718127,-0.8844150505538508,-0.04327730234206524,-0.032087755375163576,0.11755719159078892,0.6902139765446048,-0.2834588841562683,4.3117490145566215,0.03001463832203241,0.9854919469099817,174.25274725274724,"{""group_mult"": {""fundamental_mom"": 4.0, ""growth_quality"": 2.0, ""investment"": 0.25, ""low_risk"": 0.5, ""momentum"": 1.0, ""quality"": 4.0, ""survival"": 2.0, ""commodity"": 2.0, ""leverage"": 2.0, ""value"": 2.0}, ""lam"": 1.05, ""top_frac"": 0.33, ""budgets"": {""ai"": 0.123, ""biotech"": 0.107, ""cyber_cloud"": 0.196, ""defense_space"": 0.138, ""energy"": 0.164, ""robotics"": 0.168, ""semiconductors"": 0.104}, ""speed"": 1.0, ""rebalance_months"": 1, ""vol_block"": 0.1}"
aeabd356ab99,-0.4145936319760516,-0.481659725013675,-0.3053765936710791,-0.04695713238822358,0.11193573865485473,0.9149896188642669,-0.17740249718391865,1.6015595121487298,0.01108076217094091,0.7433683515258647,172.97802197802199,"{""group_mult"": {""fundamental_mom"": 0.5, ""growth_quality"": 0.25, ""investment"": 0.5, ""low_risk"": 2.0, ""momentum"": 2.0, ""quality"": 0.5, ""survival"": 0.5, ""commodity"": 4.0, ""leverage"": 1.0, ""value"": 2.0}, ""lam"": 0.24, ""top_frac"": 0.33, ""budgets"": {""ai"": 0.116, ""biotech"": 0.105, ""cyber_cloud"": 0.182, ""defense_space"": 0.117, ""energy"": 0.13, ""robotics"": 0.144, ""semiconductors"": 0.206}, ""speed"": 0.5, ""rebalance_months"": 3, ""vol_block"": 0.1}"
5e67e3a84a6c,-0.09725516163392083,-0.2742304324533918,0.19122479189854918,-0.006655115108744903,0.14756928045134998,0.854951890456264,-0.24397050254432817,2.3184820237091968,0.01778398685040339,0.9721152982192379,256.35714285714283,"{""group_mult"": {""fundamental_mom"": 2.0, ""growth_quality"": 1.0, ""investment"": 0.5, ""low_risk"": 2.0, ""momentum"": 0.25, ""quality"": 2.0, ""survival"": 0.25, ""commodity"": 4.0, ""leverage"": 0.25, ""value"": 0.25}, ""lam"": 0.97, ""top_frac"": 0.5, ""budgets"": {""ai"": 0.151, ""biotech"": 0.102, ""cyber_cloud"": 0.14, ""defense_space"": 0.11, ""energy"": 0.102, ""robotics"": 0.126, ""semiconductors"": 0.268}, ""speed"": 1.0, ""rebalance_months"": 3, ""vol_block"": 0.1}"
ec35d81523d5,-0.4570550118625623,-0.9379476874378428,0.08849315421119303,-0.030881498349458292,0.12114969713954116,0.7407950068102521,-0.311175902825797,2.5941833020661487,0.01914826186526368,0.967458179527526,255.04945054945054,"{""group_mult"": {""fundamental_mom"": 2.0, ""growth_quality"": 1.0, ""investment"": 1.0, ""low_risk"": 0.5, ""momentum"": 0.5, ""quality"": 2.0, ""survival"": 0.5, ""commodity"": 4.0, ""leverage"": 2.0, ""value"": 0.25}, ""lam"": 1.3, ""top_frac"": 0.5, ""budgets"": {""ai"": 0.131, ""biotech"": 0.138, ""cyber_cloud"": 0.117, ""defense_space"": 0.107, ""energy"": 0.288, ""robotics"": 0.109, ""semiconductors"": 0.109}, ""speed"": 1.0, ""rebalance_months"": 3, ""vol_block"": 0.1}"
54005123df24,-0.35588231612267573,-0.5822461743503927,0.04725847963412203,-0.021169129215541295,0.13090224269251216,0.7702248620613174,-0.26679453977325585,3.1443259294116146,0.020232267978665022,0.9746928546042534,184.63186813186815,"{""group_mult"": {""fundamental_mom"": 0.5, ""growth_quality"": 0.25, ""investment"": 0.25, ""low_risk"": 0.5, ""momentum"": 0.5, ""quality"": 0.25, ""survival"": 4.0, ""commodity"": 2.0, ""leverage"": 1.0, ""value"": 0.25}, ""lam"": 0.91, ""top_frac"": 0.33, ""budgets"": {""ai"": 0.152, ""biotech"": 0.162, ""cyber_cloud"": 0.135, ""defense_space"": 0.101, ""energy"": 0.19, ""robotics"": 0.147, ""semiconductors"": 0.113}, ""speed"": 1.0, ""rebalance_months"": 3, ""vol_block"": 0.03}"
a20d1196b0dc,-0.3823147233021441,-0.4771615597120661,-0.22670776256884326,-0.03253122521406912,0.12350212378872438,0.8366315239332818,-0.19461328566272007,1.2727793753983578,0.011485719771275226,0.783023699075731,273.34065934065933,"{""group_mult"": {""fundamental_mom"": 0.5, ""growth_quality"": 0.25, ""investment"": 0.5, ""low_risk"": 0.25, ""momentum"": 4.0, ""quality"": 2.0, ""survival"": 2.0, ""commodity"": 0.25, ""leverage"": 1.0, ""value"": 2.0}, ""lam"": 1.18, ""top_frac"": 0.5, ""budgets"": {""ai"": 0.195, ""biotech"": 0.103, ""cyber_cloud"": 0.117, ""defense_space"": 0.144, ""energy"": 0.161, ""robotics"": 0.145, ""semiconductors"": 0.137}, ""speed"": 0.5, ""rebalance_months"": 3, ""vol_block"": 0.03}"
6ce3face3564,-0.4556123359661137,-0.49342303696694617,-0.39709445944028415,-0.0321039079155827,0.12214631213963956,0.7869862166853838,-0.2119940879889941,0.8676750408249179,0.009918635363086927,0.8385203225098211,417.4010989010989,"{""group_mult"": {""fundamental_mom"": 2.0, ""growth_quality"": 0.5, ""investment"": 0.25, ""low_risk"": 0.25, ""momentum"": 4.0, ""quality"": 2.0, ""survival"": 0.5, ""commodity"": 0.5, ""leverage"": 1.0, ""value"": 0.25}, ""lam"": 0.29, ""top_frac"": 0.75, ""budgets"": {""ai"": 0.121, ""biotech"": 0.173, ""cyber_cloud"": 0.101, ""defense_space"": 0.22, ""energy"": 0.117, ""robotics"": 0.143, ""semiconductors"": 0.124}, ""speed"": 0.5, ""rebalance_months"": 3, ""vol_block"": 0.0}"
a84e50d786d9,-0.5775458075200316,-0.6403224813344395,-0.4871588509914092,-0.0403308308448295,0.11379606529020614,0.7571992728137835,-0.21834651175081665,1.2432358506781194,0.015530409480569208,0.8113888261036029,468.57142857142856,"{""group_mult"": {""fundamental_mom"": 2.0, ""growth_quality"": 1.0, ""investment"": 1.0, ""low_risk"": 0.25, ""momentum"": 0.25, ""quality"": 0.25, ""survival"": 0.5, ""commodity"": 0.25, ""leverage"": 0.5, ""value"": 2.0}, ""lam"": 1.08, ""top_frac"": 1.0, ""budgets"": {""ai"": 0.152, ""biotech"": 0.184, ""cyber_cloud"": 0.11, ""defense_space"": 0.116, ""energy"": 0.164, ""robotics"": 0.137, ""semiconductors"": 0.137}, ""speed"": 0.5, ""rebalance_months"": 1, ""vol_block"": 0.0}"
cfcf93fe5a89,-0.45073106942186714,-0.6086836589670425,-0.19638400271322715,-0.0347263516714012,0.11662703645055927,0.7124227938459555,-0.25440767228992156,6.607249894869399,0.03519470754105025,0.9821886763912459,115.04945054945055,"{""group_mult"": {""fundamental_mom"": 4.0, ""growth_quality"": 1.0, ""investment"": 1.0, ""low_risk"": 1.0, ""momentum"": 0.25, ""quality"": 0.25, ""survival"": 0.25, ""commodity"": 0.5, ""leverage"": 0.5, ""value"": 0.5}, ""lam"": 0.83, ""top_frac"": 0.2, ""budgets"": {""ai"": 0.115, ""biotech"": 0.103, ""cyber_cloud"": 0.135, ""defense_space"": 0.158, ""energy"": 0.165, ""robotics"": 0.196, ""semiconductors"": 0.127}, ""speed"": 1.0, ""rebalance_months"": 1, ""vol_block"": 0.03}"
4b321e96c350,-0.44114868834155435,-0.5251386209907856,-0.31274003488715557,-0.04814470662136382,0.11031061812402032,0.8893807910013095,-0.16859118002444418,1.4972254664726812,0.011077072036159433,0.7408276232109753,191.8956043956044,"{""group_mult"": {""fundamental_mom"": 0.25, ""growth_quality"": 0.25, ""investment"": 1.0, ""low_risk"": 2.0, ""momentum"": 4.0, ""quality"": 2.0, ""survival"": 0.25, ""commodity"": 1.0, ""leverage"": 4.0, ""value"": 0.25}, ""lam"": 0.31, ""top_frac"": 0.33, ""budgets"": {""ai"": 0.135, ""biotech"": 0.228, ""cyber_cloud"": 0.117, ""defense_space"": 0.109, ""energy"": 0.137, ""robotics"": 0.153, ""semiconductors"": 0.12}, ""speed"": 0.5, ""rebalance_months"": 3, ""vol_block"": 0.0}"
84824f83a228,-0.2804122340682949,-0.43551588049922396,-0.052230013257473604,-0.016529392777201883,0.13665437829705196,0.8076902631731037,-0.24964229816918315,2.000561189170783,0.01718769345468848,0.9732720851131721,275.92857142857144,"{""group_mult"": {""fundamental_mom"": 0.5, ""growth_quality"": 1.0, ""investment"": 0.25, ""low_risk"": 0.5, ""momentum"": 0.5, ""quality"": 0.5, ""survival"": 0.5, ""commodity"": 4.0, ""leverage"": 4.0, ""value"": 2.0}, ""lam"": 1.24, ""top_frac"": 0.5, ""budgets"": {""ai"": 0.138, ""biotech"": 0.167, ""cyber_cloud"": 0.201, ""defense_space"": 0.125, ""energy"": 0.121, ""robotics"": 0.118, ""semiconductors"": 0.13}, ""speed"": 1.0, ""rebalance_months"": 3, ""vol_block"": 0.03}"
dba8d5c5291c,-0.268253576806203,-0.3229305915966603,-0.1927612517952332,-0.020590544988827765,0.13325750686667948,0.8150149892175808,-0.23560898414547782,3.200746500230133,0.021384656605627092,0.9785513660431188,171.9835164835165,"{""group_mult"": {""fundamental_mom"": 2.0, ""growth_quality"": 2.0, ""investment"": 0.5, ""low_risk"": 0.5, ""momentum"": 4.0, ""quality"": 1.0, ""survival"": 2.0, ""commodity"": 0.25, ""leverage"": 0.25, ""value"": 2.0}, ""lam"": 0.06, ""top_frac"": 0.33, ""budgets"": {""ai"": 0.151, ""biotech"": 0.219, ""cyber_cloud"": 0.125, ""defense_space"": 0.109, ""energy"": 0.155, ""robotics"": 0.139, ""semiconductors"": 0.1}, ""speed"": 1.0, ""rebalance_months"": 3, ""vol_block"": 0.1}"
c54aa2864884,-0.8670081817419578,-1.3457452106144332,-0.47872443008885357,-0.03523600898815271,0.11276243167076538,0.6518754617047154,-0.30145693868807455,1.6507001995276145,0.025370175680640716,0.971028266301334,504.53846153846155,"{""group_mult"": {""fundamental_mom"": 2.0, ""growth_quality"": 0.25, ""investment"": 0.5, ""low_risk"": 0.5, ""momentum"": 1.0, ""quality"": 0.25, ""survival"": 1.0, ""commodity"": 1.0, ""leverage"": 4.0, ""value"": 4.0}, ""lam"": 0.04, ""top_frac"": 1.0, ""budgets"": {""ai"": 0.131, ""biotech"": 0.127, ""cyber_cloud"": 0.166, ""defense_space"": 0.118, ""energy"": 0.21, ""robotics"": 0.144, ""semiconductors"": 0.103}, ""speed"": 1.0, ""rebalance_months"": 1, ""vol_block"": 0.1}"
09d2db9ff99d,-0.38211762693003926,-0.6288355950008371,-0.02627850780338825,-0.02850645539081597,0.12416589498039343,0.7620142963740036,-0.24386247455157029,4.75898981465433,0.027483368477083867,0.9858726681848204,116.23626373626374,"{""group_mult"": {""fundamental_mom"": 0.5, ""growth_quality"": 4.0, ""investment"": 2.0, ""low_risk"": 2.0, ""momentum"": 1.0, ""quality"": 4.0, ""survival"": 2.0, ""commodity"": 4.0, ""leverage"": 2.0, ""value"": 0.5}, ""lam"": 0.14, ""top_frac"": 0.2, ""budgets"": {""ai"": 0.154, ""biotech"": 0.112, ""cyber_cloud"": 0.102, ""defense_space"": 0.16, ""energy"": 0.177, ""robotics"": 0.143, ""semiconductors"": 0.152}, ""speed"": 1.0, ""rebalance_months"": 1, ""vol_block"": 0.03}"
9c20cb42beae,-0.5084883158779882,-0.6795809660908528,-0.19858911793539355,-0.04667522354678161,0.10954286510537137,0.7981317491433321,-0.19984505997923718,1.7228191294342325,0.010626896666222498,0.7303012356775282,117.42307692307692,"{""group_mult"": {""fundamental_mom"": 1.0, ""growth_quality"": 4.0, ""investment"": 4.0, ""low_risk"": 0.25, ""momentum"": 1.0, ""quality"": 1.0, ""survival"": 2.0, ""commodity"": 0.5, ""leverage"": 1.0, ""value"": 0.25}, ""lam"": 0.84, ""top_frac"": 0.2, ""budgets"": {""ai"": 0.138, ""biotech"": 0.105, ""cyber_cloud"": 0.129, ""defense_space"": 0.115, ""energy"": 0.153, ""robotics"": 0.225, ""semiconductors"": 0.134}, ""speed"": 0.5, ""rebalance_months"": 3, ""vol_block"": 0.0}"
3445c1478489,-0.9957717012011613,-1.154511949174589,-0.7823463528941771,-0.027588397001544383,0.11911711801565916,0.6584051899957073,-0.2927825229468677,1.3225235956003059,0.0220633001398522,0.9647655913897368,561.6813186813187,"{""group_mult"": {""fundamental_mom"": 4.0, ""growth_quality"": 0.5, ""investment"": 1.0, ""low_risk"": 0.5, ""momentum"": 4.0, ""quality"": 0.5, ""survival"": 0.5, ""commodity"": 4.0, ""leverage"": 4.0, ""value"": 0.5}, ""lam"": 0.01, ""top_frac"": 1.0, ""budgets"": {""ai"": 0.154, ""biotech"": 0.171, ""cyber_cloud"": 0.136, ""defense_space"": 0.173, ""energy"": 0.137, ""robotics"": 0.101, ""semiconductors"": 0.129}, ""speed"": 1.0, ""rebalance_months"": 1, ""vol_block"": 0.0}"
ce9e05fb2424,-0.5837174664652749,-0.7910127384928802,-0.2840457099284948,-0.030414134445752,0.12016711338156849,0.7115091938133216,-0.2614479109514749,1.9673081261592391,0.021123322105109213,0.966840926051979,450.0,"{""group_mult"": {""fundamental_mom"": 0.25, ""growth_quality"": 0.5, ""investment"": 4.0, ""low_risk"": 0.5, ""momentum"": 0.25, ""quality"": 2.0, ""survival"": 0.25, ""commodity"": 0.5, ""leverage"": 0.25, ""value"": 0.25}, ""lam"": 1.18, ""top_frac"": 1.0, ""budgets"": {""ai"": 0.206, ""biotech"": 0.125, ""cyber_cloud"": 0.184, ""defense_space"": 0.148, ""energy"": 0.12, ""robotics"": 0.106, ""semiconductors"": 0.112}, ""speed"": 1.0, ""rebalance_months"": 1, ""vol_block"": 0.0}"
290c0201a13e,-0.4652504235632589,-0.6069149267330692,-0.2503455996304136,-0.0438415983410873,0.11347799808176062,0.8495436195961843,-0.19385967966042617,1.008784724016566,0.009386659445499325,0.7695961745907605,283.05494505494505,"{""group_mult"": {""fundamental_mom"": 1.0, ""growth_quality"": 0.25, ""investment"": 4.0, ""low_risk"": 2.0, ""momentum"": 0.25, ""quality"": 4.0, ""survival"": 1.0, ""commodity"": 1.0, ""leverage"": 0.25, ""value"": 4.0}, ""lam"": 0.22, ""top_frac"": 0.5, ""budgets"": {""ai"": 0.115, ""biotech"": 0.18, ""cyber_cloud"": 0.117, ""defense_space"": 0.122, ""energy"": 0.197, ""robotics"": 0.115, ""semiconductors"": 0.155}, ""speed"": 0.5, ""rebalance_months"": 3, ""vol_block"": 0.0}"
4f5af40bb63d,-0.4585598326153683,-0.500189908176831,-0.3953521760188512,-0.032362446601992376,0.12223426087401146,0.7948540315716145,-0.2069688436649778,0.8721666743119527,0.010182447625451225,0.8246744361345293,418.2142857142857,"{""group_mult"": {""fundamental_mom"": 1.0, ""growth_quality"": 0.25, ""investment"": 0.25, ""low_risk"": 0.25, ""momentum"": 2.0, ""quality"": 1.0, ""survival"": 0.5, ""commodity"": 4.0, ""leverage"": 0.25, ""value"": 4.0}, ""lam"": 0.26, ""top_frac"": 0.75, ""budgets"": {""ai"": 0.13, ""biotech"": 0.183, ""cyber_cloud"": 0.134, ""defense_space"": 0.153, ""energy"": 0.125, ""robotics"": 0.139, ""semiconductors"": 0.136}, ""speed"": 0.5, ""rebalance_months"": 3, ""vol_block"": 0.0}"
76d6c4bdfdd8,-0.6037560271985307,-0.697602726472075,-0.4510996853548796,-0.047589731350137054,0.10660001989231382,0.7329737514755915,-0.2161513501105391,2.205043860572008,0.020192624955855935,0.7608768901007659,289.4835164835165,"{""group_mult"": {""fundamental_mom"": 4.0, ""growth_quality"": 1.0, ""investment"": 4.0, ""low_risk"": 0.5, ""momentum"": 4.0, ""quality"": 1.0, ""survival"": 4.0, ""commodity"": 4.0, ""leverage"": 4.0, ""value"": 4.0}, ""lam"": 1.16, ""top_frac"": 0.5, ""budgets"": {""ai"": 0.118, ""biotech"": 0.156, ""cyber_cloud"": 0.106, ""defense_space"": 0.116, ""energy"": 0.133, ""robotics"": 0.212, ""semiconductors"": 0.159}, ""speed"": 0.5, ""rebalance_months"": 1, ""vol_block"": 0.0}"
1f4b33e6261f,-0.5447495117399814,-0.6262429864744675,-0.41298860818440786,-0.03309038311122515,0.11991301535391075,0.7542481891625695,-0.24615511853752958,1.1218544886926107,0.014313770024550736,0.8682984705030132,514.9285714285714,"{""group_mult"": {""fundamental_mom"": 4.0, ""growth_quality"": 0.5, ""investment"": 1.0, ""low_risk"": 1.0, ""momentum"": 0.5, ""quality"": 0.5, ""survival"": 4.0, ""commodity"": 0.5, ""leverage"": 0.5, ""value"": 0.25}, ""lam"": 0.71, ""top_frac"": 1.0, ""budgets"": {""ai"": 0.116, ""biotech"": 0.113, ""cyber_cloud"": 0.178, ""defense_space"": 0.202, ""energy"": 0.136, ""robotics"": 0.105, ""semiconductors"": 0.15}, ""speed"": 0.5, ""rebalance_months"": 1, ""vol_block"": 0.0}"
6298ec785563,-0.6302356285194355,-0.7973473606544839,-0.45355358676764673,-0.04085922496480818,0.11137536988531349,0.7110809762172153,-0.26904548160674135,2.6805101241545453,0.025491108489351526,0.9540421916022241,430.5989010989011,"{""group_mult"": {""fundamental_mom"": 0.25, ""growth_quality"": 0.5, ""investment"": 0.5, ""low_risk"": 2.0, ""momentum"": 0.25, ""quality"": 1.0, ""survival"": 0.25, ""commodity"": 0.25, ""leverage"": 1.0, ""value"": 2.0}, ""lam"": 0.78, ""top_frac"": 0.75, ""budgets"": {""ai"": 0.141, ""biotech"": 0.171, ""cyber_cloud"": 0.198, ""defense_space"": 0.104, ""energy"": 0.164, ""robotics"": 0.115, ""semiconductors"": 0.106}, ""speed"": 1.0, ""rebalance_months"": 1, ""vol_block"": 0.0}"
ced575d9e7bf,-0.3557311910669394,-0.6246746474557022,0.11217548893479437,-0.024659148463205778,0.12790104090612098,0.7721591171686082,-0.25060910981359785,4.956270984461591,0.02943864710944807,0.9878504220071086,120.21978021978022,"{""group_mult"": {""fundamental_mom"": 1.0, ""growth_quality"": 2.0, ""investment"": 4.0, ""low_risk"": 0.25, ""momentum"": 2.0, ""quality"": 2.0, ""survival"": 0.5, ""commodity"": 2.0, ""leverage"": 0.5, ""value"": 2.0}, ""lam"": 0.87, ""top_frac"": 0.2, ""budgets"": {""ai"": 0.228, ""biotech"": 0.111, ""cyber_cloud"": 0.129, ""defense_space"": 0.152, ""energy"": 0.125, ""robotics"": 0.121, ""semiconductors"": 0.134}, ""speed"": 1.0, ""rebalance_months"": 1, ""vol_block"": 0.0}"
d9fceb09702b,-0.2689798524741414,-0.2979274141801265,-0.22149857814704144,-0.02496747956464379,0.13323125506294042,0.9347018771166612,-0.2027249569428916,0.7276986914752774,0.009217081252218479,0.8789232928050856,405.6098901098901,"{""group_mult"": {""fundamental_mom"": 1.0, ""growth_quality"": 1.0, ""investment"": 1.0, ""low_risk"": 4.0, ""momentum"": 2.0, ""quality"": 1.0, ""survival"": 0.25, ""commodity"": 0.5, ""leverage"": 4.0, ""value"": 0.5}, ""lam"": 1.46, ""top_frac"": 1.0, ""budgets"": {""ai"": 0.293, ""biotech"": 0.102, ""cyber_cloud"": 0.119, ""defense_space"": 0.105, ""energy"": 0.164, ""robotics"": 0.104, ""semiconductors"": 0.112}, ""speed"": 0.5, ""rebalance_months"": 3, ""vol_block"": 0.1}"
36b846cbd67d,-0.5774674150070664,-0.8729322588257719,-0.19421888286127878,-0.03852070781909783,0.11299394368538884,0.7043888794223524,-0.25774300206534617,3.4335824324413027,0.030401570925137435,0.9862989009560167,260.45604395604397,"{""group_mult"": {""fundamental_mom"": 0.5, ""growth_quality"": 1.0, ""investment"": 4.0, ""low_risk"": 0.25, ""momentum"": 4.0, ""quality"": 2.0, ""survival"": 2.0, ""commodity"": 0.5, ""leverage"": 2.0, ""value"": 0.5}, ""lam"": 0.87, ""top_frac"": 0.5, ""budgets"": {""ai"": 0.152, ""biotech"": 0.108, ""cyber_cloud"": 0.225, ""defense_space"": 0.117, ""energy"": 0.168, ""robotics"": 0.106, ""semiconductors"": 0.124}, ""speed"": 1.0, ""rebalance_months"": 1, ""vol_block"": 0.1}"
32db6d517e8f,-0.4764357504496794,-0.5987100086580062,-0.24156181179673183,-0.04348923067191786,0.11294688936479513,0.8161822891037313,-0.20017314534831332,1.8301036492249758,0.013359848860264551,0.713502640754031,183.4945054945055,"{""group_mult"": {""fundamental_mom"": 4.0, ""growth_quality"": 2.0, ""investment"": 0.5, ""low_risk"": 0.25, ""momentum"": 2.0, ""quality"": 2.0, ""survival"": 1.0, ""commodity"": 0.25, ""leverage"": 4.0, ""value"": 2.0}, ""lam"": 1.02, ""top_frac"": 0.33, ""budgets"": {""ai"": 0.214, ""biotech"": 0.122, ""cyber_cloud"": 0.115, ""defense_space"": 0.125, ""energy"": 0.134, ""robotics"": 0.157, ""semiconductors"": 0.133}, ""speed"": 0.5, ""rebalance_months"": 3, ""vol_block"": 0.03}"
0592ec6275e8,-0.34901141090735927,-0.4305510905710063,-0.23816509147705814,-0.026095204926697077,0.12764809782949715,0.7958777560027118,-0.2530637882407397,1.9933914729270332,0.018210921959548043,0.9751347438838038,284.95054945054943,"{""group_mult"": {""fundamental_mom"": 0.5, ""growth_quality"": 1.0, ""investment"": 2.0, ""low_risk"": 2.0, ""momentum"": 4.0, ""quality"": 2.0, ""survival"": 1.0, ""commodity"": 1.0, ""leverage"": 0.25, ""value"": 1.0}, ""lam"": 1.26, ""top_frac"": 0.5, ""budgets"": {""ai"": 0.104, ""biotech"": 0.116, ""cyber_cloud"": 0.123, ""defense_space"": 0.29, ""energy"": 0.101, ""robotics"": 0.141, ""semiconductors"": 0.126}, ""speed"": 1.0, ""rebalance_months"": 3, ""vol_block"": 0.0}"
c3dcfe402c0f,-0.4332841472021982,-0.4702876591742612,-0.3847265252167034,-0.037867474602996894,0.1184688838309571,0.8325650726234224,-0.21582986876024557,0.900465190122447,0.009736977074086035,0.8419737574686853,379.4945054945055,"{""group_mult"": {""fundamental_mom"": 0.5, ""growth_quality"": 0.25, ""investment"": 0.25, ""low_risk"": 4.0, ""momentum"": 0.25, ""quality"": 1.0, ""survival"": 0.25, ""commodity"": 2.0, ""leverage"": 2.0, ""value"": 1.0}, ""lam"": 0.21, ""top_frac"": 0.75, ""budgets"": {""ai"": 0.184, ""biotech"": 0.106, ""cyber_cloud"": 0.181, ""defense_space"": 0.119, ""energy"": 0.13, ""robotics"": 0.179, ""semiconductors"": 0.103}, ""speed"": 0.5, ""rebalance_months"": 3, ""vol_block"": 0.1}"
561e177b5e5e,-0.4517623226590317,-0.6127583519939807,-0.1817506294730925,-0.04884219959083833,0.11002572833334279,0.9057516755637358,-0.16536743416414978,2.2021028275344134,0.012371031817688713,0.6766190227332238,105.15934065934066,"{""group_mult"": {""fundamental_mom"": 2.0, ""growth_quality"": 0.5, ""investment"": 4.0, ""low_risk"": 0.5, ""momentum"": 1.0, ""quality"": 0.25, ""survival"": 1.0, ""commodity"": 0.25, ""leverage"": 0.5, ""value"": 2.0}, ""lam"": 1.37, ""top_frac"": 0.2, ""budgets"": {""ai"": 0.124, ""biotech"": 0.116, ""cyber_cloud"": 0.239, ""defense_space"": 0.104, ""energy"": 0.109, ""robotics"": 0.144, ""semiconductors"": 0.163}, ""speed"": 0.5, ""rebalance_months"": 3, ""vol_block"": 0.1}"
80993148f318,-0.5228153823928542,-0.9001003573743678,-0.014625268016138311,-0.0373885863817504,0.11485067412941197,0.7230836282106803,-0.2636104829616175,3.4316772855652133,0.025364234672963695,0.9828599063135782,195.47802197802199,"{""group_mult"": {""fundamental_mom"": 0.25, ""growth_quality"": 0.5, ""investment"": 4.0, ""low_risk"": 1.0, ""momentum"": 2.0, ""quality"": 4.0, ""survival"": 1.0, ""commodity"": 1.0, ""leverage"": 4.0, ""value"": 0.25}, ""lam"": 1.46, ""top_frac"": 0.33, ""budgets"": {""ai"": 0.15, ""biotech"": 0.113, ""cyber_cloud"": 0.121, ""defense_space"": 0.17, ""energy"": 0.205, ""robotics"": 0.137, ""semiconductors"": 0.103}, ""speed"": 1.0, ""rebalance_months"": 1, ""vol_block"": 0.0}"
4b3c8f87e28e,-0.560016432813382,-0.6474769496283758,-0.44056416795654024,-0.044960760597841216,0.11001931876975957,0.7654795140303051,-0.22948387251472635,1.2786329983595783,0.015639730537196254,0.8156535130898849,416.6923076923077,"{""group_mult"": {""fundamental_mom"": 0.5, ""growth_quality"": 0.25, ""investment"": 4.0, ""low_risk"": 2.0, ""momentum"": 0.5, ""quality"": 0.25, ""survival"": 0.25, ""commodity"": 2.0, ""leverage"": 0.25, ""value"": 4.0}, ""lam"": 0.28, ""top_frac"": 0.75, ""budgets"": {""ai"": 0.156, ""biotech"": 0.146, ""cyber_cloud"": 0.129, ""defense_space"": 0.133, ""energy"": 0.141, ""robotics"": 0.117, ""semiconductors"": 0.178}, ""speed"": 0.5, ""rebalance_months"": 1, ""vol_block"": 0.03}"
6efaf093db61,-0.5812014921477223,-0.6830371039109683,-0.41042108469460675,-0.05008692489769538,0.10563093117828237,0.7696834944306602,-0.2030119975499658,1.2015822823814775,0.010475452773181852,0.7502552703446402,273.7307692307692,"{""group_mult"": {""fundamental_mom"": 0.5, ""growth_quality"": 0.25, ""investment"": 2.0, ""low_risk"": 0.25, ""momentum"": 0.5, ""quality"": 1.0, ""survival"": 4.0, ""commodity"": 0.25, ""leverage"": 4.0, ""value"": 0.25}, ""lam"": 0.04, ""top_frac"": 0.5, ""budgets"": {""ai"": 0.166, ""biotech"": 0.165, ""cyber_cloud"": 0.113, ""defense_space"": 0.131, ""energy"": 0.134, ""robotics"": 0.183, ""semiconductors"": 0.108}, ""speed"": 0.5, ""rebalance_months"": 3, ""vol_block"": 0.03}"
c46c614f238e,-0.2661517738712457,-0.4088177879576689,-0.045474403849461206,-0.013251680678163217,0.1381931410828754,0.7792849830810493,-0.2721972638489354,1.5337649862251137,0.017577503287280232,0.9660871094460669,378.0934065934066,"{""group_mult"": {""fundamental_mom"": 1.0, ""growth_quality"": 2.0, ""investment"": 2.0, ""low_risk"": 1.0, ""momentum"": 0.25, ""quality"": 1.0, ""survival"": 0.5, ""commodity"": 4.0, ""leverage"": 0.25, ""value"": 0.5}, ""lam"": 0.24, ""top_frac"": 0.75, ""budgets"": {""ai"": 0.198, ""biotech"": 0.104, ""cyber_cloud"": 0.106, ""defense_space"": 0.137, ""energy"": 0.105, ""robotics"": 0.143, ""semiconductors"": 0.205}, ""speed"": 1.0, ""rebalance_months"": 3, ""vol_block"": 0.1}"
b40e1f0cfa70,-0.5771488131381162,-0.6433184919610274,-0.4718151890783677,-0.03821951146249046,0.11111736033203612,0.663560685602195,-0.2624989400578004,4.492160411686602,0.03282207921411639,0.9880518465946548,189.2967032967033,"{""group_mult"": {""fundamental_mom"": 0.5, ""growth_quality"": 2.0, ""investment"": 4.0, ""low_risk"": 0.5, ""momentum"": 4.0, ""quality"": 1.0, ""survival"": 2.0, ""commodity"": 1.0, ""leverage"": 0.5, ""value"": 4.0}, ""lam"": 0.45, ""top_frac"": 0.33, ""budgets"": {""ai"": 0.177, ""biotech"": 0.114, ""cyber_cloud"": 0.113, ""defense_space"": 0.114, ""energy"": 0.132, ""robotics"": 0.236, ""semiconductors"": 0.113}, ""speed"": 1.0, ""rebalance_months"": 1, ""vol_block"": 0.03}"
dca4adb48f70,-0.5306624668664355,-0.5554321627425648,-0.4853410011536309,-0.054515279385553936,0.10150050591168625,0.7652594005353365,-0.1971593217474793,4.029783195597697,0.024233174351535852,0.7546708511650858,115.86813186813187,"{""group_mult"": {""fundamental_mom"": 2.0, ""growth_quality"": 2.0, ""investment"": 0.25, ""low_risk"": 1.0, ""momentum"": 4.0, ""quality"": 0.25, ""survival"": 2.0, ""commodity"": 2.0, ""leverage"": 0.5, ""value"": 4.0}, ""lam"": 1.25, ""top_frac"": 0.2, ""budgets"": {""ai"": 0.119, ""biotech"": 0.14, ""cyber_cloud"": 0.188, ""defense_space"": 0.114, ""energy"": 0.141, ""robotics"": 0.157, ""semiconductors"": 0.141}, ""speed"": 0.5, ""rebalance_months"": 1, ""vol_block"": 0.03}"
4a1566ac4101,-0.37736434224942383,-0.5626671818762199,-0.08589260966799374,-0.03763651649458116,0.12070594127632961,0.9092290707040455,-0.19283628583976886,1.6733396368803963,0.009597808740867731,0.7541977779553449,106.50549450549451,"{""group_mult"": {""fundamental_mom"": 1.0, ""growth_quality"": 1.0, ""investment"": 4.0, ""low_risk"": 1.0, ""momentum"": 0.25, ""quality"": 4.0, ""survival"": 1.0, ""commodity"": 1.0, ""leverage"": 4.0, ""value"": 2.0}, ""lam"": 0.05, ""top_frac"": 0.2, ""budgets"": {""ai"": 0.16, ""biotech"": 0.124, ""cyber_cloud"": 0.116, ""defense_space"": 0.13, ""energy"": 0.212, ""robotics"": 0.116, ""semiconductors"": 0.142}, ""speed"": 0.5, ""rebalance_months"": 3, ""vol_block"": 0.1}"
019e562f7b98,-0.4883071998332404,-0.7038205706729862,-0.1872186846067422,-0.033725931132699574,0.11756974349127702,0.7175395336199821,-0.25949574800047637,4.771899009309626,0.032607034867169926,0.985641200243861,195.2967032967033,"{""group_mult"": {""fundamental_mom"": 1.0, ""growth_quality"": 1.0, ""investment"": 1.0, ""low_risk"": 0.5, ""momentum"": 2.0, ""quality"": 0.5, ""survival"": 0.25, ""commodity"": 1.0, ""leverage"": 0.25, ""value"": 4.0}, ""lam"": 1.5, ""top_frac"": 0.33, ""budgets"": {""ai"": 0.141, ""biotech"": 0.231, ""cyber_cloud"": 0.104, ""defense_space"": 0.156, ""energy"": 0.112, ""robotics"": 0.132, ""semiconductors"": 0.124}, ""speed"": 1.0, ""rebalance_months"": 1, ""vol_block"": 0.0}"
354cc72a393a,-0.5369167098469088,-0.747418143067845,-0.27395982665206137,-0.03225485747935451,0.11881799676961302,0.7161925326014321,-0.2633337061437987,2.9686227282952613,0.027614907592837995,0.9821628062209437,281.0164835164835,"{""group_mult"": {""fundamental_mom"": 0.25, ""growth_quality"": 0.25, ""investment"": 2.0, ""low_risk"": 0.5, ""momentum"": 1.0, ""quality"": 2.0, ""survival"": 0.5, ""commodity"": 1.0, ""leverage"": 2.0, ""value"": 2.0}, ""lam"": 0.27, ""top_frac"": 0.5, ""budgets"": {""ai"": 0.131, ""biotech"": 0.262, ""cyber_cloud"": 0.107, ""defense_space"": 0.122, ""energy"": 0.105, ""robotics"": 0.136, ""semiconductors"": 0.136}, ""speed"": 1.0, ""rebalance_months"": 1, ""vol_block"": 0.03}"
40eb312615ab,-0.5223242702912346,-0.7226837150279147,-0.21019836484843418,-0.053839579236332535,0.10314353715625368,0.8044066995604443,-0.20515336312126076,3.491213784533983,0.02069550280662945,0.7605825144281834,116.29120879120879,"{""group_mult"": {""fundamental_mom"": 2.0, ""growth_quality"": 2.0, ""investment"": 2.0, ""low_risk"": 1.0, ""momentum"": 0.5, ""quality"": 2.0, ""survival"": 0.25, ""commodity"": 4.0, ""leverage"": 0.5, ""value"": 2.0}, ""lam"": 0.26, ""top_frac"": 0.2, ""budgets"": {""ai"": 0.116, ""biotech"": 0.121, ""cyber_cloud"": 0.158, ""defense_space"": 0.113, ""energy"": 0.218, ""robotics"": 0.173, ""semiconductors"": 0.101}, ""speed"": 0.5, ""rebalance_months"": 1, ""vol_block"": 0.03}"
9be2be4d7f03,-0.44375555498296765,-0.6112782748330522,-0.18668917798796933,-0.029068831249430778,0.12433285075720679,0.7751628909948285,-0.24820505634062962,1.310387284865244,0.015793719594487592,0.8508406709165788,475.1098901098901,"{""group_mult"": {""fundamental_mom"": 4.0, ""growth_quality"": 0.5, ""investment"": 2.0, ""low_risk"": 0.25, ""momentum"": 0.25, ""quality"": 0.25, ""survival"": 1.0, ""commodity"": 2.0, ""leverage"": 0.25, ""value"": 2.0}, ""lam"": 0.67, ""top_frac"": 1.0, ""budgets"": {""ai"": 0.112, ""biotech"": 0.101, ""cyber_cloud"": 0.11, ""defense_space"": 0.199, ""energy"": 0.142, ""robotics"": 0.11, ""semiconductors"": 0.226}, ""speed"": 0.5, ""rebalance_months"": 1, ""vol_block"": 0.1}"
004a2c2f8bc0,-0.40344277769419407,-0.43158823354730363,-0.3660715075449422,-0.02633702805274827,0.12699438932123108,0.7824550576198855,-0.23740150007973115,1.2342448009629126,0.014627208503005482,0.8629383364405483,429.81868131868134,"{""group_mult"": {""fundamental_mom"": 0.25, ""growth_quality"": 1.0, ""investment"": 0.5, ""low_risk"": 2.0, ""momentum"": 4.0, ""quality"": 0.25, ""survival"": 4.0, ""commodity"": 1.0, ""leverage"": 0.5, ""value"": 0.5}, ""lam"": 0.21, ""top_frac"": 0.75, ""budgets"": {""ai"": 0.105, ""biotech"": 0.144, ""cyber_cloud"": 0.101, ""defense_space"": 0.141, ""energy"": 0.114, ""robotics"": 0.198, ""semiconductors"": 0.197}, ""speed"": 0.5, ""rebalance_months"": 1, ""vol_block"": 0.0}"
dd61484457f6,-0.25755528655363696,-0.4371658958147111,0.057921961478870757,-0.01501623301197826,0.13738081226112508,0.7926646224526773,-0.24778481188289936,2.3729041403240108,0.015269739286950038,0.9697853383068269,172.0879120879121,"{""group_mult"": {""fundamental_mom"": 0.25, ""growth_quality"": 1.0, ""investment"": 1.0, ""low_risk"": 0.25, ""momentum"": 0.25, ""quality"": 1.0, ""survival"": 4.0, ""commodity"": 0.5, ""leverage"": 2.0, ""value"": 1.0}, ""lam"": 1.48, ""top_frac"": 0.33, ""budgets"": {""ai"": 0.121, ""biotech"": 0.135, ""cyber_cloud"": 0.193, ""defense_space"": 0.147, ""energy"": 0.128, ""robotics"": 0.119, ""semiconductors"": 0.157}, ""speed"": 1.0, ""rebalance_months"": 3, ""vol_block"": 0.1}"
3f0d331ae3d5,-0.3112585829382152,-0.5031397840590773,0.05052922706190605,-0.014610501692925305,0.13610143553088694,0.7604581676710688,-0.25292763324157463,2.0895465156244093,0.017333672249264884,0.9647626009314937,272.92857142857144,"{""group_mult"": {""fundamental_mom"": 2.0, ""growth_quality"": 1.0, ""investment"": 1.0, ""low_risk"": 0.5, ""momentum"": 1.0, ""quality"": 4.0, ""survival"": 4.0, ""commodity"": 0.5, ""leverage"": 4.0, ""value"": 4.0}, ""lam"": 0.73, ""top_frac"": 0.5, ""budgets"": {""ai"": 0.131, ""biotech"": 0.15, ""cyber_cloud"": 0.143, ""defense_space"": 0.129, ""energy"": 0.117, ""robotics"": 0.204, ""semiconductors"": 0.127}, ""speed"": 1.0, ""rebalance_months"": 3, ""vol_block"": 0.03}"
5e3581ab9ee8,-0.4317251348131108,-0.47360261985030955,-0.3585637765621988,-0.031220213850926368,0.12316674204158318,0.7926136716730567,-0.22322335597675458,1.453192202347594,0.017187054660769193,0.8074868663171179,416.2307692307692,"{""group_mult"": {""fundamental_mom"": 4.0, ""growth_quality"": 1.0, ""investment"": 0.25, ""low_risk"": 2.0, ""momentum"": 2.0, ""quality"": 1.0, ""survival"": 4.0, ""commodity"": 1.0, ""leverage"": 0.25, ""value"": 4.0}, ""lam"": 0.74, ""top_frac"": 0.75, ""budgets"": {""ai"": 0.179, ""biotech"": 0.127, ""cyber_cloud"": 0.1, ""defense_space"": 0.108, ""energy"": 0.107, ""robotics"": 0.144, ""semiconductors"": 0.235}, ""speed"": 0.5, ""rebalance_months"": 1, ""vol_block"": 0.03}"
844072ce893c,-0.5647209696398026,-0.6311504554039309,-0.4698562045464841,-0.06791710517539595,0.09011773415471591,0.8020360437449043,-0.1939458950841999,2.447356751618102,0.021581089779689925,0.7442552460859808,259.93956043956047,"{""group_mult"": {""fundamental_mom"": 0.5, ""growth_quality"": 0.25, ""investment"": 0.25, ""low_risk"": 2.0, ""momentum"": 1.0, ""quality"": 0.25, ""survival"": 0.5, ""commodity"": 0.5, ""leverage"": 1.0, ""value"": 0.5}, ""lam"": 0.5, ""top_frac"": 0.5, ""budgets"": {""ai"": 0.13, ""biotech"": 0.17, ""cyber_cloud"": 0.122, ""defense_space"": 0.165, ""energy"": 0.203, ""robotics"": 0.109, ""semiconductors"": 0.101}, ""speed"": 0.5, ""rebalance_months"": 1, ""vol_block"": 0.1}"
cac8bbcd3255,-0.59001770341373,-0.7146807578996951,-0.4442505262523325,-0.03512561093987657,0.11669276887862856,0.7222876424066237,-0.2664711657338351,2.315857015072403,0.02490174299075624,0.9644266999127725,475.13186813186815,"{""group_mult"": {""fundamental_mom"": 1.0, ""growth_quality"": 0.5, ""investment"": 0.5, ""low_risk"": 2.0, ""momentum"": 0.5, ""quality"": 1.0, ""survival"": 2.0, ""commodity"": 2.0, ""leverage"": 0.5, ""value"": 0.25}, ""lam"": 0.73, ""top_frac"": 1.0, ""budgets"": {""ai"": 0.166, ""biotech"": 0.18, ""cyber_cloud"": 0.134, ""defense_space"": 0.137, ""energy"": 0.136, ""robotics"": 0.128, ""semiconductors"": 0.118}, ""speed"": 1.0, ""rebalance_months"": 1, ""vol_block"": 0.1}"
391d1ebc3a4a,-0.7451711378197845,-0.7849558633162338,-0.7120557566334181,-0.03332954671231767,0.11458239831589712,0.6554029903829378,-0.27417580742462433,2.6638485169877604,0.028956610582909964,0.9757905706578606,386.0164835164835,"{""group_mult"": {""fundamental_mom"": 2.0, ""growth_quality"": 2.0, ""investment"": 0.5, ""low_risk"": 0.25, ""momentum"": 0.25, ""quality"": 2.0, ""survival"": 2.0, ""commodity"": 1.0, ""leverage"": 1.0, ""value"": 0.5}, ""lam"": 0.49, ""top_frac"": 0.75, ""budgets"": {""ai"": 0.124, ""biotech"": 0.222, ""cyber_cloud"": 0.122, ""defense_space"": 0.11, ""energy"": 0.111, ""robotics"": 0.191, ""semiconductors"": 0.119}, ""speed"": 1.0, ""rebalance_months"": 1, ""vol_block"": 0.1}"
32beb00c4477,-0.3199249191321459,-0.24733994368752296,-0.42107384701210415,-0.024883540071129008,0.13096888880348145,0.8538882878031087,-0.224725595407809,0.5631666761796992,0.008075779663307034,0.8939993732248978,469.7087912087912,"{""group_mult"": {""fundamental_mom"": 0.5, ""growth_quality"": 2.0, ""investment"": 0.5, ""low_risk"": 2.0, ""momentum"": 1.0, ""quality"": 1.0, ""survival"": 0.5, ""commodity"": 0.25, ""leverage"": 2.0, ""value"": 1.0}, ""lam"": 0.91, ""top_frac"": 1.0, ""budgets"": {""ai"": 0.116, ""biotech"": 0.199, ""cyber_cloud"": 0.193, ""defense_space"": 0.105, ""energy"": 0.106, ""robotics"": 0.129, ""semiconductors"": 0.152}, ""speed"": 0.5, ""rebalance_months"": 3, ""vol_block"": 0.0}"
d63a5e34cd9a,-0.4413472106623664,-0.6165521165626272,-0.20532480469304298,-0.036575760582023484,0.11787823301898381,0.7813043453992898,-0.2573277288101996,4.769656473818609,0.030478396127071736,0.9776262802400936,194.67582417582418,"{""group_mult"": {""fundamental_mom"": 2.0, ""growth_quality"": 0.25, ""investment"": 4.0, ""low_risk"": 4.0, ""momentum"": 1.0, ""quality"": 4.0, ""survival"": 0.5, ""commodity"": 4.0, ""leverage"": 0.25, ""value"": 0.5}, ""lam"": 0.56, ""top_frac"": 0.33, ""budgets"": {""ai"": 0.13, ""biotech"": 0.168, ""cyber_cloud"": 0.129, ""defense_space"": 0.173, ""energy"": 0.135, ""robotics"": 0.123, ""semiconductors"": 0.142}, ""speed"": 1.0, ""rebalance_months"": 1, ""vol_block"": 0.0}"
f4027fc336fa,-0.49640232872407103,-0.6401513551968007,-0.30244911331309654,-0.046256170932991024,0.10677380687400428,0.7114617602113881,-0.24288579312807967,6.466322393669804,0.03279773882512707,0.9817561317209025,115.57142857142857,"{""group_mult"": {""fundamental_mom"": 2.0, ""growth_quality"": 1.0, ""investment"": 0.25, ""low_risk"": 4.0, ""momentum"": 0.5, ""quality"": 4.0, ""survival"": 1.0, ""commodity"": 0.25, ""leverage"": 1.0, ""value"": 0.5}, ""lam"": 1.45, ""top_frac"": 0.2, ""budgets"": {""ai"": 0.11, ""biotech"": 0.117, ""cyber_cloud"": 0.137, ""defense_space"": 0.175, ""energy"": 0.123, ""robotics"": 0.208, ""semiconductors"": 0.131}, ""speed"": 1.0, ""rebalance_months"": 1, ""vol_block"": 0.03}"
19ccccd719e9,-0.29816787035877496,-0.5080965085265586,0.019952096774022397,-0.02045693915404455,0.13285259501138325,0.7981338131554552,-0.2431692287761832,2.40495303358604,0.016798529638290732,0.9725704334740006,191.06593406593407,"{""group_mult"": {""fundamental_mom"": 2.0, ""growth_quality"": 0.5, ""investment"": 4.0, ""low_risk"": 2.0, ""momentum"": 0.25, ""quality"": 4.0, ""survival"": 2.0, ""commodity"": 2.0, ""leverage"": 0.25, ""value"": 4.0}, ""lam"": 0.05, ""top_frac"": 0.33, ""budgets"": {""ai"": 0.177, ""biotech"": 0.13, ""cyber_cloud"": 0.138, ""defense_space"": 0.106, ""energy"": 0.115, ""robotics"": 0.216, ""semiconductors"": 0.119}, ""speed"": 1.0, ""rebalance_months"": 3, ""vol_block"": 0.0}"
e12a1ed2b91d,-0.5062958288494781,-0.6424973147027875,-0.26862709746904023,-0.05896028777090419,0.09937583268023209,0.8502598424947746,-0.18277667267406772,4.182772518133565,0.024721383047213278,0.7220264226741494,118.93956043956044,"{""group_mult"": {""fundamental_mom"": 2.0, ""growth_quality"": 1.0, ""investment"": 0.5, ""low_risk"": 2.0, ""momentum"": 1.0, ""quality"": 0.5, ""survival"": 0.5, ""commodity"": 4.0, ""leverage"": 4.0, ""value"": 0.25}, ""lam"": 0.2, ""top_frac"": 0.2, ""budgets"": {""ai"": 0.114, ""biotech"": 0.104, ""cyber_cloud"": 0.107, ""defense_space"": 0.104, ""energy"": 0.276, ""robotics"": 0.131, ""semiconductors"": 0.164}, ""speed"": 0.5, ""rebalance_months"": 1, ""vol_block"": 0.0}"
c85d13b3312c,-0.45801200674390996,-0.5716673076667618,-0.28145161875901903,-0.056982649172907754,0.10264599396878937,0.9337741593344022,-0.15704620636163003,2.1296375418402618,0.012171173158269795,0.6845599489392948,117.95604395604396,"{""group_mult"": {""fundamental_mom"": 4.0, ""growth_quality"": 1.0, ""investment"": 4.0, ""low_risk"": 4.0, ""momentum"": 0.5, ""quality"": 0.5, ""survival"": 0.25, ""commodity"": 4.0, ""leverage"": 2.0, ""value"": 0.5}, ""lam"": 0.66, ""top_frac"": 0.2, ""budgets"": {""ai"": 0.16, ""biotech"": 0.211, ""cyber_cloud"": 0.105, ""defense_space"": 0.12, ""energy"": 0.107, ""robotics"": 0.19, ""semiconductors"": 0.107}, ""speed"": 0.5, ""rebalance_months"": 3, ""vol_block"": 0.0}"
5a9ae7254bd8,-0.576314114783254,-0.6896676201970936,-0.36749187246045384,-0.050471319228151165,0.10492443257190942,0.7576263371167311,-0.19610639348632997,2.9031400958096034,0.021241252774274105,0.7502034662191258,193.37912087912088,"{""group_mult"": {""fundamental_mom"": 4.0, ""growth_quality"": 1.0, ""investment"": 0.25, ""low_risk"": 0.5, ""momentum"": 0.25, ""quality"": 2.0, ""survival"": 0.5, ""commodity"": 0.5, ""leverage"": 4.0, ""value"": 2.0}, ""lam"": 1.24, ""top_frac"": 0.33, ""budgets"": {""ai"": 0.165, ""biotech"": 0.122, ""cyber_cloud"": 0.161, ""defense_space"": 0.17, ""energy"": 0.111, ""robotics"": 0.104, ""semiconductors"": 0.167}, ""speed"": 0.5, ""rebalance_months"": 1, ""vol_block"": 0.0}"
4bfc6606bbd4,-0.5655589749845988,-0.5852717244953229,-0.5451288649074203,-0.029988066997724695,0.12019739345405656,0.70683874056101,-0.2699001837213372,2.466849121515698,0.025645087354587755,0.9756249812552183,430.1868131868132,"{""group_mult"": {""fundamental_mom"": 4.0, ""growth_quality"": 4.0, ""investment"": 0.25, ""low_risk"": 4.0, ""momentum"": 4.0, ""quality"": 1.0, ""survival"": 0.5, ""commodity"": 1.0, ""leverage"": 2.0, ""value"": 0.5}, ""lam"": 0.73, ""top_frac"": 0.75, ""budgets"": {""ai"": 0.114, ""biotech"": 0.114, ""cyber_cloud"": 0.158, ""defense_space"": 0.176, ""energy"": 0.101, ""robotics"": 0.223, ""semiconductors"": 0.114}, ""speed"": 1.0, ""rebalance_months"": 1, ""vol_block"": 0.0}"
abe6b95d0a80,-0.34852467374209484,-0.38391545117860953,-0.29944828464194684,-0.029712849932244143,0.12735209284171978,0.8801159151423906,-0.20623883389671016,0.7489579431122895,0.008789481928436213,0.8478843552577642,378.532967032967,"{""group_mult"": {""fundamental_mom"": 0.25, ""growth_quality"": 1.0, ""investment"": 1.0, ""low_risk"": 0.5, ""momentum"": 0.5, ""quality"": 1.0, ""survival"": 0.25, ""commodity"": 0.25, ""leverage"": 0.25, ""value"": 0.5}, ""lam"": 0.62, ""top_frac"": 0.75, ""budgets"": {""ai"": 0.187, ""biotech"": 0.1, ""cyber_cloud"": 0.146, ""defense_space"": 0.149, ""energy"": 0.176, ""robotics"": 0.14, ""semiconductors"": 0.102}, ""speed"": 0.5, ""rebalance_months"": 3, ""vol_block"": 0.1}"
b13deaef7a27,-0.7209731375460678,-0.8916921516219521,-0.4435796465323439,-0.03283629580662264,0.11571535845201941,0.6674901095019442,-0.2676900307971629,3.034093068768103,0.028769061621122662,0.980402281022985,289.2142857142857,"{""group_mult"": {""fundamental_mom"": 2.0, ""growth_quality"": 0.5, ""investment"": 0.5, ""low_risk"": 0.5, ""momentum"": 1.0, ""quality"": 4.0, ""survival"": 2.0, ""commodity"": 4.0, ""leverage"": 2.0, ""value"": 0.5}, ""lam"": 1.12, ""top_frac"": 0.5, ""budgets"": {""ai"": 0.104, ""biotech"": 0.206, ""cyber_cloud"": 0.139, ""defense_space"": 0.111, ""energy"": 0.124, ""robotics"": 0.193, ""semiconductors"": 0.123}, ""speed"": 1.0, ""rebalance_months"": 1, ""vol_block"": 0.0}"
96e59873d845,-0.5000525856600121,-0.6417628129261732,-0.24445015716408952,-0.048149010793812605,0.10816843352011629,0.795487734897162,-0.18467494408518326,4.3472438819732035,0.025300683159120763,0.7145918863144074,106.52747252747253,"{""group_mult"": {""fundamental_mom"": 4.0, ""growth_quality"": 0.5, ""investment"": 0.5, ""low_risk"": 0.25, ""momentum"": 0.5, ""quality"": 0.5, ""survival"": 1.0, ""commodity"": 1.0, ""leverage"": 0.25, ""value"": 0.5}, ""lam"": 0.45, ""top_frac"": 0.2, ""budgets"": {""ai"": 0.119, ""biotech"": 0.114, ""cyber_cloud"": 0.203, ""defense_space"": 0.114, ""energy"": 0.141, ""robotics"": 0.107, ""semiconductors"": 0.203}, ""speed"": 0.5, ""rebalance_months"": 1, ""vol_block"": 0.1}"
3c93b1fedcc5,-0.387652448924886,-0.4579979507455223,-0.27685418198819545,-0.016481413038083474,0.13436971254816088,0.7586618788510595,-0.2682757559766996,1.5619565310298733,0.018021566679359672,0.9615717316272338,403.94505494505495,"{""group_mult"": {""fundamental_mom"": 2.0, ""growth_quality"": 1.0, ""investment"": 4.0, ""low_risk"": 0.25, ""momentum"": 1.0, ""quality"": 2.0, ""survival"": 0.5, ""commodity"": 0.5, ""leverage"": 2.0, ""value"": 0.5}, ""lam"": 0.2, ""top_frac"": 0.75, ""budgets"": {""ai"": 0.161, ""biotech"": 0.112, ""cyber_cloud"": 0.167, ""defense_space"": 0.142, ""energy"": 0.114, ""robotics"": 0.185, ""semiconductors"": 0.119}, ""speed"": 1.0, ""rebalance_months"": 3, ""vol_block"": 0.03}"
324a4c2f73be,-0.3887545386547564,-0.33427740038433534,-0.46643302173391554,-0.03035833478730687,0.12497847621639013,0.8236106130244467,-0.21749891073866456,0.8407615242518508,0.013179784624280759,0.8834366359831196,464.4835164835165,"{""group_mult"": {""fundamental_mom"": 0.5, ""growth_quality"": 4.0, ""investment"": 2.0, ""low_risk"": 4.0, ""momentum"": 4.0, ""quality"": 4.0, ""survival"": 0.5, ""commodity"": 0.5, ""leverage"": 4.0, ""value"": 0.5}, ""lam"": 1.04, ""top_frac"": 1.0, ""budgets"": {""ai"": 0.101, ""biotech"": 0.162, ""cyber_cloud"": 0.178, ""defense_space"": 0.129, ""energy"": 0.133, ""robotics"": 0.165, ""semiconductors"": 0.132}, ""speed"": 0.5, ""rebalance_months"": 1, ""vol_block"": 0.0}"
b9c0ec94cf42,-0.2857860426610766,-0.5988140284247625,0.20235657501442203,-0.014244115125256043,0.13785473123725245,0.7893333130817393,-0.26199600849892757,1.7704719560391857,0.015311291518291179,0.9655089566575394,282.57142857142856,"{""group_mult"": {""fundamental_mom"": 0.5, ""growth_quality"": 4.0, ""investment"": 4.0, ""low_risk"": 0.25, ""momentum"": 1.0, ""quality"": 4.0, ""survival"": 1.0, ""commodity"": 0.5, ""leverage"": 0.5, ""value"": 2.0}, ""lam"": 0.97, ""top_frac"": 0.5, ""budgets"": {""ai"": 0.135, ""biotech"": 0.137, ""cyber_cloud"": 0.102, ""defense_space"": 0.142, ""energy"": 0.177, ""robotics"": 0.138, ""semiconductors"": 0.168}, ""speed"": 1.0, ""rebalance_months"": 3, ""vol_block"": 0.0}"
59cb8db4651e,-0.45446652635474555,-0.5590890400526843,-0.30327489819997144,-0.038341787106981245,0.11797479399174038,0.829818640783745,-0.21216752450670118,0.9293243434582166,0.010011252166908026,0.8083910227995988,377.9725274725275,"{""group_mult"": {""fundamental_mom"": 0.5, ""growth_quality"": 0.25, ""investment"": 2.0, ""low_risk"": 0.5, ""momentum"": 4.0, ""quality"": 2.0, ""survival"": 2.0, ""commodity"": 4.0, ""leverage"": 4.0, ""value"": 4.0}, ""lam"": 0.09, ""top_frac"": 0.75, ""budgets"": {""ai"": 0.105, ""biotech"": 0.223, ""cyber_cloud"": 0.152, ""defense_space"": 0.105, ""energy"": 0.152, ""robotics"": 0.128, ""semiconductors"": 0.136}, ""speed"": 0.5, ""rebalance_months"": 3, ""vol_block"": 0.1}"
c354a0910b2e,-0.2767086518120094,-0.3867262114418402,-0.11992735988762084,-0.018446198639642343,0.13584472601625786,0.828198036157069,-0.23847756930457176,1.7888866508877008,0.014603833261362456,0.9711142760851654,256.18131868131866,"{""group_mult"": {""fundamental_mom"": 0.25, ""growth_quality"": 0.5, ""investment"": 0.5, ""low_risk"": 0.5, ""momentum"": 0.25, ""quality"": 1.0, ""survival"": 0.5, ""commodity"": 0.25, ""leverage"": 2.0, ""value"": 2.0}, ""lam"": 0.57, ""top_frac"": 0.5, ""budgets"": {""ai"": 0.154, ""biotech"": 0.232, ""cyber_cloud"": 0.111, ""defense_space"": 0.121, ""energy"": 0.102, ""robotics"": 0.145, ""semiconductors"": 0.135}, ""speed"": 1.0, ""rebalance_months"": 3, ""vol_block"": 0.1}"
c1ecfd41df6d,-0.3744953405792526,-0.5580337861056652,-0.08928086351771483,-0.022453428665216494,0.1283473418194927,0.740627648564243,-0.25885094500382777,3.3564920102146205,0.02352105533679746,0.9806640100085895,175.06593406593407,"{""group_mult"": {""fundamental_mom"": 0.5, ""growth_quality"": 1.0, ""investment"": 1.0, ""low_risk"": 1.0, ""momentum"": 0.25, ""quality"": 4.0, ""survival"": 4.0, ""commodity"": 2.0, ""leverage"": 2.0, ""value"": 0.5}, ""lam"": 1.42, ""top_frac"": 0.33, ""budgets"": {""ai"": 0.116, ""biotech"": 0.116, ""cyber_cloud"": 0.124, ""defense_space"": 0.12, ""energy"": 0.144, ""robotics"": 0.183, ""semiconductors"": 0.197}, ""speed"": 1.0, ""rebalance_months"": 1, ""vol_block"": 0.1}"
cd68bd7320a6,-0.551671591352673,-1.0167384433415678,-0.008163249835850128,-0.02830464556034825,0.1227517650318577,0.7272654878591591,-0.27884292221777496,2.0201976587867674,0.019488089893360854,0.9565123438125237,413.5934065934066,"{""group_mult"": {""fundamental_mom"": 1.0, ""growth_quality"": 0.25, ""investment"": 1.0, ""low_risk"": 0.25, ""momentum"": 0.25, ""quality"": 1.0, ""survival"": 0.5, ""commodity"": 4.0, ""leverage"": 2.0, ""value"": 1.0}, ""lam"": 1.32, ""top_frac"": 0.75, ""budgets"": {""ai"": 0.124, ""biotech"": 0.192, ""cyber_cloud"": 0.138, ""defense_space"": 0.113, ""energy"": 0.195, ""robotics"": 0.103, ""semiconductors"": 0.135}, ""speed"": 1.0, ""rebalance_months"": 3, ""vol_block"": 0.0}"
91fe4e573434,-0.5256289297703041,-0.6029976299811853,-0.4044391739487856,-0.04553115681191045,0.1104848128722582,0.7970512589129418,-0.20522151949299494,1.8451685062237768,0.017008574164599066,0.7734191076656433,281.4120879120879,"{""group_mult"": {""fundamental_mom"": 0.5, ""growth_quality"": 4.0, ""investment"": 0.25, ""low_risk"": 1.0, ""momentum"": 2.0, ""quality"": 0.25, ""survival"": 1.0, ""commodity"": 4.0, ""leverage"": 0.25, ""value"": 4.0}, ""lam"": 0.1, ""top_frac"": 0.5, ""budgets"": {""ai"": 0.148, ""biotech"": 0.15, ""cyber_cloud"": 0.143, ""defense_space"": 0.142, ""energy"": 0.178, ""robotics"": 0.115, ""semiconductors"": 0.125}, ""speed"": 0.5, ""rebalance_months"": 1, ""vol_block"": 0.03}"
c3ecea90b3f1,-0.37281979517930464,-0.43214709033278065,-0.28015257673189636,-0.034129845622560204,0.12312289894436867,0.8760997758526425,-0.1985644074670111,1.054913515142759,0.009738387499708791,0.8050725504362363,275.7142857142857,"{""group_mult"": {""fundamental_mom"": 0.25, ""growth_quality"": 1.0, ""investment"": 0.5, ""low_risk"": 2.0, ""momentum"": 2.0, ""quality"": 2.0, ""survival"": 4.0, ""commodity"": 0.25, ""leverage"": 0.25, ""value"": 1.0}, ""lam"": 0.76, ""top_frac"": 0.5, ""budgets"": {""ai"": 0.179, ""biotech"": 0.136, ""cyber_cloud"": 0.109, ""defense_space"": 0.145, ""energy"": 0.127, ""robotics"": 0.162, ""semiconductors"": 0.141}, ""speed"": 0.5, ""rebalance_months"": 3, ""vol_block"": 0.03}"
a5d124110dfa,-0.5187606775886152,-0.6949127184429634,-0.2535272231685425,-0.05247879787736379,0.10453270738016207,0.8092319208225124,-0.20539703556292577,3.186991384759469,0.018938707820971023,0.7727513320205314,116.54945054945055,"{""group_mult"": {""fundamental_mom"": 1.0, ""growth_quality"": 1.0, ""investment"": 4.0, ""low_risk"": 2.0, ""momentum"": 0.5, ""quality"": 4.0, ""survival"": 4.0, ""commodity"": 4.0, ""leverage"": 2.0, ""value"": 4.0}, ""lam"": 0.89, ""top_frac"": 0.2, ""budgets"": {""ai"": 0.149, ""biotech"": 0.104, ""cyber_cloud"": 0.146, ""defense_space"": 0.211, ""energy"": 0.17, ""robotics"": 0.104, ""semiconductors"": 0.116}, ""speed"": 0.5, ""rebalance_months"": 1, ""vol_block"": 0.03}"
0a1d851fb119,-0.5796393313059319,-0.638762166244711,-0.5110625085316146,-0.03471709871179938,0.11661026553626308,0.7124267149867591,-0.2635833067299983,2.6960245461765977,0.025414745497743738,0.9696150998800382,386.2802197802198,"{""group_mult"": {""fundamental_mom"": 1.0, ""growth_quality"": 4.0, ""investment"": 4.0, ""low_risk"": 4.0, ""momentum"": 0.5, ""quality"": 1.0, ""survival"": 1.0, ""commodity"": 1.0, ""leverage"": 2.0, ""value"": 0.5}, ""lam"": 0.86, ""top_frac"": 0.75, ""budgets"": {""ai"": 0.132, ""biotech"": 0.125, ""cyber_cloud"": 0.226, ""defense_space"": 0.105, ""energy"": 0.117, ""robotics"": 0.15, ""semiconductors"": 0.146}, ""speed"": 1.0, ""rebalance_months"": 1, ""vol_block"": 0.1}"
a06717d9bf7d,-0.21952117938910473,-0.23541162620182413,-0.1986840308386797,-0.012915305044675043,0.14009645284992134,0.812325635662161,-0.23856948995754534,0.6171338351559891,0.009006774984893877,0.9072419052752807,481.93956043956047,"{""group_mult"": {""fundamental_mom"": 0.5, ""growth_quality"": 4.0, ""investment"": 4.0, ""low_risk"": 0.5, ""momentum"": 4.0, ""quality"": 1.0, ""survival"": 1.0, ""commodity"": 0.5, ""leverage"": 2.0, ""value"": 0.5}, ""lam"": 0.77, ""top_frac"": 1.0, ""budgets"": {""ai"": 0.102, ""biotech"": 0.116, ""cyber_cloud"": 0.114, ""defense_space"": 0.135, ""energy"": 0.17, ""robotics"": 0.12, ""semiconductors"": 0.243}, ""speed"": 0.5, ""rebalance_months"": 3, ""vol_block"": 0.0}"
3cfd1e70d93d,-0.39790491149333396,-0.4596141609997421,-0.3097021655775743,-0.03549568029610835,0.1215220524582421,0.8639213849030378,-0.20822154430762907,0.7998750077918311,0.00955313185101781,0.8353120142203168,419.7912087912088,"{""group_mult"": {""fundamental_mom"": 4.0, ""growth_quality"": 1.0, ""investment"": 4.0, ""low_risk"": 4.0, ""momentum"": 1.0, ""quality"": 1.0, ""survival"": 0.5, ""commodity"": 1.0, ""leverage"": 1.0, ""value"": 0.25}, ""lam"": 0.64, ""top_frac"": 0.75, ""budgets"": {""ai"": 0.158, ""biotech"": 0.146, ""cyber_cloud"": 0.105, ""defense_space"": 0.142, ""energy"": 0.163, ""robotics"": 0.171, ""semiconductors"": 0.115}, ""speed"": 0.5, ""rebalance_months"": 3, ""vol_block"": 0.0}"
268395613c28,-0.6070915973768047,-0.6634719803432538,-0.5197445690948905,-0.05549211922563872,0.1000792400195123,0.7458878440658722,-0.2034505784281221,1.8706239664888789,0.017951559039517607,0.7920403614166446,289.96153846153845,"{""group_mult"": {""fundamental_mom"": 1.0, ""growth_quality"": 1.0, ""investment"": 0.5, ""low_risk"": 1.0, ""momentum"": 0.5, ""quality"": 1.0, ""survival"": 1.0, ""commodity"": 1.0, ""leverage"": 4.0, ""value"": 0.5}, ""lam"": 0.76, ""top_frac"": 0.5, ""budgets"": {""ai"": 0.12, ""biotech"": 0.166, ""cyber_cloud"": 0.155, ""defense_space"": 0.214, ""energy"": 0.112, ""robotics"": 0.128, ""semiconductors"": 0.105}, ""speed"": 0.5, ""rebalance_months"": 1, ""vol_block"": 0.0}"
252faf26a961,-0.5494468585382927,-0.5854949445926688,-0.5014153930505467,-0.022362879340755475,0.12382954703840365,0.664884199825078,-0.29638308050397466,3.0774265629678634,0.030297945987339904,0.9841538452114159,289.5,"{""group_mult"": {""fundamental_mom"": 1.0, ""growth_quality"": 4.0, ""investment"": 0.25, ""low_risk"": 0.25, ""momentum"": 0.25, ""quality"": 0.5, ""survival"": 2.0, ""commodity"": 0.5, ""leverage"": 0.25, ""value"": 0.25}, ""lam"": 0.34, ""top_frac"": 0.5, ""budgets"": {""ai"": 0.177, ""biotech"": 0.101, ""cyber_cloud"": 0.173, ""defense_space"": 0.108, ""energy"": 0.12, ""robotics"": 0.122, ""semiconductors"": 0.199}, ""speed"": 1.0, ""rebalance_months"": 1, ""vol_block"": 0.0}"
7c2fba0fb25a,-0.3538574556211457,-0.4383580100007036,-0.2248041873888707,-0.02814318103739262,0.12820962044026674,0.8592163668481241,-0.2083031798879741,0.7639560211315608,0.00944225656245994,0.8485118039039748,418.5879120879121,"{""group_mult"": {""fundamental_mom"": 0.5, ""growth_quality"": 1.0, ""investment"": 4.0, ""low_risk"": 0.25, ""momentum"": 0.5, ""quality"": 4.0, ""survival"": 4.0, ""commodity"": 1.0, ""leverage"": 0.25, ""value"": 0.25}, ""lam"": 1.02, ""top_frac"": 1.0, ""budgets"": {""ai"": 0.171, ""biotech"": 0.11, ""cyber_cloud"": 0.147, ""defense_space"": 0.209, ""energy"": 0.118, ""robotics"": 0.139, ""semiconductors"": 0.106}, ""speed"": 0.5, ""rebalance_months"": 3, ""vol_block"": 0.1}"
f48a8b31d0a4,-0.3633923364187782,-0.47318388360726915,-0.17576646830170098,-0.03821477194268538,0.1202842877274315,0.9168592710047005,-0.1869066869202025,1.5824642560746487,0.0112022569559838,0.7590400604156028,172.85164835164835,"{""group_mult"": {""fundamental_mom"": 2.0, ""growth_quality"": 0.5, ""investment"": 1.0, ""low_risk"": 2.0, ""momentum"": 2.0, ""quality"": 2.0, ""survival"": 2.0, ""commodity"": 0.25, ""leverage"": 0.5, ""value"": 0.25}, ""lam"": 1.37, ""top_frac"": 0.33, ""budgets"": {""ai"": 0.135, ""biotech"": 0.105, ""cyber_cloud"": 0.122, ""defense_space"": 0.109, ""energy"": 0.151, ""robotics"": 0.184, ""semiconductors"": 0.193}, ""speed"": 0.5, ""rebalance_months"": 3, ""vol_block"": 0.1}"
8b62231e0bc3,-0.525658101298225,-0.7796033285377735,-0.2120778920965053,-0.03483968148493085,0.11569568708338762,0.6986027337087917,-0.28211347648563356,4.14340752276995,0.038747917515533976,0.9912206511393145,260.0164835164835,"{""group_mult"": {""fundamental_mom"": 1.0, ""growth_quality"": 0.25, ""investment"": 0.5, ""low_risk"": 0.5, ""momentum"": 2.0, ""quality"": 0.5, ""survival"": 0.25, ""commodity"": 4.0, ""leverage"": 0.25, ""value"": 0.5}, ""lam"": 0.14, ""top_frac"": 0.5, ""budgets"": {""ai"": 0.131, ""biotech"": 0.102, ""cyber_cloud"": 0.111, ""defense_space"": 0.155, ""energy"": 0.196, ""robotics"": 0.149, ""semiconductors"": 0.154}, ""speed"": 1.0, ""rebalance_months"": 1, ""vol_block"": 0.1}"
53fac4cb44f2,-0.4851363584550281,-0.6046780161920644,-0.328231259542574,-0.04525398285957941,0.10944232821742794,0.7598853327810147,-0.25170254965636185,5.307436437371781,0.03319751624390947,0.9792516884352105,195.1153846153846,"{""group_mult"": {""fundamental_mom"": 1.0, ""growth_quality"": 2.0, ""investment"": 2.0, ""low_risk"": 4.0, ""momentum"": 0.25, ""quality"": 2.0, ""survival"": 0.25, ""commodity"": 0.5, ""leverage"": 0.5, ""value"": 0.5}, ""lam"": 0.91, ""top_frac"": 0.33, ""budgets"": {""ai"": 0.19, ""biotech"": 0.115, ""cyber_cloud"": 0.138, ""defense_space"": 0.137, ""energy"": 0.201, ""robotics"": 0.111, ""semiconductors"": 0.108}, ""speed"": 1.0, ""rebalance_months"": 1, ""vol_block"": 0.0}"
13f80c5021fb,-0.22818327811699735,-0.32614831225247926,-0.0768889214876635,-0.011540090324685878,0.13861353635964369,0.7606529069998622,-0.25617058144475735,2.17529774796899,0.021041837567411938,0.9693331613989196,397.85164835164835,"{""group_mult"": {""fundamental_mom"": 4.0, ""growth_quality"": 2.0, ""investment"": 0.5, ""low_risk"": 1.0, ""momentum"": 4.0, ""quality"": 0.25, ""survival"": 1.0, ""commodity"": 1.0, ""leverage"": 1.0, ""value"": 0.25}, ""lam"": 1.45, ""top_frac"": 0.75, ""budgets"": {""ai"": 0.12, ""biotech"": 0.114, ""cyber_cloud"": 0.163, ""defense_space"": 0.103, ""energy"": 0.109, ""robotics"": 0.215, ""semiconductors"": 0.175}, ""speed"": 1.0, ""rebalance_months"": 3, ""vol_block"": 0.03}"
56bf5c81aee6,-0.45223989674102893,-0.53495335720128,-0.30770966766987795,-0.03636132010635139,0.1196846036547814,0.8261792123362094,-0.20222042027584897,1.1280754505644142,0.01075784659076763,0.7833845310026744,283.47802197802196,"{""group_mult"": {""fundamental_mom"": 1.0, ""growth_quality"": 2.0, ""investment"": 1.0, ""low_risk"": 1.0, ""momentum"": 0.5, ""quality"": 1.0, ""survival"": 4.0, ""commodity"": 2.0, ""leverage"": 4.0, ""value"": 0.25}, ""lam"": 0.98, ""top_frac"": 0.5, ""budgets"": {""ai"": 0.135, ""biotech"": 0.131, ""cyber_cloud"": 0.138, ""defense_space"": 0.148, ""energy"": 0.176, ""robotics"": 0.128, ""semiconductors"": 0.143}, ""speed"": 0.5, ""rebalance_months"": 3, ""vol_block"": 0.0}"
1362013f7f89,0.1188190802829392,-0.022282765734657574,0.3612892046035879,0.009442569661314425,0.1674340259074243,0.9823732710167693,-0.23162903352418485,2.195527031750294,0.011950260839203586,0.9757374662729706,106.36813186813187,"{""group_mult"": {""fundamental_mom"": 0.5, ""growth_quality"": 0.5, ""investment"": 0.5, ""low_risk"": 1.0, ""momentum"": 0.5, ""quality"": 4.0, ""survival"": 0.25, ""commodity"": 0.25, ""leverage"": 0.25, ""value"": 2.0}, ""lam"": 0.74, ""top_frac"": 0.2, ""budgets"": {""ai"": 0.23, ""biotech"": 0.122, ""cyber_cloud"": 0.16, ""defense_space"": 0.112, ""energy"": 0.101, ""robotics"": 0.102, ""semiconductors"": 0.173}, ""speed"": 1.0, ""rebalance_months"": 3, ""vol_block"": 0.1}"
75582b951ee3,-0.5110343655769225,-0.5895407973896726,-0.39894817253677417,-0.05565795779590667,0.10198810394940772,0.8289613334927487,-0.20418059448270942,2.2845342875839223,0.020499232678087696,0.7763093404890443,260.0824175824176,"{""group_mult"": {""fundamental_mom"": 0.5, ""growth_quality"": 0.5, ""investment"": 0.5, ""low_risk"": 2.0, ""momentum"": 2.0, ""quality"": 0.5, ""survival"": 2.0, ""commodity"": 4.0, ""leverage"": 2.0, ""value"": 0.5}, ""lam"": 0.94, ""top_frac"": 0.5, ""budgets"": {""ai"": 0.126, ""biotech"": 0.154, ""cyber_cloud"": 0.154, ""defense_space"": 0.175, ""energy"": 0.165, ""robotics"": 0.111, ""semiconductors"": 0.114}, ""speed"": 0.5, ""rebalance_months"": 1, ""vol_block"": 0.1}"
083d99833eaf,-0.6623117441369811,-0.9414222908987785,-0.3683885635168673,-0.03622570667181272,0.11425668711219084,0.6908779126229151,-0.27763958169174585,2.073173814378555,0.023875632542253417,0.9718848330729283,430.1373626373626,"{""group_mult"": {""fundamental_mom"": 0.25, ""growth_quality"": 1.0, ""investment"": 0.5, ""low_risk"": 0.5, ""momentum"": 0.25, ""quality"": 0.5, ""survival"": 1.0, ""commodity"": 0.5, ""leverage"": 0.25, ""value"": 1.0}, ""lam"": 1.0, ""top_frac"": 0.75, ""budgets"": {""ai"": 0.109, ""biotech"": 0.12, ""cyber_cloud"": 0.236, ""defense_space"": 0.104, ""energy"": 0.216, ""robotics"": 0.101, ""semiconductors"": 0.114}, ""speed"": 1.0, ""rebalance_months"": 1, ""vol_block"": 0.0}"
f8fa3df9aa0f,-0.39705698806090384,-0.4284385364079441,-0.3519265684518271,-0.020072917044320716,0.1315655733454122,0.7644994223073263,-0.24889251700076864,1.2222560749326048,0.016940607024221704,0.9643912817824315,477.4065934065934,"{""group_mult"": {""fundamental_mom"": 0.5, ""growth_quality"": 4.0, ""investment"": 1.0, ""low_risk"": 2.0, ""momentum"": 4.0, ""quality"": 0.25, ""survival"": 4.0, ""commodity"": 0.5, ""leverage"": 2.0, ""value"": 0.25}, ""lam"": 0.81, ""top_frac"": 1.0, ""budgets"": {""ai"": 0.122, ""biotech"": 0.231, ""cyber_cloud"": 0.132, ""defense_space"": 0.121, ""energy"": 0.124, ""robotics"": 0.118, ""semiconductors"": 0.152}, ""speed"": 1.0, ""rebalance_months"": 3, ""vol_block"": 0.0}"
2f5c20616f8b,-0.5177678001136875,-0.7008534170439394,-0.2777053839066153,-0.025353909442919556,0.12511298455583786,0.7251042165939732,-0.264503452306175,1.5298412129121424,0.018702185722039993,0.9621628284870274,453.42857142857144,"{""group_mult"": {""fundamental_mom"": 0.25, ""growth_quality"": 0.5, ""investment"": 4.0, ""low_risk"": 0.25, ""momentum"": 2.0, ""quality"": 0.25, ""survival"": 1.0, ""commodity"": 1.0, ""leverage"": 2.0, ""value"": 0.25}, ""lam"": 1.02, ""top_frac"": 1.0, ""budgets"": {""ai"": 0.117, ""biotech"": 0.162, ""cyber_cloud"": 0.122, ""defense_space"": 0.119, ""energy"": 0.153, ""robotics"": 0.207, ""semiconductors"": 0.12}, ""speed"": 1.0, ""rebalance_months"": 3, ""vol_block"": 0.0}"
7ddd893c7e0e,-0.46466728336667595,-0.7256383300474163,-0.10400383622114996,-0.02096378993013257,0.12981298426210564,0.7453042328851406,-0.2808916176224543,1.1827009817945595,0.017475181703943944,0.9597605704187676,508.34065934065933,"{""group_mult"": {""fundamental_mom"": 1.0, ""growth_quality"": 2.0, ""investment"": 4.0, ""low_risk"": 1.0, ""momentum"": 2.0, ""quality"": 0.5, ""survival"": 2.0, ""commodity"": 4.0, ""leverage"": 0.25, ""value"": 0.5}, ""lam"": 0.61, ""top_frac"": 1.0, ""budgets"": {""ai"": 0.109, ""biotech"": 0.114, ""cyber_cloud"": 0.14, ""defense_space"": 0.163, ""energy"": 0.174, ""robotics"": 0.116, ""semiconductors"": 0.183}, ""speed"": 1.0, ""rebalance_months"": 3, ""vol_block"": 0.0}"
25d3ef0de7a2,-0.5573800518215786,-0.6751673665851112,-0.3827199238893768,-0.054761156448846694,0.10153849130512382,0.7745140707571814,-0.20680267933930907,2.610707154655378,0.01939629135252331,0.767982861006704,195.58241758241758,"{""group_mult"": {""fundamental_mom"": 1.0, ""growth_quality"": 2.0, ""investment"": 4.0, ""low_risk"": 2.0, ""momentum"": 1.0, ""quality"": 0.5, ""survival"": 1.0, ""commodity"": 4.0, ""leverage"": 0.25, ""value"": 0.5}, ""lam"": 0.92, ""top_frac"": 0.33, ""budgets"": {""ai"": 0.134, ""biotech"": 0.124, ""cyber_cloud"": 0.114, ""defense_space"": 0.183, ""energy"": 0.106, ""robotics"": 0.174, ""semiconductors"": 0.166}, ""speed"": 0.5, ""rebalance_months"": 1, ""vol_block"": 0.0}"
35858745dfa1,-0.43101347316220645,-0.41525343135882387,-0.45496541631540044,-0.03149008109572117,0.12354597334788608,0.8104030484630464,-0.20510214108915248,0.9751097040205889,0.013218249748277427,0.8488176437543486,415.6703296703297,"{""group_mult"": {""fundamental_mom"": 0.5, ""growth_quality"": 4.0, ""investment"": 2.0, ""low_risk"": 0.25, ""momentum"": 2.0, ""quality"": 4.0, ""survival"": 0.5, ""commodity"": 0.5, ""leverage"": 4.0, ""value"": 1.0}, ""lam"": 1.08, ""top_frac"": 0.75, ""budgets"": {""ai"": 0.217, ""biotech"": 0.176, ""cyber_cloud"": 0.106, ""defense_space"": 0.101, ""energy"": 0.166, ""robotics"": 0.123, ""semiconductors"": 0.111}, ""speed"": 0.5, ""rebalance_months"": 1, ""vol_block"": 0.03}"
9c4dc211f3a7,-0.5214104048127776,-0.7092330193323794,-0.26873839133052024,-0.0410795241951659,0.11187464124755842,0.7281357977732467,-0.26139384148621014,5.035613469979234,0.03190207509454948,0.9800252643962274,194.56593406593407,"{""group_mult"": {""fundamental_mom"": 4.0, ""growth_quality"": 2.0, ""investment"": 1.0, ""low_risk"": 4.0, ""momentum"": 0.25, ""quality"": 4.0, ""survival"": 2.0, ""commodity"": 0.5, ""leverage"": 0.25, ""value"": 1.0}, ""lam"": 0.8, ""top_frac"": 0.33, ""budgets"": {""ai"": 0.137, ""biotech"": 0.111, ""cyber_cloud"": 0.139, ""defense_space"": 0.167, ""energy"": 0.193, ""robotics"": 0.122, ""semiconductors"": 0.131}, ""speed"": 1.0, ""rebalance_months"": 1, ""vol_block"": 0.0}"
f9961476255e,-0.5713790844172211,-0.7050567624354442,-0.34423159179479795,-0.04936700795463127,0.10546957286371739,0.7441998121147801,-0.20518051654350644,2.6961182531720773,0.019118077740318838,0.7668740233733056,174.85714285714286,"{""group_mult"": {""fundamental_mom"": 1.0, ""growth_quality"": 1.0, ""investment"": 0.5, ""low_risk"": 0.25, ""momentum"": 0.25, ""quality"": 1.0, ""survival"": 1.0, ""commodity"": 1.0, ""leverage"": 0.5, ""value"": 0.25}, ""lam"": 0.17, ""top_frac"": 0.33, ""budgets"": {""ai"": 0.119, ""biotech"": 0.102, ""cyber_cloud"": 0.147, ""defense_space"": 0.169, ""energy"": 0.134, ""robotics"": 0.161, ""semiconductors"": 0.167}, ""speed"": 0.5, ""rebalance_months"": 1, ""vol_block"": 0.1}"
7c49fbfdb2e7,-0.41945768592564303,-0.5112635604930307,-0.27096665906780937,-0.04261869867755873,0.11585223534582689,0.9035230644159318,-0.18765508369279105,1.270164170091739,0.011399153258700351,0.7475542190970068,275.86813186813185,"{""group_mult"": {""fundamental_mom"": 4.0, ""growth_quality"": 1.0, ""investment"": 4.0, ""low_risk"": 4.0, ""momentum"": 0.5, ""quality"": 1.0, ""survival"": 1.0, ""commodity"": 0.25, ""leverage"": 2.0, ""value"": 1.0}, ""lam"": 0.7, ""top_frac"": 0.5, ""budgets"": {""ai"": 0.107, ""biotech"": 0.197, ""cyber_cloud"": 0.11, ""defense_space"": 0.116, ""energy"": 0.15, ""robotics"": 0.107, ""semiconductors"": 0.214}, ""speed"": 0.5, ""rebalance_months"": 3, ""vol_block"": 0.03}"
d0fa5a23d112,-0.5110395417558673,-0.6167389561810739,-0.3285835241008672,-0.04185665336959153,0.11362679948381826,0.7894529477277208,-0.20621165786492734,2.2439631641869138,0.016957222306252354,0.7874365036761758,194.95054945054946,"{""group_mult"": {""fundamental_mom"": 0.25, ""growth_quality"": 0.5, ""investment"": 2.0, ""low_risk"": 0.25, ""momentum"": 0.25, ""quality"": 0.5, ""survival"": 2.0, ""commodity"": 2.0, ""leverage"": 0.5, ""value"": 2.0}, ""lam"": 1.1, ""top_frac"": 0.33, ""budgets"": {""ai"": 0.128, ""biotech"": 0.123, ""cyber_cloud"": 0.215, ""defense_space"": 0.112, ""energy"": 0.128, ""robotics"": 0.117, ""semiconductors"": 0.177}, ""speed"": 0.5, ""rebalance_months"": 1, ""vol_block"": 0.0}"
7db90c978c27,-0.4026884536009663,-0.3776250804127436,-0.43987583453607954,-0.027011366160510857,0.12693169365971158,0.7947740677550541,-0.229040594859515,0.8163810234243721,0.01277931789058777,0.8808986489413346,498.11538461538464,"{""group_mult"": {""fundamental_mom"": 0.25, ""growth_quality"": 0.5, ""investment"": 0.5, ""low_risk"": 0.5, ""momentum"": 0.25, ""quality"": 2.0, ""survival"": 0.5, ""commodity"": 4.0, ""leverage"": 4.0, ""value"": 2.0}, ""lam"": 0.77, ""top_frac"": 1.0, ""budgets"": {""ai"": 0.19, ""biotech"": 0.119, ""cyber_cloud"": 0.155, ""defense_space"": 0.138, ""energy"": 0.1, ""robotics"": 0.189, ""semiconductors"": 0.108}, ""speed"": 0.5, ""rebalance_months"": 1, ""vol_block"": 0.03}"
e9e1a81fdbf0,-0.3232903949311792,-0.285669522958212,-0.37713129735561257,-0.020740842682681462,0.1337710302608106,0.8274728764618302,-0.23219519248638354,0.65189423035841,0.008785913326534054,0.8939388933649783,489.77472527472526,"{""group_mult"": {""fundamental_mom"": 0.25, ""growth_quality"": 2.0, ""investment"": 4.0, ""low_risk"": 0.5, ""momentum"": 0.25, ""quality"": 4.0, ""survival"": 0.25, ""commodity"": 0.25, ""leverage"": 0.5, ""value"": 0.5}, ""lam"": 0.21, ""top_frac"": 1.0, ""budgets"": {""ai"": 0.143, ""biotech"": 0.201, ""cyber_cloud"": 0.115, ""defense_space"": 0.118, ""energy"": 0.108, ""robotics"": 0.163, ""semiconductors"": 0.152}, ""speed"": 0.5, ""rebalance_months"": 3, ""vol_block"": 0.1}"
be6191dd5eeb,-0.5274077265014869,-0.6782439309676657,-0.30403170954675707,-0.054603197450493274,0.10235423971655644,0.801678994297686,-0.20861083011649195,2.553017585976095,0.019458674388565904,0.7948999000265468,188.95604395604394,"{""group_mult"": {""fundamental_mom"": 0.5, ""growth_quality"": 4.0, ""investment"": 0.5, ""low_risk"": 2.0, ""momentum"": 0.5, ""quality"": 1.0, ""survival"": 0.25, ""commodity"": 4.0, ""leverage"": 2.0, ""value"": 1.0}, ""lam"": 1.28, ""top_frac"": 0.33, ""budgets"": {""ai"": 0.105, ""biotech"": 0.103, ""cyber_cloud"": 0.123, ""defense_space"": 0.153, ""energy"": 0.287, ""robotics"": 0.122, ""semiconductors"": 0.108}, ""speed"": 0.5, ""rebalance_months"": 1, ""vol_block"": 0.03}"
7a00aa920a42,-0.4597983111890126,-0.6137761297329232,-0.1915843259550752,-0.03966045275724025,0.11610580503717105,0.8048748465558969,-0.20863056303465877,2.9988022491289694,0.017761144152796747,0.7844621345958308,107.87912087912088,"{""group_mult"": {""fundamental_mom"": 2.0, ""growth_quality"": 0.25, ""investment"": 4.0, ""low_risk"": 0.5, ""momentum"": 0.25, ""quality"": 4.0, ""survival"": 2.0, ""commodity"": 1.0, ""leverage"": 0.5, ""value"": 1.0}, ""lam"": 0.93, ""top_frac"": 0.2, ""budgets"": {""ai"": 0.174, ""biotech"": 0.175, ""cyber_cloud"": 0.115, ""defense_space"": 0.113, ""energy"": 0.108, ""robotics"": 0.123, ""semiconductors"": 0.191}, ""speed"": 0.5, ""rebalance_months"": 1, ""vol_block"": 0.1}"
9013a7ab6fea,-0.39979158321449504,-0.47038271893591704,-0.2942082202685198,-0.019377885689334663,0.13219292163194307,0.7643473792896639,-0.2596511943239598,1.4608507061391358,0.01571471459705972,0.9575988372478107,437.5934065934066,"{""group_mult"": {""fundamental_mom"": 0.25, ""growth_quality"": 4.0, ""investment"": 4.0, ""low_risk"": 0.5, ""momentum"": 1.0, ""quality"": 0.5, ""survival"": 2.0, ""commodity"": 2.0, ""leverage"": 0.5, ""value"": 0.5}, ""lam"": 1.2, ""top_frac"": 1.0, ""budgets"": {""ai"": 0.133, ""biotech"": 0.133, ""cyber_cloud"": 0.204, ""defense_space"": 0.169, ""energy"": 0.101, ""robotics"": 0.124, ""semiconductors"": 0.134}, ""speed"": 1.0, ""rebalance_months"": 3, ""vol_block"": 0.0}"
971f6b080825,-0.14419001679318144,-0.2518546128171011,0.035139754767132776,-0.01401857062998418,0.1432202207376443,0.9254125933048823,-0.22370368638658955,3.8743886082656287,0.020091675025983833,0.9771205409921675,114.26923076923077,"{""group_mult"": {""fundamental_mom"": 2.0, ""growth_quality"": 0.25, ""investment"": 0.25, ""low_risk"": 2.0, ""momentum"": 4.0, ""quality"": 0.5, ""survival"": 1.0, ""commodity"": 4.0, ""leverage"": 0.25, ""value"": 2.0}, ""lam"": 0.7, ""top_frac"": 0.2, ""budgets"": {""ai"": 0.163, ""biotech"": 0.135, ""cyber_cloud"": 0.159, ""defense_space"": 0.107, ""energy"": 0.163, ""robotics"": 0.162, ""semiconductors"": 0.11}, ""speed"": 1.0, ""rebalance_months"": 3, ""vol_block"": 0.03}"
add8c1bdeef2,-0.28233840874117505,-0.3581864231250317,-0.17437944918338635,-0.020674789753484114,0.13547539766362182,0.8723053100557366,-0.2125704195440854,0.7002787897804876,0.009105113767930476,0.8695438002598221,440.75824175824175,"{""group_mult"": {""fundamental_mom"": 0.25, ""growth_quality"": 2.0, ""investment"": 4.0, ""low_risk"": 0.5, ""momentum"": 2.0, ""quality"": 1.0, ""survival"": 0.5, ""commodity"": 0.5, ""leverage"": 0.5, ""value"": 0.5}, ""lam"": 1.13, ""top_frac"": 1.0, ""budgets"": {""ai"": 0.192, ""biotech"": 0.137, ""cyber_cloud"": 0.124, ""defense_space"": 0.106, ""energy"": 0.187, ""robotics"": 0.12, ""semiconductors"": 0.135}, ""speed"": 0.5, ""rebalance_months"": 3, ""vol_block"": 0.0}"
aa96a551892c,-0.5662610377157402,-0.7666081618786027,-0.24533225383758409,-0.06164097032114704,0.09573958550719164,0.7918304077319551,-0.17819207881139176,2.050244944250924,0.012020459816397034,0.7073706222133271,113.1978021978022,"{""group_mult"": {""fundamental_mom"": 4.0, ""growth_quality"": 0.5, ""investment"": 2.0, ""low_risk"": 1.0, ""momentum"": 1.0, ""quality"": 4.0, ""survival"": 0.5, ""commodity"": 2.0, ""leverage"": 2.0, ""value"": 0.5}, ""lam"": 0.49, ""top_frac"": 0.2, ""budgets"": {""ai"": 0.111, ""biotech"": 0.131, ""cyber_cloud"": 0.167, ""defense_space"": 0.189, ""energy"": 0.176, ""robotics"": 0.125, ""semiconductors"": 0.1}, ""speed"": 0.5, ""rebalance_months"": 3, ""vol_block"": 0.03}"
9b932db1d73a,-0.18640256554454587,-0.29089384801012363,-0.02152425577881841,-0.014923683242857122,0.1411387208544057,0.8863660190629109,-0.24847991884331389,2.7144422087615823,0.018259554035613496,0.9773799632939196,192.06593406593407,"{""group_mult"": {""fundamental_mom"": 1.0, ""growth_quality"": 0.5, ""investment"": 1.0, ""low_risk"": 2.0, ""momentum"": 0.25, ""quality"": 0.25, ""survival"": 0.5, ""commodity"": 2.0, ""leverage"": 2.0, ""value"": 0.25}, ""lam"": 0.19, ""top_frac"": 0.33, ""budgets"": {""ai"": 0.195, ""biotech"": 0.114, ""cyber_cloud"": 0.119, ""defense_space"": 0.129, ""energy"": 0.128, ""robotics"": 0.118, ""semiconductors"": 0.197}, ""speed"": 1.0, ""rebalance_months"": 3, ""vol_block"": 0.0}"
284bef0cab57,-0.35669738807344514,-0.4361635718729025,-0.26180796886418384,-0.023509231209318873,0.13046483217947968,0.808084937280078,-0.253590495500138,0.9023259424475403,0.013399056223374917,0.9161322705177909,482.0769230769231,"{""group_mult"": {""fundamental_mom"": 0.25, ""growth_quality"": 2.0, ""investment"": 4.0, ""low_risk"": 0.25, ""momentum"": 4.0, ""quality"": 0.5, ""survival"": 0.25, ""commodity"": 4.0, ""leverage"": 0.25, ""value"": 0.5}, ""lam"": 0.56, ""top_frac"": 1.0, ""budgets"": {""ai"": 0.17, ""biotech"": 0.1, ""cyber_cloud"": 0.149, ""defense_space"": 0.111, ""energy"": 0.191, ""robotics"": 0.12, ""semiconductors"": 0.158}, ""speed"": 0.5, ""rebalance_months"": 1, ""vol_block"": 0.1}"
a4c9254a0f11,-0.45645653528656993,-0.5113367919488556,-0.3696421324978474,-0.041322919458154736,0.11509453993103769,0.8233123393543227,-0.1827822105989162,1.4645992134879233,0.012773676726440874,0.7499029722438912,273.52197802197804,"{""group_mult"": {""fundamental_mom"": 2.0, ""growth_quality"": 0.25, ""investment"": 0.5, ""low_risk"": 0.5, ""momentum"": 4.0, ""quality"": 0.5, ""survival"": 0.25, ""commodity"": 0.25, ""leverage"": 2.0, ""value"": 2.0}, ""lam"": 1.22, ""top_frac"": 0.5, ""budgets"": {""ai"": 0.149, ""biotech"": 0.126, ""cyber_cloud"": 0.219, ""defense_space"": 0.118, ""energy"": 0.127, ""robotics"": 0.153, ""semiconductors"": 0.106}, ""speed"": 0.5, ""rebalance_months"": 3, ""vol_block"": 0.03}"
e60b16f4de59,-0.6156935648393107,-0.6905862818456501,-0.5321883093041613,-0.026965926026448473,0.12329669823483225,0.7174966288874354,-0.26936973387969776,1.4835999066248036,0.019197310088039567,0.962610090767808,539.467032967033,"{""group_mult"": {""fundamental_mom"": 0.5, ""growth_quality"": 0.5, ""investment"": 0.5, ""low_risk"": 2.0, ""momentum"": 1.0, ""quality"": 1.0, ""survival"": 2.0, ""commodity"": 0.5, ""leverage"": 4.0, ""value"": 2.0}, ""lam"": 0.41, ""top_frac"": 1.0, ""budgets"": {""ai"": 0.102, ""biotech"": 0.191, ""cyber_cloud"": 0.14, ""defense_space"": 0.119, ""energy"": 0.157, ""robotics"": 0.124, ""semiconductors"": 0.166}, ""speed"": 1.0, ""rebalance_months"": 1, ""vol_block"": 0.03}"
91ea279b6a6f,-0.358060137689548,-0.5713553103991751,-0.08785109134299077,-0.027539855768776073,0.12731092294179858,0.8205916586324019,-0.26385318796727,1.5030211170200936,0.016228479375676466,0.9650818356361431,420.2307692307692,"{""group_mult"": {""fundamental_mom"": 2.0, ""growth_quality"": 0.5, ""investment"": 2.0, ""low_risk"": 4.0, ""momentum"": 2.0, ""quality"": 0.25, ""survival"": 0.25, ""commodity"": 1.0, ""leverage"": 2.0, ""value"": 1.0}, ""lam"": 0.98, ""top_frac"": 0.75, ""budgets"": {""ai"": 0.129, ""biotech"": 0.139, ""cyber_cloud"": 0.105, ""defense_space"": 0.109, ""energy"": 0.267, ""robotics"": 0.14, ""semiconductors"": 0.111}, ""speed"": 1.0, ""rebalance_months"": 3, ""vol_block"": 0.0}"
92310cbf4d75,-0.4535928807971771,-0.4535664353197552,-0.4533904537904972,-0.03660740770719692,0.11940485486551822,0.8251139522636249,-0.19982736029830317,1.0639926398090518,0.015022397452167345,0.8255418775349262,430.75824175824175,"{""group_mult"": {""fundamental_mom"": 2.0, ""growth_quality"": 4.0, ""investment"": 0.5, ""low_risk"": 2.0, ""momentum"": 0.25, ""quality"": 4.0, ""survival"": 1.0, ""commodity"": 4.0, ""leverage"": 1.0, ""value"": 0.5}, ""lam"": 0.69, ""top_frac"": 0.75, ""budgets"": {""ai"": 0.251, ""biotech"": 0.157, ""cyber_cloud"": 0.107, ""defense_space"": 0.11, ""energy"": 0.151, ""robotics"": 0.118, ""semiconductors"": 0.105}, ""speed"": 0.5, ""rebalance_months"": 1, ""vol_block"": 0.0}"
f5f45bc3c083,-0.4225249376888672,-0.47927124805500354,-0.33144644474761653,-0.05655189879361121,0.10363906669107403,0.9761455981754339,-0.1621022772183056,2.0250169616555938,0.011073008777125382,0.7170352788729271,106.42307692307692,"{""group_mult"": {""fundamental_mom"": 1.0, ""growth_quality"": 0.25, ""investment"": 0.5, ""low_risk"": 4.0, ""momentum"": 4.0, ""quality"": 1.0, ""survival"": 2.0, ""commodity"": 1.0, ""leverage"": 2.0, ""value"": 0.5}, ""lam"": 1.04, ""top_frac"": 0.2, ""budgets"": {""ai"": 0.168, ""biotech"": 0.147, ""cyber_cloud"": 0.16, ""defense_space"": 0.125, ""energy"": 0.141, ""robotics"": 0.137, ""semiconductors"": 0.122}, ""speed"": 0.5, ""rebalance_months"": 3, ""vol_block"": 0.1}"
cce86a380771,-0.5990666439046793,-0.6337912494570209,-0.5628600882376056,-0.03671982064293573,0.11155478509981243,0.6510296036438382,-0.25910788476043767,4.96896177289794,0.034333758598218786,0.9879725979722506,187.95604395604394,"{""group_mult"": {""fundamental_mom"": 2.0, ""growth_quality"": 0.5, ""investment"": 0.25, ""low_risk"": 0.5, ""momentum"": 4.0, ""quality"": 2.0, ""survival"": 4.0, ""commodity"": 1.0, ""leverage"": 4.0, ""value"": 4.0}, ""lam"": 0.77, ""top_frac"": 0.33, ""budgets"": {""ai"": 0.109, ""biotech"": 0.166, ""cyber_cloud"": 0.124, ""defense_space"": 0.193, ""energy"": 0.119, ""robotics"": 0.173, ""semiconductors"": 0.117}, ""speed"": 1.0, ""rebalance_months"": 1, ""vol_block"": 0.03}"
c1f978346c8e,-0.6774172705777569,-0.7282310640595507,-0.5965463323414603,-0.03226723540201424,0.11493132213418122,0.6494005130960993,-0.2833729240308377,3.764807105016815,0.03227609085344667,0.9847361445818896,259.5989010989011,"{""group_mult"": {""fundamental_mom"": 4.0, ""growth_quality"": 4.0, ""investment"": 1.0, ""low_risk"": 0.25, ""momentum"": 1.0, ""quality"": 2.0, ""survival"": 4.0, ""commodity"": 2.0, ""leverage"": 4.0, ""value"": 0.5}, ""lam"": 0.33, ""top_frac"": 0.5, ""budgets"": {""ai"": 0.17, ""biotech"": 0.102, ""cyber_cloud"": 0.116, ""defense_space"": 0.15, ""energy"": 0.115, ""robotics"": 0.217, ""semiconductors"": 0.13}, ""speed"": 1.0, ""rebalance_months"": 1, ""vol_block"": 0.1}"
eca072699812,-0.4837540878407827,-0.4613356598021662,-0.5170215875472504,-0.03965584025680351,0.11542775014745588,0.7857743802219292,-0.22867392349976357,1.6973877535835218,0.017243738338973486,0.800423811257949,281.8076923076923,"{""group_mult"": {""fundamental_mom"": 1.0, ""growth_quality"": 4.0, ""investment"": 0.25, ""low_risk"": 1.0, ""momentum"": 0.25, ""quality"": 0.5, ""survival"": 0.5, ""commodity"": 0.5, ""leverage"": 0.25, ""value"": 0.5}, ""lam"": 0.91, ""top_frac"": 0.5, ""budgets"": {""ai"": 0.18, ""biotech"": 0.129, ""cyber_cloud"": 0.124, ""defense_space"": 0.129, ""energy"": 0.12, ""robotics"": 0.162, ""semiconductors"": 0.156}, ""speed"": 0.5, ""rebalance_months"": 1, ""vol_block"": 0.03}"
141ac90fb481,-0.4236742962196535,-0.5660555142567584,-0.20889314841714282,-0.05590300112330972,0.10417416156621573,0.9695349853285041,-0.17120245042239346,1.8427297393961792,0.010486226111303083,0.7303127773297736,117.88461538461539,"{""group_mult"": {""fundamental_mom"": 1.0, ""growth_quality"": 0.25, ""investment"": 4.0, ""low_risk"": 4.0, ""momentum"": 4.0, ""quality"": 2.0, ""survival"": 0.25, ""commodity"": 2.0, ""leverage"": 0.5, ""value"": 0.25}, ""lam"": 0.64, ""top_frac"": 0.2, ""budgets"": {""ai"": 0.109, ""biotech"": 0.148, ""cyber_cloud"": 0.136, ""defense_space"": 0.157, ""energy"": 0.211, ""robotics"": 0.125, ""semiconductors"": 0.113}, ""speed"": 0.5, ""rebalance_months"": 3, ""vol_block"": 0.0}"
7b171058bec8,-0.3297660154938414,-0.3396444063242058,-0.3129900183816633,-0.020596254054550775,0.13342176253136007,0.8145874771523944,-0.2262984919019123,0.5480725150998005,0.008513294758081547,0.885443562232586,512.6813186813187,"{""group_mult"": {""fundamental_mom"": 0.5, ""growth_quality"": 0.5, ""investment"": 0.25, ""low_risk"": 0.25, ""momentum"": 0.25, ""quality"": 4.0, ""survival"": 0.25, ""commodity"": 0.25, ""leverage"": 4.0, ""value"": 4.0}, ""lam"": 0.64, ""top_frac"": 1.0, ""budgets"": {""ai"": 0.224, ""biotech"": 0.117, ""cyber_cloud"": 0.116, ""defense_space"": 0.113, ""energy"": 0.144, ""robotics"": 0.123, ""semiconductors"": 0.164}, ""speed"": 0.5, ""rebalance_months"": 3, ""vol_block"": 0.0}"
2ec48448560c,-0.5298784768344552,-0.7709837309538955,-0.1994755309352134,-0.019522607115846892,0.1290187118451933,0.7108912176276766,-0.27796059492195013,1.5026355107704044,0.02315692907260255,0.9740049609065902,536.8571428571429,"{""group_mult"": {""fundamental_mom"": 1.0, ""growth_quality"": 1.0, ""investment"": 1.0, ""low_risk"": 0.5, ""momentum"": 2.0, ""quality"": 2.0, ""survival"": 1.0, ""commodity"": 0.5, ""leverage"": 4.0, ""value"": 2.0}, ""lam"": 0.53, ""top_frac"": 1.0, ""budgets"": {""ai"": 0.156, ""biotech"": 0.104, ""cyber_cloud"": 0.111, ""defense_space"": 0.109, ""energy"": 0.168, ""robotics"": 0.203, ""semiconductors"": 0.15}, ""speed"": 1.0, ""rebalance_months"": 1, ""vol_block"": 0.0}"
3295f80912e2,-0.6189242290618464,-0.6630119201677738,-0.5492014002739674,-0.04787865620660278,0.10691923681640736,0.7490149719495117,-0.20406509078786383,1.2832217001963107,0.015764450568248857,0.781971650094435,429.2087912087912,"{""group_mult"": {""fundamental_mom"": 4.0, ""growth_quality"": 2.0, ""investment"": 1.0, ""low_risk"": 1.0, ""momentum"": 0.5, ""quality"": 2.0, ""survival"": 4.0, ""commodity"": 0.5, ""leverage"": 0.25, ""value"": 0.5}, ""lam"": 0.97, ""top_frac"": 0.75, ""budgets"": {""ai"": 0.116, ""biotech"": 0.201, ""cyber_cloud"": 0.155, ""defense_space"": 0.104, ""energy"": 0.176, ""robotics"": 0.129, ""semiconductors"": 0.118}, ""speed"": 0.5, ""rebalance_months"": 1, ""vol_block"": 0.0}"
e4b5ca336a85,-0.6796220290140357,-0.9534180453940663,-0.284850049077194,-0.024599555018118877,0.12361215649821422,0.6892244274733736,-0.28919994422887163,1.61954212290494,0.020695324669494197,0.9664395811229669,511.46153846153845,"{""group_mult"": {""fundamental_mom"": 1.0, ""growth_quality"": 2.0, ""investment"": 2.0, ""low_risk"": 1.0, ""momentum"": 0.25, ""quality"": 4.0, ""survival"": 4.0, ""commodity"": 1.0, ""leverage"": 4.0, ""value"": 1.0}, ""lam"": 0.74, ""top_frac"": 1.0, ""budgets"": {""ai"": 0.104, ""biotech"": 0.101, ""cyber_cloud"": 0.15, ""defense_space"": 0.124, ""energy"": 0.184, ""robotics"": 0.16, ""semiconductors"": 0.177}, ""speed"": 1.0, ""rebalance_months"": 1, ""vol_block"": 0.0}"
493ca52ad21c,-0.21924164321875464,-0.38521125620375546,0.02076443661371863,-0.014038651181070293,0.13926965358258347,0.8168795585261687,-0.2510503345629753,3.4870554682703814,0.020922182959375497,0.9689125667493759,190.76373626373626,"{""group_mult"": {""fundamental_mom"": 4.0, ""growth_quality"": 1.0, ""investment"": 0.5, ""low_risk"": 1.0, ""momentum"": 0.5, ""quality"": 0.25, ""survival"": 0.25, ""commodity"": 0.25, ""leverage"": 0.25, ""value"": 4.0}, ""lam"": 1.03, ""top_frac"": 0.33, ""budgets"": {""ai"": 0.114, ""biotech"": 0.149, ""cyber_cloud"": 0.118, ""defense_space"": 0.213, ""energy"": 0.133, ""robotics"": 0.135, ""semiconductors"": 0.137}, ""speed"": 1.0, ""rebalance_months"": 3, ""vol_block"": 0.0}"
a63f0cb65792,-0.8720063664505071,-0.9616609462924844,-0.7783891275950456,-0.024565648756581692,0.12198987209171142,0.6651793194255594,-0.29030038841927797,1.4468552518642483,0.023312818660557597,0.9647645616773725,543.9505494505495,"{""group_mult"": {""fundamental_mom"": 1.0, ""growth_quality"": 0.25, ""investment"": 2.0, ""low_risk"": 1.0, ""momentum"": 4.0, ""quality"": 2.0, ""survival"": 0.5, ""commodity"": 0.5, ""leverage"": 0.5, ""value"": 1.0}, ""lam"": 0.02, ""top_frac"": 1.0, ""budgets"": {""ai"": 0.111, ""biotech"": 0.179, ""cyber_cloud"": 0.158, ""defense_space"": 0.116, ""energy"": 0.133, ""robotics"": 0.114, ""semiconductors"": 0.19}, ""speed"": 1.0, ""rebalance_months"": 1, ""vol_block"": 0.03}"
2a8908dbcfe4,-0.46373542038520493,-0.5461131721644141,-0.33194736016129545,-0.05545872402165957,0.10280941522892695,0.8608854340979052,-0.20364167152043122,3.7281543384032423,0.021025498582144336,0.7498879262395363,107.89010989010988,"{""group_mult"": {""fundamental_mom"": 1.0, ""growth_quality"": 2.0, ""investment"": 2.0, ""low_risk"": 2.0, ""momentum"": 2.0, ""quality"": 0.25, ""survival"": 2.0, ""commodity"": 1.0, ""leverage"": 1.0, ""value"": 2.0}, ""lam"": 1.45, ""top_frac"": 0.2, ""budgets"": {""ai"": 0.109, ""biotech"": 0.102, ""cyber_cloud"": 0.11, ""defense_space"": 0.27, ""energy"": 0.12, ""robotics"": 0.138, ""semiconductors"": 0.151}, ""speed"": 0.5, ""rebalance_months"": 1, ""vol_block"": 0.1}"
2b25db69a569,-0.4003412925001558,-0.44941116863955405,-0.32464601609308547,-0.039117636398160724,0.1156498845750562,0.7837662191245183,-0.23961244333200094,6.620512216655633,0.03385783841111596,0.9859536436008463,107.60989010989012,"{""group_mult"": {""fundamental_mom"": 0.5, ""growth_quality"": 2.0, ""investment"": 4.0, ""low_risk"": 4.0, ""momentum"": 4.0, ""quality"": 1.0, ""survival"": 4.0, ""commodity"": 2.0, ""leverage"": 2.0, ""value"": 1.0}, ""lam"": 0.29, ""top_frac"": 0.2, ""budgets"": {""ai"": 0.139, ""biotech"": 0.139, ""cyber_cloud"": 0.1, ""defense_space"": 0.132, ""energy"": 0.143, ""robotics"": 0.121, ""semiconductors"": 0.225}, ""speed"": 1.0, ""rebalance_months"": 1, ""vol_block"": 0.1}"
d482424fb7c1,-0.09836353581056215,-0.3327155862588857,0.3063633409998169,-0.006273624858930604,0.1476709783875132,0.8493094861678415,-0.2437551478650185,2.093046572453023,0.014908965124617925,0.9757787628710078,185.8131868131868,"{""group_mult"": {""fundamental_mom"": 0.5, ""growth_quality"": 1.0, ""investment"": 1.0, ""low_risk"": 0.5, ""momentum"": 0.5, ""quality"": 2.0, ""survival"": 0.5, ""commodity"": 2.0, ""leverage"": 4.0, ""value"": 1.0}, ""lam"": 0.02, ""top_frac"": 0.33, ""budgets"": {""ai"": 0.219, ""biotech"": 0.129, ""cyber_cloud"": 0.127, ""defense_space"": 0.11, ""energy"": 0.106, ""robotics"": 0.127, ""semiconductors"": 0.181}, ""speed"": 1.0, ""rebalance_months"": 3, ""vol_block"": 0.03}"
3cf15c3a8462,-0.323325369438924,-0.37454122822639385,-0.24237340311279917,-0.013260820405178111,0.1371746720953877,0.7600784614697361,-0.26138573558052547,1.012713447879568,0.015640406204501238,0.9561309312803021,521.1428571428571,"{""group_mult"": {""fundamental_mom"": 2.0, ""growth_quality"": 2.0, ""investment"": 1.0, ""low_risk"": 2.0, ""momentum"": 4.0, ""quality"": 4.0, ""survival"": 1.0, ""commodity"": 0.25, ""leverage"": 4.0, ""value"": 0.25}, ""lam"": 0.36, ""top_frac"": 1.0, ""budgets"": {""ai"": 0.145, ""biotech"": 0.125, ""cyber_cloud"": 0.171, ""defense_space"": 0.116, ""energy"": 0.12, ""robotics"": 0.136, ""semiconductors"": 0.186}, ""speed"": 1.0, ""rebalance_months"": 3, ""vol_block"": 0.03}"
cf25151205ca,-0.6925172952862965,-0.8660747951411112,-0.4107217455818456,-0.04917061389891052,0.10349834232610622,0.6863080367200308,-0.2399054037554107,3.087720563609533,0.019331928354516633,0.7876215794835744,115.35164835164835,"{""group_mult"": {""fundamental_mom"": 2.0, ""growth_quality"": 4.0, ""investment"": 1.0, ""low_risk"": 0.25, ""momentum"": 0.25, ""quality"": 1.0, ""survival"": 4.0, ""commodity"": 1.0, ""leverage"": 2.0, ""value"": 2.0}, ""lam"": 0.16, ""top_frac"": 0.2, ""budgets"": {""ai"": 0.112, ""biotech"": 0.159, ""cyber_cloud"": 0.141, ""defense_space"": 0.117, ""energy"": 0.222, ""robotics"": 0.132, ""semiconductors"": 0.117}, ""speed"": 0.5, ""rebalance_months"": 1, ""vol_block"": 0.03}"
8d11a8315bfc,-0.36818129548738554,-0.4062011104091625,-0.3119193984009485,-0.030077971520763698,0.12644437108117357,0.8587097169900171,-0.19555873865788742,0.6689080408966398,0.009016923215120176,0.8288351877070118,439.4120879120879,"{""group_mult"": {""fundamental_mom"": 0.5, ""growth_quality"": 1.0, ""investment"": 1.0, ""low_risk"": 0.5, ""momentum"": 0.25, ""quality"": 4.0, ""survival"": 0.5, ""commodity"": 0.5, ""leverage"": 0.5, ""value"": 4.0}, ""lam"": 1.13, ""top_frac"": 1.0, ""budgets"": {""ai"": 0.146, ""biotech"": 0.185, ""cyber_cloud"": 0.22, ""defense_space"": 0.102, ""energy"": 0.126, ""robotics"": 0.1, ""semiconductors"": 0.121}, ""speed"": 0.5, ""rebalance_months"": 3, ""vol_block"": 0.03}"
542613289532,-0.28668633000293603,-0.3066659643802574,-0.25971754353469,-0.029406958230239706,0.1273020401375522,0.8723545377259694,-0.23420736506072204,3.5540946014987114,0.017521260642273537,0.978019178666286,118.25274725274726,"{""group_mult"": {""fundamental_mom"": 2.0, ""growth_quality"": 1.0, ""investment"": 1.0, ""low_risk"": 4.0, ""momentum"": 0.25, ""quality"": 0.25, ""survival"": 4.0, ""commodity"": 2.0, ""leverage"": 0.25, ""value"": 1.0}, ""lam"": 1.25, ""top_frac"": 0.2, ""budgets"": {""ai"": 0.112, ""biotech"": 0.163, ""cyber_cloud"": 0.147, ""defense_space"": 0.17, ""energy"": 0.125, ""robotics"": 0.17, ""semiconductors"": 0.113}, ""speed"": 1.0, ""rebalance_months"": 3, ""vol_block"": 0.0}"
9cfb7729ee87,-0.5127686736315051,-0.619556491407876,-0.38088998077392205,-0.04388685464976913,0.10968478521857294,0.7334120905259174,-0.26594521947583794,5.447904521701952,0.03621341316376737,0.9836979787302255,194.37912087912088,"{""group_mult"": {""fundamental_mom"": 1.0, ""growth_quality"": 0.5, ""investment"": 4.0, ""low_risk"": 4.0, ""momentum"": 0.25, ""quality"": 0.5, ""survival"": 0.25, ""commodity"": 2.0, ""leverage"": 4.0, ""value"": 0.5}, ""lam"": 0.02, ""top_frac"": 0.33, ""budgets"": {""ai"": 0.187, ""biotech"": 0.219, ""cyber_cloud"": 0.133, ""defense_space"": 0.109, ""energy"": 0.147, ""robotics"": 0.104, ""semiconductors"": 0.102}, ""speed"": 1.0, ""rebalance_months"": 1, ""vol_block"": 0.0}"
347d6bc13fb7,-0.4573173423150193,-0.7246587888660089,-0.08217061939998863,-0.02530529838206825,0.12637032266588233,0.7500716681491012,-0.274003489184072,2.3897682835387197,0.02030378627607928,0.9628940872955499,373.4340659340659,"{""group_mult"": {""fundamental_mom"": 4.0, ""growth_quality"": 1.0, ""investment"": 0.5, ""low_risk"": 0.5, ""momentum"": 1.0, ""quality"": 2.0, ""survival"": 2.0, ""commodity"": 0.5, ""leverage"": 0.5, ""value"": 2.0}, ""lam"": 1.44, ""top_frac"": 0.75, ""budgets"": {""ai"": 0.111, ""biotech"": 0.13, ""cyber_cloud"": 0.144, ""defense_space"": 0.169, ""energy"": 0.202, ""robotics"": 0.11, ""semiconductors"": 0.134}, ""speed"": 1.0, ""rebalance_months"": 3, ""vol_block"": 0.1}"
a0e06f23e9ff,-0.41927647414064423,-0.49762920919970816,-0.2972084815778252,-0.04413504070573129,0.11409635766337578,0.8890433241114968,-0.18797295397143732,1.4256562807116697,0.010115667038144038,0.7657501644978764,173.63736263736263,"{""group_mult"": {""fundamental_mom"": 1.0, ""growth_quality"": 2.0, ""investment"": 0.5, ""low_risk"": 2.0, ""momentum"": 0.25, ""quality"": 1.0, ""survival"": 1.0, ""commodity"": 1.0, ""leverage"": 4.0, ""value"": 4.0}, ""lam"": 0.96, ""top_frac"": 0.33, ""budgets"": {""ai"": 0.111, ""biotech"": 0.187, ""cyber_cloud"": 0.101, ""defense_space"": 0.114, ""energy"": 0.159, ""robotics"": 0.197, ""semiconductors"": 0.132}, ""speed"": 0.5, ""rebalance_months"": 3, ""vol_block"": 0.1}"
9dca64b6617d,-0.48406229435467496,-0.6415185347772988,-0.2182319613267187,-0.04707652284822035,0.11034701036063299,0.8433389882295329,-0.1874352088850446,1.552359977878314,0.013274188966012313,0.711754035963343,255.5164835164835,"{""group_mult"": {""fundamental_mom"": 2.0, ""growth_quality"": 1.0, ""investment"": 1.0, ""low_risk"": 1.0, ""momentum"": 0.5, ""quality"": 0.5, ""survival"": 2.0, ""commodity"": 4.0, ""leverage"": 1.0, ""value"": 1.0}, ""lam"": 0.39, ""top_frac"": 0.5, ""budgets"": {""ai"": 0.148, ""biotech"": 0.108, ""cyber_cloud"": 0.105, ""defense_space"": 0.117, ""energy"": 0.18, ""robotics"": 0.157, ""semiconductors"": 0.185}, ""speed"": 0.5, ""rebalance_months"": 3, ""vol_block"": 0.1}"
ac517fbeb283,-0.38793765351881726,-0.4525628990202236,-0.30435845495327346,-0.027397079460870805,0.12722847666741832,0.8139022201739227,-0.24890806648191843,0.6776005518458139,0.011240147767237672,0.910264699558056,538.010989010989,"{""group_mult"": {""fundamental_mom"": 1.0, ""growth_quality"": 1.0, ""investment"": 0.25, ""low_risk"": 4.0, ""momentum"": 0.5, ""quality"": 0.5, ""survival"": 0.5, ""commodity"": 2.0, ""leverage"": 0.25, ""value"": 0.5}, ""lam"": 0.46, ""top_frac"": 1.0, ""budgets"": {""ai"": 0.127, ""biotech"": 0.104, ""cyber_cloud"": 0.107, ""defense_space"": 0.185, ""energy"": 0.192, ""robotics"": 0.113, ""semiconductors"": 0.172}, ""speed"": 0.5, ""rebalance_months"": 1, ""vol_block"": 0.03}"
95ffdaaff49a,-0.6157163675100322,-0.6605297236263205,-0.5678044241882254,-0.033020916763428276,0.11575014766519054,0.6718117540383025,-0.2753469675743151,3.5942893431484366,0.03836917346698244,0.9894868149181147,280.2362637362637,"{""group_mult"": {""fundamental_mom"": 0.5, ""growth_quality"": 0.25, ""investment"": 0.25, ""low_risk"": 0.25, ""momentum"": 1.0, ""quality"": 1.0, ""survival"": 0.25, ""commodity"": 2.0, ""leverage"": 0.25, ""value"": 0.25}, ""lam"": 0.07, ""top_frac"": 0.5, ""budgets"": {""ai"": 0.104, ""biotech"": 0.165, ""cyber_cloud"": 0.127, ""defense_space"": 0.156, ""energy"": 0.113, ""robotics"": 0.205, ""semiconductors"": 0.131}, ""speed"": 1.0, ""rebalance_months"": 1, ""vol_block"": 0.03}"
407bc3323207,-0.543352140946187,-0.5540551813077564,-0.5250686959403995,-0.05404374353425763,0.10290687285509015,0.8020747205751032,-0.18929413070871481,2.0268355473432926,0.01972318889661245,0.7686129100311115,290.31868131868134,"{""group_mult"": {""fundamental_mom"": 1.0, ""growth_quality"": 4.0, ""investment"": 1.0, ""low_risk"": 4.0, ""momentum"": 0.5, ""quality"": 0.5, ""survival"": 1.0, ""commodity"": 0.25, ""leverage"": 4.0, ""value"": 1.0}, ""lam"": 0.46, ""top_frac"": 0.5, ""budgets"": {""ai"": 0.202, ""biotech"": 0.146, ""cyber_cloud"": 0.123, ""defense_space"": 0.123, ""energy"": 0.155, ""robotics"": 0.113, ""semiconductors"": 0.139}, ""speed"": 0.5, ""rebalance_months"": 1, ""vol_block"": 0.0}"
c81606638b4f,-0.4681465068594,-0.5647330880684194,-0.3301614572634673,-0.033217235248042896,0.12114084296285998,0.7870566957032697,-0.220083988240675,1.1768698481581337,0.015180240495227017,0.8636257037500163,439.18131868131866,"{""group_mult"": {""fundamental_mom"": 2.0, ""growth_quality"": 1.0, ""investment"": 1.0, ""low_risk"": 0.25, ""momentum"": 2.0, ""quality"": 2.0, ""survival"": 4.0, ""commodity"": 0.25, ""leverage"": 0.5, ""value"": 0.5}, ""lam"": 1.2, ""top_frac"": 1.0, ""budgets"": {""ai"": 0.136, ""biotech"": 0.102, ""cyber_cloud"": 0.19, ""defense_space"": 0.146, ""energy"": 0.204, ""robotics"": 0.118, ""semiconductors"": 0.103}, ""speed"": 0.5, ""rebalance_months"": 1, ""vol_block"": 0.03}"
9ff65ef17dfe,-0.3615526057081123,-0.4317939232665967,-0.24078828369548197,-0.02885435180552482,0.12767217310200807,0.8626478001216135,-0.20027548737824863,1.0641306593916682,0.011847160154968554,0.8096865865039294,404.92857142857144,"{""group_mult"": {""fundamental_mom"": 4.0, ""growth_quality"": 1.0, ""investment"": 2.0, ""low_risk"": 2.0, ""momentum"": 0.5, ""quality"": 1.0, ""survival"": 2.0, ""commodity"": 4.0, ""leverage"": 2.0, ""value"": 1.0}, ""lam"": 1.06, ""top_frac"": 0.75, ""budgets"": {""ai"": 0.27, ""biotech"": 0.107, ""cyber_cloud"": 0.141, ""defense_space"": 0.102, ""energy"": 0.102, ""robotics"": 0.142, ""semiconductors"": 0.136}, ""speed"": 0.5, ""rebalance_months"": 3, ""vol_block"": 0.03}"
ab4bf3541df6,-0.46651159265710485,-0.49547344588221415,-0.41878298698559147,-0.033732689282563094,0.12053934055291138,0.782403589818691,-0.22157984193505842,1.2513815814227711,0.015962919196488776,0.8363201240770342,413.05494505494505,"{""group_mult"": {""fundamental_mom"": 1.0, ""growth_quality"": 0.5, ""investment"": 0.25, ""low_risk"": 0.25, ""momentum"": 0.25, ""quality"": 1.0, ""survival"": 0.25, ""commodity"": 0.25, ""leverage"": 0.5, ""value"": 0.5}, ""lam"": 1.37, ""top_frac"": 0.75, ""budgets"": {""ai"": 0.103, ""biotech"": 0.192, ""cyber_cloud"": 0.133, ""defense_space"": 0.142, ""energy"": 0.105, ""robotics"": 0.134, ""semiconductors"": 0.19}, ""speed"": 0.5, ""rebalance_months"": 1, ""vol_block"": 0.03}"
1adc84c6480b,-0.2652092568519409,-0.4489314333540065,-0.011428401845003874,-0.013247023791433095,0.13855654703477027,0.7874650962124448,-0.2690292161068485,1.4063039732625642,0.01591063583046194,0.9627736618706106,407.34065934065933,"{""group_mult"": {""fundamental_mom"": 1.0, ""growth_quality"": 2.0, ""investment"": 1.0, ""low_risk"": 1.0, ""momentum"": 1.0, ""quality"": 0.25, ""survival"": 0.25, ""commodity"": 0.5, ""leverage"": 0.25, ""value"": 4.0}, ""lam"": 0.56, ""top_frac"": 0.75, ""budgets"": {""ai"": 0.117, ""biotech"": 0.115, ""cyber_cloud"": 0.114, ""defense_space"": 0.121, ""energy"": 0.174, ""robotics"": 0.166, ""semiconductors"": 0.193}, ""speed"": 1.0, ""rebalance_months"": 3, ""vol_block"": 0.03}"
26261f604853,-0.41923325786422316,-0.49622734334805296,-0.2975498611184199,-0.04516154719863981,0.11321578107381902,0.8934882478379257,-0.19081261605706112,1.3221801236223778,0.009383323741541709,0.7751057070130244,187.62087912087912,"{""group_mult"": {""fundamental_mom"": 0.5, ""growth_quality"": 4.0, ""investment"": 1.0, ""low_risk"": 4.0, ""momentum"": 1.0, ""quality"": 2.0, ""survival"": 0.25, ""commodity"": 0.5, ""leverage"": 0.25, ""value"": 4.0}, ""lam"": 0.25, ""top_frac"": 0.33, ""budgets"": {""ai"": 0.122, ""biotech"": 0.143, ""cyber_cloud"": 0.216, ""defense_space"": 0.165, ""energy"": 0.12, ""robotics"": 0.111, ""semiconductors"": 0.123}, ""speed"": 0.5, ""rebalance_months"": 3, ""vol_block"": 0.03}"
0b8c081d450a,-0.5004815848237262,-0.6190111789812811,-0.30254329450989587,-0.053505162367918684,0.10427753827747899,0.8393288718215351,-0.18953253780747348,3.745974152742754,0.022221978277127095,0.7453872591713196,116.32417582417582,"{""group_mult"": {""fundamental_mom"": 0.5, ""growth_quality"": 1.0, ""investment"": 2.0, ""low_risk"": 2.0, ""momentum"": 0.25, ""quality"": 2.0, ""survival"": 4.0, ""commodity"": 4.0, ""leverage"": 2.0, ""value"": 4.0}, ""lam"": 0.89, ""top_frac"": 0.2, ""budgets"": {""ai"": 0.14, ""biotech"": 0.14, ""cyber_cloud"": 0.111, ""defense_space"": 0.115, ""energy"": 0.16, ""robotics"": 0.193, ""semiconductors"": 0.141}, ""speed"": 0.5, ""rebalance_months"": 1, ""vol_block"": 0.03}"
8d8d32ea9e48,-0.48021941051907974,-0.56498033289664,-0.3340623914628406,-0.04891812887625438,0.10835963441029639,0.8329156220681196,-0.1809005372177811,1.6533696142968966,0.011952281067031077,0.7402907870309478,172.56043956043956,"{""group_mult"": {""fundamental_mom"": 2.0, ""growth_quality"": 4.0, ""investment"": 1.0, ""low_risk"": 1.0, ""momentum"": 4.0, ""quality"": 0.25, ""survival"": 0.25, ""commodity"": 4.0, ""leverage"": 2.0, ""value"": 4.0}, ""lam"": 0.73, ""top_frac"": 0.33, ""budgets"": {""ai"": 0.104, ""biotech"": 0.126, ""cyber_cloud"": 0.252, ""defense_space"": 0.109, ""energy"": 0.125, ""robotics"": 0.148, ""semiconductors"": 0.136}, ""speed"": 0.5, ""rebalance_months"": 3, ""vol_block"": 0.1}"
746f2008014f,-0.6801254867294015,-0.751899423815532,-0.5702442306497038,-0.04494856749542893,0.1053088366316286,0.6552588655707992,-0.26760512754177956,5.800662387632541,0.03771709698218495,0.9839334807865155,188.46153846153845,"{""group_mult"": {""fundamental_mom"": 1.0, ""growth_quality"": 0.5, ""investment"": 0.5, ""low_risk"": 2.0, ""momentum"": 0.5, ""quality"": 1.0, ""survival"": 4.0, ""commodity"": 0.25, ""leverage"": 4.0, ""value"": 0.5}, ""lam"": 0.0, ""top_frac"": 0.33, ""budgets"": {""ai"": 0.16, ""biotech"": 0.151, ""cyber_cloud"": 0.117, ""defense_space"": 0.102, ""energy"": 0.131, ""robotics"": 0.19, ""semiconductors"": 0.149}, ""speed"": 1.0, ""rebalance_months"": 1, ""vol_block"": 0.03}"
7523566ac891,-0.5473488197922978,-0.6636192415120611,-0.3527802142930668,-0.058683140405908704,0.09903111196129677,0.8199409933201455,-0.18704007501181175,3.1953927949309318,0.023786413477007044,0.7146001440324588,194.4010989010989,"{""group_mult"": {""fundamental_mom"": 4.0, ""growth_quality"": 1.0, ""investment"": 1.0, ""low_risk"": 2.0, ""momentum"": 2.0, ""quality"": 0.5, ""survival"": 0.5, ""commodity"": 4.0, ""leverage"": 2.0, ""value"": 0.25}, ""lam"": 0.54, ""top_frac"": 0.33, ""budgets"": {""ai"": 0.138, ""biotech"": 0.138, ""cyber_cloud"": 0.12, ""defense_space"": 0.144, ""energy"": 0.19, ""robotics"": 0.119, ""semiconductors"": 0.151}, ""speed"": 0.5, ""rebalance_months"": 1, ""vol_block"": 0.0}"
c2dbd2694b6a,-0.24842150206154284,-0.36632934846073606,-0.08212791326960456,-0.025753588635272634,0.13209788872288808,0.9204677667231923,-0.21945841941909394,3.124729071639578,0.015922111105750744,0.9768946208032406,114.3956043956044,"{""group_mult"": {""fundamental_mom"": 1.0, ""growth_quality"": 0.25, ""investment"": 2.0, ""low_risk"": 2.0, ""momentum"": 1.0, ""quality"": 0.5, ""survival"": 0.5, ""commodity"": 0.5, ""leverage"": 0.25, ""value"": 1.0}, ""lam"": 1.06, ""top_frac"": 0.2, ""budgets"": {""ai"": 0.13, ""biotech"": 0.151, ""cyber_cloud"": 0.175, ""defense_space"": 0.11, ""energy"": 0.149, ""robotics"": 0.158, ""semiconductors"": 0.127}, ""speed"": 1.0, ""rebalance_months"": 3, ""vol_block"": 0.03}"
2f19f86db7b4,-0.34054721022995527,-0.4299346834083827,-0.22014022399955743,-0.022644337818098006,0.13153262835568036,0.8156013709585487,-0.25266815987950064,1.4148566382745622,0.01650856054224195,0.9692782791107367,379.11538461538464,"{""group_mult"": {""fundamental_mom"": 0.25, ""growth_quality"": 4.0, ""investment"": 0.25, ""low_risk"": 4.0, ""momentum"": 4.0, ""quality"": 4.0, ""survival"": 4.0, ""commodity"": 2.0, ""leverage"": 0.5, ""value"": 0.5}, ""lam"": 0.87, ""top_frac"": 0.75, ""budgets"": {""ai"": 0.127, ""biotech"": 0.205, ""cyber_cloud"": 0.126, ""defense_space"": 0.156, ""energy"": 0.154, ""robotics"": 0.104, ""semiconductors"": 0.129}, ""speed"": 1.0, ""rebalance_months"": 3, ""vol_block"": 0.1}"
8dbc15d6f09d,-0.4519777579406961,-0.5603908240068463,-0.27555056493978414,-0.04962861757751793,0.10875071484119503,0.8812934503835936,-0.1668667088529161,1.935101370253248,0.013543243381817534,0.70926337954699,171.8131868131868,"{""group_mult"": {""fundamental_mom"": 0.25, ""growth_quality"": 0.25, ""investment"": 1.0, ""low_risk"": 0.25, ""momentum"": 4.0, ""quality"": 1.0, ""survival"": 0.5, ""commodity"": 4.0, ""leverage"": 0.5, ""value"": 1.0}, ""lam"": 1.27, ""top_frac"": 0.33, ""budgets"": {""ai"": 0.144, ""biotech"": 0.159, ""cyber_cloud"": 0.149, ""defense_space"": 0.125, ""energy"": 0.166, ""robotics"": 0.143, ""semiconductors"": 0.114}, ""speed"": 0.5, ""rebalance_months"": 3, ""vol_block"": 0.1}"
edb6772f73d3,-0.4489123778167811,-0.5654759323537826,-0.2704403513965655,-0.0436861158884216,0.11388863160124729,0.8608119360943199,-0.19690791028552246,1.296287928258828,0.011073267173879481,0.7459429110383556,255.7032967032967,"{""group_mult"": {""fundamental_mom"": 1.0, ""growth_quality"": 0.5, ""investment"": 2.0, ""low_risk"": 1.0, ""momentum"": 0.5, ""quality"": 0.25, ""survival"": 0.25, ""commodity"": 4.0, ""leverage"": 2.0, ""value"": 4.0}, ""lam"": 0.17, ""top_frac"": 0.5, ""budgets"": {""ai"": 0.188, ""biotech"": 0.112, ""cyber_cloud"": 0.146, ""defense_space"": 0.104, ""energy"": 0.13, ""robotics"": 0.171, ""semiconductors"": 0.15}, ""speed"": 0.5, ""rebalance_months"": 3, ""vol_block"": 0.1}"
8b8188ed1de4,-0.5988561101575431,-0.6725349965085009,-0.48300167866628957,-0.055789701086872465,0.10007665177063019,0.7541383535813363,-0.20436286050864239,2.5522455596904567,0.021281298175600934,0.7205596950585937,259.2032967032967,"{""group_mult"": {""fundamental_mom"": 2.0, ""growth_quality"": 0.25, ""investment"": 0.5, ""low_risk"": 0.5, ""momentum"": 0.5, ""quality"": 0.5, ""survival"": 1.0, ""commodity"": 0.5, ""leverage"": 0.5, ""value"": 0.25}, ""lam"": 0.56, ""top_frac"": 0.5, ""budgets"": {""ai"": 0.133, ""biotech"": 0.134, ""cyber_cloud"": 0.1, ""defense_space"": 0.146, ""energy"": 0.135, ""robotics"": 0.22, ""semiconductors"": 0.132}, ""speed"": 0.5, ""rebalance_months"": 1, ""vol_block"": 0.1}"
bc3ff1913b01,-0.32647447698155024,-0.46287025555052624,-0.1175957712439497,-0.016909142194602822,0.13583187718916623,0.7958445202571296,-0.25242570628477856,1.192434207343766,0.013709636792499008,0.9461888121057495,485.07142857142856,"{""group_mult"": {""fundamental_mom"": 0.5, ""growth_quality"": 2.0, ""investment"": 2.0, ""low_risk"": 1.0, ""momentum"": 0.25, ""quality"": 4.0, ""survival"": 0.25, ""commodity"": 2.0, ""leverage"": 1.0, ""value"": 0.25}, ""lam"": 0.75, ""top_frac"": 1.0, ""budgets"": {""ai"": 0.146, ""biotech"": 0.127, ""cyber_cloud"": 0.161, ""defense_space"": 0.174, ""energy"": 0.116, ""robotics"": 0.152, ""semiconductors"": 0.124}, ""speed"": 1.0, ""rebalance_months"": 3, ""vol_block"": 0.03}"
42f3d0c84216,-0.19326847143590814,-0.28864192072755557,-0.028415623392474425,-0.01284784375055243,0.14017848637685648,0.8137297205165035,-0.24627872253126837,2.660938864497357,0.01690484570598501,0.9777937254593599,172.71428571428572,"{""group_mult"": {""fundamental_mom"": 1.0, ""growth_quality"": 1.0, ""investment"": 0.25, ""low_risk"": 1.0, ""momentum"": 0.5, ""quality"": 1.0, ""survival"": 2.0, ""commodity"": 0.25, ""leverage"": 2.0, ""value"": 0.25}, ""lam"": 0.27, ""top_frac"": 0.33, ""budgets"": {""ai"": 0.125, ""biotech"": 0.115, ""cyber_cloud"": 0.127, ""defense_space"": 0.142, ""energy"": 0.1, ""robotics"": 0.208, ""semiconductors"": 0.182}, ""speed"": 1.0, ""rebalance_months"": 3, ""vol_block"": 0.1}"
53eba970cd2d,-0.5333521166751942,-0.7313698735608857,-0.27421177849005174,-0.030351662271248647,0.12066132842713673,0.7219841463953448,-0.2675598277720851,2.037538774223904,0.026675901392992238,0.9771241179946571,461.4175824175824,"{""group_mult"": {""fundamental_mom"": 1.0, ""growth_quality"": 0.25, ""investment"": 2.0, ""low_risk"": 2.0, ""momentum"": 4.0, ""quality"": 4.0, ""survival"": 2.0, ""commodity"": 0.25, ""leverage"": 0.25, ""value"": 1.0}, ""lam"": 0.97, ""top_frac"": 1.0, ""budgets"": {""ai"": 0.168, ""biotech"": 0.113, ""cyber_cloud"": 0.114, ""defense_space"": 0.198, ""energy"": 0.132, ""robotics"": 0.158, ""semiconductors"": 0.118}, ""speed"": 1.0, ""rebalance_months"": 1, ""vol_block"": 0.03}"
5c24ab90f3f0,-0.33406706691147187,-0.4636360585245483,-0.13629191288939607,-0.01720485301844748,0.1348789127820631,0.7827576638413036,-0.2697888406166855,1.5447578824168295,0.017448117834021025,0.967585112115852,377.55494505494505,"{""group_mult"": {""fundamental_mom"": 1.0, ""growth_quality"": 4.0, ""investment"": 1.0, ""low_risk"": 0.25, ""momentum"": 2.0, ""quality"": 0.25, ""survival"": 4.0, ""commodity"": 0.25, ""leverage"": 2.0, ""value"": 0.25}, ""lam"": 0.62, ""top_frac"": 0.75, ""budgets"": {""ai"": 0.172, ""biotech"": 0.107, ""cyber_cloud"": 0.115, ""defense_space"": 0.218, ""energy"": 0.157, ""robotics"": 0.107, ""semiconductors"": 0.123}, ""speed"": 1.0, ""rebalance_months"": 3, ""vol_block"": 0.1}"
e6c7b31481c8,-0.4198733006831315,-0.6168128833006957,-0.1187248084054626,-0.03762551161338134,0.11869951939477441,0.8324785724476319,-0.21494874039402867,1.3634189588900099,0.00989810967614451,0.7902017943752913,171.1813186813187,"{""group_mult"": {""fundamental_mom"": 2.0, ""growth_quality"": 1.0, ""investment"": 0.25, ""low_risk"": 0.25, ""momentum"": 0.25, ""quality"": 4.0, ""survival"": 0.25, ""commodity"": 0.25, ""leverage"": 0.5, ""value"": 0.25}, ""lam"": 1.3, ""top_frac"": 0.33, ""budgets"": {""ai"": 0.105, ""biotech"": 0.137, ""cyber_cloud"": 0.125, ""defense_space"": 0.109, ""energy"": 0.219, ""robotics"": 0.203, ""semiconductors"": 0.102}, ""speed"": 0.5, ""rebalance_months"": 3, ""vol_block"": 0.1}"
2baa3f614e1d,-0.45977952435361075,-0.4985773331523348,-0.39050601009721764,-0.03399799403191738,0.12055404021002869,0.7879878378540084,-0.223043511125821,1.6424907135815008,0.015487238948129825,0.8130121265362561,280.94505494505495,"{""group_mult"": {""fundamental_mom"": 0.25, ""growth_quality"": 4.0, ""investment"": 0.5, ""low_risk"": 1.0, ""momentum"": 0.25, ""quality"": 2.0, ""survival"": 2.0, ""commodity"": 0.5, ""leverage"": 2.0, ""value"": 0.5}, ""lam"": 0.37, ""top_frac"": 0.5, ""budgets"": {""ai"": 0.215, ""biotech"": 0.101, ""cyber_cloud"": 0.136, ""defense_space"": 0.153, ""energy"": 0.111, ""robotics"": 0.112, ""semiconductors"": 0.173}, ""speed"": 0.5, ""rebalance_months"": 1, ""vol_block"": 0.03}"
f1f60599cd66,-0.5667600000146048,-0.7214316255836616,-0.36911599588978583,-0.03662908384954551,0.11559312136990041,0.7256150278509187,-0.2632768758174612,2.475672816022114,0.026537492727520505,0.9675339561441788,414.8296703296703,"{""group_mult"": {""fundamental_mom"": 2.0, ""growth_quality"": 4.0, ""investment"": 4.0, ""low_risk"": 4.0, ""momentum"": 1.0, ""quality"": 4.0, ""survival"": 0.5, ""commodity"": 4.0, ""leverage"": 0.25, ""value"": 0.25}, ""lam"": 1.27, ""top_frac"": 0.75, ""budgets"": {""ai"": 0.142, ""biotech"": 0.164, ""cyber_cloud"": 0.14, ""defense_space"": 0.184, ""energy"": 0.115, ""robotics"": 0.138, ""semiconductors"": 0.118}, ""speed"": 1.0, ""rebalance_months"": 1, ""vol_block"": 0.03}"
d054db4fa919,-0.2560122220505313,-0.4064618521806958,-0.02557340784124071,-0.01394369262992939,0.1384375756620999,0.794104150602359,-0.2453144500530876,1.6597225932013622,0.013743395272118163,0.9589928857068648,273.6043956043956,"{""group_mult"": {""fundamental_mom"": 0.25, ""growth_quality"": 0.5, ""investment"": 1.0, ""low_risk"": 0.25, ""momentum"": 0.25, ""quality"": 4.0, ""survival"": 1.0, ""commodity"": 1.0, ""leverage"": 0.25, ""value"": 4.0}, ""lam"": 0.68, ""top_frac"": 0.5, ""budgets"": {""ai"": 0.106, ""biotech"": 0.131, ""cyber_cloud"": 0.272, ""defense_space"": 0.12, ""energy"": 0.106, ""robotics"": 0.129, ""semiconductors"": 0.135}, ""speed"": 1.0, ""rebalance_months"": 3, ""vol_block"": 0.03}"
2aee79a4ab47,-0.5594876075130463,-0.625891924968382,-0.44571078365282735,-0.05396041425190179,0.10221107826562137,0.7724077272754034,-0.19567953821132245,2.9423261551697815,0.02124785838974034,0.7415659111534558,188.43956043956044,"{""group_mult"": {""fundamental_mom"": 1.0, ""growth_quality"": 1.0, ""investment"": 0.25, ""low_risk"": 1.0, ""momentum"": 2.0, ""quality"": 0.25, ""survival"": 4.0, ""commodity"": 0.25, ""leverage"": 2.0, ""value"": 1.0}, ""lam"": 0.23, ""top_frac"": 0.33, ""budgets"": {""ai"": 0.142, ""biotech"": 0.106, ""cyber_cloud"": 0.162, ""defense_space"": 0.119, ""energy"": 0.201, ""robotics"": 0.119, ""semiconductors"": 0.15}, ""speed"": 0.5, ""rebalance_months"": 1, ""vol_block"": 0.03}"
d47515e9c576,-0.6984570620993364,-0.6958891601780736,-0.7061720713561757,-0.028192907335776334,0.12014845251776918,0.6804556124362885,-0.27335864689455913,2.0919619936332423,0.025815004905787912,0.9734878646940286,430.4120879120879,"{""group_mult"": {""fundamental_mom"": 0.25, ""growth_quality"": 1.0, ""investment"": 0.25, ""low_risk"": 0.25, ""momentum"": 0.5, ""quality"": 0.25, ""survival"": 1.0, ""commodity"": 4.0, ""leverage"": 0.5, ""value"": 4.0}, ""lam"": 0.82, ""top_frac"": 0.75, ""budgets"": {""ai"": 0.112, ""biotech"": 0.223, ""cyber_cloud"": 0.109, ""defense_space"": 0.153, ""energy"": 0.102, ""robotics"": 0.173, ""semiconductors"": 0.128}, ""speed"": 1.0, ""rebalance_months"": 1, ""vol_block"": 0.0}"
4a7c0d55fc73,-0.505488469747692,-0.6574281541645732,-0.28672235191578654,-0.025696882888884942,0.12510693819917496,0.7317008483278107,-0.2764045820194425,1.9210710738901275,0.020661010774796117,0.9496028493610386,533.0384615384615,"{""group_mult"": {""fundamental_mom"": 1.0, ""growth_quality"": 0.5, ""investment"": 2.0, ""low_risk"": 2.0, ""momentum"": 0.5, ""quality"": 0.5, ""survival"": 0.25, ""commodity"": 4.0, ""leverage"": 1.0, ""value"": 0.5}, ""lam"": 0.58, ""top_frac"": 1.0, ""budgets"": {""ai"": 0.101, ""biotech"": 0.138, ""cyber_cloud"": 0.105, ""defense_space"": 0.159, ""energy"": 0.123, ""robotics"": 0.145, ""semiconductors"": 0.228}, ""speed"": 1.0, ""rebalance_months"": 1, ""vol_block"": 0.0}"
2f03f09cafac,-0.6921219529706176,-0.8507757666890277,-0.46638774067730115,-0.03214737798490848,0.11596537784280003,0.6633455025691207,-0.28380785825177535,3.913603128606192,0.0328542760338043,0.9811267307848249,279.36813186813185,"{""group_mult"": {""fundamental_mom"": 4.0, ""growth_quality"": 2.0, ""investment"": 0.5, ""low_risk"": 0.25, ""momentum"": 0.25, ""quality"": 1.0, ""survival"": 0.5, ""commodity"": 2.0, ""leverage"": 4.0, ""value"": 0.25}, ""lam"": 1.5, ""top_frac"": 0.5, ""budgets"": {""ai"": 0.206, ""biotech"": 0.111, ""cyber_cloud"": 0.211, ""defense_space"": 0.109, ""energy"": 0.14, ""robotics"": 0.113, ""semiconductors"": 0.109}, ""speed"": 1.0, ""rebalance_months"": 1, ""vol_block"": 0.03}"
93fca8796e74,-0.3137698704925539,-0.4826998282863133,-0.05078132995229685,-0.015687704382119746,0.13604934571358585,0.7772873814710212,-0.2657458539207084,1.492630270490277,0.014828259491661305,0.9539713319221326,404.5769230769231,"{""group_mult"": {""fundamental_mom"": 0.5, ""growth_quality"": 1.0, ""investment"": 2.0, ""low_risk"": 0.5, ""momentum"": 0.25, ""quality"": 1.0, ""survival"": 2.0, ""commodity"": 0.25, ""leverage"": 0.5, ""value"": 0.5}, ""lam"": 0.95, ""top_frac"": 0.75, ""budgets"": {""ai"": 0.113, ""biotech"": 0.105, ""cyber_cloud"": 0.122, ""defense_space"": 0.115, ""energy"": 0.166, ""robotics"": 0.263, ""semiconductors"": 0.116}, ""speed"": 1.0, ""rebalance_months"": 3, ""vol_block"": 0.03}"
15592c51539a,-0.4894025454962487,-0.5625648694955359,-0.3672698640228436,-0.05861105516038507,0.09998875770432125,0.86514489224349,-0.15799084037940492,2.1847124151608224,0.012634350732901659,0.701582696121512,105.74725274725274,"{""group_mult"": {""fundamental_mom"": 0.25, ""growth_quality"": 0.5, ""investment"": 1.0, ""low_risk"": 1.0, ""momentum"": 4.0, ""quality"": 2.0, ""survival"": 4.0, ""commodity"": 4.0, ""leverage"": 2.0, ""value"": 0.25}, ""lam"": 0.65, ""top_frac"": 0.2, ""budgets"": {""ai"": 0.132, ""biotech"": 0.223, ""cyber_cloud"": 0.135, ""defense_space"": 0.111, ""energy"": 0.161, ""robotics"": 0.118, ""semiconductors"": 0.121}, ""speed"": 0.5, ""rebalance_months"": 3, ""vol_block"": 0.1}"
851d5f2f2e95,-0.5233960543032791,-0.6770130764288472,-0.30175880141328876,-0.03174510990687153,0.11934696083415286,0.7173022177062205,-0.27428797833318364,3.615937633565413,0.030060872637902573,0.9778859228093414,280.95054945054943,"{""group_mult"": {""fundamental_mom"": 0.5, ""growth_quality"": 1.0, ""investment"": 0.5, ""low_risk"": 2.0, ""momentum"": 0.25, ""quality"": 2.0, ""survival"": 1.0, ""commodity"": 1.0, ""leverage"": 2.0, ""value"": 4.0}, ""lam"": 0.24, ""top_frac"": 0.5, ""budgets"": {""ai"": 0.198, ""biotech"": 0.102, ""cyber_cloud"": 0.126, ""defense_space"": 0.144, ""energy"": 0.114, ""robotics"": 0.163, ""semiconductors"": 0.152}, ""speed"": 1.0, ""rebalance_months"": 1, ""vol_block"": 0.03}"
2ca3abe31aee,-0.2438632891515487,-0.38953890011345216,-0.021421894253415594,-0.018140435330331606,0.13562858017129376,0.8183374717016368,-0.2414178805877244,3.0201219467575657,0.016614244130426538,0.9738197626858742,113.95604395604396,"{""group_mult"": {""fundamental_mom"": 1.0, ""growth_quality"": 4.0, ""investment"": 2.0, ""low_risk"": 0.5, ""momentum"": 2.0, ""quality"": 1.0, ""survival"": 0.25, ""commodity"": 1.0, ""leverage"": 2.0, ""value"": 0.5}, ""lam"": 0.75, ""top_frac"": 0.2, ""budgets"": {""ai"": 0.11, ""biotech"": 0.182, ""cyber_cloud"": 0.148, ""defense_space"": 0.157, ""energy"": 0.122, ""robotics"": 0.162, ""semiconductors"": 0.117}, ""speed"": 1.0, ""rebalance_months"": 3, ""vol_block"": 0.03}"
a3e6700c04c2,-0.39876051617273095,-0.4452285027481099,-0.32701693642089097,-0.04767287532259196,0.11195837016315124,0.9560737309717611,-0.17577773505197936,1.498516804512262,0.010212484152970993,0.7468811949908043,173.23626373626374,"{""group_mult"": {""fundamental_mom"": 0.25, ""growth_quality"": 1.0, ""investment"": 2.0, ""low_risk"": 4.0, ""momentum"": 4.0, ""quality"": 0.5, ""survival"": 0.25, ""commodity"": 1.0, ""leverage"": 2.0, ""value"": 1.0}, ""lam"": 0.08, ""top_frac"": 0.33, ""budgets"": {""ai"": 0.119, ""biotech"": 0.165, ""cyber_cloud"": 0.104, ""defense_space"": 0.105, ""energy"": 0.192, ""robotics"": 0.156, ""semiconductors"": 0.159}, ""speed"": 0.5, ""rebalance_months"": 3, ""vol_block"": 0.1}"
ad8a2a17c567,-0.49435433906762566,-0.6730815288547208,-0.24728516351396446,-0.03154073287854693,0.11936216061815874,0.7144714457809461,-0.2603756606928064,5.050474190636057,0.03397689255117673,0.9870350365042219,173.77472527472528,"{""group_mult"": {""fundamental_mom"": 4.0, ""growth_quality"": 0.25, ""investment"": 1.0, ""low_risk"": 0.5, ""momentum"": 1.0, ""quality"": 2.0, ""survival"": 0.25, ""commodity"": 0.25, ""leverage"": 0.5, ""value"": 0.25}, ""lam"": 0.3, ""top_frac"": 0.33, ""budgets"": {""ai"": 0.115, ""biotech"": 0.173, ""cyber_cloud"": 0.183, ""defense_space"": 0.121, ""energy"": 0.127, ""robotics"": 0.145, ""semiconductors"": 0.137}, ""speed"": 1.0, ""rebalance_months"": 1, ""vol_block"": 0.1}"
29e3cd61ac5d,-0.5425744372502458,-0.6883387388268493,-0.2880848105831361,-0.05473061483586103,0.10187952484888996,0.7854443907701485,-0.19101730401997252,4.0502320982857,0.024405227408112712,0.725117523755773,118.73626373626374,"{""group_mult"": {""fundamental_mom"": 4.0, ""growth_quality"": 1.0, ""investment"": 0.25, ""low_risk"": 0.5, ""momentum"": 1.0, ""quality"": 0.25, ""survival"": 0.25, ""commodity"": 0.25, ""leverage"": 0.5, ""value"": 2.0}, ""lam"": 0.48, ""top_frac"": 0.2, ""budgets"": {""ai"": 0.151, ""biotech"": 0.182, ""cyber_cloud"": 0.127, ""defense_space"": 0.147, ""energy"": 0.157, ""robotics"": 0.11, ""semiconductors"": 0.126}, ""speed"": 0.5, ""rebalance_months"": 1, ""vol_block"": 0.0}"
290f4ff9b638,-0.3806069354448293,-0.38615878293913125,-0.3745831852967489,-0.029662072247207363,0.12531924570159125,0.8163727894091468,-0.23756344167769083,1.1290093891356012,0.014904705100291332,0.8940495487665704,442.8021978021978,"{""group_mult"": {""fundamental_mom"": 0.5, ""growth_quality"": 1.0, ""investment"": 0.5, ""low_risk"": 2.0, ""momentum"": 2.0, ""quality"": 0.25, ""survival"": 4.0, ""commodity"": 0.5, ""leverage"": 1.0, ""value"": 0.25}, ""lam"": 0.97, ""top_frac"": 1.0, ""budgets"": {""ai"": 0.15, ""biotech"": 0.102, ""cyber_cloud"": 0.11, ""defense_space"": 0.164, ""energy"": 0.131, ""robotics"": 0.202, ""semiconductors"": 0.141}, ""speed"": 0.5, ""rebalance_months"": 1, ""vol_block"": 0.1}"
1010c0c97728,-0.36000943647587824,-0.34894161468017015,-0.3759285076442154,-0.018371651348012177,0.13252575420793544,0.7547638158083558,-0.2642147349018876,1.9044358549590874,0.017696155350807492,0.9728626065855754,275.75274725274727,"{""group_mult"": {""fundamental_mom"": 0.25, ""growth_quality"": 4.0, ""investment"": 0.25, ""low_risk"": 0.5, ""momentum"": 0.5, ""quality"": 0.25, ""survival"": 0.25, ""commodity"": 4.0, ""leverage"": 1.0, ""value"": 0.25}, ""lam"": 0.43, ""top_frac"": 0.5, ""budgets"": {""ai"": 0.137, ""biotech"": 0.117, ""cyber_cloud"": 0.168, ""defense_space"": 0.148, ""energy"": 0.12, ""robotics"": 0.194, ""semiconductors"": 0.116}, ""speed"": 1.0, ""rebalance_months"": 3, ""vol_block"": 0.03}"
f9bf8d731f96,-0.30536642476765763,-0.49488906592492643,-0.01999791999062699,-0.01687371148982258,0.13617481918294194,0.8015681723141899,-0.24616070010113367,1.6862651758914797,0.01581480040412645,0.9458427652224852,452.510989010989,"{""group_mult"": {""fundamental_mom"": 4.0, ""growth_quality"": 0.25, ""investment"": 4.0, ""low_risk"": 2.0, ""momentum"": 0.25, ""quality"": 4.0, ""survival"": 0.25, ""commodity"": 0.25, ""leverage"": 4.0, ""value"": 1.0}, ""lam"": 0.96, ""top_frac"": 1.0, ""budgets"": {""ai"": 0.129, ""biotech"": 0.105, ""cyber_cloud"": 0.242, ""defense_space"": 0.103, ""energy"": 0.138, ""robotics"": 0.122, ""semiconductors"": 0.161}, ""speed"": 1.0, ""rebalance_months"": 3, ""vol_block"": 0.03}"
6fe2f558caac,-0.6341775372481345,-0.6759044626627241,-0.5672872361048453,-0.02577585208148605,0.12387722992259587,0.7095490433211369,-0.26872512472141885,1.5464034767739836,0.018105324364144845,0.9565594520084415,532.8131868131868,"{""group_mult"": {""fundamental_mom"": 0.5, ""growth_quality"": 0.25, ""investment"": 1.0, ""low_risk"": 0.5, ""momentum"": 0.25, ""quality"": 2.0, ""survival"": 2.0, ""commodity"": 1.0, ""leverage"": 0.25, ""value"": 0.5}, ""lam"": 0.59, ""top_frac"": 1.0, ""budgets"": {""ai"": 0.137, ""biotech"": 0.142, ""cyber_cloud"": 0.144, ""defense_space"": 0.138, ""energy"": 0.139, ""robotics"": 0.186, ""semiconductors"": 0.113}, ""speed"": 1.0, ""rebalance_months"": 1, ""vol_block"": 0.0}"
773a3aa3e011,-0.38939366490137456,-0.3998093491772806,-0.3739578696896662,-0.026034707283859527,0.12770212914590107,0.7915976686002096,-0.23146581741439642,1.3131708806409956,0.014177789809088154,0.8456695741786144,386.35164835164835,"{""group_mult"": {""fundamental_mom"": 0.5, ""growth_quality"": 4.0, ""investment"": 2.0, ""low_risk"": 0.25, ""momentum"": 0.5, ""quality"": 1.0, ""survival"": 0.5, ""commodity"": 0.25, ""leverage"": 0.25, ""value"": 1.0}, ""lam"": 0.04, ""top_frac"": 0.75, ""budgets"": {""ai"": 0.101, ""biotech"": 0.119, ""cyber_cloud"": 0.125, ""defense_space"": 0.134, ""energy"": 0.13, ""robotics"": 0.141, ""semiconductors"": 0.25}, ""speed"": 0.5, ""rebalance_months"": 1, ""vol_block"": 0.1}"
a345c8acbcda,-0.5106557692072984,-0.6756027276974542,-0.27722071162027306,-0.03366849014468611,0.11597292342123633,0.6854844328982477,-0.26680501845783966,5.129716844807902,0.038478379161549364,0.9918141740049508,194.52747252747253,"{""group_mult"": {""fundamental_mom"": 0.25, ""growth_quality"": 1.0, ""investment"": 0.5, ""low_risk"": 0.25, ""momentum"": 4.0, ""quality"": 1.0, ""survival"": 1.0, ""commodity"": 2.0, ""leverage"": 0.25, ""value"": 4.0}, ""lam"": 0.31, ""top_frac"": 0.33, ""budgets"": {""ai"": 0.165, ""biotech"": 0.122, ""cyber_cloud"": 0.112, ""defense_space"": 0.118, ""energy"": 0.208, ""robotics"": 0.17, ""semiconductors"": 0.106}, ""speed"": 1.0, ""rebalance_months"": 1, ""vol_block"": 0.0}"
4d0b9ad54578,-0.3697687453140167,-0.4151378275958258,-0.30960501123755074,-0.027175000599015717,0.1282646976855497,0.8344606036904939,-0.2151618227796679,0.8272913955307957,0.009828704459627292,0.8427148294267236,405.8296703296703,"{""group_mult"": {""fundamental_mom"": 0.5, ""growth_quality"": 1.0, ""investment"": 2.0, ""low_risk"": 0.5, ""momentum"": 2.0, ""quality"": 1.0, ""survival"": 1.0, ""commodity"": 4.0, ""leverage"": 2.0, ""value"": 1.0}, ""lam"": 0.61, ""top_frac"": 0.75, ""budgets"": {""ai"": 0.111, ""biotech"": 0.229, ""cyber_cloud"": 0.111, ""defense_space"": 0.115, ""energy"": 0.105, ""robotics"": 0.192, ""semiconductors"": 0.137}, ""speed"": 0.5, ""rebalance_months"": 3, ""vol_block"": 0.03}"
0b20e75164e7,-0.6011385343940422,-0.7446698701187989,-0.4260923110341747,-0.037711658778090865,0.11322269198632884,0.6957261917105222,-0.28039118633637594,3.32205393870636,0.030484817481035483,0.9676484073953263,425.84065934065933,"{""group_mult"": {""fundamental_mom"": 4.0, ""growth_quality"": 0.25, ""investment"": 4.0, ""low_risk"": 4.0, ""momentum"": 2.0, ""quality"": 0.5, ""survival"": 4.0, ""commodity"": 4.0, ""leverage"": 4.0, ""value"": 0.25}, ""lam"": 1.43, ""top_frac"": 1.0, ""budgets"": {""ai"": 0.131, ""biotech"": 0.134, ""cyber_cloud"": 0.117, ""defense_space"": 0.169, ""energy"": 0.135, ""robotics"": 0.178, ""semiconductors"": 0.135}, ""speed"": 1.0, ""rebalance_months"": 1, ""vol_block"": 0.03}"
c5c872e3f9d3,-0.5370596486936343,-0.6523289649456508,-0.3793037034315172,-0.03449386743285505,0.11765997624984403,0.7317222507035587,-0.25643373755011845,2.932556545057788,0.02465138974862187,0.9727875489520983,290.2967032967033,"{""group_mult"": {""fundamental_mom"": 2.0, ""growth_quality"": 4.0, ""investment"": 0.5, ""low_risk"": 2.0, ""momentum"": 0.5, ""quality"": 4.0, ""survival"": 0.5, ""commodity"": 1.0, ""leverage"": 1.0, ""value"": 0.25}, ""lam"": 0.92, ""top_frac"": 0.5, ""budgets"": {""ai"": 0.165, ""biotech"": 0.156, ""cyber_cloud"": 0.108, ""defense_space"": 0.237, ""energy"": 0.112, ""robotics"": 0.12, ""semiconductors"": 0.102}, ""speed"": 1.0, ""rebalance_months"": 1, ""vol_block"": 0.0}"
1611535e2a28,-0.23716974303458052,-0.3156168684671817,-0.1299500116673782,-0.02340242537483404,0.13419900685855657,0.918362918211102,-0.2366455150486817,2.435143330363865,0.016166439892524916,0.9808798454174003,172.93956043956044,"{""group_mult"": {""fundamental_mom"": 0.5, ""growth_quality"": 0.5, ""investment"": 2.0, ""low_risk"": 4.0, ""momentum"": 2.0, ""quality"": 2.0, ""survival"": 0.25, ""commodity"": 0.25, ""leverage"": 0.25, ""value"": 0.5}, ""lam"": 0.11, ""top_frac"": 0.33, ""budgets"": {""ai"": 0.164, ""biotech"": 0.121, ""cyber_cloud"": 0.14, ""defense_space"": 0.216, ""energy"": 0.146, ""robotics"": 0.103, ""semiconductors"": 0.111}, ""speed"": 1.0, ""rebalance_months"": 3, ""vol_block"": 0.1}"
9b94bc234fc1,-0.3937308521664599,-0.44079261929751584,-0.320578886438705,-0.033679515320951744,0.12282496302740631,0.8492963692136126,-0.20155687883671403,0.9989666726072393,0.009062480657231132,0.8099973459914461,254.8186813186813,"{""group_mult"": {""fundamental_mom"": 0.5, ""growth_quality"": 0.5, ""investment"": 0.25, ""low_risk"": 0.5, ""momentum"": 0.25, ""quality"": 4.0, ""survival"": 0.5, ""commodity"": 2.0, ""leverage"": 4.0, ""value"": 2.0}, ""lam"": 0.32, ""top_frac"": 0.5, ""budgets"": {""ai"": 0.101, ""biotech"": 0.192, ""cyber_cloud"": 0.103, ""defense_space"": 0.128, ""energy"": 0.138, ""robotics"": 0.197, ""semiconductors"": 0.142}, ""speed"": 0.5, ""rebalance_months"": 3, ""vol_block"": 0.1}"
00ac7eaf9c1e,-0.048669285495189694,-0.2543454361010195,0.2547686303874732,-0.00394534221084903,0.15131049423500054,0.8879700682844458,-0.24290112723914004,3.3428190978018106,0.017385078710723513,0.9763266639719752,114.36263736263736,"{""group_mult"": {""fundamental_mom"": 1.0, ""growth_quality"": 0.5, ""investment"": 1.0, ""low_risk"": 1.0, ""momentum"": 0.25, ""quality"": 1.0, ""survival"": 0.5, ""commodity"": 4.0, ""leverage"": 0.5, ""value"": 1.0}, ""lam"": 1.11, ""top_frac"": 0.2, ""budgets"": {""ai"": 0.136, ""biotech"": 0.109, ""cyber_cloud"": 0.101, ""defense_space"": 0.13, ""energy"": 0.103, ""robotics"": 0.137, ""semiconductors"": 0.284}, ""speed"": 1.0, ""rebalance_months"": 3, ""vol_block"": 0.03}"
6d6f2d20a8fa,-0.23379422719764836,-0.5647277761091585,0.24271786922406263,-0.01431071981966172,0.13879140805550794,0.8112018704590771,-0.24855437704113936,1.806878529818844,0.01319693247529688,0.969785888668807,190.67582417582418,"{""group_mult"": {""fundamental_mom"": 0.25, ""growth_quality"": 2.0, ""investment"": 1.0, ""low_risk"": 0.5, ""momentum"": 0.5, ""quality"": 4.0, ""survival"": 0.25, ""commodity"": 0.25, ""leverage"": 4.0, ""value"": 1.0}, ""lam"": 0.71, ""top_frac"": 0.33, ""budgets"": {""ai"": 0.103, ""biotech"": 0.156, ""cyber_cloud"": 0.135, ""defense_space"": 0.104, ""energy"": 0.191, ""robotics"": 0.184, ""semiconductors"": 0.128}, ""speed"": 1.0, ""rebalance_months"": 3, ""vol_block"": 0.0}"
e733765e78c9,-0.40747225443248086,-0.43595095385601484,-0.36407037182330393,-0.026401272011833697,0.12741574479332285,0.79334193647597,-0.22157091070373813,1.2340240042342845,0.015273362496305056,0.8414070398289214,429.38461538461536,"{""group_mult"": {""fundamental_mom"": 4.0, ""growth_quality"": 0.5, ""investment"": 2.0, ""low_risk"": 0.25, ""momentum"": 4.0, ""quality"": 4.0, ""survival"": 0.25, ""commodity"": 0.5, ""leverage"": 2.0, ""value"": 4.0}, ""lam"": 0.82, ""top_frac"": 0.75, ""budgets"": {""ai"": 0.133, ""biotech"": 0.174, ""cyber_cloud"": 0.124, ""defense_space"": 0.146, ""energy"": 0.106, ""robotics"": 0.134, ""semiconductors"": 0.184}, ""speed"": 0.5, ""rebalance_months"": 1, ""vol_block"": 0.0}"
a690604ce5ad,-0.7390472772425172,-0.9532164289443269,-0.4952623315477618,-0.0368675662737605,0.11265866023119608,0.6712478501119354,-0.2810577858637022,1.976520182981427,0.026870905268343386,0.9745883901308892,474.1373626373626,"{""group_mult"": {""fundamental_mom"": 1.0, ""growth_quality"": 2.0, ""investment"": 1.0, ""low_risk"": 1.0, ""momentum"": 0.5, ""quality"": 1.0, ""survival"": 2.0, ""commodity"": 4.0, ""leverage"": 4.0, ""value"": 2.0}, ""lam"": 0.68, ""top_frac"": 1.0, ""budgets"": {""ai"": 0.111, ""biotech"": 0.243, ""cyber_cloud"": 0.135, ""defense_space"": 0.1, ""energy"": 0.159, ""robotics"": 0.101, ""semiconductors"": 0.151}, ""speed"": 1.0, ""rebalance_months"": 1, ""vol_block"": 0.1}"
4c383adb5b62,-0.4678699088289848,-0.5176822486318495,-0.3760688999468766,-0.039463766126952474,0.11464917624841231,0.7593405254975198,-0.24444105025996044,2.605238147227144,0.015982551840729387,0.8199355970474821,115.43406593406593,"{""group_mult"": {""fundamental_mom"": 0.25, ""growth_quality"": 4.0, ""investment"": 1.0, ""low_risk"": 0.25, ""momentum"": 2.0, ""quality"": 4.0, ""survival"": 0.5, ""commodity"": 2.0, ""leverage"": 2.0, ""value"": 0.5}, ""lam"": 0.62, ""top_frac"": 0.2, ""budgets"": {""ai"": 0.123, ""biotech"": 0.115, ""cyber_cloud"": 0.137, ""defense_space"": 0.164, ""energy"": 0.114, ""robotics"": 0.202, ""semiconductors"": 0.146}, ""speed"": 0.5, ""rebalance_months"": 1, ""vol_block"": 0.03}"
121e74c304aa,-0.5797552520483107,-0.7708298283329839,-0.28032577102586204,-0.06773400822096572,0.09036923295944344,0.8043751187548208,-0.1713662582075578,2.1536011601194667,0.012428827444948947,0.6747527154746927,117.53846153846153,"{""group_mult"": {""fundamental_mom"": 4.0, ""growth_quality"": 2.0, ""investment"": 4.0, ""low_risk"": 2.0, ""momentum"": 1.0, ""quality"": 2.0, ""survival"": 0.25, ""commodity"": 2.0, ""leverage"": 1.0, ""value"": 0.5}, ""lam"": 0.15, ""top_frac"": 0.2, ""budgets"": {""ai"": 0.107, ""biotech"": 0.107, ""cyber_cloud"": 0.187, ""defense_space"": 0.212, ""energy"": 0.171, ""robotics"": 0.101, ""semiconductors"": 0.116}, ""speed"": 0.5, ""rebalance_months"": 3, ""vol_block"": 0.0}"
2507ba872da0,-0.5124338379616062,-0.6319442140863785,-0.3119584316648603,-0.0525185562945024,0.10531533911213509,0.8441347562912249,-0.17284115122767107,1.6449214901710087,0.013941931306551667,0.6711559337462519,254.36813186813185,"{""group_mult"": {""fundamental_mom"": 4.0, ""growth_quality"": 0.5, ""investment"": 1.0, ""low_risk"": 0.25, ""momentum"": 2.0, ""quality"": 0.25, ""survival"": 0.25, ""commodity"": 0.25, ""leverage"": 0.5, ""value"": 0.5}, ""lam"": 0.34, ""top_frac"": 0.5, ""budgets"": {""ai"": 0.141, ""biotech"": 0.149, ""cyber_cloud"": 0.121, ""defense_space"": 0.114, ""energy"": 0.181, ""robotics"": 0.128, ""semiconductors"": 0.166}, ""speed"": 0.5, ""rebalance_months"": 3, ""vol_block"": 0.1}"
22232eb303c2,-0.5390411651511534,-0.6293690335744135,-0.3978691793603298,-0.06601463669075422,0.09265725351794685,0.8441345274665345,-0.17929726497882348,4.219994922207466,0.024294065768251757,0.7099511390675728,119.01648351648352,"{""group_mult"": {""fundamental_mom"": 4.0, ""growth_quality"": 1.0, ""investment"": 4.0, ""low_risk"": 4.0, ""momentum"": 2.0, ""quality"": 1.0, ""survival"": 1.0, ""commodity"": 0.25, ""leverage"": 2.0, ""value"": 1.0}, ""lam"": 0.08, ""top_frac"": 0.2, ""budgets"": {""ai"": 0.122, ""biotech"": 0.163, ""cyber_cloud"": 0.206, ""defense_space"": 0.101, ""energy"": 0.161, ""robotics"": 0.13, ""semiconductors"": 0.115}, ""speed"": 0.5, ""rebalance_months"": 1, ""vol_block"": 0.0}"
826eb0d28080,-0.6554847675885358,-0.6223596136375026,-0.7049271100508119,-0.028670130343501143,0.12105373655205276,0.7017750009328099,-0.2643047831584231,1.4244201562092251,0.01892618304967461,0.9646300342488447,554.1098901098901,"{""group_mult"": {""fundamental_mom"": 1.0, ""growth_quality"": 2.0, ""investment"": 0.5, ""low_risk"": 1.0, ""momentum"": 0.25, ""quality"": 0.5, ""survival"": 0.25, ""commodity"": 4.0, ""leverage"": 0.25, ""value"": 1.0}, ""lam"": 0.43, ""top_frac"": 1.0, ""budgets"": {""ai"": 0.111, ""biotech"": 0.123, ""cyber_cloud"": 0.284, ""defense_space"": 0.134, ""energy"": 0.114, ""robotics"": 0.1, ""semiconductors"": 0.135}, ""speed"": 1.0, ""rebalance_months"": 1, ""vol_block"": 0.0}"
765c26a523e2,-0.5042712523008408,-0.5826223216374057,-0.3930124671749984,-0.04398386463490212,0.11178096062759857,0.793854067536976,-0.21335776748137059,1.6859363248313213,0.014982378226656785,0.8205938467713989,260.31868131868134,"{""group_mult"": {""fundamental_mom"": 0.25, ""growth_quality"": 0.25, ""investment"": 0.5, ""low_risk"": 0.5, ""momentum"": 0.5, ""quality"": 2.0, ""survival"": 0.25, ""commodity"": 0.5, ""leverage"": 0.25, ""value"": 0.25}, ""lam"": 0.14, ""top_frac"": 0.5, ""budgets"": {""ai"": 0.128, ""biotech"": 0.128, ""cyber_cloud"": 0.197, ""defense_space"": 0.134, ""energy"": 0.128, ""robotics"": 0.163, ""semiconductors"": 0.122}, ""speed"": 0.5, ""rebalance_months"": 1, ""vol_block"": 0.1}"
003296ebd19d,-0.46340400401563037,-0.618063604741273,-0.23743640012108364,-0.046869905940225214,0.11110478544722358,0.8690952707100136,-0.18192195117545273,1.3286662454158933,0.009787812107439595,0.7666229044264687,184.94505494505495,"{""group_mult"": {""fundamental_mom"": 0.5, ""growth_quality"": 0.5, ""investment"": 4.0, ""low_risk"": 1.0, ""momentum"": 1.0, ""quality"": 2.0, ""survival"": 0.25, ""commodity"": 0.25, ""leverage"": 4.0, ""value"": 1.0}, ""lam"": 0.92, ""top_frac"": 0.33, ""budgets"": {""ai"": 0.14, ""biotech"": 0.202, ""cyber_cloud"": 0.172, ""defense_space"": 0.124, ""energy"": 0.139, ""robotics"": 0.101, ""semiconductors"": 0.122}, ""speed"": 0.5, ""rebalance_months"": 3, ""vol_block"": 0.03}"
b3577e5e1ba0,-0.5314464245880683,-0.6547407140311791,-0.3756169669195672,-0.03366058076190219,0.1188020056794401,0.7407621685219242,-0.25964937236273966,2.5500744683106813,0.02583470076274714,0.9640100271555168,465.36813186813185,"{""group_mult"": {""fundamental_mom"": 0.5, ""growth_quality"": 0.5, ""investment"": 0.25, ""low_risk"": 4.0, ""momentum"": 1.0, ""quality"": 2.0, ""survival"": 0.25, ""commodity"": 0.25, ""leverage"": 2.0, ""value"": 0.5}, ""lam"": 0.88, ""top_frac"": 1.0, ""budgets"": {""ai"": 0.176, ""biotech"": 0.118, ""cyber_cloud"": 0.174, ""defense_space"": 0.106, ""energy"": 0.151, ""robotics"": 0.12, ""semiconductors"": 0.155}, ""speed"": 1.0, ""rebalance_months"": 1, ""vol_block"": 0.1}"
3ace44c89c99,-0.4389968667174397,-0.4934248762862027,-0.3531935417807937,-0.03977479388222309,0.1168379674684934,0.8363463687158756,-0.20092531666235658,2.2595715615772267,0.01671663081843086,0.7931558057594911,174.96703296703296,"{""group_mult"": {""fundamental_mom"": 1.0, ""growth_quality"": 4.0, ""investment"": 1.0, ""low_risk"": 0.5, ""momentum"": 1.0, ""quality"": 0.25, ""survival"": 0.5, ""commodity"": 0.5, ""leverage"": 1.0, ""value"": 1.0}, ""lam"": 0.83, ""top_frac"": 0.33, ""budgets"": {""ai"": 0.227, ""biotech"": 0.169, ""cyber_cloud"": 0.125, ""defense_space"": 0.114, ""energy"": 0.138, ""robotics"": 0.108, ""semiconductors"": 0.119}, ""speed"": 0.5, ""rebalance_months"": 1, ""vol_block"": 0.1}"
0c605814573b,-0.4314830608142618,-0.48090298121623526,-0.36113825126636245,-0.03790157045211857,0.11908564493508456,0.8554482243982441,-0.20555729524851296,0.8812786917675486,0.00956270150469522,0.8192910798206579,378.84615384615387,"{""group_mult"": {""fundamental_mom"": 0.25, ""growth_quality"": 0.5, ""investment"": 1.0, ""low_risk"": 2.0, ""momentum"": 0.25, ""quality"": 0.5, ""survival"": 4.0, ""commodity"": 0.5, ""leverage"": 1.0, ""value"": 4.0}, ""lam"": 0.17, ""top_frac"": 0.75, ""budgets"": {""ai"": 0.17, ""biotech"": 0.174, ""cyber_cloud"": 0.173, ""defense_space"": 0.131, ""energy"": 0.127, ""robotics"": 0.104, ""semiconductors"": 0.12}, ""speed"": 0.5, ""rebalance_months"": 3, ""vol_block"": 0.1}"
5e8456cfaf80,-0.38606351374199926,-0.5743451055200287,-0.03775818741408599,-0.034478721886801615,0.12000993947184102,0.7851907413276409,-0.2221477265080659,3.468506525056098,0.021805358337143747,0.7622295907227056,118.93406593406593,"{""group_mult"": {""fundamental_mom"": 4.0, ""growth_quality"": 2.0, ""investment"": 0.5, ""low_risk"": 0.5, ""momentum"": 4.0, ""quality"": 4.0, ""survival"": 1.0, ""commodity"": 1.0, ""leverage"": 0.5, ""value"": 2.0}, ""lam"": 0.49, ""top_frac"": 0.2, ""budgets"": {""ai"": 0.105, ""biotech"": 0.128, ""cyber_cloud"": 0.113, ""defense_space"": 0.141, ""energy"": 0.12, ""robotics"": 0.103, ""semiconductors"": 0.29}, ""speed"": 0.5, ""rebalance_months"": 1, ""vol_block"": 0.0}"
782848620f26,-0.22675977888744495,-0.3136440456942155,-0.09217899060371801,-0.012836712336663805,0.13956047879397993,0.801110690474181,-0.26118486461284385,2.7786633630758346,0.02024517517012785,0.9715438374139636,254.76373626373626,"{""group_mult"": {""fundamental_mom"": 4.0, ""growth_quality"": 2.0, ""investment"": 0.25, ""low_risk"": 1.0, ""momentum"": 1.0, ""quality"": 0.5, ""survival"": 0.25, ""commodity"": 0.5, ""leverage"": 4.0, ""value"": 0.5}, ""lam"": 0.53, ""top_frac"": 0.5, ""budgets"": {""ai"": 0.13, ""biotech"": 0.129, ""cyber_cloud"": 0.156, ""defense_space"": 0.181, ""energy"": 0.105, ""robotics"": 0.131, ""semiconductors"": 0.168}, ""speed"": 1.0, ""rebalance_months"": 3, ""vol_block"": 0.1}"
60069dc08924,-0.5343440080255529,-0.6499931794582416,-0.33807812823747774,-0.05174125126879695,0.10424358021653024,0.7739605249920977,-0.19704237265439595,3.8565224310471913,0.023375438246210155,0.7446051542471468,115.75824175824175,"{""group_mult"": {""fundamental_mom"": 2.0, ""growth_quality"": 2.0, ""investment"": 1.0, ""low_risk"": 0.25, ""momentum"": 2.0, ""quality"": 0.5, ""survival"": 2.0, ""commodity"": 2.0, ""leverage"": 0.5, ""value"": 0.5}, ""lam"": 0.28, ""top_frac"": 0.2, ""budgets"": {""ai"": 0.186, ""biotech"": 0.116, ""cyber_cloud"": 0.13, ""defense_space"": 0.129, ""energy"": 0.198, ""robotics"": 0.134, ""semiconductors"": 0.107}, ""speed"": 0.5, ""rebalance_months"": 1, ""vol_block"": 0.03}"
e45841e5f9b0,-0.3239745771797966,-0.40825516822616,-0.1808079724461799,-0.025630137842473838,0.13036796968086062,0.8551657691379259,-0.21383027897079976,0.9315013687542384,0.010749228386241828,0.8387134474612744,377.8626373626374,"{""group_mult"": {""fundamental_mom"": 4.0, ""growth_quality"": 4.0, ""investment"": 0.25, ""low_risk"": 2.0, ""momentum"": 0.5, ""quality"": 2.0, ""survival"": 0.25, ""commodity"": 1.0, ""leverage"": 4.0, ""value"": 0.5}, ""lam"": 1.12, ""top_frac"": 0.75, ""budgets"": {""ai"": 0.142, ""biotech"": 0.1, ""cyber_cloud"": 0.1, ""defense_space"": 0.208, ""energy"": 0.133, ""robotics"": 0.103, ""semiconductors"": 0.213}, ""speed"": 0.5, ""rebalance_months"": 3, ""vol_block"": 0.1}"
584a8d0987da,-0.5979680175268554,-0.738452189459925,-0.34063239958281244,-0.04798703240169774,0.10653285862295947,0.7383443883986051,-0.21068271665610883,2.8015262744158846,0.020104482916975374,0.7492825074358629,194.32417582417582,"{""group_mult"": {""fundamental_mom"": 2.0, ""growth_quality"": 0.25, ""investment"": 4.0, ""low_risk"": 0.25, ""momentum"": 1.0, ""quality"": 0.5, ""survival"": 4.0, ""commodity"": 2.0, ""leverage"": 0.25, ""value"": 4.0}, ""lam"": 0.96, ""top_frac"": 0.33, ""budgets"": {""ai"": 0.153, ""biotech"": 0.107, ""cyber_cloud"": 0.152, ""defense_space"": 0.11, ""energy"": 0.121, ""robotics"": 0.188, ""semiconductors"": 0.17}, ""speed"": 0.5, ""rebalance_months"": 1, ""vol_block"": 0.0}"
257952bda4b9,-0.4983481660585827,-0.5375185115346877,-0.43612168306699106,-0.03788441721384306,0.11747383396179911,0.7988661177753246,-0.2040819511942371,0.8009408270172367,0.00916372990405083,0.8060023257237823,403.0879120879121,"{""group_mult"": {""fundamental_mom"": 0.25, ""growth_quality"": 2.0, ""investment"": 1.0, ""low_risk"": 0.25, ""momentum"": 0.25, ""quality"": 4.0, ""survival"": 2.0, ""commodity"": 0.25, ""leverage"": 0.5, ""value"": 0.5}, ""lam"": 0.16, ""top_frac"": 0.75, ""budgets"": {""ai"": 0.123, ""biotech"": 0.107, ""cyber_cloud"": 0.217, ""defense_space"": 0.127, ""energy"": 0.185, ""robotics"": 0.104, ""semiconductors"": 0.136}, ""speed"": 0.5, ""rebalance_months"": 3, ""vol_block"": 0.03}"
a2c6eebaf946,-0.5972674977394455,-0.6506584585766356,-0.5370189736306219,-0.039811472233405726,0.11212136689474006,0.7080888828893546,-0.25880126908389733,3.3178001200390184,0.03151408289272925,0.9676431074928795,441.66483516483515,"{""group_mult"": {""fundamental_mom"": 4.0, ""growth_quality"": 0.25, ""investment"": 0.5, ""low_risk"": 4.0, ""momentum"": 1.0, ""quality"": 0.5, ""survival"": 0.5, ""commodity"": 0.5, ""leverage"": 2.0, ""value"": 0.25}, ""lam"": 1.1, ""top_frac"": 1.0, ""budgets"": {""ai"": 0.153, ""biotech"": 0.12, ""cyber_cloud"": 0.238, ""defense_space"": 0.118, ""energy"": 0.131, ""robotics"": 0.139, ""semiconductors"": 0.102}, ""speed"": 1.0, ""rebalance_months"": 1, ""vol_block"": 0.1}"
ffb2d1276f77,-0.5605257210789524,-0.6664423365947421,-0.3996699533781271,-0.06095108508599494,0.09628905571727242,0.789644937266132,-0.1974593243051307,2.996933074394994,0.02169534376300637,0.7509337499747779,188.5934065934066,"{""group_mult"": {""fundamental_mom"": 1.0, ""growth_quality"": 0.25, ""investment"": 2.0, ""low_risk"": 2.0, ""momentum"": 2.0, ""quality"": 0.25, ""survival"": 4.0, ""commodity"": 0.5, ""leverage"": 2.0, ""value"": 4.0}, ""lam"": 0.86, ""top_frac"": 0.33, ""budgets"": {""ai"": 0.145, ""biotech"": 0.118, ""cyber_cloud"": 0.151, ""defense_space"": 0.19, ""energy"": 0.157, ""robotics"": 0.101, ""semiconductors"": 0.137}, ""speed"": 0.5, ""rebalance_months"": 1, ""vol_block"": 0.03}"
0299fdeffe2c,-0.2910285269173676,-0.25559296687222627,-0.3425783943386595,-0.015372780549707765,0.13680662804242383,0.788785225839216,-0.24859061202131016,0.6818112086516396,0.013308125204743747,0.9268710933432949,543.7032967032967,"{""group_mult"": {""fundamental_mom"": 0.5, ""growth_quality"": 4.0, ""investment"": 0.5, ""low_risk"": 2.0, ""momentum"": 0.25, ""quality"": 2.0, ""survival"": 0.5, ""commodity"": 4.0, ""leverage"": 4.0, ""value"": 2.0}, ""lam"": 0.28, ""top_frac"": 1.0, ""budgets"": {""ai"": 0.251, ""biotech"": 0.107, ""cyber_cloud"": 0.11, ""defense_space"": 0.103, ""energy"": 0.108, ""robotics"": 0.115, ""semiconductors"": 0.206}, ""speed"": 0.5, ""rebalance_months"": 1, ""vol_block"": 0.03}"
1490bec3e49e,-0.6429435281029201,-0.7013597996024736,-0.5459231950767819,-0.022937499020744663,0.126203319168539,0.7099643328061452,-0.2750523800412378,0.9445986082421116,0.01499256354620387,0.9453816811370878,540.989010989011,"{""group_mult"": {""fundamental_mom"": 0.25, ""growth_quality"": 4.0, ""investment"": 0.25, ""low_risk"": 4.0, ""momentum"": 4.0, ""quality"": 4.0, ""survival"": 0.5, ""commodity"": 2.0, ""leverage"": 1.0, ""value"": 0.25}, ""lam"": 0.1, ""top_frac"": 1.0, ""budgets"": {""ai"": 0.182, ""biotech"": 0.127, ""cyber_cloud"": 0.129, ""defense_space"": 0.176, ""energy"": 0.139, ""robotics"": 0.112, ""semiconductors"": 0.135}, ""speed"": 1.0, ""rebalance_months"": 3, ""vol_block"": 0.0}"
72fba8cdc04e,-0.4447076910851808,-0.49437639255428906,-0.3684023369750436,-0.059932984267188655,0.10005658343262946,0.9522835856853656,-0.15510097836832915,1.9740017082690882,0.010480794468427628,0.7124745467666126,106.23626373626374,"{""group_mult"": {""fundamental_mom"": 0.5, ""growth_quality"": 0.25, ""investment"": 0.5, ""low_risk"": 4.0, ""momentum"": 0.5, ""quality"": 1.0, ""survival"": 1.0, ""commodity"": 0.25, ""leverage"": 0.5, ""value"": 2.0}, ""lam"": 1.02, ""top_frac"": 0.2, ""budgets"": {""ai"": 0.159, ""biotech"": 0.133, ""cyber_cloud"": 0.133, ""defense_space"": 0.199, ""energy"": 0.101, ""robotics"": 0.137, ""semiconductors"": 0.139}, ""speed"": 0.5, ""rebalance_months"": 3, ""vol_block"": 0.1}"
58eea1ed3cb7,-0.5306740139372556,-0.7787968451469846,-0.22166450099068744,-0.038885784047927203,0.1139327131102672,0.7316579672249386,-0.26437725322952477,3.8705933016515055,0.033872340081124976,0.9852239573707317,260.34065934065933,"{""group_mult"": {""fundamental_mom"": 0.5, ""growth_quality"": 2.0, ""investment"": 0.5, ""low_risk"": 4.0, ""momentum"": 2.0, ""quality"": 4.0, ""survival"": 4.0, ""commodity"": 0.25, ""leverage"": 1.0, ""value"": 2.0}, ""lam"": 0.07, ""top_frac"": 0.5, ""budgets"": {""ai"": 0.184, ""biotech"": 0.102, ""cyber_cloud"": 0.151, ""defense_space"": 0.119, ""energy"": 0.216, ""robotics"": 0.115, ""semiconductors"": 0.113}, ""speed"": 1.0, ""rebalance_months"": 1, ""vol_block"": 0.1}"
b8ec47535941,-0.34958045205278243,-0.4795791519865991,-0.14524048849251622,-0.0325911375267211,0.12185567962977095,0.7952078382884087,-0.24259083239516321,6.741815650292451,0.034697988910032104,0.9828936349644016,115.61538461538461,"{""group_mult"": {""fundamental_mom"": 4.0, ""growth_quality"": 2.0, ""investment"": 1.0, ""low_risk"": 4.0, ""momentum"": 2.0, ""quality"": 2.0, ""survival"": 0.5, ""commodity"": 4.0, ""leverage"": 0.5, ""value"": 2.0}, ""lam"": 1.11, ""top_frac"": 0.2, ""budgets"": {""ai"": 0.204, ""biotech"": 0.127, ""cyber_cloud"": 0.158, ""defense_space"": 0.106, ""energy"": 0.117, ""robotics"": 0.124, ""semiconductors"": 0.164}, ""speed"": 1.0, ""rebalance_months"": 1, ""vol_block"": 0.03}"
3354465f3d06,-0.29177457758606357,-0.3115044491043336,-0.25801582442020426,-0.027211817815519172,0.13049371160457834,0.9095943692811752,-0.2143644055214855,1.020055634350435,0.009713301141382007,0.8307990122186957,286.34065934065933,"{""group_mult"": {""fundamental_mom"": 0.25, ""growth_quality"": 2.0, ""investment"": 0.25, ""low_risk"": 4.0, ""momentum"": 2.0, ""quality"": 0.5, ""survival"": 1.0, ""commodity"": 0.25, ""leverage"": 0.25, ""value"": 4.0}, ""lam"": 1.35, ""top_frac"": 0.5, ""budgets"": {""ai"": 0.123, ""biotech"": 0.103, ""cyber_cloud"": 0.153, ""defense_space"": 0.102, ""energy"": 0.109, ""robotics"": 0.156, ""semiconductors"": 0.253}, ""speed"": 0.5, ""rebalance_months"": 3, ""vol_block"": 0.0}"
1918f2b0729d,-0.4780343554698433,-0.6240325537539603,-0.2607794284548161,-0.05344276001206706,0.10464524538523157,0.8563298134379442,-0.19801161006121093,2.764611617055299,0.020756219699410706,0.7824678742695088,194.86813186813185,"{""group_mult"": {""fundamental_mom"": 2.0, ""growth_quality"": 1.0, ""investment"": 2.0, ""low_risk"": 4.0, ""momentum"": 2.0, ""quality"": 4.0, ""survival"": 0.5, ""commodity"": 4.0, ""leverage"": 0.25, ""value"": 4.0}, ""lam"": 1.18, ""top_frac"": 0.33, ""budgets"": {""ai"": 0.119, ""biotech"": 0.106, ""cyber_cloud"": 0.101, ""defense_space"": 0.168, ""energy"": 0.246, ""robotics"": 0.121, ""semiconductors"": 0.139}, ""speed"": 0.5, ""rebalance_months"": 1, ""vol_block"": 0.0}"
af684a88cc84,-0.4616787771162602,-0.7172683342835801,-0.13343706294568508,-0.0318141849249485,0.1197357558755161,0.7296207384076293,-0.26860941292132756,3.699387393031179,0.03456635245725253,0.9883652699075304,259.9175824175824,"{""group_mult"": {""fundamental_mom"": 0.5, ""growth_quality"": 0.5, ""investment"": 2.0, ""low_risk"": 0.5, ""momentum"": 4.0, ""quality"": 0.25, ""survival"": 0.5, ""commodity"": 0.25, ""leverage"": 1.0, ""value"": 4.0}, ""lam"": 0.32, ""top_frac"": 0.5, ""budgets"": {""ai"": 0.219, ""biotech"": 0.139, ""cyber_cloud"": 0.116, ""defense_space"": 0.108, ""energy"": 0.185, ""robotics"": 0.104, ""semiconductors"": 0.13}, ""speed"": 1.0, ""rebalance_months"": 1, ""vol_block"": 0.1}"
17e54710dd33,-0.36945393116900005,-0.40556261875849,-0.32026629193529593,-0.03953488429718345,0.11944833566800361,0.9374650537728271,-0.1837686264779288,1.1241709042580799,0.009801253672788258,0.7914450846006839,256.27472527472526,"{""group_mult"": {""fundamental_mom"": 0.5, ""growth_quality"": 0.5, ""investment"": 4.0, ""low_risk"": 4.0, ""momentum"": 4.0, ""quality"": 0.5, ""survival"": 0.25, ""commodity"": 0.25, ""leverage"": 1.0, ""value"": 1.0}, ""lam"": 0.49, ""top_frac"": 0.5, ""budgets"": {""ai"": 0.139, ""biotech"": 0.267, ""cyber_cloud"": 0.14, ""defense_space"": 0.104, ""energy"": 0.105, ""robotics"": 0.121, ""semiconductors"": 0.124}, ""speed"": 0.5, ""rebalance_months"": 3, ""vol_block"": 0.1}"
555b278ddfec,-0.3137497835535091,-0.3226131695530294,-0.3051538829203535,-0.03279461061250687,0.1243305031981603,0.8766584291846616,-0.22600297707364592,3.205089471014316,0.01627332038203551,0.979160868743555,114.39010989010988,"{""group_mult"": {""fundamental_mom"": 1.0, ""growth_quality"": 0.5, ""investment"": 2.0, ""low_risk"": 4.0, ""momentum"": 0.5, ""quality"": 0.25, ""survival"": 4.0, ""commodity"": 1.0, ""leverage"": 1.0, ""value"": 0.25}, ""lam"": 0.29, ""top_frac"": 0.2, ""budgets"": {""ai"": 0.108, ""biotech"": 0.191, ""cyber_cloud"": 0.204, ""defense_space"": 0.131, ""energy"": 0.121, ""robotics"": 0.101, ""semiconductors"": 0.144}, ""speed"": 1.0, ""rebalance_months"": 3, ""vol_block"": 0.03}"
c14c4577af03,-0.5075652341102507,-0.5976151939062441,-0.3736853391799626,-0.04353060334092898,0.11240003724096859,0.8010719519594485,-0.21770978348481462,1.258645922056493,0.017111582502668303,0.8243664528065807,442.0,"{""group_mult"": {""fundamental_mom"": 4.0, ""growth_quality"": 1.0, ""investment"": 2.0, ""low_risk"": 4.0, ""momentum"": 0.25, ""quality"": 2.0, ""survival"": 4.0, ""commodity"": 2.0, ""leverage"": 4.0, ""value"": 0.25}, ""lam"": 1.22, ""top_frac"": 1.0, ""budgets"": {""ai"": 0.103, ""biotech"": 0.167, ""cyber_cloud"": 0.116, ""defense_space"": 0.122, ""energy"": 0.202, ""robotics"": 0.115, ""semiconductors"": 0.176}, ""speed"": 0.5, ""rebalance_months"": 1, ""vol_block"": 0.03}"
62ec78073f9a,-0.5411126922691186,-0.6130648250646085,-0.41740357000685496,-0.027139807511490074,0.1212549438525794,0.6844792572017937,-0.27449279884532196,3.3732066054578285,0.025619281683717823,0.9848538120292086,188.56043956043956,"{""group_mult"": {""fundamental_mom"": 0.25, ""growth_quality"": 4.0, ""investment"": 0.5, ""low_risk"": 0.25, ""momentum"": 1.0, ""quality"": 0.25, ""survival"": 4.0, ""commodity"": 0.25, ""leverage"": 0.25, ""value"": 2.0}, ""lam"": 1.16, ""top_frac"": 0.33, ""budgets"": {""ai"": 0.106, ""biotech"": 0.101, ""cyber_cloud"": 0.165, ""defense_space"": 0.171, ""energy"": 0.188, ""robotics"": 0.132, ""semiconductors"": 0.137}, ""speed"": 1.0, ""rebalance_months"": 1, ""vol_block"": 0.03}"
bb86804618d8,-0.5270167155042104,-0.7381856905783188,-0.17603330831256644,-0.0527832296037601,0.10445252785299775,0.8165349295479373,-0.1872553366532409,1.8505916164634413,0.012791816797596549,0.6873493991240829,170.80769230769232,"{""group_mult"": {""fundamental_mom"": 2.0, ""growth_quality"": 0.5, ""investment"": 4.0, ""low_risk"": 0.5, ""momentum"": 0.5, ""quality"": 0.25, ""survival"": 0.5, ""commodity"": 4.0, ""leverage"": 2.0, ""value"": 2.0}, ""lam"": 0.15, ""top_frac"": 0.33, ""budgets"": {""ai"": 0.103, ""biotech"": 0.148, ""cyber_cloud"": 0.134, ""defense_space"": 0.181, ""energy"": 0.108, ""robotics"": 0.106, ""semiconductors"": 0.219}, ""speed"": 0.5, ""rebalance_months"": 3, ""vol_block"": 0.1}"
65c463e1aa3e,-0.38991286819377097,-0.43952547969473604,-0.3349641916712396,-0.021996932609857498,0.13098005649774258,0.7873655589446321,-0.24764572658241646,0.5601624059973218,0.008058143907400733,0.91067639363468,524.8681318681319,"{""group_mult"": {""fundamental_mom"": 0.5, ""growth_quality"": 0.5, ""investment"": 4.0, ""low_risk"": 1.0, ""momentum"": 0.25, ""quality"": 0.5, ""survival"": 0.5, ""commodity"": 4.0, ""leverage"": 4.0, ""value"": 0.25}, ""lam"": 0.27, ""top_frac"": 1.0, ""budgets"": {""ai"": 0.149, ""biotech"": 0.149, ""cyber_cloud"": 0.111, ""defense_space"": 0.122, ""energy"": 0.157, ""robotics"": 0.182, ""semiconductors"": 0.129}, ""speed"": 0.5, ""rebalance_months"": 3, ""vol_block"": 0.03}"
5cd3606ab3e5,-0.3513282737764888,-0.3581811175876818,-0.34634367148082723,-0.025654253362262625,0.12969956264115345,0.838131893659012,-0.23057562065484105,0.8084047163862536,0.011944370807262567,0.8983702062909801,493.96153846153845,"{""group_mult"": {""fundamental_mom"": 0.5, ""growth_quality"": 0.5, ""investment"": 1.0, ""low_risk"": 1.0, ""momentum"": 1.0, ""quality"": 1.0, ""survival"": 0.5, ""commodity"": 0.25, ""leverage"": 4.0, ""value"": 0.25}, ""lam"": 0.51, ""top_frac"": 1.0, ""budgets"": {""ai"": 0.151, ""biotech"": 0.18, ""cyber_cloud"": 0.145, ""defense_space"": 0.126, ""energy"": 0.137, ""robotics"": 0.105, ""semiconductors"": 0.155}, ""speed"": 0.5, ""rebalance_months"": 1, ""vol_block"": 0.1}"
292d2b7b047b,-0.4479491214581958,-0.4700626576776376,-0.41563314850302097,-0.03344825724161661,0.12160057407303793,0.8055870106526857,-0.2142409251380013,1.3188872581552311,0.015126335460008978,0.8579701469668866,416.5824175824176,"{""group_mult"": {""fundamental_mom"": 1.0, ""growth_quality"": 1.0, ""investment"": 0.25, ""low_risk"": 2.0, ""momentum"": 2.0, ""quality"": 2.0, ""survival"": 2.0, ""commodity"": 0.25, ""leverage"": 1.0, ""value"": 2.0}, ""lam"": 0.07, ""top_frac"": 0.75, ""budgets"": {""ai"": 0.172, ""biotech"": 0.1, ""cyber_cloud"": 0.232, ""defense_space"": 0.146, ""energy"": 0.126, ""robotics"": 0.102, ""semiconductors"": 0.123}, ""speed"": 0.5, ""rebalance_months"": 1, ""vol_block"": 0.03}"
44193f4050a9,-0.47989385437739823,-0.6762897425751424,-0.14763707413489818,-0.04878810661372812,0.1088180860432697,0.8458589801261222,-0.18602726587810836,1.8411700177954664,0.011083367528369165,0.7209870772551966,117.3956043956044,"{""group_mult"": {""fundamental_mom"": 2.0, ""growth_quality"": 1.0, ""investment"": 4.0, ""low_risk"": 1.0, ""momentum"": 0.5, ""quality"": 4.0, ""survival"": 2.0, ""commodity"": 4.0, ""leverage"": 1.0, ""value"": 2.0}, ""lam"": 0.07, ""top_frac"": 0.2, ""budgets"": {""ai"": 0.104, ""biotech"": 0.264, ""cyber_cloud"": 0.106, ""defense_space"": 0.1, ""energy"": 0.102, ""robotics"": 0.168, ""semiconductors"": 0.155}, ""speed"": 0.5, ""rebalance_months"": 3, ""vol_block"": 0.0}"
9f50bcc856cb,-0.48612468524730185,-0.5679109727049226,-0.3668767373530894,-0.0391223212386428,0.11619004074959549,0.7953399120204688,-0.21941330196051279,1.3483336991411794,0.015289926199120929,0.8165713774268811,385.8956043956044,"{""group_mult"": {""fundamental_mom"": 2.0, ""growth_quality"": 0.25, ""investment"": 4.0, ""low_risk"": 0.25, ""momentum"": 4.0, ""quality"": 2.0, ""survival"": 2.0, ""commodity"": 0.5, ""leverage"": 4.0, ""value"": 4.0}, ""lam"": 0.68, ""top_frac"": 0.75, ""budgets"": {""ai"": 0.12, ""biotech"": 0.111, ""cyber_cloud"": 0.182, ""defense_space"": 0.102, ""energy"": 0.162, ""robotics"": 0.174, ""semiconductors"": 0.15}, ""speed"": 0.5, ""rebalance_months"": 1, ""vol_block"": 0.1}"
30dc2ba19174,-0.3681994340489477,-0.40724000795900994,-0.3154988361371815,-0.038151690467770616,0.12010316478268401,0.9076135009838106,-0.19728395762106987,1.1197308382527722,0.010362325869716542,0.8088486608134635,276.7032967032967,"{""group_mult"": {""fundamental_mom"": 1.0, ""growth_quality"": 1.0, ""investment"": 1.0, ""low_risk"": 4.0, ""momentum"": 4.0, ""quality"": 2.0, ""survival"": 1.0, ""commodity"": 4.0, ""leverage"": 1.0, ""value"": 1.0}, ""lam"": 1.13, ""top_frac"": 0.5, ""budgets"": {""ai"": 0.129, ""biotech"": 0.201, ""cyber_cloud"": 0.116, ""defense_space"": 0.186, ""energy"": 0.106, ""robotics"": 0.16, ""semiconductors"": 0.103}, ""speed"": 0.5, ""rebalance_months"": 3, ""vol_block"": 0.03}"
91c1a52e60e4,-0.4833022419882678,-0.9580916661404097,0.020431459476561116,-0.023982014454879103,0.12721216178653472,0.7444890712561195,-0.28625164481778764,1.1656551723801125,0.01596054823150564,0.949875009035165,515.8021978021978,"{""group_mult"": {""fundamental_mom"": 0.5, ""growth_quality"": 0.5, ""investment"": 2.0, ""low_risk"": 0.5, ""momentum"": 0.25, ""quality"": 1.0, ""survival"": 0.25, ""commodity"": 4.0, ""leverage"": 2.0, ""value"": 0.5}, ""lam"": 0.55, ""top_frac"": 1.0, ""budgets"": {""ai"": 0.201, ""biotech"": 0.122, ""cyber_cloud"": 0.109, ""defense_space"": 0.133, ""energy"": 0.213, ""robotics"": 0.109, ""semiconductors"": 0.112}, ""speed"": 1.0, ""rebalance_months"": 3, ""vol_block"": 0.0}"
e74b3ce8f46d,-0.3148607874886144,-0.5756782673604782,0.08998641096696258,-0.023561716546788423,0.12882127978025593,0.7712431797853708,-0.24730947349119325,6.4536778932802275,0.03515389329029725,0.990956390337911,106.8956043956044,"{""group_mult"": {""fundamental_mom"": 2.0, ""growth_quality"": 0.25, ""investment"": 1.0, ""low_risk"": 0.25, ""momentum"": 1.0, ""quality"": 1.0, ""survival"": 1.0, ""commodity"": 4.0, ""leverage"": 1.0, ""value"": 0.5}, ""lam"": 0.06, ""top_frac"": 0.2, ""budgets"": {""ai"": 0.158, ""biotech"": 0.126, ""cyber_cloud"": 0.199, ""defense_space"": 0.171, ""energy"": 0.127, ""robotics"": 0.107, ""semiconductors"": 0.112}, ""speed"": 1.0, ""rebalance_months"": 1, ""vol_block"": 0.1}"
fbe923334b0c,-0.5828237703384608,-0.8751203786505131,-0.28776932359129725,-0.028833435554309055,0.1220988899744675,0.7242101321499993,-0.2860090418660124,1.0183524216256061,0.015206675785176586,0.9439784344584684,524.0824175824176,"{""group_mult"": {""fundamental_mom"": 0.5, ""growth_quality"": 0.25, ""investment"": 2.0, ""low_risk"": 2.0, ""momentum"": 1.0, ""quality"": 1.0, ""survival"": 4.0, ""commodity"": 4.0, ""leverage"": 4.0, ""value"": 0.25}, ""lam"": 0.33, ""top_frac"": 1.0, ""budgets"": {""ai"": 0.105, ""biotech"": 0.183, ""cyber_cloud"": 0.136, ""defense_space"": 0.126, ""energy"": 0.228, ""robotics"": 0.114, ""semiconductors"": 0.108}, ""speed"": 1.0, ""rebalance_months"": 3, ""vol_block"": 0.03}"
c1788849e11e,-0.37010455095871353,-0.3997574219562433,-0.3247712206620288,-0.031255914058084706,0.1255003995521966,0.8644614194238355,-0.20190960329777974,0.9028577076662421,0.008904177456667422,0.8137856169369979,284.63186813186815,"{""group_mult"": {""fundamental_mom"": 0.25, ""growth_quality"": 2.0, ""investment"": 0.5, ""low_risk"": 0.5, ""momentum"": 0.5, ""quality"": 2.0, ""survival"": 0.25, ""commodity"": 0.5, ""leverage"": 4.0, ""value"": 4.0}, ""lam"": 0.79, ""top_frac"": 0.5, ""budgets"": {""ai"": 0.133, ""biotech"": 0.205, ""cyber_cloud"": 0.182, ""defense_space"": 0.109, ""energy"": 0.118, ""robotics"": 0.124, ""semiconductors"": 0.129}, ""speed"": 0.5, ""rebalance_months"": 3, ""vol_block"": 0.0}"
98236aa0ce3b,-0.09961616422384326,-0.2050502444708679,0.06385530838796932,-0.007975974778603399,0.1483827801002422,0.9088019217839357,-0.22460441601298597,2.9729668237442746,0.01632958759786794,0.9767824264452513,106.1923076923077,"{""group_mult"": {""fundamental_mom"": 1.0, ""growth_quality"": 2.0, ""investment"": 4.0, ""low_risk"": 0.5, ""momentum"": 4.0, ""quality"": 4.0, ""survival"": 1.0, ""commodity"": 0.5, ""leverage"": 4.0, ""value"": 1.0}, ""lam"": 1.45, ""top_frac"": 0.2, ""budgets"": {""ai"": 0.192, ""biotech"": 0.189, ""cyber_cloud"": 0.179, ""defense_space"": 0.105, ""energy"": 0.107, ""robotics"": 0.105, ""semiconductors"": 0.124}, ""speed"": 1.0, ""rebalance_months"": 3, ""vol_block"": 0.1}"
ccec73851f52,-0.25865497817224464,-0.28447198485184855,-0.22291611601667807,-0.022130821212412572,0.13132261144798774,0.8005213164634053,-0.224779322607069,3.745640097097364,0.02033648117392925,0.9749000793801142,105.28021978021978,"{""group_mult"": {""fundamental_mom"": 0.25, ""growth_quality"": 0.5, ""investment"": 0.25, ""low_risk"": 0.25, ""momentum"": 4.0, ""quality"": 2.0, ""survival"": 2.0, ""commodity"": 1.0, ""leverage"": 2.0, ""value"": 2.0}, ""lam"": 0.21, ""top_frac"": 0.2, ""budgets"": {""ai"": 0.136, ""biotech"": 0.187, ""cyber_cloud"": 0.189, ""defense_space"": 0.15, ""energy"": 0.12, ""robotics"": 0.117, ""semiconductors"": 0.102}, ""speed"": 1.0, ""rebalance_months"": 3, ""vol_block"": 0.1}"
8f0cf6eabac2,-0.47941860467797587,-0.5957260388568235,-0.28487000495898734,-0.03810800664020395,0.11616510001981561,0.7698140369919845,-0.22762853886455436,2.2049689288104375,0.016165177137679277,0.8120463827907286,174.94505494505495,"{""group_mult"": {""fundamental_mom"": 1.0, ""growth_quality"": 4.0, ""investment"": 2.0, ""low_risk"": 0.25, ""momentum"": 1.0, ""quality"": 1.0, ""survival"": 2.0, ""commodity"": 1.0, ""leverage"": 2.0, ""value"": 0.25}, ""lam"": 1.14, ""top_frac"": 0.33, ""budgets"": {""ai"": 0.13, ""biotech"": 0.105, ""cyber_cloud"": 0.105, ""defense_space"": 0.223, ""energy"": 0.112, ""robotics"": 0.153, ""semiconductors"": 0.172}, ""speed"": 0.5, ""rebalance_months"": 1, ""vol_block"": 0.1}"
8e803ce1cf27,-0.5450954588609547,-0.5690094749688752,-0.5083914095155861,-0.055239355983353604,0.10147822538865814,0.7889531883130183,-0.19941906190737102,2.1619895597703755,0.019360952683887673,0.7746113392992368,260.94505494505495,"{""group_mult"": {""fundamental_mom"": 2.0, ""growth_quality"": 4.0, ""investment"": 2.0, ""low_risk"": 4.0, ""momentum"": 1.0, ""quality"": 1.0, ""survival"": 2.0, ""commodity"": 0.25, ""leverage"": 0.5, ""value"": 2.0}, ""lam"": 0.64, ""top_frac"": 0.5, ""budgets"": {""ai"": 0.131, ""biotech"": 0.138, ""cyber_cloud"": 0.112, ""defense_space"": 0.175, ""energy"": 0.138, ""robotics"": 0.18, ""semiconductors"": 0.127}, ""speed"": 0.5, ""rebalance_months"": 1, ""vol_block"": 0.1}"
86d4982905d5,-0.32783625720120896,-0.2971235832564484,-0.37254648566688997,-0.023342356561123035,0.13206106273783558,0.8438715544945682,-0.21364761318218395,0.728811878042251,0.008994980180364744,0.882253779921909,419.64835164835165,"{""group_mult"": {""fundamental_mom"": 0.5, ""growth_quality"": 4.0, ""investment"": 2.0, ""low_risk"": 2.0, ""momentum"": 2.0, ""quality"": 2.0, ""survival"": 0.5, ""commodity"": 4.0, ""leverage"": 2.0, ""value"": 1.0}, ""lam"": 0.33, ""top_frac"": 0.75, ""budgets"": {""ai"": 0.132, ""biotech"": 0.12, ""cyber_cloud"": 0.194, ""defense_space"": 0.168, ""energy"": 0.113, ""robotics"": 0.133, ""semiconductors"": 0.14}, ""speed"": 0.5, ""rebalance_months"": 3, ""vol_block"": 0.0}"
e25130a9f438,-0.565995626316729,-0.6557267526388786,-0.44373507259744266,-0.03328222046879356,0.11652504939151043,0.6896286843399695,-0.2755098261062492,3.2189065255991,0.02700181573672398,0.9807007074546082,261.2087912087912,"{""group_mult"": {""fundamental_mom"": 2.0, ""growth_quality"": 4.0, ""investment"": 1.0, ""low_risk"": 1.0, ""momentum"": 1.0, ""quality"": 1.0, ""survival"": 0.5, ""commodity"": 0.25, ""leverage"": 0.25, ""value"": 4.0}, ""lam"": 0.97, ""top_frac"": 0.5, ""budgets"": {""ai"": 0.137, ""biotech"": 0.124, ""cyber_cloud"": 0.123, ""defense_space"": 0.149, ""energy"": 0.124, ""robotics"": 0.207, ""semiconductors"": 0.137}, ""speed"": 1.0, ""rebalance_months"": 1, ""vol_block"": 0.1}"
04fa44b4d403,-0.47054783982212534,-0.5907463121703777,-0.2674557378565168,-0.051337153626550946,0.10692757286330257,0.8714139107115865,-0.19317959050463263,1.864167930889395,0.010990717141662533,0.7334758584128823,106.6043956043956,"{""group_mult"": {""fundamental_mom"": 0.5, ""growth_quality"": 1.0, ""investment"": 1.0, ""low_risk"": 0.5, ""momentum"": 0.5, ""quality"": 0.25, ""survival"": 2.0, ""commodity"": 1.0, ""leverage"": 2.0, ""value"": 0.5}, ""lam"": 1.12, ""top_frac"": 0.2, ""budgets"": {""ai"": 0.125, ""biotech"": 0.109, ""cyber_cloud"": 0.164, ""defense_space"": 0.107, ""energy"": 0.271, ""robotics"": 0.118, ""semiconductors"": 0.105}, ""speed"": 0.5, ""rebalance_months"": 3, ""vol_block"": 0.1}"
cfc01796937f,-0.6743975590054515,-0.6695864921667701,-0.6850143796907857,-0.024470268679610642,0.12307938411951147,0.6798085069023738,-0.27278739474577607,2.4275957161980046,0.0291783798896837,0.9821265411252844,415.1208791208791,"{""group_mult"": {""fundamental_mom"": 2.0, ""growth_quality"": 2.0, ""investment"": 0.25, ""low_risk"": 0.25, ""momentum"": 1.0, ""quality"": 0.25, ""survival"": 0.5, ""commodity"": 0.25, ""leverage"": 4.0, ""value"": 0.25}, ""lam"": 0.48, ""top_frac"": 0.75, ""budgets"": {""ai"": 0.128, ""biotech"": 0.126, ""cyber_cloud"": 0.14, ""defense_space"": 0.202, ""energy"": 0.109, ""robotics"": 0.16, ""semiconductors"": 0.136}, ""speed"": 1.0, ""rebalance_months"": 1, ""vol_block"": 0.03}"
16520cb57706,-0.37634321697573553,-0.3963340204401997,-0.35203772464209704,-0.02291199672300903,0.13049469816150472,0.794887862798208,-0.24510075697728217,0.521015621785136,0.008452861277163153,0.9171485403689279,524.967032967033,"{""group_mult"": {""fundamental_mom"": 1.0, ""growth_quality"": 1.0, ""investment"": 1.0, ""low_risk"": 4.0, ""momentum"": 0.25, ""quality"": 2.0, ""survival"": 2.0, ""commodity"": 2.0, ""leverage"": 2.0, ""value"": 0.25}, ""lam"": 0.3, ""top_frac"": 1.0, ""budgets"": {""ai"": 0.147, ""biotech"": 0.109, ""cyber_cloud"": 0.107, ""defense_space"": 0.115, ""energy"": 0.184, ""robotics"": 0.215, ""semiconductors"": 0.122}, ""speed"": 0.5, ""rebalance_months"": 3, ""vol_block"": 0.03}"
6653e63ef156,-0.22510180306988206,-0.2714626440461406,-0.15705493077684826,-0.01931949989315037,0.13632079702606137,0.8632623337777923,-0.22592058002306692,2.9614782061722114,0.015579930278618124,0.9778255465256845,106.48901098901099,"{""group_mult"": {""fundamental_mom"": 0.25, ""growth_quality"": 2.0, ""investment"": 4.0, ""low_risk"": 2.0, ""momentum"": 4.0, ""quality"": 4.0, ""survival"": 4.0, ""commodity"": 4.0, ""leverage"": 4.0, ""value"": 2.0}, ""lam"": 0.88, ""top_frac"": 0.2, ""budgets"": {""ai"": 0.106, ""biotech"": 0.122, ""cyber_cloud"": 0.199, ""defense_space"": 0.167, ""energy"": 0.134, ""robotics"": 0.143, ""semiconductors"": 0.129}, ""speed"": 1.0, ""rebalance_months"": 3, ""vol_block"": 0.1}"
a999eb258f70,-0.4118194660617056,-0.7324903399602143,0.15830308440111857,-0.024761941539194525,0.12481881997704147,0.7096773896335676,-0.2633257815236739,3.133289373935495,0.01736155775620992,0.9712981151414276,113.60989010989012,"{""group_mult"": {""fundamental_mom"": 1.0, ""growth_quality"": 2.0, ""investment"": 2.0, ""low_risk"": 0.5, ""momentum"": 0.25, ""quality"": 1.0, ""survival"": 4.0, ""commodity"": 1.0, ""leverage"": 1.0, ""value"": 2.0}, ""lam"": 1.46, ""top_frac"": 0.2, ""budgets"": {""ai"": 0.107, ""biotech"": 0.113, ""cyber_cloud"": 0.12, ""defense_space"": 0.249, ""energy"": 0.138, ""robotics"": 0.162, ""semiconductors"": 0.11}, ""speed"": 1.0, ""rebalance_months"": 3, ""vol_block"": 0.03}"
c8921c8f5be9,-0.48946190337148227,-0.5594219104311642,-0.38768069267025,-0.050800643989830765,0.10681532917015346,0.8410992322420761,-0.1810404391492807,2.5720557316583794,0.018891863215339588,0.7802681237106062,188.87912087912088,"{""group_mult"": {""fundamental_mom"": 0.5, ""growth_quality"": 0.5, ""investment"": 1.0, ""low_risk"": 1.0, ""momentum"": 0.5, ""quality"": 1.0, ""survival"": 1.0, ""commodity"": 1.0, ""leverage"": 4.0, ""value"": 4.0}, ""lam"": 1.14, ""top_frac"": 0.33, ""budgets"": {""ai"": 0.118, ""biotech"": 0.191, ""cyber_cloud"": 0.221, ""defense_space"": 0.119, ""energy"": 0.107, ""robotics"": 0.125, ""semiconductors"": 0.119}, ""speed"": 0.5, ""rebalance_months"": 1, ""vol_block"": 0.03}"
33880d17202b,-0.34663722574417694,-0.5338432579425784,-0.09365384728086985,-0.023283219506599166,0.1308275070878806,0.8126575008403271,-0.2632559793412216,1.8950572113123054,0.018067641459564694,0.9756815392491065,286.54945054945057,"{""group_mult"": {""fundamental_mom"": 1.0, ""growth_quality"": 4.0, ""investment"": 1.0, ""low_risk"": 2.0, ""momentum"": 1.0, ""quality"": 1.0, ""survival"": 0.25, ""commodity"": 2.0, ""leverage"": 0.5, ""value"": 0.25}, ""lam"": 0.13, ""top_frac"": 0.5, ""budgets"": {""ai"": 0.114, ""biotech"": 0.17, ""cyber_cloud"": 0.143, ""defense_space"": 0.109, ""energy"": 0.226, ""robotics"": 0.103, ""semiconductors"": 0.135}, ""speed"": 1.0, ""rebalance_months"": 3, ""vol_block"": 0.0}"
ed32420db7f7,-0.5032367008694767,-0.5653214772276699,-0.4188417397370123,-0.0481235189687654,0.1085075000234319,0.8116698557660066,-0.21735193170532874,1.0800088707495692,0.01612323380392671,0.8310602018492899,430.0934065934066,"{""group_mult"": {""fundamental_mom"": 0.25, ""growth_quality"": 2.0, ""investment"": 2.0, ""low_risk"": 4.0, ""momentum"": 1.0, ""quality"": 1.0, ""survival"": 2.0, ""commodity"": 0.25, ""leverage"": 2.0, ""value"": 2.0}, ""lam"": 1.1, ""top_frac"": 0.75, ""budgets"": {""ai"": 0.128, ""biotech"": 0.17, ""cyber_cloud"": 0.103, ""defense_space"": 0.137, ""energy"": 0.205, ""robotics"": 0.109, ""semiconductors"": 0.147}, ""speed"": 0.5, ""rebalance_months"": 1, ""vol_block"": 0.0}"
80a1dbfc1ed6,-0.7897445025640143,-1.2013157917585024,-0.3614660193239767,-0.03663702056176286,0.11170682582363178,0.6524466434248043,-0.3009781507226573,2.036264808139562,0.02669568535628781,0.977097874748903,473.6978021978022,"{""group_mult"": {""fundamental_mom"": 1.0, ""growth_quality"": 0.25, ""investment"": 4.0, ""low_risk"": 0.25, ""momentum"": 0.5, ""quality"": 1.0, ""survival"": 4.0, ""commodity"": 4.0, ""leverage"": 4.0, ""value"": 0.5}, ""lam"": 0.63, ""top_frac"": 1.0, ""budgets"": {""ai"": 0.126, ""biotech"": 0.198, ""cyber_cloud"": 0.106, ""defense_space"": 0.121, ""energy"": 0.172, ""robotics"": 0.109, ""semiconductors"": 0.168}, ""speed"": 1.0, ""rebalance_months"": 1, ""vol_block"": 0.1}"
bb35bbcc3ead,-0.4944000054659862,-0.6737764285076963,-0.23401206972934663,-0.038953159900664766,0.11410768899313273,0.7374215190916974,-0.2501955390072863,4.520445374881686,0.02889224578847451,0.9816454636883858,189.12087912087912,"{""group_mult"": {""fundamental_mom"": 1.0, ""growth_quality"": 1.0, ""investment"": 4.0, ""low_risk"": 2.0, ""momentum"": 2.0, ""quality"": 1.0, ""survival"": 4.0, ""commodity"": 2.0, ""leverage"": 0.5, ""value"": 2.0}, ""lam"": 1.19, ""top_frac"": 0.33, ""budgets"": {""ai"": 0.212, ""biotech"": 0.139, ""cyber_cloud"": 0.177, ""defense_space"": 0.109, ""energy"": 0.116, ""robotics"": 0.145, ""semiconductors"": 0.102}, ""speed"": 1.0, ""rebalance_months"": 1, ""vol_block"": 0.03}"
5544d06e7cbe,-0.8342768934558824,-1.3752735813781127,-0.37640972375062803,-0.03366301058219137,0.11437994026072262,0.6581321724266406,-0.3031803543681435,1.6391727068518303,0.025546226996748907,0.9729339951773293,504.53846153846155,"{""group_mult"": {""fundamental_mom"": 2.0, ""growth_quality"": 0.25, ""investment"": 0.5, ""low_risk"": 0.5, ""momentum"": 4.0, ""quality"": 0.5, ""survival"": 1.0, ""commodity"": 2.0, ""leverage"": 0.5, ""value"": 2.0}, ""lam"": 0.04, ""top_frac"": 1.0, ""budgets"": {""ai"": 0.129, ""biotech"": 0.104, ""cyber_cloud"": 0.191, ""defense_space"": 0.121, ""energy"": 0.21, ""robotics"": 0.141, ""semiconductors"": 0.105}, ""speed"": 1.0, ""rebalance_months"": 1, ""vol_block"": 0.1}"
6b6bda552478,-0.2641427006732963,-0.43305588978416737,-0.00557742894174055,-0.0126684101561052,0.13899931964865186,0.7856047172565997,-0.25518593553023006,1.6540623232962508,0.018843173545373043,0.9662290771056172,403.6758241758242,"{""group_mult"": {""fundamental_mom"": 1.0, ""growth_quality"": 4.0, ""investment"": 2.0, ""low_risk"": 0.5, ""momentum"": 1.0, ""quality"": 0.25, ""survival"": 0.5, ""commodity"": 4.0, ""leverage"": 0.25, ""value"": 0.25}, ""lam"": 1.37, ""top_frac"": 0.75, ""budgets"": {""ai"": 0.201, ""biotech"": 0.175, ""cyber_cloud"": 0.104, ""defense_space"": 0.103, ""energy"": 0.112, ""robotics"": 0.128, ""semiconductors"": 0.177}, ""speed"": 1.0, ""rebalance_months"": 3, ""vol_block"": 0.03}"
8ca57e9cab2b,-0.6232204513002403,-0.7953433916824001,-0.4310302970086193,-0.042307071432510356,0.10948625462196615,0.6972249430010126,-0.2797181116368155,3.0339152967762226,0.029769410131817185,0.9714778894225542,385.7857142857143,"{""group_mult"": {""fundamental_mom"": 1.0, ""growth_quality"": 0.5, ""investment"": 0.5, ""low_risk"": 4.0, ""momentum"": 2.0, ""quality"": 0.5, ""survival"": 1.0, ""commodity"": 0.25, ""leverage"": 4.0, ""value"": 2.0}, ""lam"": 0.79, ""top_frac"": 0.75, ""budgets"": {""ai"": 0.114, ""biotech"": 0.158, ""cyber_cloud"": 0.137, ""defense_space"": 0.138, ""energy"": 0.175, ""robotics"": 0.137, ""semiconductors"": 0.141}, ""speed"": 1.0, ""rebalance_months"": 1, ""vol_block"": 0.1}"
9126ecc0e490,-0.5149106334261494,-0.5413219378887172,-0.4783677341115224,-0.04622593120838488,0.10944131092074638,0.7835233585384435,-0.22307409016158086,1.4666671765320587,0.01807746804908632,0.8265871004275592,384.9835164835165,"{""group_mult"": {""fundamental_mom"": 0.5, ""growth_quality"": 1.0, ""investment"": 2.0, ""low_risk"": 4.0, ""momentum"": 0.5, ""quality"": 2.0, ""survival"": 4.0, ""commodity"": 4.0, ""leverage"": 4.0, ""value"": 0.5}, ""lam"": 1.35, ""top_frac"": 0.75, ""budgets"": {""ai"": 0.151, ""biotech"": 0.12, ""cyber_cloud"": 0.124, ""defense_space"": 0.157, ""energy"": 0.106, ""robotics"": 0.23, ""semiconductors"": 0.112}, ""speed"": 0.5, ""rebalance_months"": 1, ""vol_block"": 0.1}"
9897706b7beb,-0.5847734841000938,-0.6268634137178309,-0.5241805056405372,-0.06443413443150199,0.09256640494568025,0.7645586815938732,-0.19414757666445703,2.4853565420041583,0.022164522092508014,0.7660139566893162,259.7912087912088,"{""group_mult"": {""fundamental_mom"": 0.25, ""growth_quality"": 0.25, ""investment"": 2.0, ""low_risk"": 4.0, ""momentum"": 0.5, ""quality"": 1.0, ""survival"": 4.0, ""commodity"": 1.0, ""leverage"": 0.5, ""value"": 0.5}, ""lam"": 1.45, ""top_frac"": 0.5, ""budgets"": {""ai"": 0.151, ""biotech"": 0.153, ""cyber_cloud"": 0.137, ""defense_space"": 0.112, ""energy"": 0.106, ""robotics"": 0.237, ""semiconductors"": 0.104}, ""speed"": 0.5, ""rebalance_months"": 1, ""vol_block"": 0.1}"
d5eacc70a9a3,-0.4032665491283798,-0.6026652121626074,-0.11771608610636788,-0.014237174418251581,0.1350383253539036,0.7377706862004274,-0.27671914736416936,1.0241093687114307,0.014900276607574928,0.9468857660559828,525.4560439560439,"{""group_mult"": {""fundamental_mom"": 2.0, ""growth_quality"": 0.5, ""investment"": 4.0, ""low_risk"": 0.5, ""momentum"": 1.0, ""quality"": 0.25, ""survival"": 0.25, ""commodity"": 0.5, ""leverage"": 4.0, ""value"": 1.0}, ""lam"": 0.12, ""top_frac"": 1.0, ""budgets"": {""ai"": 0.138, ""biotech"": 0.114, ""cyber_cloud"": 0.128, ""defense_space"": 0.144, ""energy"": 0.161, ""robotics"": 0.106, ""semiconductors"": 0.208}, ""speed"": 1.0, ""rebalance_months"": 3, ""vol_block"": 0.03}"
4974ed18bcda,-0.7174003456352583,-0.8627053862031119,-0.5056937009197578,-0.026031321893604145,0.12264341300438697,0.6925471427754935,-0.2813851911636712,1.4048936813856656,0.020405529054832026,0.9638310749019146,552.1978021978022,"{""group_mult"": {""fundamental_mom"": 0.5, ""growth_quality"": 0.25, ""investment"": 4.0, ""low_risk"": 1.0, ""momentum"": 0.5, ""quality"": 4.0, ""survival"": 4.0, ""commodity"": 2.0, ""leverage"": 0.5, ""value"": 2.0}, ""lam"": 0.42, ""top_frac"": 1.0, ""budgets"": {""ai"": 0.175, ""biotech"": 0.112, ""cyber_cloud"": 0.13, ""defense_space"": 0.11, ""energy"": 0.159, ""robotics"": 0.187, ""semiconductors"": 0.126}, ""speed"": 1.0, ""rebalance_months"": 1, ""vol_block"": 0.0}"
04236cab1e7c,-0.3532232536964073,-0.3862514444186633,-0.2991088524142079,-0.03242978831054289,0.12477658476396836,0.878216311992671,-0.20170222708956764,1.1893454497732283,0.010612107196534295,0.7839736373155919,256.22527472527474,"{""group_mult"": {""fundamental_mom"": 0.25, ""growth_quality"": 4.0, ""investment"": 0.25, ""low_risk"": 1.0, ""momentum"": 4.0, ""quality"": 0.5, ""survival"": 0.5, ""commodity"": 0.25, ""leverage"": 0.5, ""value"": 2.0}, ""lam"": 0.97, ""top_frac"": 0.5, ""budgets"": {""ai"": 0.142, ""biotech"": 0.163, ""cyber_cloud"": 0.131, ""defense_space"": 0.109, ""energy"": 0.102, ""robotics"": 0.191, ""semiconductors"": 0.162}, ""speed"": 0.5, ""rebalance_months"": 3, ""vol_block"": 0.1}"
b88e01c83dd5,-0.3415962994236909,-0.40650909922257134,-0.240413294139671,-0.034027767038000596,0.1246295201907408,0.9339351320937818,-0.1904979343340112,1.29033172907075,0.011630037425734988,0.7855797551745918,276.4835164835165,"{""group_mult"": {""fundamental_mom"": 4.0, ""growth_quality"": 0.25, ""investment"": 2.0, ""low_risk"": 4.0, ""momentum"": 4.0, ""quality"": 2.0, ""survival"": 0.25, ""commodity"": 0.5, ""leverage"": 1.0, ""value"": 0.25}, ""lam"": 1.47, ""top_frac"": 0.5, ""budgets"": {""ai"": 0.162, ""biotech"": 0.15, ""cyber_cloud"": 0.153, ""defense_space"": 0.16, ""energy"": 0.101, ""robotics"": 0.111, ""semiconductors"": 0.163}, ""speed"": 0.5, ""rebalance_months"": 3, ""vol_block"": 0.03}"
54eb265019b9,-0.36720443852951756,-0.4422641152169627,-0.26035599809385673,-0.03343964915336643,0.12428982348173157,0.8943530335691674,-0.19112480893566952,1.0636872508049262,0.009516197662217726,0.7987159806514569,257.0659340659341,"{""group_mult"": {""fundamental_mom"": 0.5, ""growth_quality"": 2.0, ""investment"": 2.0, ""low_risk"": 0.5, ""momentum"": 1.0, ""quality"": 1.0, ""survival"": 1.0, ""commodity"": 0.25, ""leverage"": 1.0, ""value"": 4.0}, ""lam"": 1.39, ""top_frac"": 0.5, ""budgets"": {""ai"": 0.109, ""biotech"": 0.197, ""cyber_cloud"": 0.2, ""defense_space"": 0.102, ""energy"": 0.141, ""robotics"": 0.121, ""semiconductors"": 0.13}, ""speed"": 0.5, ""rebalance_months"": 3, ""vol_block"": 0.1}"
f52094160f52,-0.33380327054246267,-0.39745567344153176,-0.22886556178805798,-0.03174883566114558,0.12604545190443117,0.9020747553057964,-0.2060794471542159,1.2580429002261995,0.009196958676589031,0.8018757909463745,173.0164835164835,"{""group_mult"": {""fundamental_mom"": 0.5, ""growth_quality"": 1.0, ""investment"": 0.25, ""low_risk"": 1.0, ""momentum"": 0.5, ""quality"": 2.0, ""survival"": 1.0, ""commodity"": 2.0, ""leverage"": 0.5, ""value"": 2.0}, ""lam"": 1.23, ""top_frac"": 0.33, ""budgets"": {""ai"": 0.133, ""biotech"": 0.151, ""cyber_cloud"": 0.133, ""defense_space"": 0.122, ""energy"": 0.131, ""robotics"": 0.223, ""semiconductors"": 0.107}, ""speed"": 0.5, ""rebalance_months"": 3, ""vol_block"": 0.1}"
5a0313ea309c,-0.4735506800183806,-0.5429202551893417,-0.3599090493699663,-0.05399734816872993,0.10411460346913803,0.8557149202861197,-0.1798547204896085,1.636790916164226,0.011329178378075082,0.7345557868357586,173.75274725274724,"{""group_mult"": {""fundamental_mom"": 4.0, ""growth_quality"": 4.0, ""investment"": 0.5, ""low_risk"": 4.0, ""momentum"": 4.0, ""quality"": 1.0, ""survival"": 1.0, ""commodity"": 1.0, ""leverage"": 0.25, ""value"": 1.0}, ""lam"": 0.64, ""top_frac"": 0.33, ""budgets"": {""ai"": 0.129, ""biotech"": 0.113, ""cyber_cloud"": 0.182, ""defense_space"": 0.155, ""energy"": 0.11, ""robotics"": 0.21, ""semiconductors"": 0.1}, ""speed"": 0.5, ""rebalance_months"": 3, ""vol_block"": 0.1}"
4871b6f234e5,-0.4276764621755052,-0.45821776191275415,-0.37966785831587246,-0.04093548455979565,0.11656865360210622,0.8673240511403132,-0.19203474733410075,1.2005993824498415,0.010758666948757826,0.7726717013219759,284.3791208791209,"{""group_mult"": {""fundamental_mom"": 0.25, ""growth_quality"": 0.25, ""investment"": 1.0, ""low_risk"": 2.0, ""momentum"": 4.0, ""quality"": 1.0, ""survival"": 4.0, ""commodity"": 0.5, ""leverage"": 0.25, ""value"": 1.0}, ""lam"": 0.36, ""top_frac"": 0.5, ""budgets"": {""ai"": 0.199, ""biotech"": 0.155, ""cyber_cloud"": 0.158, ""defense_space"": 0.14, ""energy"": 0.121, ""robotics"": 0.126, ""semiconductors"": 0.102}, ""speed"": 0.5, ""rebalance_months"": 3, ""vol_block"": 0.0}"
a2b1cda3aadf,-0.4749319703524779,-0.4347712230614568,-0.5342790574558313,-0.018151987172531706,0.13138367612334823,0.7315427758191411,-0.2608593964700111,0.7105249781635148,0.011368698632125985,0.9468516318611245,561.6813186813187,"{""group_mult"": {""fundamental_mom"": 0.5, ""growth_quality"": 0.5, ""investment"": 0.5, ""low_risk"": 0.5, ""momentum"": 0.25, ""quality"": 0.5, ""survival"": 0.25, ""commodity"": 4.0, ""leverage"": 0.5, ""value"": 0.5}, ""lam"": 0.0, ""top_frac"": 1.0, ""budgets"": {""ai"": 0.179, ""biotech"": 0.16, ""cyber_cloud"": 0.105, ""defense_space"": 0.114, ""energy"": 0.137, ""robotics"": 0.147, ""semiconductors"": 0.158}, ""speed"": 0.5, ""rebalance_months"": 1, ""vol_block"": 0.0}"
908ea9bed68e,-0.33967731687461317,-0.29591708709950176,-0.4032982186045209,-0.026244362865142732,0.12942359116818247,0.845615580206122,-0.22213327772489322,0.8361718729037841,0.01321335628840722,0.8986079550278772,474.8956043956044,"{""group_mult"": {""fundamental_mom"": 0.25, ""growth_quality"": 4.0, ""investment"": 0.5, ""low_risk"": 4.0, ""momentum"": 4.0, ""quality"": 2.0, ""survival"": 1.0, ""commodity"": 2.0, ""leverage"": 1.0, ""value"": 2.0}, ""lam"": 0.96, ""top_frac"": 1.0, ""budgets"": {""ai"": 0.188, ""biotech"": 0.112, ""cyber_cloud"": 0.162, ""defense_space"": 0.139, ""energy"": 0.142, ""robotics"": 0.115, ""semiconductors"": 0.142}, ""speed"": 0.5, ""rebalance_months"": 1, ""vol_block"": 0.0}"
1d91d2b5902c,-0.5792304607543718,-0.7126972861432715,-0.35293541553624447,-0.0566224209978274,0.10026729681056334,0.7880465913793759,-0.17500505217858742,2.1335041647411344,0.014867287619933781,0.6692409169692866,182.55494505494505,"{""group_mult"": {""fundamental_mom"": 4.0, ""growth_quality"": 0.5, ""investment"": 0.5, ""low_risk"": 0.25, ""momentum"": 0.25, ""quality"": 0.25, ""survival"": 0.25, ""commodity"": 0.5, ""leverage"": 2.0, ""value"": 2.0}, ""lam"": 1.37, ""top_frac"": 0.33, ""budgets"": {""ai"": 0.103, ""biotech"": 0.105, ""cyber_cloud"": 0.184, ""defense_space"": 0.167, ""energy"": 0.171, ""robotics"": 0.15, ""semiconductors"": 0.12}, ""speed"": 0.5, ""rebalance_months"": 3, ""vol_block"": 0.03}"
4243cb9c801b,-0.31730686399809116,-0.30405725229257985,-0.3380051288653798,-0.0187777541749819,0.13472005283782384,0.8083537704336426,-0.23946785798077252,0.6249486777053777,0.009210893888641974,0.9261346444327309,507.88461538461536,"{""group_mult"": {""fundamental_mom"": 2.0, ""growth_quality"": 1.0, ""investment"": 1.0, ""low_risk"": 0.5, ""momentum"": 2.0, ""quality"": 1.0, ""survival"": 0.25, ""commodity"": 0.25, ""leverage"": 0.25, ""value"": 0.25}, ""lam"": 0.5, ""top_frac"": 1.0, ""budgets"": {""ai"": 0.19, ""biotech"": 0.145, ""cyber_cloud"": 0.12, ""defense_space"": 0.164, ""energy"": 0.119, ""robotics"": 0.16, ""semiconductors"": 0.102}, ""speed"": 0.5, ""rebalance_months"": 3, ""vol_block"": 0.03}"
ec4228c1860a,-0.37209272601938165,-0.4903693940107419,-0.19616382024133736,-0.028961465210085663,0.12485969451299916,0.7881982399386694,-0.23733310572329436,4.6453906309396436,0.028982962299096665,0.979279810291602,175.51098901098902,"{""group_mult"": {""fundamental_mom"": 1.0, ""growth_quality"": 2.0, ""investment"": 1.0, ""low_risk"": 2.0, ""momentum"": 1.0, ""quality"": 2.0, ""survival"": 1.0, ""commodity"": 1.0, ""leverage"": 0.5, ""value"": 2.0}, ""lam"": 0.99, ""top_frac"": 0.33, ""budgets"": {""ai"": 0.104, ""biotech"": 0.186, ""cyber_cloud"": 0.149, ""defense_space"": 0.106, ""energy"": 0.11, ""robotics"": 0.141, ""semiconductors"": 0.203}, ""speed"": 1.0, ""rebalance_months"": 1, ""vol_block"": 0.1}"
fe831bdd8d9e,-0.3719389611631408,-0.39844536996340374,-0.32649489427053807,-0.02919715319032999,0.12682775865860907,0.8456302823344998,-0.20763150024336774,1.0099261331320135,0.009794326256696555,0.8043804193080482,283.0989010989011,"{""group_mult"": {""fundamental_mom"": 0.25, ""growth_quality"": 4.0, ""investment"": 2.0, ""low_risk"": 0.25, ""momentum"": 2.0, ""quality"": 4.0, ""survival"": 0.25, ""commodity"": 2.0, ""leverage"": 2.0, ""value"": 2.0}, ""lam"": 0.58, ""top_frac"": 0.5, ""budgets"": {""ai"": 0.171, ""biotech"": 0.15, ""cyber_cloud"": 0.116, ""defense_space"": 0.112, ""energy"": 0.141, ""robotics"": 0.173, ""semiconductors"": 0.138}, ""speed"": 0.5, ""rebalance_months"": 3, ""vol_block"": 0.0}"
138a856717ec,-0.23403356480980184,-0.31688722391617186,-0.11411088707719097,-0.016352675764412464,0.1383302353839284,0.8452505655676535,-0.25492149175521894,2.3457114952814457,0.020960792942711283,0.9762125665949546,285.3626373626374,"{""group_mult"": {""fundamental_mom"": 4.0, ""growth_quality"": 0.5, ""investment"": 2.0, ""low_risk"": 4.0, ""momentum"": 2.0, ""quality"": 0.5, ""survival"": 0.25, ""commodity"": 2.0, ""leverage"": 2.0, ""value"": 0.25}, ""lam"": 0.25, ""top_frac"": 0.5, ""budgets"": {""ai"": 0.146, ""biotech"": 0.15, ""cyber_cloud"": 0.129, ""defense_space"": 0.198, ""energy"": 0.113, ""robotics"": 0.107, ""semiconductors"": 0.157}, ""speed"": 1.0, ""rebalance_months"": 3, ""vol_block"": 0.0}"
888c70997e09,-0.5049734527901831,-0.608127614671346,-0.33614653508666226,-0.057360347545261085,0.1006601195670449,0.8390504010146925,-0.16791337270822693,1.9581232311828285,0.011291627181388302,0.711944180947136,114.91758241758242,"{""group_mult"": {""fundamental_mom"": 0.5, ""growth_quality"": 1.0, ""investment"": 2.0, ""low_risk"": 1.0, ""momentum"": 2.0, ""quality"": 0.25, ""survival"": 2.0, ""commodity"": 0.25, ""leverage"": 1.0, ""value"": 0.25}, ""lam"": 1.09, ""top_frac"": 0.2, ""budgets"": {""ai"": 0.112, ""biotech"": 0.167, ""cyber_cloud"": 0.142, ""defense_space"": 0.112, ""energy"": 0.103, ""robotics"": 0.203, ""semiconductors"": 0.161}, ""speed"": 0.5, ""rebalance_months"": 3, ""vol_block"": 0.03}"
3b30297de166,-0.913685411003694,-1.453150270133995,-0.3923322054809476,-0.035235239403857574,0.11250498669143627,0.6473280622338297,-0.3008287376660458,2.1527160872782147,0.029065940809483333,0.9784124590316403,415.95054945054943,"{""group_mult"": {""fundamental_mom"": 0.5, ""growth_quality"": 2.0, ""investment"": 1.0, ""low_risk"": 0.25, ""momentum"": 0.25, ""quality"": 4.0, ""survival"": 0.5, ""commodity"": 0.25, ""leverage"": 0.25, ""value"": 2.0}, ""lam"": 0.08, ""top_frac"": 0.75, ""budgets"": {""ai"": 0.152, ""biotech"": 0.146, ""cyber_cloud"": 0.128, ""defense_space"": 0.133, ""energy"": 0.213, ""robotics"": 0.102, ""semiconductors"": 0.127}, ""speed"": 1.0, ""rebalance_months"": 1, ""vol_block"": 0.03}"
21d93e754c17,-0.5040724182731754,-0.6004782444999682,-0.35101804699034966,-0.044571270211712546,0.11205324351715373,0.8194487731782554,-0.19283047892299066,1.0850204519868247,0.011631456627383036,0.7467598742745801,376.0769230769231,"{""group_mult"": {""fundamental_mom"": 4.0, ""growth_quality"": 0.25, ""investment"": 4.0, ""low_risk"": 1.0, ""momentum"": 1.0, ""quality"": 0.25, ""survival"": 4.0, ""commodity"": 4.0, ""leverage"": 2.0, ""value"": 0.25}, ""lam"": 0.39, ""top_frac"": 0.75, ""budgets"": {""ai"": 0.155, ""biotech"": 0.153, ""cyber_cloud"": 0.138, ""defense_space"": 0.113, ""energy"": 0.139, ""robotics"": 0.153, ""semiconductors"": 0.149}, ""speed"": 0.5, ""rebalance_months"": 3, ""vol_block"": 0.1}"
decf5f6f3927,-0.5082322371843091,-0.634713081435251,-0.3310550728136386,-0.04282271322357006,0.1132473191368415,0.8067271014588482,-0.21317743163740133,0.8510953850544936,0.00917275003729184,0.79409939494532,376.86813186813185,"{""group_mult"": {""fundamental_mom"": 0.5, ""growth_quality"": 2.0, ""investment"": 4.0, ""low_risk"": 0.25, ""momentum"": 0.5, ""quality"": 2.0, ""survival"": 4.0, ""commodity"": 1.0, ""leverage"": 1.0, ""value"": 4.0}, ""lam"": 0.07, ""top_frac"": 0.75, ""budgets"": {""ai"": 0.113, ""biotech"": 0.104, ""cyber_cloud"": 0.182, ""defense_space"": 0.126, ""energy"": 0.22, ""robotics"": 0.131, ""semiconductors"": 0.123}, ""speed"": 0.5, ""rebalance_months"": 3, ""vol_block"": 0.1}"
20f4a39fa2a4,-0.6059350783092059,-0.7111586128732279,-0.4685963142049257,-0.032418023927945294,0.11857308744631734,0.7142940098166967,-0.27512781173441947,2.0105882157629913,0.023656595168390665,0.9708154407327318,490.65934065934067,"{""group_mult"": {""fundamental_mom"": 4.0, ""growth_quality"": 4.0, ""investment"": 1.0, ""low_risk"": 4.0, ""momentum"": 1.0, ""quality"": 0.25, ""survival"": 4.0, ""commodity"": 2.0, ""leverage"": 0.5, ""value"": 0.5}, ""lam"": 0.59, ""top_frac"": 1.0, ""budgets"": {""ai"": 0.11, ""biotech"": 0.102, ""cyber_cloud"": 0.211, ""defense_space"": 0.12, ""energy"": 0.187, ""robotics"": 0.124, ""semiconductors"": 0.145}, ""speed"": 1.0, ""rebalance_months"": 1, ""vol_block"": 0.1}"
28699aaed111,-0.7198968874161843,-0.9271989105701137,-0.45999281232295514,-0.027517838017753336,0.12079389574041222,0.6824053285080084,-0.2872897891320201,2.4307756438751342,0.027855592198789542,0.9782630558985251,429.8956043956044,"{""group_mult"": {""fundamental_mom"": 2.0, ""growth_quality"": 0.5, ""investment"": 2.0, ""low_risk"": 0.5, ""momentum"": 0.5, ""quality"": 0.25, ""survival"": 0.25, ""commodity"": 0.5, ""leverage"": 0.25, ""value"": 0.5}, ""lam"": 0.29, ""top_frac"": 0.75, ""budgets"": {""ai"": 0.194, ""biotech"": 0.124, ""cyber_cloud"": 0.125, ""defense_space"": 0.109, ""energy"": 0.153, ""robotics"": 0.158, ""semiconductors"": 0.137}, ""speed"": 1.0, ""rebalance_months"": 1, ""vol_block"": 0.0}"
0b4c090bd018,-0.4893196739491574,-0.6530625142060569,-0.2485525946344059,-0.03915669493275027,0.11572906644991354,0.78239313537757,-0.22444943132341044,1.826364150173172,0.0140513745001977,0.8302919270514701,188.8186813186813,"{""group_mult"": {""fundamental_mom"": 1.0, ""growth_quality"": 2.0, ""investment"": 2.0, ""low_risk"": 0.5, ""momentum"": 1.0, ""quality"": 4.0, ""survival"": 2.0, ""commodity"": 0.25, ""leverage"": 2.0, ""value"": 2.0}, ""lam"": 1.44, ""top_frac"": 0.33, ""budgets"": {""ai"": 0.129, ""biotech"": 0.164, ""cyber_cloud"": 0.105, ""defense_space"": 0.149, ""energy"": 0.191, ""robotics"": 0.154, ""semiconductors"": 0.108}, ""speed"": 0.5, ""rebalance_months"": 1, ""vol_block"": 0.03}"
fe3f195b7c7e,-0.5659870274161543,-0.6024130971922087,-0.5037179304731044,-0.07223315821814114,0.08616008439908995,0.8040725952600349,-0.17867237209869669,4.853984980125816,0.027798785172537664,0.6970940592205728,119.07692307692308,"{""group_mult"": {""fundamental_mom"": 4.0, ""growth_quality"": 0.25, ""investment"": 0.25, ""low_risk"": 4.0, ""momentum"": 0.25, ""quality"": 0.5, ""survival"": 4.0, ""commodity"": 0.25, ""leverage"": 1.0, ""value"": 1.0}, ""lam"": 1.04, ""top_frac"": 0.2, ""budgets"": {""ai"": 0.16, ""biotech"": 0.113, ""cyber_cloud"": 0.123, ""defense_space"": 0.12, ""energy"": 0.156, ""robotics"": 0.225, ""semiconductors"": 0.103}, ""speed"": 0.5, ""rebalance_months"": 1, ""vol_block"": 0.0}"
ccfc6ade2a01,-0.5813401115802723,-0.6421292533855022,-0.4835557217124599,-0.05643538548616598,0.09988721914774401,0.7688097199161712,-0.20765903627116256,2.3847234421665915,0.02209206189418283,0.7856164766706933,290.3241758241758,"{""group_mult"": {""fundamental_mom"": 0.5, ""growth_quality"": 0.5, ""investment"": 0.5, ""low_risk"": 2.0, ""momentum"": 1.0, ""quality"": 0.5, ""survival"": 4.0, ""commodity"": 1.0, ""leverage"": 0.5, ""value"": 4.0}, ""lam"": 1.39, ""top_frac"": 0.5, ""budgets"": {""ai"": 0.101, ""biotech"": 0.101, ""cyber_cloud"": 0.282, ""defense_space"": 0.12, ""energy"": 0.117, ""robotics"": 0.123, ""semiconductors"": 0.156}, ""speed"": 0.5, ""rebalance_months"": 1, ""vol_block"": 0.0}"
83cd7b2c8f18,-0.8486678598966795,-0.9702289515697884,-0.6791478301552796,-0.02158685913071915,0.12504740302214135,0.6759415555945921,-0.28870423750777563,1.3131720554636237,0.021934349811724686,0.9675307240063847,561.6813186813187,"{""group_mult"": {""fundamental_mom"": 2.0, ""growth_quality"": 1.0, ""investment"": 2.0, ""low_risk"": 2.0, ""momentum"": 1.0, ""quality"": 0.25, ""survival"": 0.5, ""commodity"": 0.25, ""leverage"": 2.0, ""value"": 4.0}, ""lam"": 0.07, ""top_frac"": 1.0, ""budgets"": {""ai"": 0.148, ""biotech"": 0.146, ""cyber_cloud"": 0.122, ""defense_space"": 0.151, ""energy"": 0.118, ""robotics"": 0.157, ""semiconductors"": 0.159}, ""speed"": 1.0, ""rebalance_months"": 1, ""vol_block"": 0.0}"
8a066b814d16,-0.40854540212009466,-0.3996183019068416,-0.4256699942002108,-0.04516433015805443,0.11024167726791845,0.7826487784548752,-0.24336688147491936,7.748660196794431,0.037230342704433005,0.9817997394375841,115.37912087912088,"{""group_mult"": {""fundamental_mom"": 0.25, ""growth_quality"": 0.25, ""investment"": 1.0, ""low_risk"": 4.0, ""momentum"": 1.0, ""quality"": 0.5, ""survival"": 0.5, ""commodity"": 2.0, ""leverage"": 0.25, ""value"": 0.25}, ""lam"": 1.12, ""top_frac"": 0.2, ""budgets"": {""ai"": 0.179, ""biotech"": 0.115, ""cyber_cloud"": 0.1, ""defense_space"": 0.141, ""energy"": 0.121, ""robotics"": 0.206, ""semiconductors"": 0.137}, ""speed"": 1.0, ""rebalance_months"": 1, ""vol_block"": 0.03}"
8a6cc55c52de,-0.3771565095369603,-0.3186552887243552,-0.46456633970909955,-0.022802364324743772,0.13078612992902783,0.7986396577629403,-0.2357255132125532,0.7737464220460742,0.011422572120634992,0.9069063201536706,525.9230769230769,"{""group_mult"": {""fundamental_mom"": 0.25, ""growth_quality"": 1.0, ""investment"": 0.5, ""low_risk"": 1.0, ""momentum"": 0.25, ""quality"": 1.0, ""survival"": 2.0, ""commodity"": 4.0, ""leverage"": 0.5, ""value"": 0.5}, ""lam"": 0.53, ""top_frac"": 1.0, ""budgets"": {""ai"": 0.133, ""biotech"": 0.12, ""cyber_cloud"": 0.133, ""defense_space"": 0.142, ""energy"": 0.131, ""robotics"": 0.179, ""semiconductors"": 0.163}, ""speed"": 0.5, ""rebalance_months"": 1, ""vol_block"": 0.03}"
a4278a998efa,-0.39188948872253593,-0.7779646908860604,0.1282445506730978,-0.018268187357336926,0.1326561853335777,0.7551450845424893,-0.27588280519090336,1.4507674911302233,0.014845382435715806,0.9545401779173301,416.1208791208791,"{""group_mult"": {""fundamental_mom"": 0.25, ""growth_quality"": 1.0, ""investment"": 2.0, ""low_risk"": 0.25, ""momentum"": 0.25, ""quality"": 0.25, ""survival"": 0.5, ""commodity"": 1.0, ""leverage"": 4.0, ""value"": 2.0}, ""lam"": 0.88, ""top_frac"": 0.75, ""budgets"": {""ai"": 0.151, ""biotech"": 0.11, ""cyber_cloud"": 0.137, ""defense_space"": 0.1, ""energy"": 0.204, ""robotics"": 0.124, ""semiconductors"": 0.175}, ""speed"": 1.0, ""rebalance_months"": 3, ""vol_block"": 0.0}"
aefc4f46fb1e,-0.5348645309754047,-0.5068305853907301,-0.5761185325505835,-0.04541531291647081,0.10936958391911178,0.7578734966617273,-0.2217991202015227,1.7185242601231447,0.017466506102264044,0.8105548491404395,281.9835164835165,"{""group_mult"": {""fundamental_mom"": 0.25, ""growth_quality"": 4.0, ""investment"": 0.5, ""low_risk"": 2.0, ""momentum"": 0.25, ""quality"": 0.5, ""survival"": 0.5, ""commodity"": 0.25, ""leverage"": 1.0, ""value"": 2.0}, ""lam"": 1.02, ""top_frac"": 0.5, ""budgets"": {""ai"": 0.122, ""biotech"": 0.116, ""cyber_cloud"": 0.133, ""defense_space"": 0.149, ""energy"": 0.112, ""robotics"": 0.214, ""semiconductors"": 0.153}, ""speed"": 0.5, ""rebalance_months"": 1, ""vol_block"": 0.03}"
41aa48ac8c24,-0.4440898778986601,-0.38096240222454686,-0.5356499655852727,-0.030798602776155905,0.12353816715748489,0.7930911122861282,-0.21634177289583711,1.2771802304283972,0.015948925193722215,0.833653858561832,413.2032967032967,"{""group_mult"": {""fundamental_mom"": 2.0, ""growth_quality"": 4.0, ""investment"": 1.0, ""low_risk"": 0.25, ""momentum"": 2.0, ""quality"": 0.5, ""survival"": 2.0, ""commodity"": 4.0, ""leverage"": 0.5, ""value"": 0.5}, ""lam"": 1.31, ""top_frac"": 0.75, ""budgets"": {""ai"": 0.113, ""biotech"": 0.216, ""cyber_cloud"": 0.141, ""defense_space"": 0.117, ""energy"": 0.122, ""robotics"": 0.175, ""semiconductors"": 0.115}, ""speed"": 0.5, ""rebalance_months"": 1, ""vol_block"": 0.03}"
baeeb105e3f7,-0.6640392924294359,-0.72085328440749,-0.5550322952158836,-0.026355041364924454,0.12141534822408162,0.6761479897687142,-0.28565742988674336,2.712908025915197,0.02602922863912121,0.9800119220377911,280.2912087912088,"{""group_mult"": {""fundamental_mom"": 0.25, ""growth_quality"": 0.25, ""investment"": 0.5, ""low_risk"": 0.25, ""momentum"": 0.25, ""quality"": 2.0, ""survival"": 4.0, ""commodity"": 0.25, ""leverage"": 2.0, ""value"": 2.0}, ""lam"": 0.54, ""top_frac"": 0.5, ""budgets"": {""ai"": 0.106, ""biotech"": 0.138, ""cyber_cloud"": 0.136, ""defense_space"": 0.14, ""energy"": 0.129, ""robotics"": 0.188, ""semiconductors"": 0.163}, ""speed"": 1.0, ""rebalance_months"": 1, ""vol_block"": 0.03}"
c1ad00aa0305,-0.5232897919442332,-0.5644596538781662,-0.4434385378009207,-0.051006396322345354,0.10430422629492164,0.7532073021832518,-0.20029058164528113,4.500658793588175,0.026767115673596915,0.7187786853270494,118.78021978021978,"{""group_mult"": {""fundamental_mom"": 4.0, ""growth_quality"": 0.25, ""investment"": 0.5, ""low_risk"": 0.5, ""momentum"": 4.0, ""quality"": 0.25, ""survival"": 4.0, ""commodity"": 4.0, ""leverage"": 0.5, ""value"": 4.0}, ""lam"": 1.21, ""top_frac"": 0.2, ""budgets"": {""ai"": 0.143, ""biotech"": 0.142, ""cyber_cloud"": 0.188, ""defense_space"": 0.131, ""energy"": 0.105, ""robotics"": 0.148, ""semiconductors"": 0.143}, ""speed"": 0.5, ""rebalance_months"": 1, ""vol_block"": 0.0}"
cba8109bff3e,-0.7117872605628547,-0.8738762209826524,-0.4658591390920056,-0.06962442773292699,0.08616357463947955,0.6919256086569736,-0.20804783317477704,2.336014483239744,0.020048160264831572,0.6876945241364629,280.96153846153845,"{""group_mult"": {""fundamental_mom"": 2.0, ""growth_quality"": 0.25, ""investment"": 2.0, ""low_risk"": 1.0, ""momentum"": 0.5, ""quality"": 0.5, ""survival"": 4.0, ""commodity"": 1.0, ""leverage"": 2.0, ""value"": 4.0}, ""lam"": 0.12, ""top_frac"": 0.5, ""budgets"": {""ai"": 0.122, ""biotech"": 0.102, ""cyber_cloud"": 0.121, ""defense_space"": 0.143, ""energy"": 0.244, ""robotics"": 0.158, ""semiconductors"": 0.109}, ""speed"": 0.5, ""rebalance_months"": 1, ""vol_block"": 0.03}"
cef46a8973bf,-0.4600666558188371,-0.5743228363433376,-0.3107464240105997,-0.03860141959242443,0.11542486658604956,0.7635915584964148,-0.25575359867594094,5.551889026065884,0.034219685084160734,0.9795718958104054,194.67582417582418,"{""group_mult"": {""fundamental_mom"": 4.0, ""growth_quality"": 0.5, ""investment"": 4.0, ""low_risk"": 4.0, ""momentum"": 1.0, ""quality"": 0.5, ""survival"": 1.0, ""commodity"": 2.0, ""leverage"": 0.25, ""value"": 1.0}, ""lam"": 1.09, ""top_frac"": 0.33, ""budgets"": {""ai"": 0.169, ""biotech"": 0.15, ""cyber_cloud"": 0.189, ""defense_space"": 0.121, ""energy"": 0.126, ""robotics"": 0.134, ""semiconductors"": 0.11}, ""speed"": 1.0, ""rebalance_months"": 1, ""vol_block"": 0.0}"
ebd500a02888,-0.5239944884286192,-0.5906554018913063,-0.4067351608543934,-0.05105888277728064,0.10438647505526877,0.7589139777896692,-0.2259611140010096,1.7473125198799586,0.010493398739191105,0.7521300011440384,105.44505494505495,"{""group_mult"": {""fundamental_mom"": 1.0, ""growth_quality"": 4.0, ""investment"": 0.25, ""low_risk"": 0.25, ""momentum"": 2.0, ""quality"": 2.0, ""survival"": 1.0, ""commodity"": 1.0, ""leverage"": 0.5, ""value"": 4.0}, ""lam"": 0.37, ""top_frac"": 0.2, ""budgets"": {""ai"": 0.108, ""biotech"": 0.117, ""cyber_cloud"": 0.194, ""defense_space"": 0.165, ""energy"": 0.106, ""robotics"": 0.191, ""semiconductors"": 0.119}, ""speed"": 0.5, ""rebalance_months"": 3, ""vol_block"": 0.1}"
454ef6d3265b,-0.4352011888934677,-0.6470694060530487,-0.1505437957321469,-0.025552820534359744,0.12753116170502699,0.7807286885896463,-0.27107679355505754,1.1681852869305986,0.013569160138589456,0.9461149780214106,522.5714285714286,"{""group_mult"": {""fundamental_mom"": 2.0, ""growth_quality"": 1.0, ""investment"": 0.5, ""low_risk"": 4.0, ""momentum"": 0.5, ""quality"": 0.25, ""survival"": 4.0, ""commodity"": 4.0, ""leverage"": 0.5, ""value"": 0.5}, ""lam"": 0.53, ""top_frac"": 1.0, ""budgets"": {""ai"": 0.132, ""biotech"": 0.129, ""cyber_cloud"": 0.103, ""defense_space"": 0.169, ""energy"": 0.212, ""robotics"": 0.14, ""semiconductors"": 0.115}, ""speed"": 1.0, ""rebalance_months"": 3, ""vol_block"": 0.0}"
8c7873a6770c,-0.5163998243100894,-0.5808510060601186,-0.42098428131049387,-0.0602796817735326,0.09832849657173193,0.8611441991611093,-0.17967850794916052,3.285708760087135,0.02446291254914798,0.7222310876300999,194.83516483516485,"{""group_mult"": {""fundamental_mom"": 4.0, ""growth_quality"": 0.5, ""investment"": 2.0, ""low_risk"": 4.0, ""momentum"": 2.0, ""quality"": 0.25, ""survival"": 0.25, ""commodity"": 4.0, ""leverage"": 1.0, ""value"": 4.0}, ""lam"": 0.63, ""top_frac"": 0.33, ""budgets"": {""ai"": 0.155, ""biotech"": 0.278, ""cyber_cloud"": 0.109, ""defense_space"": 0.104, ""energy"": 0.123, ""robotics"": 0.109, ""semiconductors"": 0.122}, ""speed"": 0.5, ""rebalance_months"": 1, ""vol_block"": 0.0}"
5cae188cdfd3,-0.3178534196471515,-0.40339248116585275,-0.17523560624825882,-0.017391611043468255,0.13541385039951037,0.7966640656179901,-0.25830901603905854,2.1057536587492702,0.018599428721713676,0.957455753754975,436.5989010989011,"{""group_mult"": {""fundamental_mom"": 4.0, ""growth_quality"": 2.0, ""investment"": 0.5, ""low_risk"": 2.0, ""momentum"": 0.5, ""quality"": 0.25, ""survival"": 2.0, ""commodity"": 2.0, ""leverage"": 0.5, ""value"": 0.5}, ""lam"": 1.24, ""top_frac"": 1.0, ""budgets"": {""ai"": 0.199, ""biotech"": 0.136, ""cyber_cloud"": 0.105, ""defense_space"": 0.139, ""energy"": 0.134, ""robotics"": 0.137, ""semiconductors"": 0.149}, ""speed"": 1.0, ""rebalance_months"": 3, ""vol_block"": 0.0}"
ed6d884451e9,-0.6978870977233216,-0.8388958974240591,-0.5156468562940681,-0.04212661232582088,0.10878214424647759,0.678283362036661,-0.271606020220893,3.577943381741906,0.033178739487112065,0.9824154861706652,290.4120879120879,"{""group_mult"": {""fundamental_mom"": 1.0, ""growth_quality"": 4.0, ""investment"": 0.25, ""low_risk"": 4.0, ""momentum"": 0.25, ""quality"": 4.0, ""survival"": 2.0, ""commodity"": 0.25, ""leverage"": 1.0, ""value"": 1.0}, ""lam"": 0.1, ""top_frac"": 0.5, ""budgets"": {""ai"": 0.175, ""biotech"": 0.153, ""cyber_cloud"": 0.124, ""defense_space"": 0.173, ""energy"": 0.139, ""robotics"": 0.104, ""semiconductors"": 0.131}, ""speed"": 1.0, ""rebalance_months"": 1, ""vol_block"": 0.0}"
282911fc65eb,-0.4546725468434803,-0.4903411993306777,-0.3904407896639285,-0.03555286177783378,0.11961690213727239,0.8018613219189769,-0.21589886767366495,1.531424317597866,0.01576170385714726,0.8186453527671185,290.2912087912088,"{""group_mult"": {""fundamental_mom"": 1.0, ""growth_quality"": 4.0, ""investment"": 0.5, ""low_risk"": 2.0, ""momentum"": 1.0, ""quality"": 4.0, ""survival"": 4.0, ""commodity"": 0.5, ""leverage"": 1.0, ""value"": 2.0}, ""lam"": 1.23, ""top_frac"": 0.5, ""budgets"": {""ai"": 0.132, ""biotech"": 0.153, ""cyber_cloud"": 0.129, ""defense_space"": 0.182, ""energy"": 0.107, ""robotics"": 0.144, ""semiconductors"": 0.152}, ""speed"": 0.5, ""rebalance_months"": 1, ""vol_block"": 0.0}"
849f38aa7718,-0.14736691163417878,-0.1672882712171644,-0.1159666851131533,-0.014212573055991707,0.14377528746539237,0.9488931343840818,-0.22799849597932254,2.9144895029051865,0.014827935299203872,0.9800220341363457,115.53846153846153,"{""group_mult"": {""fundamental_mom"": 0.5, ""growth_quality"": 2.0, ""investment"": 0.5, ""low_risk"": 2.0, ""momentum"": 0.25, ""quality"": 0.25, ""survival"": 0.25, ""commodity"": 2.0, ""leverage"": 1.0, ""value"": 2.0}, ""lam"": 0.89, ""top_frac"": 0.2, ""budgets"": {""ai"": 0.161, ""biotech"": 0.154, ""cyber_cloud"": 0.113, ""defense_space"": 0.195, ""energy"": 0.129, ""robotics"": 0.104, ""semiconductors"": 0.144}, ""speed"": 1.0, ""rebalance_months"": 3, ""vol_block"": 0.03}"
73a7a85795a0,-0.5499961553034965,-0.6004924267856557,-0.4702708382211735,-0.051074252369215506,0.10490792554298478,0.7755667698734428,-0.1953700123124722,2.462591553886149,0.018889580077984677,0.7848453451881668,189.5054945054945,"{""group_mult"": {""fundamental_mom"": 0.5, ""growth_quality"": 2.0, ""investment"": 0.5, ""low_risk"": 1.0, ""momentum"": 0.5, ""quality"": 0.5, ""survival"": 2.0, ""commodity"": 0.25, ""leverage"": 0.25, ""value"": 2.0}, ""lam"": 1.19, ""top_frac"": 0.33, ""budgets"": {""ai"": 0.104, ""biotech"": 0.234, ""cyber_cloud"": 0.165, ""defense_space"": 0.125, ""energy"": 0.115, ""robotics"": 0.112, ""semiconductors"": 0.144}, ""speed"": 0.5, ""rebalance_months"": 1, ""vol_block"": 0.03}"
f81fd1da6b76,-0.4485324606228095,-0.5338657080812065,-0.31841193368857085,-0.05872316192187538,0.10106046638745081,0.9400501783164926,-0.15377969581650108,1.9231402825122763,0.010277973002400532,0.7193955439249216,106.02197802197803,"{""group_mult"": {""fundamental_mom"": 1.0, ""growth_quality"": 0.25, ""investment"": 4.0, ""low_risk"": 4.0, ""momentum"": 2.0, ""quality"": 0.25, ""survival"": 2.0, ""commodity"": 4.0, ""leverage"": 4.0, ""value"": 1.0}, ""lam"": 0.48, ""top_frac"": 0.2, ""budgets"": {""ai"": 0.104, ""biotech"": 0.149, ""cyber_cloud"": 0.182, ""defense_space"": 0.204, ""energy"": 0.117, ""robotics"": 0.112, ""semiconductors"": 0.132}, ""speed"": 0.5, ""rebalance_months"": 3, ""vol_block"": 0.1}"
dc827d369a54,-0.6694367322236693,-0.8837805896824102,-0.4101649150323818,-0.03912504998760796,0.1117875539373292,0.6898043125269899,-0.27908054235096413,2.912776129062642,0.02895549485280735,0.9663871089569804,429.967032967033,"{""group_mult"": {""fundamental_mom"": 4.0, ""growth_quality"": 0.5, ""investment"": 0.25, ""low_risk"": 4.0, ""momentum"": 0.5, ""quality"": 1.0, ""survival"": 0.5, ""commodity"": 0.5, ""leverage"": 4.0, ""value"": 0.25}, ""lam"": 0.68, ""top_frac"": 0.75, ""budgets"": {""ai"": 0.156, ""biotech"": 0.108, ""cyber_cloud"": 0.151, ""defense_space"": 0.117, ""energy"": 0.2, ""robotics"": 0.127, ""semiconductors"": 0.141}, ""speed"": 1.0, ""rebalance_months"": 1, ""vol_block"": 0.0}"
7a89f6878224,-0.5404510413755327,-0.6554033168874143,-0.4159149506101555,-0.04505217209225435,0.10778502544373292,0.711211711666363,-0.27025854606409816,4.542960636253446,0.03230046540016138,0.9751466891282369,259.9175824175824,"{""group_mult"": {""fundamental_mom"": 1.0, ""growth_quality"": 0.5, ""investment"": 4.0, ""low_risk"": 4.0, ""momentum"": 0.5, ""quality"": 0.25, ""survival"": 2.0, ""commodity"": 1.0, ""leverage"": 1.0, ""value"": 0.25}, ""lam"": 1.26, ""top_frac"": 0.5, ""budgets"": {""ai"": 0.107, ""biotech"": 0.117, ""cyber_cloud"": 0.172, ""defense_space"": 0.212, ""energy"": 0.129, ""robotics"": 0.156, ""semiconductors"": 0.105}, ""speed"": 1.0, ""rebalance_months"": 1, ""vol_block"": 0.1}"
8710059300fb,-0.275406280185133,-0.4359616452028021,-0.057288769981057204,-0.0204655239259472,0.13449958464689993,0.8407946679376602,-0.250495376398273,2.368438530064444,0.017459406398166784,0.967495506349293,255.5989010989011,"{""group_mult"": {""fundamental_mom"": 4.0, ""growth_quality"": 0.25, ""investment"": 1.0, ""low_risk"": 4.0, ""momentum"": 0.25, ""quality"": 4.0, ""survival"": 1.0, ""commodity"": 2.0, ""leverage"": 2.0, ""value"": 2.0}, ""lam"": 1.13, ""top_frac"": 0.5, ""budgets"": {""ai"": 0.108, ""biotech"": 0.192, ""cyber_cloud"": 0.111, ""defense_space"": 0.114, ""energy"": 0.167, ""robotics"": 0.18, ""semiconductors"": 0.128}, ""speed"": 1.0, ""rebalance_months"": 3, ""vol_block"": 0.1}"
09658deb720b,-0.3461736933605703,-0.5169722961933695,-0.08357224602025347,-0.02488437570838549,0.12801186851611135,0.7781805126650274,-0.25683788992867906,3.274853075919638,0.017367763345474303,0.9745276635739996,105.95054945054945,"{""group_mult"": {""fundamental_mom"": 2.0, ""growth_quality"": 4.0, ""investment"": 2.0, ""low_risk"": 0.5, ""momentum"": 0.5, ""quality"": 0.5, ""survival"": 0.5, ""commodity"": 2.0, ""leverage"": 0.5, ""value"": 1.0}, ""lam"": 0.48, ""top_frac"": 0.2, ""budgets"": {""ai"": 0.116, ""biotech"": 0.163, ""cyber_cloud"": 0.131, ""defense_space"": 0.258, ""energy"": 0.112, ""robotics"": 0.108, ""semiconductors"": 0.112}, ""speed"": 1.0, ""rebalance_months"": 3, ""vol_block"": 0.1}"
b031dd9e5d7b,-0.3145888792793812,-0.332388014696493,-0.2893226390604094,-0.021738947867010246,0.13317671122927788,0.8354720616352674,-0.22562080696222153,0.6662162447588538,0.008591935151916745,0.905333883444428,474.81868131868134,"{""group_mult"": {""fundamental_mom"": 2.0, ""growth_quality"": 0.25, ""investment"": 2.0, ""low_risk"": 0.25, ""momentum"": 4.0, ""quality"": 4.0, ""survival"": 4.0, ""commodity"": 0.25, ""leverage"": 1.0, ""value"": 1.0}, ""lam"": 0.53, ""top_frac"": 1.0, ""budgets"": {""ai"": 0.104, ""biotech"": 0.143, ""cyber_cloud"": 0.139, ""defense_space"": 0.163, ""energy"": 0.143, ""robotics"": 0.187, ""semiconductors"": 0.121}, ""speed"": 0.5, ""rebalance_months"": 3, ""vol_block"": 0.1}"
84852fcc92bf,-0.36294111160681464,-0.5510284730225139,-0.07676626487034308,-0.02082503126680505,0.13076716506155517,0.7606535343927107,-0.24676457109814776,2.3683647925562883,0.01776397949637363,0.9727764243962774,190.46703296703296,"{""group_mult"": {""fundamental_mom"": 0.5, ""growth_quality"": 4.0, ""investment"": 2.0, ""low_risk"": 0.25, ""momentum"": 4.0, ""quality"": 4.0, ""survival"": 4.0, ""commodity"": 2.0, ""leverage"": 2.0, ""value"": 4.0}, ""lam"": 0.49, ""top_frac"": 0.33, ""budgets"": {""ai"": 0.16, ""biotech"": 0.179, ""cyber_cloud"": 0.105, ""defense_space"": 0.101, ""energy"": 0.192, ""robotics"": 0.158, ""semiconductors"": 0.105}, ""speed"": 1.0, ""rebalance_months"": 3, ""vol_block"": 0.0}"
b3139c16cfae,-0.5195344796074405,-0.6388268517057419,-0.36177630870919947,-0.028120901987801955,0.12232712267479262,0.7174574386884988,-0.26494334427400146,2.278824393362354,0.025855518051825586,0.9794142943132139,385.7197802197802,"{""group_mult"": {""fundamental_mom"": 0.5, ""growth_quality"": 2.0, ""investment"": 0.5, ""low_risk"": 0.5, ""momentum"": 1.0, ""quality"": 0.25, ""survival"": 1.0, ""commodity"": 2.0, ""leverage"": 1.0, ""value"": 1.0}, ""lam"": 1.1, ""top_frac"": 0.75, ""budgets"": {""ai"": 0.132, ""biotech"": 0.106, ""cyber_cloud"": 0.24, ""defense_space"": 0.125, ""energy"": 0.131, ""robotics"": 0.101, ""semiconductors"": 0.165}, ""speed"": 1.0, ""rebalance_months"": 1, ""vol_block"": 0.1}"
382b5f55e7ae,-0.4645579336232097,-0.6196900797925152,-0.25802425261491924,-0.03759013017952814,0.11438654653158276,0.7191731052869559,-0.2472250586073853,5.4902560352825915,0.036507478826747194,0.9909542850322602,174.57692307692307,"{""group_mult"": {""fundamental_mom"": 0.5, ""growth_quality"": 1.0, ""investment"": 0.5, ""low_risk"": 0.25, ""momentum"": 4.0, ""quality"": 1.0, ""survival"": 0.25, ""commodity"": 0.25, ""leverage"": 0.25, ""value"": 1.0}, ""lam"": 0.98, ""top_frac"": 0.33, ""budgets"": {""ai"": 0.109, ""biotech"": 0.109, ""cyber_cloud"": 0.157, ""defense_space"": 0.258, ""energy"": 0.16, ""robotics"": 0.103, ""semiconductors"": 0.104}, ""speed"": 1.0, ""rebalance_months"": 1, ""vol_block"": 0.1}"
890c2ba58a38,-0.5487036505299004,-0.6666580310503708,-0.35350078783683997,-0.039616240045928466,0.11461435594212976,0.7627167446770861,-0.22117530337578206,1.263307087193253,0.014862991850454898,0.8083552478012666,429.0659340659341,"{""group_mult"": {""fundamental_mom"": 4.0, ""growth_quality"": 0.25, ""investment"": 0.25, ""low_risk"": 0.5, ""momentum"": 4.0, ""quality"": 4.0, ""survival"": 0.25, ""commodity"": 2.0, ""leverage"": 1.0, ""value"": 1.0}, ""lam"": 0.13, ""top_frac"": 0.75, ""budgets"": {""ai"": 0.146, ""biotech"": 0.104, ""cyber_cloud"": 0.134, ""defense_space"": 0.189, ""energy"": 0.172, ""robotics"": 0.108, ""semiconductors"": 0.147}, ""speed"": 0.5, ""rebalance_months"": 1, ""vol_block"": 0.0}"
2feeb5971b57,-0.4257707322811354,-0.5024667942685183,-0.3156263678195205,-0.03356645144644636,0.12198615915128075,0.8189948706237097,-0.212686945770987,1.1368714728627527,0.014523580572528429,0.8380912979016256,383.9065934065934,"{""group_mult"": {""fundamental_mom"": 1.0, ""growth_quality"": 0.5, ""investment"": 2.0, ""low_risk"": 0.5, ""momentum"": 0.5, ""quality"": 4.0, ""survival"": 1.0, ""commodity"": 4.0, ""leverage"": 0.25, ""value"": 0.25}, ""lam"": 1.35, ""top_frac"": 0.75, ""budgets"": {""ai"": 0.182, ""biotech"": 0.171, ""cyber_cloud"": 0.154, ""defense_space"": 0.101, ""energy"": 0.117, ""robotics"": 0.162, ""semiconductors"": 0.113}, ""speed"": 0.5, ""rebalance_months"": 1, ""vol_block"": 0.1}"
b2ebd4fb1e94,-0.43305935304851706,-0.5117383847679845,-0.3016177676601124,-0.03808131846703783,0.11785911176485464,0.8186061618017879,-0.2107339832444689,2.0460765350198273,0.019791144075950964,0.7917450545280729,289.9120879120879,"{""group_mult"": {""fundamental_mom"": 2.0, ""growth_quality"": 1.0, ""investment"": 2.0, ""low_risk"": 2.0, ""momentum"": 2.0, ""quality"": 0.25, ""survival"": 1.0, ""commodity"": 0.25, ""leverage"": 4.0, ""value"": 1.0}, ""lam"": 1.2, ""top_frac"": 0.5, ""budgets"": {""ai"": 0.121, ""biotech"": 0.138, ""cyber_cloud"": 0.135, ""defense_space"": 0.123, ""energy"": 0.108, ""robotics"": 0.103, ""semiconductors"": 0.272}, ""speed"": 0.5, ""rebalance_months"": 1, ""vol_block"": 0.0}"
9df82e173298,-0.3272919017579028,-0.2690648212886205,-0.4107613848267023,-0.02207912736769373,0.1318639903782921,0.8098409556629779,-0.24175588787032676,0.8280217437191915,0.01257865487251525,0.8955545084943677,518.1098901098901,"{""group_mult"": {""fundamental_mom"": 0.25, ""growth_quality"": 2.0, ""investment"": 0.5, ""low_risk"": 4.0, ""momentum"": 2.0, ""quality"": 1.0, ""survival"": 2.0, ""commodity"": 0.5, ""leverage"": 1.0, ""value"": 1.0}, ""lam"": 0.69, ""top_frac"": 1.0, ""budgets"": {""ai"": 0.127, ""biotech"": 0.107, ""cyber_cloud"": 0.119, ""defense_space"": 0.103, ""energy"": 0.114, ""robotics"": 0.226, ""semiconductors"": 0.204}, ""speed"": 0.5, ""rebalance_months"": 1, ""vol_block"": 0.0}"
5dcd8fccc025,-0.43883541203481646,-0.5326926884770168,-0.2816875086318421,-0.044680174623767915,0.11326653379124307,0.875171129299782,-0.18138118412435422,1.4648934234030555,0.01087657532355419,0.7481731487543674,192.91758241758242,"{""group_mult"": {""fundamental_mom"": 2.0, ""growth_quality"": 4.0, ""investment"": 4.0, ""low_risk"": 2.0, ""momentum"": 4.0, ""quality"": 2.0, ""survival"": 0.25, ""commodity"": 2.0, ""leverage"": 0.5, ""value"": 2.0}, ""lam"": 0.11, ""top_frac"": 0.33, ""budgets"": {""ai"": 0.182, ""biotech"": 0.167, ""cyber_cloud"": 0.102, ""defense_space"": 0.127, ""energy"": 0.134, ""robotics"": 0.155, ""semiconductors"": 0.133}, ""speed"": 0.5, ""rebalance_months"": 3, ""vol_block"": 0.0}"
4b2fb85f34d1,-0.4249604806815311,-0.5488158949945748,-0.2502174839731372,-0.031058902648398088,0.12169770073072961,0.7566873921648865,-0.2491822751837791,3.9046080278616304,0.026909678718479747,0.9790585492983627,195.15384615384616,"{""group_mult"": {""fundamental_mom"": 1.0, ""growth_quality"": 4.0, ""investment"": 0.5, ""low_risk"": 2.0, ""momentum"": 1.0, ""quality"": 2.0, ""survival"": 0.5, ""commodity"": 1.0, ""leverage"": 1.0, ""value"": 0.5}, ""lam"": 0.8, ""top_frac"": 0.33, ""budgets"": {""ai"": 0.144, ""biotech"": 0.13, ""cyber_cloud"": 0.151, ""defense_space"": 0.138, ""energy"": 0.136, ""robotics"": 0.18, ""semiconductors"": 0.121}, ""speed"": 1.0, ""rebalance_months"": 1, ""vol_block"": 0.0}"
046a70b0d284,-0.45916097881243567,-0.7152655901829233,-0.15868334317942623,-0.027198338464575922,0.125762613653861,0.7721130123500627,-0.27015798793930723,1.3703966105660332,0.01501550681530891,0.950060147254068,418.0164835164835,"{""group_mult"": {""fundamental_mom"": 0.5, ""growth_quality"": 2.0, ""investment"": 4.0, ""low_risk"": 2.0, ""momentum"": 0.25, ""quality"": 2.0, ""survival"": 0.5, ""commodity"": 4.0, ""leverage"": 1.0, ""value"": 2.0}, ""lam"": 0.65, ""top_frac"": 0.75, ""budgets"": {""ai"": 0.14, ""biotech"": 0.187, ""cyber_cloud"": 0.13, ""defense_space"": 0.167, ""energy"": 0.159, ""robotics"": 0.101, ""semiconductors"": 0.117}, ""speed"": 1.0, ""rebalance_months"": 3, ""vol_block"": 0.0}"
15422a58ce81,-0.17445080947561395,-0.17561632411342465,-0.1738275419935221,-0.010835984550490493,0.14340071503459817,0.8461246465641472,-0.23837154146908646,0.681661005922436,0.009156231383322794,0.9175278291428512,482.3241758241758,"{""group_mult"": {""fundamental_mom"": 4.0, ""growth_quality"": 0.5, ""investment"": 0.25, ""low_risk"": 2.0, ""momentum"": 4.0, ""quality"": 0.25, ""survival"": 0.5, ""commodity"": 0.25, ""leverage"": 0.5, ""value"": 2.0}, ""lam"": 0.44, ""top_frac"": 1.0, ""budgets"": {""ai"": 0.131, ""biotech"": 0.132, ""cyber_cloud"": 0.119, ""defense_space"": 0.11, ""energy"": 0.108, ""robotics"": 0.193, ""semiconductors"": 0.207}, ""speed"": 0.5, ""rebalance_months"": 3, ""vol_block"": 0.1}"
03f8026dbb1d,-0.3121341199374237,-0.43833329709122004,-0.10769751463630381,-0.014454286112925303,0.13709270573683674,0.7783771782783228,-0.26612238258488874,1.519649079603789,0.018946117440978308,0.9695561077544476,406.4340659340659,"{""group_mult"": {""fundamental_mom"": 2.0, ""growth_quality"": 2.0, ""investment"": 0.5, ""low_risk"": 2.0, ""momentum"": 2.0, ""quality"": 0.25, ""survival"": 4.0, ""commodity"": 0.25, ""leverage"": 1.0, ""value"": 2.0}, ""lam"": 0.14, ""top_frac"": 0.75, ""budgets"": {""ai"": 0.241, ""biotech"": 0.108, ""cyber_cloud"": 0.124, ""defense_space"": 0.12, ""energy"": 0.153, ""robotics"": 0.124, ""semiconductors"": 0.13}, ""speed"": 1.0, ""rebalance_months"": 3, ""vol_block"": 0.03}"
7da7ed088d14,-0.3539644116759117,-0.36110252633523265,-0.34628934011502677,-0.03133417856218612,0.1259729950318056,0.8849702630592853,-0.2002106605006554,0.7496420974574384,0.008787680176035189,0.8441192124335639,378.65384615384613,"{""group_mult"": {""fundamental_mom"": 0.5, ""growth_quality"": 2.0, ""investment"": 2.0, ""low_risk"": 2.0, ""momentum"": 2.0, ""quality"": 4.0, ""survival"": 0.5, ""commodity"": 0.25, ""leverage"": 4.0, ""value"": 0.25}, ""lam"": 0.7, ""top_frac"": 0.75, ""budgets"": {""ai"": 0.155, ""biotech"": 0.222, ""cyber_cloud"": 0.125, ""defense_space"": 0.14, ""energy"": 0.115, ""robotics"": 0.139, ""semiconductors"": 0.104}, ""speed"": 0.5, ""rebalance_months"": 3, ""vol_block"": 0.1}"
d41bc6d913ad,-0.33730686735133886,-0.5168335521939317,-0.06962549002428194,-0.018135220394959004,0.1341204993923124,0.7812662876654194,-0.24838594281224535,1.8042771303726906,0.016259295184397216,0.9520280052555212,416.04395604395603,"{""group_mult"": {""fundamental_mom"": 2.0, ""growth_quality"": 0.25, ""investment"": 4.0, ""low_risk"": 1.0, ""momentum"": 1.0, ""quality"": 1.0, ""survival"": 0.25, ""commodity"": 0.5, ""leverage"": 0.5, ""value"": 2.0}, ""lam"": 1.14, ""top_frac"": 0.75, ""budgets"": {""ai"": 0.135, ""biotech"": 0.15, ""cyber_cloud"": 0.159, ""defense_space"": 0.105, ""energy"": 0.113, ""robotics"": 0.157, ""semiconductors"": 0.181}, ""speed"": 1.0, ""rebalance_months"": 3, ""vol_block"": 0.0}"
11e5a5b8b5d8,-0.32125333943581463,-0.3633639039340141,-0.260806928878046,-0.013886784086006899,0.1375741714797558,0.7778772708101741,-0.25390335035855593,1.324492719210344,0.01479237391054022,0.9586943643727825,418.25824175824175,"{""group_mult"": {""fundamental_mom"": 1.0, ""growth_quality"": 4.0, ""investment"": 0.25, ""low_risk"": 0.5, ""momentum"": 1.0, ""quality"": 2.0, ""survival"": 0.25, ""commodity"": 0.25, ""leverage"": 4.0, ""value"": 0.25}, ""lam"": 0.63, ""top_frac"": 0.75, ""budgets"": {""ai"": 0.137, ""biotech"": 0.183, ""cyber_cloud"": 0.124, ""defense_space"": 0.103, ""energy"": 0.157, ""robotics"": 0.164, ""semiconductors"": 0.133}, ""speed"": 1.0, ""rebalance_months"": 3, ""vol_block"": 0.0}"
804675d331f6,-0.4259455547398407,-0.6389395712294571,-0.04786399635009696,-0.04022090221205113,0.1172427046840856,0.863786847551201,-0.17983432537136912,1.785235057843963,0.010761217505608706,0.7208102453135988,117.08241758241758,"{""group_mult"": {""fundamental_mom"": 0.5, ""growth_quality"": 1.0, ""investment"": 4.0, ""low_risk"": 0.5, ""momentum"": 0.25, ""quality"": 1.0, ""survival"": 2.0, ""commodity"": 1.0, ""leverage"": 1.0, ""value"": 0.5}, ""lam"": 1.19, ""top_frac"": 0.2, ""budgets"": {""ai"": 0.137, ""biotech"": 0.107, ""cyber_cloud"": 0.146, ""defense_space"": 0.101, ""energy"": 0.156, ""robotics"": 0.125, ""semiconductors"": 0.228}, ""speed"": 0.5, ""rebalance_months"": 3, ""vol_block"": 0.0}"
35172a7e57b6,-0.6575652551816816,-0.8377126891177116,-0.39830305630205276,-0.02177787132866775,0.12429558954031283,0.6662985451923136,-0.2837742301993106,2.692555366110175,0.029359602231663826,0.9732459978995835,429.032967032967,"{""group_mult"": {""fundamental_mom"": 4.0, ""growth_quality"": 2.0, ""investment"": 0.5, ""low_risk"": 0.25, ""momentum"": 1.0, ""quality"": 1.0, ""survival"": 4.0, ""commodity"": 2.0, ""leverage"": 1.0, ""value"": 2.0}, ""lam"": 0.81, ""top_frac"": 0.75, ""budgets"": {""ai"": 0.113, ""biotech"": 0.161, ""cyber_cloud"": 0.132, ""defense_space"": 0.111, ""energy"": 0.126, ""robotics"": 0.118, ""semiconductors"": 0.239}, ""speed"": 1.0, ""rebalance_months"": 1, ""vol_block"": 0.0}"
1f6ebcb7c4be,-0.4110165373496527,-0.48778625414184035,-0.3067351078685823,-0.03845370941639803,0.11687723897126645,0.8018773741791676,-0.2409755596263311,5.244275277960735,0.03318819149572232,0.9797412262763819,188.3901098901099,"{""group_mult"": {""fundamental_mom"": 0.5, ""growth_quality"": 0.25, ""investment"": 1.0, ""low_risk"": 2.0, ""momentum"": 1.0, ""quality"": 1.0, ""survival"": 0.25, ""commodity"": 0.25, ""leverage"": 0.25, ""value"": 0.25}, ""lam"": 0.73, ""top_frac"": 0.33, ""budgets"": {""ai"": 0.226, ""biotech"": 0.155, ""cyber_cloud"": 0.145, ""defense_space"": 0.12, ""energy"": 0.122, ""robotics"": 0.125, ""semiconductors"": 0.107}, ""speed"": 1.0, ""rebalance_months"": 1, ""vol_block"": 0.03}"
80b854a30262,-0.17667288366171208,-0.2435598271328638,-0.07340050351335206,-0.009088146076632357,0.1405106607782216,0.7574584654130786,-0.2585849762605701,2.0388887082890426,0.021008018687488167,0.97600144920485,283.22527472527474,"{""group_mult"": {""fundamental_mom"": 1.0, ""growth_quality"": 4.0, ""investment"": 2.0, ""low_risk"": 0.25, ""momentum"": 4.0, ""quality"": 0.5, ""survival"": 0.25, ""commodity"": 0.25, ""leverage"": 0.5, ""value"": 2.0}, ""lam"": 0.23, ""top_frac"": 0.5, ""budgets"": {""ai"": 0.121, ""biotech"": 0.114, ""cyber_cloud"": 0.107, ""defense_space"": 0.119, ""energy"": 0.103, ""robotics"": 0.228, ""semiconductors"": 0.207}, ""speed"": 1.0, ""rebalance_months"": 3, ""vol_block"": 0.0}"
ddab733808d7,-0.2538667364710029,-0.2993155270806861,-0.20045017625676517,-0.01638804240998699,0.1363179478436214,0.7978135003317172,-0.25654085791639736,2.2741875508552494,0.01982559494849555,0.9741092673269425,254.6153846153846,"{""group_mult"": {""fundamental_mom"": 2.0, ""growth_quality"": 0.25, ""investment"": 1.0, ""low_risk"": 0.25, ""momentum"": 4.0, ""quality"": 4.0, ""survival"": 0.25, ""commodity"": 1.0, ""leverage"": 0.25, ""value"": 1.0}, ""lam"": 0.37, ""top_frac"": 0.5, ""budgets"": {""ai"": 0.142, ""biotech"": 0.16, ""cyber_cloud"": 0.102, ""defense_space"": 0.124, ""energy"": 0.131, ""robotics"": 0.232, ""semiconductors"": 0.109}, ""speed"": 1.0, ""rebalance_months"": 3, ""vol_block"": 0.1}"
2c87ad95d218,-0.30925064240704675,-0.23107327440155676,-0.4372671703980384,-0.019940345255343096,0.13371728783635017,0.8072003329504414,-0.243212067108865,0.7923736476061916,0.009699446282445505,0.8768706640782209,416.9120879120879,"{""group_mult"": {""fundamental_mom"": 0.5, ""growth_quality"": 2.0, ""investment"": 0.25, ""low_risk"": 0.5, ""momentum"": 1.0, ""quality"": 0.25, ""survival"": 4.0, ""commodity"": 0.5, ""leverage"": 0.25, ""value"": 0.25}, ""lam"": 1.22, ""top_frac"": 0.75, ""budgets"": {""ai"": 0.103, ""biotech"": 0.104, ""cyber_cloud"": 0.214, ""defense_space"": 0.175, ""energy"": 0.102, ""robotics"": 0.15, ""semiconductors"": 0.152}, ""speed"": 0.5, ""rebalance_months"": 3, ""vol_block"": 0.0}"
8d1c9fb8c12b,-0.350433433168177,-0.39414239646217764,-0.280440625170738,-0.030829422459297075,0.12650828032299688,0.8870763874118331,-0.2024665228607092,1.0220696752490512,0.009095082917780894,0.8220256896914324,277.9340659340659,"{""group_mult"": {""fundamental_mom"": 0.5, ""growth_quality"": 4.0, ""investment"": 2.0, ""low_risk"": 2.0, ""momentum"": 0.25, ""quality"": 0.25, ""survival"": 0.5, ""commodity"": 0.25, ""leverage"": 1.0, ""value"": 0.25}, ""lam"": 0.24, ""top_frac"": 0.5, ""budgets"": {""ai"": 0.136, ""biotech"": 0.162, ""cyber_cloud"": 0.101, ""defense_space"": 0.205, ""energy"": 0.118, ""robotics"": 0.109, ""semiconductors"": 0.17}, ""speed"": 0.5, ""rebalance_months"": 3, ""vol_block"": 0.03}"
c83b8ebb86a4,-0.33046925889715456,-0.4502582051796543,-0.14818372693600723,-0.01696780559004725,0.1357507132843696,0.7957077772175988,-0.25635754370926667,1.5781892452873276,0.017013519169954965,0.9506273207774742,489.010989010989,"{""group_mult"": {""fundamental_mom"": 4.0, ""growth_quality"": 1.0, ""investment"": 0.25, ""low_risk"": 2.0, ""momentum"": 2.0, ""quality"": 1.0, ""survival"": 1.0, ""commodity"": 2.0, ""leverage"": 4.0, ""value"": 4.0}, ""lam"": 0.76, ""top_frac"": 1.0, ""budgets"": {""ai"": 0.136, ""biotech"": 0.157, ""cyber_cloud"": 0.143, ""defense_space"": 0.177, ""energy"": 0.132, ""robotics"": 0.108, ""semiconductors"": 0.148}, ""speed"": 1.0, ""rebalance_months"": 3, ""vol_block"": 0.0}"
b730a56ceb3d,-0.39995018680572164,-0.6214963201186753,-0.06298214995567045,-0.01850708145065327,0.1331325120427891,0.7676097695571119,-0.25848571988823643,1.4544569134723846,0.01553160188561922,0.955056569057776,403.43956043956047,"{""group_mult"": {""fundamental_mom"": 0.25, ""growth_quality"": 0.25, ""investment"": 1.0, ""low_risk"": 0.25, ""momentum"": 0.25, ""quality"": 2.0, ""survival"": 0.5, ""commodity"": 4.0, ""leverage"": 1.0, ""value"": 0.25}, ""lam"": 0.57, ""top_frac"": 0.75, ""budgets"": {""ai"": 0.143, ""biotech"": 0.207, ""cyber_cloud"": 0.136, ""defense_space"": 0.124, ""energy"": 0.114, ""robotics"": 0.119, ""semiconductors"": 0.158}, ""speed"": 1.0, ""rebalance_months"": 3, ""vol_block"": 0.03}"
7ccca6a6e18b,-0.46976952331791727,-0.5028574195474508,-0.41758914538639436,-0.04607037159456143,0.1109940404044576,0.8335468689099933,-0.18638830530556605,1.2826345022803485,0.010757172478541292,0.7593711746220131,256.03846153846155,"{""group_mult"": {""fundamental_mom"": 0.5, ""growth_quality"": 2.0, ""investment"": 1.0, ""low_risk"": 1.0, ""momentum"": 4.0, ""quality"": 1.0, ""survival"": 2.0, ""commodity"": 0.25, ""leverage"": 2.0, ""value"": 0.5}, ""lam"": 0.05, ""top_frac"": 0.5, ""budgets"": {""ai"": 0.115, ""biotech"": 0.126, ""cyber_cloud"": 0.177, ""defense_space"": 0.132, ""energy"": 0.118, ""robotics"": 0.231, ""semiconductors"": 0.101}, ""speed"": 0.5, ""rebalance_months"": 3, ""vol_block"": 0.1}"
e08035d3cd52,-0.5351578205609416,-0.5688097245859377,-0.474213639443524,-0.052058123510651755,0.10321179402741709,0.7480226659770862,-0.21029103349529887,3.5013047071720873,0.021694048995454206,0.7795181648575187,115.82967032967034,"{""group_mult"": {""fundamental_mom"": 0.25, ""growth_quality"": 0.5, ""investment"": 1.0, ""low_risk"": 0.25, ""momentum"": 4.0, ""quality"": 4.0, ""survival"": 1.0, ""commodity"": 4.0, ""leverage"": 0.25, ""value"": 0.25}, ""lam"": 1.03, ""top_frac"": 0.2, ""budgets"": {""ai"": 0.106, ""biotech"": 0.19, ""cyber_cloud"": 0.127, ""defense_space"": 0.101, ""energy"": 0.15, ""robotics"": 0.194, ""semiconductors"": 0.131}, ""speed"": 0.5, ""rebalance_months"": 1, ""vol_block"": 0.03}"
7e451224ce7f,-0.4714739909588424,-0.5282601924170603,-0.3780855509810501,-0.048306340277924006,0.10906702979087601,0.8386524134487939,-0.16812965597233687,1.768803449540386,0.012815680950585329,0.716380498546071,190.8846153846154,"{""group_mult"": {""fundamental_mom"": 1.0, ""growth_quality"": 0.5, ""investment"": 0.5, ""low_risk"": 1.0, ""momentum"": 4.0, ""quality"": 0.25, ""survival"": 0.5, ""commodity"": 0.5, ""leverage"": 4.0, ""value"": 0.5}, ""lam"": 0.79, ""top_frac"": 0.33, ""budgets"": {""ai"": 0.142, ""biotech"": 0.151, ""cyber_cloud"": 0.16, ""defense_space"": 0.108, ""energy"": 0.139, ""robotics"": 0.175, ""semiconductors"": 0.125}, ""speed"": 0.5, ""rebalance_months"": 3, ""vol_block"": 0.0}"
dcb86449b4a3,-0.38449142374748574,-0.42864181730814394,-0.30956610416255254,-0.04770039283351669,0.1117714264989178,0.947504185138277,-0.18793195322610545,3.942151064880164,0.022594973857358903,0.756861331624983,107.96703296703296,"{""group_mult"": {""fundamental_mom"": 0.25, ""growth_quality"": 4.0, ""investment"": 0.25, ""low_risk"": 4.0, ""momentum"": 2.0, ""quality"": 0.5, ""survival"": 1.0, ""commodity"": 0.5, ""leverage"": 0.25, ""value"": 0.25}, ""lam"": 1.39, ""top_frac"": 0.2, ""budgets"": {""ai"": 0.24, ""biotech"": 0.17, ""cyber_cloud"": 0.104, ""defense_space"": 0.107, ""energy"": 0.107, ""robotics"": 0.147, ""semiconductors"": 0.124}, ""speed"": 0.5, ""rebalance_months"": 1, ""vol_block"": 0.1}"
bc6dbec754d3,-0.29259352640757547,-0.3529000876149911,-0.2138889452383583,-0.017146708293997955,0.13546068119438726,0.7926594795680622,-0.247166239848863,1.9963203447673508,0.018594512526724255,0.9722301717060788,274.7912087912088,"{""group_mult"": {""fundamental_mom"": 1.0, ""growth_quality"": 0.5, ""investment"": 2.0, ""low_risk"": 1.0, ""momentum"": 4.0, ""quality"": 4.0, ""survival"": 2.0, ""commodity"": 2.0, ""leverage"": 1.0, ""value"": 4.0}, ""lam"": 0.38, ""top_frac"": 0.5, ""budgets"": {""ai"": 0.122, ""biotech"": 0.245, ""cyber_cloud"": 0.12, ""defense_space"": 0.107, ""energy"": 0.106, ""robotics"": 0.121, ""semiconductors"": 0.179}, ""speed"": 1.0, ""rebalance_months"": 3, ""vol_block"": 0.03}"
860c9f88fcc3,-0.7721664246581879,-0.975960576441672,-0.4794529542238872,-0.0264866507579629,0.12087636872196361,0.6710220400524199,-0.2950266870570687,2.6718916274677174,0.027844876072591472,0.9789608076756557,415.5164835164835,"{""group_mult"": {""fundamental_mom"": 4.0, ""growth_quality"": 0.5, ""investment"": 4.0, ""low_risk"": 0.5, ""momentum"": 0.25, ""quality"": 0.25, ""survival"": 2.0, ""commodity"": 0.25, ""leverage"": 0.5, ""value"": 4.0}, ""lam"": 0.31, ""top_frac"": 0.75, ""budgets"": {""ai"": 0.146, ""biotech"": 0.105, ""cyber_cloud"": 0.154, ""defense_space"": 0.176, ""energy"": 0.119, ""robotics"": 0.128, ""semiconductors"": 0.173}, ""speed"": 1.0, ""rebalance_months"": 1, ""vol_block"": 0.03}"
0f62b8c7b175,-0.4957828286422304,-0.6249526599233468,-0.30189518660119113,-0.0414339742815118,0.11397294053799345,0.7899129551574225,-0.21842275858159765,1.1169013256045621,0.009772115096315353,0.7909130535206832,272.94505494505495,"{""group_mult"": {""fundamental_mom"": 0.25, ""growth_quality"": 0.25, ""investment"": 4.0, ""low_risk"": 0.5, ""momentum"": 1.0, ""quality"": 0.5, ""survival"": 0.5, ""commodity"": 0.25, ""leverage"": 4.0, ""value"": 4.0}, ""lam"": 0.38, ""top_frac"": 0.5, ""budgets"": {""ai"": 0.102, ""biotech"": 0.106, ""cyber_cloud"": 0.152, ""defense_space"": 0.175, ""energy"": 0.11, ""robotics"": 0.183, ""semiconductors"": 0.173}, ""speed"": 0.5, ""rebalance_months"": 3, ""vol_block"": 0.03}"
89f83e1365fb,-0.36022755818997787,-0.3638677954077941,-0.3560700358860486,-0.020223482126495863,0.13120984650887402,0.7605175881411921,-0.26538247524770975,1.419197528598531,0.016738705419772043,0.9678938393894696,420.13186813186815,"{""group_mult"": {""fundamental_mom"": 0.5, ""growth_quality"": 1.0, ""investment"": 0.25, ""low_risk"": 2.0, ""momentum"": 2.0, ""quality"": 0.25, ""survival"": 0.5, ""commodity"": 1.0, ""leverage"": 4.0, ""value"": 0.5}, ""lam"": 0.75, ""top_frac"": 0.75, ""budgets"": {""ai"": 0.129, ""biotech"": 0.111, ""cyber_cloud"": 0.135, ""defense_space"": 0.125, ""energy"": 0.111, ""robotics"": 0.282, ""semiconductors"": 0.107}, ""speed"": 1.0, ""rebalance_months"": 3, ""vol_block"": 0.0}"
fc3ff8ca9292,-0.25638646721215086,-0.31599786014787223,-0.15414140244095542,-0.01918693093491996,0.1352279798447671,0.8269347408700417,-0.24533628492399484,1.385905229595547,0.013608615206051406,0.8388041858775075,260.06043956043953,"{""group_mult"": {""fundamental_mom"": 0.5, ""growth_quality"": 2.0, ""investment"": 1.0, ""low_risk"": 0.25, ""momentum"": 0.25, ""quality"": 4.0, ""survival"": 0.5, ""commodity"": 0.25, ""leverage"": 4.0, ""value"": 0.5}, ""lam"": 1.21, ""top_frac"": 0.5, ""budgets"": {""ai"": 0.112, ""biotech"": 0.127, ""cyber_cloud"": 0.131, ""defense_space"": 0.106, ""energy"": 0.103, ""robotics"": 0.126, ""semiconductors"": 0.295}, ""speed"": 0.5, ""rebalance_months"": 1, ""vol_block"": 0.1}"
c07d720028f6,-0.6174135251168569,-0.6873417330814084,-0.5032930278463348,-0.06711382067691403,0.0900531502555848,0.7607880426794894,-0.18174789899371369,3.340005668385169,0.023554841474502385,0.6909777612360554,188.43406593406593,"{""group_mult"": {""fundamental_mom"": 4.0, ""growth_quality"": 0.5, ""investment"": 0.25, ""low_risk"": 2.0, ""momentum"": 2.0, ""quality"": 1.0, ""survival"": 2.0, ""commodity"": 0.25, ""leverage"": 0.5, ""value"": 2.0}, ""lam"": 0.04, ""top_frac"": 0.33, ""budgets"": {""ai"": 0.146, ""biotech"": 0.178, ""cyber_cloud"": 0.117, ""defense_space"": 0.143, ""energy"": 0.151, ""robotics"": 0.156, ""semiconductors"": 0.108}, ""speed"": 0.5, ""rebalance_months"": 1, ""vol_block"": 0.03}"
74fa2b260705,-0.5444355409635887,-0.7643887996967017,-0.29021055413706387,-0.0363184969531697,0.11597146455590246,0.7292816071960686,-0.26417022048965855,2.5679340985261665,0.027464326363733194,0.9749367146718811,386.0824175824176,"{""group_mult"": {""fundamental_mom"": 4.0, ""growth_quality"": 1.0, ""investment"": 2.0, ""low_risk"": 4.0, ""momentum"": 4.0, ""quality"": 4.0, ""survival"": 1.0, ""commodity"": 1.0, ""leverage"": 2.0, ""value"": 0.5}, ""lam"": 0.8, ""top_frac"": 0.75, ""budgets"": {""ai"": 0.131, ""biotech"": 0.209, ""cyber_cloud"": 0.13, ""defense_space"": 0.125, ""energy"": 0.174, ""robotics"": 0.118, ""semiconductors"": 0.114}, ""speed"": 1.0, ""rebalance_months"": 1, ""vol_block"": 0.1}"
5c7407f58739,-0.07518242660168153,-0.27508510216133963,0.2552293810887321,-0.0064158342532890985,0.14996455402865316,0.9138129121277481,-0.2228587746036791,2.9907488339670683,0.016442322864909074,0.9792263901053182,115.21428571428571,"{""group_mult"": {""fundamental_mom"": 0.5, ""growth_quality"": 4.0, ""investment"": 4.0, ""low_risk"": 2.0, ""momentum"": 4.0, ""quality"": 0.25, ""survival"": 2.0, ""commodity"": 2.0, ""leverage"": 0.5, ""value"": 0.25}, ""lam"": 1.34, ""top_frac"": 0.2, ""budgets"": {""ai"": 0.19, ""biotech"": 0.122, ""cyber_cloud"": 0.102, ""defense_space"": 0.11, ""energy"": 0.114, ""robotics"": 0.109, ""semiconductors"": 0.254}, ""speed"": 1.0, ""rebalance_months"": 3, ""vol_block"": 0.03}"
2339a44a4941,-0.27841568100199593,-0.3022556420538937,-0.240229459134793,-0.01786124661149937,0.13594383428104084,0.8178868171293789,-0.24478526426664304,1.5144468058728713,0.01652826886905276,0.9684298983588111,378.65384615384613,"{""group_mult"": {""fundamental_mom"": 2.0, ""growth_quality"": 2.0, ""investment"": 0.25, ""low_risk"": 4.0, ""momentum"": 4.0, ""quality"": 4.0, ""survival"": 4.0, ""commodity"": 0.5, ""leverage"": 0.5, ""value"": 1.0}, ""lam"": 0.71, ""top_frac"": 0.75, ""budgets"": {""ai"": 0.112, ""biotech"": 0.101, ""cyber_cloud"": 0.307, ""defense_space"": 0.106, ""energy"": 0.112, ""robotics"": 0.114, ""semiconductors"": 0.148}, ""speed"": 1.0, ""rebalance_months"": 3, ""vol_block"": 0.1}"
9fa25ed58b3f,-0.3211662716345362,-0.2680862159194419,-0.4034456326520584,-0.02527443910285406,0.12840640873899134,0.7956935814049373,-0.24507704960648502,3.368205827356717,0.018299936157462053,0.9773677452666771,106.33516483516483,"{""group_mult"": {""fundamental_mom"": 0.25, ""growth_quality"": 1.0, ""investment"": 1.0, ""low_risk"": 0.5, ""momentum"": 1.0, ""quality"": 0.5, ""survival"": 4.0, ""commodity"": 0.5, ""leverage"": 1.0, ""value"": 0.25}, ""lam"": 0.12, ""top_frac"": 0.2, ""budgets"": {""ai"": 0.105, ""biotech"": 0.278, ""cyber_cloud"": 0.112, ""defense_space"": 0.122, ""energy"": 0.119, ""robotics"": 0.16, ""semiconductors"": 0.105}, ""speed"": 1.0, ""rebalance_months"": 3, ""vol_block"": 0.1}"
a3e4ce9aab18,-0.4600321214453702,-0.5697915074708646,-0.28663286442026,-0.03959733772463565,0.11613187389020041,0.8067215835498742,-0.2088562394599388,1.7114683980551533,0.01660257107042442,0.7989980678611983,289.9835164835165,"{""group_mult"": {""fundamental_mom"": 1.0, ""growth_quality"": 0.5, ""investment"": 2.0, ""low_risk"": 2.0, ""momentum"": 4.0, ""quality"": 4.0, ""survival"": 2.0, ""commodity"": 0.5, ""leverage"": 2.0, ""value"": 2.0}, ""lam"": 0.51, ""top_frac"": 0.5, ""budgets"": {""ai"": 0.154, ""biotech"": 0.101, ""cyber_cloud"": 0.118, ""defense_space"": 0.11, ""energy"": 0.174, ""robotics"": 0.152, ""semiconductors"": 0.191}, ""speed"": 0.5, ""rebalance_months"": 1, ""vol_block"": 0.0}"
8fb2c76e1da5,-0.1803704081076023,-0.3799608034737778,0.13510771928538,-0.01191178954127762,0.13911755765964617,0.7760925345222706,-0.2780594650751188,4.231305732002861,0.02223456005128502,0.9743617715724717,112.91758241758242,"{""group_mult"": {""fundamental_mom"": 4.0, ""growth_quality"": 1.0, ""investment"": 0.5, ""low_risk"": 0.5, ""momentum"": 2.0, ""quality"": 1.0, ""survival"": 2.0, ""commodity"": 4.0, ""leverage"": 2.0, ""value"": 4.0}, ""lam"": 0.85, ""top_frac"": 0.2, ""budgets"": {""ai"": 0.12, ""biotech"": 0.145, ""cyber_cloud"": 0.102, ""defense_space"": 0.167, ""energy"": 0.146, ""robotics"": 0.184, ""semiconductors"": 0.136}, ""speed"": 1.0, ""rebalance_months"": 3, ""vol_block"": 0.03}"
4c74d9623187,-0.43678677510851627,-0.579754355440524,-0.22638900750208973,-0.04264107566522449,0.1147887779122323,0.8593170147456873,-0.1972314120229608,1.19431491275414,0.010714238374019767,0.7850201252465963,255.64285714285714,"{""group_mult"": {""fundamental_mom"": 0.5, ""growth_quality"": 0.25, ""investment"": 1.0, ""low_risk"": 0.25, ""momentum"": 1.0, ""quality"": 1.0, ""survival"": 0.5, ""commodity"": 1.0, ""leverage"": 0.25, ""value"": 1.0}, ""lam"": 1.2, ""top_frac"": 0.5, ""budgets"": {""ai"": 0.144, ""biotech"": 0.125, ""cyber_cloud"": 0.116, ""defense_space"": 0.166, ""energy"": 0.197, ""robotics"": 0.133, ""semiconductors"": 0.12}, ""speed"": 0.5, ""rebalance_months"": 3, ""vol_block"": 0.1}"
3e5d0a25dd13,-0.531592271306626,-0.7500727124318378,-0.2690080330932076,-0.03788253446095528,0.11439899809860377,0.7234079347398522,-0.28257131790611745,4.49508854617876,0.03437921855953467,0.9748737067283157,290.75274725274727,"{""group_mult"": {""fundamental_mom"": 2.0, ""growth_quality"": 0.5, ""investment"": 1.0, ""low_risk"": 2.0, ""momentum"": 0.25, ""quality"": 0.5, ""survival"": 1.0, ""commodity"": 2.0, ""leverage"": 0.25, ""value"": 4.0}, ""lam"": 1.44, ""top_frac"": 0.5, ""budgets"": {""ai"": 0.144, ""biotech"": 0.11, ""cyber_cloud"": 0.174, ""defense_space"": 0.113, ""energy"": 0.194, ""robotics"": 0.119, ""semiconductors"": 0.145}, ""speed"": 1.0, ""rebalance_months"": 1, ""vol_block"": 0.0}"
442c249de0cf,-0.3697831724607439,-0.5755314883470567,-0.06586202204661921,-0.015272839772570176,0.13591704970539364,0.7687826224313495,-0.26313706641847356,1.0375300407196524,0.014169367044704681,0.949251609063995,521.2857142857143,"{""group_mult"": {""fundamental_mom"": 0.25, ""growth_quality"": 2.0, ""investment"": 0.25, ""low_risk"": 0.5, ""momentum"": 1.0, ""quality"": 4.0, ""survival"": 1.0, ""commodity"": 2.0, ""leverage"": 2.0, ""value"": 0.25}, ""lam"": 0.57, ""top_frac"": 1.0, ""budgets"": {""ai"": 0.198, ""biotech"": 0.127, ""cyber_cloud"": 0.111, ""defense_space"": 0.117, ""energy"": 0.177, ""robotics"": 0.139, ""semiconductors"": 0.131}, ""speed"": 1.0, ""rebalance_months"": 3, ""vol_block"": 0.0}"
c21aefa1579f,-0.6377831743540416,-0.79946858207908,-0.4232690253560872,-0.03091718320490327,0.11934833234808262,0.7048769492553323,-0.2791813773405558,1.9109965752955946,0.02472722838207108,0.9753693765072271,497.63186813186815,"{""group_mult"": {""fundamental_mom"": 2.0, ""growth_quality"": 0.5, ""investment"": 1.0, ""low_risk"": 1.0, ""momentum"": 0.5, ""quality"": 1.0, ""survival"": 0.25, ""commodity"": 4.0, ""leverage"": 0.25, ""value"": 1.0}, ""lam"": 0.47, ""top_frac"": 1.0, ""budgets"": {""ai"": 0.185, ""biotech"": 0.112, ""cyber_cloud"": 0.21, ""defense_space"": 0.112, ""energy"": 0.147, ""robotics"": 0.102, ""semiconductors"": 0.131}, ""speed"": 1.0, ""rebalance_months"": 1, ""vol_block"": 0.1}"
3b4a26f2fd79,-0.4445384744066668,-0.45554263272796813,-0.4258316953471175,-0.04784331376524213,0.1097336142089489,0.8508424642370116,-0.2104581073235985,1.3200143296794016,0.009667243698558212,0.7887663897041605,193.24725274725276,"{""group_mult"": {""fundamental_mom"": 1.0, ""growth_quality"": 4.0, ""investment"": 0.5, ""low_risk"": 4.0, ""momentum"": 2.0, ""quality"": 0.5, ""survival"": 2.0, ""commodity"": 1.0, ""leverage"": 0.25, ""value"": 4.0}, ""lam"": 0.98, ""top_frac"": 0.33, ""budgets"": {""ai"": 0.108, ""biotech"": 0.136, ""cyber_cloud"": 0.231, ""defense_space"": 0.111, ""energy"": 0.122, ""robotics"": 0.189, ""semiconductors"": 0.103}, ""speed"": 0.5, ""rebalance_months"": 3, ""vol_block"": 0.0}"
3798ce45f4d8,-0.582514234695876,-0.9852635783024094,-0.1378316018927662,-0.031045147665536482,0.11996338221798752,0.7185546321905638,-0.28220765607845955,1.9148965157106081,0.019278471572250995,0.9612154877193508,412.52197802197804,"{""group_mult"": {""fundamental_mom"": 1.0, ""growth_quality"": 2.0, ""investment"": 1.0, ""low_risk"": 0.25, ""momentum"": 0.5, ""quality"": 0.25, ""survival"": 0.25, ""commodity"": 4.0, ""leverage"": 0.25, ""value"": 0.5}, ""lam"": 1.44, ""top_frac"": 0.75, ""budgets"": {""ai"": 0.112, ""biotech"": 0.156, ""cyber_cloud"": 0.168, ""defense_space"": 0.177, ""energy"": 0.181, ""robotics"": 0.103, ""semiconductors"": 0.102}, ""speed"": 1.0, ""rebalance_months"": 3, ""vol_block"": 0.0}"
bf466e1a0324,-0.3996277790221843,-0.4135130474619651,-0.3823443294083664,-0.03281040177978305,0.123207801201485,0.837835891270031,-0.22437147167571536,0.9910930421861035,0.014384560836741323,0.8602598993162931,412.3736263736264,"{""group_mult"": {""fundamental_mom"": 0.5, ""growth_quality"": 4.0, ""investment"": 2.0, ""low_risk"": 2.0, ""momentum"": 1.0, ""quality"": 2.0, ""survival"": 1.0, ""commodity"": 4.0, ""leverage"": 4.0, ""value"": 4.0}, ""lam"": 1.38, ""top_frac"": 1.0, ""budgets"": {""ai"": 0.163, ""biotech"": 0.144, ""cyber_cloud"": 0.127, ""defense_space"": 0.18, ""energy"": 0.141, ""robotics"": 0.104, ""semiconductors"": 0.14}, ""speed"": 0.5, ""rebalance_months"": 1, ""vol_block"": 0.1}"
7fdcb3d3de7a,-0.7314531043073562,-0.9391851108274415,-0.4397872456133236,-0.04538261785575988,0.1034107929091912,0.626941083745536,-0.28305284942916564,4.873830314127213,0.03207539031907678,0.983668991567509,194.4010989010989,"{""group_mult"": {""fundamental_mom"": 4.0, ""growth_quality"": 1.0, ""investment"": 4.0, ""low_risk"": 1.0, ""momentum"": 0.25, ""quality"": 1.0, ""survival"": 1.0, ""commodity"": 0.25, ""leverage"": 0.25, ""value"": 1.0}, ""lam"": 0.35, ""top_frac"": 0.33, ""budgets"": {""ai"": 0.108, ""biotech"": 0.109, ""cyber_cloud"": 0.133, ""defense_space"": 0.16, ""energy"": 0.172, ""robotics"": 0.216, ""semiconductors"": 0.102}, ""speed"": 1.0, ""rebalance_months"": 1, ""vol_block"": 0.0}"
2046fa1efeb3,-0.3801421261846508,-0.41893793935355395,-0.3289385071855251,-0.022494576752927584,0.12734295089883418,0.72463043945007,-0.27039898419439357,3.564901652856391,0.031428179363610614,0.9834736398064464,280.2857142857143,"{""group_mult"": {""fundamental_mom"": 0.25, ""growth_quality"": 0.25, ""investment"": 0.5, ""low_risk"": 1.0, ""momentum"": 4.0, ""quality"": 2.0, ""survival"": 2.0, ""commodity"": 4.0, ""leverage"": 1.0, ""value"": 2.0}, ""lam"": 0.76, ""top_frac"": 0.5, ""budgets"": {""ai"": 0.106, ""biotech"": 0.149, ""cyber_cloud"": 0.103, ""defense_space"": 0.104, ""energy"": 0.11, ""robotics"": 0.25, ""semiconductors"": 0.179}, ""speed"": 1.0, ""rebalance_months"": 1, ""vol_block"": 0.03}"
f9f3f3d69382,-0.18419671131981602,-0.14823453457282862,-0.23531469062000404,-0.021081745958629577,0.13824981483512122,0.9902131937276717,-0.21352793241614076,3.207742632171029,0.015531287287933775,0.9783210298799354,106.41208791208791,"{""group_mult"": {""fundamental_mom"": 0.25, ""growth_quality"": 0.5, ""investment"": 0.25, ""low_risk"": 4.0, ""momentum"": 2.0, ""quality"": 0.5, ""survival"": 0.5, ""commodity"": 4.0, ""leverage"": 1.0, ""value"": 0.5}, ""lam"": 1.21, ""top_frac"": 0.2, ""budgets"": {""ai"": 0.127, ""biotech"": 0.242, ""cyber_cloud"": 0.119, ""defense_space"": 0.138, ""energy"": 0.102, ""robotics"": 0.167, ""semiconductors"": 0.105}, ""speed"": 1.0, ""rebalance_months"": 3, ""vol_block"": 0.1}"
a231942a34da,-0.2691093240060347,-0.361819219239916,-0.1301700402797985,-0.018237872605499326,0.13450294002347674,0.7887583670131969,-0.22420723186188918,2.9908129343660583,0.015608336883175958,0.9637323714250976,113.35714285714286,"{""group_mult"": {""fundamental_mom"": 0.25, ""growth_quality"": 1.0, ""investment"": 4.0, ""low_risk"": 0.25, ""momentum"": 0.5, ""quality"": 1.0, ""survival"": 1.0, ""commodity"": 0.25, ""leverage"": 2.0, ""value"": 4.0}, ""lam"": 1.06, ""top_frac"": 0.2, ""budgets"": {""ai"": 0.1, ""biotech"": 0.108, ""cyber_cloud"": 0.162, ""defense_space"": 0.153, ""energy"": 0.103, ""robotics"": 0.271, ""semiconductors"": 0.103}, ""speed"": 1.0, ""rebalance_months"": 3, ""vol_block"": 0.03}"
b5eb2b2aeec2,-0.35621177041671054,-0.42446224528372867,-0.2635692404857932,-0.03575707810369722,0.11986000253654328,0.8221762076489618,-0.25807657865004474,7.14148843049343,0.035489066406285116,0.9826134516438844,115.9010989010989,"{""group_mult"": {""fundamental_mom"": 2.0, ""growth_quality"": 2.0, ""investment"": 2.0, ""low_risk"": 4.0, ""momentum"": 0.5, ""quality"": 0.25, ""survival"": 1.0, ""commodity"": 2.0, ""leverage"": 0.25, ""value"": 1.0}, ""lam"": 0.3, ""top_frac"": 0.2, ""budgets"": {""ai"": 0.161, ""biotech"": 0.154, ""cyber_cloud"": 0.15, ""defense_space"": 0.154, ""energy"": 0.106, ""robotics"": 0.133, ""semiconductors"": 0.143}, ""speed"": 1.0, ""rebalance_months"": 1, ""vol_block"": 0.03}"
da58a09274f3,-0.5720424105282313,-0.696438884171664,-0.40518217079154156,-0.02966291932109094,0.1203200739009822,0.7033485619593921,-0.26208297136243497,3.0571272160935523,0.0320232517889459,0.9866931769641025,281.0879120879121,"{""group_mult"": {""fundamental_mom"": 1.0, ""growth_quality"": 4.0, ""investment"": 1.0, ""low_risk"": 1.0, ""momentum"": 2.0, ""quality"": 4.0, ""survival"": 0.5, ""commodity"": 1.0, ""leverage"": 2.0, ""value"": 0.5}, ""lam"": 0.05, ""top_frac"": 0.5, ""budgets"": {""ai"": 0.174, ""biotech"": 0.174, ""cyber_cloud"": 0.123, ""defense_space"": 0.111, ""energy"": 0.129, ""robotics"": 0.166, ""semiconductors"": 0.122}, ""speed"": 1.0, ""rebalance_months"": 1, ""vol_block"": 0.03}"
4b5d187326af,-0.5399174242440022,-0.7810949387985117,-0.23892825768005577,-0.030608223087421456,0.11971375512157145,0.7079602922885323,-0.27315565442795775,3.8761814678292117,0.03580051344286059,0.9888413275877703,259.45054945054943,"{""group_mult"": {""fundamental_mom"": 4.0, ""growth_quality"": 0.5, ""investment"": 0.25, ""low_risk"": 1.0, ""momentum"": 2.0, ""quality"": 4.0, ""survival"": 0.5, ""commodity"": 0.25, ""leverage"": 2.0, ""value"": 0.25}, ""lam"": 0.02, ""top_frac"": 0.5, ""budgets"": {""ai"": 0.219, ""biotech"": 0.137, ""cyber_cloud"": 0.109, ""defense_space"": 0.109, ""energy"": 0.179, ""robotics"": 0.101, ""semiconductors"": 0.146}, ""speed"": 1.0, ""rebalance_months"": 1, ""vol_block"": 0.1}"
b62b98bb3b89,-0.6761071520067659,-0.7340740308624101,-0.5677489439404965,-0.05141984303037331,0.1027388039717474,0.7161149599189612,-0.2105199233186008,2.5697383327320686,0.02202185119693642,0.719583990519312,278.65384615384613,"{""group_mult"": {""fundamental_mom"": 4.0, ""growth_quality"": 0.25, ""investment"": 0.5, ""low_risk"": 0.25, ""momentum"": 0.5, ""quality"": 0.25, ""survival"": 2.0, ""commodity"": 0.5, ""leverage"": 1.0, ""value"": 1.0}, ""lam"": 0.83, ""top_frac"": 0.5, ""budgets"": {""ai"": 0.111, ""biotech"": 0.157, ""cyber_cloud"": 0.126, ""defense_space"": 0.15, ""energy"": 0.124, ""robotics"": 0.151, ""semiconductors"": 0.181}, ""speed"": 0.5, ""rebalance_months"": 1, ""vol_block"": 0.03}"
ba7464758eb0,-0.45768889290159714,-0.495580338873284,-0.39679153307564674,-0.039543861219732655,0.11639236105364081,0.8132862416214068,-0.19986879188595041,2.062961041240034,0.015907283693923635,0.8022592900461949,188.57692307692307,"{""group_mult"": {""fundamental_mom"": 0.25, ""growth_quality"": 2.0, ""investment"": 0.25, ""low_risk"": 0.5, ""momentum"": 0.5, ""quality"": 0.5, ""survival"": 0.5, ""commodity"": 2.0, ""leverage"": 4.0, ""value"": 0.5}, ""lam"": 0.84, ""top_frac"": 0.33, ""budgets"": {""ai"": 0.151, ""biotech"": 0.19, ""cyber_cloud"": 0.169, ""defense_space"": 0.105, ""energy"": 0.13, ""robotics"": 0.131, ""semiconductors"": 0.124}, ""speed"": 0.5, ""rebalance_months"": 1, ""vol_block"": 0.03}"
ac34ec9948ef,-0.6142526871834945,-0.7060102909339661,-0.49950466468785026,-0.02919589636800219,0.11960859758392894,0.684862648079985,-0.2765058274907367,2.651359310878017,0.037238392745492406,0.9874388466219527,385.7307692307692,"{""group_mult"": {""fundamental_mom"": 4.0, ""growth_quality"": 2.0, ""investment"": 1.0, ""low_risk"": 0.5, ""momentum"": 4.0, ""quality"": 2.0, ""survival"": 2.0, ""commodity"": 0.25, ""leverage"": 0.5, ""value"": 0.25}, ""lam"": 0.1, ""top_frac"": 0.75, ""budgets"": {""ai"": 0.263, ""biotech"": 0.116, ""cyber_cloud"": 0.146, ""defense_space"": 0.119, ""energy"": 0.108, ""robotics"": 0.132, ""semiconductors"": 0.117}, ""speed"": 1.0, ""rebalance_months"": 1, ""vol_block"": 0.1}"
b3d610fc7142,-0.4120403428980179,-0.472339444449582,-0.32347259128502776,-0.030920012915613845,0.12458347953537885,0.8253313001399847,-0.2095718222134776,0.7878231636935431,0.009149924777105956,0.8473292618820059,404.1703296703297,"{""group_mult"": {""fundamental_mom"": 0.5, ""growth_quality"": 0.25, ""investment"": 0.5, ""low_risk"": 0.25, ""momentum"": 0.5, ""quality"": 2.0, ""survival"": 0.25, ""commodity"": 0.25, ""leverage"": 2.0, ""value"": 4.0}, ""lam"": 0.28, ""top_frac"": 0.75, ""budgets"": {""ai"": 0.126, ""biotech"": 0.112, ""cyber_cloud"": 0.195, ""defense_space"": 0.181, ""energy"": 0.131, ""robotics"": 0.148, ""semiconductors"": 0.106}, ""speed"": 0.5, ""rebalance_months"": 3, ""vol_block"": 0.03}"
9cc645e5dcae,-0.3679434055683065,-0.35864978182194956,-0.3818744546457726,-0.025269202065972524,0.12933764379089352,0.8170852719291395,-0.2203884480093009,1.1268643652679335,0.01395075652257119,0.8548832761765941,416.74175824175825,"{""group_mult"": {""fundamental_mom"": 1.0, ""growth_quality"": 4.0, ""investment"": 1.0, ""low_risk"": 1.0, ""momentum"": 2.0, ""quality"": 0.5, ""survival"": 0.5, ""commodity"": 2.0, ""leverage"": 1.0, ""value"": 2.0}, ""lam"": 0.41, ""top_frac"": 0.75, ""budgets"": {""ai"": 0.186, ""biotech"": 0.108, ""cyber_cloud"": 0.103, ""defense_space"": 0.117, ""energy"": 0.153, ""robotics"": 0.181, ""semiconductors"": 0.152}, ""speed"": 0.5, ""rebalance_months"": 1, ""vol_block"": 0.03}"
08fe93ea587b,-0.44532582798821013,-0.6393176745304335,-0.2348307698524274,-0.024144265698157696,0.12725833037212042,0.7486136998002806,-0.2804577996171932,1.5458662185431287,0.020208093784368948,0.9661356799045379,460.0824175824176,"{""group_mult"": {""fundamental_mom"": 2.0, ""growth_quality"": 0.25, ""investment"": 0.25, ""low_risk"": 0.25, ""momentum"": 4.0, ""quality"": 0.5, ""survival"": 0.25, ""commodity"": 4.0, ""leverage"": 4.0, ""value"": 0.25}, ""lam"": 0.63, ""top_frac"": 1.0, ""budgets"": {""ai"": 0.101, ""biotech"": 0.19, ""cyber_cloud"": 0.142, ""defense_space"": 0.113, ""energy"": 0.2, ""robotics"": 0.129, ""semiconductors"": 0.124}, ""speed"": 1.0, ""rebalance_months"": 3, ""vol_block"": 0.1}"
b0705bd174f8,-0.368582670694296,-0.402618669460228,-0.31303257084087005,-0.043941494140333826,0.11568689414182809,0.9638335255649894,-0.1808619390154972,1.4893991510665419,0.01026997796231972,0.7726143349390578,173.54395604395606,"{""group_mult"": {""fundamental_mom"": 1.0, ""growth_quality"": 2.0, ""investment"": 0.5, ""low_risk"": 4.0, ""momentum"": 0.25, ""quality"": 0.5, ""survival"": 0.25, ""commodity"": 0.5, ""leverage"": 2.0, ""value"": 1.0}, ""lam"": 1.28, ""top_frac"": 0.33, ""budgets"": {""ai"": 0.242, ""biotech"": 0.119, ""cyber_cloud"": 0.152, ""defense_space"": 0.109, ""energy"": 0.141, ""robotics"": 0.116, ""semiconductors"": 0.122}, ""speed"": 0.5, ""rebalance_months"": 3, ""vol_block"": 0.1}"
ca3031cd6293,-0.5025654021594099,-0.6120007098339387,-0.33669971428426787,-0.054239490960629466,0.10350215560844633,0.8365307429658392,-0.1980856700777761,2.889850647710534,0.020722605400902306,0.7692042003796515,175.0164835164835,"{""group_mult"": {""fundamental_mom"": 1.0, ""growth_quality"": 1.0, ""investment"": 2.0, ""low_risk"": 2.0, ""momentum"": 1.0, ""quality"": 0.5, ""survival"": 1.0, ""commodity"": 2.0, ""leverage"": 4.0, ""value"": 2.0}, ""lam"": 1.3, ""top_frac"": 0.33, ""budgets"": {""ai"": 0.132, ""biotech"": 0.175, ""cyber_cloud"": 0.103, ""defense_space"": 0.107, ""energy"": 0.169, ""robotics"": 0.123, ""semiconductors"": 0.191}, ""speed"": 0.5, ""rebalance_months"": 1, ""vol_block"": 0.1}"
2d9f35fbc0fa,-0.36036293100923855,-0.3439592497751179,-0.38430835749767145,-0.01591345894831033,0.13533616201185517,0.7688130964303469,-0.26927663541201297,1.1977932505462785,0.0159759038532842,0.9589005812000607,485.7307692307692,"{""group_mult"": {""fundamental_mom"": 1.0, ""growth_quality"": 4.0, ""investment"": 0.25, ""low_risk"": 1.0, ""momentum"": 1.0, ""quality"": 0.25, ""survival"": 4.0, ""commodity"": 1.0, ""leverage"": 2.0, ""value"": 1.0}, ""lam"": 0.42, ""top_frac"": 1.0, ""budgets"": {""ai"": 0.148, ""biotech"": 0.141, ""cyber_cloud"": 0.147, ""defense_space"": 0.156, ""energy"": 0.133, ""robotics"": 0.112, ""semiconductors"": 0.161}, ""speed"": 1.0, ""rebalance_months"": 3, ""vol_block"": 0.1}"
6095d59721fb,-0.5628090089442651,-0.8215740098511327,-0.2384287257584519,-0.033497136070613345,0.11768899446516468,0.7147631035675615,-0.27278686792389206,2.741104912375347,0.023850221613829173,0.9806490680620975,260.75274725274727,"{""group_mult"": {""fundamental_mom"": 0.25, ""growth_quality"": 4.0, ""investment"": 0.5, ""low_risk"": 1.0, ""momentum"": 0.5, ""quality"": 4.0, ""survival"": 1.0, ""commodity"": 0.5, ""leverage"": 0.5, ""value"": 1.0}, ""lam"": 0.59, ""top_frac"": 0.5, ""budgets"": {""ai"": 0.12, ""biotech"": 0.108, ""cyber_cloud"": 0.153, ""defense_space"": 0.187, ""energy"": 0.184, ""robotics"": 0.126, ""semiconductors"": 0.121}, ""speed"": 1.0, ""rebalance_months"": 1, ""vol_block"": 0.1}"
0cf5ee0949f5,-0.3162257536256127,-0.4059303822663017,-0.1647256526523713,-0.026814977476052167,0.1278678079703759,0.8133710206103856,-0.21499433423317782,2.7266501404161922,0.020737893481897224,0.7773834138255746,188.1978021978022,"{""group_mult"": {""fundamental_mom"": 0.25, ""growth_quality"": 2.0, ""investment"": 0.25, ""low_risk"": 0.25, ""momentum"": 4.0, ""quality"": 2.0, ""survival"": 0.5, ""commodity"": 4.0, ""leverage"": 0.5, ""value"": 0.5}, ""lam"": 0.37, ""top_frac"": 0.33, ""budgets"": {""ai"": 0.116, ""biotech"": 0.112, ""cyber_cloud"": 0.101, ""defense_space"": 0.117, ""energy"": 0.12, ""robotics"": 0.119, ""semiconductors"": 0.315}, ""speed"": 0.5, ""rebalance_months"": 1, ""vol_block"": 0.03}"
41f938f8655b,-0.4576476559821539,-0.5880384150265422,-0.2496563630507891,-0.0454422944306072,0.11241998236074235,0.8675952649552867,-0.18549707268158322,1.4615345002184201,0.012432324376991388,0.7344529347469474,255.34065934065933,"{""group_mult"": {""fundamental_mom"": 4.0, ""growth_quality"": 0.25, ""investment"": 4.0, ""low_risk"": 1.0, ""momentum"": 2.0, ""quality"": 2.0, ""survival"": 0.5, ""commodity"": 0.5, ""leverage"": 0.25, ""value"": 0.25}, ""lam"": 0.93, ""top_frac"": 0.5, ""budgets"": {""ai"": 0.104, ""biotech"": 0.103, ""cyber_cloud"": 0.223, ""defense_space"": 0.102, ""energy"": 0.163, ""robotics"": 0.158, ""semiconductors"": 0.147}, ""speed"": 0.5, ""rebalance_months"": 3, ""vol_block"": 0.1}"
8096d193f545,-0.5113936302211561,-0.5897392514553802,-0.37714909217601184,-0.05155673483020681,0.10635833956218432,0.8511024791156256,-0.17519950882715207,1.5557099490526314,0.013571023508004754,0.6971788972021851,283.94505494505495,"{""group_mult"": {""fundamental_mom"": 4.0, ""growth_quality"": 0.25, ""investment"": 1.0, ""low_risk"": 2.0, ""momentum"": 0.5, ""quality"": 0.5, ""survival"": 2.0, ""commodity"": 0.5, ""leverage"": 1.0, ""value"": 0.25}, ""lam"": 0.4, ""top_frac"": 0.5, ""budgets"": {""ai"": 0.108, ""biotech"": 0.129, ""cyber_cloud"": 0.213, ""defense_space"": 0.123, ""energy"": 0.14, ""robotics"": 0.103, ""semiconductors"": 0.184}, ""speed"": 0.5, ""rebalance_months"": 3, ""vol_block"": 0.0}"
6170a8929415,-0.5759636347794119,-0.46584098529581053,-0.7465858859510711,-0.022566915175808444,0.1273527599864417,0.7241072470471409,-0.2697624085123054,0.9652679010171276,0.014665699150786866,0.9432048058730967,540.9835164835165,"{""group_mult"": {""fundamental_mom"": 0.5, ""growth_quality"": 1.0, ""investment"": 0.25, ""low_risk"": 4.0, ""momentum"": 2.0, ""quality"": 1.0, ""survival"": 2.0, ""commodity"": 0.25, ""leverage"": 1.0, ""value"": 0.25}, ""lam"": 0.19, ""top_frac"": 1.0, ""budgets"": {""ai"": 0.109, ""biotech"": 0.141, ""cyber_cloud"": 0.214, ""defense_space"": 0.126, ""energy"": 0.112, ""robotics"": 0.179, ""semiconductors"": 0.119}, ""speed"": 1.0, ""rebalance_months"": 3, ""vol_block"": 0.0}"
482afda69636,-0.6877207087650726,-0.6965257473839853,-0.6730947890273926,-0.04119886446078638,0.10871437324339772,0.6630283437089749,-0.27540419002943384,5.524083311917031,0.03504347113805039,0.9816710898910199,194.4065934065934,"{""group_mult"": {""fundamental_mom"": 2.0, ""growth_quality"": 1.0, ""investment"": 0.25, ""low_risk"": 2.0, ""momentum"": 0.25, ""quality"": 0.5, ""survival"": 4.0, ""commodity"": 0.25, ""leverage"": 4.0, ""value"": 0.5}, ""lam"": 0.21, ""top_frac"": 0.33, ""budgets"": {""ai"": 0.112, ""biotech"": 0.148, ""cyber_cloud"": 0.149, ""defense_space"": 0.157, ""energy"": 0.163, ""robotics"": 0.168, ""semiconductors"": 0.104}, ""speed"": 1.0, ""rebalance_months"": 1, ""vol_block"": 0.0}"
ee3ebc90db21,-0.5174322717147216,-0.6103468113419968,-0.36199777933486776,-0.05761061716851755,0.10008180393542121,0.8222216709138287,-0.175863945447295,2.127790710202731,0.012102255550306607,0.6921511356343608,105.48351648351648,"{""group_mult"": {""fundamental_mom"": 0.25, ""growth_quality"": 0.5, ""investment"": 0.25, ""low_risk"": 0.5, ""momentum"": 2.0, ""quality"": 0.5, ""survival"": 4.0, ""commodity"": 0.25, ""leverage"": 4.0, ""value"": 2.0}, ""lam"": 0.17, ""top_frac"": 0.2, ""budgets"": {""ai"": 0.103, ""biotech"": 0.142, ""cyber_cloud"": 0.158, ""defense_space"": 0.161, ""energy"": 0.159, ""robotics"": 0.149, ""semiconductors"": 0.128}, ""speed"": 0.5, ""rebalance_months"": 3, ""vol_block"": 0.1}"
948c291118c4,-0.3941724345201043,-0.465822247558328,-0.2889874320787014,-0.03545384144159118,0.1215382988884961,0.8640440104580693,-0.21764872200284213,0.902366373865666,0.01040857612983953,0.843509260048026,406.02197802197804,"{""group_mult"": {""fundamental_mom"": 4.0, ""growth_quality"": 0.5, ""investment"": 1.0, ""low_risk"": 4.0, ""momentum"": 2.0, ""quality"": 0.5, ""survival"": 2.0, ""commodity"": 1.0, ""leverage"": 4.0, ""value"": 0.25}, ""lam"": 1.09, ""top_frac"": 0.75, ""budgets"": {""ai"": 0.132, ""biotech"": 0.117, ""cyber_cloud"": 0.121, ""defense_space"": 0.214, ""energy"": 0.167, ""robotics"": 0.127, ""semiconductors"": 0.123}, ""speed"": 0.5, ""rebalance_months"": 3, ""vol_block"": 0.03}"
fa6d09ba3b61,-0.4199311334364762,-0.49592491939822236,-0.3096758694598354,-0.03374122737017402,0.122279719668827,0.8330084133903721,-0.20142207629711462,0.6874991228591059,0.008835469351155402,0.8449435076037162,403.1373626373626,"{""group_mult"": {""fundamental_mom"": 0.25, ""growth_quality"": 0.5, ""investment"": 0.5, ""low_risk"": 0.5, ""momentum"": 0.25, ""quality"": 4.0, ""survival"": 0.25, ""commodity"": 0.5, ""leverage"": 2.0, ""value"": 0.25}, ""lam"": 1.05, ""top_frac"": 0.75, ""budgets"": {""ai"": 0.135, ""biotech"": 0.113, ""cyber_cloud"": 0.193, ""defense_space"": 0.165, ""energy"": 0.168, ""robotics"": 0.126, ""semiconductors"": 0.1}, ""speed"": 0.5, ""rebalance_months"": 3, ""vol_block"": 0.03}"
d9497ba0bbff,-0.6394184734886752,-0.8082812302781066,-0.4014173653717588,-0.06913080933577767,0.08759166123034512,0.7324677559263655,-0.19554943010113102,3.0999864521007185,0.02150966452009282,0.711972165503955,188.6978021978022,"{""group_mult"": {""fundamental_mom"": 2.0, ""growth_quality"": 0.5, ""investment"": 2.0, ""low_risk"": 1.0, ""momentum"": 1.0, ""quality"": 0.25, ""survival"": 0.5, ""commodity"": 0.25, ""leverage"": 0.25, ""value"": 4.0}, ""lam"": 0.09, ""top_frac"": 0.33, ""budgets"": {""ai"": 0.101, ""biotech"": 0.106, ""cyber_cloud"": 0.21, ""defense_space"": 0.185, ""energy"": 0.17, ""robotics"": 0.124, ""semiconductors"": 0.104}, ""speed"": 0.5, ""rebalance_months"": 1, ""vol_block"": 0.03}"
1f43529b2e1d,-0.5657520898837664,-0.7010565431119233,-0.339823985294431,-0.058094913664102965,0.0990547816962073,0.7945534691119631,-0.1917632281483661,3.9334784028249326,0.023230957737024733,0.7182633295010765,115.73076923076923,"{""group_mult"": {""fundamental_mom"": 0.5, ""growth_quality"": 0.25, ""investment"": 1.0, ""low_risk"": 0.5, ""momentum"": 0.5, ""quality"": 0.25, ""survival"": 2.0, ""commodity"": 4.0, ""leverage"": 0.5, ""value"": 0.25}, ""lam"": 0.31, ""top_frac"": 0.2, ""budgets"": {""ai"": 0.104, ""biotech"": 0.142, ""cyber_cloud"": 0.203, ""defense_space"": 0.142, ""energy"": 0.122, ""robotics"": 0.112, ""semiconductors"": 0.175}, ""speed"": 0.5, ""rebalance_months"": 1, ""vol_block"": 0.03}"
6e06eed3661c,-0.4893400016271644,-0.6676407169361577,-0.24809935066585623,-0.042991452107600185,0.11314821799356789,0.8102962408056958,-0.2232743687672566,1.6518999578919815,0.01572157244621454,0.8154466376591202,260.84065934065933,"{""group_mult"": {""fundamental_mom"": 0.25, ""growth_quality"": 2.0, ""investment"": 1.0, ""low_risk"": 0.5, ""momentum"": 0.5, ""quality"": 2.0, ""survival"": 0.5, ""commodity"": 4.0, ""leverage"": 0.5, ""value"": 0.25}, ""lam"": 1.09, ""top_frac"": 0.5, ""budgets"": {""ai"": 0.137, ""biotech"": 0.1, ""cyber_cloud"": 0.178, ""defense_space"": 0.17, ""energy"": 0.205, ""robotics"": 0.105, ""semiconductors"": 0.105}, ""speed"": 0.5, ""rebalance_months"": 1, ""vol_block"": 0.1}"
e9c4f65b18f2,-0.655115700890716,-1.0422789253766453,-0.1914286662410226,-0.03371604856263204,0.11638920295432476,0.691855973384468,-0.28148136872002083,2.7332388061676913,0.025913897077741978,0.9775128783955744,281.18131868131866,"{""group_mult"": {""fundamental_mom"": 1.0, ""growth_quality"": 4.0, ""investment"": 1.0, ""low_risk"": 1.0, ""momentum"": 0.5, ""quality"": 4.0, ""survival"": 2.0, ""commodity"": 1.0, ""leverage"": 0.5, ""value"": 0.5}, ""lam"": 0.56, ""top_frac"": 0.5, ""budgets"": {""ai"": 0.148, ""biotech"": 0.186, ""cyber_cloud"": 0.101, ""defense_space"": 0.107, ""energy"": 0.221, ""robotics"": 0.105, ""semiconductors"": 0.133}, ""speed"": 1.0, ""rebalance_months"": 1, ""vol_block"": 0.03}"
264df7d69393,-0.5473219766619544,-0.657740823002462,-0.38083296697941643,-0.05828327953352737,0.09900511941147694,0.8016307469796967,-0.20178572225554425,3.539648252450196,0.020529484535013916,0.7417226546166348,115.95604395604396,"{""group_mult"": {""fundamental_mom"": 0.5, ""growth_quality"": 0.25, ""investment"": 4.0, ""low_risk"": 1.0, ""momentum"": 2.0, ""quality"": 0.5, ""survival"": 4.0, ""commodity"": 2.0, ""leverage"": 4.0, ""value"": 0.5}, ""lam"": 0.43, ""top_frac"": 0.2, ""budgets"": {""ai"": 0.118, ""biotech"": 0.178, ""cyber_cloud"": 0.112, ""defense_space"": 0.171, ""energy"": 0.149, ""robotics"": 0.164, ""semiconductors"": 0.108}, ""speed"": 0.5, ""rebalance_months"": 1, ""vol_block"": 0.03}"
837f676a78d6,-0.5331861469252179,-0.917712568923941,-0.12056580475532941,-0.026155591289951388,0.12344153281285908,0.7077426247614098,-0.28758576274226166,1.1327016571028028,0.018984465305297123,0.9654080097696758,520.4010989010989,"{""group_mult"": {""fundamental_mom"": 0.25, ""growth_quality"": 0.25, ""investment"": 4.0, ""low_risk"": 1.0, ""momentum"": 4.0, ""quality"": 0.5, ""survival"": 2.0, ""commodity"": 0.25, ""leverage"": 4.0, ""value"": 0.5}, ""lam"": 0.51, ""top_frac"": 1.0, ""budgets"": {""ai"": 0.102, ""biotech"": 0.104, ""cyber_cloud"": 0.109, ""defense_space"": 0.129, ""energy"": 0.252, ""robotics"": 0.183, ""semiconductors"": 0.121}, ""speed"": 1.0, ""rebalance_months"": 3, ""vol_block"": 0.0}"
019dfbd87260,-0.4813408911649519,-0.5663750569450873,-0.3747844977270689,-0.03142662170030746,0.12041692575344953,0.7351947131794742,-0.2626146610792126,3.201559299919894,0.028484977178937648,0.9853414137866127,261.0769230769231,"{""group_mult"": {""fundamental_mom"": 0.25, ""growth_quality"": 4.0, ""investment"": 4.0, ""low_risk"": 2.0, ""momentum"": 2.0, ""quality"": 1.0, ""survival"": 0.25, ""commodity"": 1.0, ""leverage"": 1.0, ""value"": 2.0}, ""lam"": 0.28, ""top_frac"": 0.5, ""budgets"": {""ai"": 0.135, ""biotech"": 0.129, ""cyber_cloud"": 0.128, ""defense_space"": 0.191, ""energy"": 0.121, ""robotics"": 0.148, ""semiconductors"": 0.148}, ""speed"": 1.0, ""rebalance_months"": 1, ""vol_block"": 0.1}"
f70840a5c801,-0.39660369229529835,-0.4286330508913438,-0.348442767080511,-0.039811094665215555,0.11501372015723899,0.7833387531208259,-0.23731924278944494,6.6933928031500916,0.034234902789665275,0.9834917165582362,119.55494505494505,"{""group_mult"": {""fundamental_mom"": 0.5, ""growth_quality"": 1.0, ""investment"": 0.25, ""low_risk"": 2.0, ""momentum"": 2.0, ""quality"": 0.25, ""survival"": 1.0, ""commodity"": 1.0, ""leverage"": 2.0, ""value"": 4.0}, ""lam"": 0.92, ""top_frac"": 0.2, ""budgets"": {""ai"": 0.164, ""biotech"": 0.11, ""cyber_cloud"": 0.249, ""defense_space"": 0.128, ""energy"": 0.106, ""robotics"": 0.139, ""semiconductors"": 0.105}, ""speed"": 1.0, ""rebalance_months"": 1, ""vol_block"": 0.0}"
e0e7cfddf530,-0.2633338696105247,-0.32755644472610757,-0.16476235745909962,-0.015008028428622516,0.13839225779336628,0.8156849200116911,-0.24553113983243569,1.3481885823279607,0.013941756357817435,0.9584446859159611,423.81868131868134,"{""group_mult"": {""fundamental_mom"": 0.5, ""growth_quality"": 0.25, ""investment"": 0.25, ""low_risk"": 2.0, ""momentum"": 2.0, ""quality"": 4.0, ""survival"": 2.0, ""commodity"": 2.0, ""leverage"": 0.5, ""value"": 0.5}, ""lam"": 1.37, ""top_frac"": 1.0, ""budgets"": {""ai"": 0.133, ""biotech"": 0.164, ""cyber_cloud"": 0.146, ""defense_space"": 0.102, ""energy"": 0.112, ""robotics"": 0.178, ""semiconductors"": 0.165}, ""speed"": 1.0, ""rebalance_months"": 3, ""vol_block"": 0.0}"
82959bbeac04,-0.5528814035595937,-0.658916360520087,-0.39727351972140745,-0.048369525836755245,0.10373836810792803,0.6797011489050374,-0.22455249063957516,6.6532871398498035,0.03695448155004412,0.9932543463619218,107.8021978021978,"{""group_mult"": {""fundamental_mom"": 1.0, ""growth_quality"": 2.0, ""investment"": 2.0, ""low_risk"": 1.0, ""momentum"": 4.0, ""quality"": 2.0, ""survival"": 0.5, ""commodity"": 4.0, ""leverage"": 4.0, ""value"": 4.0}, ""lam"": 0.01, ""top_frac"": 0.2, ""budgets"": {""ai"": 0.112, ""biotech"": 0.199, ""cyber_cloud"": 0.237, ""defense_space"": 0.121, ""energy"": 0.102, ""robotics"": 0.106, ""semiconductors"": 0.122}, ""speed"": 1.0, ""rebalance_months"": 1, ""vol_block"": 0.1}"
7bc27ebd42f4,-0.38912023149576624,-0.5213930732137777,-0.21310058462792997,-0.025798528524693137,0.12766316896930863,0.7897507041422178,-0.2568085994848419,1.5783266418723423,0.019033507144883458,0.9700766650849921,418.2692307692308,"{""group_mult"": {""fundamental_mom"": 0.5, ""growth_quality"": 1.0, ""investment"": 0.5, ""low_risk"": 2.0, ""momentum"": 4.0, ""quality"": 0.25, ""survival"": 0.25, ""commodity"": 1.0, ""leverage"": 0.25, ""value"": 2.0}, ""lam"": 1.11, ""top_frac"": 0.75, ""budgets"": {""ai"": 0.124, ""biotech"": 0.154, ""cyber_cloud"": 0.161, ""defense_space"": 0.141, ""energy"": 0.186, ""robotics"": 0.12, ""semiconductors"": 0.113}, ""speed"": 1.0, ""rebalance_months"": 3, ""vol_block"": 0.0}"
dbd2d87086ea,-0.23820818697065155,-0.2122803610835384,-0.2771292140945886,-0.015113286047573369,0.13848865634833718,0.8189391716950046,-0.22967307182127916,0.761346799304288,0.009591725765689252,0.8792428516823934,418.2032967032967,"{""group_mult"": {""fundamental_mom"": 0.25, ""growth_quality"": 2.0, ""investment"": 1.0, ""low_risk"": 0.25, ""momentum"": 2.0, ""quality"": 1.0, ""survival"": 0.25, ""commodity"": 2.0, ""leverage"": 1.0, ""value"": 0.25}, ""lam"": 0.79, ""top_frac"": 0.75, ""budgets"": {""ai"": 0.119, ""biotech"": 0.125, ""cyber_cloud"": 0.122, ""defense_space"": 0.1, ""energy"": 0.135, ""robotics"": 0.194, ""semiconductors"": 0.206}, ""speed"": 0.5, ""rebalance_months"": 3, ""vol_block"": 0.0}"
82753b51c5d1,-0.3798574428597589,-0.4352209946777264,-0.3021723615801812,-0.04028776645348381,0.11834101912916228,0.9190894932175157,-0.20007012724830975,1.177822549231059,0.010074309111565842,0.801180810664087,256.34065934065933,"{""group_mult"": {""fundamental_mom"": 2.0, ""growth_quality"": 0.5, ""investment"": 4.0, ""low_risk"": 4.0, ""momentum"": 2.0, ""quality"": 0.25, ""survival"": 0.5, ""commodity"": 0.25, ""leverage"": 4.0, ""value"": 0.5}, ""lam"": 1.36, ""top_frac"": 0.5, ""budgets"": {""ai"": 0.136, ""biotech"": 0.144, ""cyber_cloud"": 0.17, ""defense_space"": 0.169, ""energy"": 0.113, ""robotics"": 0.158, ""semiconductors"": 0.11}, ""speed"": 0.5, ""rebalance_months"": 3, ""vol_block"": 0.1}"
33f6f7a1fab6,-0.42904818109863596,-0.5461474708406238,-0.22127939553578252,-0.017736889009056418,0.13256306042013533,0.744620301974257,-0.270493197554624,1.4216301376558729,0.017712703871272578,0.9628818344403708,416.57142857142856,"{""group_mult"": {""fundamental_mom"": 1.0, ""growth_quality"": 1.0, ""investment"": 4.0, ""low_risk"": 0.5, ""momentum"": 1.0, ""quality"": 2.0, ""survival"": 4.0, ""commodity"": 1.0, ""leverage"": 2.0, ""value"": 4.0}, ""lam"": 0.27, ""top_frac"": 0.75, ""budgets"": {""ai"": 0.115, ""biotech"": 0.103, ""cyber_cloud"": 0.198, ""defense_space"": 0.168, ""energy"": 0.107, ""robotics"": 0.134, ""semiconductors"": 0.175}, ""speed"": 1.0, ""rebalance_months"": 3, ""vol_block"": 0.0}"
7cd6f4afcca5,-0.41025094758327263,-0.538898682966827,-0.22937350007734794,-0.027597008985965142,0.12516034499943474,0.7668523290338669,-0.25655821037490567,4.20905814884943,0.028089209923116115,0.9781226568432101,194.26373626373626,"{""group_mult"": {""fundamental_mom"": 2.0, ""growth_quality"": 0.5, ""investment"": 0.25, ""low_risk"": 2.0, ""momentum"": 0.5, ""quality"": 4.0, ""survival"": 0.25, ""commodity"": 1.0, ""leverage"": 2.0, ""value"": 0.5}, ""lam"": 0.69, ""top_frac"": 0.33, ""budgets"": {""ai"": 0.111, ""biotech"": 0.172, ""cyber_cloud"": 0.139, ""defense_space"": 0.152, ""energy"": 0.111, ""robotics"": 0.115, ""semiconductors"": 0.2}, ""speed"": 1.0, ""rebalance_months"": 1, ""vol_block"": 0.0}"
1d3d6a6e542a,-0.41724443395495964,-0.5376968585268296,-0.2255004110957129,-0.05142592832869402,0.10840312697299526,0.9600499291346888,-0.1568156354950463,2.0538964243219295,0.011390094179338095,0.7076592684719882,105.87362637362638,"{""group_mult"": {""fundamental_mom"": 4.0, ""growth_quality"": 0.5, ""investment"": 2.0, ""low_risk"": 4.0, ""momentum"": 2.0, ""quality"": 4.0, ""survival"": 0.5, ""commodity"": 0.5, ""leverage"": 2.0, ""value"": 0.5}, ""lam"": 0.45, ""top_frac"": 0.2, ""budgets"": {""ai"": 0.127, ""biotech"": 0.248, ""cyber_cloud"": 0.121, ""defense_space"": 0.159, ""energy"": 0.113, ""robotics"": 0.105, ""semiconductors"": 0.127}, ""speed"": 0.5, ""rebalance_months"": 3, ""vol_block"": 0.1}"
93811ac9ee06,-0.4001291682779192,-0.47211569365862244,-0.2980787442466725,-0.03575020661221039,0.12152318337075929,0.872342561330117,-0.207700538900237,0.7747818895889842,0.00885781436546698,0.8355124831075434,377.4230769230769,"{""group_mult"": {""fundamental_mom"": 0.5, ""growth_quality"": 0.5, ""investment"": 1.0, ""low_risk"": 2.0, ""momentum"": 0.25, ""quality"": 4.0, ""survival"": 1.0, ""commodity"": 0.25, ""leverage"": 0.25, ""value"": 1.0}, ""lam"": 0.35, ""top_frac"": 0.75, ""budgets"": {""ai"": 0.147, ""biotech"": 0.11, ""cyber_cloud"": 0.155, ""defense_space"": 0.21, ""energy"": 0.162, ""robotics"": 0.1, ""semiconductors"": 0.115}, ""speed"": 0.5, ""rebalance_months"": 3, ""vol_block"": 0.1}"
924c3f2e0ae6,-0.3000162055662102,-0.252822478121669,-0.3713105854358254,-0.012907797464221427,0.13726227165711968,0.7565696495031022,-0.25898057619063475,1.3949624084232743,0.016923143475277538,0.9654152369427836,418.24175824175825,"{""group_mult"": {""fundamental_mom"": 1.0, ""growth_quality"": 4.0, ""investment"": 1.0, ""low_risk"": 0.5, ""momentum"": 2.0, ""quality"": 1.0, ""survival"": 0.5, ""commodity"": 0.25, ""leverage"": 2.0, ""value"": 1.0}, ""lam"": 0.71, ""top_frac"": 0.75, ""budgets"": {""ai"": 0.145, ""biotech"": 0.16, ""cyber_cloud"": 0.102, ""defense_space"": 0.127, ""energy"": 0.102, ""robotics"": 0.221, ""semiconductors"": 0.143}, ""speed"": 1.0, ""rebalance_months"": 3, ""vol_block"": 0.0}"
dbcb8c30a4c4,-0.45839785354185303,-0.5740987068520021,-0.3110900052174753,-0.027596949858175027,0.12333481951968772,0.7294294375035316,-0.2646332414841691,3.742352528432705,0.032107489777898957,0.9842846596947302,280.5879120879121,"{""group_mult"": {""fundamental_mom"": 2.0, ""growth_quality"": 1.0, ""investment"": 0.5, ""low_risk"": 2.0, ""momentum"": 4.0, ""quality"": 0.25, ""survival"": 1.0, ""commodity"": 0.25, ""leverage"": 4.0, ""value"": 4.0}, ""lam"": 0.5, ""top_frac"": 0.5, ""budgets"": {""ai"": 0.14, ""biotech"": 0.138, ""cyber_cloud"": 0.157, ""defense_space"": 0.156, ""energy"": 0.125, ""robotics"": 0.109, ""semiconductors"": 0.175}, ""speed"": 1.0, ""rebalance_months"": 1, ""vol_block"": 0.03}"
7a3c69a629c4,-0.42630149613938395,-0.5760078230901208,-0.18399304710986886,-0.03820540484076277,0.11821739656017782,0.8321513908442527,-0.20196057069880313,1.374399680071379,0.010095200943759496,0.7515521355875888,189.74725274725276,"{""group_mult"": {""fundamental_mom"": 0.5, ""growth_quality"": 0.25, ""investment"": 4.0, ""low_risk"": 0.5, ""momentum"": 1.0, ""quality"": 0.5, ""survival"": 0.25, ""commodity"": 0.25, ""leverage"": 4.0, ""value"": 0.25}, ""lam"": 1.21, ""top_frac"": 0.33, ""budgets"": {""ai"": 0.103, ""biotech"": 0.164, ""cyber_cloud"": 0.107, ""defense_space"": 0.116, ""energy"": 0.113, ""robotics"": 0.115, ""semiconductors"": 0.282}, ""speed"": 0.5, ""rebalance_months"": 3, ""vol_block"": 0.0}"
8631fd85746d,-0.3835703526812697,-0.4153645099637471,-0.3441223398101028,-0.031388827462339036,0.12489281600796054,0.8499552556459815,-0.2205576624912874,0.8813515839827392,0.009243811776344299,0.8618059848553513,380.2142857142857,"{""group_mult"": {""fundamental_mom"": 0.25, ""growth_quality"": 1.0, ""investment"": 0.5, ""low_risk"": 2.0, ""momentum"": 1.0, ""quality"": 0.25, ""survival"": 1.0, ""commodity"": 0.5, ""leverage"": 0.5, ""value"": 0.25}, ""lam"": 0.05, ""top_frac"": 0.75, ""budgets"": {""ai"": 0.129, ""biotech"": 0.103, ""cyber_cloud"": 0.278, ""defense_space"": 0.115, ""energy"": 0.132, ""robotics"": 0.141, ""semiconductors"": 0.102}, ""speed"": 0.5, ""rebalance_months"": 3, ""vol_block"": 0.1}"
306ef3fa8495,-0.4648261251899913,-0.6526471611714219,-0.16854048665196375,-0.03194328256882452,0.11848431733679665,0.7043086649567349,-0.2514649177786671,5.152954459377848,0.029629888832482285,0.9860592009445575,118.93956043956044,"{""group_mult"": {""fundamental_mom"": 2.0, ""growth_quality"": 0.5, ""investment"": 0.5, ""low_risk"": 0.5, ""momentum"": 0.5, ""quality"": 2.0, ""survival"": 1.0, ""commodity"": 4.0, ""leverage"": 4.0, ""value"": 0.5}, ""lam"": 1.26, ""top_frac"": 0.2, ""budgets"": {""ai"": 0.124, ""biotech"": 0.148, ""cyber_cloud"": 0.198, ""defense_space"": 0.12, ""energy"": 0.108, ""robotics"": 0.193, ""semiconductors"": 0.109}, ""speed"": 1.0, ""rebalance_months"": 1, ""vol_block"": 0.0}"
497a503a0618,-0.4447131736854045,-0.5019852578618229,-0.3494136309536288,-0.05197954474358234,0.10734071708614046,0.925919821741931,-0.16596434389477388,1.8217914834105886,0.012857938372118283,0.7055265902971318,192.45054945054946,"{""group_mult"": {""fundamental_mom"": 4.0, ""growth_quality"": 0.5, ""investment"": 1.0, ""low_risk"": 4.0, ""momentum"": 1.0, ""quality"": 0.5, ""survival"": 4.0, ""commodity"": 1.0, ""leverage"": 0.5, ""value"": 0.5}, ""lam"": 1.16, ""top_frac"": 0.33, ""budgets"": {""ai"": 0.144, ""biotech"": 0.138, ""cyber_cloud"": 0.192, ""defense_space"": 0.115, ""energy"": 0.105, ""robotics"": 0.189, ""semiconductors"": 0.117}, ""speed"": 0.5, ""rebalance_months"": 3, ""vol_block"": 0.0}"
8b7dd4acd133,-0.2953984425850964,-0.34802585613462317,-0.22274884550975907,-0.021447806481002824,0.1343054304435145,0.8602957563248688,-0.23215316667069819,0.6056080657022824,0.008494819274172411,0.9009950533578042,483.3736263736264,"{""group_mult"": {""fundamental_mom"": 2.0, ""growth_quality"": 0.5, ""investment"": 1.0, ""low_risk"": 2.0, ""momentum"": 1.0, ""quality"": 0.25, ""survival"": 0.25, ""commodity"": 1.0, ""leverage"": 2.0, ""value"": 1.0}, ""lam"": 0.47, ""top_frac"": 1.0, ""budgets"": {""ai"": 0.179, ""biotech"": 0.144, ""cyber_cloud"": 0.113, ""defense_space"": 0.104, ""energy"": 0.173, ""robotics"": 0.127, ""semiconductors"": 0.161}, ""speed"": 0.5, ""rebalance_months"": 3, ""vol_block"": 0.1}"
628a4f653a62,-0.5318750077777811,-0.782465527110562,-0.24869382537809132,-0.024548463884717063,0.12503666484933018,0.71355941282628,-0.2767331145892935,1.9506612136714094,0.027145849836090398,0.9774308870793555,509.7362637362637,"{""group_mult"": {""fundamental_mom"": 1.0, ""growth_quality"": 0.25, ""investment"": 0.5, ""low_risk"": 1.0, ""momentum"": 2.0, ""quality"": 0.5, ""survival"": 0.25, ""commodity"": 4.0, ""leverage"": 0.25, ""value"": 2.0}, ""lam"": 0.6, ""top_frac"": 1.0, ""budgets"": {""ai"": 0.135, ""biotech"": 0.112, ""cyber_cloud"": 0.105, ""defense_space"": 0.167, ""energy"": 0.145, ""robotics"": 0.192, ""semiconductors"": 0.144}, ""speed"": 1.0, ""rebalance_months"": 1, ""vol_block"": 0.03}"
66799a301286,-0.23944155979476572,-0.2693687892916816,-0.1920557713675087,-0.025332365352552164,0.13217280551642596,0.9098126240788811,-0.22383521101354642,3.086132336997495,0.016305515317080074,0.9796499205637647,114.84065934065934,"{""group_mult"": {""fundamental_mom"": 0.5, ""growth_quality"": 2.0, ""investment"": 0.25, ""low_risk"": 4.0, ""momentum"": 4.0, ""quality"": 0.5, ""survival"": 0.5, ""commodity"": 1.0, ""leverage"": 2.0, ""value"": 4.0}, ""lam"": 1.41, ""top_frac"": 0.2, ""budgets"": {""ai"": 0.106, ""biotech"": 0.17, ""cyber_cloud"": 0.183, ""defense_space"": 0.114, ""energy"": 0.136, ""robotics"": 0.147, ""semiconductors"": 0.145}, ""speed"": 1.0, ""rebalance_months"": 3, ""vol_block"": 0.03}"
7481204619af,-0.611307661141413,-0.7487053509100992,-0.41352686783543446,-0.03598784506581973,0.11307920782102454,0.6670117564335647,-0.2664506521158131,4.295584321485845,0.029577663248945174,0.987026682509603,174.8956043956044,"{""group_mult"": {""fundamental_mom"": 2.0, ""growth_quality"": 4.0, ""investment"": 2.0, ""low_risk"": 0.25, ""momentum"": 2.0, ""quality"": 0.25, ""survival"": 4.0, ""commodity"": 1.0, ""leverage"": 4.0, ""value"": 0.5}, ""lam"": 0.45, ""top_frac"": 0.33, ""budgets"": {""ai"": 0.111, ""biotech"": 0.122, ""cyber_cloud"": 0.221, ""defense_space"": 0.175, ""energy"": 0.116, ""robotics"": 0.134, ""semiconductors"": 0.12}, ""speed"": 1.0, ""rebalance_months"": 1, ""vol_block"": 0.1}"
bf618dd2673f,-0.27132371899405755,-0.32779127251654777,-0.19071768016471877,-0.014428407688365943,0.1378567689939343,0.7941667586952939,-0.25501427380804165,1.47976320406087,0.019501779012662628,0.9725265800598576,378.85714285714283,"{""group_mult"": {""fundamental_mom"": 0.5, ""growth_quality"": 2.0, ""investment"": 0.25, ""low_risk"": 0.5, ""momentum"": 2.0, ""quality"": 0.5, ""survival"": 0.5, ""commodity"": 0.25, ""leverage"": 0.5, ""value"": 1.0}, ""lam"": 0.31, ""top_frac"": 0.75, ""budgets"": {""ai"": 0.206, ""biotech"": 0.142, ""cyber_cloud"": 0.124, ""defense_space"": 0.16, ""energy"": 0.105, ""robotics"": 0.12, ""semiconductors"": 0.144}, ""speed"": 1.0, ""rebalance_months"": 3, ""vol_block"": 0.1}"
6c7c4d37830e,-0.505078113907184,-0.636786863866752,-0.2855445663856383,-0.0524635140467613,0.10360216120524157,0.7754655156028395,-0.19133838132015035,3.8276213250297806,0.02299965057329499,0.7512047152587163,116.1043956043956,"{""group_mult"": {""fundamental_mom"": 1.0, ""growth_quality"": 2.0, ""investment"": 2.0, ""low_risk"": 1.0, ""momentum"": 4.0, ""quality"": 0.5, ""survival"": 0.5, ""commodity"": 4.0, ""leverage"": 4.0, ""value"": 4.0}, ""lam"": 1.11, ""top_frac"": 0.2, ""budgets"": {""ai"": 0.1, ""biotech"": 0.159, ""cyber_cloud"": 0.103, ""defense_space"": 0.125, ""energy"": 0.107, ""robotics"": 0.159, ""semiconductors"": 0.246}, ""speed"": 0.5, ""rebalance_months"": 1, ""vol_block"": 0.03}"
15d748169d92,-0.354446350455195,-0.4691954754959964,-0.17370233841592592,-0.01692147106910794,0.13464136593840403,0.7713926528072471,-0.2737375434405943,2.1476449247513134,0.018598117956255985,0.9579353241356617,376.1703296703297,"{""group_mult"": {""fundamental_mom"": 4.0, ""growth_quality"": 2.0, ""investment"": 2.0, ""low_risk"": 1.0, ""momentum"": 0.25, ""quality"": 0.25, ""survival"": 4.0, ""commodity"": 0.5, ""leverage"": 2.0, ""value"": 0.25}, ""lam"": 0.73, ""top_frac"": 0.75, ""budgets"": {""ai"": 0.141, ""biotech"": 0.131, ""cyber_cloud"": 0.136, ""defense_space"": 0.152, ""energy"": 0.146, ""robotics"": 0.137, ""semiconductors"": 0.157}, ""speed"": 1.0, ""rebalance_months"": 3, ""vol_block"": 0.1}"
cfa1c8189d99,-0.3907619898168773,-0.4537389496412311,-0.3000172764604584,-0.041531738708168474,0.11708191737976081,0.9161183963544235,-0.20429019209012445,1.0085293871387022,0.009514722942421883,0.8122356555965095,285.8956043956044,"{""group_mult"": {""fundamental_mom"": 0.5, ""growth_quality"": 2.0, ""investment"": 2.0, ""low_risk"": 4.0, ""momentum"": 0.25, ""quality"": 0.5, ""survival"": 1.0, ""commodity"": 0.5, ""leverage"": 0.5, ""value"": 2.0}, ""lam"": 0.8, ""top_frac"": 0.5, ""budgets"": {""ai"": 0.118, ""biotech"": 0.135, ""cyber_cloud"": 0.134, ""defense_space"": 0.178, ""energy"": 0.196, ""robotics"": 0.112, ""semiconductors"": 0.128}, ""speed"": 0.5, ""rebalance_months"": 3, ""vol_block"": 0.0}"
6f46c9587fe7,-0.36820080298601005,-0.4362532131664442,-0.25501620404848463,-0.042516219176676466,0.11717616167587064,0.9689444660292197,-0.15819152833282013,1.6395300926856173,0.011135327721922777,0.7325730052931058,172.53296703296704,"{""group_mult"": {""fundamental_mom"": 0.25, ""growth_quality"": 0.25, ""investment"": 0.25, ""low_risk"": 2.0, ""momentum"": 4.0, ""quality"": 0.5, ""survival"": 0.25, ""commodity"": 0.5, ""leverage"": 0.5, ""value"": 4.0}, ""lam"": 0.71, ""top_frac"": 0.33, ""budgets"": {""ai"": 0.233, ""biotech"": 0.143, ""cyber_cloud"": 0.141, ""defense_space"": 0.103, ""energy"": 0.131, ""robotics"": 0.127, ""semiconductors"": 0.122}, ""speed"": 0.5, ""rebalance_months"": 3, ""vol_block"": 0.1}"
aa76f41bb081,-0.30413881375135093,-0.33128196109221286,-0.2631830757682675,-0.02557710502256926,0.13141603819751868,0.888043236216291,-0.20751390350311272,0.7965621406490337,0.009619529112941587,0.8754067519490509,405.95604395604397,"{""group_mult"": {""fundamental_mom"": 2.0, ""growth_quality"": 1.0, ""investment"": 0.5, ""low_risk"": 2.0, ""momentum"": 1.0, ""quality"": 2.0, ""survival"": 0.25, ""commodity"": 0.5, ""leverage"": 1.0, ""value"": 1.0}, ""lam"": 1.25, ""top_frac"": 0.75, ""budgets"": {""ai"": 0.137, ""biotech"": 0.113, ""cyber_cloud"": 0.249, ""defense_space"": 0.11, ""energy"": 0.124, ""robotics"": 0.14, ""semiconductors"": 0.128}, ""speed"": 0.5, ""rebalance_months"": 3, ""vol_block"": 0.03}"
8e290b572366,-0.45121038117939655,-0.7100385231378997,-0.10109554645260772,-0.024073917605119052,0.12784233270850076,0.7588459354576796,-0.2628881807411483,2.280844216620207,0.019399900194102183,0.9648913446709096,282.54395604395603,"{""group_mult"": {""fundamental_mom"": 2.0, ""growth_quality"": 4.0, ""investment"": 2.0, ""low_risk"": 0.25, ""momentum"": 1.0, ""quality"": 0.25, ""survival"": 0.25, ""commodity"": 1.0, ""leverage"": 2.0, ""value"": 0.5}, ""lam"": 1.31, ""top_frac"": 0.5, ""budgets"": {""ai"": 0.145, ""biotech"": 0.216, ""cyber_cloud"": 0.111, ""defense_space"": 0.138, ""energy"": 0.169, ""robotics"": 0.115, ""semiconductors"": 0.106}, ""speed"": 1.0, ""rebalance_months"": 3, ""vol_block"": 0.0}"
54fe00cf9006,-0.2760257384803496,-0.3499940268896806,-0.157372495052184,-0.021435553771816992,0.13238620462501638,0.8093856565136082,-0.2351656691076971,3.129945896271251,0.0177508655481399,0.9745946562478766,118.25824175824175,"{""group_mult"": {""fundamental_mom"": 0.5, ""growth_quality"": 4.0, ""investment"": 4.0, ""low_risk"": 1.0, ""momentum"": 4.0, ""quality"": 0.5, ""survival"": 4.0, ""commodity"": 4.0, ""leverage"": 0.25, ""value"": 4.0}, ""lam"": 1.36, ""top_frac"": 0.2, ""budgets"": {""ai"": 0.16, ""biotech"": 0.11, ""cyber_cloud"": 0.2, ""defense_space"": 0.106, ""energy"": 0.14, ""robotics"": 0.168, ""semiconductors"": 0.116}, ""speed"": 1.0, ""rebalance_months"": 3, ""vol_block"": 0.0}"
65d3e1b66289,-0.538751646647811,-0.607138223505428,-0.4515414928703292,-0.0366323178818485,0.11582766475233153,0.7304093311514384,-0.2517562351637196,3.9205599575397296,0.03160463692674147,0.9766550267050826,281.57142857142856,"{""group_mult"": {""fundamental_mom"": 2.0, ""growth_quality"": 2.0, ""investment"": 1.0, ""low_risk"": 2.0, ""momentum"": 0.5, ""quality"": 0.5, ""survival"": 0.5, ""commodity"": 1.0, ""leverage"": 0.25, ""value"": 0.25}, ""lam"": 0.79, ""top_frac"": 0.5, ""budgets"": {""ai"": 0.134, ""biotech"": 0.213, ""cyber_cloud"": 0.157, ""defense_space"": 0.115, ""energy"": 0.12, ""robotics"": 0.112, ""semiconductors"": 0.148}, ""speed"": 1.0, ""rebalance_months"": 1, ""vol_block"": 0.03}"
857ff8dbc9a3,-0.7030415468415344,-0.9687495499708024,-0.41241760293373725,-0.03298789369641568,0.11613484370295857,0.6784015464281563,-0.28387797608703813,1.8311515270957064,0.029441135788402475,0.9836199477749085,497.94505494505495,"{""group_mult"": {""fundamental_mom"": 2.0, ""growth_quality"": 0.5, ""investment"": 2.0, ""low_risk"": 0.5, ""momentum"": 4.0, ""quality"": 1.0, ""survival"": 2.0, ""commodity"": 4.0, ""leverage"": 2.0, ""value"": 2.0}, ""lam"": 0.41, ""top_frac"": 1.0, ""budgets"": {""ai"": 0.129, ""biotech"": 0.107, ""cyber_cloud"": 0.192, ""defense_space"": 0.201, ""energy"": 0.131, ""robotics"": 0.137, ""semiconductors"": 0.104}, ""speed"": 1.0, ""rebalance_months"": 1, ""vol_block"": 0.1}"
551c70a8d661,-0.3642176732186743,-0.39288977955752064,-0.31640868707945985,-0.04156665236570968,0.11768924783809731,0.9484621741371125,-0.18666832591532256,1.4036207854372895,0.009641029360949223,0.7842878797779561,173.7032967032967,"{""group_mult"": {""fundamental_mom"": 0.25, ""growth_quality"": 2.0, ""investment"": 0.5, ""low_risk"": 4.0, ""momentum"": 2.0, ""quality"": 1.0, ""survival"": 2.0, ""commodity"": 0.5, ""leverage"": 1.0, ""value"": 2.0}, ""lam"": 0.83, ""top_frac"": 0.33, ""budgets"": {""ai"": 0.172, ""biotech"": 0.115, ""cyber_cloud"": 0.151, ""defense_space"": 0.172, ""energy"": 0.109, ""robotics"": 0.148, ""semiconductors"": 0.134}, ""speed"": 0.5, ""rebalance_months"": 3, ""vol_block"": 0.1}"
d5dd84b9fe5d,-0.2973022581691891,-0.4581466675597419,-0.08278467508094518,-0.02212595122906911,0.13322571708557795,0.8474694027830787,-0.24667448850220264,1.8495759792944828,0.015205536273774755,0.9684290750632497,284.94505494505495,"{""group_mult"": {""fundamental_mom"": 0.25, ""growth_quality"": 0.25, ""investment"": 1.0, ""low_risk"": 2.0, ""momentum"": 1.0, ""quality"": 2.0, ""survival"": 1.0, ""commodity"": 4.0, ""leverage"": 4.0, ""value"": 0.5}, ""lam"": 0.94, ""top_frac"": 0.5, ""budgets"": {""ai"": 0.114, ""biotech"": 0.125, ""cyber_cloud"": 0.259, ""defense_space"": 0.13, ""energy"": 0.132, ""robotics"": 0.125, ""semiconductors"": 0.115}, ""speed"": 1.0, ""rebalance_months"": 3, ""vol_block"": 0.0}"
83533a1d72e4,-0.5133223133434341,-0.5930803857736884,-0.3790296749567755,-0.05199242784155966,0.10491938421170155,0.8077886284144511,-0.20512116133043523,2.777458396787967,0.020627723628166263,0.7711004858306021,189.15384615384616,"{""group_mult"": {""fundamental_mom"": 0.25, ""growth_quality"": 4.0, ""investment"": 0.5, ""low_risk"": 4.0, ""momentum"": 1.0, ""quality"": 2.0, ""survival"": 4.0, ""commodity"": 0.25, ""leverage"": 4.0, ""value"": 2.0}, ""lam"": 1.12, ""top_frac"": 0.33, ""budgets"": {""ai"": 0.102, ""biotech"": 0.153, ""cyber_cloud"": 0.137, ""defense_space"": 0.158, ""energy"": 0.111, ""robotics"": 0.142, ""semiconductors"": 0.198}, ""speed"": 0.5, ""rebalance_months"": 1, ""vol_block"": 0.03}"
e9065ad3fc4d,-0.6626327975390575,-0.8460896846987948,-0.37964621487838957,-0.03241934720707754,0.11714726434645151,0.6861845987056959,-0.2772484958945345,2.781327432768906,0.029433734975356025,0.9779061408623231,410.9065934065934,"{""group_mult"": {""fundamental_mom"": 0.5, ""growth_quality"": 0.25, ""investment"": 0.5, ""low_risk"": 0.25, ""momentum"": 0.5, ""quality"": 0.5, ""survival"": 1.0, ""commodity"": 4.0, ""leverage"": 0.5, ""value"": 2.0}, ""lam"": 1.46, ""top_frac"": 0.75, ""budgets"": {""ai"": 0.144, ""biotech"": 0.132, ""cyber_cloud"": 0.142, ""defense_space"": 0.165, ""energy"": 0.121, ""robotics"": 0.161, ""semiconductors"": 0.135}, ""speed"": 1.0, ""rebalance_months"": 1, ""vol_block"": 0.03}"
48fb3a4da54f,-0.4478487504618772,-0.5539854849523838,-0.29764322238717655,-0.035594470821269944,0.11687312078730949,0.7352923820940203,-0.25343584284689846,5.024954347860949,0.030535435756194475,0.9777185509174997,175.32417582417582,"{""group_mult"": {""fundamental_mom"": 0.25, ""growth_quality"": 4.0, ""investment"": 0.25, ""low_risk"": 4.0, ""momentum"": 1.0, ""quality"": 2.0, ""survival"": 0.5, ""commodity"": 0.25, ""leverage"": 4.0, ""value"": 0.5}, ""lam"": 1.13, ""top_frac"": 0.33, ""budgets"": {""ai"": 0.12, ""biotech"": 0.103, ""cyber_cloud"": 0.126, ""defense_space"": 0.122, ""energy"": 0.114, ""robotics"": 0.222, ""semiconductors"": 0.194}, ""speed"": 1.0, ""rebalance_months"": 1, ""vol_block"": 0.1}"
1dea2d55965c,-0.21294228272007523,-0.6443066654586045,0.40207770952617566,-0.014700404878569951,0.13876935133414858,0.8202415570455913,-0.26817225706081793,4.2973726169230115,0.022110930723043275,0.9716969824739261,116.46153846153847,"{""group_mult"": {""fundamental_mom"": 2.0, ""growth_quality"": 0.25, ""investment"": 1.0, ""low_risk"": 0.5, ""momentum"": 0.25, ""quality"": 0.5, ""survival"": 1.0, ""commodity"": 2.0, ""leverage"": 0.25, ""value"": 0.25}, ""lam"": 1.27, ""top_frac"": 0.2, ""budgets"": {""ai"": 0.155, ""biotech"": 0.169, ""cyber_cloud"": 0.124, ""defense_space"": 0.106, ""energy"": 0.195, ""robotics"": 0.113, ""semiconductors"": 0.138}, ""speed"": 1.0, ""rebalance_months"": 3, ""vol_block"": 0.0}"
ad6edf5e6984,-0.4937637138803988,-0.5898191440203421,-0.3370626048056967,-0.04292467754498452,0.11254885385417257,0.7873239916555975,-0.2011783132455326,2.1820859591505606,0.01877265097210159,0.7576937030801181,260.2197802197802,"{""group_mult"": {""fundamental_mom"": 2.0, ""growth_quality"": 2.0, ""investment"": 1.0, ""low_risk"": 0.25, ""momentum"": 2.0, ""quality"": 1.0, ""survival"": 0.25, ""commodity"": 0.5, ""leverage"": 0.5, ""value"": 2.0}, ""lam"": 0.15, ""top_frac"": 0.5, ""budgets"": {""ai"": 0.127, ""biotech"": 0.114, ""cyber_cloud"": 0.145, ""defense_space"": 0.11, ""energy"": 0.139, ""robotics"": 0.165, ""semiconductors"": 0.2}, ""speed"": 0.5, ""rebalance_months"": 1, ""vol_block"": 0.1}"
d7fb2b756684,-0.5193323424783716,-0.648133448100999,-0.36697109044464005,-0.03482577010071501,0.11766874091695168,0.7389629138571996,-0.2604784486457059,2.7136236896771733,0.027522656716143568,0.9776062766443023,386.2967032967033,"{""group_mult"": {""fundamental_mom"": 1.0, ""growth_quality"": 0.5, ""investment"": 1.0, ""low_risk"": 4.0, ""momentum"": 4.0, ""quality"": 2.0, ""survival"": 0.25, ""commodity"": 0.25, ""leverage"": 2.0, ""value"": 1.0}, ""lam"": 0.76, ""top_frac"": 0.75, ""budgets"": {""ai"": 0.132, ""biotech"": 0.167, ""cyber_cloud"": 0.21, ""defense_space"": 0.162, ""energy"": 0.111, ""robotics"": 0.106, ""semiconductors"": 0.113}, ""speed"": 1.0, ""rebalance_months"": 1, ""vol_block"": 0.1}"
03fcb3150518,-0.34374257522628543,-0.47653682218577875,-0.10068858829544956,-0.03905899158424001,0.11986496777438105,0.9354325419363694,-0.1907139354650509,1.8670508806811639,0.011219034542021004,0.7389304741124931,117.37912087912088,"{""group_mult"": {""fundamental_mom"": 2.0, ""growth_quality"": 1.0, ""investment"": 0.5, ""low_risk"": 2.0, ""momentum"": 4.0, ""quality"": 4.0, ""survival"": 0.5, ""commodity"": 4.0, ""leverage"": 1.0, ""value"": 1.0}, ""lam"": 0.83, ""top_frac"": 0.2, ""budgets"": {""ai"": 0.21, ""biotech"": 0.113, ""cyber_cloud"": 0.112, ""defense_space"": 0.17, ""energy"": 0.112, ""robotics"": 0.151, ""semiconductors"": 0.132}, ""speed"": 0.5, ""rebalance_months"": 3, ""vol_block"": 0.0}"
a7efa40d0466,-0.23104129275664342,-0.2422028012331107,-0.21790114172571012,-0.02102333569153706,0.1354768398526902,0.8866684616871623,-0.24324100493141587,2.6374753847380763,0.018182715772732554,0.9796520304269706,186.1868131868132,"{""group_mult"": {""fundamental_mom"": 1.0, ""growth_quality"": 0.25, ""investment"": 1.0, ""low_risk"": 4.0, ""momentum"": 2.0, ""quality"": 0.25, ""survival"": 2.0, ""commodity"": 4.0, ""leverage"": 2.0, ""value"": 4.0}, ""lam"": 0.13, ""top_frac"": 0.33, ""budgets"": {""ai"": 0.138, ""biotech"": 0.11, ""cyber_cloud"": 0.154, ""defense_space"": 0.235, ""energy"": 0.105, ""robotics"": 0.137, ""semiconductors"": 0.122}, ""speed"": 1.0, ""rebalance_months"": 3, ""vol_block"": 0.03}"
bdc1d25940e6,-0.15386196075177103,-0.21534400884979177,-0.05992598520730119,-0.013249811858590302,0.14338746111069378,0.9052941927512462,-0.2278055719876444,2.6894396455285197,0.014836490629076349,0.9789262097468805,118.46703296703296,"{""group_mult"": {""fundamental_mom"": 2.0, ""growth_quality"": 4.0, ""investment"": 1.0, ""low_risk"": 4.0, ""momentum"": 1.0, ""quality"": 4.0, ""survival"": 0.25, ""commodity"": 1.0, ""leverage"": 4.0, ""value"": 4.0}, ""lam"": 0.63, ""top_frac"": 0.2, ""budgets"": {""ai"": 0.103, ""biotech"": 0.21, ""cyber_cloud"": 0.139, ""defense_space"": 0.11, ""energy"": 0.13, ""robotics"": 0.173, ""semiconductors"": 0.136}, ""speed"": 1.0, ""rebalance_months"": 3, ""vol_block"": 0.0}"
875059f1270e,-0.33593730366028535,-0.48822301669247625,-0.1348082359316681,-0.021378468871371376,0.1322975235831465,0.805628740606842,-0.2579892802872139,1.6608919967072098,0.015921919212630913,0.9643382063685465,376.1263736263736,"{""group_mult"": {""fundamental_mom"": 2.0, ""growth_quality"": 0.25, ""investment"": 0.5, ""low_risk"": 2.0, ""momentum"": 2.0, ""quality"": 4.0, ""survival"": 4.0, ""commodity"": 0.5, ""leverage"": 1.0, ""value"": 4.0}, ""lam"": 1.24, ""top_frac"": 0.75, ""budgets"": {""ai"": 0.135, ""biotech"": 0.112, ""cyber_cloud"": 0.179, ""defense_space"": 0.102, ""energy"": 0.202, ""robotics"": 0.164, ""semiconductors"": 0.106}, ""speed"": 1.0, ""rebalance_months"": 3, ""vol_block"": 0.1}"
28208a237606,-0.18473468286989742,-0.33575481060618606,0.04816510758299451,-0.009211854018009228,0.14142261135656686,0.7753216844595727,-0.2606895431443974,2.390636061629146,0.020167238342472058,0.9673744980169467,281.24725274725273,"{""group_mult"": {""fundamental_mom"": 4.0, ""growth_quality"": 0.25, ""investment"": 0.5, ""low_risk"": 0.25, ""momentum"": 4.0, ""quality"": 4.0, ""survival"": 4.0, ""commodity"": 1.0, ""leverage"": 0.25, ""value"": 2.0}, ""lam"": 0.69, ""top_frac"": 0.5, ""budgets"": {""ai"": 0.123, ""biotech"": 0.108, ""cyber_cloud"": 0.164, ""defense_space"": 0.1, ""energy"": 0.156, ""robotics"": 0.185, ""semiconductors"": 0.163}, ""speed"": 1.0, ""rebalance_months"": 3, ""vol_block"": 0.0}"
89dfa61ff855,-0.18701518172634893,-0.4100794034554993,0.1394574493875691,-0.014721386709776178,0.13926463215576823,0.8327548611702746,-0.23460147217072935,3.73221015781566,0.020043704949759888,0.9748617577692259,105.04395604395604,"{""group_mult"": {""fundamental_mom"": 4.0, ""growth_quality"": 1.0, ""investment"": 1.0, ""low_risk"": 0.25, ""momentum"": 4.0, ""quality"": 4.0, ""survival"": 0.25, ""commodity"": 0.25, ""leverage"": 1.0, ""value"": 2.0}, ""lam"": 0.29, ""top_frac"": 0.2, ""budgets"": {""ai"": 0.129, ""biotech"": 0.189, ""cyber_cloud"": 0.113, ""defense_space"": 0.125, ""energy"": 0.175, ""robotics"": 0.113, ""semiconductors"": 0.154}, ""speed"": 1.0, ""rebalance_months"": 3, ""vol_block"": 0.1}"
43e1059f5462,-0.4571545167917668,-0.5280693818962615,-0.334818696840089,-0.04386688045028245,0.11311886537787141,0.837866290035758,-0.1938905441906753,1.6498023042208163,0.011959510577917923,0.7483037172753222,172.5934065934066,"{""group_mult"": {""fundamental_mom"": 1.0, ""growth_quality"": 2.0, ""investment"": 1.0, ""low_risk"": 0.5, ""momentum"": 2.0, ""quality"": 0.5, ""survival"": 4.0, ""commodity"": 2.0, ""leverage"": 2.0, ""value"": 0.25}, ""lam"": 1.29, ""top_frac"": 0.33, ""budgets"": {""ai"": 0.155, ""biotech"": 0.168, ""cyber_cloud"": 0.112, ""defense_space"": 0.167, ""energy"": 0.102, ""robotics"": 0.156, ""semiconductors"": 0.14}, ""speed"": 0.5, ""rebalance_months"": 3, ""vol_block"": 0.1}"
5765ec8d7873,-0.7402320340248022,-1.2309131981733206,-0.18801833940450058,-0.040368529460479544,0.10850046561163795,0.6472506913358472,-0.29405385391343486,3.5291302836831635,0.033880830139887415,0.9869952990880234,290.1923076923077,"{""group_mult"": {""fundamental_mom"": 1.0, ""growth_quality"": 1.0, ""investment"": 1.0, ""low_risk"": 0.5, ""momentum"": 0.5, ""quality"": 0.5, ""survival"": 1.0, ""commodity"": 2.0, ""leverage"": 2.0, ""value"": 0.25}, ""lam"": 0.19, ""top_frac"": 0.5, ""budgets"": {""ai"": 0.115, ""biotech"": 0.102, ""cyber_cloud"": 0.163, ""defense_space"": 0.117, ""energy"": 0.263, ""robotics"": 0.106, ""semiconductors"": 0.135}, ""speed"": 1.0, ""rebalance_months"": 1, ""vol_block"": 0.0}"
df70dc9d3598,-0.35091784248685415,-0.49640581667242106,-0.11868397756728548,-0.02061052084311277,0.13168069988344322,0.7752285889379814,-0.2567923769967285,2.7851256185655875,0.017597295237765615,0.9694332104929069,171.71978021978023,"{""group_mult"": {""fundamental_mom"": 1.0, ""growth_quality"": 2.0, ""investment"": 4.0, ""low_risk"": 0.25, ""momentum"": 0.5, ""quality"": 0.5, ""survival"": 4.0, ""commodity"": 4.0, ""leverage"": 4.0, ""value"": 2.0}, ""lam"": 1.22, ""top_frac"": 0.33, ""budgets"": {""ai"": 0.131, ""biotech"": 0.136, ""cyber_cloud"": 0.173, ""defense_space"": 0.162, ""energy"": 0.121, ""robotics"": 0.131, ""semiconductors"": 0.146}, ""speed"": 1.0, ""rebalance_months"": 3, ""vol_block"": 0.1}"
5f217c9e4e88,-0.3326394446416985,-0.38153014750460534,-0.2624682589039889,-0.027556720187117443,0.12913704853948982,0.8731177199731605,-0.21361624363305654,0.6400283008830319,0.00876343135181747,0.8639195123125152,454.9065934065934,"{""group_mult"": {""fundamental_mom"": 2.0, ""growth_quality"": 2.0, ""investment"": 4.0, ""low_risk"": 4.0, ""momentum"": 0.25, ""quality"": 2.0, ""survival"": 1.0, ""commodity"": 1.0, ""leverage"": 2.0, ""value"": 2.0}, ""lam"": 1.03, ""top_frac"": 1.0, ""budgets"": {""ai"": 0.184, ""biotech"": 0.113, ""cyber_cloud"": 0.114, ""defense_space"": 0.145, ""energy"": 0.164, ""robotics"": 0.124, ""semiconductors"": 0.155}, ""speed"": 0.5, ""rebalance_months"": 3, ""vol_block"": 0.0}"
a423ec520439,-0.3507798961675352,-0.3732694069026409,-0.31411529647996733,-0.024621140130401332,0.13031267964601234,0.8259650296134804,-0.22198817244115443,0.6969976608927325,0.008902140466610229,0.8457062327369834,415.3626373626374,"{""group_mult"": {""fundamental_mom"": 0.25, ""growth_quality"": 0.5, ""investment"": 1.0, ""low_risk"": 0.5, ""momentum"": 1.0, ""quality"": 4.0, ""survival"": 2.0, ""commodity"": 0.25, ""leverage"": 0.5, ""value"": 0.25}, ""lam"": 0.87, ""top_frac"": 0.75, ""budgets"": {""ai"": 0.138, ""biotech"": 0.177, ""cyber_cloud"": 0.162, ""defense_space"": 0.115, ""energy"": 0.102, ""robotics"": 0.106, ""semiconductors"": 0.199}, ""speed"": 0.5, ""rebalance_months"": 3, ""vol_block"": 0.0}"
26f146873dda,-0.24342386034373048,-0.2426134404484441,-0.2441979845118363,-0.016773720451274853,0.13794379295536308,0.8438270693140282,-0.24039949118642912,0.938434044486967,0.013394530117779212,0.8975558232690821,449.95604395604397,"{""group_mult"": {""fundamental_mom"": 0.25, ""growth_quality"": 2.0, ""investment"": 0.25, ""low_risk"": 0.5, ""momentum"": 1.0, ""quality"": 1.0, ""survival"": 0.5, ""commodity"": 1.0, ""leverage"": 0.25, ""value"": 0.5}, ""lam"": 0.88, ""top_frac"": 1.0, ""budgets"": {""ai"": 0.144, ""biotech"": 0.107, ""cyber_cloud"": 0.12, ""defense_space"": 0.195, ""energy"": 0.102, ""robotics"": 0.117, ""semiconductors"": 0.216}, ""speed"": 0.5, ""rebalance_months"": 1, ""vol_block"": 0.1}"
fec29357eeb5,-0.5524515777656389,-0.734559060621235,-0.21431444961883214,-0.053731506749914976,0.10296812328723948,0.7900427675709237,-0.1792993241291707,2.6075788012479673,0.015511665413130992,0.6365372146774122,112.08791208791209,"{""group_mult"": {""fundamental_mom"": 2.0, ""growth_quality"": 0.25, ""investment"": 0.25, ""low_risk"": 0.25, ""momentum"": 0.25, ""quality"": 0.25, ""survival"": 2.0, ""commodity"": 1.0, ""leverage"": 0.5, ""value"": 4.0}, ""lam"": 1.07, ""top_frac"": 0.2, ""budgets"": {""ai"": 0.132, ""biotech"": 0.163, ""cyber_cloud"": 0.17, ""defense_space"": 0.108, ""energy"": 0.12, ""robotics"": 0.132, ""semiconductors"": 0.176}, ""speed"": 0.5, ""rebalance_months"": 3, ""vol_block"": 0.03}"
9cefd75e40be,-0.6170553576432054,-0.6534198101412798,-0.5605038973835997,-0.0633520273468414,0.09311268071349232,0.7462203609580191,-0.19741360627557725,2.5108933947559735,0.022306099263274138,0.7550205488560308,260.3626373626374,"{""group_mult"": {""fundamental_mom"": 2.0, ""growth_quality"": 2.0, ""investment"": 1.0, ""low_risk"": 4.0, ""momentum"": 0.25, ""quality"": 0.25, ""survival"": 4.0, ""commodity"": 0.25, ""leverage"": 4.0, ""value"": 2.0}, ""lam"": 1.32, ""top_frac"": 0.5, ""budgets"": {""ai"": 0.126, ""biotech"": 0.15, ""cyber_cloud"": 0.103, ""defense_space"": 0.107, ""energy"": 0.147, ""robotics"": 0.223, ""semiconductors"": 0.144}, ""speed"": 0.5, ""rebalance_months"": 1, ""vol_block"": 0.1}"
6baba8488e1e,-0.5925205855326189,-0.6460889082591718,-0.5084569443070662,-0.05897556715294319,0.09783499277582774,0.777346123789364,-0.18938077508451856,2.388009864681817,0.021693997203820318,0.7143869967282843,279.9010989010989,"{""group_mult"": {""fundamental_mom"": 4.0, ""growth_quality"": 1.0, ""investment"": 0.25, ""low_risk"": 2.0, ""momentum"": 1.0, ""quality"": 0.5, ""survival"": 0.25, ""commodity"": 0.5, ""leverage"": 2.0, ""value"": 0.25}, ""lam"": 0.41, ""top_frac"": 0.5, ""budgets"": {""ai"": 0.105, ""biotech"": 0.14, ""cyber_cloud"": 0.17, ""defense_space"": 0.108, ""energy"": 0.18, ""robotics"": 0.14, ""semiconductors"": 0.158}, ""speed"": 0.5, ""rebalance_months"": 1, ""vol_block"": 0.03}"
73532c4c9d1f,-0.8588819496470723,-1.183309458647894,-0.5118281586218817,-0.03687495716030036,0.11078809811768542,0.6407984194598413,-0.3016730566968058,1.7995940864053392,0.02802033859903251,0.9775922377868623,497.2967032967033,"{""group_mult"": {""fundamental_mom"": 2.0, ""growth_quality"": 1.0, ""investment"": 4.0, ""low_risk"": 0.5, ""momentum"": 0.25, ""quality"": 4.0, ""survival"": 2.0, ""commodity"": 1.0, ""leverage"": 2.0, ""value"": 4.0}, ""lam"": 0.43, ""top_frac"": 1.0, ""budgets"": {""ai"": 0.126, ""biotech"": 0.13, ""cyber_cloud"": 0.115, ""defense_space"": 0.134, ""energy"": 0.166, ""robotics"": 0.203, ""semiconductors"": 0.126}, ""speed"": 1.0, ""rebalance_months"": 1, ""vol_block"": 0.1}"
8e336d78c9cd,-0.45868160482375275,-0.6473950122885277,-0.14632386642111897,-0.049070178981619375,0.109107462593653,0.8728847571639828,-0.18478774440707435,3.8539079109097116,0.02256264502579031,0.735619397320874,115.32967032967034,"{""group_mult"": {""fundamental_mom"": 2.0, ""growth_quality"": 0.5, ""investment"": 2.0, ""low_risk"": 1.0, ""momentum"": 1.0, ""quality"": 1.0, ""survival"": 0.5, ""commodity"": 4.0, ""leverage"": 1.0, ""value"": 0.5}, ""lam"": 1.38, ""top_frac"": 0.2, ""budgets"": {""ai"": 0.23, ""biotech"": 0.109, ""cyber_cloud"": 0.137, ""defense_space"": 0.138, ""energy"": 0.148, ""robotics"": 0.125, ""semiconductors"": 0.114}, ""speed"": 0.5, ""rebalance_months"": 1, ""vol_block"": 0.03}"
f7fb4d0a3dd9,-0.2953686654327783,-0.36432869198415985,-0.19653649550337324,-0.024334032400814762,0.13084987800637982,0.8389037491277723,-0.25220606662005685,2.344824044000564,0.01605947559985045,0.9787187733726266,193.16483516483515,"{""group_mult"": {""fundamental_mom"": 1.0, ""growth_quality"": 4.0, ""investment"": 0.25, ""low_risk"": 4.0, ""momentum"": 1.0, ""quality"": 0.25, ""survival"": 0.5, ""commodity"": 4.0, ""leverage"": 4.0, ""value"": 2.0}, ""lam"": 0.48, ""top_frac"": 0.33, ""budgets"": {""ai"": 0.113, ""biotech"": 0.1, ""cyber_cloud"": 0.143, ""defense_space"": 0.244, ""energy"": 0.143, ""robotics"": 0.127, ""semiconductors"": 0.129}, ""speed"": 1.0, ""rebalance_months"": 3, ""vol_block"": 0.0}"
c5d00687ad0a,-0.4661231019926222,-0.5426544838868641,-0.3570131349337942,-0.03185680070681124,0.12072752225084749,0.7499225155353412,-0.2526979458310149,3.7599843354483182,0.03029238153733456,0.9780342940640697,280.5054945054945,"{""group_mult"": {""fundamental_mom"": 4.0, ""growth_quality"": 1.0, ""investment"": 0.25, ""low_risk"": 4.0, ""momentum"": 4.0, ""quality"": 4.0, ""survival"": 4.0, ""commodity"": 1.0, ""leverage"": 0.5, ""value"": 0.25}, ""lam"": 0.92, ""top_frac"": 0.5, ""budgets"": {""ai"": 0.141, ""biotech"": 0.123, ""cyber_cloud"": 0.214, ""defense_space"": 0.122, ""energy"": 0.139, ""robotics"": 0.153, ""semiconductors"": 0.107}, ""speed"": 1.0, ""rebalance_months"": 1, ""vol_block"": 0.03}"
3f9a39596b12,-0.5437154767823015,-0.6854784421188473,-0.3158677385209316,-0.05548268592560525,0.1013974736868235,0.7922897763995143,-0.17427639631272052,1.982897875526407,0.014148411485701035,0.6876976749080301,183.9010989010989,"{""group_mult"": {""fundamental_mom"": 4.0, ""growth_quality"": 0.25, ""investment"": 2.0, ""low_risk"": 0.5, ""momentum"": 4.0, ""quality"": 1.0, ""survival"": 0.25, ""commodity"": 0.5, ""leverage"": 4.0, ""value"": 2.0}, ""lam"": 1.23, ""top_frac"": 0.33, ""budgets"": {""ai"": 0.109, ""biotech"": 0.175, ""cyber_cloud"": 0.111, ""defense_space"": 0.135, ""energy"": 0.162, ""robotics"": 0.204, ""semiconductors"": 0.104}, ""speed"": 0.5, ""rebalance_months"": 3, ""vol_block"": 0.03}"
b4df5ccf56d9,-0.29268222625731666,-0.283563746696683,-0.30669156999102426,-0.02150328534383831,0.1340557786536487,0.8548834813696625,-0.22073051849596514,0.6869367135535077,0.009180230068436143,0.9005006058511938,464.25824175824175,"{""group_mult"": {""fundamental_mom"": 0.5, ""growth_quality"": 0.5, ""investment"": 0.25, ""low_risk"": 1.0, ""momentum"": 2.0, ""quality"": 0.25, ""survival"": 0.5, ""commodity"": 2.0, ""leverage"": 0.25, ""value"": 0.5}, ""lam"": 0.9, ""top_frac"": 1.0, ""budgets"": {""ai"": 0.185, ""biotech"": 0.185, ""cyber_cloud"": 0.111, ""defense_space"": 0.148, ""energy"": 0.12, ""robotics"": 0.124, ""semiconductors"": 0.126}, ""speed"": 0.5, ""rebalance_months"": 3, ""vol_block"": 0.0}"
5414fae60a8e,-0.40353900429471357,-0.48803232314764444,-0.28742777135023484,-0.032363006449651614,0.12221551438969103,0.7982222039622009,-0.2639173428007243,2.7077395879024757,0.018212234877010475,0.9757551333958483,191.76373626373626,"{""group_mult"": {""fundamental_mom"": 0.5, ""growth_quality"": 0.25, ""investment"": 0.25, ""low_risk"": 2.0, ""momentum"": 0.25, ""quality"": 0.5, ""survival"": 4.0, ""commodity"": 0.5, ""leverage"": 0.5, ""value"": 2.0}, ""lam"": 0.02, ""top_frac"": 0.33, ""budgets"": {""ai"": 0.11, ""biotech"": 0.156, ""cyber_cloud"": 0.107, ""defense_space"": 0.111, ""energy"": 0.245, ""robotics"": 0.164, ""semiconductors"": 0.106}, ""speed"": 1.0, ""rebalance_months"": 3, ""vol_block"": 0.0}"
320a734bea0b,-0.4155687765210022,-0.4909354923998809,-0.30951693970133276,-0.0389611862633366,0.11851357662537931,0.8718029923510207,-0.2096198715413179,0.7569543927122531,0.008944917247071556,0.8310353351215722,378.94505494505495,"{""group_mult"": {""fundamental_mom"": 0.25, ""growth_quality"": 0.25, ""investment"": 0.5, ""low_risk"": 4.0, ""momentum"": 0.5, ""quality"": 4.0, ""survival"": 0.5, ""commodity"": 1.0, ""leverage"": 1.0, ""value"": 1.0}, ""lam"": 0.46, ""top_frac"": 0.75, ""budgets"": {""ai"": 0.13, ""biotech"": 0.129, ""cyber_cloud"": 0.123, ""defense_space"": 0.175, ""energy"": 0.209, ""robotics"": 0.105, ""semiconductors"": 0.129}, ""speed"": 0.5, ""rebalance_months"": 3, ""vol_block"": 0.1}"
67e71b42062d,-0.3722874448970073,-0.5222363535488863,-0.12497262073827763,-0.032820215162583,0.12439437102959094,0.8755127765714023,-0.18775625469005897,1.3458680354877766,0.010028290929322415,0.770923455499409,191.42307692307693,"{""group_mult"": {""fundamental_mom"": 0.5, ""growth_quality"": 4.0, ""investment"": 4.0, ""low_risk"": 0.5, ""momentum"": 1.0, ""quality"": 2.0, ""survival"": 2.0, ""commodity"": 4.0, ""leverage"": 4.0, ""value"": 2.0}, ""lam"": 0.07, ""top_frac"": 0.33, ""budgets"": {""ai"": 0.26, ""biotech"": 0.108, ""cyber_cloud"": 0.168, ""defense_space"": 0.114, ""energy"": 0.126, ""robotics"": 0.121, ""semiconductors"": 0.103}, ""speed"": 0.5, ""rebalance_months"": 3, ""vol_block"": 0.0}"
c56614595b08,-0.3709173958112201,-0.6377101290871267,-0.018639946328119678,-0.02280007058937502,0.1304221686882523,0.7916446261472624,-0.2751442945355693,1.3932484380823913,0.016201154465224393,0.9668715266917893,407.489010989011,"{""group_mult"": {""fundamental_mom"": 0.5, ""growth_quality"": 0.5, ""investment"": 1.0, ""low_risk"": 2.0, ""momentum"": 1.0, ""quality"": 1.0, ""survival"": 2.0, ""commodity"": 2.0, ""leverage"": 2.0, ""value"": 1.0}, ""lam"": 0.65, ""top_frac"": 0.75, ""budgets"": {""ai"": 0.124, ""biotech"": 0.127, ""cyber_cloud"": 0.109, ""defense_space"": 0.143, ""energy"": 0.224, ""robotics"": 0.122, ""semiconductors"": 0.15}, ""speed"": 1.0, ""rebalance_months"": 3, ""vol_block"": 0.03}"
76ab1f1e80b5,-0.2799554781528481,-0.3777361134207585,-0.14187162306982867,-0.02373632811049159,0.13226132564008886,0.861640456685006,-0.23432937831928968,2.2057809084100306,0.014176945663904693,0.9704144469293537,191.6813186813187,"{""group_mult"": {""fundamental_mom"": 1.0, ""growth_quality"": 0.5, ""investment"": 0.25, ""low_risk"": 4.0, ""momentum"": 0.5, ""quality"": 4.0, ""survival"": 1.0, ""commodity"": 0.5, ""leverage"": 1.0, ""value"": 1.0}, ""lam"": 0.93, ""top_frac"": 0.33, ""budgets"": {""ai"": 0.142, ""biotech"": 0.158, ""cyber_cloud"": 0.143, ""defense_space"": 0.136, ""energy"": 0.123, ""robotics"": 0.187, ""semiconductors"": 0.11}, ""speed"": 1.0, ""rebalance_months"": 3, ""vol_block"": 0.0}"
31460a446e46,-0.5243086230611395,-0.7162725651089287,-0.19476639006446772,-0.03147145774301499,0.11787844722467988,0.6847309367180967,-0.25709267836257543,4.92347177610614,0.028001733663838145,0.98661108726927,119.3956043956044,"{""group_mult"": {""fundamental_mom"": 1.0, ""growth_quality"": 0.5, ""investment"": 4.0, ""low_risk"": 0.25, ""momentum"": 0.25, ""quality"": 0.5, ""survival"": 2.0, ""commodity"": 0.25, ""leverage"": 0.5, ""value"": 1.0}, ""lam"": 0.63, ""top_frac"": 0.2, ""budgets"": {""ai"": 0.168, ""biotech"": 0.165, ""cyber_cloud"": 0.178, ""defense_space"": 0.106, ""energy"": 0.101, ""robotics"": 0.127, ""semiconductors"": 0.154}, ""speed"": 1.0, ""rebalance_months"": 1, ""vol_block"": 0.0}"
8af801f13027,-0.32903146961868374,-0.4728764278468142,-0.0780936809313767,-0.026989541178767056,0.12869750551122916,0.8414966206769693,-0.2232726134659463,2.1565328488015494,0.015793036385267988,0.8118873557032614,174.71978021978023,"{""group_mult"": {""fundamental_mom"": 2.0, ""growth_quality"": 1.0, ""investment"": 1.0, ""low_risk"": 0.25, ""momentum"": 0.5, ""quality"": 4.0, ""survival"": 1.0, ""commodity"": 1.0, ""leverage"": 0.5, ""value"": 0.25}, ""lam"": 0.77, ""top_frac"": 0.33, ""budgets"": {""ai"": 0.252, ""biotech"": 0.103, ""cyber_cloud"": 0.128, ""defense_space"": 0.104, ""energy"": 0.116, ""robotics"": 0.153, ""semiconductors"": 0.144}, ""speed"": 0.5, ""rebalance_months"": 1, ""vol_block"": 0.1}"
c83111c3bc31,-0.42379697244169473,-0.4315529048538137,-0.4134621117643264,-0.028812145083054554,0.12522296456918247,0.7919710809977349,-0.22282783157238628,1.0074196009454275,0.013238772172611449,0.8689652047647289,428.61538461538464,"{""group_mult"": {""fundamental_mom"": 0.5, ""growth_quality"": 0.25, ""investment"": 2.0, ""low_risk"": 0.25, ""momentum"": 2.0, ""quality"": 4.0, ""survival"": 0.5, ""commodity"": 1.0, ""leverage"": 1.0, ""value"": 1.0}, ""lam"": 0.88, ""top_frac"": 0.75, ""budgets"": {""ai"": 0.145, ""biotech"": 0.12, ""cyber_cloud"": 0.146, ""defense_space"": 0.16, ""energy"": 0.118, ""robotics"": 0.193, ""semiconductors"": 0.117}, ""speed"": 0.5, ""rebalance_months"": 1, ""vol_block"": 0.0}"
f6b454c306d1,-0.43117422770518476,-0.5494128517116188,-0.24913037128152024,-0.020837483372734503,0.12977848355564503,0.7415573856010803,-0.27348483472990304,2.591368890326912,0.02126663033845297,0.957899005816503,404.6373626373626,"{""group_mult"": {""fundamental_mom"": 4.0, ""growth_quality"": 1.0, ""investment"": 1.0, ""low_risk"": 0.5, ""momentum"": 0.5, ""quality"": 0.25, ""survival"": 1.0, ""commodity"": 4.0, ""leverage"": 2.0, ""value"": 1.0}, ""lam"": 1.2, ""top_frac"": 1.0, ""budgets"": {""ai"": 0.112, ""biotech"": 0.135, ""cyber_cloud"": 0.176, ""defense_space"": 0.139, ""energy"": 0.118, ""robotics"": 0.18, ""semiconductors"": 0.141}, ""speed"": 1.0, ""rebalance_months"": 3, ""vol_block"": 0.1}"
2cceddc79311,-0.24591867224441016,-0.27204123490533927,-0.20813257658572346,-0.019228585258069024,0.13392763423438714,0.8009887848760694,-0.25045472888681464,3.177235493926511,0.01768269520511935,0.9761940861131374,105.78021978021978,"{""group_mult"": {""fundamental_mom"": 1.0, ""growth_quality"": 1.0, ""investment"": 2.0, ""low_risk"": 0.25, ""momentum"": 4.0, ""quality"": 4.0, ""survival"": 4.0, ""commodity"": 2.0, ""leverage"": 4.0, ""value"": 4.0}, ""lam"": 0.67, ""top_frac"": 0.2, ""budgets"": {""ai"": 0.111, ""biotech"": 0.234, ""cyber_cloud"": 0.117, ""defense_space"": 0.132, ""energy"": 0.124, ""robotics"": 0.156, ""semiconductors"": 0.127}, ""speed"": 1.0, ""rebalance_months"": 3, ""vol_block"": 0.1}"
d6a8901ccc28,-0.2659239710621905,-0.31966294166317105,-0.18595978537603117,-0.020744608484154443,0.13528398957406162,0.871724498622375,-0.25074880075468176,2.000932176576928,0.016153450961737523,0.9694058301545261,286.5,"{""group_mult"": {""fundamental_mom"": 0.25, ""growth_quality"": 2.0, ""investment"": 0.5, ""low_risk"": 4.0, ""momentum"": 0.25, ""quality"": 0.25, ""survival"": 1.0, ""commodity"": 4.0, ""leverage"": 0.25, ""value"": 0.5}, ""lam"": 0.84, ""top_frac"": 0.5, ""budgets"": {""ai"": 0.144, ""biotech"": 0.156, ""cyber_cloud"": 0.118, ""defense_space"": 0.182, ""energy"": 0.137, ""robotics"": 0.106, ""semiconductors"": 0.157}, ""speed"": 1.0, ""rebalance_months"": 3, ""vol_block"": 0.0}"
da491ce4d857,-0.3272114329996208,-0.3588995118492898,-0.2834897625128473,-0.019037186830430836,0.13357436126932232,0.7882234218085578,-0.24760559458412712,1.46122324860792,0.018308351877057333,0.9666051177442939,433.4725274725275,"{""group_mult"": {""fundamental_mom"": 1.0, ""growth_quality"": 2.0, ""investment"": 1.0, ""low_risk"": 0.5, ""momentum"": 4.0, ""quality"": 4.0, ""survival"": 1.0, ""commodity"": 1.0, ""leverage"": 0.5, ""value"": 0.5}, ""lam"": 0.89, ""top_frac"": 1.0, ""budgets"": {""ai"": 0.135, ""biotech"": 0.192, ""cyber_cloud"": 0.18, ""defense_space"": 0.112, ""energy"": 0.117, ""robotics"": 0.151, ""semiconductors"": 0.113}, ""speed"": 1.0, ""rebalance_months"": 3, ""vol_block"": 0.1}"
4b9b9252f8b2,-0.10623850953214337,-0.11593079230628431,-0.09001096190188482,-0.011758694676095235,0.14814722159813276,1.0275938864781344,-0.21555055489758657,2.8231064552329563,0.014065373645815456,0.979276300105239,107.25274725274726,"{""group_mult"": {""fundamental_mom"": 0.25, ""growth_quality"": 4.0, ""investment"": 0.5, ""low_risk"": 4.0, ""momentum"": 2.0, ""quality"": 0.5, ""survival"": 0.5, ""commodity"": 2.0, ""leverage"": 0.25, ""value"": 1.0}, ""lam"": 1.44, ""top_frac"": 0.2, ""budgets"": {""ai"": 0.224, ""biotech"": 0.134, ""cyber_cloud"": 0.111, ""defense_space"": 0.125, ""energy"": 0.176, ""robotics"": 0.125, ""semiconductors"": 0.105}, ""speed"": 1.0, ""rebalance_months"": 3, ""vol_block"": 0.1}"
45bfd55756b0,-0.3659747508171027,-0.4568815956748785,-0.21668503882990395,-0.04397798553075919,0.1157370588526494,0.9677833112118381,-0.16521405235443487,1.752646931725752,0.009813260634684785,0.7521500919935377,106.24725274725274,"{""group_mult"": {""fundamental_mom"": 0.5, ""growth_quality"": 1.0, ""investment"": 2.0, ""low_risk"": 4.0, ""momentum"": 2.0, ""quality"": 4.0, ""survival"": 1.0, ""commodity"": 4.0, ""leverage"": 2.0, ""value"": 0.25}, ""lam"": 1.08, ""top_frac"": 0.2, ""budgets"": {""ai"": 0.103, ""biotech"": 0.135, ""cyber_cloud"": 0.129, ""defense_space"": 0.155, ""energy"": 0.133, ""robotics"": 0.181, ""semiconductors"": 0.164}, ""speed"": 0.5, ""rebalance_months"": 3, ""vol_block"": 0.1}"
befb24b915ba,-0.459077294531122,-0.46063160581422197,-0.46593732541194205,-0.026298773875437935,0.12633002469343158,0.7680247329524716,-0.2541362949140815,0.6625168661380598,0.011243102777213985,0.930209332080033,559.9615384615385,"{""group_mult"": {""fundamental_mom"": 0.25, ""growth_quality"": 0.5, ""investment"": 2.0, ""low_risk"": 4.0, ""momentum"": 0.5, ""quality"": 0.5, ""survival"": 4.0, ""commodity"": 0.5, ""leverage"": 1.0, ""value"": 0.25}, ""lam"": 0.36, ""top_frac"": 1.0, ""budgets"": {""ai"": 0.189, ""biotech"": 0.131, ""cyber_cloud"": 0.121, ""defense_space"": 0.189, ""energy"": 0.113, ""robotics"": 0.139, ""semiconductors"": 0.117}, ""speed"": 0.5, ""rebalance_months"": 1, ""vol_block"": 0.0}"
0c34197fe8ac,-0.4044960529954983,-0.4511598427447883,-0.327967945329434,-0.04627672412595389,0.11297362520284704,0.9368844077082327,-0.1777578348901261,1.4733017207769492,0.01093871135988778,0.7591167420721511,193.21428571428572,"{""group_mult"": {""fundamental_mom"": 2.0, ""growth_quality"": 2.0, ""investment"": 0.25, ""low_risk"": 4.0, ""momentum"": 1.0, ""quality"": 0.25, ""survival"": 2.0, ""commodity"": 0.25, ""leverage"": 1.0, ""value"": 1.0}, ""lam"": 1.15, ""top_frac"": 0.33, ""budgets"": {""ai"": 0.155, ""biotech"": 0.21, ""cyber_cloud"": 0.128, ""defense_space"": 0.104, ""energy"": 0.124, ""robotics"": 0.119, ""semiconductors"": 0.16}, ""speed"": 0.5, ""rebalance_months"": 3, ""vol_block"": 0.0}"
