model,series,alpha_monthly,alpha_t,months,scope,factor
capm,top_ew,0.0024326802067134966,0.48367945826010234,181,havuz,asset_growth
capm,mimic_ew,0.005288124780074472,1.4974077051708938,182,havuz,asset_growth
ff3,top_ew,0.004500934901691828,1.0302497562422877,181,havuz,asset_growth
ff3,mimic_ew,0.004557171236464795,1.5515712351561746,182,havuz,asset_growth
carhart4,top_ew,0.004171859189973414,0.940333190786701,181,havuz,asset_growth
carhart4,mimic_ew,0.0055965848522923555,1.840188704958097,182,havuz,asset_growth
ff5_mom,top_ew,0.004491572087026408,1.001465594115547,181,havuz,asset_growth
ff5_mom,mimic_ew,0.004791439169183495,1.6286795614820535,182,havuz,asset_growth
capm,top_ew,-0.0004417239784296191,-0.09158038729829833,181,havuz,capex_at
capm,mimic_ew,0.0033108869255526574,0.7088224007092427,182,havuz,capex_at
ff3,top_ew,0.002205300183901942,0.5150995805878873,181,havuz,capex_at
ff3,mimic_ew,0.0055804091861087705,1.4556830555235527,182,havuz,capex_at
carhart4,top_ew,0.0022039966161935183,0.5116434858773508,181,havuz,capex_at
carhart4,mimic_ew,0.005946791660964272,1.526280512047537,182,havuz,capex_at
ff5_mom,top_ew,0.0033737479088743324,0.7751534748529814,181,havuz,capex_at
ff5_mom,mimic_ew,0.007428907797521187,1.949003181559822,182,havuz,capex_at
capm,top_ew,-0.001522496707598123,-0.22615972516559635,173,havuz,cash_runway_years
capm,mimic_ew,-0.008619456447948749,-1.6567064549697565,174,havuz,cash_runway_years
ff3,top_ew,0.0014304625817412008,0.2379189880178294,173,havuz,cash_runway_years
ff3,mimic_ew,-0.009967803554714846,-1.9812772978588487,174,havuz,cash_runway_years
carhart4,top_ew,7.290159331559637e-05,0.011914182984838246,173,havuz,cash_runway_years
carhart4,mimic_ew,-0.009353337575410283,-1.8357001182657655,174,havuz,cash_runway_years
ff5_mom,top_ew,0.0021141238291395507,0.34672350888354586,173,havuz,cash_runway_years
ff5_mom,mimic_ew,-0.008546117201322772,-1.6607829874356483,174,havuz,cash_runway_years
capm,top_ew,0.0013369796651651763,0.3737642449471005,181,havuz,cop_at
capm,mimic_ew,0.0014732034147005239,0.6473234995684509,182,havuz,cop_at
ff3,top_ew,0.0019426796894600027,0.5831664039279468,181,havuz,cop_at
ff3,mimic_ew,0.0006731983069835254,0.3055673806404571,182,havuz,cop_at
carhart4,top_ew,0.002026411022793683,0.6052639509927464,181,havuz,cop_at
carhart4,mimic_ew,0.0020702288288395247,0.9844093119235173,182,havuz,cop_at
ff5_mom,top_ew,0.0017221159652702116,0.5144479267616542,181,havuz,cop_at
ff5_mom,mimic_ew,0.001626119344638531,0.811800623395031,182,havuz,cop_at
capm,top_ew,0.0032003654841409497,1.1466337225020298,181,havuz,dist_52w_high
capm,mimic_ew,0.011265438205240487,1.9184755537934939,182,havuz,dist_52w_high
ff3,top_ew,0.0038126256347113924,1.4263644662574255,181,havuz,dist_52w_high
ff3,mimic_ew,0.008756542332619747,1.592788677712132,182,havuz,dist_52w_high
carhart4,top_ew,0.002261158907537838,0.8551817450306941,181,havuz,dist_52w_high
carhart4,mimic_ew,0.0062100290412863265,1.1240688969950092,182,havuz,dist_52w_high
ff5_mom,top_ew,0.001997387215119464,0.7542150826491294,181,havuz,dist_52w_high
ff5_mom,mimic_ew,0.005081957624860154,0.911985753578149,182,havuz,dist_52w_high
capm,top_ew,0.005339057125372613,1.392842256723727,181,havuz,droe
capm,mimic_ew,0.00439499903009461,2.1274313551865887,182,havuz,droe
ff3,top_ew,0.006860051246554631,1.9603516496618394,181,havuz,droe
ff3,mimic_ew,0.0047633598479658035,2.3422320945600843,182,havuz,droe
carhart4,top_ew,0.005733297212463179,1.6757461002034217,181,havuz,droe
carhart4,mimic_ew,0.004087394041117395,2.0024410377075808,182,havuz,droe
ff5_mom,top_ew,0.00603941142709283,1.7261311220166018,181,havuz,droe
ff5_mom,mimic_ew,0.004179227528689876,1.9733740576336534,182,havuz,droe
capm,top_ew,-0.0017249468429681202,-0.381895026915009,181,havuz,ear_3d
capm,mimic_ew,-0.0017502116329245166,-0.895032854275681,182,havuz,ear_3d
ff3,top_ew,0.0005758650746158436,0.14424242701048146,181,havuz,ear_3d
ff3,mimic_ew,-0.001461656944155014,-0.7854458001596853,182,havuz,ear_3d
carhart4,top_ew,-0.0006317103936771411,-0.16092664303176957,181,havuz,ear_3d
carhart4,mimic_ew,-0.0020372654888439587,-1.0584980593616389,182,havuz,ear_3d
ff5_mom,top_ew,0.00012722740359168158,0.031970882020263644,181,havuz,ear_3d
ff5_mom,mimic_ew,-0.0020882651885580994,-1.094157539643935,182,havuz,ear_3d
capm,top_ew,-0.006724716464154733,-0.8976759107778415,181,havuz,ebit_ev
capm,mimic_ew,-0.0027068223096282213,-0.4815994350845265,182,havuz,ebit_ev
ff3,top_ew,-0.007461924258919132,-1.1501063608418147,181,havuz,ebit_ev
ff3,mimic_ew,-0.003359512187018072,-0.6269635028802877,182,havuz,ebit_ev
carhart4,top_ew,-0.006327780067908909,-0.9523185590050958,181,havuz,ebit_ev
carhart4,mimic_ew,-0.001833199981211163,-0.3323947110057992,182,havuz,ebit_ev
ff5_mom,top_ew,-0.009324638681335217,-1.4111230100099579,181,havuz,ebit_ev
ff5_mom,mimic_ew,-0.004200739572124958,-0.8115349625821455,182,havuz,ebit_ev
capm,top_ew,0.0036856291000211647,0.9781196186960699,181,havuz,gross_profitability
capm,mimic_ew,0.0051321099728601155,1.4037876890023797,182,havuz,gross_profitability
ff3,top_ew,0.004853188340225849,1.3238601916807782,181,havuz,gross_profitability
ff3,mimic_ew,0.005746028834871843,1.8547255923691732,182,havuz,gross_profitability
carhart4,top_ew,0.00490118753012802,1.3186789795961593,181,havuz,gross_profitability
carhart4,mimic_ew,0.006462474230711544,2.1238045719393126,182,havuz,gross_profitability
ff5_mom,top_ew,0.004996549649081106,1.3460071748024818,181,havuz,gross_profitability
ff5_mom,mimic_ew,0.006753908548975397,2.2181131211861347,182,havuz,gross_profitability
capm,top_ew,0.004288423375114009,1.963691607857093,181,havuz,idio_vol_60d
capm,mimic_ew,0.007552602774550591,1.2846239957655334,182,havuz,idio_vol_60d
ff3,top_ew,0.004238498045910649,1.909161972675668,181,havuz,idio_vol_60d
ff3,mimic_ew,0.0036307087978015,0.7685063416133819,182,havuz,idio_vol_60d
carhart4,top_ew,0.003853792344999523,1.6986121724134833,181,havuz,idio_vol_60d
carhart4,mimic_ew,0.0045987595706807735,0.9742894988335631,182,havuz,idio_vol_60d
ff5_mom,top_ew,0.002757392195536923,1.2649335525163075,181,havuz,idio_vol_60d
ff5_mom,mimic_ew,0.0016140194164615863,0.35147989041244887,182,havuz,idio_vol_60d
capm,top_ew,0.0028275800944715965,1.161176880985945,181,havuz,max_ret_21d
capm,mimic_ew,0.00485404863803081,0.915648762953339,182,havuz,max_ret_21d
ff3,top_ew,0.002669412542514237,1.0901361437197592,181,havuz,max_ret_21d
ff3,mimic_ew,0.00101132625556893,0.24295942609846968,182,havuz,max_ret_21d
carhart4,top_ew,0.002476053821913891,0.9831661357719899,181,havuz,max_ret_21d
carhart4,mimic_ew,0.0023599798458480855,0.5665979441577756,182,havuz,max_ret_21d
ff5_mom,top_ew,0.0014697262267996218,0.6002688660547315,181,havuz,max_ret_21d
ff5_mom,mimic_ew,-0.00042694837466130113,-0.10574245902740513,182,havuz,max_ret_21d
capm,top_ew,0.0005101943576404888,0.09555127307937668,181,havuz,mom_12_1
capm,mimic_ew,0.006837802174447594,1.3191717980977107,182,havuz,mom_12_1
ff3,top_ew,0.0027677955223730575,0.586952430308968,181,havuz,mom_12_1
ff3,mimic_ew,0.006679921257501895,1.2875607226434445,182,havuz,mom_12_1
carhart4,top_ew,-0.00083016160552712,-0.1835242275977094,181,havuz,mom_12_1
carhart4,mimic_ew,0.0006625834118171119,0.1297571852137018,182,havuz,mom_12_1
ff5_mom,top_ew,0.0007178811445658208,0.15947400687340163,181,havuz,mom_12_1
ff5_mom,mimic_ew,0.0018000068592561344,0.35357357805569417,182,havuz,mom_12_1
capm,top_ew,-0.006197523173647324,-0.7952480858608242,181,havuz,net_debt_ebitda
capm,mimic_ew,-0.004010902248800416,-0.8630705221004573,182,havuz,net_debt_ebitda
ff3,top_ew,-0.006507150351077255,-0.9626798765453062,181,havuz,net_debt_ebitda
ff3,mimic_ew,-0.00385700253040153,-0.8839726952337794,182,havuz,net_debt_ebitda
carhart4,top_ew,-0.006865535472813191,-0.9881120343641722,181,havuz,net_debt_ebitda
carhart4,mimic_ew,-0.004220759841993186,-0.9205251535223251,182,havuz,net_debt_ebitda
ff5_mom,top_ew,-0.008697609382223538,-1.2062363018983715,181,havuz,net_debt_ebitda
ff5_mom,mimic_ew,-0.0054125193106636825,-1.1457473501917173,182,havuz,net_debt_ebitda
capm,top_ew,-0.006105296620662788,-0.6422672626488175,181,havuz,ocf_ev
capm,mimic_ew,-0.0009312006039366056,-0.13040946363165587,182,havuz,ocf_ev
ff3,top_ew,-0.0065634252101986505,-0.8385500368466069,181,havuz,ocf_ev
ff3,mimic_ew,-0.0014329460323419926,-0.2357762270063532,182,havuz,ocf_ev
carhart4,top_ew,-0.005258837195805829,-0.6518915554389592,181,havuz,ocf_ev
carhart4,mimic_ew,0.0009519308180164231,0.14828365860299533,182,havuz,ocf_ev
ff5_mom,top_ew,-0.007494755399914753,-0.9011615390929637,181,havuz,ocf_ev
ff5_mom,mimic_ew,-0.0009472957949690846,-0.14334072667365824,182,havuz,ocf_ev
capm,top_ew,0.003908094403263814,0.42702685128963247,181,havuz,oil_beta_trend
capm,mimic_ew,0.01483854707228748,1.9922863679566698,182,havuz,oil_beta_trend
ff3,top_ew,0.0038630904167520153,0.5190174923248656,181,havuz,oil_beta_trend
ff3,mimic_ew,0.015716584313713065,2.0543651237001668,182,havuz,oil_beta_trend
carhart4,top_ew,0.0037903454208104625,0.5026492372964487,181,havuz,oil_beta_trend
carhart4,mimic_ew,0.014129842074487108,1.7781688239146318,182,havuz,oil_beta_trend
ff5_mom,top_ew,0.0025814835113071337,0.3310429329404043,181,havuz,oil_beta_trend
ff5_mom,mimic_ew,0.015597771935040644,1.8752509740608299,182,havuz,oil_beta_trend
capm,top_ew,0.0035704500329868643,0.9191798777607744,181,havuz,profitable_growth
capm,mimic_ew,0.001808913004583632,0.66196088618347,182,havuz,profitable_growth
ff3,top_ew,0.004634492747532241,1.2329532670880816,181,havuz,profitable_growth
ff3,mimic_ew,0.0016555803522956773,0.6882813371463902,182,havuz,profitable_growth
carhart4,top_ew,0.003837310359161522,1.0402172572039836,181,havuz,profitable_growth
carhart4,mimic_ew,0.0025795187420174217,1.115281660248229,182,havuz,profitable_growth
ff5_mom,top_ew,0.0045432777103299815,1.2139444698692337,181,havuz,profitable_growth
ff5_mom,mimic_ew,0.0029829244727665426,1.2922300560005324,182,havuz,profitable_growth
capm,top_ew,0.003822731452829084,1.043960842089361,181,havuz,share_issuance
capm,mimic_ew,0.005984951172294065,1.4255965835171276,182,havuz,share_issuance
ff3,top_ew,0.004114481657785808,1.1985746428818234,181,havuz,share_issuance
ff3,mimic_ew,0.002874479847447616,0.8334266864717225,182,havuz,share_issuance
carhart4,top_ew,0.004217771926990059,1.1986632906917203,181,havuz,share_issuance
carhart4,mimic_ew,0.004200561880209877,1.1927923157833533,182,havuz,share_issuance
ff5_mom,top_ew,0.0033913145476082494,0.9802859311583325,181,havuz,share_issuance
ff5_mom,mimic_ew,0.0020604845653073734,0.6285797383516155,182,havuz,share_issuance
capm,top_ew,0.003781337726914012,1.0684101917399365,181,havuz,sue
capm,mimic_ew,0.002100658623847118,0.9818022744631059,182,havuz,sue
ff3,top_ew,0.005036096906079113,1.5286379712803788,181,havuz,sue
ff3,mimic_ew,0.002094282538670519,0.9883555984133935,182,havuz,sue
carhart4,top_ew,0.004007819341959125,1.2366517818578984,181,havuz,sue
carhart4,mimic_ew,0.0016335303551477975,0.7886021236960606,182,havuz,sue
ff5_mom,top_ew,0.003861166874359743,1.1950078099704604,181,havuz,sue
ff5_mom,mimic_ew,0.0016148190286625066,0.7885671348753186,182,havuz,sue
capm,top_ew,0.0026552348008885085,0.8084009108229997,181,havuz,sue_announce
capm,mimic_ew,0.006083779127555401,2.063434725169511,182,havuz,sue_announce
ff3,top_ew,0.003474924501919019,1.1044942668592825,181,havuz,sue_announce
ff3,mimic_ew,0.005775018725441289,2.012798548195016,182,havuz,sue_announce
carhart4,top_ew,0.002669918801762058,0.8515652841311385,181,havuz,sue_announce
carhart4,mimic_ew,0.004801963188993087,1.5927462692630554,182,havuz,sue_announce
ff5_mom,top_ew,0.002589230337449516,0.822450292309929,181,havuz,sue_announce
ff5_mom,mimic_ew,0.005289735770050082,1.6763764825607506,182,havuz,sue_announce
capm,top_ew,0.0011296057646688,0.11231406241776117,83,robotics,asset_growth
capm,mimic_ew,0.0007001050678754651,0.08318102823318874,84,robotics,asset_growth
ff3,top_ew,0.0016306564037155537,0.17720607993836246,83,robotics,asset_growth
ff3,mimic_ew,-0.002284690764215995,-0.2846093332440701,84,robotics,asset_growth
carhart4,top_ew,-0.003251805734950381,-0.35081626798935955,83,robotics,asset_growth
carhart4,mimic_ew,-0.0028391437688551043,-0.3618208354308413,84,robotics,asset_growth
ff5_mom,top_ew,-0.0032311657081075143,-0.35083620512171004,83,robotics,asset_growth
ff5_mom,mimic_ew,-0.003708033821409611,-0.4572644735419863,84,robotics,asset_growth
capm,top_ew,-0.008226999773800751,-0.8577968176329686,80,robotics,capex_at
capm,mimic_ew,-0.023255962457584684,-2.794736517346141,81,robotics,capex_at
ff3,top_ew,-0.005917068936090652,-0.7213460310022859,80,robotics,capex_at
ff3,mimic_ew,-0.02690154341364265,-3.0953952521840766,81,robotics,capex_at
carhart4,top_ew,-0.010708001179164784,-1.3236493441055397,80,robotics,capex_at
carhart4,mimic_ew,-0.02488418689554143,-2.940490477381016,81,robotics,capex_at
ff5_mom,top_ew,-0.011015641215517149,-1.298139945309791,80,robotics,capex_at
ff5_mom,mimic_ew,-0.02694762147931191,-3.0939731349606974,81,robotics,capex_at
capm,top_ew,-0.00031848483933602647,-0.03927335881822446,81,robotics,cop_at
capm,mimic_ew,0.0014809955502633934,0.2079673873394387,82,robotics,cop_at
ff3,top_ew,0.0012946370485990982,0.17869833842585522,81,robotics,cop_at
ff3,mimic_ew,0.0004030205291706253,0.055804619550766356,82,robotics,cop_at
carhart4,top_ew,-0.0014453026215998743,-0.1980498813188919,81,robotics,cop_at
carhart4,mimic_ew,0.0037135349881956005,0.5001321411625544,82,robotics,cop_at
ff5_mom,top_ew,-0.0017729610789111079,-0.23803451170490028,81,robotics,cop_at
ff5_mom,mimic_ew,0.0022719963582724487,0.2893042718681542,82,robotics,cop_at
capm,top_ew,-0.003035423838259307,-0.39741275405025017,85,robotics,dist_52w_high
capm,mimic_ew,-0.005031836536774167,-0.6196818007589306,86,robotics,dist_52w_high
ff3,top_ew,-0.0007588284167149563,-0.10433396306860612,85,robotics,dist_52w_high
ff3,mimic_ew,-0.006699098921424574,-0.8374881811995871,86,robotics,dist_52w_high
carhart4,top_ew,-0.005975658938123044,-0.8331002670997564,85,robotics,dist_52w_high
carhart4,mimic_ew,-0.007952244848833242,-0.9546741235390488,86,robotics,dist_52w_high
ff5_mom,top_ew,-0.005884695314738482,-0.8033415118795905,85,robotics,dist_52w_high
ff5_mom,mimic_ew,-0.009960520204106857,-1.2549820760239463,86,robotics,dist_52w_high
capm,top_ew,0.0022859267430649184,0.23322493232864652,83,robotics,droe
capm,mimic_ew,0.002054275661403492,0.24856096599557098,84,robotics,droe
ff3,top_ew,0.004092186048872009,0.4311655566251939,83,robotics,droe
ff3,mimic_ew,0.0010405255682010247,0.1249369286302086,84,robotics,droe
carhart4,top_ew,-0.00018745379259820942,-0.0201414583320779,83,robotics,droe
carhart4,mimic_ew,0.0020885692245852417,0.26047630887319917,84,robotics,droe
ff5_mom,top_ew,-0.0018099981272620604,-0.1927781748139374,83,robotics,droe
ff5_mom,mimic_ew,-0.0021713081517226985,-0.2774092709947119,84,robotics,droe
capm,top_ew,-0.00026638046316883015,-0.02792091451431559,83,robotics,ear_3d
capm,mimic_ew,-0.005699767957057753,-0.7871474058505374,84,robotics,ear_3d
ff3,top_ew,0.003335898972307433,0.3549405429372916,83,robotics,ear_3d
ff3,mimic_ew,-0.0051628044991697715,-0.6834755111504979,84,robotics,ear_3d
carhart4,top_ew,-0.0029136063638484197,-0.30788859205535546,83,robotics,ear_3d
carhart4,mimic_ew,-0.006618649120269557,-0.8614701925490326,84,robotics,ear_3d
ff5_mom,top_ew,-0.003336463322090821,-0.33825717200296807,83,robotics,ear_3d
ff5_mom,mimic_ew,-0.009973099875646695,-1.3216248064033265,84,robotics,ear_3d
capm,top_ew,-0.003799748283108718,-0.4039003690999613,77,robotics,gross_profitability
capm,mimic_ew,-0.00861440853462396,-1.3091132382144612,78,robotics,gross_profitability
ff3,top_ew,4.32442523223317e-05,0.005015093737198928,77,robotics,gross_profitability
ff3,mimic_ew,-0.00849084716402813,-1.2733063522126886,78,robotics,gross_profitability
carhart4,top_ew,-0.004539098118122924,-0.524639870069845,77,robotics,gross_profitability
carhart4,mimic_ew,-0.009124543180276647,-1.3952256225335253,78,robotics,gross_profitability
ff5_mom,top_ew,-0.0032682992021312012,-0.37370159624624355,77,robotics,gross_profitability
ff5_mom,mimic_ew,-0.007334666308717905,-1.0765808453279186,78,robotics,gross_profitability
capm,top_ew,-0.000707295181754763,-0.09225673000316216,85,robotics,idio_vol_60d
capm,mimic_ew,-0.0028381293631849843,-0.28836601821007757,86,robotics,idio_vol_60d
ff3,top_ew,0.0002173283792586855,0.029319697150310527,85,robotics,idio_vol_60d
ff3,mimic_ew,-0.006433596624925507,-0.6737763242308256,86,robotics,idio_vol_60d
carhart4,top_ew,-0.0029495100609463545,-0.3958079365149339,85,robotics,idio_vol_60d
carhart4,mimic_ew,-0.0051639372438500655,-0.5194542698632288,86,robotics,idio_vol_60d
ff5_mom,top_ew,-0.0036516952147133156,-0.49882299116976775,85,robotics,idio_vol_60d
ff5_mom,mimic_ew,-0.008657150851525327,-0.8449249141691386,86,robotics,idio_vol_60d
capm,top_ew,-0.000712544666405498,-0.09640129406812449,85,robotics,max_ret_21d
capm,mimic_ew,-0.0027591652853714305,-0.31350504680624863,86,robotics,max_ret_21d
ff3,top_ew,0.00033618517095617296,0.0501404131236563,85,robotics,max_ret_21d
ff3,mimic_ew,-0.004770249961530724,-0.5380048857095143,86,robotics,max_ret_21d
carhart4,top_ew,-0.002330244244648292,-0.3227050409050246,85,robotics,max_ret_21d
carhart4,mimic_ew,-0.0008183095085710558,-0.10115449779350123,86,robotics,max_ret_21d
ff5_mom,top_ew,-0.0032559061208050255,-0.45670527248270504,85,robotics,max_ret_21d
ff5_mom,mimic_ew,-0.0023432865917032203,-0.2704805983438709,86,robotics,max_ret_21d
capm,top_ew,0.0029545801159243865,0.28912279169399924,85,robotics,mom_12_1
capm,mimic_ew,0.0026254421352824324,0.23927018585383555,86,robotics,mom_12_1
ff3,top_ew,0.0062007820092118944,0.655277739704076,85,robotics,mom_12_1
ff3,mimic_ew,0.0034643058426315028,0.30753142305044956,86,robotics,mom_12_1
carhart4,top_ew,-7.063520692519787e-05,-0.007517400885494381,85,robotics,mom_12_1
carhart4,mimic_ew,0.00010517017757101216,0.009243209567975658,86,robotics,mom_12_1
ff5_mom,top_ew,0.0003899475588325381,0.03871849917868579,85,robotics,mom_12_1
ff5_mom,mimic_ew,-0.0012965717965871548,-0.11269023729337685,86,robotics,mom_12_1
capm,top_ew,-0.005276295273578752,-0.5219131546752561,81,robotics,profitable_growth
capm,mimic_ew,-0.014824894797770764,-1.881922532306102,82,robotics,profitable_growth
ff3,top_ew,-0.004118156134333093,-0.4377006120420265,81,robotics,profitable_growth
ff3,mimic_ew,-0.014322884023745208,-1.8318586278022124,82,robotics,profitable_growth
carhart4,top_ew,-0.007558769751913316,-0.7908164035675713,81,robotics,profitable_growth
carhart4,mimic_ew,-0.01214376379081182,-1.584430168137696,82,robotics,profitable_growth
ff5_mom,top_ew,-0.005967033729750351,-0.6249570359718972,81,robotics,profitable_growth
ff5_mom,mimic_ew,-0.010861252544989949,-1.4404762095261185,82,robotics,profitable_growth
capm,top_ew,0.0021007689958734,0.2534203733081168,83,robotics,share_issuance
capm,mimic_ew,0.009765535451708735,0.9848642061268826,84,robotics,share_issuance
ff3,top_ew,0.0026411814326401796,0.3551157653872844,83,robotics,share_issuance
ff3,mimic_ew,0.005352126706946464,0.5417419839957618,84,robotics,share_issuance
carhart4,top_ew,4.475177698815903e-05,0.00599614604011379,83,robotics,share_issuance
carhart4,mimic_ew,0.009483133245117858,1.0242040984057912,84,robotics,share_issuance
ff5_mom,top_ew,-0.00028886887352009443,-0.039362422859743444,83,robotics,share_issuance
ff5_mom,mimic_ew,0.007007306219248595,0.697379814109487,84,robotics,share_issuance
capm,top_ew,-0.0018353076186596417,-0.20466683373164318,82,robotics,sue
capm,mimic_ew,-0.0009392941934798935,-0.13614947412265985,83,robotics,sue
ff3,top_ew,3.0128681461307563e-05,0.0035212884571158573,82,robotics,sue
ff3,mimic_ew,-0.0019081908955874598,-0.278086703705745,83,robotics,sue
carhart4,top_ew,-0.0028263797194364223,-0.34129671226029107,82,robotics,sue
carhart4,mimic_ew,5.3907420456790326e-05,0.007883353397096962,83,robotics,sue
ff5_mom,top_ew,-0.004085536816861023,-0.49168413767049796,82,robotics,sue
ff5_mom,mimic_ew,-0.0034297949663729447,-0.5285703776863111,83,robotics,sue
capm,top_ew,-0.015601080465172541,-0.975725802491631,32,robotics,sue_announce
capm,mimic_ew,-0.008351089812627246,-0.7831123844624625,33,robotics,sue_announce
ff3,top_ew,-0.00951598102220755,-0.6818598934857607,32,robotics,sue_announce
ff3,mimic_ew,-0.004128914709105604,-0.41136304579843325,33,robotics,sue_announce
carhart4,top_ew,-0.01522234301371297,-1.4957181022097028,32,robotics,sue_announce
carhart4,mimic_ew,-0.004319430046731434,-0.39383553666565085,33,robotics,sue_announce
ff5_mom,top_ew,-0.011986144090151777,-1.0337002050507522,32,robotics,sue_announce
ff5_mom,mimic_ew,-0.0013247578411707235,-0.11596325486520914,33,robotics,sue_announce
capm,top_ew,0.006410950868330208,1.001432923836962,181,biotech,asset_growth
capm,mimic_ew,0.007306401736824807,1.59954999067021,182,biotech,asset_growth
ff3,top_ew,0.011004316207919604,2.025668737140846,181,biotech,asset_growth
ff3,mimic_ew,0.007652413344303023,1.6171816644934554,182,biotech,asset_growth
carhart4,top_ew,0.011087749293449169,2.04973593597297,181,biotech,asset_growth
carhart4,mimic_ew,0.008685884608751703,1.7997106377209342,182,biotech,asset_growth
ff5_mom,top_ew,0.012506725164642568,2.3455198905036374,181,biotech,asset_growth
ff5_mom,mimic_ew,0.007976866177871253,1.6479755083970207,182,biotech,asset_growth
capm,top_ew,0.004189080776241447,0.6117165022212151,181,biotech,capex_at
capm,mimic_ew,0.004666166260865084,0.9471122830769483,182,biotech,capex_at
ff3,top_ew,0.007850261091523118,1.2618304481132487,181,biotech,capex_at
ff3,mimic_ew,0.004998513123618729,1.0144152219404126,182,biotech,capex_at
carhart4,top_ew,0.008246061058805812,1.3110597396018275,181,biotech,capex_at
carhart4,mimic_ew,0.005749168404803831,1.1454276275226662,182,biotech,capex_at
ff5_mom,top_ew,0.010682264069534866,1.6680014758914232,181,biotech,capex_at
ff5_mom,mimic_ew,0.007640758046498293,1.506984170280558,182,biotech,capex_at
capm,top_ew,-0.0011543641702940765,-0.16282020495881977,170,biotech,cash_runway_years
capm,mimic_ew,-0.010140907825867029,-1.780127916702173,171,biotech,cash_runway_years
ff3,top_ew,0.002375305604053387,0.389407646965666,170,biotech,cash_runway_years
ff3,mimic_ew,-0.011904607577234024,-2.132733822407039,171,biotech,cash_runway_years
carhart4,top_ew,0.002248039025025471,0.3601789282444729,170,biotech,cash_runway_years
carhart4,mimic_ew,-0.01086037612644384,-1.972885745138441,171,biotech,cash_runway_years
ff5_mom,top_ew,0.0040309345815066275,0.6468375905925596,170,biotech,cash_runway_years
ff5_mom,mimic_ew,-0.011359652782457368,-2.1399797068346014,171,biotech,cash_runway_years
capm,top_ew,0.00040802916240776906,0.10170951683459507,181,biotech,cop_at
capm,mimic_ew,0.0013630369086213136,0.3160364772469704,182,biotech,cop_at
ff3,top_ew,0.0018587201146094184,0.5046364680888259,181,biotech,cop_at
ff3,mimic_ew,0.0003684203933130404,0.08722869582063134,182,biotech,cop_at
carhart4,top_ew,0.002023054578307854,0.5342341255439546,181,biotech,cop_at
carhart4,mimic_ew,0.0010337402545559549,0.23740745798988952,182,biotech,cop_at
ff5_mom,top_ew,0.0025840972138277706,0.6929550808862054,181,biotech,cop_at
ff5_mom,mimic_ew,0.0007947442503699072,0.17760016929363157,182,biotech,cop_at
capm,top_ew,0.0036092561074469675,0.9422818240307975,181,biotech,dist_52w_high
capm,mimic_ew,0.009721072485787192,1.5921817790279322,182,biotech,dist_52w_high
ff3,top_ew,0.005215144728395183,1.4605139505214566,181,biotech,dist_52w_high
ff3,mimic_ew,0.0066351320510046035,1.2137380164543572,182,biotech,dist_52w_high
carhart4,top_ew,0.0056092906148587016,1.5248887044578556,181,biotech,dist_52w_high
carhart4,mimic_ew,0.007662077275440066,1.4789026758340011,182,biotech,dist_52w_high
ff5_mom,top_ew,0.006108521365384811,1.6528526037615379,181,biotech,dist_52w_high
ff5_mom,mimic_ew,0.0063564665961325754,1.2377692848241957,182,biotech,dist_52w_high
capm,top_ew,0.0029434040844014808,0.6350070586350575,181,biotech,droe
capm,mimic_ew,0.000710479350476865,0.20491709338985284,182,biotech,droe
ff3,top_ew,0.00484190177624372,1.1380733494263957,181,biotech,droe
ff3,mimic_ew,0.0010347689339818774,0.2970897274538821,182,biotech,droe
carhart4,top_ew,0.004584690967969612,1.083502920227894,181,biotech,droe
carhart4,mimic_ew,0.0008294700392217292,0.2378218852170172,182,biotech,droe
ff5_mom,top_ew,0.005067546427784037,1.1990805406374818,181,biotech,droe
ff5_mom,mimic_ew,0.0006881915187451694,0.19643578602021797,182,biotech,droe
capm,top_ew,-0.0029905891762920626,-0.5278372700484083,181,biotech,ear_3d
capm,mimic_ew,-0.008078856263269133,-2.0349004848012253,182,biotech,ear_3d
ff3,top_ew,0.0007653824490888993,0.16044238714614784,181,biotech,ear_3d
ff3,mimic_ew,-0.008475412391694703,-2.1205564851450327,182,biotech,ear_3d
carhart4,top_ew,0.0005966241948092347,0.12474987864284579,181,biotech,ear_3d
carhart4,mimic_ew,-0.00807182446462865,-2.045676189997914,182,biotech,ear_3d
ff5_mom,top_ew,0.0021208450531262735,0.4484552360922031,181,biotech,ear_3d
ff5_mom,mimic_ew,-0.008288006942398176,-1.9886408418517507,182,biotech,ear_3d
capm,top_ew,0.003090466189160559,0.7594279534580138,181,biotech,gross_profitability
capm,mimic_ew,0.0034330059879136305,0.9338428911505057,182,biotech,gross_profitability
ff3,top_ew,0.004681533975953691,1.2043436717373877,181,biotech,gross_profitability
ff3,mimic_ew,0.0027655563223406717,0.7643969590346338,182,biotech,gross_profitability
carhart4,top_ew,0.005286214096481311,1.3815510765905143,181,biotech,gross_profitability
carhart4,mimic_ew,0.003770311413821076,1.044077202827946,182,biotech,gross_profitability
ff5_mom,top_ew,0.005248225275019421,1.368138712884577,181,biotech,gross_profitability
ff5_mom,mimic_ew,0.0032698929779580513,0.9109482158077434,182,biotech,gross_profitability
capm,top_ew,0.004755835275861166,1.7102722788894407,181,biotech,idio_vol_60d
capm,mimic_ew,0.003700163945766997,0.6082846392581079,182,biotech,idio_vol_60d
ff3,top_ew,0.005157671074665533,1.9081473458039755,181,biotech,idio_vol_60d
ff3,mimic_ew,-0.000694535716938479,-0.13811797425481684,182,biotech,idio_vol_60d
carhart4,top_ew,0.0055012902923631,1.9851449662023428,181,biotech,idio_vol_60d
carhart4,mimic_ew,0.0003732908312891568,0.07639969918921898,182,biotech,idio_vol_60d
ff5_mom,top_ew,0.0051805323639786465,1.9207044460413298,181,biotech,idio_vol_60d
ff5_mom,mimic_ew,-0.0018265114288644733,-0.3808462692554818,182,biotech,idio_vol_60d
capm,top_ew,0.005484002846687058,1.6519250334119173,181,biotech,max_ret_21d
capm,mimic_ew,0.004437895114036035,0.7494153512231418,182,biotech,max_ret_21d
ff3,top_ew,0.006448858385896178,2.052886648632461,181,biotech,max_ret_21d
ff3,mimic_ew,0.0003524155992516896,0.07405088202229002,182,biotech,max_ret_21d
carhart4,top_ew,0.006566547097080479,2.073100655185721,181,biotech,max_ret_21d
carhart4,mimic_ew,0.0009410338720480213,0.20006951239993956,182,biotech,max_ret_21d
ff5_mom,top_ew,0.006743186707739066,2.157936420424063,181,biotech,max_ret_21d
ff5_mom,mimic_ew,-0.0010987098829757934,-0.23996650878386797,182,biotech,max_ret_21d
capm,top_ew,0.0002603144633268411,0.036042679448769266,181,biotech,mom_12_1
capm,mimic_ew,0.005927477443966045,1.129158943110188,182,biotech,mom_12_1
ff3,top_ew,0.0043431599347287944,0.6921611321886019,181,biotech,mom_12_1
ff3,mimic_ew,0.005732826235229401,1.1009018542558098,182,biotech,mom_12_1
carhart4,top_ew,0.003885802017399795,0.6183792821231227,181,biotech,mom_12_1
carhart4,mimic_ew,0.004862028539896992,0.9186437554856558,182,biotech,mom_12_1
ff5_mom,top_ew,0.005867708249768018,0.9388640030539696,181,biotech,mom_12_1
ff5_mom,mimic_ew,0.005158465806257954,0.9742346861044396,182,biotech,mom_12_1
capm,top_ew,0.005106677662313457,1.4749288923435027,181,biotech,share_issuance
capm,mimic_ew,0.005872100211980448,0.961700958184727,182,biotech,share_issuance
ff3,top_ew,0.006069893717433288,1.833932054383941,181,biotech,share_issuance
ff3,mimic_ew,0.0019491672905031091,0.36932157227395007,182,biotech,share_issuance
carhart4,top_ew,0.006144881878565061,1.8523694307833254,181,biotech,share_issuance
carhart4,mimic_ew,0.003089552268893393,0.5910527410669408,182,biotech,share_issuance
ff5_mom,top_ew,0.006158190955426567,1.9326432800335744,181,biotech,share_issuance
ff5_mom,mimic_ew,0.0012257765554371447,0.2334450796756935,182,biotech,share_issuance
capm,top_ew,0.0028495732862560035,0.6892951240466467,181,biotech,sue
capm,mimic_ew,-0.0010127414449262798,-0.2840399734359932,182,biotech,sue
ff3,top_ew,0.0044489100923631,1.186536220783423,181,biotech,sue
ff3,mimic_ew,-0.0008627671637225747,-0.2442288373695623,182,biotech,sue
carhart4,top_ew,0.004393997000848424,1.1538421148461975,181,biotech,sue
carhart4,mimic_ew,-0.00022762564844187768,-0.06358706565220996,182,biotech,sue
ff5_mom,top_ew,0.004643571142785125,1.2155779091520318,181,biotech,sue
ff5_mom,mimic_ew,-0.00031356829026449394,-0.08720461223136393,182,biotech,sue
capm,top_ew,0.0060277178963142886,1.4271643444109976,181,biotech,sue_announce
capm,mimic_ew,0.0032742298648282793,0.6388063110423282,182,biotech,sue_announce
ff3,top_ew,0.007847627978721837,2.016110671743946,181,biotech,sue_announce
ff3,mimic_ew,0.001735385157618184,0.33343217671941794,182,biotech,sue_announce
carhart4,top_ew,0.007080242154584985,1.8013424916366623,181,biotech,sue_announce
carhart4,mimic_ew,0.0008379893648718232,0.1552015223893847,182,biotech,sue_announce
ff5_mom,top_ew,0.007954317124082733,2.0330948134794675,181,biotech,sue_announce
ff5_mom,mimic_ew,0.0008410773284688708,0.1509149562903845,182,biotech,sue_announce
capm,top_ew,0.005152183049623096,0.7664506958662896,180,biotech/biotech_all,asset_growth
capm,mimic_ew,0.006743194697024953,1.376548187040568,181,biotech/biotech_all,asset_growth
ff3,top_ew,0.00988415534337621,1.7183555993215753,180,biotech/biotech_all,asset_growth
ff3,mimic_ew,0.007297837954807115,1.441266926763925,181,biotech/biotech_all,asset_growth
carhart4,top_ew,0.01010366979769891,1.758048885442619,180,biotech/biotech_all,asset_growth
carhart4,mimic_ew,0.008045870807716697,1.5501054890346238,181,biotech/biotech_all,asset_growth
ff5_mom,top_ew,0.01136627075598974,2.0062975587175287,180,biotech/biotech_all,asset_growth
ff5_mom,mimic_ew,0.007249614792552043,1.3989336651480107,181,biotech/biotech_all,asset_growth
capm,top_ew,0.004186189740014029,0.593783313127753,181,biotech/biotech_all,capex_at
capm,mimic_ew,0.004414395265204048,0.7929707234564002,182,biotech/biotech_all,capex_at
ff3,top_ew,0.00786807894951163,1.2124214062643683,181,biotech/biotech_all,capex_at
ff3,mimic_ew,0.004637543281225173,0.8236402280590507,182,biotech/biotech_all,capex_at
carhart4,top_ew,0.008422221529033581,1.2785449378826224,181,biotech/biotech_all,capex_at
carhart4,mimic_ew,0.005936411893361095,1.0423699665842352,182,biotech/biotech_all,capex_at
ff5_mom,top_ew,0.011239161018525219,1.6505227477944864,181,biotech/biotech_all,capex_at
ff5_mom,mimic_ew,0.007799815453864832,1.3446307762516874,182,biotech/biotech_all,capex_at
capm,top_ew,-0.0006929556521003288,-0.09946800189241248,169,biotech/biotech_all,cash_runway_years
capm,mimic_ew,-0.007967905795280242,-1.426735646403606,170,biotech/biotech_all,cash_runway_years
ff3,top_ew,0.0027546397648701743,0.452830830318658,169,biotech/biotech_all,cash_runway_years
ff3,mimic_ew,-0.009535680636437309,-1.7361836513867288,170,biotech/biotech_all,cash_runway_years
carhart4,top_ew,0.0029958329514926008,0.48149930713148303,169,biotech/biotech_all,cash_runway_years
carhart4,mimic_ew,-0.008208107582356364,-1.509873953297146,170,biotech/biotech_all,cash_runway_years
ff5_mom,top_ew,0.00489060896935376,0.7844125827424374,169,biotech/biotech_all,cash_runway_years
ff5_mom,mimic_ew,-0.008727731161947791,-1.664623935364992,170,biotech/biotech_all,cash_runway_years
capm,top_ew,0.0007937847388762431,0.18820542799831624,181,biotech/biotech_all,cop_at
capm,mimic_ew,0.0012110943706272407,0.2763113574723122,182,biotech/biotech_all,cop_at
ff3,top_ew,0.0023397513219527125,0.5957284633350092,181,biotech/biotech_all,cop_at
ff3,mimic_ew,0.00027005467194697613,0.060352265818131946,182,biotech/biotech_all,cop_at
carhart4,top_ew,0.0026464062110663944,0.6468119979147566,181,biotech/biotech_all,cop_at
carhart4,mimic_ew,0.0015246583879131236,0.3291779393782661,182,biotech/biotech_all,cop_at
ff5_mom,top_ew,0.003273739320517455,0.811014120173329,181,biotech/biotech_all,cop_at
ff5_mom,mimic_ew,0.0012460117880754066,0.26060580490584123,182,biotech/biotech_all,cop_at
capm,top_ew,0.002833213666820229,0.6392098405805333,181,biotech/biotech_all,dist_52w_high
capm,mimic_ew,0.009399197823261464,1.4839430283804416,182,biotech/biotech_all,dist_52w_high
ff3,top_ew,0.004589750486629339,1.1160176990897288,181,biotech/biotech_all,dist_52w_high
ff3,mimic_ew,0.0064289619617880845,1.0930040743158154,182,biotech/biotech_all,dist_52w_high
carhart4,top_ew,0.004965133837773017,1.18949358724243,181,biotech/biotech_all,dist_52w_high
carhart4,mimic_ew,0.007304842948527896,1.303072673228212,182,biotech/biotech_all,dist_52w_high
ff5_mom,top_ew,0.0057221524670379295,1.3737217988869006,181,biotech/biotech_all,dist_52w_high
ff5_mom,mimic_ew,0.006084678810611241,1.0878428986328248,182,biotech/biotech_all,dist_52w_high
capm,top_ew,0.003096738789413755,0.6502976554563847,180,biotech/biotech_all,droe
capm,mimic_ew,0.0011963454115444625,0.3160470444882956,181,biotech/biotech_all,droe
ff3,top_ew,0.004985405021250417,1.128699674114457,180,biotech/biotech_all,droe
ff3,mimic_ew,0.0016648085762542336,0.4428355723034571,181,biotech/biotech_all,droe
carhart4,top_ew,0.004664393612778661,1.041506283783992,180,biotech/biotech_all,droe
carhart4,mimic_ew,0.001910065870678527,0.5034963450706387,181,biotech/biotech_all,droe
ff5_mom,top_ew,0.005650338102971185,1.2599754722750958,180,biotech/biotech_all,droe
ff5_mom,mimic_ew,0.002404308767498485,0.6254442230093528,181,biotech/biotech_all,droe
capm,top_ew,-0.0053214421145769495,-0.9312675212768838,181,biotech/biotech_all,ear_3d
capm,mimic_ew,-0.011211279409180883,-2.316306902358859,182,biotech/biotech_all,ear_3d
ff3,top_ew,-0.0014376746744746288,-0.3047750690285202,181,biotech/biotech_all,ear_3d
ff3,mimic_ew,-0.011512984595671964,-2.336373149415114,182,biotech/biotech_all,ear_3d
carhart4,top_ew,-0.00150471781992297,-0.3166909246953187,181,biotech/biotech_all,ear_3d
carhart4,mimic_ew,-0.010988051895644979,-2.2103041116463507,182,biotech/biotech_all,ear_3d
ff5_mom,top_ew,0.00014048032002373525,0.029965842438421625,181,biotech/biotech_all,ear_3d
ff5_mom,mimic_ew,-0.011248267994092133,-2.095376427046423,182,biotech/biotech_all,ear_3d
capm,top_ew,0.003941899413050982,0.9513892114519156,181,biotech/biotech_all,gross_profitability
capm,mimic_ew,0.00221865245627556,0.619425757188165,182,biotech/biotech_all,gross_profitability
ff3,top_ew,0.005601768910665655,1.4259781979857897,181,biotech/biotech_all,gross_profitability
ff3,mimic_ew,0.0020401190611233537,0.5781847228768459,182,biotech/biotech_all,gross_profitability
carhart4,top_ew,0.006128749099303189,1.5730439866504042,181,biotech/biotech_all,gross_profitability
carhart4,mimic_ew,0.0030919951499710618,0.8825634926674529,182,biotech/biotech_all,gross_profitability
ff5_mom,top_ew,0.006014294061961034,1.5385166683833362,181,biotech/biotech_all,gross_profitability
ff5_mom,mimic_ew,0.0028071083282345454,0.7943549683411598,182,biotech/biotech_all,gross_profitability
capm,top_ew,0.005999272073861252,2.2039852771338606,181,biotech/biotech_all,idio_vol_60d
capm,mimic_ew,0.006153705640514371,0.9779418264571315,182,biotech/biotech_all,idio_vol_60d
ff3,top_ew,0.006475323825749392,2.4433177747476136,181,biotech/biotech_all,idio_vol_60d
ff3,mimic_ew,0.0017256125313115892,0.33025619393149575,182,biotech/biotech_all,idio_vol_60d
carhart4,top_ew,0.006941518954223521,2.6063548832540175,181,biotech/biotech_all,idio_vol_60d
carhart4,mimic_ew,0.00250750714550408,0.48301752070330356,182,biotech/biotech_all,idio_vol_60d
ff5_mom,top_ew,0.0066797593632730145,2.572185983511623,181,biotech/biotech_all,idio_vol_60d
ff5_mom,mimic_ew,0.0003403672190579287,0.06680862320487807,182,biotech/biotech_all,idio_vol_60d
capm,top_ew,0.0046410662935773605,1.284161017529309,181,biotech/biotech_all,max_ret_21d
capm,mimic_ew,0.00503080120789575,0.8475238664837142,182,biotech/biotech_all,max_ret_21d
ff3,top_ew,0.005647394202429026,1.6301632769468484,181,biotech/biotech_all,max_ret_21d
ff3,mimic_ew,0.001111860665431851,0.23112025615962825,182,biotech/biotech_all,max_ret_21d
carhart4,top_ew,0.005916192558338105,1.691877528896539,181,biotech/biotech_all,max_ret_21d
carhart4,mimic_ew,0.0015989565650665765,0.32806008709057005,182,biotech/biotech_all,max_ret_21d
ff5_mom,top_ew,0.0059474158484925455,1.711615686757522,181,biotech/biotech_all,max_ret_21d
ff5_mom,mimic_ew,-0.0007818233767984754,-0.16670696268476554,182,biotech/biotech_all,max_ret_21d
capm,top_ew,-0.00132077689588042,-0.182241211145885,181,biotech/biotech_all,mom_12_1
capm,mimic_ew,0.0058984282087251195,1.1006512242476696,182,biotech/biotech_all,mom_12_1
ff3,top_ew,0.002646376096452208,0.41821067850916693,181,biotech/biotech_all,mom_12_1
ff3,mimic_ew,0.005664866592453426,1.0749067169030726,182,biotech/biotech_all,mom_12_1
carhart4,top_ew,0.0026478247194722656,0.4161756716352028,181,biotech/biotech_all,mom_12_1
carhart4,mimic_ew,0.005300200782994052,0.9774050610353024,182,biotech/biotech_all,mom_12_1
ff5_mom,top_ew,0.004741519693947704,0.7479072267988773,181,biotech/biotech_all,mom_12_1
ff5_mom,mimic_ew,0.005381694171223843,0.9724426399387326,182,biotech/biotech_all,mom_12_1
capm,top_ew,0.006430235513810567,1.7731777931525363,180,biotech/biotech_all,share_issuance
capm,mimic_ew,0.007093756499720564,1.1662153402487443,181,biotech/biotech_all,share_issuance
ff3,top_ew,0.0077314313316396285,2.2739039486429355,180,biotech/biotech_all,share_issuance
ff3,mimic_ew,0.00366662062910544,0.6749538357279071,181,biotech/biotech_all,share_issuance
carhart4,top_ew,0.007880588558946982,2.3375070845983466,180,biotech/biotech_all,share_issuance
carhart4,mimic_ew,0.004896452068274494,0.9125004887566492,181,biotech/biotech_all,share_issuance
ff5_mom,top_ew,0.007966411071966216,2.464603091127005,180,biotech/biotech_all,share_issuance
ff5_mom,mimic_ew,0.0034407771742118996,0.6350684277598939,181,biotech/biotech_all,share_issuance
capm,top_ew,0.0020941183601375334,0.49000525457062444,177,biotech/biotech_all,sue
capm,mimic_ew,-0.0005031649892409955,-0.1402083020669364,178,biotech/biotech_all,sue
ff3,top_ew,0.003650925136162654,0.9135865410725524,177,biotech/biotech_all,sue
ff3,mimic_ew,-0.0003834285709166134,-0.10701972503610176,178,biotech/biotech_all,sue
carhart4,top_ew,0.0036192460862501732,0.8950006678561052,177,biotech/biotech_all,sue
carhart4,mimic_ew,0.0005537615501522924,0.15297835017465353,178,biotech/biotech_all,sue
ff5_mom,top_ew,0.0038822447748337527,0.9497014084126024,177,biotech/biotech_all,sue
ff5_mom,mimic_ew,0.0005878646221879819,0.16319772675066888,178,biotech/biotech_all,sue
capm,top_ew,0.006872061650538393,1.4943944075583002,181,biotech/biotech_all,sue_announce
capm,mimic_ew,0.003800549849566321,0.6845080773116928,182,biotech/biotech_all,sue_announce
ff3,top_ew,0.008884287707591,2.0312522923519274,181,biotech/biotech_all,sue_announce
ff3,mimic_ew,0.0020887013441869494,0.3783493117768354,182,biotech/biotech_all,sue_announce
carhart4,top_ew,0.008023709337615762,1.8178298269516129,181,biotech/biotech_all,sue_announce
carhart4,mimic_ew,0.0012917911601048133,0.22587666383754526,182,biotech/biotech_all,sue_announce
ff5_mom,top_ew,0.009059712554623192,2.072706881508241,181,biotech/biotech_all,sue_announce
ff5_mom,mimic_ew,0.0014542387386979273,0.25101144844137613,182,biotech/biotech_all,sue_announce
capm,top_ew,0.00677957735139614,1.0604269668130142,170,biotech/biotech_tools,asset_growth
capm,mimic_ew,0.001633810951695844,0.25319428502107855,171,biotech/biotech_tools,asset_growth
ff3,top_ew,0.008838587497463378,1.4807298976470165,170,biotech/biotech_tools,asset_growth
ff3,mimic_ew,-7.569121022474854e-05,-0.01187338707041003,171,biotech/biotech_tools,asset_growth
carhart4,top_ew,0.009572946963062807,1.5620368413422403,170,biotech/biotech_tools,asset_growth
carhart4,mimic_ew,0.002541716104671986,0.42375266318041016,171,biotech/biotech_tools,asset_growth
ff5_mom,top_ew,0.010327420900814717,1.687681591489925,170,biotech/biotech_tools,asset_growth
ff5_mom,mimic_ew,0.0013304203078766442,0.22850337026232379,171,biotech/biotech_tools,asset_growth
capm,top_ew,0.0016337811907358234,0.22238088669369194,171,biotech/biotech_tools,capex_at
capm,mimic_ew,-0.0026491371049479364,-0.5371656939970408,172,biotech/biotech_tools,capex_at
ff3,top_ew,0.004465355392177622,0.6843696381660129,171,biotech/biotech_tools,capex_at
ff3,mimic_ew,-0.0023190807729150417,-0.4698640365087264,172,biotech/biotech_tools,capex_at
carhart4,top_ew,0.0035298703527999833,0.5269399565964064,171,biotech/biotech_tools,capex_at
carhart4,mimic_ew,-0.0034584971065262024,-0.6907555082939968,172,biotech/biotech_tools,capex_at
ff5_mom,top_ew,0.00532661335463915,0.7943466142366754,171,biotech/biotech_tools,capex_at
ff5_mom,mimic_ew,-0.0014910966628223158,-0.30583439293084064,172,biotech/biotech_tools,capex_at
capm,top_ew,-0.04016004895568123,-1.3928170540244593,13,biotech/biotech_tools,cash_runway_years
capm,mimic_ew,-0.004715120818976189,-0.08952275319835293,13,biotech/biotech_tools,cash_runway_years
ff3,top_ew,-0.025140679222501804,-1.3678683966185028,13,biotech/biotech_tools,cash_runway_years
ff3,mimic_ew,0.01448983946571842,0.4285372298814828,13,biotech/biotech_tools,cash_runway_years
carhart4,top_ew,0.00967291700066789,0.71226660115144,13,biotech/biotech_tools,cash_runway_years
carhart4,mimic_ew,0.05735608589825555,1.7165101693441458,13,biotech/biotech_tools,cash_runway_years
ff5_mom,top_ew,0.0024778020384187112,0.26455746628409454,13,biotech/biotech_tools,cash_runway_years
ff5_mom,mimic_ew,0.06176035800425239,1.6769431770149141,13,biotech/biotech_tools,cash_runway_years
capm,top_ew,0.004957176962347415,1.1326692251120718,174,biotech/biotech_tools,cop_at
capm,mimic_ew,0.0020607868877560998,0.44515033256167935,175,biotech/biotech_tools,cop_at
ff3,top_ew,0.005959124506708021,1.4632117241683145,174,biotech/biotech_tools,cop_at
ff3,mimic_ew,0.0009486741735999959,0.21348154174700013,175,biotech/biotech_tools,cop_at
carhart4,top_ew,0.006087858155170315,1.4341422176705272,174,biotech/biotech_tools,cop_at
carhart4,mimic_ew,0.0010810247484439514,0.2509848172756272,175,biotech/biotech_tools,cop_at
ff5_mom,top_ew,0.0062120584649610735,1.4525481484089344,174,biotech/biotech_tools,cop_at
ff5_mom,mimic_ew,0.0005492335492773569,0.1308275099782649,175,biotech/biotech_tools,cop_at
capm,top_ew,0.002377876291587043,0.5324426146033315,181,biotech/biotech_tools,dist_52w_high
capm,mimic_ew,0.0003300298071881838,0.05132669330635378,182,biotech/biotech_tools,dist_52w_high
ff3,top_ew,0.003518702265434812,0.8261006110645398,181,biotech/biotech_tools,dist_52w_high
ff3,mimic_ew,-0.002870333861679656,-0.4903643766508301,182,biotech/biotech_tools,dist_52w_high
carhart4,top_ew,0.003047282448958186,0.6813164492114705,181,biotech/biotech_tools,dist_52w_high
carhart4,mimic_ew,-0.0027782133565623437,-0.4800328192132326,182,biotech/biotech_tools,dist_52w_high
ff5_mom,top_ew,0.00328396016632648,0.7408764430270576,181,biotech/biotech_tools,dist_52w_high
ff5_mom,mimic_ew,-0.004052637746852878,-0.7124956263489891,182,biotech/biotech_tools,dist_52w_high
capm,top_ew,0.006589449937460534,1.2205377441102863,174,biotech/biotech_tools,droe
capm,mimic_ew,0.0036982874088374576,1.0278665026382152,175,biotech/biotech_tools,droe
ff3,top_ew,0.00827964829798933,1.6884442625307854,174,biotech/biotech_tools,droe
ff3,mimic_ew,0.004079557281692642,1.137960560529894,175,biotech/biotech_tools,droe
carhart4,top_ew,0.00808103484252447,1.6148637483045387,174,biotech/biotech_tools,droe
carhart4,mimic_ew,0.0038363588058942986,1.0646319799395765,175,biotech/biotech_tools,droe
ff5_mom,top_ew,0.008884310627406576,1.71624258011173,174,biotech/biotech_tools,droe
ff5_mom,mimic_ew,0.004031642133487573,1.0803461634992888,175,biotech/biotech_tools,droe
capm,top_ew,0.0013508232470566134,0.2223507804935853,173,biotech/biotech_tools,ear_3d
capm,mimic_ew,-0.005659616370321364,-1.1056470381210737,174,biotech/biotech_tools,ear_3d
ff3,top_ew,0.0040023709099051286,0.730966021848362,173,biotech/biotech_tools,ear_3d
ff3,mimic_ew,-0.006329699671766357,-1.1866284268121767,174,biotech/biotech_tools,ear_3d
carhart4,top_ew,0.0034428319778405454,0.6389635808078423,173,biotech/biotech_tools,ear_3d
carhart4,mimic_ew,-0.006266311614217701,-1.154086674247008,174,biotech/biotech_tools,ear_3d
ff5_mom,top_ew,0.0040124954536504024,0.7382533973180145,173,biotech/biotech_tools,ear_3d
ff5_mom,mimic_ew,-0.00658762999063814,-1.1781017807843261,174,biotech/biotech_tools,ear_3d
capm,top_ew,0.005946790523799498,1.07318754359307,174,biotech/biotech_tools,gross_profitability
capm,mimic_ew,0.0034899384465667507,0.9002515186383545,175,biotech/biotech_tools,gross_profitability
ff3,top_ew,0.007476452555928473,1.4225670145474503,174,biotech/biotech_tools,gross_profitability
ff3,mimic_ew,0.0032440062609332306,0.8260956431283877,175,biotech/biotech_tools,gross_profitability
carhart4,top_ew,0.0065748653412096795,1.2322754903822835,174,biotech/biotech_tools,gross_profitability
carhart4,mimic_ew,0.001584270182021689,0.410704818717836,175,biotech/biotech_tools,gross_profitability
ff5_mom,top_ew,0.007089383839741017,1.2666100903204516,174,biotech/biotech_tools,gross_profitability
ff5_mom,mimic_ew,0.001710544999131544,0.40862476516185137,175,biotech/biotech_tools,gross_profitability
capm,top_ew,0.00426625618484094,1.1125079723923799,181,biotech/biotech_tools,idio_vol_60d
capm,mimic_ew,-0.0011457727731917684,-0.15518632027632848,182,biotech/biotech_tools,idio_vol_60d
ff3,top_ew,0.004934044172088393,1.3449485082997408,181,biotech/biotech_tools,idio_vol_60d
ff3,mimic_ew,-0.0059710071999082475,-0.9167470856232119,182,biotech/biotech_tools,idio_vol_60d
carhart4,top_ew,0.005449774105750912,1.4110653104221544,181,biotech/biotech_tools,idio_vol_60d
carhart4,mimic_ew,-0.003265797283800273,-0.5238724050498934,182,biotech/biotech_tools,idio_vol_60d
ff5_mom,top_ew,0.005292406048709325,1.4282265290351364,181,biotech/biotech_tools,idio_vol_60d
ff5_mom,mimic_ew,-0.004981849220802327,-0.7925563841213765,182,biotech/biotech_tools,idio_vol_60d
capm,top_ew,0.005837904456926115,1.3011138380527458,181,biotech/biotech_tools,max_ret_21d
capm,mimic_ew,0.005823794843987876,0.8359271101605431,182,biotech/biotech_tools,max_ret_21d
ff3,top_ew,0.006788357387503902,1.5746536918521814,181,biotech/biotech_tools,max_ret_21d
ff3,mimic_ew,0.0023190328870210837,0.3549294188670436,182,biotech/biotech_tools,max_ret_21d
carhart4,top_ew,0.00762452290630311,1.6986349878055802,181,biotech/biotech_tools,max_ret_21d
carhart4,mimic_ew,0.004848805154855351,0.8086251506327723,182,biotech/biotech_tools,max_ret_21d
ff5_mom,top_ew,0.007561211259303772,1.7189015242150885,181,biotech/biotech_tools,max_ret_21d
ff5_mom,mimic_ew,0.0041033189821943865,0.6710957812738602,182,biotech/biotech_tools,max_ret_21d
capm,top_ew,0.006227394609123666,0.9382204767594794,181,biotech/biotech_tools,mom_12_1
capm,mimic_ew,0.00295078024597167,0.49255379404305055,182,biotech/biotech_tools,mom_12_1
ff3,top_ew,0.009053274025086622,1.4529187921206652,181,biotech/biotech_tools,mom_12_1
ff3,mimic_ew,0.002229429773963743,0.3732347313927557,182,biotech/biotech_tools,mom_12_1
carhart4,top_ew,0.007801580697559343,1.2679713244851827,181,biotech/biotech_tools,mom_12_1
carhart4,mimic_ew,0.0010808642469848318,0.18501064754447644,182,biotech/biotech_tools,mom_12_1
ff5_mom,top_ew,0.009079783587516363,1.4713945539077413,181,biotech/biotech_tools,mom_12_1
ff5_mom,mimic_ew,0.0021226103730601904,0.3647750104062742,182,biotech/biotech_tools,mom_12_1
capm,top_ew,0.0048522179623127415,1.1222052379686167,170,biotech/biotech_tools,share_issuance
capm,mimic_ew,-0.003997832218420405,-0.5271837222490535,171,biotech/biotech_tools,share_issuance
ff3,top_ew,0.005459987108273597,1.29417484650711,170,biotech/biotech_tools,share_issuance
ff3,mimic_ew,-0.008302360116187825,-1.2805433357515452,171,biotech/biotech_tools,share_issuance
carhart4,top_ew,0.005886661415702516,1.3540338135550363,170,biotech/biotech_tools,share_issuance
carhart4,mimic_ew,-0.006244244198578336,-1.0273227117105697,171,biotech/biotech_tools,share_issuance
ff5_mom,top_ew,0.005798562695729928,1.341721974371459,170,biotech/biotech_tools,share_issuance
ff5_mom,mimic_ew,-0.007864179091053466,-1.3282182985030095,171,biotech/biotech_tools,share_issuance
capm,top_ew,0.005161052115865249,1.0001939011637109,162,biotech/biotech_tools,sue
capm,mimic_ew,0.0024564310280160385,0.5888986555751091,163,biotech/biotech_tools,sue
ff3,top_ew,0.0065661156733721505,1.4174322344924675,162,biotech/biotech_tools,sue
ff3,mimic_ew,0.002680420927466862,0.6301472419791706,163,biotech/biotech_tools,sue
carhart4,top_ew,0.00610245209376802,1.26522019998016,162,biotech/biotech_tools,sue
carhart4,mimic_ew,0.0023401387908489495,0.5457979257543482,163,biotech/biotech_tools,sue
ff5_mom,top_ew,0.006229090966931616,1.2832825563752783,162,biotech/biotech_tools,sue
ff5_mom,mimic_ew,0.002175915143395225,0.49931066121847656,163,biotech/biotech_tools,sue
capm,top_ew,0.0008778188426565039,0.10172729272299666,181,energy,asset_growth
capm,mimic_ew,0.0083859350899673,1.6196963075937771,182,energy,asset_growth
ff3,top_ew,0.0004074686439446215,0.056679146472106756,181,energy,asset_growth
ff3,mimic_ew,0.007395864633713115,1.5864639413997792,182,energy,asset_growth
carhart4,top_ew,0.00042375528340995707,0.05671705938313347,181,energy,asset_growth
carhart4,mimic_ew,0.007278207216402205,1.5639477496914975,182,energy,asset_growth
ff5_mom,top_ew,-0.0011811286086589497,-0.15320168913985496,181,energy,asset_growth
ff5_mom,mimic_ew,0.006997794263808301,1.5727253214641301,182,energy,asset_growth
capm,top_ew,-0.0016164193397349232,-0.23732866885575982,181,energy,capex_at
capm,mimic_ew,0.005675444899493028,1.1624237954926617,182,energy,capex_at
ff3,top_ew,-0.001193775882112255,-0.19510300708222025,181,energy,capex_at
ff3,mimic_ew,0.006594237103784863,1.4401216253532236,182,energy,capex_at
carhart4,top_ew,-0.0023238379645534307,-0.37148010121304287,181,energy,capex_at
carhart4,mimic_ew,0.00410047217342179,0.8564736136741881,182,energy,capex_at
ff5_mom,top_ew,-0.002616498462805189,-0.3992216424651235,181,energy,capex_at
ff5_mom,mimic_ew,0.00523364261422536,1.0700123590107353,182,energy,capex_at
capm,top_ew,-0.0972774900220932,-2.121428721304563,7,energy,cash_runway_years
capm,mimic_ew,-0.051071181358137506,-1.0833095097512027,8,energy,cash_runway_years
capm,top_ew,-0.004445569982329642,-0.520458130668961,181,energy,cop_at
capm,mimic_ew,-0.003805274656208022,-0.6480742260103411,182,energy,cop_at
ff3,top_ew,-0.005124044089958007,-0.7106635238339007,181,energy,cop_at
ff3,mimic_ew,-0.004398039477977694,-0.8098856010550465,182,energy,cop_at
carhart4,top_ew,-0.004429138511324797,-0.594723707542611,181,energy,cop_at
carhart4,mimic_ew,-0.003170634623990026,-0.5582498452233076,182,energy,cop_at
ff5_mom,top_ew,-0.006465732747592369,-0.8428973472467153,181,energy,cop_at
ff5_mom,mimic_ew,-0.00451472420601044,-0.7708464953746985,182,energy,cop_at
capm,top_ew,0.004565730333153296,1.4714658570718029,181,energy,dist_52w_high
capm,mimic_ew,0.01494068749926195,1.5924511948281797,182,energy,dist_52w_high
ff3,top_ew,0.00428763787249046,1.4114694210631062,181,energy,dist_52w_high
ff3,mimic_ew,0.014101774057614461,1.6910622941111932,182,energy,dist_52w_high
carhart4,top_ew,0.00242470252889175,0.8384920740106403,181,energy,dist_52w_high
carhart4,mimic_ew,0.010950142834654491,1.2363330358106288,182,energy,dist_52w_high
ff5_mom,top_ew,0.0014116461117818636,0.49299524219162966,181,energy,dist_52w_high
ff5_mom,mimic_ew,0.010963566412225578,1.1677668696735424,182,energy,dist_52w_high
capm,top_ew,-0.0009153864673093989,-0.14072753600095203,181,energy,ear_3d
capm,mimic_ew,0.0058983486906905,1.4799600322600812,182,energy,ear_3d
ff3,top_ew,-0.0007361798993745604,-0.13096529797168682,181,energy,ear_3d
ff3,mimic_ew,0.005921673050407207,1.4872633150248307,182,energy,ear_3d
carhart4,top_ew,-0.0008556092777598261,-0.1508647043448459,181,energy,ear_3d
carhart4,mimic_ew,0.006175718412508019,1.555759328477534,182,energy,ear_3d
ff5_mom,top_ew,-0.002335925055018763,-0.40558726294698066,181,energy,ear_3d
ff5_mom,mimic_ew,0.005115574544806507,1.1883262544960291,182,energy,ear_3d
capm,top_ew,-0.006341340137773217,-0.8543510970691967,181,energy,ebit_ev
capm,mimic_ew,-0.0038638479731119323,-0.6702457601514108,182,energy,ebit_ev
ff3,top_ew,-0.00706131371096364,-1.1016964659982096,181,energy,ebit_ev
ff3,mimic_ew,-0.0046238502214978215,-0.8400132147865207,182,energy,ebit_ev
carhart4,top_ew,-0.005887926092102489,-0.8954452744682555,181,energy,ebit_ev
carhart4,mimic_ew,-0.002844582773716674,-0.4977490788946043,182,energy,ebit_ev
ff5_mom,top_ew,-0.008881776886502765,-1.3606421172896734,181,energy,ebit_ev
ff5_mom,mimic_ew,-0.005519131350134383,-1.0393720594624996,182,energy,ebit_ev
capm,top_ew,-0.003694688211542638,-0.5065457025571185,181,energy,gross_profitability
capm,mimic_ew,0.0006356567975896938,0.14705622408350064,182,energy,gross_profitability
ff3,top_ew,-0.004863523687647591,-0.7831419327584938,181,energy,gross_profitability
ff3,mimic_ew,-0.00029722107682029624,-0.06765984253575438,182,energy,gross_profitability
carhart4,top_ew,-0.004563844471142344,-0.7085132834792396,181,energy,gross_profitability
carhart4,mimic_ew,0.00039988126829316876,0.08819213284973323,182,energy,gross_profitability
ff5_mom,top_ew,-0.006269564034770897,-0.9481150679509415,181,energy,gross_profitability
ff5_mom,mimic_ew,-0.00019588664391667602,-0.043876780888806866,182,energy,gross_profitability
capm,top_ew,0.003367696938761682,1.1273196408976454,181,energy,idio_vol_60d
capm,mimic_ew,0.008466659299195578,0.8102943555235139,182,energy,idio_vol_60d
ff3,top_ew,0.0023751229097717474,0.8076932177695054,181,energy,idio_vol_60d
ff3,mimic_ew,0.0062101218447314765,0.7071566224139774,182,energy,idio_vol_60d
carhart4,top_ew,0.0018723230151844847,0.6289631922245027,181,energy,idio_vol_60d
carhart4,mimic_ew,0.005167236700764836,0.5660720015219778,182,energy,idio_vol_60d
ff5_mom,top_ew,0.0011369938393125149,0.38315288966489036,181,energy,idio_vol_60d
ff5_mom,mimic_ew,0.004585646375197861,0.4810294365943558,182,energy,idio_vol_60d
capm,top_ew,0.0015834690737534128,0.5339197610629434,181,energy,max_ret_21d
capm,mimic_ew,0.0051782800636932325,0.5598369879922956,182,energy,max_ret_21d
ff3,top_ew,0.0004777689806308686,0.1655513252349204,181,energy,max_ret_21d
ff3,mimic_ew,0.0029466200643714197,0.37823520337271876,182,energy,max_ret_21d
carhart4,top_ew,-1.7818161708704093e-05,-0.0060881735875140015,181,energy,max_ret_21d
carhart4,mimic_ew,0.0022199073420558603,0.2743440453251672,182,energy,max_ret_21d
ff5_mom,top_ew,-0.0008842915799149216,-0.30251282718062467,181,energy,max_ret_21d
ff5_mom,mimic_ew,0.0011027958823627917,0.13041626279379473,182,energy,max_ret_21d
capm,top_ew,0.004389535888330356,0.6806335047953659,181,energy,mom_12_1
capm,mimic_ew,0.010486707171512798,1.347643826668273,182,energy,mom_12_1
ff3,top_ew,0.00407445701650187,0.7341260754022293,181,energy,mom_12_1
ff3,mimic_ew,0.009440725168074345,1.1937484813894657,182,energy,mom_12_1
carhart4,top_ew,0.0005077236468273106,0.09253283409047304,181,energy,mom_12_1
carhart4,mimic_ew,0.002128637373223973,0.25519108922705364,182,energy,mom_12_1
ff5_mom,top_ew,0.001220764679168063,0.21615584193919865,181,energy,mom_12_1
ff5_mom,mimic_ew,0.004904332749086072,0.5688098247967358,182,energy,mom_12_1
capm,top_ew,-0.004887647508632938,-0.7024194547171723,181,energy,net_debt_ebitda
capm,mimic_ew,-0.0024828228381626586,-0.5501347248892469,182,energy,net_debt_ebitda
ff3,top_ew,-0.0049458189944544505,-0.8205051806929687,181,energy,net_debt_ebitda
ff3,mimic_ew,-0.0020659992186651097,-0.47784056539830244,182,energy,net_debt_ebitda
carhart4,top_ew,-0.00564932693720127,-0.9159857343594273,181,energy,net_debt_ebitda
carhart4,mimic_ew,-0.0027786253168608417,-0.6122533470699637,182,energy,net_debt_ebitda
ff5_mom,top_ew,-0.007372392163478859,-1.1486675064720508,181,energy,net_debt_ebitda
ff5_mom,mimic_ew,-0.0038290175796679726,-0.8147518721614765,182,energy,net_debt_ebitda
capm,top_ew,-0.005732893037901577,-0.606629871054873,181,energy,ocf_ev
capm,mimic_ew,-0.0005252105142220726,-0.07216949586410265,182,energy,ocf_ev
ff3,top_ew,-0.006195031623289285,-0.7994495477171566,181,energy,ocf_ev
ff3,mimic_ew,-0.0012301367875194322,-0.19954818532082516,182,energy,ocf_ev
carhart4,top_ew,-0.004982590323506193,-0.6238120662009271,181,energy,ocf_ev
carhart4,mimic_ew,0.001332817609783155,0.2045400344110209,182,energy,ocf_ev
ff5_mom,top_ew,-0.007214348355215169,-0.8746813376852286,181,energy,ocf_ev
ff5_mom,mimic_ew,-0.0006193499280502581,-0.09289179036624308,182,energy,ocf_ev
capm,top_ew,0.003908094403263814,0.42702685128963247,181,energy,oil_beta_trend
capm,mimic_ew,0.01483854707228748,1.9922863679566698,182,energy,oil_beta_trend
ff3,top_ew,0.0038630904167520153,0.5190174923248656,181,energy,oil_beta_trend
ff3,mimic_ew,0.015716584313713065,2.0543651237001668,182,energy,oil_beta_trend
carhart4,top_ew,0.0037903454208104625,0.5026492372964487,181,energy,oil_beta_trend
carhart4,mimic_ew,0.014129842074487108,1.7781688239146318,182,energy,oil_beta_trend
ff5_mom,top_ew,0.0025814835113071337,0.3310429329404043,181,energy,oil_beta_trend
ff5_mom,mimic_ew,0.015597771935040644,1.8752509740608299,182,energy,oil_beta_trend
capm,top_ew,-0.0010414570855537652,-0.15387725211143588,181,energy,share_issuance
capm,mimic_ew,-3.6656799368836575e-05,-0.009164135706351002,182,energy,share_issuance
ff3,top_ew,-0.0017899466559146285,-0.3130086965833433,181,energy,share_issuance
ff3,mimic_ew,-0.0009082266224322468,-0.22645352894008075,182,energy,share_issuance
carhart4,top_ew,-0.0010678935647509364,-0.18170832711713006,181,energy,share_issuance
carhart4,mimic_ew,-0.00028682321053762,-0.06914665520450777,182,energy,share_issuance
ff5_mom,top_ew,-0.003785770843615367,-0.6523452999277599,181,energy,share_issuance
ff5_mom,mimic_ew,-0.0024769322388991442,-0.625884605606228,182,energy,share_issuance
capm,top_ew,-0.00021152015788820805,-0.047102929669431096,181,energy,sue_announce
capm,mimic_ew,0.006750884195570848,1.3901709784919845,182,energy,sue_announce
ff3,top_ew,-0.0006979977574559018,-0.17459792487990725,181,energy,sue_announce
ff3,mimic_ew,0.006379875950410414,1.2820086450002752,182,energy,sue_announce
carhart4,top_ew,-0.0015729476985539576,-0.4008729870150957,181,energy,sue_announce
carhart4,mimic_ew,0.004454870401189263,0.8449084288595073,182,energy,sue_announce
ff5_mom,top_ew,-0.0025099932976409317,-0.6310786361813493,181,energy,sue_announce
ff5_mom,mimic_ew,0.005302513404270134,0.9816281465604811,182,energy,sue_announce
capm,top_ew,0.0012836964519259597,0.1335062781641515,181,energy/oil_gas,asset_growth
capm,mimic_ew,0.00940466247568597,2.217966880897263,182,energy/oil_gas,asset_growth
ff3,top_ew,0.0006211883090075114,0.07865856831069666,181,energy/oil_gas,asset_growth
ff3,mimic_ew,0.009024704403253347,2.186061688508329,182,energy/oil_gas,asset_growth
carhart4,top_ew,0.0012806991109995424,0.1556504798264939,181,energy/oil_gas,asset_growth
carhart4,mimic_ew,0.00907193035411434,2.146757103380849,182,energy/oil_gas,asset_growth
ff5_mom,top_ew,-0.00038520244459699416,-0.04522454114184243,181,energy/oil_gas,asset_growth
ff5_mom,mimic_ew,0.009312878752864857,2.1683798943515957,182,energy/oil_gas,asset_growth
capm,top_ew,-0.004739644370259622,-0.5815858947364745,181,energy/oil_gas,capex_at
capm,mimic_ew,0.0026467400867396223,0.5486692275626507,182,energy/oil_gas,capex_at
ff3,top_ew,-0.0053990483352509494,-0.7809098134911289,181,energy/oil_gas,capex_at
ff3,mimic_ew,0.00237993365371357,0.5210976964491245,182,energy/oil_gas,capex_at
carhart4,top_ew,-0.004814328467308634,-0.6694872364223394,181,energy/oil_gas,capex_at
carhart4,mimic_ew,0.001538362704261107,0.3287532163748745,182,energy/oil_gas,capex_at
ff5_mom,top_ew,-0.006132447907453794,-0.8360996662210266,181,energy/oil_gas,capex_at
ff5_mom,mimic_ew,0.0017932460442869843,0.38478301853858055,182,energy/oil_gas,capex_at
capm,top_ew,-0.0036638288579119403,-0.4054526220960917,181,energy/oil_gas,cop_at
capm,mimic_ew,0.0004358829270893466,0.11778222732460591,182,energy/oil_gas,cop_at
ff3,top_ew,-0.004556820626455251,-0.6101438240664794,181,energy/oil_gas,cop_at
ff3,mimic_ew,-0.0002095783084274472,-0.05745249096305996,182,energy/oil_gas,cop_at
carhart4,top_ew,-0.0037072635856473858,-0.48201187888431996,181,energy/oil_gas,cop_at
carhart4,mimic_ew,0.0012152445512151955,0.3411026945132866,182,energy/oil_gas,cop_at
ff5_mom,top_ew,-0.005821395140128268,-0.7339801173345789,181,energy/oil_gas,cop_at
ff5_mom,mimic_ew,0.00070080952567122,0.20000566174911025,182,energy/oil_gas,cop_at
capm,top_ew,0.00033211732785423746,0.04847605610091298,181,energy/oil_gas,dist_52w_high
capm,mimic_ew,0.0073185121230401814,1.0547136135929218,182,energy/oil_gas,dist_52w_high
ff3,top_ew,-0.00036268802233422297,-0.05826427668545843,181,energy/oil_gas,dist_52w_high
ff3,mimic_ew,0.006850342707442692,1.0902286779034125,182,energy/oil_gas,dist_52w_high
carhart4,top_ew,-0.0021009912027617947,-0.33237736861143646,181,energy/oil_gas,dist_52w_high
carhart4,mimic_ew,0.0025771821248417376,0.3874873443248077,182,energy/oil_gas,dist_52w_high
ff5_mom,top_ew,-0.003012418843544734,-0.4717132056014557,181,energy/oil_gas,dist_52w_high
ff5_mom,mimic_ew,0.004200590740616966,0.617930084989935,182,energy/oil_gas,dist_52w_high
capm,top_ew,-0.0028600942157032054,-0.33047571986663254,181,energy/oil_gas,ear_3d
capm,mimic_ew,0.0057964516379576956,1.5893060806283614,182,energy/oil_gas,ear_3d
ff3,top_ew,-0.00334354456756483,-0.4672982210835541,181,energy/oil_gas,ear_3d
ff3,mimic_ew,0.005790078945229982,1.52964307311195,182,energy/oil_gas,ear_3d
carhart4,top_ew,-0.0028789902360918506,-0.3981331933728967,181,energy/oil_gas,ear_3d
carhart4,mimic_ew,0.0058496889035477015,1.5592088935869348,182,energy/oil_gas,ear_3d
ff5_mom,top_ew,-0.004645567076929992,-0.6324579310650413,181,energy/oil_gas,ear_3d
ff5_mom,mimic_ew,0.005614219348216032,1.4900832811709044,182,energy/oil_gas,ear_3d
capm,top_ew,-0.008704762630053665,-1.0528057430648217,181,energy/oil_gas,ebit_ev
capm,mimic_ew,-0.006530076731499907,-1.1724449065862586,182,energy/oil_gas,ebit_ev
ff3,top_ew,-0.009405049630885995,-1.3550815807773118,181,energy/oil_gas,ebit_ev
ff3,mimic_ew,-0.006582605924248558,-1.2758621473430871,182,energy/oil_gas,ebit_ev
carhart4,top_ew,-0.008935480338357886,-1.2639348581461967,181,energy/oil_gas,ebit_ev
carhart4,mimic_ew,-0.006583302044721037,-1.1916657438162186,182,energy/oil_gas,ebit_ev
ff5_mom,top_ew,-0.011954860990233157,-1.6984840766181641,181,energy/oil_gas,ebit_ev
ff5_mom,mimic_ew,-0.008477644953429092,-1.5022595599614585,182,energy/oil_gas,ebit_ev
capm,top_ew,-0.006305740157998061,-0.6818874639054788,174,energy/oil_gas,gross_profitability
capm,mimic_ew,-0.0015264792984413663,-0.36914826212155244,175,energy/oil_gas,gross_profitability
ff3,top_ew,-0.007956986438231287,-1.0409133980395924,174,energy/oil_gas,gross_profitability
ff3,mimic_ew,-0.002476574506328221,-0.6000304880154629,175,energy/oil_gas,gross_profitability
carhart4,top_ew,-0.006672138577205348,-0.8306618345465837,174,energy/oil_gas,gross_profitability
carhart4,mimic_ew,-0.0010983001019364725,-0.2666865069562629,175,energy/oil_gas,gross_profitability
ff5_mom,top_ew,-0.008584038297412683,-1.04881367147805,174,energy/oil_gas,gross_profitability
ff5_mom,mimic_ew,-0.0014181140004976788,-0.34730583023902284,175,energy/oil_gas,gross_profitability
capm,top_ew,-0.0016703291773196537,-0.30910966143727187,181,energy/oil_gas,idio_vol_60d
capm,mimic_ew,0.0017235812333471394,0.22472398939769955,182,energy/oil_gas,idio_vol_60d
ff3,top_ew,-0.003050382214527627,-0.6458890184454745,181,energy/oil_gas,idio_vol_60d
ff3,mimic_ew,0.000481372115049866,0.07529236543312513,182,energy/oil_gas,idio_vol_60d
carhart4,top_ew,-0.0030777454990101047,-0.6308695231258163,181,energy/oil_gas,idio_vol_60d
carhart4,mimic_ew,-0.0008943828886140977,-0.13192826880598188,182,energy/oil_gas,idio_vol_60d
ff5_mom,top_ew,-0.003948543412975617,-0.7995637102537143,181,energy/oil_gas,idio_vol_60d
ff5_mom,mimic_ew,0.00026692536369476256,0.03852579442656052,182,energy/oil_gas,idio_vol_60d
capm,top_ew,-0.0027295200756324027,-0.42397391994563327,181,energy/oil_gas,max_ret_21d
capm,mimic_ew,0.002038274123984905,0.3142541929716645,182,energy/oil_gas,max_ret_21d
ff3,top_ew,-0.0041054029980915185,-0.7172448288500607,181,energy/oil_gas,max_ret_21d
ff3,mimic_ew,0.0005479264592769693,0.10024386370879544,182,energy/oil_gas,max_ret_21d
carhart4,top_ew,-0.004116758067791101,-0.6861970835339044,181,energy/oil_gas,max_ret_21d
carhart4,mimic_ew,-0.0003041744199697715,-0.05368658510920754,182,energy/oil_gas,max_ret_21d
ff5_mom,top_ew,-0.0054063212504708415,-0.8846229263347705,181,energy/oil_gas,max_ret_21d
ff5_mom,mimic_ew,-0.0003284424996812968,-0.05592688974291821,182,energy/oil_gas,max_ret_21d
capm,top_ew,-0.0021189566884835683,-0.24600630118463773,181,energy/oil_gas,mom_12_1
capm,mimic_ew,0.0027923177264199826,0.4459631228625112,182,energy/oil_gas,mom_12_1
ff3,top_ew,-0.0030609719720693326,-0.4152231590812671,181,energy/oil_gas,mom_12_1
ff3,mimic_ew,0.0016585154536236308,0.2705633853729817,182,energy/oil_gas,mom_12_1
carhart4,top_ew,-0.005553562794508079,-0.749790921591893,181,energy/oil_gas,mom_12_1
carhart4,mimic_ew,-0.004333015417845719,-0.6873834644161061,182,energy/oil_gas,mom_12_1
ff5_mom,top_ew,-0.006315266242856723,-0.8400976138894597,181,energy/oil_gas,mom_12_1
ff5_mom,mimic_ew,-0.0029986873491192364,-0.4641425458952686,182,energy/oil_gas,mom_12_1
capm,top_ew,-0.00827966928895055,-0.9702449107961252,181,energy/oil_gas,net_debt_ebitda
capm,mimic_ew,-0.007112594132568477,-1.4883432765213076,182,energy/oil_gas,net_debt_ebitda
ff3,top_ew,-0.009030026361684375,-1.2638469996951505,181,energy/oil_gas,net_debt_ebitda
ff3,mimic_ew,-0.007116703151864033,-1.4906052455032723,182,energy/oil_gas,net_debt_ebitda
carhart4,top_ew,-0.009131056601530293,-1.227052919354303,181,energy/oil_gas,net_debt_ebitda
carhart4,mimic_ew,-0.007599951533011334,-1.4870162599459058,182,energy/oil_gas,net_debt_ebitda
ff5_mom,top_ew,-0.011162320245019617,-1.4483144841750804,181,energy/oil_gas,net_debt_ebitda
ff5_mom,mimic_ew,-0.008823680317802916,-1.648156784607961,182,energy/oil_gas,net_debt_ebitda
capm,top_ew,-0.006609983999392876,-0.6433263856056716,181,energy/oil_gas,ocf_ev
capm,mimic_ew,-0.0015497604138498004,-0.32110286106047004,182,energy/oil_gas,ocf_ev
ff3,top_ew,-0.006914219779428579,-0.8266474932880404,181,energy/oil_gas,ocf_ev
ff3,mimic_ew,-0.0015353931152014256,-0.3500471858431873,182,energy/oil_gas,ocf_ev
carhart4,top_ew,-0.0056836714346325205,-0.6575316898542121,181,energy/oil_gas,ocf_ev
carhart4,mimic_ew,0.000779575569677412,0.17361540931504704,182,energy/oil_gas,ocf_ev
ff5_mom,top_ew,-0.007845802525555301,-0.8789324588580352,181,energy/oil_gas,ocf_ev
ff5_mom,mimic_ew,-0.00034379310493223657,-0.07532311540225722,182,energy/oil_gas,ocf_ev
capm,top_ew,0.003908094403263814,0.42702685128963247,181,energy/oil_gas,oil_beta_trend
capm,mimic_ew,0.01483854707228748,1.9922863679566698,182,energy/oil_gas,oil_beta_trend
ff3,top_ew,0.0038630904167520153,0.5190174923248656,181,energy/oil_gas,oil_beta_trend
ff3,mimic_ew,0.015716584313713065,2.0543651237001668,182,energy/oil_gas,oil_beta_trend
carhart4,top_ew,0.0037903454208104625,0.5026492372964487,181,energy/oil_gas,oil_beta_trend
carhart4,mimic_ew,0.014129842074487108,1.7781688239146318,182,energy/oil_gas,oil_beta_trend
ff5_mom,top_ew,0.0025814835113071337,0.3310429329404043,181,energy/oil_gas,oil_beta_trend
ff5_mom,mimic_ew,0.015597771935040644,1.8752509740608299,182,energy/oil_gas,oil_beta_trend
capm,top_ew,-0.0038555335495536937,-0.4974483596100896,181,energy/oil_gas,share_issuance
capm,mimic_ew,0.00203307139811019,0.5088994850398729,182,energy/oil_gas,share_issuance
ff3,top_ew,-0.004716040386499551,-0.7487458214028667,181,energy/oil_gas,share_issuance
ff3,mimic_ew,0.001412496835221607,0.34552352648404483,182,energy/oil_gas,share_issuance
carhart4,top_ew,-0.003552806769804533,-0.544177850012483,181,energy/oil_gas,share_issuance
carhart4,mimic_ew,0.0014728304416872138,0.3343608980327276,182,energy/oil_gas,share_issuance
ff5_mom,top_ew,-0.006332179377918327,-0.9734527997583777,181,energy/oil_gas,share_issuance
ff5_mom,mimic_ew,0.0008036797154441081,0.17503496980369987,182,energy/oil_gas,share_issuance
capm,top_ew,-0.0028605333811629616,-0.37513592180068533,181,energy/oil_gas,sue_announce
capm,mimic_ew,0.003454704666408818,1.103141769840416,182,energy/oil_gas,sue_announce
ff3,top_ew,-0.0034783577398008023,-0.5390820980172937,181,energy/oil_gas,sue_announce
ff3,mimic_ew,0.003112457943525356,0.9877846523984156,182,energy/oil_gas,sue_announce
carhart4,top_ew,-0.0038178199935214787,-0.5743344570070811,181,energy/oil_gas,sue_announce
carhart4,mimic_ew,0.0020096672055491993,0.6258459593918265,182,energy/oil_gas,sue_announce
ff5_mom,top_ew,-0.005209455279293708,-0.7663556424858904,181,energy/oil_gas,sue_announce
ff5_mom,mimic_ew,0.0020740068938045913,0.6249756627734857,182,energy/oil_gas,sue_announce
capm,top_ew,0.002377516330191535,0.7474582802116981,180,energy/power_utilities,asset_growth
capm,mimic_ew,-0.00035859127316935585,-0.17195003579258739,181,energy/power_utilities,asset_growth
ff3,top_ew,0.0017010777340091335,0.5367665841151881,180,energy/power_utilities,asset_growth
ff3,mimic_ew,-0.00023041682686202305,-0.11298160083637915,181,energy/power_utilities,asset_growth
carhart4,top_ew,0.0011299097122834361,0.3485339223642726,180,energy/power_utilities,asset_growth
carhart4,mimic_ew,-0.00033728896195914297,-0.1691555701902318,181,energy/power_utilities,asset_growth
ff5_mom,top_ew,0.0005225005680465826,0.161590813197932,180,energy/power_utilities,asset_growth
ff5_mom,mimic_ew,-0.00018766549747910156,-0.09171892653185651,181,energy/power_utilities,asset_growth
capm,top_ew,0.0030712342703848477,0.962150894251395,181,energy/power_utilities,capex_at
capm,mimic_ew,-0.0002891200610326245,-0.13585081362329957,182,energy/power_utilities,capex_at
ff3,top_ew,0.002132095879780072,0.6806031484146962,181,energy/power_utilities,capex_at
ff3,mimic_ew,-0.0006301511308175704,-0.29978629876362306,182,energy/power_utilities,capex_at
carhart4,top_ew,0.0017575249553229023,0.5405543584780389,181,energy/power_utilities,capex_at
carhart4,mimic_ew,-0.00016890403459565037,-0.08076354380572055,182,energy/power_utilities,capex_at
ff5_mom,top_ew,0.0011566367237196087,0.35525962024798324,181,energy/power_utilities,capex_at
ff5_mom,mimic_ew,-0.00021804778535899108,-0.10088884293150174,182,energy/power_utilities,capex_at
capm,top_ew,0.00223140415292924,0.6805103815716902,181,energy/power_utilities,cop_at
capm,mimic_ew,-0.0003503181948369943,-0.18309644506435552,182,energy/power_utilities,cop_at
ff3,top_ew,0.0013850352578704257,0.42747007621288347,181,energy/power_utilities,cop_at
ff3,mimic_ew,-0.0003917514349152999,-0.20255609800221178,182,energy/power_utilities,cop_at
carhart4,top_ew,0.0008819437279215303,0.26278213733801487,181,energy/power_utilities,cop_at
carhart4,mimic_ew,-0.0005488306170422673,-0.27790662416167883,182,energy/power_utilities,cop_at
ff5_mom,top_ew,0.0005293487064090396,0.15831725580996528,181,energy/power_utilities,cop_at
ff5_mom,mimic_ew,-3.262104619747567e-05,-0.016296470042249052,182,energy/power_utilities,cop_at
capm,top_ew,0.002608876711233643,0.8936540215006848,181,energy/power_utilities,dist_52w_high
capm,mimic_ew,0.0006528121855436766,0.21101143388102536,182,energy/power_utilities,dist_52w_high
ff3,top_ew,0.0017139772371974962,0.6011603419787775,181,energy/power_utilities,dist_52w_high
ff3,mimic_ew,0.00036339175657547855,0.11663734248472424,182,energy/power_utilities,dist_52w_high
carhart4,top_ew,0.0007677857050075753,0.26685356380492686,181,energy/power_utilities,dist_52w_high
carhart4,mimic_ew,-0.00011426060185771209,-0.03491200960800805,182,energy/power_utilities,dist_52w_high
ff5_mom,top_ew,0.000266654264712534,0.09199818639363697,181,energy/power_utilities,dist_52w_high
ff5_mom,mimic_ew,-0.00012409023740869,-0.036828399389869544,182,energy/power_utilities,dist_52w_high
capm,top_ew,0.0025017852767064757,0.7801884036740455,169,energy/power_utilities,ear_3d
capm,mimic_ew,-0.0005889276859351955,-0.2882052325329129,170,energy/power_utilities,ear_3d
ff3,top_ew,0.0015263427556717547,0.47117958432019846,169,energy/power_utilities,ear_3d
ff3,mimic_ew,-0.0007572792926217491,-0.3654405881946581,170,energy/power_utilities,ear_3d
carhart4,top_ew,0.0011604080808353858,0.3505588322640841,169,energy/power_utilities,ear_3d
carhart4,mimic_ew,-0.0010587013561806596,-0.5278204101369766,170,energy/power_utilities,ear_3d
ff5_mom,top_ew,0.0004572814906660618,0.13568647970475126,169,energy/power_utilities,ear_3d
ff5_mom,mimic_ew,-0.0013905208800014401,-0.680729641138639,170,energy/power_utilities,ear_3d
capm,top_ew,0.004887272026222516,1.4297976452756316,181,energy/power_utilities,ebit_ev
capm,mimic_ew,0.0054024693408724,2.54467207483303,182,energy/power_utilities,ebit_ev
ff3,top_ew,0.004079882443102904,1.2055434240266887,181,energy/power_utilities,ebit_ev
ff3,mimic_ew,0.005355834538709456,2.502485302215525,182,energy/power_utilities,ebit_ev
carhart4,top_ew,0.003455813640851598,0.9978610104876523,181,energy/power_utilities,ebit_ev
carhart4,mimic_ew,0.005217928747888733,2.49885660544458,182,energy/power_utilities,ebit_ev
ff5_mom,top_ew,0.0031071717680916924,0.8987302696855152,181,energy/power_utilities,ebit_ev
ff5_mom,mimic_ew,0.0057094194929396035,2.7217176278080424,182,energy/power_utilities,ebit_ev
capm,top_ew,0.0030938747283109965,0.9762461731858304,181,energy/power_utilities,idio_vol_60d
capm,mimic_ew,0.003667329179749303,1.3457140604531195,182,energy/power_utilities,idio_vol_60d
ff3,top_ew,0.0020064706839281266,0.6464156727449746,181,energy/power_utilities,idio_vol_60d
ff3,mimic_ew,0.0029009575047652452,1.1068351668051848,182,energy/power_utilities,idio_vol_60d
carhart4,top_ew,0.0017081710505252425,0.5399137485034995,181,energy/power_utilities,idio_vol_60d
carhart4,mimic_ew,0.003163623174919584,1.1779366010247623,182,energy/power_utilities,idio_vol_60d
ff5_mom,top_ew,0.0008993317761026512,0.2850124663181634,181,energy/power_utilities,idio_vol_60d
ff5_mom,mimic_ew,0.002926103242275009,1.027960581862575,182,energy/power_utilities,idio_vol_60d
capm,top_ew,0.003283829354029713,1.0576610913372388,181,energy/power_utilities,max_ret_21d
capm,mimic_ew,0.0018577856999953564,0.7309124131540278,182,energy/power_utilities,max_ret_21d
ff3,top_ew,0.002328146342537735,0.7638800214734548,181,energy/power_utilities,max_ret_21d
ff3,mimic_ew,0.0013596491380602211,0.5436530147292453,182,energy/power_utilities,max_ret_21d
carhart4,top_ew,0.0016631673656419457,0.5358161243860731,181,energy/power_utilities,max_ret_21d
carhart4,mimic_ew,0.0013300374254661502,0.5164729372035908,182,energy/power_utilities,max_ret_21d
ff5_mom,top_ew,0.0007397278683398172,0.23988456313291903,181,energy/power_utilities,max_ret_21d
ff5_mom,mimic_ew,0.0008413390961791944,0.3188996305903817,182,energy/power_utilities,max_ret_21d
capm,top_ew,0.0031178589324260208,1.0031180100876447,181,energy/power_utilities,mom_12_1
capm,mimic_ew,0.0013276221495009059,0.4728399745454695,182,energy/power_utilities,mom_12_1
ff3,top_ew,0.002270537488377551,0.7345661957170894,181,energy/power_utilities,mom_12_1
ff3,mimic_ew,0.0012467866000900976,0.44470861481294666,182,energy/power_utilities,mom_12_1
carhart4,top_ew,0.001044411143718584,0.3280673067556722,181,energy/power_utilities,mom_12_1
carhart4,mimic_ew,-0.00010265742622239398,-0.036468954320031076,182,energy/power_utilities,mom_12_1
ff5_mom,top_ew,0.0003718856323887971,0.11761520706584498,181,energy/power_utilities,mom_12_1
ff5_mom,mimic_ew,-0.00019779947434125212,-0.06864332637170437,182,energy/power_utilities,mom_12_1
capm,top_ew,0.0024564889692321925,0.7899917834311961,181,energy/power_utilities,net_debt_ebitda
capm,mimic_ew,0.0006974384456684515,0.299588299487223,182,energy/power_utilities,net_debt_ebitda
ff3,top_ew,0.0015117601092898133,0.4891720160272987,181,energy/power_utilities,net_debt_ebitda
ff3,mimic_ew,0.00041430091428878405,0.1788935185962528,182,energy/power_utilities,net_debt_ebitda
carhart4,top_ew,0.0012784321282740656,0.398058543580565,181,energy/power_utilities,net_debt_ebitda
carhart4,mimic_ew,0.0008262518035304101,0.3483309310177149,182,energy/power_utilities,net_debt_ebitda
ff5_mom,top_ew,0.0007122561962552531,0.22304025125355775,181,energy/power_utilities,net_debt_ebitda
ff5_mom,mimic_ew,0.001239856736796352,0.5091394418848898,182,energy/power_utilities,net_debt_ebitda
capm,top_ew,0.0029420315354078785,0.8166109941820066,181,energy/power_utilities,ocf_ev
capm,mimic_ew,0.0029896290133360442,1.4763353627346212,182,energy/power_utilities,ocf_ev
ff3,top_ew,0.001960690621326643,0.5534703604104663,181,energy/power_utilities,ocf_ev
ff3,mimic_ew,0.002655046106252805,1.3097956592870497,182,energy/power_utilities,ocf_ev
carhart4,top_ew,0.0016093205996923047,0.43720005292311204,181,energy/power_utilities,ocf_ev
carhart4,mimic_ew,0.002701868916030674,1.3467702021170662,182,energy/power_utilities,ocf_ev
ff5_mom,top_ew,0.00110182405876108,0.29578776526465356,181,energy/power_utilities,ocf_ev
ff5_mom,mimic_ew,0.0029865761312859672,1.4463946737686952,182,energy/power_utilities,ocf_ev
capm,top_ew,0.0036073623231962426,1.1077094174211857,181,energy/power_utilities,share_issuance
capm,mimic_ew,0.0011278897695273576,0.6608182732030727,182,energy/power_utilities,share_issuance
ff3,top_ew,0.00270246799557135,0.8336655630215479,181,energy/power_utilities,share_issuance
ff3,mimic_ew,0.001069698872560325,0.617361401262939,182,energy/power_utilities,share_issuance
carhart4,top_ew,0.002322070641170654,0.6971373965731554,181,energy/power_utilities,share_issuance
carhart4,mimic_ew,0.001141625686607955,0.6550506764956626,182,energy/power_utilities,share_issuance
ff5_mom,top_ew,0.0012651860994332515,0.383840826547904,181,energy/power_utilities,share_issuance
ff5_mom,mimic_ew,0.0004354543654833168,0.25350159848309645,182,energy/power_utilities,share_issuance
capm,top_ew,0.0026868165675713604,0.5017503416538892,80,energy/power_utilities,sue_announce
capm,mimic_ew,0.0006575438355282295,0.1593909435761199,81,energy/power_utilities,sue_announce
ff3,top_ew,-0.0005486168296656772,-0.10232351020280746,80,energy/power_utilities,sue_announce
ff3,mimic_ew,-0.0003050593780330115,-0.0653403920828355,81,energy/power_utilities,sue_announce
carhart4,top_ew,-0.001155426693052652,-0.20977875249481337,80,energy/power_utilities,sue_announce
carhart4,mimic_ew,-0.0007252380490364299,-0.1580067235446611,81,energy/power_utilities,sue_announce
ff5_mom,top_ew,-0.00152981757192863,-0.2798648049387598,80,energy/power_utilities,sue_announce
ff5_mom,mimic_ew,-0.0002492749173533812,-0.05534638543465282,81,energy/power_utilities,sue_announce
capm,top_ew,0.005168795811342122,0.9865584323457591,145,energy/renewables,asset_growth
capm,mimic_ew,0.0047992628077576,0.6812037643597324,146,energy/renewables,asset_growth
ff3,top_ew,0.005313010310842928,1.0303522509161414,145,energy/renewables,asset_growth
ff3,mimic_ew,0.0033037994097560707,0.5093030628668173,146,energy/renewables,asset_growth
carhart4,top_ew,0.003657731378842547,0.7035210628905012,145,energy/renewables,asset_growth
carhart4,mimic_ew,0.003577947384895117,0.5479145274908671,146,energy/renewables,asset_growth
ff5_mom,top_ew,0.003486491555540711,0.6119568869574832,145,energy/renewables,asset_growth
ff5_mom,mimic_ew,0.004674227132599191,0.6809746543139914,146,energy/renewables,asset_growth
capm,top_ew,0.005343686174484731,0.6318188396113023,138,energy/renewables,capex_at
capm,mimic_ew,0.006571582363777179,0.9517611977148717,139,energy/renewables,capex_at
ff3,top_ew,0.007371475251859044,0.9350870720316808,138,energy/renewables,capex_at
ff3,mimic_ew,0.00850852588294874,1.327153533848902,139,energy/renewables,capex_at
carhart4,top_ew,0.004901098309782898,0.6378216917664133,138,energy/renewables,capex_at
carhart4,mimic_ew,0.006943688763735121,1.114003731085936,139,energy/renewables,capex_at
ff5_mom,top_ew,0.005251698191058829,0.6351037812761604,138,energy/renewables,capex_at
ff5_mom,mimic_ew,0.008487076857383048,1.2398546631285086,139,energy/renewables,capex_at
capm,top_ew,-0.0004034501887701628,-0.07514067993996576,138,energy/renewables,cop_at
capm,mimic_ew,-0.0010848201624697657,-0.23791459154569072,139,energy/renewables,cop_at
ff3,top_ew,0.0008037256421561629,0.15701465437759057,138,energy/renewables,cop_at
ff3,mimic_ew,-0.00015762504086383385,-0.03506102400338708,139,energy/renewables,cop_at
carhart4,top_ew,-0.0006318029749526228,-0.12462267076030595,138,energy/renewables,cop_at
carhart4,mimic_ew,-0.0013083597781234821,-0.29094779191255665,139,energy/renewables,cop_at
ff5_mom,top_ew,-0.0017833868514706534,-0.3467121758862879,138,energy/renewables,cop_at
ff5_mom,mimic_ew,-0.002297135740079468,-0.49806355651334294,139,energy/renewables,cop_at
capm,top_ew,0.0008362840284155825,0.21343289383454148,145,energy/renewables,dist_52w_high
capm,mimic_ew,0.0012317095980531258,0.13280318399949342,146,energy/renewables,dist_52w_high
ff3,top_ew,0.0005316182863733171,0.13394116085807953,145,energy/renewables,dist_52w_high
ff3,mimic_ew,-0.000907652171557762,-0.1064246664080256,146,energy/renewables,dist_52w_high
carhart4,top_ew,-0.0009399103525077236,-0.2502553825565622,145,energy/renewables,dist_52w_high
carhart4,mimic_ew,-0.0017386576713814064,-0.20374279541054835,146,energy/renewables,dist_52w_high
ff5_mom,top_ew,-0.0026591516598877206,-0.6968607774675823,145,energy/renewables,dist_52w_high
ff5_mom,mimic_ew,-0.005050666156915596,-0.5333879039924444,146,energy/renewables,dist_52w_high
capm,top_ew,0.0015429842165300197,0.22874087807674395,137,energy/renewables,ear_3d
capm,mimic_ew,0.0064930713073354605,0.9049347681102997,138,energy/renewables,ear_3d
ff3,top_ew,0.0025560446388092437,0.38915047029603234,137,energy/renewables,ear_3d
ff3,mimic_ew,0.006221030674211947,0.8980921177200448,138,energy/renewables,ear_3d
carhart4,top_ew,0.0002546042729383457,0.039231251675648664,137,energy/renewables,ear_3d
carhart4,mimic_ew,0.005491537447816751,0.7829685082233163,138,energy/renewables,ear_3d
ff5_mom,top_ew,-0.0019931536625220152,-0.30760235327711505,137,energy/renewables,ear_3d
ff5_mom,mimic_ew,0.001330256569375326,0.16540320357542215,138,energy/renewables,ear_3d
capm,top_ew,0.0021968662881259016,0.5054305738644377,136,energy/renewables,ebit_ev
capm,mimic_ew,-0.0008676295401878885,-0.15286314802016404,137,energy/renewables,ebit_ev
ff3,top_ew,0.0019246735351171153,0.44516384870330117,136,energy/renewables,ebit_ev
ff3,mimic_ew,-0.0026668280072377837,-0.4995017521730193,137,energy/renewables,ebit_ev
carhart4,top_ew,0.0012734989118899228,0.2990137869892188,136,energy/renewables,ebit_ev
carhart4,mimic_ew,-0.0011942180461814954,-0.22001605849995126,137,energy/renewables,ebit_ev
ff5_mom,top_ew,0.0003529748365661984,0.08530782294911306,136,energy/renewables,ebit_ev
ff5_mom,mimic_ew,-0.0026926575366686685,-0.47167525320832426,137,energy/renewables,ebit_ev
capm,top_ew,0.021834587544404142,1.067474151213254,15,energy/renewables,gross_profitability
capm,mimic_ew,-0.013848188097912389,-0.7281223128911946,15,energy/renewables,gross_profitability
ff3,top_ew,0.03314690144398143,2.0406087257245153,15,energy/renewables,gross_profitability
ff3,mimic_ew,0.0008789905980955972,0.045653557204151124,15,energy/renewables,gross_profitability
carhart4,top_ew,0.035004883512957656,2.242224806455018,15,energy/renewables,gross_profitability
carhart4,mimic_ew,-0.0007328552394969542,-0.03925451895490364,15,energy/renewables,gross_profitability
ff5_mom,top_ew,0.034408035657058494,2.0551657201716176,15,energy/renewables,gross_profitability
ff5_mom,mimic_ew,0.013161363040376316,0.5772494716203885,15,energy/renewables,gross_profitability
capm,top_ew,0.0022727409388381427,0.6457381703916618,145,energy/renewables,idio_vol_60d
capm,mimic_ew,0.0015280763094557238,0.1455740610900972,146,energy/renewables,idio_vol_60d
ff3,top_ew,0.0015965390932744959,0.4579288919967835,145,energy/renewables,idio_vol_60d
ff3,mimic_ew,-0.0015252320261558876,-0.16271732586416604,146,energy/renewables,idio_vol_60d
carhart4,top_ew,0.0008807892614167989,0.2503906115760067,145,energy/renewables,idio_vol_60d
carhart4,mimic_ew,0.0002054739650392039,0.021899998843629954,146,energy/renewables,idio_vol_60d
ff5_mom,top_ew,0.00013215327634373913,0.038329174173649026,145,energy/renewables,idio_vol_60d
ff5_mom,mimic_ew,-0.001372020054961408,-0.13220761366462253,146,energy/renewables,idio_vol_60d
capm,top_ew,0.0020044368508016874,0.5714067695744284,145,energy/renewables,max_ret_21d
capm,mimic_ew,0.0020607496239633044,0.20629549963620283,146,energy/renewables,max_ret_21d
ff3,top_ew,0.0014985885980395655,0.4251796070971815,145,energy/renewables,max_ret_21d
ff3,mimic_ew,-0.0007333919328464251,-0.08149098022808805,146,energy/renewables,max_ret_21d
carhart4,top_ew,0.0005776749821021676,0.1614672862794525,145,energy/renewables,max_ret_21d
carhart4,mimic_ew,0.0009640804132110442,0.10667757846642736,146,energy/renewables,max_ret_21d
ff5_mom,top_ew,-0.0003988309783191647,-0.11301470624114679,145,energy/renewables,max_ret_21d
ff5_mom,mimic_ew,-0.00037441545113858044,-0.03872493944346609,146,energy/renewables,max_ret_21d
capm,top_ew,0.005495078993056584,0.8561745838645665,145,energy/renewables,mom_12_1
capm,mimic_ew,0.006982395732247804,0.9449124344722656,146,energy/renewables,mom_12_1
ff3,top_ew,0.006225047569568426,0.9913935080316674,145,energy/renewables,mom_12_1
ff3,mimic_ew,0.006472985759133052,0.8998889528749799,146,energy/renewables,mom_12_1
carhart4,top_ew,0.0030222904546625485,0.4690475779786037,145,energy/renewables,mom_12_1
carhart4,mimic_ew,0.0030915923344073414,0.4181575452994556,146,energy/renewables,mom_12_1
ff5_mom,top_ew,0.004954548447100512,0.705852555474903,145,energy/renewables,mom_12_1
ff5_mom,mimic_ew,0.007679827910062173,1.0458401527084873,146,energy/renewables,mom_12_1
capm,top_ew,0.0022498631008463573,0.33065395011560805,136,energy/renewables,net_debt_ebitda
capm,mimic_ew,0.002597773135392605,0.44240374599252275,137,energy/renewables,net_debt_ebitda
ff3,top_ew,0.0038153452851304856,0.5915762279116735,136,energy/renewables,net_debt_ebitda
ff3,mimic_ew,0.0041652230131650255,0.7403563553316641,137,energy/renewables,net_debt_ebitda
carhart4,top_ew,0.002186647854681695,0.3490741293509472,136,energy/renewables,net_debt_ebitda
carhart4,mimic_ew,0.0031483741913244795,0.5719851151957781,137,energy/renewables,net_debt_ebitda
ff5_mom,top_ew,0.0015755316201398369,0.24674619800395714,136,energy/renewables,net_debt_ebitda
ff5_mom,mimic_ew,0.003510394700830958,0.6301722645656591,137,energy/renewables,net_debt_ebitda
capm,top_ew,0.0025795694381420906,0.6427773513179633,138,energy/renewables,ocf_ev
capm,mimic_ew,0.005510601455731971,1.063510741078975,139,energy/renewables,ocf_ev
ff3,top_ew,0.0025293859732057502,0.6385592644973211,138,energy/renewables,ocf_ev
ff3,mimic_ew,0.0041775989850703025,0.8448272406893718,139,energy/renewables,ocf_ev
carhart4,top_ew,0.00209800235943244,0.527809698916535,138,energy/renewables,ocf_ev
carhart4,mimic_ew,0.005340299643687944,1.0530688138025464,139,energy/renewables,ocf_ev
ff5_mom,top_ew,0.0011170257287475118,0.2868311893438784,138,energy/renewables,ocf_ev
ff5_mom,mimic_ew,0.005358371404554147,1.013464867173156,139,energy/renewables,ocf_ev
capm,top_ew,-0.001258240143455248,-0.30615234483421794,144,energy/renewables,share_issuance
capm,mimic_ew,-0.0037713733681427196,-0.5575355691175079,145,energy/renewables,share_issuance
ff3,top_ew,-0.0012980442048172703,-0.319802272918626,144,energy/renewables,share_issuance
ff3,mimic_ew,-0.00506084848901707,-0.7878460048899283,145,energy/renewables,share_issuance
carhart4,top_ew,-0.0024411940491132086,-0.5969808986094309,144,energy/renewables,share_issuance
carhart4,mimic_ew,-0.004246111770101378,-0.6625392788621636,145,energy/renewables,share_issuance
ff5_mom,top_ew,-0.0034711460716353314,-0.8258889042827389,144,energy/renewables,share_issuance
ff5_mom,mimic_ew,-0.004761700613950592,-0.74062099412671,145,energy/renewables,share_issuance
capm,top_ew,-0.0007737504892242567,-0.11089774248534119,104,energy/renewables,sue_announce
capm,mimic_ew,0.005023341581089782,0.9376001941154769,105,energy/renewables,sue_announce
ff3,top_ew,0.00046820376989634653,0.07062433125239145,104,energy/renewables,sue_announce
ff3,mimic_ew,0.005529739363117209,1.0813131215867007,105,energy/renewables,sue_announce
carhart4,top_ew,-0.0015492684749780154,-0.2357839901566285,104,energy/renewables,sue_announce
carhart4,mimic_ew,0.0041655952640255196,0.7882318015030523,105,energy/renewables,sue_announce
ff5_mom,top_ew,-0.0025876444139205754,-0.38040880173648645,104,energy/renewables,sue_announce
ff5_mom,mimic_ew,0.005844794491469627,1.0799143401815934,105,energy/renewables,sue_announce
capm,top_ew,0.0008571381752222618,0.1739415628379736,176,ai,asset_growth
capm,mimic_ew,0.000707257758860421,0.1704689453766544,177,ai,asset_growth
ff3,top_ew,0.0017057608741060774,0.36925160387052736,176,ai,asset_growth
ff3,mimic_ew,-0.0005789819865723213,-0.1542548696560635,177,ai,asset_growth
carhart4,top_ew,0.00029334490100283984,0.06465637736750736,176,ai,asset_growth
carhart4,mimic_ew,0.00055649952069802,0.14233545816729606,177,ai,asset_growth
ff5_mom,top_ew,0.0003443608937965625,0.07648969275971973,176,ai,asset_growth
ff5_mom,mimic_ew,-0.0006660710371011639,-0.17938818020285116,177,ai,asset_growth
capm,top_ew,0.0005512414352810196,0.1019880989744266,172,ai,capex_at
capm,mimic_ew,-0.004759389624139819,-1.1216241737587043,173,ai,capex_at
ff3,top_ew,0.0021324874750346286,0.40583613827588494,172,ai,capex_at
ff3,mimic_ew,-0.004666651490461436,-1.095201132321156,173,ai,capex_at
carhart4,top_ew,0.00235235223010419,0.44723087710982956,172,ai,capex_at
carhart4,mimic_ew,-0.0019861589164760045,-0.45725324107225396,173,ai,capex_at
ff5_mom,top_ew,0.003282054507547687,0.6079802532032165,172,ai,capex_at
ff5_mom,mimic_ew,-0.001370239081148741,-0.3116966435870012,173,ai,capex_at
capm,top_ew,0.016357057454342454,0.7168038512129217,66,ai,cash_runway_years
capm,mimic_ew,0.007614946709046502,0.48066748867316467,67,ai,cash_runway_years
ff3,top_ew,0.026113939073425848,1.2860655119690618,66,ai,cash_runway_years
ff3,mimic_ew,0.012688658789908786,0.8064379436797637,67,ai,cash_runway_years
carhart4,top_ew,0.01750106858801677,0.8777911532729915,66,ai,cash_runway_years
carhart4,mimic_ew,0.012388410278627656,0.7711778779813226,67,ai,cash_runway_years
ff5_mom,top_ew,0.02243134595705196,1.138370295068113,66,ai,cash_runway_years
ff5_mom,mimic_ew,0.016384197552281606,1.01164173729595,67,ai,cash_runway_years
capm,top_ew,0.0066405977600038244,1.6123633216375113,174,ai,cop_at
capm,mimic_ew,0.007528241406416059,2.001314600310782,175,ai,cop_at
ff3,top_ew,0.007551683645333515,1.9188564799437473,174,ai,cop_at
ff3,mimic_ew,0.006655896828827213,1.7808578879388282,175,ai,cop_at
carhart4,top_ew,0.007563972151088229,1.9264409168537724,174,ai,cop_at
carhart4,mimic_ew,0.008230589070544855,2.1637220353343483,175,ai,cop_at
ff5_mom,top_ew,0.007411633688302105,1.8857108647560803,174,ai,cop_at
ff5_mom,mimic_ew,0.007572676850234003,1.9547628089148472,175,ai,cop_at
capm,top_ew,0.006684457909331812,1.908082312944768,181,ai,dist_52w_high
capm,mimic_ew,0.008783129992693988,1.5318641949121823,182,ai,dist_52w_high
ff3,top_ew,0.007371651464608955,2.17814887937733,181,ai,dist_52w_high
ff3,mimic_ew,0.00701304735804266,1.2600488325234764,182,ai,dist_52w_high
carhart4,top_ew,0.004774970695234028,1.384413633415424,181,ai,dist_52w_high
carhart4,mimic_ew,0.004303235436956238,0.7491088277267051,182,ai,dist_52w_high
ff5_mom,top_ew,0.005462486853891061,1.6018302989652868,181,ai,dist_52w_high
ff5_mom,mimic_ew,0.004604139457786083,0.8250831633295681,182,ai,dist_52w_high
capm,top_ew,0.007686019494609429,1.5366964065620319,165,ai,droe
capm,mimic_ew,0.008669533805072443,2.35034786316956,166,ai,droe
ff3,top_ew,0.008921915215992072,1.874964074197723,165,ai,droe
ff3,mimic_ew,0.008821644375613261,2.369817694628783,166,ai,droe
carhart4,top_ew,0.007621075539431882,1.6349458953262619,165,ai,droe
carhart4,mimic_ew,0.008321528021451552,2.2139671445437465,166,ai,droe
ff5_mom,top_ew,0.008312502556625832,1.7215865318220673,165,ai,droe
ff5_mom,mimic_ew,0.00872109352094198,2.2231701761921285,166,ai,droe
capm,top_ew,0.0014507090972330947,0.2965120890176756,178,ai,ear_3d
capm,mimic_ew,0.0009246964646077864,0.2742468582385367,179,ai,ear_3d
ff3,top_ew,0.003315209448979636,0.7126291424941614,178,ai,ear_3d
ff3,mimic_ew,0.001403277924983866,0.42113616072621024,179,ai,ear_3d
carhart4,top_ew,0.0015359211502626107,0.3309097959524179,178,ai,ear_3d
carhart4,mimic_ew,0.0006047593560609734,0.17368173175177043,179,ai,ear_3d
ff5_mom,top_ew,0.0020876259372782633,0.4450735059778905,178,ai,ear_3d
ff5_mom,mimic_ew,0.00028952796150576323,0.0835361866469514,179,ai,ear_3d
capm,top_ew,0.005302407898994,0.9818659205436503,164,ai,gross_profitability
capm,mimic_ew,0.004671242296396803,1.102034569261079,165,ai,gross_profitability
ff3,top_ew,0.006782007205247845,1.3078008626180249,164,ai,gross_profitability
ff3,mimic_ew,0.0053030772397041235,1.2549115293259174,165,ai,gross_profitability
carhart4,top_ew,0.00698215753940794,1.31401455713144,164,ai,gross_profitability
carhart4,mimic_ew,0.00693623888000646,1.5667690852547973,165,ai,gross_profitability
ff5_mom,top_ew,0.007047217475616343,1.3202441725919531,164,ai,gross_profitability
ff5_mom,mimic_ew,0.006280652225283087,1.4973408296129713,165,ai,gross_profitability
capm,top_ew,0.004977182389674103,1.630050673295282,181,ai,idio_vol_60d
capm,mimic_ew,0.002138218287720802,0.3701120586891769,182,ai,idio_vol_60d
ff3,top_ew,0.005243847613851441,1.7219872030774592,181,ai,idio_vol_60d
ff3,mimic_ew,-0.0011475944569922165,-0.21454706277667665,182,ai,idio_vol_60d
carhart4,top_ew,0.004914512660718668,1.5923555567469811,181,ai,idio_vol_60d
carhart4,mimic_ew,0.0012728457619508135,0.23691355486741028,182,ai,idio_vol_60d
ff5_mom,top_ew,0.00412782424293424,1.3674277776340258,181,ai,idio_vol_60d
ff5_mom,mimic_ew,-0.00107691949047134,-0.19713526924613917,182,ai,idio_vol_60d
capm,top_ew,0.004054911507503645,1.2045511331134884,181,ai,max_ret_21d
capm,mimic_ew,0.0011508133111846155,0.22190780210063604,182,ai,max_ret_21d
ff3,top_ew,0.0041761646187594365,1.2296686362393408,181,ai,max_ret_21d
ff3,mimic_ew,-0.0019303037835123051,-0.40981270053663693,182,ai,max_ret_21d
carhart4,top_ew,0.00438377019200069,1.2854184501349355,181,ai,max_ret_21d
carhart4,mimic_ew,0.0009637564324285362,0.21024137252380987,182,ai,max_ret_21d
ff5_mom,top_ew,0.003927235785216674,1.16304193091846,181,ai,max_ret_21d
ff5_mom,mimic_ew,-0.0013340011514789854,-0.29340998160361254,182,ai,max_ret_21d
capm,top_ew,0.008014346023805569,1.450414661078485,181,ai,mom_12_1
capm,mimic_ew,0.009131719124560992,1.642227207798311,182,ai,mom_12_1
ff3,top_ew,0.010277079117844562,2.008267565862528,181,ai,mom_12_1
ff3,mimic_ew,0.009825143474353622,1.7728901188552104,182,ai,mom_12_1
carhart4,top_ew,0.005256340494905064,1.0442910554806166,181,ai,mom_12_1
carhart4,mimic_ew,0.003173089330447556,0.5458341394195445,182,ai,mom_12_1
ff5_mom,top_ew,0.006668620925746355,1.3335267820004713,181,ai,mom_12_1
ff5_mom,mimic_ew,0.004205817697982065,0.7726479509602142,182,ai,mom_12_1
capm,top_ew,0.004542058781594737,1.0325176678280847,172,ai,profitable_growth
capm,mimic_ew,0.0022676754556186203,0.6209948423254853,173,ai,profitable_growth
ff3,top_ew,0.005650284310898339,1.3295730622685042,172,ai,profitable_growth
ff3,mimic_ew,0.002286887150959168,0.6758399111361095,173,ai,profitable_growth
carhart4,top_ew,0.004758420045825531,1.1477773837369396,172,ai,profitable_growth
carhart4,mimic_ew,0.002724992756498467,0.823586981979053,173,ai,profitable_growth
ff5_mom,top_ew,0.005566132776527483,1.3091990160031892,172,ai,profitable_growth
ff5_mom,mimic_ew,0.0033961936293646065,1.019644510452108,173,ai,profitable_growth
capm,top_ew,0.00835123814797298,2.007941486434942,176,ai,share_issuance
capm,mimic_ew,0.005760648199997298,1.1337661391709717,177,ai,share_issuance
ff3,top_ew,0.00875283380527358,2.1840425534781174,176,ai,share_issuance
ff3,mimic_ew,0.0033976513334418898,0.7109519149579858,177,ai,share_issuance
carhart4,top_ew,0.00925679933794054,2.2483766701009595,176,ai,share_issuance
carhart4,mimic_ew,0.00669681130348218,1.3356507830654107,177,ai,share_issuance
ff5_mom,top_ew,0.008797728488669275,2.160246999701745,176,ai,share_issuance
ff5_mom,mimic_ew,0.004861609275869186,1.0150291156901037,177,ai,share_issuance
capm,top_ew,0.008072629227797466,1.951629792709494,170,ai,sue
capm,mimic_ew,0.009155832332805501,2.918393841804364,171,ai,sue
ff3,top_ew,0.009069436409551955,2.337931816011175,170,ai,sue
ff3,mimic_ew,0.009061418020808119,2.894029140514444,171,ai,sue
carhart4,top_ew,0.00835735364194486,2.1243170770979423,170,ai,sue
carhart4,mimic_ew,0.009114648590463903,2.853984043325984,171,ai,sue
ff5_mom,top_ew,0.0085221616395374,2.143772230794635,170,ai,sue
ff5_mom,mimic_ew,0.009241709556807028,2.8787782071433607,171,ai,sue
capm,top_ew,0.004579206740221529,0.9710465931330432,131,ai,sue_announce
capm,mimic_ew,0.010354462267203551,2.518307643078209,132,ai,sue_announce
ff3,top_ew,0.005057140766168225,1.1176294722419589,131,ai,sue_announce
ff3,mimic_ew,0.010536810880358969,2.5458610939135053,132,ai,sue_announce
carhart4,top_ew,0.004485443101787064,0.9805874696244962,131,ai,sue_announce
carhart4,mimic_ew,0.011919428411187124,2.9072080899190937,132,ai,sue_announce
ff5_mom,top_ew,0.00421859622850981,0.8980663252495646,131,ai,sue_announce
ff5_mom,mimic_ew,0.011197443057490543,2.728983415685665,132,ai,sue_announce
capm,top_ew,0.0007315340584015063,0.1504491982432634,171,ai/ai_infrastructure,asset_growth
capm,mimic_ew,-0.003573665462201092,-0.7248975555072891,172,ai/ai_infrastructure,asset_growth
ff3,top_ew,0.0016386944129924827,0.3674040480363996,171,ai/ai_infrastructure,asset_growth
ff3,mimic_ew,-0.004026469726757149,-0.8284515310894581,172,ai/ai_infrastructure,asset_growth
carhart4,top_ew,-0.0001801479405885518,-0.04043098271887439,171,ai/ai_infrastructure,asset_growth
carhart4,mimic_ew,-0.0025544528491008305,-0.5082749349530822,172,ai/ai_infrastructure,asset_growth
ff5_mom,top_ew,-0.0005806896587967011,-0.12908146610287302,171,ai/ai_infrastructure,asset_growth
ff5_mom,mimic_ew,-0.0036614223258147815,-0.7338861826625593,172,ai/ai_infrastructure,asset_growth
capm,top_ew,0.002908266878502235,0.4954745459533636,168,ai/ai_infrastructure,capex_at
capm,mimic_ew,-0.0025996301768855825,-0.5314848515064259,169,ai/ai_infrastructure,capex_at
ff3,top_ew,0.00406385073615014,0.7217108767190373,168,ai/ai_infrastructure,capex_at
ff3,mimic_ew,-0.002894223824035355,-0.5921795528847201,169,ai/ai_infrastructure,capex_at
carhart4,top_ew,0.00304847478777515,0.5241109355077991,168,ai/ai_infrastructure,capex_at
carhart4,mimic_ew,-0.0012702163315175493,-0.2590411377046772,169,ai/ai_infrastructure,capex_at
ff5_mom,top_ew,0.0030201831912525434,0.515171794373265,168,ai/ai_infrastructure,capex_at
ff5_mom,mimic_ew,-0.0019106398964308152,-0.37264747999143377,169,ai/ai_infrastructure,capex_at
capm,top_ew,0.003997291241137242,0.9606847323802493,174,ai/ai_infrastructure,cop_at
capm,mimic_ew,0.0034545637457777502,0.9200489149014381,175,ai/ai_infrastructure,cop_at
ff3,top_ew,0.004903927938486078,1.2612049219296422,174,ai/ai_infrastructure,cop_at
ff3,mimic_ew,0.0037548755308926653,1.0169127574227168,175,ai/ai_infrastructure,cop_at
carhart4,top_ew,0.003292384351616463,0.8351923918133628,174,ai/ai_infrastructure,cop_at
carhart4,mimic_ew,0.0041441226563802705,1.0841240047388163,175,ai/ai_infrastructure,cop_at
ff5_mom,top_ew,0.0031773551184036356,0.8137744304419319,174,ai/ai_infrastructure,cop_at
ff5_mom,mimic_ew,0.00402670402513421,1.0454945544306478,175,ai/ai_infrastructure,cop_at
capm,top_ew,0.005547307694361158,1.5480296111471985,181,ai/ai_infrastructure,dist_52w_high
capm,mimic_ew,0.005979427594526408,0.9287364689474453,182,ai/ai_infrastructure,dist_52w_high
ff3,top_ew,0.005928881381702412,1.679686270007164,181,ai/ai_infrastructure,dist_52w_high
ff3,mimic_ew,0.0042864948701568095,0.6665029707833358,182,ai/ai_infrastructure,dist_52w_high
carhart4,top_ew,0.00382166490668785,1.066269621153284,181,ai/ai_infrastructure,dist_52w_high
carhart4,mimic_ew,0.0035957835807712162,0.5660552835770833,182,ai/ai_infrastructure,dist_52w_high
ff5_mom,top_ew,0.003498596401564845,0.9531785236123674,181,ai/ai_infrastructure,dist_52w_high
ff5_mom,mimic_ew,0.0029503167898185657,0.44699765167682576,182,ai/ai_infrastructure,dist_52w_high
capm,top_ew,0.010272043957473618,1.9476536600107595,163,ai/ai_infrastructure,droe
capm,mimic_ew,0.01497559294966032,3.6646368159031315,164,ai/ai_infrastructure,droe
ff3,top_ew,0.010935764211339469,2.183854184709427,163,ai/ai_infrastructure,droe
ff3,mimic_ew,0.01498694090419491,3.688268527171113,164,ai/ai_infrastructure,droe
carhart4,top_ew,0.008430797244586764,1.6973263316060665,163,ai/ai_infrastructure,droe
carhart4,mimic_ew,0.01441009996792853,3.3675621495128625,164,ai/ai_infrastructure,droe
ff5_mom,top_ew,0.00835558491191029,1.6651152614069142,163,ai/ai_infrastructure,droe
ff5_mom,mimic_ew,0.015241593112984732,3.390876537858222,164,ai/ai_infrastructure,droe
capm,top_ew,0.002424561447572343,0.46463435214179166,174,ai/ai_infrastructure,ear_3d
capm,mimic_ew,-0.0025304370621039448,-0.6044608640399675,175,ai/ai_infrastructure,ear_3d
ff3,top_ew,0.004164894895905128,0.8441510829124889,174,ai/ai_infrastructure,ear_3d
ff3,mimic_ew,-0.0020365404537855264,-0.4891639916941253,175,ai/ai_infrastructure,ear_3d
carhart4,top_ew,0.001592446643775641,0.3280164836961767,174,ai/ai_infrastructure,ear_3d
carhart4,mimic_ew,-0.0027205649442085308,-0.6234935432128597,175,ai/ai_infrastructure,ear_3d
ff5_mom,top_ew,0.0013167222781414458,0.2684123785574719,174,ai/ai_infrastructure,ear_3d
ff5_mom,mimic_ew,-0.0034012395137005447,-0.7523985687031612,175,ai/ai_infrastructure,ear_3d
capm,top_ew,0.005900104579209526,1.1502412956229868,162,ai/ai_infrastructure,gross_profitability
capm,mimic_ew,0.005109388357698813,1.34288582191104,163,ai/ai_infrastructure,gross_profitability
ff3,top_ew,0.0071769886376220815,1.533357588636636,162,ai/ai_infrastructure,gross_profitability
ff3,mimic_ew,0.0062482457032936554,1.7878556768689664,163,ai/ai_infrastructure,gross_profitability
carhart4,top_ew,0.004939546080237821,1.0697400265972075,162,ai/ai_infrastructure,gross_profitability
carhart4,mimic_ew,0.006010026691648774,1.7324231329723814,163,ai/ai_infrastructure,gross_profitability
ff5_mom,top_ew,0.005294719080656828,1.153640299785761,162,ai/ai_infrastructure,gross_profitability
ff5_mom,mimic_ew,0.005368415972071822,1.548299037736906,163,ai/ai_infrastructure,gross_profitability
capm,top_ew,0.003345490089918774,1.1897367732475468,181,ai/ai_infrastructure,idio_vol_60d
capm,mimic_ew,-0.0026278523891155544,-0.387939233647674,182,ai/ai_infrastructure,idio_vol_60d
ff3,top_ew,0.003323651049830809,1.1795198812463192,181,ai/ai_infrastructure,idio_vol_60d
ff3,mimic_ew,-0.0054899864968240815,-0.8534257452681279,182,ai/ai_infrastructure,idio_vol_60d
carhart4,top_ew,0.003135035671950694,1.085115000147662,181,ai/ai_infrastructure,idio_vol_60d
carhart4,mimic_ew,-0.00169869484230264,-0.2698588603043152,182,ai/ai_infrastructure,idio_vol_60d
ff5_mom,top_ew,0.0022188563007882194,0.788535381205449,181,ai/ai_infrastructure,idio_vol_60d
ff5_mom,mimic_ew,-0.004058735024277714,-0.6447644556011584,182,ai/ai_infrastructure,idio_vol_60d
capm,top_ew,0.0019323124805607256,0.5946464944029312,181,ai/ai_infrastructure,max_ret_21d
capm,mimic_ew,-0.00489163241864691,-0.8033739417360579,182,ai/ai_infrastructure,max_ret_21d
ff3,top_ew,0.0018894140586720102,0.5813675004079916,181,ai/ai_infrastructure,max_ret_21d
ff3,mimic_ew,-0.00765266049067184,-1.3313319588377277,182,ai/ai_infrastructure,max_ret_21d
carhart4,top_ew,0.002023680473576731,0.6130916138191436,181,ai/ai_infrastructure,max_ret_21d
carhart4,mimic_ew,-0.004015594453739309,-0.7212903654150514,182,ai/ai_infrastructure,max_ret_21d
ff5_mom,top_ew,0.0014612926916857012,0.44890919212664304,181,ai/ai_infrastructure,max_ret_21d
ff5_mom,mimic_ew,-0.00520808239887756,-0.906032778281663,182,ai/ai_infrastructure,max_ret_21d
capm,top_ew,0.009471608820945096,1.4980931585074175,180,ai/ai_infrastructure,mom_12_1
capm,mimic_ew,0.009977620971976315,1.6793872310632785,181,ai/ai_infrastructure,mom_12_1
ff3,top_ew,0.011199683606855153,1.9036073753465148,180,ai/ai_infrastructure,mom_12_1
ff3,mimic_ew,0.01088129704664413,1.8804592645612617,181,ai/ai_infrastructure,mom_12_1
carhart4,top_ew,0.006463740312106438,1.082035506862744,180,ai/ai_infrastructure,mom_12_1
carhart4,mimic_ew,0.005739037047372101,0.9480736632659031,181,ai/ai_infrastructure,mom_12_1
ff5_mom,top_ew,0.007310021709436546,1.2108885409627739,180,ai/ai_infrastructure,mom_12_1
ff5_mom,mimic_ew,0.007011711751025446,1.1474144472471817,181,ai/ai_infrastructure,mom_12_1
capm,top_ew,0.0030350542315024137,0.6796364510255375,170,ai/ai_infrastructure,profitable_growth
capm,mimic_ew,0.0011973697111531164,0.3078742109278263,171,ai/ai_infrastructure,profitable_growth
ff3,top_ew,0.003721200298349906,0.8704700419391617,170,ai/ai_infrastructure,profitable_growth
ff3,mimic_ew,0.0014560608387845309,0.37992620771403907,171,ai/ai_infrastructure,profitable_growth
carhart4,top_ew,0.0015407693302391396,0.3615171646441544,170,ai/ai_infrastructure,profitable_growth
carhart4,mimic_ew,0.0006949734486064846,0.17887751503869342,171,ai/ai_infrastructure,profitable_growth
ff5_mom,top_ew,0.0013139421906531138,0.31386053141102277,170,ai/ai_infrastructure,profitable_growth
ff5_mom,mimic_ew,0.0006485878070261405,0.1648577490245492,171,ai/ai_infrastructure,profitable_growth
capm,top_ew,0.0047359956349377575,1.1536527263465253,169,ai/ai_infrastructure,share_issuance
capm,mimic_ew,0.0007411419335563498,0.13651943559219307,170,ai/ai_infrastructure,share_issuance
ff3,top_ew,0.005082608568509289,1.3203002548309082,169,ai/ai_infrastructure,share_issuance
ff3,mimic_ew,-0.0011480576975227833,-0.21794636502698325,170,ai/ai_infrastructure,share_issuance
carhart4,top_ew,0.004722388264126878,1.2018317883060616,169,ai/ai_infrastructure,share_issuance
carhart4,mimic_ew,0.001969946603524948,0.3597522003385779,170,ai/ai_infrastructure,share_issuance
ff5_mom,top_ew,0.004429477736350105,1.123300188652727,169,ai/ai_infrastructure,share_issuance
ff5_mom,mimic_ew,0.0006313908348906251,0.11432051892276147,170,ai/ai_infrastructure,share_issuance
capm,top_ew,0.011133198080397137,2.3372248328315988,168,ai/ai_infrastructure,sue
capm,mimic_ew,0.015644936644309573,4.7557265187001745,169,ai/ai_infrastructure,sue
ff3,top_ew,0.011943957037451994,2.660898817604696,168,ai/ai_infrastructure,sue
ff3,mimic_ew,0.01605458639328305,4.913017978767271,169,ai/ai_infrastructure,sue
carhart4,top_ew,0.00910381585266809,2.046599448277683,168,ai/ai_infrastructure,sue
carhart4,mimic_ew,0.0147919853055174,4.442392851044091,169,ai/ai_infrastructure,sue
ff5_mom,top_ew,0.008774051804840274,2.0018034498538797,168,ai/ai_infrastructure,sue
ff5_mom,mimic_ew,0.014667607133573403,4.295150682178954,169,ai/ai_infrastructure,sue
capm,top_ew,0.005070652096650369,0.9289125628254028,128,ai/ai_infrastructure,sue_announce
capm,mimic_ew,0.012918125043815246,2.414212239832646,129,ai/ai_infrastructure,sue_announce
ff3,top_ew,0.005705654141279089,1.122361786274829,128,ai/ai_infrastructure,sue_announce
ff3,mimic_ew,0.013782689735685697,2.575045609861913,129,ai/ai_infrastructure,sue_announce
carhart4,top_ew,0.0021885195977088172,0.4338433387513368,128,ai/ai_infrastructure,sue_announce
carhart4,mimic_ew,0.012298899212276037,2.2195597715967716,129,ai/ai_infrastructure,sue_announce
ff5_mom,top_ew,0.001255762595097647,0.24293873734124793,128,ai/ai_infrastructure,sue_announce
ff5_mom,mimic_ew,0.012297684845053895,2.2063446488907386,129,ai/ai_infrastructure,sue_announce
capm,top_ew,-0.0011180898935195295,-0.14897588088597993,107,ai/ai_software,asset_growth
capm,mimic_ew,0.0017268626945676332,0.30035456127148297,108,ai/ai_software,asset_growth
ff3,top_ew,-0.0004519599751866406,-0.06322297153664673,107,ai/ai_software,asset_growth
ff3,mimic_ew,0.00014740899262971323,0.027854208913305364,108,ai/ai_software,asset_growth
carhart4,top_ew,-0.0013369244839083068,-0.18695343850855126,107,ai/ai_software,asset_growth
carhart4,mimic_ew,0.0018234159754372229,0.33616084519249506,108,ai/ai_software,asset_growth
ff5_mom,top_ew,-0.0007512637997409699,-0.11000133394772979,107,ai/ai_software,asset_growth
ff5_mom,mimic_ew,0.0004772706444703423,0.08974553148373975,108,ai/ai_software,asset_growth
capm,top_ew,-0.00362175162537369,-0.49915427701017223,107,ai/ai_software,capex_at
capm,mimic_ew,-0.002747610554268728,-0.6867298051758135,108,ai/ai_software,capex_at
ff3,top_ew,-0.002114005036540221,-0.30411714486855274,107,ai/ai_software,capex_at
ff3,mimic_ew,-0.0025366288377935723,-0.6444649132232301,108,ai/ai_software,capex_at
carhart4,top_ew,-0.0026440890510558354,-0.3790971136807751,107,ai/ai_software,capex_at
carhart4,mimic_ew,-0.0007522974968733036,-0.18759819093063596,108,ai/ai_software,capex_at
ff5_mom,top_ew,-0.0004944036979058408,-0.06967845107257249,107,ai/ai_software,capex_at
ff5_mom,mimic_ew,0.0007750638215380575,0.18594828094873125,108,ai/ai_software,capex_at
capm,top_ew,-0.0019307754590737766,-0.07512722434152638,14,ai/ai_software,cash_runway_years
capm,mimic_ew,0.04525558677706833,1.6546411245214636,14,ai/ai_software,cash_runway_years
ff3,top_ew,0.0022599531257034844,0.08405442536286996,14,ai/ai_software,cash_runway_years
ff3,mimic_ew,0.041842421585729116,1.6655194320759144,14,ai/ai_software,cash_runway_years
carhart4,top_ew,0.00699906999745462,0.2867831766538214,14,ai/ai_software,cash_runway_years
carhart4,mimic_ew,0.053925642179961396,3.2799133798298454,14,ai/ai_software,cash_runway_years
ff5_mom,top_ew,0.06629858452115442,1.9426117446630609,14,ai/ai_software,cash_runway_years
ff5_mom,mimic_ew,0.048134677300286983,1.5563840965198321,14,ai/ai_software,cash_runway_years
capm,top_ew,0.00634734386402435,1.1370752850366663,107,ai/ai_software,cop_at
capm,mimic_ew,0.014060649231485126,2.309953966902293,108,ai/ai_software,cop_at
ff3,top_ew,0.006925176626441661,1.2667647628297891,107,ai/ai_software,cop_at
ff3,mimic_ew,0.012957070392894407,2.288385195021771,108,ai/ai_software,cop_at
carhart4,top_ew,0.006508682478921553,1.189391209795513,107,ai/ai_software,cop_at
carhart4,mimic_ew,0.01287642193791003,2.2326531613825726,108,ai/ai_software,cop_at
ff5_mom,top_ew,0.006500956945133743,1.2076963203948163,107,ai/ai_software,cop_at
ff5_mom,mimic_ew,0.01198614762002795,2.0281157667878524,108,ai/ai_software,cop_at
capm,top_ew,0.0034654771447725657,0.6745070005375423,107,ai/ai_software,dist_52w_high
capm,mimic_ew,0.007761698888082858,1.017441656218143,108,ai/ai_software,dist_52w_high
ff3,top_ew,0.003951400051453834,0.7866664433680273,107,ai/ai_software,dist_52w_high
ff3,mimic_ew,0.006639739137460866,0.9119622279619123,108,ai/ai_software,dist_52w_high
carhart4,top_ew,0.001584367550698739,0.3229158617301816,107,ai/ai_software,dist_52w_high
carhart4,mimic_ew,0.0047385858944030785,0.6165003791929772,108,ai/ai_software,dist_52w_high
ff5_mom,top_ew,0.0025104207182124107,0.4827933508804169,107,ai/ai_software,dist_52w_high
ff5_mom,mimic_ew,0.005295723771956579,0.7320949172817887,108,ai/ai_software,dist_52w_high
capm,top_ew,0.0029330559878292042,0.3711003456091405,107,ai/ai_software,droe
capm,mimic_ew,0.004786387288217791,0.8211389087812485,108,ai/ai_software,droe
ff3,top_ew,0.004318853824468639,0.5821370202197337,107,ai/ai_software,droe
ff3,mimic_ew,0.004795244573637141,0.821892653473289,108,ai/ai_software,droe
carhart4,top_ew,0.004035689278345774,0.5716981299408139,107,ai/ai_software,droe
carhart4,mimic_ew,0.004383769532728085,0.794014428266336,108,ai/ai_software,droe
ff5_mom,top_ew,0.005562220402410518,0.761704609605497,107,ai/ai_software,droe
ff5_mom,mimic_ew,0.00507812484337675,0.9184164169415813,108,ai/ai_software,droe
capm,top_ew,-0.0030522613915180932,-0.3973158576700575,101,ai/ai_software,ear_3d
capm,mimic_ew,0.00413540801159185,0.8934321463674932,102,ai/ai_software,ear_3d
ff3,top_ew,-0.0012968368504452997,-0.17375870449563968,101,ai/ai_software,ear_3d
ff3,mimic_ew,0.0040411815311607495,0.8729915582924563,102,ai/ai_software,ear_3d
carhart4,top_ew,-0.001811636762914148,-0.24348889881323602,101,ai/ai_software,ear_3d
carhart4,mimic_ew,0.0031884068374300367,0.6547773805508064,102,ai/ai_software,ear_3d
ff5_mom,top_ew,-0.0005024466508219605,-0.0675826879221866,101,ai/ai_software,ear_3d
ff5_mom,mimic_ew,0.0032852926592533156,0.7027419696219999,102,ai/ai_software,ear_3d
capm,top_ew,-0.00012615485789702885,-0.017093642549854068,105,ai/ai_software,gross_profitability
capm,mimic_ew,0.007914570960790455,1.6530040203189234,106,ai/ai_software,gross_profitability
ff3,top_ew,0.0009621392981920131,0.1360809661120587,105,ai/ai_software,gross_profitability
ff3,mimic_ew,0.007945102353601453,1.6622073464795308,106,ai/ai_software,gross_profitability
carhart4,top_ew,0.001354713582828448,0.17955526132444719,105,ai/ai_software,gross_profitability
carhart4,mimic_ew,0.008502964851050142,1.6740301279460121,106,ai/ai_software,gross_profitability
ff5_mom,top_ew,0.002136921624131065,0.292710800092989,105,ai/ai_software,gross_profitability
ff5_mom,mimic_ew,0.009190238630817596,1.8913295465197624,106,ai/ai_software,gross_profitability
capm,top_ew,0.005584296938280416,1.1395834001129974,107,ai/ai_software,idio_vol_60d
capm,mimic_ew,0.011556770678810129,1.4542183419102146,108,ai/ai_software,idio_vol_60d
ff3,top_ew,0.005719881990048153,1.1781771106801175,107,ai/ai_software,idio_vol_60d
ff3,mimic_ew,0.009641023694390545,1.319910156735311,108,ai/ai_software,idio_vol_60d
carhart4,top_ew,0.005884162293755736,1.164740902601512,107,ai/ai_software,idio_vol_60d
carhart4,mimic_ew,0.012426874834281959,1.6925190515662871,108,ai/ai_software,idio_vol_60d
ff5_mom,top_ew,0.00429510910905106,0.9263762303569774,107,ai/ai_software,idio_vol_60d
ff5_mom,mimic_ew,0.009367112959699959,1.243034073215109,108,ai/ai_software,idio_vol_60d
capm,top_ew,0.0036831183929608552,0.6781989392736857,107,ai/ai_software,max_ret_21d
capm,mimic_ew,0.005792791638245427,0.78428075668647,108,ai/ai_software,max_ret_21d
ff3,top_ew,0.0038360047309805583,0.704529787352798,107,ai/ai_software,max_ret_21d
ff3,mimic_ew,0.0038371758687969107,0.5875627020860434,108,ai/ai_software,max_ret_21d
carhart4,top_ew,0.004260281199725752,0.7591987457263291,107,ai/ai_software,max_ret_21d
carhart4,mimic_ew,0.006114089006339288,1.0134944901102527,108,ai/ai_software,max_ret_21d
ff5_mom,top_ew,0.002949968810390347,0.5411778256306501,107,ai/ai_software,max_ret_21d
ff5_mom,mimic_ew,0.002252597994390217,0.3836937994113808,108,ai/ai_software,max_ret_21d
capm,top_ew,-0.0001613027811591363,-0.02155676377730989,107,ai/ai_software,mom_12_1
capm,mimic_ew,0.003611735095075542,0.506770871010562,108,ai/ai_software,mom_12_1
ff3,top_ew,0.0013986249702186689,0.20172455058837138,107,ai/ai_software,mom_12_1
ff3,mimic_ew,0.003995035859202788,0.5632064810973577,108,ai/ai_software,mom_12_1
carhart4,top_ew,-0.0030070884143118233,-0.4667468576525403,107,ai/ai_software,mom_12_1
carhart4,mimic_ew,-0.001289998231463545,-0.17144871316656066,108,ai/ai_software,mom_12_1
ff5_mom,top_ew,-0.0011804703910191345,-0.1788546893820367,107,ai/ai_software,mom_12_1
ff5_mom,mimic_ew,-0.0002149921726912015,-0.029482930865468732,108,ai/ai_software,mom_12_1
capm,top_ew,0.0036592756635493405,0.5457316201479756,106,ai/ai_software,profitable_growth
capm,mimic_ew,0.00924364999475002,1.5783248642626697,107,ai/ai_software,profitable_growth
ff3,top_ew,0.0048709980959535945,0.760514047736976,106,ai/ai_software,profitable_growth
ff3,mimic_ew,0.008795982521742827,1.669996892521137,107,ai/ai_software,profitable_growth
carhart4,top_ew,0.005072348691717669,0.8245455753300078,106,ai/ai_software,profitable_growth
carhart4,mimic_ew,0.010233823241330096,1.9862914119316202,107,ai/ai_software,profitable_growth
ff5_mom,top_ew,0.006958468550783709,1.1104724172275944,106,ai/ai_software,profitable_growth
ff5_mom,mimic_ew,0.011690690112877962,2.2338643446328708,107,ai/ai_software,profitable_growth
capm,top_ew,0.0076127069692378995,1.2628767780810315,107,ai/ai_software,share_issuance
capm,mimic_ew,0.010289790089870996,1.471134167061297,108,ai/ai_software,share_issuance
ff3,top_ew,0.007896207030498413,1.3443034842810162,107,ai/ai_software,share_issuance
ff3,mimic_ew,0.00819183564267729,1.2601527718489174,108,ai/ai_software,share_issuance
carhart4,top_ew,0.008701404568662786,1.445495706205175,107,ai/ai_software,share_issuance
carhart4,mimic_ew,0.012096947935605482,1.8586511282858855,108,ai/ai_software,share_issuance
ff5_mom,top_ew,0.007950265297112511,1.3753896481390677,107,ai/ai_software,share_issuance
ff5_mom,mimic_ew,0.009787338288244919,1.4926130756049534,108,ai/ai_software,share_issuance
capm,top_ew,0.0012534642181787636,0.2251383239974587,107,ai/ai_software,sue
capm,mimic_ew,0.004309304621071977,0.8193608334640642,108,ai/ai_software,sue
ff3,top_ew,0.002013144331825511,0.37948195789549344,107,ai/ai_software,sue
ff3,mimic_ew,0.003815685992705798,0.7364527372655556,108,ai/ai_software,sue
carhart4,top_ew,0.0027391405556056827,0.5096380904899646,107,ai/ai_software,sue
carhart4,mimic_ew,0.004794328483485255,0.8906007204321681,108,ai/ai_software,sue
ff5_mom,top_ew,0.002960361942422959,0.5468851678779003,107,ai/ai_software,sue
ff5_mom,mimic_ew,0.005183948893474408,0.947633907301348,108,ai/ai_software,sue
capm,top_ew,0.0025043999215035844,0.3456357195685079,90,ai/ai_software,sue_announce
capm,mimic_ew,0.012192077730382767,2.0169636637736454,91,ai/ai_software,sue_announce
ff3,top_ew,0.0029923603766485764,0.4033093421252305,90,ai/ai_software,sue_announce
ff3,mimic_ew,0.011276320293218142,1.7656875168358677,91,ai/ai_software,sue_announce
carhart4,top_ew,0.005807959834527838,0.7605876946307507,90,ai/ai_software,sue_announce
carhart4,mimic_ew,0.015012398464011464,2.3239598126933885,91,ai/ai_software,sue_announce
ff5_mom,top_ew,0.007633469292640537,1.0245957990165535,90,ai/ai_software,sue_announce
ff5_mom,mimic_ew,0.015505980515569449,2.384650696647724,91,ai/ai_software,sue_announce
capm,top_ew,0.0069347891685458685,1.079543678162438,180,semiconductors,asset_growth
capm,mimic_ew,-0.002637094313035775,-0.6174191360011089,181,semiconductors,asset_growth
ff3,top_ew,0.00856815876363878,1.4389105473487642,180,semiconductors,asset_growth
ff3,mimic_ew,-0.003003069348648457,-0.7133201074624944,181,semiconductors,asset_growth
carhart4,top_ew,0.004050975936679396,0.713883463364487,180,semiconductors,asset_growth
carhart4,mimic_ew,-0.0030348982879434324,-0.7239622666767812,181,semiconductors,asset_growth
ff5_mom,top_ew,0.004299144815757391,0.7625145583077426,180,semiconductors,asset_growth
ff5_mom,mimic_ew,-0.004115456031232166,-1.0265989762499466,181,semiconductors,asset_growth
capm,top_ew,0.008381901346509348,1.3084531226762963,181,semiconductors,capex_at
capm,mimic_ew,0.002076366517499782,0.5206008319664442,182,semiconductors,capex_at
ff3,top_ew,0.01043168150529509,1.7756635317641207,181,semiconductors,capex_at
ff3,mimic_ew,0.0026458486903630472,0.6654998948995626,182,semiconductors,capex_at
carhart4,top_ew,0.006566190445177477,1.170492288791166,181,semiconductors,capex_at
carhart4,mimic_ew,0.002903197318309165,0.7738548851854011,182,semiconductors,capex_at
ff5_mom,top_ew,0.006939129490043782,1.2354395469664667,181,semiconductors,capex_at
ff5_mom,mimic_ew,0.002012539513073718,0.5332122079790221,182,semiconductors,capex_at
capm,top_ew,0.00829719955462157,1.5713869197618489,181,semiconductors,cop_at
capm,mimic_ew,0.0015126300719097252,0.3684853442333003,182,semiconductors,cop_at
ff3,top_ew,0.00941836547922121,1.8618380702560553,181,semiconductors,cop_at
ff3,mimic_ew,0.0006077403152290804,0.15014244971941376,182,semiconductors,cop_at
carhart4,top_ew,0.0069011097479590305,1.3675639952556997,181,semiconductors,cop_at
carhart4,mimic_ew,0.003424614799800425,0.86582760291381,182,semiconductors,cop_at
ff5_mom,top_ew,0.008047005709174215,1.598586090748301,181,semiconductors,cop_at
ff5_mom,mimic_ew,0.003071701304779072,0.7570337958581337,182,semiconductors,cop_at
capm,top_ew,0.007210606084133106,1.323500593110019,181,semiconductors,dist_52w_high
capm,mimic_ew,0.005906632418939896,1.2658047512872814,182,semiconductors,dist_52w_high
ff3,top_ew,0.008322217889057166,1.6308656144282205,181,semiconductors,dist_52w_high
ff3,mimic_ew,0.004792300043706538,1.0530206677948464,182,semiconductors,dist_52w_high
carhart4,top_ew,0.004178225367515093,0.8135034606640693,181,semiconductors,dist_52w_high
carhart4,mimic_ew,0.0033982130268424486,0.7617977683716145,182,semiconductors,dist_52w_high
ff5_mom,top_ew,0.005448429605806189,1.0914971355187775,181,semiconductors,dist_52w_high
ff5_mom,mimic_ew,0.003448975435697509,0.7654912990596352,182,semiconductors,dist_52w_high
capm,top_ew,0.00910994408168706,1.4535840981129005,180,semiconductors,droe
capm,mimic_ew,0.003954422532477879,1.1222155731708456,181,semiconductors,droe
ff3,top_ew,0.010705812559492829,1.8379189235429634,180,semiconductors,droe
ff3,mimic_ew,0.004446887997566044,1.2714242577917032,181,semiconductors,droe
carhart4,top_ew,0.006928373328973494,1.2404545168911987,180,semiconductors,droe
carhart4,mimic_ew,0.00368647682533318,1.048593232882275,181,semiconductors,droe
ff5_mom,top_ew,0.007744737642472551,1.302066230421724,180,semiconductors,droe
ff5_mom,mimic_ew,0.0037616584844437323,1.0663183441121162,181,semiconductors,droe
capm,top_ew,0.004821364015139698,0.7294702092141773,181,semiconductors,ear_3d
capm,mimic_ew,-0.0021103997814972617,-0.5681565861798997,182,semiconductors,ear_3d
ff3,top_ew,0.00697019334016809,1.1575171548628451,181,semiconductors,ear_3d
ff3,mimic_ew,-0.0016459245487841507,-0.4331871148716901,182,semiconductors,ear_3d
carhart4,top_ew,0.002142579744851755,0.38439015184574843,181,semiconductors,ear_3d
carhart4,mimic_ew,-0.0025343248576763814,-0.6782792482227783,182,semiconductors,ear_3d
ff5_mom,top_ew,0.0016653647296531683,0.3051544086519003,181,semiconductors,ear_3d
ff5_mom,mimic_ew,-0.004833611972711631,-1.2552658883622632,182,semiconductors,ear_3d
capm,top_ew,0.0051692661082849475,0.9204551419860592,181,semiconductors,gross_profitability
capm,mimic_ew,-0.0013046510028430975,-0.34507320106000794,182,semiconductors,gross_profitability
ff3,top_ew,0.0063598525344169075,1.1740674938598774,181,semiconductors,gross_profitability
ff3,mimic_ew,-0.0014307828307057642,-0.4020278509871929,182,semiconductors,gross_profitability
carhart4,top_ew,0.003882040008002927,0.7100099939399903,181,semiconductors,gross_profitability
carhart4,mimic_ew,0.0003773245205991355,0.11446161827473733,182,semiconductors,gross_profitability
ff5_mom,top_ew,0.004985297752023625,0.9281551245368682,181,semiconductors,gross_profitability
ff5_mom,mimic_ew,-0.0003955084471361782,-0.12061419723676323,182,semiconductors,gross_profitability
capm,top_ew,0.005022079625727,1.1291508098413543,181,semiconductors,idio_vol_60d
capm,mimic_ew,0.002305987053098217,0.4299614732333184,182,semiconductors,idio_vol_60d
ff3,top_ew,0.005914685006693746,1.4348454764643421,181,semiconductors,idio_vol_60d
ff3,mimic_ew,-6.584662534640794e-05,-0.013112920173555599,182,semiconductors,idio_vol_60d
carhart4,top_ew,0.0037592262503197927,0.9252665334975299,181,semiconductors,idio_vol_60d
carhart4,mimic_ew,0.002691465504007945,0.5451059903728576,182,semiconductors,idio_vol_60d
ff5_mom,top_ew,0.003932909347280306,0.9837206631090281,181,semiconductors,idio_vol_60d
ff5_mom,mimic_ew,0.002434382330153824,0.47068209495049934,182,semiconductors,idio_vol_60d
capm,top_ew,0.006105905822736897,1.2642553307480953,181,semiconductors,max_ret_21d
capm,mimic_ew,0.006524886387670295,1.3413825130972579,182,semiconductors,max_ret_21d
ff3,top_ew,0.007145134923178858,1.5506203703689139,181,semiconductors,max_ret_21d
ff3,mimic_ew,0.00493756177051546,1.0818578247655382,182,semiconductors,max_ret_21d
carhart4,top_ew,0.005425307090971007,1.211109512901371,181,semiconductors,max_ret_21d
carhart4,mimic_ew,0.008567488838005835,1.9400360615044352,182,semiconductors,max_ret_21d
ff5_mom,top_ew,0.005752150387348745,1.2816053124930635,181,semiconductors,max_ret_21d
ff5_mom,mimic_ew,0.008007658021460013,1.7902999649411047,182,semiconductors,max_ret_21d
capm,top_ew,0.007315825687157792,1.0991090754473436,181,semiconductors,mom_12_1
capm,mimic_ew,0.004521555422002704,1.0969143472214733,182,semiconductors,mom_12_1
ff3,top_ew,0.009786272158566584,1.6297909522073075,181,semiconductors,mom_12_1
ff3,mimic_ew,0.005550910831033572,1.3846628305617927,182,semiconductors,mom_12_1
carhart4,top_ew,0.004012246342977453,0.6990771404130462,181,semiconductors,mom_12_1
carhart4,mimic_ew,0.001994962289249617,0.4939634671797967,182,semiconductors,mom_12_1
ff5_mom,top_ew,0.005112096230251995,0.8857046180949958,181,semiconductors,mom_12_1
ff5_mom,mimic_ew,0.0029946719126102347,0.7313692457027803,182,semiconductors,mom_12_1
capm,top_ew,0.00660825978162723,1.1723562948543256,181,semiconductors,profitable_growth
capm,mimic_ew,0.001508296779913299,0.4326946259102061,182,semiconductors,profitable_growth
ff3,top_ew,0.007827823275111463,1.4483643966467459,181,semiconductors,profitable_growth
ff3,mimic_ew,0.0010445540218089486,0.31127388154980173,182,semiconductors,profitable_growth
carhart4,top_ew,0.004903331598301054,0.9230556075481169,181,semiconductors,profitable_growth
carhart4,mimic_ew,0.0020633400639122616,0.6275342973420461,182,semiconductors,profitable_growth
ff5_mom,top_ew,0.006423458925860193,1.2097548297411334,181,semiconductors,profitable_growth
ff5_mom,mimic_ew,0.0020107792984671,0.6139026631201588,182,semiconductors,profitable_growth
capm,top_ew,0.00754523522947223,1.41468533014371,180,semiconductors,share_issuance
capm,mimic_ew,0.004381439818472843,0.9685352282385089,181,semiconductors,share_issuance
ff3,top_ew,0.008159575984526777,1.5984370030419666,180,semiconductors,share_issuance
ff3,mimic_ew,0.002173863652437999,0.53163608308564,181,semiconductors,share_issuance
carhart4,top_ew,0.005664961070618754,1.124306858682489,180,semiconductors,share_issuance
carhart4,mimic_ew,0.004800992194414039,1.195238320697927,181,semiconductors,share_issuance
ff5_mom,top_ew,0.006076821721298034,1.2248237862499574,180,semiconductors,share_issuance
ff5_mom,mimic_ew,0.0041678125799694534,1.0172334005557557,181,semiconductors,share_issuance
capm,top_ew,0.004341631147206236,0.7124630100272975,177,semiconductors,sue
capm,mimic_ew,-0.0021938555754583357,-0.6545063012977673,178,semiconductors,sue
ff3,top_ew,0.00604884760118119,1.079754444234676,177,semiconductors,sue
ff3,mimic_ew,-0.0015727604477537814,-0.4775117556578954,178,semiconductors,sue
carhart4,top_ew,0.0023372477330313958,0.42473543315861806,177,semiconductors,sue
carhart4,mimic_ew,-0.0016872131286613658,-0.5133823844309716,178,semiconductors,sue
ff5_mom,top_ew,0.002996955767345952,0.548757915466859,177,semiconductors,sue
ff5_mom,mimic_ew,-0.0015991711750502342,-0.4785740423376349,178,semiconductors,sue
capm,top_ew,0.004239438693879505,0.6898775150216453,181,semiconductors,sue_announce
capm,mimic_ew,0.0015559255976677084,0.46158050009313345,182,semiconductors,sue_announce
ff3,top_ew,0.005940730359910082,1.0342531333706595,181,semiconductors,sue_announce
ff3,mimic_ew,0.0017043995078161885,0.499677956934201,182,semiconductors,sue_announce
carhart4,top_ew,0.002297873914866535,0.40655923391272836,181,semiconductors,sue_announce
carhart4,mimic_ew,0.00126641146250662,0.3586654050396094,182,semiconductors,sue_announce
ff5_mom,top_ew,0.003720594210667746,0.6485256975742427,181,semiconductors,sue_announce
ff5_mom,mimic_ew,0.001994749891580105,0.5524073158186569,182,semiconductors,sue_announce
capm,top_ew,0.0074439263915939925,1.1178502481643882,180,semiconductors/semis_all,asset_growth
capm,mimic_ew,-0.0022495351832355565,-0.508718371313448,181,semiconductors/semis_all,asset_growth
ff3,top_ew,0.009030121480147962,1.4459687586179382,180,semiconductors/semis_all,asset_growth
ff3,mimic_ew,-0.0024731968122572597,-0.5648493144173926,181,semiconductors/semis_all,asset_growth
carhart4,top_ew,0.0041258017317330935,0.7087926840484395,180,semiconductors/semis_all,asset_growth
carhart4,mimic_ew,-0.0028832504976841786,-0.6502640623558587,181,semiconductors/semis_all,asset_growth
ff5_mom,top_ew,0.004283359798158724,0.7405414834936681,180,semiconductors/semis_all,asset_growth
ff5_mom,mimic_ew,-0.0037777503128521525,-0.8926237675003459,181,semiconductors/semis_all,asset_growth
capm,top_ew,0.007503790353685779,1.1813147159687059,181,semiconductors/semis_all,capex_at
capm,mimic_ew,0.0021416789824593545,0.5616772439193609,182,semiconductors/semis_all,capex_at
ff3,top_ew,0.009754873132337898,1.690874886979679,181,semiconductors/semis_all,capex_at
ff3,mimic_ew,0.0028861366245111117,0.7711854286595321,182,semiconductors/semis_all,capex_at
carhart4,top_ew,0.0061777814342890815,1.1141018665718836,181,semiconductors/semis_all,capex_at
carhart4,mimic_ew,0.002823851032808188,0.7790988913965047,182,semiconductors/semis_all,capex_at
ff5_mom,top_ew,0.0062755159399858216,1.1430077510087582,181,semiconductors/semis_all,capex_at
ff5_mom,mimic_ew,0.0016507319338825805,0.43847826215407226,182,semiconductors/semis_all,capex_at
capm,top_ew,0.006834596931345779,1.2473721811671952,181,semiconductors/semis_all,cop_at
capm,mimic_ew,0.0022231709259113593,0.5583511464072803,182,semiconductors/semis_all,cop_at
ff3,top_ew,0.00800510557147907,1.539107583840566,181,semiconductors/semis_all,cop_at
ff3,mimic_ew,0.0014264289910736207,0.35500287195952895,182,semiconductors/semis_all,cop_at
carhart4,top_ew,0.005882610014919829,1.132640446469007,181,semiconductors/semis_all,cop_at
carhart4,mimic_ew,0.004389573200349418,1.236087104176471,182,semiconductors/semis_all,cop_at
ff5_mom,top_ew,0.006851416441310042,1.316747254108895,181,semiconductors/semis_all,cop_at
ff5_mom,mimic_ew,0.0038627291733599593,1.0476484489790503,182,semiconductors/semis_all,cop_at
capm,top_ew,0.006021385440303042,1.1378122279876692,181,semiconductors/semis_all,dist_52w_high
capm,mimic_ew,0.004363845934338159,0.9385938032894008,182,semiconductors/semis_all,dist_52w_high
ff3,top_ew,0.007334331328386554,1.4883394890016302,181,semiconductors/semis_all,dist_52w_high
ff3,mimic_ew,0.0034244000997439195,0.7564393559503712,182,semiconductors/semis_all,dist_52w_high
carhart4,top_ew,0.0035656541502401013,0.7090190116172606,181,semiconductors/semis_all,dist_52w_high
carhart4,mimic_ew,0.0029599324534680446,0.6848248891084482,182,semiconductors/semis_all,dist_52w_high
ff5_mom,top_ew,0.0045047776487571675,0.9299980304242024,181,semiconductors/semis_all,dist_52w_high
ff5_mom,mimic_ew,0.0031142959047434477,0.7059574885918509,182,semiconductors/semis_all,dist_52w_high
capm,top_ew,0.006413320496348811,1.042322730955884,180,semiconductors/semis_all,droe
capm,mimic_ew,0.0036903909991923434,1.0567890241711373,181,semiconductors/semis_all,droe
ff3,top_ew,0.007911274048401456,1.374648256876137,180,semiconductors/semis_all,droe
ff3,mimic_ew,0.0040704809947652775,1.1847031375000927,181,semiconductors/semis_all,droe
carhart4,top_ew,0.0041857004615245535,0.7742955102217353,180,semiconductors/semis_all,droe
carhart4,mimic_ew,0.00287651558492135,0.8105926847816213,181,semiconductors/semis_all,droe
ff5_mom,top_ew,0.005270085708540068,0.8879626095013259,180,semiconductors/semis_all,droe
ff5_mom,mimic_ew,0.00357652427374317,0.9801228573474866,181,semiconductors/semis_all,droe
capm,top_ew,0.0029057309926586385,0.46919553417795723,181,semiconductors/semis_all,ear_3d
capm,mimic_ew,-0.002649805923342675,-0.7595182123883658,182,semiconductors/semis_all,ear_3d
ff3,top_ew,0.0049385018433997846,0.881706689747957,181,semiconductors/semis_all,ear_3d
ff3,mimic_ew,-0.0021234373335766578,-0.6008676732959323,182,semiconductors/semis_all,ear_3d
carhart4,top_ew,0.0009853282833465525,0.18481052120581665,181,semiconductors/semis_all,ear_3d
carhart4,mimic_ew,-0.0020588860410033698,-0.5986337152448638,182,semiconductors/semis_all,ear_3d
ff5_mom,top_ew,0.00029910309506263474,0.05703709089335346,181,semiconductors/semis_all,ear_3d
ff5_mom,mimic_ew,-0.0039952520300351405,-1.089985013268699,182,semiconductors/semis_all,ear_3d
capm,top_ew,0.004638301084242086,0.8138631708962677,181,semiconductors/semis_all,gross_profitability
capm,mimic_ew,-0.0006705776376698653,-0.167784394916651,182,semiconductors/semis_all,gross_profitability
ff3,top_ew,0.0059051962612298795,1.0742772155694793,181,semiconductors/semis_all,gross_profitability
ff3,mimic_ew,-0.0006592982399834698,-0.16931478343611106,182,semiconductors/semis_all,gross_profitability
carhart4,top_ew,0.0037723831317767248,0.6872624374239181,181,semiconductors/semis_all,gross_profitability
carhart4,mimic_ew,0.0014607807607187229,0.41422073654112007,182,semiconductors/semis_all,gross_profitability
ff5_mom,top_ew,0.004952829145675147,0.9244244111603286,181,semiconductors/semis_all,gross_profitability
ff5_mom,mimic_ew,0.0013080818283146027,0.36972850841474947,182,semiconductors/semis_all,gross_profitability
capm,top_ew,0.004918894837936304,1.1081115085758364,181,semiconductors/semis_all,idio_vol_60d
capm,mimic_ew,0.002641931856174651,0.45564560581082597,182,semiconductors/semis_all,idio_vol_60d
ff3,top_ew,0.0057681623210024315,1.3958197008853612,181,semiconductors/semis_all,idio_vol_60d
ff3,mimic_ew,-8.274030072551969e-05,-0.01562455952207284,182,semiconductors/semis_all,idio_vol_60d
carhart4,top_ew,0.003784768412298553,0.9460401708124356,181,semiconductors/semis_all,idio_vol_60d
carhart4,mimic_ew,0.0025434021332849345,0.48269771973296016,182,semiconductors/semis_all,idio_vol_60d
ff5_mom,top_ew,0.003910270263870196,0.9864758375513063,181,semiconductors/semis_all,idio_vol_60d
ff5_mom,mimic_ew,0.0026492377654774462,0.48603787560738404,182,semiconductors/semis_all,idio_vol_60d
capm,top_ew,0.006768604511918664,1.3859622686479964,181,semiconductors/semis_all,max_ret_21d
capm,mimic_ew,0.006998797398914369,1.3796487102740698,182,semiconductors/semis_all,max_ret_21d
ff3,top_ew,0.007750487454506311,1.6505401128535173,181,semiconductors/semis_all,max_ret_21d
ff3,mimic_ew,0.005013579958033573,1.0757208800868705,182,semiconductors/semis_all,max_ret_21d
carhart4,top_ew,0.006325805189126505,1.381879900746042,181,semiconductors/semis_all,max_ret_21d
carhart4,mimic_ew,0.008472814616209847,1.8477463291205438,182,semiconductors/semis_all,max_ret_21d
ff5_mom,top_ew,0.0062755474347151105,1.3793593644387916,181,semiconductors/semis_all,max_ret_21d
ff5_mom,mimic_ew,0.008068853363356677,1.7668329135520386,182,semiconductors/semis_all,max_ret_21d
capm,top_ew,0.005754977495208849,0.8761059368259078,181,semiconductors/semis_all,mom_12_1
capm,mimic_ew,0.0031519720292474624,0.7022180412934605,182,semiconductors/semis_all,mom_12_1
ff3,top_ew,0.00811893361643397,1.3557420099127913,181,semiconductors/semis_all,mom_12_1
ff3,mimic_ew,0.004134975933280601,0.9398949196932488,182,semiconductors/semis_all,mom_12_1
carhart4,top_ew,0.0023843930165891336,0.404634158564177,181,semiconductors/semis_all,mom_12_1
carhart4,mimic_ew,0.0005127235086576808,0.11290665152191377,182,semiconductors/semis_all,mom_12_1
ff5_mom,top_ew,0.004331713861586004,0.7241255214766962,181,semiconductors/semis_all,mom_12_1
ff5_mom,mimic_ew,0.0027086597059501885,0.6108322657465065,182,semiconductors/semis_all,mom_12_1
capm,top_ew,0.00713306977509572,1.3021531814933744,181,semiconductors/semis_all,profitable_growth
capm,mimic_ew,0.0016075142107772108,0.442026328961582,182,semiconductors/semis_all,profitable_growth
ff3,top_ew,0.008338889159559567,1.5965646015307824,181,semiconductors/semis_all,profitable_growth
ff3,mimic_ew,0.0011161193012873647,0.3131183655170732,182,semiconductors/semis_all,profitable_growth
carhart4,top_ew,0.005475512494634305,1.071965520415796,181,semiconductors/semis_all,profitable_growth
carhart4,mimic_ew,0.0021270608209119184,0.6338677141542521,182,semiconductors/semis_all,profitable_growth
ff5_mom,top_ew,0.007059690312969771,1.3742088414608742,181,semiconductors/semis_all,profitable_growth
ff5_mom,mimic_ew,0.0022172757085940978,0.6758813944851744,182,semiconductors/semis_all,profitable_growth
capm,top_ew,0.0051809242951203075,1.0219699737087722,180,semiconductors/semis_all,share_issuance
capm,mimic_ew,0.002498156398287636,0.5183653616605736,181,semiconductors/semis_all,share_issuance
ff3,top_ew,0.005805274941871158,1.1972794809774439,180,semiconductors/semis_all,share_issuance
ff3,mimic_ew,0.00017261285235226133,0.03916118086850707,181,semiconductors/semis_all,share_issuance
carhart4,top_ew,0.0035853279451993447,0.7562126826966237,180,semiconductors/semis_all,share_issuance
carhart4,mimic_ew,0.0030046719833028077,0.7021665283411966,181,semiconductors/semis_all,share_issuance
ff5_mom,top_ew,0.00367667516207653,0.7887854017081215,180,semiconductors/semis_all,share_issuance
ff5_mom,mimic_ew,0.002213076722810144,0.5047541914707453,181,semiconductors/semis_all,share_issuance
capm,top_ew,0.004106852843478597,0.6859533081761278,177,semiconductors/semis_all,sue
capm,mimic_ew,0.0005522976949392718,0.16265046057236637,178,semiconductors/semis_all,sue
ff3,top_ew,0.005785974509317187,1.0501908085877976,177,semiconductors/semis_all,sue
ff3,mimic_ew,0.0012738116857434361,0.38441804994539003,178,semiconductors/semis_all,sue
carhart4,top_ew,0.002433569033410826,0.458866958843422,177,semiconductors/semis_all,sue
carhart4,mimic_ew,0.0009733673285566957,0.2922320458058609,178,semiconductors/semis_all,sue
ff5_mom,top_ew,0.003218531961669956,0.6001550751487378,177,semiconductors/semis_all,sue
ff5_mom,mimic_ew,0.0017325214214112445,0.519989176669726,178,semiconductors/semis_all,sue
capm,top_ew,0.0030515018867015554,0.5156503202749512,180,semiconductors/semis_all,sue_announce
capm,mimic_ew,0.0004223730863087526,0.11179911536130463,181,semiconductors/semis_all,sue_announce
ff3,top_ew,0.004713256776270725,0.8547082463936221,180,semiconductors/semis_all,sue_announce
ff3,mimic_ew,0.0004133005782534102,0.10924868558826945,181,semiconductors/semis_all,sue_announce
carhart4,top_ew,0.0010081697841084526,0.18738291101578397,180,semiconductors/semis_all,sue_announce
carhart4,mimic_ew,0.00021104916281711221,0.05522056732572886,181,semiconductors/semis_all,sue_announce
ff5_mom,top_ew,0.001996426750313767,0.36518863291047793,180,semiconductors/semis_all,sue_announce
ff5_mom,mimic_ew,0.0006528084108025103,0.17572802601005277,181,semiconductors/semis_all,sue_announce
capm,top_ew,0.0004532317064820171,0.10519406662037502,180,cyber_cloud,asset_growth
capm,mimic_ew,0.0019479296085308552,0.4284008161959369,181,cyber_cloud,asset_growth
ff3,top_ew,0.0015685289311835424,0.3774531156133219,180,cyber_cloud,asset_growth
ff3,mimic_ew,0.00030847686722680834,0.07646684868242676,181,cyber_cloud,asset_growth
carhart4,top_ew,0.0020073995821105516,0.4504637561908064,180,cyber_cloud,asset_growth
carhart4,mimic_ew,0.0016602058403666375,0.39620691377231565,181,cyber_cloud,asset_growth
ff5_mom,top_ew,0.0013856703128431506,0.32369592250294726,180,cyber_cloud,asset_growth
ff5_mom,mimic_ew,-0.00021507240162269036,-0.0540575608096118,181,cyber_cloud,asset_growth
capm,top_ew,-0.003909010368937962,-0.793283971484738,176,cyber_cloud,capex_at
capm,mimic_ew,-0.009442993806952304,-2.5503226158969925,177,cyber_cloud,capex_at
ff3,top_ew,-0.002624874363714552,-0.53545953343773,176,cyber_cloud,capex_at
ff3,mimic_ew,-0.00993726326669305,-2.6257586686350933,177,cyber_cloud,capex_at
carhart4,top_ew,-0.001812218512670179,-0.3615517250475593,176,cyber_cloud,capex_at
carhart4,mimic_ew,-0.008334226048399647,-2.2030307359465824,177,cyber_cloud,capex_at
ff5_mom,top_ew,-0.0006313140548733787,-0.12119875307298207,176,cyber_cloud,capex_at
ff5_mom,mimic_ew,-0.008186085628374588,-2.191221409136276,177,cyber_cloud,capex_at
capm,top_ew,-0.0072247866160654916,-0.44171299138942294,47,cyber_cloud,cash_runway_years
capm,mimic_ew,0.012365884361045966,0.9311444034594215,47,cyber_cloud,cash_runway_years
ff3,top_ew,-0.004954745843982559,-0.33934899789306083,47,cyber_cloud,cash_runway_years
ff3,mimic_ew,0.01624124664286486,1.321445106010416,47,cyber_cloud,cash_runway_years
carhart4,top_ew,-0.010360845927222815,-0.7407802967746405,47,cyber_cloud,cash_runway_years
carhart4,mimic_ew,0.020529580280541807,1.6999694104618353,47,cyber_cloud,cash_runway_years
ff5_mom,top_ew,-0.0012751274736004488,-0.08318720747301923,47,cyber_cloud,cash_runway_years
ff5_mom,mimic_ew,0.024082557646946313,1.9357597827583783,47,cyber_cloud,cash_runway_years
capm,top_ew,0.006189707562932254,1.5743099977735666,180,cyber_cloud,cop_at
capm,mimic_ew,0.008322697568411927,2.1604413392307906,181,cyber_cloud,cop_at
ff3,top_ew,0.006852493458662143,1.7680793075623098,180,cyber_cloud,cop_at
ff3,mimic_ew,0.006535375636708471,1.7804750089785344,181,cyber_cloud,cop_at
carhart4,top_ew,0.007446798136311238,1.8125789607847318,180,cyber_cloud,cop_at
carhart4,mimic_ew,0.007198699415005568,1.9068613760961497,181,cyber_cloud,cop_at
ff5_mom,top_ew,0.007401664829885138,1.8012202864074602,180,cyber_cloud,cop_at
ff5_mom,mimic_ew,0.006331884095891584,1.6568794724112081,181,cyber_cloud,cop_at
capm,top_ew,0.002783039025925888,0.8163592912403398,180,cyber_cloud,dist_52w_high
capm,mimic_ew,0.005246879127834803,1.07602219247567,181,cyber_cloud,dist_52w_high
ff3,top_ew,0.0036505777021986472,1.0664213046595885,180,cyber_cloud,dist_52w_high
ff3,mimic_ew,0.004103945276305882,0.8818290324870208,181,cyber_cloud,dist_52w_high
carhart4,top_ew,0.002658059688683762,0.7661318061078192,180,cyber_cloud,dist_52w_high
carhart4,mimic_ew,0.0027428060213556117,0.5987963208777405,181,cyber_cloud,dist_52w_high
ff5_mom,top_ew,0.0033349955209617866,0.8942436232354941,180,cyber_cloud,dist_52w_high
ff5_mom,mimic_ew,0.0026463894068037325,0.6382030386687962,181,cyber_cloud,dist_52w_high
capm,top_ew,0.0001817912171946679,0.040645332364133015,180,cyber_cloud,droe
capm,mimic_ew,-0.0020608257223736475,-0.6917129869737186,181,cyber_cloud,droe
ff3,top_ew,0.0018514951317587592,0.4375575152047426,180,cyber_cloud,droe
ff3,mimic_ew,-0.0018987043690944043,-0.6439524364756208,181,cyber_cloud,droe
carhart4,top_ew,0.002337351188615196,0.5437323750789038,180,cyber_cloud,droe
carhart4,mimic_ew,-0.0022223692456567593,-0.7504657031747664,181,cyber_cloud,droe
ff5_mom,top_ew,0.003586712816172102,0.8036632889840882,180,cyber_cloud,droe
ff5_mom,mimic_ew,-0.0014912183086365411,-0.48888603244472684,181,cyber_cloud,droe
capm,top_ew,-0.0015994937354790102,-0.3235108553027621,180,cyber_cloud,ear_3d
capm,mimic_ew,-0.0013798186022936578,-0.47065551322086574,181,cyber_cloud,ear_3d
ff3,top_ew,0.00037494206311378,0.07791177981063296,180,cyber_cloud,ear_3d
ff3,mimic_ew,-0.00079858439393884,-0.27769855987697195,181,cyber_cloud,ear_3d
carhart4,top_ew,-0.0006109858496884446,-0.12657235769467745,180,cyber_cloud,ear_3d
carhart4,mimic_ew,-0.001989986932440655,-0.6911347940430072,181,cyber_cloud,ear_3d
ff5_mom,top_ew,0.0005487107735913606,0.11018962922476641,180,cyber_cloud,ear_3d
ff5_mom,mimic_ew,-0.0013650775802249646,-0.47329651853355414,181,cyber_cloud,ear_3d
capm,top_ew,0.006889768074769082,1.4043826837901967,176,cyber_cloud,gross_profitability
capm,mimic_ew,0.01140500151853327,3.57331338174647,177,cyber_cloud,gross_profitability
ff3,top_ew,0.008138848464818129,1.6976847241892656,176,cyber_cloud,gross_profitability
ff3,mimic_ew,0.011511336091505396,3.571872383730901,177,cyber_cloud,gross_profitability
carhart4,top_ew,0.009178507330601616,1.7738600950502685,176,cyber_cloud,gross_profitability
carhart4,mimic_ew,0.012529973068017189,3.7490052149117155,177,cyber_cloud,gross_profitability
ff5_mom,top_ew,0.009802381244205703,1.8605409231046015,176,cyber_cloud,gross_profitability
ff5_mom,mimic_ew,0.013191146084662306,3.84424718697285,177,cyber_cloud,gross_profitability
capm,top_ew,0.002772323088563582,0.8907947336295817,180,cyber_cloud,idio_vol_60d
capm,mimic_ew,0.006755089413364961,1.3500248020444365,181,cyber_cloud,idio_vol_60d
ff3,top_ew,0.0029104900160841587,0.9155593536287879,180,cyber_cloud,idio_vol_60d
ff3,mimic_ew,0.0041884982445184234,0.8691672656711835,181,cyber_cloud,idio_vol_60d
carhart4,top_ew,0.00329238920985271,1.0193800724183475,180,cyber_cloud,idio_vol_60d
carhart4,mimic_ew,0.005734341607073837,1.202779379575402,181,cyber_cloud,idio_vol_60d
ff5_mom,top_ew,0.002626581914811576,0.8302407109929258,180,cyber_cloud,idio_vol_60d
ff5_mom,mimic_ew,0.0037866775676841397,0.8267931004071313,181,cyber_cloud,idio_vol_60d
capm,top_ew,0.0022990277265649613,0.7153708172310481,180,cyber_cloud,max_ret_21d
capm,mimic_ew,0.0048682047285257615,1.0707888083857307,181,cyber_cloud,max_ret_21d
ff3,top_ew,0.0025156155349650737,0.7678098185935462,180,cyber_cloud,max_ret_21d
ff3,mimic_ew,0.0023903546829886616,0.567358307270049,181,cyber_cloud,max_ret_21d
carhart4,top_ew,0.0027140985847509754,0.8059794263171323,180,cyber_cloud,max_ret_21d
carhart4,mimic_ew,0.00294845089797843,0.7400653832177211,181,cyber_cloud,max_ret_21d
ff5_mom,top_ew,0.0022834028245147337,0.6734646312794756,180,cyber_cloud,max_ret_21d
ff5_mom,mimic_ew,0.0004487604911331468,0.11815565236399121,181,cyber_cloud,max_ret_21d
capm,top_ew,-0.0013825478796263197,-0.26560649709225814,180,cyber_cloud,mom_12_1
capm,mimic_ew,0.0013812635048109085,0.2714702604347407,181,cyber_cloud,mom_12_1
ff3,top_ew,0.0007573308747274875,0.15487611134983398,180,cyber_cloud,mom_12_1
ff3,mimic_ew,0.002121356812472085,0.4361516282049536,181,cyber_cloud,mom_12_1
carhart4,top_ew,-0.0015347217785044197,-0.3123904357944717,180,cyber_cloud,mom_12_1
carhart4,mimic_ew,-0.0019593501564464377,-0.3837527550864847,181,cyber_cloud,mom_12_1
ff5_mom,top_ew,-0.00015210643346092386,-0.0302971251521726,180,cyber_cloud,mom_12_1
ff5_mom,mimic_ew,-0.0014036798608347025,-0.2907199830149678,181,cyber_cloud,mom_12_1
capm,top_ew,0.00425328444148776,0.9213380460240085,180,cyber_cloud,profitable_growth
capm,mimic_ew,0.005961036767425391,1.7225484444857646,181,cyber_cloud,profitable_growth
ff3,top_ew,0.0056475741177520146,1.2830352282041173,180,cyber_cloud,profitable_growth
ff3,mimic_ew,0.006286687403791991,1.9455182870741576,181,cyber_cloud,profitable_growth
carhart4,top_ew,0.006727044935856185,1.5214787022529237,180,cyber_cloud,profitable_growth
carhart4,mimic_ew,0.008177922160857576,2.532964519913237,181,cyber_cloud,profitable_growth
ff5_mom,top_ew,0.008112563388809304,1.7710630591787242,180,cyber_cloud,profitable_growth
ff5_mom,mimic_ew,0.009297266839457969,2.9526343535475563,181,cyber_cloud,profitable_growth
capm,top_ew,0.00371429786809743,1.0228244077139546,177,cyber_cloud,share_issuance
capm,mimic_ew,0.006386244808332908,1.221076119628141,178,cyber_cloud,share_issuance
ff3,top_ew,0.004183415842007865,1.1623633634746475,177,cyber_cloud,share_issuance
ff3,mimic_ew,0.0035355152627901828,0.7208665136152972,178,cyber_cloud,share_issuance
carhart4,top_ew,0.0048720149703176,1.2864529029799232,177,cyber_cloud,share_issuance
carhart4,mimic_ew,0.005886757473526696,1.2291009654988079,178,cyber_cloud,share_issuance
ff5_mom,top_ew,0.004618788270628655,1.244740094020122,177,cyber_cloud,share_issuance
ff5_mom,mimic_ew,0.003541319150865748,0.7525888374421744,178,cyber_cloud,share_issuance
capm,top_ew,0.001466009872606013,0.3356830812454223,177,cyber_cloud,sue
capm,mimic_ew,0.002154477329792132,0.744007631929912,178,cyber_cloud,sue
ff3,top_ew,0.0025688343929782986,0.5927016732261897,177,cyber_cloud,sue
ff3,mimic_ew,0.0017221627685593765,0.6077077852240088,178,cyber_cloud,sue
carhart4,top_ew,0.003244936908861154,0.718212153686728,177,cyber_cloud,sue
carhart4,mimic_ew,0.0015105959064223948,0.520942562800799,178,cyber_cloud,sue
ff5_mom,top_ew,0.0034836107835787204,0.7623855832686084,177,cyber_cloud,sue
ff5_mom,mimic_ew,0.001679197621449346,0.5870980194767339,178,cyber_cloud,sue
capm,top_ew,0.004052282311284849,0.856403683442226,167,cyber_cloud,sue_announce
capm,mimic_ew,0.006680569808547656,1.6060886609964264,168,cyber_cloud,sue_announce
ff3,top_ew,0.005228961037851304,1.1327664663070534,167,cyber_cloud,sue_announce
ff3,mimic_ew,0.006742542973446343,1.6363713050040087,168,cyber_cloud,sue_announce
carhart4,top_ew,0.006357079246142334,1.314598224716397,167,cyber_cloud,sue_announce
carhart4,mimic_ew,0.007876559621460322,1.907198800234532,168,cyber_cloud,sue_announce
ff5_mom,top_ew,0.006205575476931339,1.272942155074538,167,cyber_cloud,sue_announce
ff5_mom,mimic_ew,0.006355354938286337,1.5684364146580188,168,cyber_cloud,sue_announce
capm,top_ew,-0.0006016546951009109,-0.13065075600253193,178,cyber_cloud/cloud_saas,asset_growth
capm,mimic_ew,0.0019908162515528127,0.44078803341352163,179,cyber_cloud/cloud_saas,asset_growth
ff3,top_ew,0.00045902365644247446,0.10288239256353268,178,cyber_cloud/cloud_saas,asset_growth
ff3,mimic_ew,0.00040057434581825603,0.10062818301349209,179,cyber_cloud/cloud_saas,asset_growth
carhart4,top_ew,0.0012618407630969417,0.2586591521468671,178,cyber_cloud/cloud_saas,asset_growth
carhart4,mimic_ew,0.0015489961710358608,0.3577321171033102,179,cyber_cloud/cloud_saas,asset_growth
ff5_mom,top_ew,0.0006265284055941148,0.13331817696848108,178,cyber_cloud/cloud_saas,asset_growth
ff5_mom,mimic_ew,0.00013197929221443844,0.032292701738459675,179,cyber_cloud/cloud_saas,asset_growth
capm,top_ew,-0.004210009752177573,-0.832850109245136,174,cyber_cloud/cloud_saas,capex_at
capm,mimic_ew,-0.0066833086256656285,-1.8410076707796166,175,cyber_cloud/cloud_saas,capex_at
ff3,top_ew,-0.0029198860651983615,-0.5807916170423513,174,cyber_cloud/cloud_saas,capex_at
ff3,mimic_ew,-0.0071518653220890285,-1.9081235408817687,175,cyber_cloud/cloud_saas,capex_at
carhart4,top_ew,-0.0020618063758697028,-0.39821098997976145,174,cyber_cloud/cloud_saas,capex_at
carhart4,mimic_ew,-0.0063798654694697254,-1.7138900537579362,175,cyber_cloud/cloud_saas,capex_at
ff5_mom,top_ew,-0.0009896320066238177,-0.18638426651009155,174,cyber_cloud/cloud_saas,capex_at
ff5_mom,mimic_ew,-0.005845614706279156,-1.5718401781334885,175,cyber_cloud/cloud_saas,capex_at
capm,top_ew,-0.015410969354003625,-0.8919690148675679,40,cyber_cloud/cloud_saas,cash_runway_years
capm,mimic_ew,0.008248092101747862,0.5646962809063908,40,cyber_cloud/cloud_saas,cash_runway_years
ff3,top_ew,-0.011637160577853986,-0.7195639384942045,40,cyber_cloud/cloud_saas,cash_runway_years
ff3,mimic_ew,0.012390779946093191,0.9663156347783524,40,cyber_cloud/cloud_saas,cash_runway_years
carhart4,top_ew,-0.017950105200331818,-1.1061462528407913,40,cyber_cloud/cloud_saas,cash_runway_years
carhart4,mimic_ew,0.015036260141342237,1.1304329543948382,40,cyber_cloud/cloud_saas,cash_runway_years
ff5_mom,top_ew,-0.004521076419205525,-0.26653004059708096,40,cyber_cloud/cloud_saas,cash_runway_years
ff5_mom,mimic_ew,0.024666302764456093,1.5885953575595868,40,cyber_cloud/cloud_saas,cash_runway_years
capm,top_ew,0.005309770385183929,1.3591640109081105,180,cyber_cloud/cloud_saas,cop_at
capm,mimic_ew,0.0073017579568907635,1.8155919133249065,181,cyber_cloud/cloud_saas,cop_at
ff3,top_ew,0.0059028551641197085,1.527965377746072,180,cyber_cloud/cloud_saas,cop_at
ff3,mimic_ew,0.0053359924387271175,1.4157561023302618,181,cyber_cloud/cloud_saas,cop_at
carhart4,top_ew,0.006978599506612833,1.69133987037054,180,cyber_cloud/cloud_saas,cop_at
carhart4,mimic_ew,0.006368332666597744,1.6221641520900136,181,cyber_cloud/cloud_saas,cop_at
ff5_mom,top_ew,0.006360326506881766,1.6194488324316816,180,cyber_cloud/cloud_saas,cop_at
ff5_mom,mimic_ew,0.0048971622604745005,1.242726526768659,181,cyber_cloud/cloud_saas,cop_at
capm,top_ew,0.00284186866640114,0.816482256538367,180,cyber_cloud/cloud_saas,dist_52w_high
capm,mimic_ew,0.00584845049811937,1.1958258397265018,181,cyber_cloud/cloud_saas,dist_52w_high
ff3,top_ew,0.0037476263506955017,1.0709264397037732,180,cyber_cloud/cloud_saas,dist_52w_high
ff3,mimic_ew,0.004649807282861288,1.0017982791876967,181,cyber_cloud/cloud_saas,dist_52w_high
carhart4,top_ew,0.002770534436283196,0.7857440542399663,180,cyber_cloud/cloud_saas,dist_52w_high
carhart4,mimic_ew,0.003261224651890208,0.7101378836932539,181,cyber_cloud/cloud_saas,dist_52w_high
ff5_mom,top_ew,0.003176805800194128,0.8535521781803702,180,cyber_cloud/cloud_saas,dist_52w_high
ff5_mom,mimic_ew,0.002921884320157406,0.6999466614497375,181,cyber_cloud/cloud_saas,dist_52w_high
capm,top_ew,-0.0006514130552868282,-0.14166145008329212,178,cyber_cloud/cloud_saas,droe
capm,mimic_ew,-0.0009995052402233722,-0.30597550656840394,179,cyber_cloud/cloud_saas,droe
ff3,top_ew,0.0009567620630902188,0.2180420322071458,178,cyber_cloud/cloud_saas,droe
ff3,mimic_ew,-0.0007696861136033858,-0.2364694290535976,179,cyber_cloud/cloud_saas,droe
carhart4,top_ew,0.0017137504981241465,0.37711845047025855,178,cyber_cloud/cloud_saas,droe
carhart4,mimic_ew,-0.0008928806484705023,-0.2794764485847662,179,cyber_cloud/cloud_saas,droe
ff5_mom,top_ew,0.0027379701502550677,0.5859216551376029,178,cyber_cloud/cloud_saas,droe
ff5_mom,mimic_ew,0.00016299078844808724,0.04965803004069595,179,cyber_cloud/cloud_saas,droe
capm,top_ew,-0.0016232147176818098,-0.3224596206841616,180,cyber_cloud/cloud_saas,ear_3d
capm,mimic_ew,-0.0011076615455730802,-0.3486479431528817,181,cyber_cloud/cloud_saas,ear_3d
ff3,top_ew,0.0003923043173588607,0.0796613990130955,180,cyber_cloud/cloud_saas,ear_3d
ff3,mimic_ew,-0.0002703240536064222,-0.08677820038567864,181,cyber_cloud/cloud_saas,ear_3d
carhart4,top_ew,-0.0005330051551983218,-0.10791589391253643,180,cyber_cloud/cloud_saas,ear_3d
carhart4,mimic_ew,-0.001654811525087473,-0.5244396322014069,181,cyber_cloud/cloud_saas,ear_3d
ff5_mom,top_ew,0.0005169579773407632,0.10144476969640223,180,cyber_cloud/cloud_saas,ear_3d
ff5_mom,mimic_ew,-0.0009028941866127972,-0.2956256808273641,181,cyber_cloud/cloud_saas,ear_3d
capm,top_ew,0.005658685327685922,1.1502131810019605,174,cyber_cloud/cloud_saas,gross_profitability
capm,mimic_ew,0.010880641252781402,3.148237909439144,175,cyber_cloud/cloud_saas,gross_profitability
ff3,top_ew,0.006928958308307738,1.4596438762913762,174,cyber_cloud/cloud_saas,gross_profitability
ff3,mimic_ew,0.01086404474008364,3.1245611423934228,175,cyber_cloud/cloud_saas,gross_profitability
carhart4,top_ew,0.008263684534726428,1.6040992557207903,174,cyber_cloud/cloud_saas,gross_profitability
carhart4,mimic_ew,0.01230200213649183,3.4052805577647267,175,cyber_cloud/cloud_saas,gross_profitability
ff5_mom,top_ew,0.008531451559993781,1.6770748872549823,174,cyber_cloud/cloud_saas,gross_profitability
ff5_mom,mimic_ew,0.012988120651281947,3.5282630758521636,175,cyber_cloud/cloud_saas,gross_profitability
capm,top_ew,0.0024266075640352264,0.7518945596852367,180,cyber_cloud/cloud_saas,idio_vol_60d
capm,mimic_ew,0.007780503770575316,1.526178111832458,181,cyber_cloud/cloud_saas,idio_vol_60d
ff3,top_ew,0.002570132181152973,0.7824180408220249,180,cyber_cloud/cloud_saas,idio_vol_60d
ff3,mimic_ew,0.005166194334065359,1.0436798358159614,181,cyber_cloud/cloud_saas,idio_vol_60d
carhart4,top_ew,0.0031548896846768423,0.9298283863274807,180,cyber_cloud/cloud_saas,idio_vol_60d
carhart4,mimic_ew,0.00683566743804237,1.3654551298066555,181,cyber_cloud/cloud_saas,idio_vol_60d
ff5_mom,top_ew,0.0021708790959198095,0.6786538829856794,180,cyber_cloud/cloud_saas,idio_vol_60d
ff5_mom,mimic_ew,0.004495037220149697,0.9497277637344275,181,cyber_cloud/cloud_saas,idio_vol_60d
capm,top_ew,0.0027889555025714845,0.8354180017777617,180,cyber_cloud/cloud_saas,max_ret_21d
capm,mimic_ew,0.00617692726796647,1.329412693661156,181,cyber_cloud/cloud_saas,max_ret_21d
ff3,top_ew,0.003071281408565418,0.903163584529158,180,cyber_cloud/cloud_saas,max_ret_21d
ff3,mimic_ew,0.00381956567954553,0.8700237953151608,181,cyber_cloud/cloud_saas,max_ret_21d
carhart4,top_ew,0.003636931802621598,1.034069216910573,180,cyber_cloud/cloud_saas,max_ret_21d
carhart4,mimic_ew,0.004481612873176871,1.0814655765077164,181,cyber_cloud/cloud_saas,max_ret_21d
ff5_mom,top_ew,0.0029235733023488834,0.8430273972647849,180,cyber_cloud/cloud_saas,max_ret_21d
ff5_mom,mimic_ew,0.001770122820263341,0.4397881153784502,181,cyber_cloud/cloud_saas,max_ret_21d
capm,top_ew,-0.00039131252945440225,-0.07605442705154661,180,cyber_cloud/cloud_saas,mom_12_1
capm,mimic_ew,0.002731514484699951,0.566414611916742,181,cyber_cloud/cloud_saas,mom_12_1
ff3,top_ew,0.0017965496454932952,0.36958631352713384,180,cyber_cloud/cloud_saas,mom_12_1
ff3,mimic_ew,0.0037178639296668115,0.8094662422251608,181,cyber_cloud/cloud_saas,mom_12_1
carhart4,top_ew,0.00013942921937263556,0.02848077553775167,180,cyber_cloud/cloud_saas,mom_12_1
carhart4,mimic_ew,4.6644519130792576e-05,0.009638830126979261,181,cyber_cloud/cloud_saas,mom_12_1
ff5_mom,top_ew,0.0012990254416476578,0.2598227292725121,180,cyber_cloud/cloud_saas,mom_12_1
ff5_mom,mimic_ew,0.0004985583639290226,0.10809616737641184,181,cyber_cloud/cloud_saas,mom_12_1
capm,top_ew,0.0033028829882995113,0.7091120053575768,180,cyber_cloud/cloud_saas,profitable_growth
capm,mimic_ew,0.004425877270119381,1.2803858027789765,181,cyber_cloud/cloud_saas,profitable_growth
ff3,top_ew,0.0046016220737993795,1.0307900561115975,180,cyber_cloud/cloud_saas,profitable_growth
ff3,mimic_ew,0.004583802959967473,1.4064103822731735,181,cyber_cloud/cloud_saas,profitable_growth
carhart4,top_ew,0.006055966566142476,1.329737302712049,180,cyber_cloud/cloud_saas,profitable_growth
carhart4,mimic_ew,0.006857575406684705,2.1613559073939066,181,cyber_cloud/cloud_saas,profitable_growth
ff5_mom,top_ew,0.007059971609806012,1.520591772045841,180,cyber_cloud/cloud_saas,profitable_growth
ff5_mom,mimic_ew,0.007676448799860533,2.460347852505707,181,cyber_cloud/cloud_saas,profitable_growth
capm,top_ew,0.003985307128194279,1.0281117665700126,174,cyber_cloud/cloud_saas,share_issuance
capm,mimic_ew,0.007631816402866827,1.3729939739765467,175,cyber_cloud/cloud_saas,share_issuance
ff3,top_ew,0.004472034404442657,1.1555999258253367,174,cyber_cloud/cloud_saas,share_issuance
ff3,mimic_ew,0.004887364542258517,0.9579541557044148,175,cyber_cloud/cloud_saas,share_issuance
carhart4,top_ew,0.005347719749155253,1.287145816674507,174,cyber_cloud/cloud_saas,share_issuance
carhart4,mimic_ew,0.007048683104369944,1.39802503884486,175,cyber_cloud/cloud_saas,share_issuance
ff5_mom,top_ew,0.004927533149982102,1.217689425690443,174,cyber_cloud/cloud_saas,share_issuance
ff5_mom,mimic_ew,0.004840863672063307,0.9987094015455606,175,cyber_cloud/cloud_saas,share_issuance
capm,top_ew,0.0012463181393357508,0.28054434969157976,176,cyber_cloud/cloud_saas,sue
capm,mimic_ew,0.0019098629689495103,0.6850086438299909,177,cyber_cloud/cloud_saas,sue
ff3,top_ew,0.00220947374338395,0.4976724662566373,176,cyber_cloud/cloud_saas,sue
ff3,mimic_ew,0.001535480519310633,0.5504389323180068,177,cyber_cloud/cloud_saas,sue
carhart4,top_ew,0.0032406127430109725,0.6964829118701171,176,cyber_cloud/cloud_saas,sue
carhart4,mimic_ew,0.0017019180308065133,0.5948710297088444,177,cyber_cloud/cloud_saas,sue
ff5_mom,top_ew,0.003182517684789293,0.6836882945102851,176,cyber_cloud/cloud_saas,sue
ff5_mom,mimic_ew,0.002098123130460545,0.7357715245606753,177,cyber_cloud/cloud_saas,sue
capm,top_ew,0.004336932881215522,0.8962398902090765,165,cyber_cloud/cloud_saas,sue_announce
capm,mimic_ew,0.00738772941839834,1.7864610128187344,166,cyber_cloud/cloud_saas,sue_announce
ff3,top_ew,0.005521546261929145,1.167663122147079,165,cyber_cloud/cloud_saas,sue_announce
ff3,mimic_ew,0.007521741782078818,1.8507308329640628,166,cyber_cloud/cloud_saas,sue_announce
carhart4,top_ew,0.006968028365387782,1.4002508055394582,165,cyber_cloud/cloud_saas,sue_announce
carhart4,mimic_ew,0.008868434430390763,2.1979400757680025,166,cyber_cloud/cloud_saas,sue_announce
ff5_mom,top_ew,0.006839758013724223,1.356985674130879,165,cyber_cloud/cloud_saas,sue_announce
ff5_mom,mimic_ew,0.0077544277832682085,1.9613675400369852,166,cyber_cloud/cloud_saas,sue_announce
capm,top_ew,0.0012493128220128038,0.21806778308251348,181,defense_space,asset_growth
capm,mimic_ew,-0.0007111483180160486,-0.14018204661162967,182,defense_space,asset_growth
ff3,top_ew,0.002577531324543908,0.45717641586638325,181,defense_space,asset_growth
ff3,mimic_ew,-0.0007032443861587105,-0.14019483352570003,182,defense_space,asset_growth
carhart4,top_ew,0.00044824022981078746,0.08166607915680715,181,defense_space,asset_growth
carhart4,mimic_ew,0.0001325643906470271,0.02681281376711085,182,defense_space,asset_growth
ff5_mom,top_ew,-3.318398699920667e-05,-0.005936493435709668,181,defense_space,asset_growth
ff5_mom,mimic_ew,-0.0016873086548432237,-0.32369734709375403,182,defense_space,asset_growth
capm,top_ew,0.0014663606735353767,0.3313419667515546,181,defense_space,capex_at
capm,mimic_ew,-0.0014397021207528738,-0.32343313371636734,182,defense_space,capex_at
ff3,top_ew,0.0023098615132427255,0.5260526822972926,181,defense_space,capex_at
ff3,mimic_ew,-0.0017396267000506982,-0.36940403687792844,182,defense_space,capex_at
carhart4,top_ew,0.0011412307445719508,0.2593043660426252,181,defense_space,capex_at
carhart4,mimic_ew,-0.0001400414077859941,-0.03279457287166103,182,defense_space,capex_at
ff5_mom,top_ew,0.0010492262530190065,0.23291618321549323,181,defense_space,capex_at
ff5_mom,mimic_ew,-1.7453428516365204e-05,-0.003947836857057796,182,defense_space,capex_at
capm,top_ew,-0.029178612824711635,-1.0063495041999027,22,defense_space,cash_runway_years
capm,mimic_ew,-0.005293808394350373,-0.17137641416901658,23,defense_space,cash_runway_years
ff3,top_ew,-0.012415006290209406,-0.45539969621777493,22,defense_space,cash_runway_years
ff3,mimic_ew,-0.00960878957076782,-0.24528069752557904,23,defense_space,cash_runway_years
carhart4,top_ew,-0.013311030368544495,-0.5169281687731604,22,defense_space,cash_runway_years
carhart4,mimic_ew,-0.01086659313321935,-0.2874672019965668,23,defense_space,cash_runway_years
ff5_mom,top_ew,-0.01099322138540596,-0.426003616957772,22,defense_space,cash_runway_years
ff5_mom,mimic_ew,-0.008537422310727115,-0.2518889877508139,23,defense_space,cash_runway_years
capm,top_ew,0.0020598116687609493,0.5267703492983239,181,defense_space,cop_at
capm,mimic_ew,-0.0034147227546503325,-1.078116622723889,182,defense_space,cop_at
ff3,top_ew,0.0024845782806279587,0.6514859528883145,181,defense_space,cop_at
ff3,mimic_ew,-0.003714674150399001,-1.1944729794214846,182,defense_space,cop_at
carhart4,top_ew,0.001154676731041547,0.3011638188224962,181,defense_space,cop_at
carhart4,mimic_ew,-0.003949138460844415,-1.159296711814505,182,defense_space,cop_at
ff5_mom,top_ew,-0.0002321094072979934,-0.06318609204144039,181,defense_space,cop_at
ff5_mom,mimic_ew,-0.005227488261418402,-1.6539581520915243,182,defense_space,cop_at
capm,top_ew,0.0023059309440826526,0.6887249524558214,181,defense_space,dist_52w_high
capm,mimic_ew,0.0013305174731644811,0.21142723706090716,182,defense_space,dist_52w_high
ff3,top_ew,0.0027126320039574923,0.8163108625741142,181,defense_space,dist_52w_high
ff3,mimic_ew,-0.0007110518900804705,-0.11351227050427849,182,defense_space,dist_52w_high
carhart4,top_ew,0.0012791481097479632,0.3921996404056864,181,defense_space,dist_52w_high
carhart4,mimic_ew,-0.00020376008490569322,-0.035106208215700666,182,defense_space,dist_52w_high
ff5_mom,top_ew,0.00015800690929327013,0.048819692472930956,181,defense_space,dist_52w_high
ff5_mom,mimic_ew,-0.0013775406693142826,-0.2327448729232601,182,defense_space,dist_52w_high
capm,top_ew,0.0025812760971725547,0.6546993604047924,181,defense_space,droe
capm,mimic_ew,-0.002426504841335861,-0.819661577581362,182,defense_space,droe
ff3,top_ew,0.0030144136539806475,0.7907425105134556,181,defense_space,droe
ff3,mimic_ew,-0.002541104056446157,-0.8468189486468306,182,defense_space,droe
carhart4,top_ew,0.0011835106115072201,0.32259280809851093,181,defense_space,droe
carhart4,mimic_ew,-0.0034205801923725453,-1.086986193720601,182,defense_space,droe
ff5_mom,top_ew,-8.612828552936814e-06,-0.0024105487906830986,181,defense_space,droe
ff5_mom,mimic_ew,-0.003665139440185009,-1.167169198113949,182,defense_space,droe
capm,top_ew,0.0011344390486326007,0.20075949627845022,181,defense_space,ear_3d
capm,mimic_ew,0.00012640234254622932,0.02980563631798587,182,defense_space,ear_3d
ff3,top_ew,0.0029150441528343007,0.5236110828126436,181,defense_space,ear_3d
ff3,mimic_ew,0.0010891912369541434,0.2546106209616077,182,defense_space,ear_3d
carhart4,top_ew,-0.0004669634873857762,-0.08751080798111079,181,defense_space,ear_3d
carhart4,mimic_ew,-0.0022099115309628147,-0.5442967670911079,182,defense_space,ear_3d
ff5_mom,top_ew,-0.0010960972973462165,-0.19819514460220874,181,defense_space,ear_3d
ff5_mom,mimic_ew,-0.0019824469834625598,-0.47754171247571847,182,defense_space,ear_3d
capm,top_ew,0.0023075825286495034,0.5830823363247218,181,defense_space,gross_profitability
capm,mimic_ew,4.073663858632568e-05,0.013727467498339186,182,defense_space,gross_profitability
ff3,top_ew,0.003193892045124042,0.857629447661536,181,defense_space,gross_profitability
ff3,mimic_ew,0.0006835291049642963,0.23026435271023835,182,defense_space,gross_profitability
carhart4,top_ew,0.001589799990909366,0.4361487812037132,181,defense_space,gross_profitability
carhart4,mimic_ew,-7.494064914962659e-05,-0.02401816853820516,182,defense_space,gross_profitability
ff5_mom,top_ew,0.0005809469910555349,0.1641457206882644,181,defense_space,gross_profitability
ff5_mom,mimic_ew,-0.00017481350383597488,-0.05509579614789738,182,defense_space,gross_profitability
capm,top_ew,0.005886105180551565,1.7529862671601408,181,defense_space,idio_vol_60d
capm,mimic_ew,0.008136661799514732,1.07174253377204,182,defense_space,idio_vol_60d
ff3,top_ew,0.005691041270843195,1.6731413049543993,181,defense_space,idio_vol_60d
ff3,mimic_ew,0.0039431118419827275,0.5370366876038569,182,defense_space,idio_vol_60d
carhart4,top_ew,0.005026751694553759,1.4830332993566835,181,defense_space,idio_vol_60d
carhart4,mimic_ew,0.006749360561714671,0.9304724275380508,182,defense_space,idio_vol_60d
ff5_mom,top_ew,0.004011575124972308,1.2113880988726036,181,defense_space,idio_vol_60d
ff5_mom,mimic_ew,0.004908251747036488,0.6553846934844806,182,defense_space,idio_vol_60d
capm,top_ew,0.00526675299608896,1.454067616474637,181,defense_space,max_ret_21d
capm,mimic_ew,0.007715172019043144,1.2139803772683198,182,defense_space,max_ret_21d
ff3,top_ew,0.005020483265892908,1.3719612299446184,181,defense_space,max_ret_21d
ff3,mimic_ew,0.004543240723574375,0.7348570608893481,182,defense_space,max_ret_21d
carhart4,top_ew,0.004872661367633925,1.3168284652002584,181,defense_space,max_ret_21d
carhart4,mimic_ew,0.008404456183981982,1.4518916064858622,182,defense_space,max_ret_21d
ff5_mom,top_ew,0.003646667951943053,1.0038152954344124,181,defense_space,max_ret_21d
ff5_mom,mimic_ew,0.006586767815938675,1.1006950081151021,182,defense_space,max_ret_21d
capm,top_ew,-0.0007509745938215884,-0.13147138480749546,181,defense_space,mom_12_1
capm,mimic_ew,0.00042974854029823305,0.07012394222510615,182,defense_space,mom_12_1
ff3,top_ew,0.0009469385265016461,0.17681318543326763,181,defense_space,mom_12_1
ff3,mimic_ew,0.0006957326345345022,0.11388908906536575,182,defense_space,mom_12_1
carhart4,top_ew,-0.003247393983822816,-0.6357421825068446,181,defense_space,mom_12_1
carhart4,mimic_ew,-0.0034974804787175472,-0.5811109138412054,182,defense_space,mom_12_1
ff5_mom,top_ew,-0.0033481732399477646,-0.6401487402258472,181,defense_space,mom_12_1
ff5_mom,mimic_ew,-0.003172917368472105,-0.5245199658156582,182,defense_space,mom_12_1
capm,top_ew,-7.425016480823408e-05,-0.020079538449361292,181,defense_space,profitable_growth
capm,mimic_ew,-0.004161055785977907,-1.2241282783627903,182,defense_space,profitable_growth
ff3,top_ew,0.00018417385181298805,0.04898242298503505,181,defense_space,profitable_growth
ff3,mimic_ew,-0.005200133072723571,-1.4876839870237366,182,defense_space,profitable_growth
carhart4,top_ew,-0.001382098241113844,-0.3714416496698626,181,defense_space,profitable_growth
carhart4,mimic_ew,-0.005498341884013449,-1.5315392852978338,182,defense_space,profitable_growth
ff5_mom,top_ew,-0.002383004405130237,-0.6510812036372797,181,defense_space,profitable_growth
ff5_mom,mimic_ew,-0.005607955712903263,-1.617242522448973,182,defense_space,profitable_growth
capm,top_ew,0.003237178342178006,0.8310531990470308,181,defense_space,share_issuance
capm,mimic_ew,-0.002340491471313761,-0.40178288645676313,182,defense_space,share_issuance
ff3,top_ew,0.0033494882023801043,0.8615379477539744,181,defense_space,share_issuance
ff3,mimic_ew,-0.0044083090369266284,-0.7407877581867942,182,defense_space,share_issuance
carhart4,top_ew,0.0027826860360753184,0.7063230001610719,181,defense_space,share_issuance
carhart4,mimic_ew,-0.0015439095038088959,-0.2774898155199441,182,defense_space,share_issuance
ff5_mom,top_ew,0.0020272873043352753,0.5214956630404135,181,defense_space,share_issuance
ff5_mom,mimic_ew,-0.0031585142225219872,-0.5545502224756684,182,defense_space,share_issuance
capm,top_ew,0.0007129773435643695,0.1809411496251496,181,defense_space,sue
capm,mimic_ew,-0.0022766334673582265,-0.703788490658195,182,defense_space,sue
ff3,top_ew,0.0012221727390996887,0.32017041132426444,181,defense_space,sue
ff3,mimic_ew,-0.0019843035229321175,-0.6184579849581903,182,defense_space,sue
carhart4,top_ew,-0.00017331056558546527,-0.047302936763439524,181,defense_space,sue
carhart4,mimic_ew,-0.00232336842933088,-0.6794213569971389,182,defense_space,sue
ff5_mom,top_ew,-0.0014318917080489344,-0.39732660201236114,181,defense_space,sue
ff5_mom,mimic_ew,-0.003129640835783312,-0.8749960399347612,182,defense_space,sue
capm,top_ew,0.0031971149287796682,0.8829239664095406,181,defense_space,sue_announce
capm,mimic_ew,0.0018928922444117246,0.6070505942681985,182,defense_space,sue_announce
ff3,top_ew,0.0033591616510145355,0.929329281067709,181,defense_space,sue_announce
ff3,mimic_ew,0.0011788931407085061,0.3814329619811085,182,defense_space,sue_announce
carhart4,top_ew,0.0017398764410758503,0.49445993982069053,181,defense_space,sue_announce
carhart4,mimic_ew,0.0005551826844730514,0.1769870976575156,182,defense_space,sue_announce
ff5_mom,top_ew,0.0008404104491810489,0.24163039326923225,181,defense_space,sue_announce
ff5_mom,mimic_ew,0.0004300426284569962,0.1327144959721524,182,defense_space,sue_announce
capm,top_ew,0.002567993309916749,0.5075203871132724,181,defense_space/defense,asset_growth
capm,mimic_ew,0.0023765222252374435,0.759803751016172,182,defense_space/defense,asset_growth
ff3,top_ew,0.003033342049047368,0.607600307366972,181,defense_space/defense,asset_growth
ff3,mimic_ew,0.0018722499247143653,0.6340904831565317,182,defense_space/defense,asset_growth
carhart4,top_ew,0.002558780832347936,0.4970049677720277,181,defense_space/defense,asset_growth
carhart4,mimic_ew,0.0027519533262577696,0.899099274056261,182,defense_space/defense,asset_growth
ff5_mom,top_ew,0.001509580858302171,0.29126634610386765,181,defense_space/defense,asset_growth
ff5_mom,mimic_ew,0.0016165438676671033,0.5069027418754053,182,defense_space/defense,asset_growth
capm,top_ew,0.003268953265792873,0.8045611952154258,181,defense_space/defense,capex_at
capm,mimic_ew,8.400552065182293e-05,0.029382319345410298,182,defense_space/defense,capex_at
ff3,top_ew,0.003945464405802869,0.9725534409664104,181,defense_space/defense,capex_at
ff3,mimic_ew,-0.00022039677965097462,-0.07771379188081383,182,defense_space/defense,capex_at
carhart4,top_ew,0.0034877580943822105,0.8526800663496542,181,defense_space/defense,capex_at
carhart4,mimic_ew,0.00029855230444278207,0.10593141861339408,182,defense_space/defense,capex_at
ff5_mom,top_ew,0.0029691382521337514,0.716616782075959,181,defense_space/defense,capex_at
ff5_mom,mimic_ew,0.0001865406965438181,0.06547135819519964,182,defense_space/defense,capex_at
capm,top_ew,0.0019189086620425807,0.4804618902190989,181,defense_space/defense,cop_at
capm,mimic_ew,-0.004504193338539537,-1.5583890265341822,182,defense_space/defense,cop_at
ff3,top_ew,0.00249455723357101,0.6297454705981463,181,defense_space/defense,cop_at
ff3,mimic_ew,-0.004410573603771,-1.5406627026447175,182,defense_space/defense,cop_at
carhart4,top_ew,0.0012528663861815278,0.31938156599033346,181,defense_space/defense,cop_at
carhart4,mimic_ew,-0.004924276078030023,-1.6966640968054567,182,defense_space/defense,cop_at
ff5_mom,top_ew,0.00027283373861733276,0.07035266625688363,181,defense_space/defense,cop_at
ff5_mom,mimic_ew,-0.00542556061901707,-1.8883347931918792,182,defense_space/defense,cop_at
capm,top_ew,0.003699683055478627,1.0103260722229257,181,defense_space/defense,dist_52w_high
capm,mimic_ew,0.0023756670389651216,0.5063955810647944,182,defense_space/defense,dist_52w_high
ff3,top_ew,0.004109831722692209,1.1241757548893478,181,defense_space/defense,dist_52w_high
ff3,mimic_ew,0.0013128592064915031,0.2769638027836805,182,defense_space/defense,dist_52w_high
carhart4,top_ew,0.002533916127590361,0.7088601579555133,181,defense_space/defense,dist_52w_high
carhart4,mimic_ew,-0.00018125942441938385,-0.03819307343611135,182,defense_space/defense,dist_52w_high
ff5_mom,top_ew,0.0015802423270830247,0.44411385984235124,181,defense_space/defense,dist_52w_high
ff5_mom,mimic_ew,-0.0009195624985182258,-0.18582498753424095,182,defense_space/defense,dist_52w_high
capm,top_ew,0.00318304885884068,0.8389261933783805,181,defense_space/defense,droe
capm,mimic_ew,-0.0011855636089717215,-0.4240172905205721,182,defense_space/defense,droe
ff3,top_ew,0.003766519308984088,1.0121074970621273,181,defense_space/defense,droe
ff3,mimic_ew,-0.0008669324234145656,-0.2983210612443503,182,defense_space/defense,droe
carhart4,top_ew,0.002159816360661028,0.5920077822371295,181,defense_space/defense,droe
carhart4,mimic_ew,-0.0019572381100894367,-0.6331019119483549,182,defense_space/defense,droe
ff5_mom,top_ew,0.0011917955186985412,0.3300767348178736,181,defense_space/defense,droe
ff5_mom,mimic_ew,-0.0021340793157960877,-0.6707599167579131,182,defense_space/defense,droe
capm,top_ew,0.002278699226864412,0.45367501319656073,181,defense_space/defense,ear_3d
capm,mimic_ew,-0.0008509449946536166,-0.2545748246596461,182,defense_space/defense,ear_3d
ff3,top_ew,0.002791291657886559,0.5696712091027729,181,defense_space/defense,ear_3d
ff3,mimic_ew,-0.0012034405961096329,-0.37155518547117095,182,defense_space/defense,ear_3d
carhart4,top_ew,0.0015600285603034354,0.30847001380650874,181,defense_space/defense,ear_3d
carhart4,mimic_ew,-0.002646438627795477,-0.8008396479352579,182,defense_space/defense,ear_3d
ff5_mom,top_ew,0.0005266659400147281,0.10335788229545737,181,defense_space/defense,ear_3d
ff5_mom,mimic_ew,-0.003155839723282877,-0.9811330554534181,182,defense_space/defense,ear_3d
capm,top_ew,0.004903324466439534,1.263321620065739,181,defense_space/defense,gross_profitability
capm,mimic_ew,0.002329518415239277,0.7719141776258741,182,defense_space/defense,gross_profitability
ff3,top_ew,0.005860991557224944,1.5606547478285144,181,defense_space/defense,gross_profitability
ff3,mimic_ew,0.0033551930246271547,1.1644254870834114,182,defense_space/defense,gross_profitability
carhart4,top_ew,0.004513253173886685,1.229748253191736,181,defense_space/defense,gross_profitability
carhart4,mimic_ew,0.0025538363940616725,0.8478869782496362,182,defense_space/defense,gross_profitability
ff5_mom,top_ew,0.0037965853364163105,1.0389272180647657,181,defense_space/defense,gross_profitability
ff5_mom,mimic_ew,0.0026947155168021036,0.8707109755295698,182,defense_space/defense,gross_profitability
capm,top_ew,0.005443177300832255,1.5222473285322418,181,defense_space/defense,idio_vol_60d
capm,mimic_ew,0.005598289613707602,1.2657055915508368,182,defense_space/defense,idio_vol_60d
ff3,top_ew,0.005298378517893489,1.4774261908960398,181,defense_space/defense,idio_vol_60d
ff3,mimic_ew,0.003705972860798471,0.813006107808386,182,defense_space/defense,idio_vol_60d
carhart4,top_ew,0.004827607633831842,1.3273512444460056,181,defense_space/defense,idio_vol_60d
carhart4,mimic_ew,0.003997537940269052,0.8427807859819468,182,defense_space/defense,idio_vol_60d
ff5_mom,top_ew,0.0040232319101055234,1.1206918409674367,181,defense_space/defense,idio_vol_60d
ff5_mom,mimic_ew,0.0033080582977720063,0.7081564345669165,182,defense_space/defense,idio_vol_60d
capm,top_ew,0.005683976410382467,1.4114469830598853,181,defense_space/defense,max_ret_21d
capm,mimic_ew,0.006199391982820293,1.7212079569126482,182,defense_space/defense,max_ret_21d
ff3,top_ew,0.005728567431456143,1.4188882229840223,181,defense_space/defense,max_ret_21d
ff3,mimic_ew,0.004372636224427006,1.207533537935052,182,defense_space/defense,max_ret_21d
carhart4,top_ew,0.0055332207306116555,1.3605981820799398,181,defense_space/defense,max_ret_21d
carhart4,mimic_ew,0.005150035316450247,1.3796262681390679,182,defense_space/defense,max_ret_21d
ff5_mom,top_ew,0.004173021670041791,1.0349398832868966,181,defense_space/defense,max_ret_21d
ff5_mom,mimic_ew,0.004446693332639398,1.2227693351811124,182,defense_space/defense,max_ret_21d
capm,top_ew,0.0035817823597237464,0.8433591071728537,181,defense_space/defense,mom_12_1
capm,mimic_ew,0.001965740118101561,0.43068630814780867,182,defense_space/defense,mom_12_1
ff3,top_ew,0.004538127858052357,1.0966335773277045,181,defense_space/defense,mom_12_1
ff3,mimic_ew,0.0019914834842291065,0.4292603503611649,182,defense_space/defense,mom_12_1
carhart4,top_ew,0.002058638412255141,0.5211044521745465,181,defense_space/defense,mom_12_1
carhart4,mimic_ew,-0.0009233265125243803,-0.1986211863602865,182,defense_space/defense,mom_12_1
ff5_mom,top_ew,0.0016018745210923957,0.4049982163075692,181,defense_space/defense,mom_12_1
ff5_mom,mimic_ew,-0.0012688331544830767,-0.2662850167613707,182,defense_space/defense,mom_12_1
capm,top_ew,0.002796289568987574,0.7338377238109975,181,defense_space/defense,profitable_growth
capm,mimic_ew,-0.002295963760872641,-0.7817956027162362,182,defense_space/defense,profitable_growth
ff3,top_ew,0.0031548451890114084,0.8184331571454647,181,defense_space/defense,profitable_growth
ff3,mimic_ew,-0.002628963076138977,-0.8596915187530773,182,defense_space/defense,profitable_growth
carhart4,top_ew,0.0020741088377277546,0.5470511461331322,181,defense_space/defense,profitable_growth
carhart4,mimic_ew,-0.003246591246951045,-1.022828427821592,182,defense_space/defense,profitable_growth
ff5_mom,top_ew,0.0014349558662203024,0.3780915407906562,181,defense_space/defense,profitable_growth
ff5_mom,mimic_ew,-0.0027032566313629582,-0.8819646012184451,182,defense_space/defense,profitable_growth
capm,top_ew,0.0036375816460258786,0.8766321499392755,181,defense_space/defense,share_issuance
capm,mimic_ew,0.0009225965387804013,0.29144022577532813,182,defense_space/defense,share_issuance
ff3,top_ew,0.003690656384397466,0.8958322812609191,181,defense_space/defense,share_issuance
ff3,mimic_ew,-0.000443457294970232,-0.1450899080157611,182,defense_space/defense,share_issuance
carhart4,top_ew,0.0034287100915099565,0.8156562300226012,181,defense_space/defense,share_issuance
carhart4,mimic_ew,0.0009004018033508401,0.2921912701769515,182,defense_space/defense,share_issuance
ff5_mom,top_ew,0.0024836195461140458,0.5920845964727252,181,defense_space/defense,share_issuance
ff5_mom,mimic_ew,0.0007223524004219097,0.22155418111435515,182,defense_space/defense,share_issuance
capm,top_ew,0.0024711539283934153,0.6262409619209421,177,defense_space/defense,sue
capm,mimic_ew,-0.0022541506840365703,-0.7302275962766469,178,defense_space/defense,sue
ff3,top_ew,0.002974371837347452,0.7444580680049545,177,defense_space/defense,sue
ff3,mimic_ew,-0.001978336938716784,-0.6379520759484407,178,defense_space/defense,sue
carhart4,top_ew,0.00149161860368115,0.38057989315791946,177,defense_space/defense,sue
carhart4,mimic_ew,-0.003186455913669852,-0.9730873749682393,178,defense_space/defense,sue
ff5_mom,top_ew,0.0006873675438378264,0.17555572034180567,177,defense_space/defense,sue
ff5_mom,mimic_ew,-0.0033653083606672513,-0.9808103026773191,178,defense_space/defense,sue
capm,top_ew,0.003239960222758818,0.8281335380312154,180,defense_space/defense,sue_announce
capm,mimic_ew,2.404184678229465e-05,0.006624661145211652,181,defense_space/defense,sue_announce
ff3,top_ew,0.003448663858574961,0.8738575307009525,180,defense_space/defense,sue_announce
ff3,mimic_ew,-0.0006038375239187916,-0.15998840212931345,181,defense_space/defense,sue_announce
carhart4,top_ew,0.001384184790494877,0.3626393183343401,180,defense_space/defense,sue_announce
carhart4,mimic_ew,-0.0022179070367514754,-0.5610377147119856,181,defense_space/defense,sue_announce
ff5_mom,top_ew,0.0006263158767446767,0.16344232484879545,180,defense_space/defense,sue_announce
ff5_mom,mimic_ew,-0.002168704268387698,-0.5401241013041063,181,defense_space/defense,sue_announce
