factor,asset_growth,capex_at,cash_runway_years,cop_at,dist_52w_high,droe,ear_3d,ebit_ev,gross_profitability,idio_vol_60d,max_ret_21d,mom_12_1,net_debt_ebitda,ocf_ev,oil_beta_trend,profitable_growth,share_issuance,sue,sue_announce,scope
asset_growth,1.0,-0.06793848734266372,-0.03311669309594692,0.016185266213971344,-0.04341494413416859,0.10425884299002741,-0.0005379376754326359,-0.0279035297651776,0.05924054340135335,0.10950177059154421,0.10026849280070066,0.14793553942678017,-0.18426697757389104,-0.17441141922480957,-0.06337977229856408,0.33322977534977094,0.371748387286458,0.015210876391782733,0.1401051568932182,havuz
capex_at,-0.0485594877709353,1.0,-0.1515124977472391,0.2679274004706754,0.05657683670400732,-0.023149642739532687,-0.013339153356652247,0.2361783295008934,-0.005448636525799096,-0.12421188664485923,-0.10988004534144918,-0.08304682741538905,0.193532057837174,0.3758450821669743,-0.014125223823303262,-0.2681223306869739,-0.13062286784973937,0.047368069533257263,-0.08447413756582109,havuz
cash_runway_years,-0.06063386841678506,-0.3039592552912829,1.0,0.558430221358349,0.1982073291120931,0.05975089120634659,0.016400831171869575,0.4027061226657048,0.2818229045482569,-0.3179646092544974,-0.22628289651174896,0.04475546951152022,-0.32892873841995907,0.40379378611026645,-0.010706913329507007,0.3526560708793814,-0.3734103765218834,0.15907452478112505,0.18990249159090417,havuz
cop_at,-0.07219228739754947,0.2272520717206413,0.5965625755913502,1.0,0.21364543051541968,0.06351462301863098,0.021702492909109247,0.5704629786483958,0.4802991929087221,-0.3375257393681112,-0.2469276128321987,0.03728265331862927,-0.4296138308060733,0.6614243325616896,-0.06790653812781665,0.4217488061377943,-0.45593639347274195,0.22638239653882658,0.245601914090523,havuz
dist_52w_high,-0.10928742096817548,-0.02519263420780701,0.2203114664009121,0.2736366542024771,1.0,0.11478634018470382,0.23742724411004115,0.23586705569251903,0.05960223908049393,-0.5578858799724552,-0.3505558129657734,0.4817620919341011,0.10230043771446558,0.11103714713903544,0.11341816626645576,0.03973978743933489,-0.22063212352972336,0.19625045547047454,0.22790774285866566,havuz
droe,0.14173806126981964,-0.015777028289819067,0.048085157276022396,0.08356186473175202,0.05714014073268943,1.0,0.09078284199014044,0.08074967317822095,0.048793831755087516,-0.03758778639542884,-0.02009402470898383,0.2123282295779828,-0.0426274710481355,0.0046846755091067725,-0.02817285305540885,0.13493329990296346,-0.007472043550575927,0.711666453775236,0.41900891395689815,havuz
ear_3d,-0.0038011206634412623,-0.012235236465272898,0.008412480719709669,0.0026340789131902814,0.227567423708328,0.03617826504414862,1.0,-0.026136958218569414,0.02768499129928221,0.024275088564380817,0.13066797347060213,0.11440266645626412,-0.03867494534627942,-0.0390999561673971,-0.007185207886389251,0.02949212047492025,-0.00362036648649827,0.10104473697490089,0.11897056567621868,havuz
ebit_ev,-0.04195843129038497,0.11847194020920099,0.37850762680339695,0.5622676102964379,0.3120074068964161,0.11833550852560125,-0.005272612127817544,1.0,0.10876740256638318,-0.46673209032827834,-0.3922279461104352,-0.029665758824834337,-0.06298997938304804,0.7142103378524353,-0.10072224900027217,0.04701870897797015,-0.5090848675176849,0.2119615685753328,0.1302603123037291,havuz
gross_profitability,-0.07834425722850233,-0.038396268620457676,0.2397538718556784,0.3550148064559531,0.05442381464502377,0.02561373370251672,0.02598803223545205,0.12161517394129426,1.0,-0.04934690208770209,-0.0256130740152221,0.07011070782451134,-0.49032156237747476,0.035679203265417195,-0.036873493511507587,0.17746544167875175,-0.15242781681720716,0.116825383303178,0.17144730260662167,havuz
idio_vol_60d,0.16588631247660782,-0.012318419188516724,-0.34357945533084006,-0.4640005263355202,-0.5041161000626819,-0.019465566617368032,0.05616515586921035,-0.39073042101402344,-0.042706901865460695,1.0,0.7401708687312006,-0.05065586321797647,-0.19152295009161147,-0.33217658945010003,-0.04550813874994171,0.017248206968487157,0.42117946771461584,-0.1559621613743025,-0.1808237510650503,havuz
max_ret_21d,0.11438460086055198,-0.025501591515280798,-0.2196770972285411,-0.31683704400982426,-0.2541287863975944,-0.010501991751285873,0.1995191047157843,-0.2622175257300385,-0.019641381299390016,0.6736990518093484,1.0,-0.04860386093876946,-0.19757058690303228,-0.2987586966856099,-0.0449704238136145,0.042644422958865585,0.3278434512825015,-0.1056635937858082,-0.10166521690879782,havuz
mom_12_1,0.18777363036498665,-0.07800668943883718,-0.03393747224477232,-0.09075260888557442,0.32295384928348453,0.13039170417957,0.114548349122739,0.015118016396436987,0.04571936705552247,0.15063331706195143,0.05941738767859595,1.0,-0.09024801753407762,-0.13936151745504793,0.12000593277342557,0.158152678928038,0.09652074138163581,0.17432245184143785,0.2318538463622455,havuz
net_debt_ebitda,-0.027051228757405555,0.13197542965783776,-0.2320251104298848,-0.21606570895913577,0.03637139109047465,-0.03767336739965712,-0.02551717796602655,-0.07818890610244755,-0.2882965134067725,-0.07075536371162906,-0.07524666558642977,-0.05295013908179893,1.0,0.027285751551570668,0.08318685781364096,-0.22331427034383816,0.08825302342201755,-0.08773804643464808,-0.13265633236714014,havuz
ocf_ev,-0.11525348610745237,0.3135392325469255,0.40353006805525804,0.6736843835891967,0.18051377844654165,0.04147915134986309,-0.019394082632093218,0.7248938910373623,0.04878950355565693,-0.3100912494269971,-0.22216699508066692,-0.08171297973187168,-0.021135066057072417,1.0,-0.07367422728805871,-0.039107498270681273,-0.46493485195230144,0.08890227872031566,-0.04362773546026101,havuz
oil_beta_trend,-0.025933300793147256,-0.03767347160952349,-0.005519083629909658,-0.06474860481764003,0.11141699358162314,-0.015598394939781197,-0.0064037319987855345,-0.09558461190620152,-0.031053160038758427,-0.04711275992950689,-0.042679371971854084,0.09920767926106701,0.06090256032552376,-0.08339727507575799,1.0,-0.06683645160918245,0.03120533446922297,-0.013907750679531,0.003201662580605419,havuz
profitable_growth,0.25696330546852064,-0.2305031013845575,0.3518775052354745,0.4224995650424645,0.04334017941456856,0.06736639064028802,0.027929458341351552,0.09729893430027187,0.15771313524679414,-0.000194854366820466,0.00937479168992376,0.15228679709983883,-0.14761208932096492,-0.019084258453563402,-0.06575645197480816,1.0,0.10053848643205197,0.2092118184352415,0.31699095591411613,havuz
share_issuance,0.39875247924861523,-0.027433717223017566,-0.21833719912815772,-0.2843535926907181,-0.14713785317843728,0.04848019306043748,0.005719222534473965,-0.22254421826523896,-0.15402409498119332,0.2673389685020541,0.18108367211937462,0.15691853677676726,0.07526831750333174,-0.22892636982070974,0.007589440393184813,0.07525611482423954,1.0,-0.10821268729474062,-0.10212425251696598,havuz
sue,-0.07773114861425605,0.018463203513603404,0.17045931400646203,0.24637805261828766,0.20070138262392412,0.3586138403245005,0.0869974946845721,0.1993815045841946,0.12050996130813954,-0.16370929791077307,-0.09528296051232586,0.09004080121262892,-0.07356449494233339,0.11424977436348914,-0.020628187014831805,0.2110599272524349,-0.10117121703420753,1.0,0.5830435032969948,havuz
sue_announce,0.03123220921173807,-0.10037744899406535,0.1930228435334344,0.21302569051307949,0.21712423288300012,0.17025567657680354,0.10036557389235422,0.12246236344459892,0.1557294450764804,-0.16818732842141146,-0.08541190526986336,0.13974080335306477,-0.08751008140318954,-0.009825763657849523,0.005009119825884992,0.31758830428320434,-0.066355104660352,0.558137704941432,1.0,havuz
asset_growth,1.0,-0.09303054407753794,0.058353054953529146,0.03641351687353396,0.010179644733221043,0.003926282383284626,-0.07164706158786344,-0.12323854250879937,-0.054802306634789966,0.06287882691819686,0.04806374495265948,0.1552029694348757,-0.2195178843485034,-0.2694327371498874,,0.373390124617078,0.32941389220607786,0.09903787966958238,0.11605109269346116,robotics
capex_at,-0.06205841738754236,1.0,-0.198649801767676,0.13386407542018924,-0.0716678488349591,0.05661527513709782,-0.015570693739913634,-0.10851704371950142,-0.0300411418113141,0.10419421393536911,0.11240145450496922,0.02005106663265946,-0.20918952405049937,0.02161275926790029,,-0.11256650648885977,-0.08900714708724962,0.01609704139711135,-0.08306271420307258,robotics
cash_runway_years,-0.015701231244999853,-0.29763717789017985,1.0,0.5898379901964339,0.24916521340901743,0.032710338749243666,-0.03329231376992181,0.5528077175542477,0.3269713140763989,-0.4258679949760624,-0.3064326282791918,0.03325004771665864,-0.23653534841049462,0.5816073457846528,,0.19483066800375484,-0.4040499320682376,0.15173985404226964,0.006604071426122256,robotics
cop_at,-0.04442626792968662,-0.03313010976347103,0.7298581275516561,1.0,0.2885553571719071,0.028738158841769806,-0.02439036961463983,0.5003445266890231,0.6359502900910021,-0.4787473788200449,-0.2929540473184619,0.10592251147513086,-0.4050007333534901,0.43805945792478845,,0.477178696581672,-0.5136573854350914,0.16290781286421463,0.11625112909435784,robotics
dist_52w_high,-0.04602883629632201,-0.12622921969543596,0.2917918880192733,0.28450634950516357,1.0,0.0751825400419056,0.29160773049501093,0.26644890322682424,0.1970788859049918,-0.4790625442787216,-0.2406349530368385,0.38753318566186434,0.027470221765664084,0.12898227081670555,,0.07441325538445798,-0.25272323169275496,0.2096349168202629,0.3258123855172188,robotics
droe,0.056185847452700166,0.0066865014851772925,0.08488980476308121,0.02914577222103465,0.011609673927444737,1.0,0.05608024515881033,0.019359263000447203,0.07484305513532921,0.03779877452723707,0.05397609458025452,0.25241703627539847,-0.01001388389256729,-0.007117398615882104,,0.10709565686277017,0.03660586199392323,0.7303317500222737,0.4887667331950335,robotics
ear_3d,-0.03725780989186637,-0.022218796097506578,-0.06555942244221181,-0.04691154231542878,0.26502204399023843,-0.024116902884044715,1.0,-0.022429171617688367,-0.0068536519919216755,0.03780496118902323,0.1232676564139706,0.1255490007047869,-0.03501979756458064,-0.05918001748178322,,-0.019489974173913658,-0.0008442983860853187,0.06938123931086819,0.1058551896065756,robotics
ebit_ev,-0.006845665767783131,-0.21386617552967577,0.5999473945345192,0.551844835765704,0.2916091745513418,0.10288955805359722,-0.05564745458504539,1.0,0.29299939249899004,-0.4974606565162958,-0.3695373879274961,-0.002075731445096492,0.17841643164617998,0.746668982767422,,-0.09674370685706625,-0.6216387420879781,0.13473439141848434,0.17455977878480053,robotics
gross_profitability,-0.12623854505031715,-0.1634444169121943,0.37252132124917225,0.6452805078239133,0.22206446078904224,0.07568750451979796,-0.04227309013366549,0.3085102668795563,1.0,-0.3313148361541449,-0.18740752575656008,0.0970239336915663,-0.3043971627217473,0.18233080964929266,,0.2733451971728528,-0.3708500231020563,0.08817465343003941,0.06588379699293427,robotics
idio_vol_60d,0.10042145646905204,0.16147701065157274,-0.4855383202364487,-0.48354842088191147,-0.4360469130086351,0.05523108045978824,0.14589109778379267,-0.4233980131003179,-0.3728792671264486,1.0,0.6105494156159984,0.005728430238873235,0.06367894142912824,-0.3591795027912559,,-0.12110522781510957,0.46158831412958423,-0.11530917880909897,-0.18634060143602138,robotics
max_ret_21d,0.053896738300885524,0.15980311099941744,-0.3186895801977767,-0.31309268114034305,-0.18199316579352723,0.05537400200358485,0.2518543093760711,-0.28659409521010903,-0.20915408160087173,0.6213398509125263,1.0,-0.01725736067855861,0.017974286532151773,-0.2950413445691038,,-0.06282248250275813,0.328116251349058,-0.06255969512729449,-0.09020744538748039,robotics
mom_12_1,0.14026784167398135,0.00297423332149181,-0.002867958824185755,0.021636360363763252,0.3117962734474858,0.1208573638476367,0.17889822859462234,0.037385513466154596,0.02894845752044819,0.16983338390102656,0.07095695238025695,1.0,-0.11181808144768417,-0.1377271599417948,,0.17629365891894538,0.07126725679255191,0.259745956450274,0.3726252533064973,robotics
net_debt_ebitda,-0.02614005215075599,-0.12660986802940896,-0.2610097595185854,-0.2961436005750995,0.13768307169583885,-0.056998063210496844,-0.04238688374930904,0.09428968695701917,-0.2246180617274814,0.03646744402960165,-0.005142341460415236,-0.03199906519142749,1.0,0.18534905228296206,,-0.2865762853438839,-0.002112713151423892,-0.050684654252734045,-0.03587491084709709,robotics
ocf_ev,-0.13233401543979853,-0.06195374765954842,0.6005727042134079,0.5019141161190916,0.1561277398933648,0.01257614953242267,-0.08309171932270844,0.7606769070371558,0.1876979899330302,-0.3550718837037371,-0.27505429162495815,-0.10315177695820381,-0.019307307476692993,1.0,,-0.2040364837604169,-0.5376204986262321,0.013465566689928593,0.03460393661138908,robotics
profitable_growth,0.3143793221415518,-0.09470416710292158,0.18997051940697943,0.5086715996897629,0.035970113215081936,0.034599377788928375,-0.022472956604812175,-0.07861394101891371,0.2853103388745732,-0.09076347427278281,-0.04138837013799143,0.1570092671990318,-0.2604236737436786,-0.1743465419933964,,1.0,0.06355576956602267,0.22809408742753734,0.20133531350351827,robotics
share_issuance,0.39017466291110714,-0.07326859586618534,-0.35178251761418566,-0.3972989387249738,-0.18267931374537708,0.02534871711640929,0.013598330828528408,-0.39674684554208045,-0.32745744724343856,0.30719544329269194,0.22239530175556396,0.10486419775751543,0.0284683495548192,-0.36701599085951403,,0.11208068452004684,1.0,0.0031503760641144666,-0.005744902350057827,robotics
sue,0.033850863682864364,0.021129244845879098,0.17357574158038605,0.17561402961012715,0.21872857386825428,0.5102512467381258,0.04244576640555343,0.12796793071600887,0.10185312414750558,-0.11073486721806855,-0.043729489075043156,0.20262166492852515,-0.04428840591946438,0.021399636674341263,,0.2308132715363552,-0.010076246729290481,1.0,0.5876254638829022,robotics
sue_announce,0.08443722451459723,-0.05564625585900325,0.041848020217275524,0.04922622938701328,0.32540824457047496,0.31484477259266935,0.08496228401294739,0.13706288010380596,0.0739638742446015,-0.1709184696178762,-0.08821022642708451,0.34640477362600874,-0.02177836764708346,-0.01197578633568099,,0.24873001158084443,-0.023927402534479558,0.534351357188634,1.0,robotics
asset_growth,1.0,-0.14823973784667738,0.10973895178282089,0.08496604284265227,-0.040561205129450724,0.29849758192302184,-0.0012016582212089125,0.08236950517462788,-0.04009318897479199,0.08995130989404009,0.07880669619273041,0.2108374960530524,-0.2629032595477938,0.00753890624804559,,0.47776997256127984,0.4175093030875745,-0.08359936197844005,0.045287734081522764,biotech
capex_at,-0.13062565906473506,1.0,0.14066624756812793,0.25814104379958364,0.11159868701236994,-0.03414598890805095,-0.004549772426678856,0.16957220627460132,0.22011115198448072,-0.21539821197205256,-0.16815482693771552,-0.11665604186877741,-0.015150854369178365,0.2015236048319356,,-0.34128157452511293,-0.23619623904134987,0.09155516965625257,0.11143202888202118,biotech
cash_runway_years,0.030660268505231795,0.037222297709197195,1.0,0.8634203724672319,0.34851903632592346,0.14769936884399965,0.030076733702826215,0.7143142534441118,0.31037194009622254,-0.5797356682008877,-0.4682038594560404,0.009045952344103547,0.01710057604613873,0.8059682035310345,,0.18761609116418093,-0.5051443966374232,0.25391253863817936,0.2816283556314516,biotech
cop_at,0.05907883095395902,0.12393845566056676,0.8520632573523415,1.0,0.35592440134979736,0.1321340064091987,0.020320980595909303,0.763317160111088,0.4875744612475522,-0.587541102995406,-0.47465241045301154,-0.0011386784002052899,-0.22150053620141077,0.8483389971932151,,0.5535047688514612,-0.5677510154959323,0.3021251254803411,0.32210601814980877,biotech
dist_52w_high,-0.07869778034200019,0.03653547144938615,0.3495906504700999,0.3295919498677358,1.0,0.0797959182776142,0.2003037800572453,0.43975048864884775,0.1543956859009414,-0.496952538677563,-0.31123551464298815,0.42147784853264164,0.10153218156711306,0.4057305805664013,,-0.022466614055415973,-0.27735052401836285,0.17214353902081242,0.23750714149267774,biotech
droe,0.24797150467862547,-0.04662322599475301,0.10511779024549243,0.14749006991013683,0.038427019741930676,1.0,0.08556829662487665,0.14746125236045496,0.0694249110723668,-0.047616661162443036,-0.03547947071427455,0.17215290130081792,-0.08227804990830023,0.09825890292045619,,0.10707065919025871,0.07072085699004077,0.584153938749669,0.42692654936627483,biotech
ear_3d,-0.01878215452638719,-0.007453307980544247,0.0121914034382034,0.006369139705665346,0.1938237819027653,0.033411355156610985,1.0,0.0405078973797736,0.013326871143997894,0.016418813676209437,0.10526855496356642,0.07308816870769554,-0.03456836150941451,0.019761077409175508,,0.04252131813875368,-0.0297856920917587,0.11374172841991571,0.12469578253189102,biotech
ebit_ev,0.058347414444355934,0.037362297501773216,0.5303006912039523,0.5407297865037682,0.4399721022987122,0.13694068057907188,0.034085293433299954,1.0,0.36737000898597605,-0.5957890449727175,-0.47894619694269236,0.0905505710116476,-0.01381897644790668,0.8722424052695041,,0.1655144307462159,-0.5302364493661743,0.2771600686875696,0.2764110969787918,biotech
gross_profitability,-0.12622557689699887,0.18352033421823047,0.2786586782535373,0.3835878467463411,0.11262872949325986,0.04479809170192075,0.01982268969652805,0.2812166980811956,1.0,-0.18358832033344047,-0.15556973688865908,0.044601581201676656,-0.3707230947313067,0.32204894226680414,,0.17289005223795925,-0.28374877191591347,0.21199716315543063,0.1647756623264773,biotech
idio_vol_60d,0.09748368671161002,-0.07707818691466874,-0.475809071614411,-0.4781139377899166,-0.3689214096164882,-0.018603020750212012,0.05755695695295589,-0.34351586638503523,-0.10085464769071925,1.0,0.7236980801702341,0.04337825393003463,-0.23099653945170928,-0.5907535650230952,,0.12776238802575862,0.5361640386290577,-0.19168288968319264,-0.25544859885144156,biotech
max_ret_21d,0.05478669998625741,-0.04836889367649293,-0.32322473221846887,-0.32667384615003936,-0.14904350894788293,-0.017299110064210116,0.1494246327351737,-0.21019248445990318,-0.07635999212351005,0.6350940139941904,1.0,-0.00032931974802430033,-0.18108221153440524,-0.4862359064411679,,0.10229182275556595,0.43318600161369514,-0.14184097854809474,-0.2057867048156027,biotech
mom_12_1,0.23151984270689815,-0.09075741155421216,-0.0844888052922972,-0.08198245441894803,0.2769730845442216,0.11434092159582797,0.07721697815354772,0.09089748047476547,0.0178349838333759,0.19659764293167384,0.05745637560301344,1.0,-0.1106723344076374,0.03175288310786809,,0.1839343576945984,0.21271616398156729,0.05392640113308023,0.09594498440132253,biotech
net_debt_ebitda,-0.021736009817586638,-0.08451351482810955,0.05059696949070926,-0.08824450550824962,0.04122614936250633,-0.05081730840846642,-0.04157720833391681,-0.06439264341079926,-0.18722909151023562,-0.1054825083203945,-0.07296008601232484,-0.06815503039463666,1.0,0.0846139919436476,,-0.2718956044275213,-0.1898204527342878,-0.09540567113540215,0.1139283111653408,biotech
ocf_ev,0.03939434672157729,0.05205872840480863,0.6346714194907573,0.6486072262136656,0.423401745168425,0.09724819047638836,0.024792596163125426,0.8746461280691924,0.26084628555302997,-0.360188216557966,-0.23139954635047408,0.056540309923851666,0.016452778240288984,1.0,,0.16879008563119102,-0.5675825928676278,0.24255178588707774,0.22447721355298947,biotech
profitable_growth,0.40815070324636304,-0.2634329341690379,0.19416276612369313,0.5663243555120546,-0.02827451107723372,0.0946424541391226,0.04358660807463553,0.21389948835692923,0.17984728842346018,0.11800438293672105,0.08314157322783476,0.18036674126739344,-0.14630546162732855,0.22734614397683378,,1.0,0.1800517692536492,0.1939108578887753,0.2719119234738818,biotech
share_issuance,0.4616909101509597,-0.10697656537116092,-0.3411509111533514,-0.3529175425822685,-0.1631526755804717,0.09828238544357659,-0.017542839126198962,-0.2221962441686697,-0.22652446105453794,0.30786499943851875,0.2067190133149147,0.2718146551101121,0.015566490898973778,-0.25927517856943133,,0.11834914166971196,1.0,-0.24368968590004095,-0.21768149350671404,biotech
sue,-0.11224059081327217,0.05584234698599423,0.27703084002883943,0.2683552979862888,0.16213625868076664,0.3349828193865994,0.09462719080697624,0.19539891510671267,0.21317883476282004,-0.15953775907532797,-0.08614762764128629,0.005728783321094724,-0.07025943282094928,0.17213111693189245,,0.19414201443881401,-0.1810917513271788,1.0,0.6558878375619527,biotech
sue_announce,-0.002494660507590883,0.10609486964492898,0.296526839867718,0.29303749778754395,0.21890929318046135,0.2533734999293048,0.11505178580045092,0.1991057980626406,0.16113809153767228,-0.226922642952721,-0.1480316203821643,0.02209310866727476,0.04321934446409354,0.17370491331139254,,0.25838393120115116,-0.12625745800528246,0.6300002071319379,1.0,biotech
asset_growth,1.0,-0.14933944747367808,0.16076447209993996,0.1418125777975724,-0.02522188636911158,0.3372168459611788,-0.0010755932407097175,0.14770085070726202,-0.00019349365493917647,0.06343204804966884,0.05576392548189077,0.2190605074015628,-0.2753695499241307,0.0681568804894419,,0.4958676045689951,0.4063399903210288,-0.0722656793522895,0.04142240440213,biotech/biotech_all
capex_at,-0.1254756354146978,1.0,0.08259800257860002,0.20040632410884712,0.07967497183379957,-0.048682002664482325,0.00286901334828133,0.12253928700440316,0.18547187330824177,-0.18731754535769266,-0.14046124441195987,-0.11885783188371282,0.0017674151658848688,0.15396459380878127,,-0.3559839871829962,-0.19497996967209474,0.08561067868258035,0.07437180649462255,biotech/biotech_all
cash_runway_years,0.06768062098631103,0.01452439538752529,1.0,0.8766125476863659,0.325429893511616,0.16326258441879882,0.03836832509024884,0.6928316316394272,0.33687748670574813,-0.5492323559183625,-0.4411376866275668,0.02281771162373597,0.0023374778225169154,0.7984527390219188,,0.2279453744846146,-0.463564362129173,0.23200351854892504,0.2583271239081546,biotech/biotech_all
cop_at,0.0989251081692794,0.09359035336405813,0.8513251484563821,1.0,0.33231741111372476,0.15224896920332118,0.03568713589163982,0.7552662222760428,0.47782988292720635,-0.5720692678127218,-0.45308140579482037,0.0038457255845752805,-0.16072261848600944,0.8430747363816529,,0.5613418814406955,-0.5335480065186141,0.28694121984991616,0.2935608393164818,biotech/biotech_all
dist_52w_high,-0.06399685056417738,0.013235944409851432,0.32817575784792263,0.31225997237132547,1.0,0.07280917335520554,0.1892781632522503,0.4347424163259999,0.16022200755848462,-0.46060720193824584,-0.27653534724260265,0.4276978634375992,0.07684878166022617,0.41481079644991087,,-0.0432097310409831,-0.2512783661702198,0.13249173155926527,0.20996875821627337,biotech/biotech_all
droe,0.2691764737937058,-0.04842280241026798,0.11281044168460039,0.1538350540067691,0.035487578084716934,1.0,0.08803473577367127,0.18251752687753628,0.07531150009577009,-0.05123323164970905,-0.03970871805602982,0.15822862775529856,-0.0728627722344274,0.12312916454810297,,0.12822975587944493,0.09353466702180942,0.5661601175718992,0.44869692753640095,biotech/biotech_all
ear_3d,-0.01930537471104783,-0.0034316079704823804,0.021800980477047344,0.015573439179010985,0.18370360369004204,0.03137949458820311,1.0,0.05467997874528765,0.025560927321699973,0.012227789884561148,0.09802122321171391,0.0670195417911617,-0.046727300008368555,0.034406250823675946,,0.025486541117277526,-0.035633778990335464,0.12525931974738902,0.1351107491880159,biotech/biotech_all
ebit_ev,0.08670031167098038,0.01974014707811331,0.5053135275620184,0.518202010618111,0.42557768358979176,0.1459687904163673,0.04150327068935265,1.0,0.38575417232355746,-0.5543369915841205,-0.43706414280903366,0.130360851024059,-0.01922837330072179,0.8781820295193896,,0.20049622157589816,-0.47358968432466536,0.2836704934307777,0.2739848385609982,biotech/biotech_all
gross_profitability,-0.097049228611154,0.16167122777403664,0.30321342068000534,0.3822189880383563,0.11768226014236387,0.04269266032776902,0.030334317741575214,0.2956569115439321,1.0,-0.20392080631274645,-0.16064909208575126,0.04406523269900821,-0.3341794205782985,0.3368304189489101,,0.15722905714383212,-0.27141840717197063,0.2171761896544716,0.16118817133814248,biotech/biotech_all
idio_vol_60d,0.07674416570391342,-0.06474121904896839,-0.4470602591060902,-0.45673587114983477,-0.3332700028917492,-0.019710490860624878,0.05341945235528067,-0.310526220814949,-0.1152953816131894,1.0,0.7011188613801854,0.047115556820145156,-0.19685773464341222,-0.5657663857743788,,0.11366204035105072,0.506558132659348,-0.17120400381163264,-0.22674779174101806,biotech/biotech_all
max_ret_21d,0.0380513328758804,-0.037669819358235594,-0.30426483823327116,-0.3106901156386739,-0.12267323847209845,-0.019852192890616172,0.1399477243467524,-0.18946339788998348,-0.07917052989409876,0.6244550897931174,1.0,-0.003686201836917337,-0.17160693589284753,-0.4594539117164675,,0.10030354776868125,0.400809926855763,-0.12324719063985601,-0.18615192382479614,biotech/biotech_all
mom_12_1,0.2424735858135327,-0.0876450016747169,-0.06350399988077104,-0.06266586659573274,0.29059791232145815,0.10463962995125116,0.06949194375419764,0.10977060699922021,0.010984533846102401,0.18938990721818752,0.04408097781040509,1.0,-0.09661781415783431,0.0770504414003242,,0.14818048713173979,0.22421382354255148,0.02059740534537064,0.0790180218546197,biotech/biotech_all
net_debt_ebitda,-0.05073316166938443,-0.05945887605663484,0.04544494566572625,-0.08507604807163112,0.02455506846519142,-0.04201109474739021,-0.04261157806067312,-0.08953700667436261,-0.18625328051928594,-0.07203770250948033,-0.051309776834190184,-0.05717803138242346,1.0,0.08975249493727806,,-0.2069674183387718,-0.1970570072183725,-0.07691499373290808,0.11819359504958887,biotech/biotech_all
ocf_ev,0.0709861643627734,0.027104632088878346,0.6179937558714979,0.6291611266280885,0.41900270761771086,0.10387484858968371,0.03258258497159824,0.8727578659801241,0.2643470245903289,-0.33229695849321633,-0.21320968152584951,0.08015346835181411,0.004780708307296078,1.0,,0.1838447915684975,-0.5256483057168053,0.23740884069948273,0.22044557379794946,biotech/biotech_all
profitable_growth,0.4305898144800864,-0.29196831982963256,0.23940858415230964,0.5666864022694519,-0.03255748214341119,0.11864284718724263,0.02817718503857781,0.22789813493958075,0.1498125160605663,0.08480672316378642,0.069643938336545,0.1478108699551721,-0.11891551659049279,0.22157154694029504,,1.0,0.15746243187693176,0.20240886811055503,0.29331824013957314,biotech/biotech_all
share_issuance,0.4395536061541264,-0.09227372796166063,-0.31922278013812294,-0.33210902415734844,-0.15117335836796958,0.110328303111812,-0.027282909509510282,-0.2015590864935092,-0.22211485276917942,0.29009039100008616,0.19032743837396782,0.26767281536540677,0.00860712508417049,-0.2379548261236711,,0.10940732851620039,1.0,-0.23844048831470233,-0.1992488947629914,biotech/biotech_all
sue,-0.10027416819782241,0.0628204431605519,0.2653504220408641,0.2540792053792627,0.11900862512631528,0.3387094275122667,0.10507098313262705,0.19408114967747586,0.22186323581809225,-0.1334680976145913,-0.07010681302032384,-0.011526845633298944,-0.06944406153829548,0.15589595809977635,,0.20272986120849815,-0.16896680691416946,1.0,0.6903242532263889,biotech/biotech_all
sue_announce,-0.0032675879020854673,0.08914170915778111,0.28401076112487494,0.27759711140126553,0.19425373931169349,0.27736188440042225,0.12051208534353462,0.20551036648719678,0.14673382939325344,-0.20911986186280002,-0.1334213118356861,0.020669429837235426,0.026116767943442445,0.1747124130660034,,0.28199708529635803,-0.11735466593853588,0.6615557515231703,1.0,biotech/biotech_all
asset_growth,1.0,-0.01384642537238443,-0.06032298551871159,-0.05956143704625435,-0.055511609381377454,0.07376184500997203,0.013733849477526507,-0.10140979893695734,-0.1335487176347213,0.1324733426515381,0.11897418685009267,0.16983599653260384,-0.1682143006352476,-0.17674273239565877,,0.3929391123920128,0.4053674955397612,-0.05234075993197752,0.1584003032492377,biotech/biotech_tools
capex_at,-0.04643321739926415,1.0,-0.00741748374265469,0.2952176679275843,0.06272981871291197,-0.02153856201900951,-0.03422537350339433,0.04871724845563286,0.3997077123150694,-0.02472625917473596,-0.04863925787606149,-0.0072637206051383045,-0.2719024520432466,0.06957299971999432,,-0.0620832884960564,-0.13711391130400583,0.058689452516443405,0.24117440145843527,biotech/biotech_tools
cash_runway_years,-0.12238744111945707,-0.13252080864051904,1.0,0.7009655029360895,0.3675557757246958,0.0378663917447939,-0.01481607272988883,0.6631746008874069,0.28242438118070007,-0.5492624027557556,-0.45811850799046083,-0.003551266013975991,-0.013899998337504053,0.6908905484612254,,0.21588202221221517,-0.5350036386717694,0.27419019663280825,0.3027299597512305,biotech/biotech_tools
cop_at,-0.13585193367994214,0.06522168295729389,0.813484829118178,1.0,0.31424015939558797,0.04809966883404536,-0.03832990286273135,0.7093954899935005,0.5471723951445395,-0.43006338649690584,-0.3991411399998082,0.045776793291076014,-0.3263416844675693,0.7106099539588305,,0.40050037860940113,-0.5978956542682305,0.31667135171253735,0.4298052287598972,biotech/biotech_tools
dist_52w_high,-0.11872558908395547,0.01275751738066258,0.40597880436666123,0.35608568243207755,1.0,0.07654722698646314,0.2532716379354296,0.34521406743667576,0.06864375689657813,-0.5534532695520101,-0.3174007717906848,0.37699778023964275,0.14394434425304167,0.27398189823859115,,0.08740835876732933,-0.29121551618676156,0.23241638270792606,0.263246334948093,biotech/biotech_tools
droe,0.08973731524968762,-0.08055370950262968,0.043579978273009266,0.07989624149256941,0.049209197400638234,1.0,0.10679486499180285,-0.006481661000530341,0.0413147695446141,0.020768399817460377,0.02295685200865686,0.1986031642158843,-0.04813407952538705,-0.01643403089486423,,0.0725394902719079,-0.0127280853231284,0.6805120434847166,0.31994974021623446,biotech/biotech_tools
ear_3d,-0.015638903109777252,-0.04597739584725448,-0.016116254439188335,-0.039790101611653805,0.24746935903490966,0.07532266786447939,1.0,-0.0427184666896956,-0.026305606361071612,0.019273023418707264,0.12144388584665022,0.11964660761427497,0.03600877829532221,-0.03685606234193543,,0.04458667543917585,-0.00836824757101891,0.07971147818553405,0.09374967757421485,biotech/biotech_tools
ebit_ev,-0.05966268474056947,-0.0573311355349374,0.683030839002842,0.701283037752541,0.464059294214914,0.041371353947190104,-0.014310696556134499,1.0,0.2828105861792715,-0.5648893133165241,-0.4960163067270229,-0.017981965063837937,0.009022159139233077,0.8141376946578954,,0.09749316826570728,-0.6052646002086897,0.2351848089925444,0.25286647167663834,biotech/biotech_tools
gross_profitability,-0.2098967212988115,0.35263742418258803,0.2609740366283089,0.5040211825042428,0.08699039322901067,0.07133500166244765,-0.023672700472064427,0.3052456289451667,1.0,-0.03841262850743388,-0.08260572390635876,0.034401365393704496,-0.40650693575161556,0.22290553028352528,,0.04646547556537216,-0.35018931110413604,0.17091576243805887,0.18078126136569925,biotech/biotech_tools
idio_vol_60d,0.1628438827081207,0.07020259472667567,-0.5710992928823404,-0.5215895929575919,-0.5568826714099886,-0.0024282116104427202,0.04052499787290134,-0.5380160664779945,-0.07128997022342466,1.0,0.6899392001480747,-0.01875812534610512,-0.24993131028131346,-0.49020466578586863,,0.050938133877209094,0.5083581990239033,-0.1457233001542787,-0.2070063898949728,biotech/biotech_tools
max_ret_21d,0.11630654350687111,0.04639289604385219,-0.4302923812988679,-0.4136693859136555,-0.27945276281969045,0.02020060824489379,0.1713484581425537,-0.4018419482395182,-0.0838446024499175,0.6770421434749517,1.0,-0.002114128399728008,-0.14592309990057167,-0.4493385828168628,,0.05068309561055383,0.450437051854356,-0.11777398553060692,-0.18178495344115025,biotech/biotech_tools
mom_12_1,0.127736819037102,-0.028177884163562577,-0.10673189919094515,-0.11383418898327942,0.3198678190632958,0.1501549770790542,0.15242390028813513,0.0023453019240127124,0.018117763124526527,0.12764659564420805,0.08770239417760801,1.0,-0.100464451818699,-0.07077539458415594,,0.23688647311783173,0.11012123417365564,0.17776609627360404,0.23103054222330874,biotech/biotech_tools
net_debt_ebitda,-0.03421399609470865,-0.2802127761523877,0.04318665792778924,-0.2220260907156327,0.09252512214662892,-0.06834222687928027,0.007661106189051554,0.07084625871277828,-0.2883234345857878,-0.2144183219502962,-0.15645355285292756,-0.13292610124770346,1.0,0.07999956518084202,,-0.23505127107693927,-0.06560920560367048,-0.1314279074664515,0.06282584667434662,biotech/biotech_tools
ocf_ev,-0.14456478625926378,0.007500484218886909,0.7440680112301806,0.7749926399892054,0.38598655931485604,0.029408394980945725,-0.019328273448429883,0.8508155339878901,0.3081519417042063,-0.5275771939608225,-0.4087313759149482,-0.07906864231281088,0.0703678055231678,1.0,,0.04540570073331126,-0.5829203024441248,0.2016657272207346,0.19822439049237858,biotech/biotech_tools
profitable_growth,0.3376833571188175,-0.04865682490654638,0.24845739029658614,0.4471467849367925,0.05714097270535106,0.06047179403417332,0.06363383097426807,0.1691349376828424,0.10578583844449106,0.10270660070646215,0.0819458854309591,0.2613151262422342,-0.207605470338286,0.10171383035062863,,1.0,0.12386118617546574,0.25069168829026345,0.3998445972177694,biotech/biotech_tools
share_issuance,0.571686273492215,-0.06630119038044739,-0.40723322562308245,-0.4605413217384724,-0.24826523641341286,0.033858858046880595,-0.005060261495968632,-0.3505897030257825,-0.3070339939143948,0.4008093572789902,0.30253005509573966,0.23564281098754256,-0.000979859640788638,-0.41889596843604887,,0.08791864918291764,1.0,-0.15204998461686303,-0.28805199819612665,biotech/biotech_tools
sue,-0.13668341483153745,0.004005958959789063,0.2693603467012604,0.332914435822306,0.273283841688935,0.47703698067301575,0.06383236998933109,0.29781117507361116,0.1816235124203617,-0.19138721973800543,-0.12313729231424939,0.14133110715982444,-0.1069595324371104,0.2725832025126671,,0.28668893664797584,-0.17583972438475573,1.0,0.47820550958011043,biotech/biotech_tools
sue_announce,0.06004231103193476,0.24466961099467235,0.29938608170235415,0.42069085802315853,0.2696992084983061,0.23624177129625715,0.1031294845878415,0.2584587445226716,0.2863241504563229,-0.2221721759074457,-0.18546097943675213,0.23240761037328808,-0.027752899647709342,0.21682738158779757,,0.43444185838797544,-0.24163992903656512,0.4977489368801921,1.0,biotech/biotech_tools
asset_growth,1.0,0.16805837964913548,-0.19509467009029824,-0.02187364763092852,-0.04038238275873329,0.07173559497949276,-0.011000859015742426,0.1287762044265165,0.020518620105155396,0.04068238488076504,0.027680690507882157,0.0264843055753172,-0.07278808179661243,-0.1712239693077157,-0.06865924479024632,0.19872180802991918,0.3191348164760291,0.14116296206465115,0.13757023783510175,energy
capex_at,0.12001259103900021,1.0,-0.45566729681477713,0.31638344666171625,-0.042057335469526794,-0.020465035497107865,0.003175722629086915,0.006305326940817535,0.08928908830446113,0.056297035722922925,0.04512918553337882,-0.07704553076017613,-0.01532596916723259,0.24149580418682282,-0.028077631299579655,-0.30992139312373135,0.031579270791435445,-0.0048723002671393675,0.010913608100863973,energy
cash_runway_years,-0.09241341211850204,-0.41140477428052996,1.0,0.3650680497046148,-0.01345502670677562,-0.0033483981620991165,0.015022895289213202,0.22015071607690742,0.23875486532310797,0.043744300855925365,0.0483522347782034,0.07688007622738904,-0.3211926972306748,0.2918279099590072,-0.005649520555382279,0.5567143503241317,-0.21071804785747628,-0.00010033831667726431,0.004688534847808481,energy
cop_at,-0.06685041497001842,0.3772614885264645,0.3251504859590441,1.0,-0.09889309840102875,-0.02570564536249732,0.02473584494150598,0.3703565521177698,0.479991266300994,0.18044160564748155,0.16225017295373673,0.018503998707379673,-0.5445950461783114,0.6720995337929737,-0.06980641376464262,0.368958529871095,-0.20994174076297445,0.021103216657169667,0.02529283978758459,energy
dist_52w_high,-0.12388719422652157,-0.09857825244534386,0.0164349176089586,-0.015117534288575816,1.0,0.09624700490663722,0.16882561731160173,0.047677604581601,0.02077535981669172,-0.6425443039714895,-0.4777775505374165,0.4883216258428062,0.22420082976798172,-0.1624625569748122,0.11588879565688137,-0.059855384593153815,-0.08156934441230088,0.13232954904209546,0.1449757166682487,energy
droe,0.021458874315697925,-0.011544940269971436,0.00587160579094412,0.0017521767098162401,0.04780684007071018,1.0,0.09448998164869432,0.08458189432455653,0.00903292171335328,-0.023898237247564666,-0.008827710886637873,0.21667566379884404,-0.02281123844634757,-0.07504686461754752,-0.027875685608535834,0.1535722828682677,-0.003942063498659786,0.8105065320561234,0.4698253745136835,energy
ear_3d,-0.006565308444060939,-0.0002263982172925886,0.018473761297610046,0.026348454832291833,0.18492461291366072,0.0565066335025106,1.0,-0.018283908201642978,0.04699736858020896,0.01544735057364968,0.08190338106567455,0.0940037208959244,-0.02644289361093121,-0.03410974670946362,-0.00548028750051454,0.024319253234960193,-0.004804700941841798,0.1034126890869167,0.11109813325555704,energy
ebit_ev,0.10589287062624661,0.02268549856354192,0.14943661645894563,0.29513184650415614,0.13138492399653318,0.15266142787511358,0.00686781365770377,1.0,0.37482868779765766,-0.15348135168621999,-0.14918822686043273,0.005590784963711561,-0.45925402982962843,0.4458155791385117,-0.1130043372288593,0.2431980460253599,-0.25067497109935155,0.12406009758844337,0.07995223414295546,energy
gross_profitability,-0.039893920271317454,0.1604757664136698,0.19106188021799336,0.41973590001937605,0.0022630883586531865,0.02617387603099681,0.02733217992245233,0.2115788017133317,1.0,-0.04236737035312689,-0.03191098891915622,0.048334623533522095,-0.4194552905613553,0.1276537082281982,-0.03982504911657133,0.248178697632354,-0.18142607245759443,0.05689326716941792,0.04437970574080677,energy
idio_vol_60d,0.1273812884911771,0.15121118018304236,-0.0212937780705904,0.037199151814072885,-0.6251870293899104,0.0015165070949423748,0.034132233647335405,-0.19294910360601714,-0.02391974496948894,1.0,0.8184136438333851,-0.14609749399936214,-0.33775389331428063,0.13248829023129272,-0.0460784105384015,0.10427388781411183,0.11645416387272746,-0.08024333679962826,-0.0857131324291551,energy
max_ret_21d,0.11277087319527321,0.10170085631280885,-0.009672962199335434,0.021016163882800334,-0.4335122303889053,0.0010266945716781745,0.12918976767188603,-0.1625516155409701,-0.022396375218645622,0.7576566681352485,1.0,-0.13646024053460873,-0.30195615253678293,0.10036592037875659,-0.04588212307549161,0.09614705524286346,0.09247195016052938,-0.05479056601467381,-0.06127557253785619,energy
mom_12_1,0.050442473068303365,-0.07743090436774472,0.0591604631322446,-0.006151025644369729,0.408477870338525,0.1528729502209612,0.1219500413355657,0.067754530362769,0.040481680359792556,-0.009105136696522733,-0.0440276160448503,1.0,-0.032294492723811824,-0.12834023881896048,0.12214650776103178,0.09446664092407622,-0.004447015670025698,0.18462601811472537,0.2097983817550181,energy
net_debt_ebitda,0.005751159663618468,-0.021950681513847152,-0.2555246325705866,-0.3828924581948211,0.08972352178702185,-0.04938231275801797,-0.01569453034493373,-0.36873675057407745,-0.24734700847514848,-0.10994902164097889,-0.09408842860994693,-0.043099626180699055,1.0,-0.37380036568692965,0.08960318428813409,-0.27245703970587876,0.22278591083651667,-0.06762112031741176,-0.051882882923995094,energy
ocf_ev,-0.12332139985625185,0.26796383024206893,0.2496917085981675,0.592220316814799,-0.13148354891438216,-0.014821077669468734,-0.02799822041917376,0.29582845752935577,0.10666052464277853,0.09532829164019235,0.04729079624430685,-0.11222816260556445,-0.2664544904203452,1.0,-0.08260838438681117,0.1269578952427169,-0.23161480324402584,-0.0903865024962499,-0.1059436106237928,energy
oil_beta_trend,-0.029871555925243685,-0.03623359195047984,-0.005523544541377696,-0.06237728457660094,0.11163531091654072,-0.017965969999144828,-0.006350733025441367,-0.0925539615674285,-0.01674169255072373,-0.03933305373619646,-0.04125480921454155,0.09168118531959468,0.06467555965690283,-0.08195257574195908,1.0,-0.06435522491321403,0.03496606701295413,-0.016197360335406173,0.008527877198922621,energy
profitable_growth,0.2325004000810505,-0.25298122258509975,0.5667854902700682,0.3379079018464617,-0.04174991616449642,0.07366675884063384,0.021275648908320028,0.2356756073973348,0.2230395756835172,0.06285114103370183,0.05756652623016357,0.10290848938411234,-0.21555319845478288,0.10093786288016558,-0.06563546109366952,1.0,-0.037223693508098905,0.182208980906125,0.206196378815433,energy
share_issuance,0.3522575042480382,0.013445323112373212,-0.05502434895633357,-0.09028245944194299,-0.11755501054025803,-0.0012940904327331266,-0.011476308646634436,-0.11820215625756304,-0.12974827393894053,0.16671921524518554,0.12668057593783785,0.03960540054779638,0.09277008556250485,-0.09095631875669236,0.007568411961868248,0.06869472452376907,1.0,0.04464966642231771,0.01000973176110896,energy
sue,0.07308859433010897,-0.016734424141777005,0.010156891666715977,0.03597041839470359,0.14336974150672438,0.49843841782138304,0.09499880367770042,0.13359145788691704,0.029516213070026644,-0.07586417388818636,-0.04387885898312468,0.16382332530730123,-0.09517308639402101,-0.06319434214348028,-0.020547724824713964,0.18512297824925705,0.020555279485850245,1.0,0.5591800889191321,energy
sue_announce,0.07959035589128213,0.008160833574267808,0.018689042541719124,0.03071928621677455,0.15813178212571144,0.21034920133386545,0.11387409813158784,0.08620032096617898,0.003694202148299365,-0.08374774858965588,-0.049319715073892156,0.19216531068271858,-0.05873869335013934,-0.09203397987627833,0.00527092821249394,0.22366955205123634,-0.005063213967423116,0.5321531620700883,1.0,energy
asset_growth,1.0,0.19504800746132947,-0.18757318644325052,0.02475762615758121,-0.03528867367843106,0.07025639948532832,-0.019385609489838154,0.212498023865809,-0.0196703361328536,0.0281209967675142,0.01804013153133613,-1.1845588586251892e-05,-0.05893880951652354,-0.09122910280990258,-0.07049206006566955,0.22037208584263077,0.290945210598452,0.13771586730824853,0.11472274277683445,energy/oil_gas
capex_at,0.16900936820166865,1.0,-0.4585151618981494,0.381273815482951,-0.10091757290967938,-0.01259376693090242,-0.0035607786785947504,-0.017860630206989216,0.13226328587589692,0.1860445070882005,0.1511214833576712,-0.05424958385961709,-0.024609369734566688,0.2917293354730219,-0.034110411116472006,-0.2536798969077728,0.06126417834656073,-0.01270004422005919,-0.0015940195824177105,energy/oil_gas
cash_runway_years,-0.1635832148170371,-0.49708299746618473,1.0,0.25296754631427304,0.13111215739710486,0.014251577121786485,0.013572847185214454,0.23052074925889024,0.23173336209602582,-0.2330653347165502,-0.1699914194510792,0.07209206620336896,-0.255780947780387,0.19827471745662423,-0.005561647584086997,0.46237798961617377,-0.23218232224526794,0.020146591891557878,-0.0006119287416534708,energy/oil_gas
cop_at,-0.0934221566514895,0.36864600658923813,0.25833907723944205,1.0,0.01706596963253545,-0.003232379211331209,0.006040596191907927,0.37613255525824885,0.4912949556418239,-0.017254505207823848,-0.0016640284354559444,0.029712572670010443,-0.4657825502830427,0.6565498628188937,-0.07223245132650087,0.322350662485327,-0.19226505505217287,0.03129487532418019,-0.006335046169721921,energy/oil_gas
dist_52w_high,-0.06586572565664887,-0.12358759362869146,0.1359392061264415,0.031085366143918963,1.0,0.11506426785384054,0.18396652774766606,0.020868770392639825,-0.012835152818306451,-0.5645840668357425,-0.35012244784123336,0.5485582147152382,0.09346249252550451,-0.19732233984742448,0.11568820917351197,0.053503047650458095,-0.112207406749618,0.14620609657366193,0.17203645567440992,energy/oil_gas
droe,0.0015413051010071733,0.0033446397564990005,0.013288641321620456,0.027845031477881754,0.040496859258390173,1.0,0.10785118335719343,0.11043289187765135,0.014402814375849492,-0.0225115201150616,-0.00966408006773538,0.21621225915068273,-0.035027639288042256,-0.057009567458809494,-0.0280592311764879,0.15105889451890558,-0.0329936344157282,0.7896457237413178,0.4563170579284311,energy/oil_gas
ear_3d,-0.01947007459573191,-0.0019240612872797414,0.017214769274804975,0.012459637356014224,0.1946595118304246,0.071002368630343,1.0,-0.01745147737949286,0.025529177238661445,0.015996254308340695,0.09540236795406352,0.09323264032031967,-0.025732508791770477,-0.04833736869398737,-0.005273979773950933,0.01685629719409594,-0.007421324506205497,0.11391504107953626,0.1087637133374888,energy/oil_gas
ebit_ev,0.1243938677014184,-0.002781747640750436,0.1672858615307117,0.2886909469209917,0.0729907121624516,0.1571137733966643,0.0035401143037875797,1.0,0.3585706449478911,-0.14041213319994866,-0.11891276398377902,0.011399431725048575,-0.4632820439444407,0.4126312221399389,-0.12166047776928267,0.2504575180018491,-0.2345560256428583,0.10763938406823607,0.04168140349258336,energy/oil_gas
gross_profitability,-0.07814875213512416,0.19733675017059424,0.15277094662305765,0.4003279487969621,-0.020358598704634787,0.0197218283117618,0.011592988826620522,0.18774343478088487,1.0,-0.033913180307120296,-0.025144594422945404,0.019161480196730557,-0.3934131437230099,0.18837913057797726,-0.04173649168550325,0.2201869717300977,-0.2043733999175286,0.022374467390037008,-0.0020049587395229848,energy/oil_gas
idio_vol_60d,0.07577791562939035,0.23212789194724626,-0.22167821081009995,-0.03370162170460928,-0.5459730793666966,0.025189340199771912,0.036598775898897214,-0.12852143860291504,-0.0085794409859502,1.0,0.7329196157040321,-0.16677909577200847,-0.1345986833227304,0.1462909341628309,-0.0481310630839746,-0.10381404352880451,0.17624095161267309,-0.0758405281390021,-0.09189172721619965,energy/oil_gas
max_ret_21d,0.06556542428951567,0.15716205450379644,-0.15600506005004125,-0.032953652932552965,-0.3159487429691653,0.010557800800812972,0.1360072154043469,-0.10180225451515264,-0.014937040457410239,0.6895406756898415,1.0,-0.14369626499808372,-0.12203831967928605,0.10649832036109054,-0.04810564014552581,-0.0735245194938969,0.12176733870644661,-0.047260566297831395,-0.05877804280847401,energy/oil_gas
mom_12_1,0.01311190629965098,-0.04853106644873525,0.040642668208610504,0.002492362405791852,0.4733141027495053,0.1342569273331662,0.1064474378708724,0.05806517616598398,0.00727790306604097,-0.0560000090495797,-0.08370192302475586,1.0,-0.04508701173209441,-0.1496786039211843,0.12596250399350967,0.09350873503682504,-0.04310744853819699,0.20176820970447898,0.23357571762224077,energy/oil_gas
net_debt_ebitda,0.04209863334652489,-0.041884023816449664,-0.2231872655917119,-0.36396038201706565,0.014858984422728618,-0.07023947648896256,-0.017583560760419954,-0.37704437073660807,-0.2284719219105608,-0.006752342381909871,-0.009716550700766328,-0.03472493499037311,1.0,-0.3955227275309423,0.08479928232194758,-0.20499237686214164,0.24986127885126494,-0.06641366265433014,-0.02939231502301255,energy/oil_gas
ocf_ev,-0.10817215547337869,0.272623605932787,0.1829728454095203,0.5790953680486324,-0.1827354656897287,0.014511242932981595,-0.03699171432237769,0.321048020751732,0.1448142089349854,0.12493150780742919,0.06520357653540586,-0.1346780627159212,-0.28840458204777525,1.0,-0.08611603007795675,0.08477234108996723,-0.1735867931932269,-0.09734773376348689,-0.15577173165594743,energy/oil_gas
oil_beta_trend,-0.027274535704761533,-0.03593051472760178,-0.005534266911206572,-0.06135160205528858,0.11135742838018269,-0.015874494171732534,-0.007579144217733143,-0.09300591807726026,-0.016002948234691953,-0.04051957131325668,-0.04119760473658523,0.09162942023716514,0.06277563623135485,-0.08114993460521597,1.0,-0.06469516911712975,0.03595281669750991,-0.01750261073387609,0.010808445588322852,energy/oil_gas
profitable_growth,0.20656569245523296,-0.24151182257183362,0.46714476935471366,0.30436997475791894,0.06048193768947194,0.06566629919872193,0.010593228685268281,0.24137579683068172,0.18916938554134058,-0.10771996485820137,-0.07622921894431399,0.07221300658138186,-0.15853423319298682,0.08106330542018886,-0.06569315822868836,1.0,-0.016589729546563042,0.19879816344591653,0.19660320187749128,energy/oil_gas
share_issuance,0.3761837062880738,0.028227636383634454,-0.08811972093512757,-0.09370247826546334,-0.08006950999074469,-0.022905662085894916,-0.02202680243798373,-0.11826333601685618,-0.12775246188337416,0.12928056878704972,0.07747996086675034,-0.007435878878347167,0.1560214112860086,-0.08653109479580617,0.0051965166876159095,0.06575612647977243,1.0,0.03780118312751059,0.026305355670762875,energy/oil_gas
sue,0.08989515864419473,-0.01915114814337998,0.021334742086896293,0.028162981757698404,0.15008181905200155,0.5019565384911706,0.0964703327739755,0.11868155146762951,-0.00196743189064426,-0.07876636597519573,-0.042985065736010616,0.17494802062617765,-0.0936424003663262,-0.07241004542879216,-0.02049898858506916,0.19846487552202757,0.03152062382799033,1.0,0.5548932135189717,energy/oil_gas
sue_announce,0.07015352955563857,0.008501423406548497,0.0007898555905569648,-0.0019062559650630086,0.1721706470197659,0.2250389833895072,0.10954277708366561,0.053695762011616924,-0.0445574502769618,-0.08318264298934241,-0.03722246649490284,0.2189999291309556,-0.03221924097306033,-0.1345271602467092,0.005184561248575023,0.2049818244831473,0.024654060646714125,0.5415603399848197,1.0,energy/oil_gas
asset_growth,1.0,0.4075396546061729,-0.29804911744193435,-0.18511834231119303,0.01962754493004745,-0.033045319112410876,-0.02421833280254338,-0.03990728060955933,-0.03272460367321497,-0.007446330602376169,-0.018029309115216406,-0.012368990599115764,0.12928190187772384,-0.2223178710584437,,-0.14674303499996352,0.3076741851534202,0.07195886570080814,0.07621092507507914,energy/power_utilities
capex_at,0.21160566216601756,1.0,-0.5475967048990801,0.0929128623619266,-0.0034052994309251264,-0.01600174774601526,0.03398521370582672,-0.09319520871300803,0.3206450686804609,0.07649963478146067,0.057327071876645264,0.011119892350991494,0.05091194209599694,0.003089957259270482,,-0.5598960006845808,0.1739428836982563,0.04097240559477617,-0.0022858984292068963,energy/power_utilities
cash_runway_years,-0.21587684130358503,-0.5245114961341122,1.0,0.37904424319724034,-0.01192028254841375,-0.031057866451461306,-0.004172980880149072,0.10368990551186172,0.0630836375271422,-0.024974587502196843,-0.018854300567603177,-0.005395166681311847,-0.16591764108463258,0.3455865485020466,,0.6225377518887094,-0.16677725838431745,-0.05598100574022361,-0.05015292654479612,energy/power_utilities
cop_at,-0.229555412200153,0.12801375962758674,0.35862006947887476,1.0,0.010324663557064392,-0.04338925743315272,0.023033416324653985,0.23299903616414694,-0.08077067290666694,0.006702994338385842,-0.00019510680722103514,0.04372070452646876,-0.35885387049205253,0.664046755092758,,0.2751029525082191,-0.15783435449459726,-0.022111159971576994,0.02268613416612916,energy/power_utilities
dist_52w_high,0.003693890855697232,-0.06251834833128128,0.008815251324184073,-0.008917476649372659,1.0,0.04761296061323049,0.13967998926637198,-0.024249228883943014,0.08713489716480848,-0.3443748619824299,-0.09819903415730727,0.4779892405399652,-0.08490624273472551,-0.06713318194774237,,-0.01711731383444435,-0.021282553795014262,0.06322613757604995,0.11190745522092693,energy/power_utilities
droe,-0.10025760915582471,-0.0015781331618975674,0.009850130911488503,-0.04578325679851099,0.09749496948221636,1.0,0.05651434122587809,0.09465351425556524,-0.1272712803048243,-0.020288716333694615,0.01815268411951883,0.11099669956790895,-0.041888206887371666,-0.018235171587958527,,0.0399762650629576,-0.03704310605582519,0.830873186256019,0.36671045039348543,energy/power_utilities
ear_3d,-0.07626176458010853,0.028547122435083026,-0.003718664076376757,0.02566853499459923,0.17858324975978343,0.05140598140316408,1.0,0.04671114576934747,0.23036699060918556,0.00716255556567225,0.0899250694256954,0.11688229435823663,-0.046875753439066345,0.005364495481212181,,-0.028568808648468665,0.012527095203612743,0.05462412542457614,0.051595952411199596,energy/power_utilities
ebit_ev,0.007669141874328069,-0.0776123114240181,0.08393249888672341,0.2438293048752609,0.10631141925201444,0.09115943395823677,0.022347937536220948,1.0,-0.31097594690209723,-0.07494351650928746,-0.08852867769240777,-0.005756403437877742,-0.4128989170084214,0.39316563429047346,,0.10714298547281771,-0.10461734337306025,0.07460195174544391,0.035782232490655146,energy/power_utilities
gross_profitability,-0.11996079336244908,0.25009648198286855,-0.08209563362722877,0.1870290392750985,0.11116575068880728,-0.14699139733396677,0.23091383731188428,-0.1608192196476375,1.0,-0.036593490169320904,-0.025474973326024823,-0.009099359041551017,-0.2122407498456525,0.03784393405837755,,-0.026782971476502892,0.06213884003514697,-0.1193682404759332,,energy/power_utilities
idio_vol_60d,-0.05715792755715503,0.11102132219285217,-0.001083341792255699,0.0675309704355474,-0.4845999768221538,-0.013212581585683999,-0.06201412088393802,-0.1933104932412988,-0.06746103092189365,1.0,0.44161712949948684,-0.16335180377345662,0.09952899221259409,0.040410836826016344,,-0.004611548822897244,0.08450823295181994,-0.03652768402508062,-0.08764364127672539,energy/power_utilities
max_ret_21d,-0.06378058698306667,0.07812425288203205,-0.013722903438773346,0.02773821401564285,-0.22996704877881327,0.006018517322572152,0.0620188876587943,-0.20541836448709969,-0.02497423786240537,0.5642660893467681,1.0,-0.0990728700842367,0.05348955921186504,0.005510872182632009,,-0.0385491919461578,0.0406213340739842,0.007663820360613074,-0.036361253146256364,energy/power_utilities
mom_12_1,-0.08738335929512346,-0.023851964106481903,0.04009164857222893,0.048999826885797265,0.5278629935808491,0.21000249964304749,0.14367148318517511,0.009060904089477507,0.024464434047999722,-0.17130459751972935,-0.10164180662300999,1.0,-0.08592057164012136,-0.08338165383199209,,-0.003001214107426786,-0.004478990437108955,0.08957582596923046,0.08056808591090776,energy/power_utilities
net_debt_ebitda,0.046779470447339676,0.015038241972889164,-0.1712365277601962,-0.3383669107063983,-0.14659513842592298,-0.056135723615929896,-0.08019984644782495,-0.49597008901750333,-0.061584773558121635,0.19114670841620232,0.1348689069921609,-0.13299633404874264,1.0,-0.28744090805829237,,-0.10633205337851959,0.22616314576257737,-0.08499248404252585,-0.06759235711165787,energy/power_utilities
ocf_ev,-0.19718389655716562,0.042391916948091586,0.2698361546124721,0.6624646165744755,-0.14083689971756844,-0.08873071582831744,-0.009137128079726466,0.25001968072398656,0.24615551148387227,0.13197872152953688,0.06581940304140678,-0.1451935311596857,-0.16101314137491998,1.0,,0.23014539269172762,-0.04430882279110498,-0.057726116281151894,-0.005078649866175555,energy/power_utilities
profitable_growth,-0.05466907877955957,-0.5903968708300977,0.7124864851500605,0.26502960479102877,0.02951886965161601,0.034470694647199165,-0.02742354471130557,0.14201408667879017,0.0064638841778527105,-0.027743523202764374,-0.047853329654300926,0.013040805981664155,-0.1393304608728008,0.2023158209282131,,1.0,-0.10241223564208804,0.057834052622919234,0.0310881717806842,energy/power_utilities
share_issuance,0.34106484918052765,0.08702724520218644,-0.09580506194860354,-0.16973458799271873,-0.06634140026247358,0.007215775170024692,-0.0006724316173334591,-0.17905573220117113,0.005551359756886717,0.113764647046769,0.08544842596349639,0.03871083494854159,0.18530671817533084,-0.13768408702708895,,-0.05367153179543329,1.0,0.05306981595617021,-0.05487599702619306,energy/power_utilities
sue,0.03848797669429178,0.013972262495102068,-0.03550412833413461,-0.04377265607303786,0.0803868533945684,0.6018921612212462,0.06070090203858854,0.12337256537735206,-0.1525408636917143,-0.05468546332170874,-0.012378619262335619,0.0928714817819566,-0.08452176651741616,-0.08119067046605122,,0.04512682325417548,0.05570019948459492,1.0,0.4381494061849303,energy/power_utilities
sue_announce,0.04866194465168821,-0.0192634654817125,-0.02510758404058362,0.04265280419796706,0.1439290261473653,0.20666075193435002,0.03682845933489663,0.09251738378901521,,-0.12138397568226751,-0.06694238687292267,0.07188019653155461,-0.0539782417001948,0.00955393103747267,,0.03297565263693754,-0.07349492640357581,0.41858041949036495,1.0,energy/power_utilities
asset_growth,1.0,0.02473946832125117,-0.09007978243812576,-0.04353228918973826,-0.11018623106175172,0.027029352136282537,0.010070387972538633,-0.061972798263845934,0.14317543198688115,0.1832123111683916,0.1524076533079528,0.08118562259688658,0.011541706879198135,-0.3886119133869438,,0.2652205563547672,0.43321447977098326,0.14112831303209153,0.1517363621724971,energy/renewables
capex_at,-0.08919556832822248,1.0,-0.48856277324793457,0.16383093877484206,0.1488724368993951,-0.009673524505075541,-0.04839431605430382,0.11663693302230924,-0.17877690259780984,-0.2546023473931369,-0.2379895244482739,-0.06214324412061082,0.008102590374200079,0.15663451044221866,,-0.5322845847354005,-0.07596124066920545,0.048394986379638995,0.047610377642699306,energy/renewables
cash_runway_years,-0.030330437404651515,-0.4705040729791831,1.0,0.40690293124355936,-0.1040965255842154,-0.0008784364531054131,0.059276708587513945,0.046308280447042646,0.32730776547766416,0.20625740188858177,0.2048923242412937,0.08171231842806266,-0.23491469058225461,0.16411180602627654,,0.6440135741604324,-0.09815122282417159,0.008971240023469853,0.06345743733204966,energy/renewables
cop_at,0.04767426776019762,0.12391383953354887,0.4121991424411324,1.0,0.049896144299317824,-0.0018446598092237121,0.030873251739254703,0.318034996366961,0.4785512687024251,-0.0021451955097409802,0.013886918973119455,0.10917236037272672,-0.4839324150091434,0.4188632652956656,,0.3544483117486006,-0.17025256541748723,0.07862613546627063,0.11085035362895579,energy/renewables
dist_52w_high,-0.19146621711760828,0.13586629433896794,-0.07713235856172197,0.06618303080782027,1.0,0.08892413202370619,0.1872079160942052,0.09872898533142689,-0.023308717773457707,-0.5809472178022118,-0.4325627946597423,0.3870544258732688,0.2296259797614068,0.0823595316715992,,-0.10608068663465754,-0.10983051447030746,0.1168962824775564,0.11863126766686989,energy/renewables
droe,0.010422757493569931,-0.017296031799341076,0.030743001024578498,0.01889991709373437,0.060347618009454373,1.0,0.1347349882192285,0.06202877120734258,-0.03682103100566082,-0.02181193945058656,5.465974906845952e-05,0.15055109775484818,0.02689507640465578,-0.008717774977348257,,0.08113199284902634,0.008356698015952745,0.802349283001549,0.4549729175724907,energy/renewables
ear_3d,0.07944501377428183,-0.05943749626266686,0.06025506444757788,0.05619664391323626,0.1796850910206758,0.10641646704138345,1.0,-0.05677977086691226,0.07304229348086257,0.019029304869277994,0.08695264258381213,0.13799111341095213,-0.011277903312800788,-0.07358324668597617,,0.07959897204188708,0.02385718889714138,0.1320154530008543,0.11714029496382182,energy/renewables
ebit_ev,0.0036830116380865315,0.10061299131160624,0.11308077266405024,0.4041793731115995,0.20692564132402247,0.08268927361021475,-0.05828597198356498,1.0,0.33906214476116087,-0.27186286224347567,-0.27102518623477007,-0.05841069858540017,-0.39304815094939144,0.46197572973410916,,0.02118048743387656,-0.22570218836604014,0.1434405518319291,0.06457457869463139,energy/renewables
gross_profitability,0.23872865230995896,-0.1595261065662207,0.3760498480566587,0.5182825966971192,0.002364606645857541,0.037093588279452916,0.09015147041248167,0.3758759533239201,1.0,0.02695117530130865,0.06564105112165795,0.07817503328142261,-0.4971117486235548,0.012338145386480547,,0.3972974567882416,-0.18367231513417032,0.12986977556457388,0.12445411036687795,energy/renewables
idio_vol_60d,0.3317898178938912,-0.22065215837640756,0.11874702713449385,-0.044973714132663704,-0.6352739613657412,0.014391688753308176,0.08600800257430466,-0.3509246031750388,0.05674444374761527,1.0,0.785418466437527,-0.06537932541461933,-0.30768787273896786,-0.23390053026699606,,0.2776135169188905,0.169536832315745,-0.031490819432375555,-0.10436985961215571,energy/renewables
max_ret_21d,0.2656135767904315,-0.19245551435152303,0.1160180678980299,-0.018837713165507686,-0.4675979065191989,0.023854445237604664,0.1671684758826102,-0.31568086329937095,0.07345893104150106,0.8112452235929949,1.0,-0.05639702120019429,-0.2984205442647312,-0.2389937757712545,,0.2596732983554351,0.1543349967757546,-0.023226102751707434,-0.07335407179706294,energy/renewables
mom_12_1,0.13038886039347442,-0.06930821613392407,0.08083601959725685,0.12608913225655952,0.3356654251830381,0.1684020949821094,0.16628462237779068,0.026223618393646838,0.2241247510399991,0.064118413212363,0.043106308762455456,1.0,-0.01781197729570325,-0.1256810375329987,,0.15784356335986813,0.08535739339982035,0.15249168835976776,0.14541863519825587,energy/renewables
net_debt_ebitda,0.007841592956651816,0.012855697870538318,-0.23059554037247512,-0.4706042272271627,0.21594631058227415,0.010967986711010434,-0.003094380599033589,-0.3442288993528748,-0.3536436793267779,-0.22804733378626163,-0.23786265297130768,-0.03350710141258001,1.0,-0.10891996478454223,,-0.14718468687692537,0.11634840701057592,-0.08066908967966446,-0.05077346338648614,energy/renewables
ocf_ev,-0.2579683997821357,0.1642134414608434,0.21394621769374375,0.37033125641753634,0.12265687518532618,-0.010166829585828204,-0.04792162714339227,0.47767415424869014,0.02132679840818274,-0.22945569638040064,-0.2039643095119718,-0.0615967511529499,-0.11083949991797488,1.0,,-0.10507044264988705,-0.3693480761090886,-0.053082664813850385,-0.07780544507957711,energy/renewables
profitable_growth,0.3526609612514055,-0.5611987381031719,0.6604663864208552,0.4523765205407597,-0.1487514832949267,0.08660275631084013,0.09028300045723146,0.08517226961232366,0.3783058839517195,0.29623850831201176,0.25357337839322813,0.1577791794549931,-0.14643413779853628,-0.12098857566091488,,1.0,0.08420726214585206,0.14092993893978348,0.15273629499235594,energy/renewables
share_issuance,0.4481080976125139,-0.10646252096006366,-0.06309644205929253,-0.08272769461433317,-0.1346518308125966,-0.027809986435534693,0.08032391983008474,-0.16187297737168077,-0.03919580144589575,0.25260528574312385,0.2163148229945106,0.1413959906766667,0.09246933110322499,-0.2316406743312393,,0.10365548322195743,1.0,0.06795846799755569,0.03789858328389128,energy/renewables
sue,0.11189488024295473,0.037042005292118534,0.014690298606673124,0.14232555888929047,0.10942343399785774,0.5842708196529371,0.14112467053298416,0.14024385197020403,0.16285082244147023,-0.008808234017215113,-0.003134867531255832,0.19122116356375604,-0.10232693914518586,-0.02176792068644786,,0.14999648834847173,0.019569515977447247,1.0,0.5672931831569106,energy/renewables
sue_announce,0.15836815580967833,0.07349475660838618,0.07663285256413416,0.14710266127223148,0.1213575078055718,0.2658090257555405,0.13309449338398713,0.10362372277634112,0.13392819163343636,-0.08255029232096857,-0.07736904991861134,0.10544949466092386,-0.07742907710403951,-0.04559568828139423,,0.18474516736287513,-0.03777463967830095,0.5143099275853028,1.0,energy/renewables
asset_growth,1.0,0.021789527711803397,-0.07085867407910872,-0.012195271394756546,0.007975862595749398,-0.026642155935343494,0.023931274473616565,-0.0984164600977842,-0.05520371962894375,0.09566202179485092,0.09722188453205864,0.14583206389568967,-0.1712312863792404,-0.26893808257359014,,0.3751620376366074,0.38496768026602957,0.03797976983032631,0.1289150405925824,ai
capex_at,0.05698755687049651,1.0,-0.21616525669274395,0.1022129258957598,-0.013708708314629047,-0.015118453871938968,-0.023938982734943427,0.008258791909078094,0.07613174832167684,0.046971043631809165,0.047326471826531845,0.01903276455331817,0.07058392454125847,0.08979397922262575,,-0.20657497591466614,0.0218222820150368,-0.02307343432862294,-0.16204980436064925,ai
cash_runway_years,-0.1277849139482544,-0.3037862979639702,1.0,0.45080771344462583,0.16608341748466734,0.011069005805108596,-0.021337335937644714,0.2757041211833429,0.10889086354680891,-0.28377019009645665,-0.2223791650361659,0.01971798232349461,-0.1539169211601873,0.38380146646398244,,0.22001767557445479,-0.24594807842009983,0.03440670957309911,0.14379686223865468,ai
cop_at,-0.11532679281338543,0.08859225033980643,0.5105015808872777,1.0,0.26016385904644773,0.0762070535562154,-0.007928340999551899,0.4901762396555791,0.30855211792866694,-0.35983955324339756,-0.24942284649312124,0.12195043045746456,-0.33780034793117997,0.5143693334569356,,0.38851913780829084,-0.3714978202708846,0.20281639951233468,0.2973612665150535,ai
dist_52w_high,-0.06460708219977908,-0.03800271128085425,0.18744621866609126,0.27396475830739975,1.0,0.14387372457333203,0.31213897050724865,0.11793640022477057,-0.02952133042765773,-0.513003151353683,-0.2526816402411004,0.5291999389672672,0.06334973783783335,-0.057903577187836695,,0.13747038762552688,-0.1731355939346757,0.21364843915498735,0.26810356744321706,ai
droe,-0.027658345147584053,-0.024000157666922737,-0.010284681935793285,0.03777255504227264,0.09686492857657603,1.0,0.09108739015900749,0.059798746322369124,0.042061522948946724,0.008909393818534105,0.021126450559312206,0.24478947183408606,-0.017480341990646155,-0.009337705082336707,,0.14871645731525882,-0.005562860371338939,0.7450384386049411,0.4105877470128816,ai
ear_3d,0.0116107403241322,-0.016213359670560985,0.003255487813476995,-0.008891790720753872,0.3035983550330411,0.048504289116270104,1.0,-0.05280735141029345,0.009263368236915474,0.04614807323626002,0.1784067280107709,0.17546957500411794,-0.06975240446461778,-0.09319063015060935,,0.015255170629395957,0.011787679352314506,0.11317303666928093,0.1195157268990594,ai
ebit_ev,-0.128108332240693,-0.0025456309365550532,0.2796463386716421,0.43745507360355734,0.16419174270951914,0.11979168108767603,-0.03195575481849223,1.0,-4.2676960745736496e-05,-0.3169600134141244,-0.27640571720846785,-0.04341230224085176,-0.0770128567731129,0.6267159821659936,,-0.07417024595473469,-0.46722882810593014,0.1325510507603375,0.18299514581167667,ai
gross_profitability,-0.15355074426471702,0.01936195157132439,0.08484146079051512,0.24963482705209672,-0.03443753116114846,0.06093466673447348,0.021888674189946063,-0.021084225192446113,1.0,0.06621067762710182,0.04967998976087848,0.009947095966455972,-0.4617073065396939,0.04334201829077801,,0.05710763538669265,-0.11359093552677771,0.05187158210621348,0.10838550048530081,ai
idio_vol_60d,0.17222168458512496,0.0985517488873295,-0.30551249741836406,-0.36028090116510886,-0.5203437510119917,-0.0027092355537813926,0.08552549804947175,-0.2504464476071354,0.05718589085598876,1.0,0.6498919725297294,-0.10151538288268475,-0.1519783774550994,-0.14067606867564278,,-0.12836309292730638,0.3654316730277669,-0.09842203956990651,-0.21587335674436908,ai
max_ret_21d,0.11521746196165034,0.07200567068374018,-0.20629671896033303,-0.22531574948718452,-0.2141727464461423,-0.002169699653902505,0.26764272457931376,-0.178716281594033,0.03930697052197012,0.6295452380590121,1.0,-0.05902352259810569,-0.1439613300510475,-0.17754564523949787,,-0.0498522955877426,0.2892762568314939,-0.04729723987586998,-0.10321967715069032,ai
mom_12_1,0.13073892387085245,0.03843712244871342,-0.004245170949925787,0.08969076217567783,0.4280550928283961,0.14895709588649758,0.17108791243491475,1.6766048238822342e-05,0.0006683523588795939,0.04168054099933994,0.014029147959684827,1.0,-0.061236399986234806,-0.20510819068286937,,0.1750826621102651,0.0837592756674527,0.2751830034696854,0.26716395141558014,ai
net_debt_ebitda,-0.0696985833649943,0.0773480282651336,-0.11875318950435036,-0.18483155430264486,0.01967239788379431,-0.029727193025616397,-0.07034035394716054,0.0027881290533866834,-0.3286687005788612,-0.11102554507379214,-0.1016254800444051,-0.07329700273029338,1.0,-0.13848291017160902,,-0.1604189574705433,0.09480917223112126,-0.04545990735219042,-0.13969505749448932,ai
ocf_ev,-0.22705688894734358,0.10974127562080907,0.369857188028344,0.4808873361181408,-0.050931936856655556,-0.0007335818077028592,-0.053094178779286044,0.5831534264270066,0.0327492709598481,-0.09667214822097867,-0.11135292440757871,-0.14158167144839306,-0.08790548075760428,1.0,,-0.18555449230140283,-0.4452905684380872,-0.020302974348304397,-0.08056643589830312,ai
profitable_growth,0.27303965971814015,-0.19678435909262193,0.21373745131315205,0.4128873167059879,0.13394182568617496,0.10454117836631441,0.02228792332124549,-0.05929017969154607,0.03154678436810133,-0.11559144635760941,-0.052437748108004674,0.1810819486145636,-0.08556465105421068,-0.21268047286894234,,1.0,0.18909518519004564,0.232493542051901,0.37188384432105503,ai
share_issuance,0.34537716466882745,0.03417504140842952,-0.17339560811995028,-0.19598163986048828,-0.12102197448449745,0.016709274289566856,0.0007974124783955371,-0.11928571956693136,-0.2615249868679078,0.21453182015154051,0.16021215880608902,0.05450567640483251,0.14913334162045636,-0.16309173801221438,,0.10870084957354748,1.0,-0.0014638945615668396,-0.0820677029642191,ai
sue,-0.0504215661929515,-0.01824873956148728,0.03521984667698394,0.21055620542413145,0.22264667049248976,0.4277097603825408,0.10535570922983407,0.12975873890019105,0.05729425374421849,-0.09693265758348382,-0.03641292379860055,0.23580087562350577,-0.02816966625683622,-0.002506339248054285,,0.23340786248034126,-0.02663423436611118,1.0,0.5503622906444968,ai
sue_announce,0.033965070242246376,-0.1466764524599083,0.12985545799897055,0.29913331662620435,0.2730432652555464,0.2198776208661131,0.09594937878895926,0.15325815462628933,0.081385725562635,-0.1889182577760007,-0.0876015536253505,0.2221436254300553,-0.08757402511002718,-0.09865106497981467,,0.3771275638538888,-0.06599004664623527,0.5305472893446235,1.0,ai
asset_growth,1.0,0.012995625702207966,-0.10509261152173105,-0.02345245625471326,-0.00864016648591507,-0.053805878678376565,0.027375859683783102,-0.08541175259351359,-0.06214001560541742,0.12100305859620751,0.11135420744674217,0.13947298101320615,-0.15672076054619946,-0.2788064762733083,,0.34990377597440214,0.3517906501452589,0.05949257981169623,0.1435203903212092,ai/ai_infrastructure
capex_at,0.0858706444583579,1.0,-0.24814352406253337,0.03594717796352425,-0.0800757578643113,0.008711136874222597,-0.012741325530498622,-0.19037350403776393,-0.015069442722902315,0.13243830653576327,0.08432744724135345,-0.03088042564531987,0.17020239134211257,0.0025673052697543423,,-0.17641505651646394,0.12583712536438071,-0.06842880848288392,-0.20251628909359337,ai/ai_infrastructure
cash_runway_years,-0.16424453286129245,-0.3266329829203041,1.0,0.4646641690000273,0.1851278516117363,0.02637771564787976,-0.015787702151538144,0.2955055116370944,0.16759911054011606,-0.277123500270425,-0.2331846500165148,0.029374350752029352,-0.11695898407383425,0.40828802479763027,,0.2326661797634689,-0.26109778321945704,0.017079613399843922,0.1113584041800697,ai/ai_infrastructure
cop_at,-0.13432500457578772,0.007881180912264309,0.5362045538615728,1.0,0.21606523441278996,0.0719800803566536,-0.014695140724850628,0.43118894047868284,0.32217440523852114,-0.307866482584072,-0.2371410971709621,0.09528366615410545,-0.3741836297931091,0.48572929745528826,,0.30497658490471763,-0.3282445961578922,0.1720550599420455,0.2865947535435507,ai/ai_infrastructure
dist_52w_high,-0.08695426651145283,-0.08197437391044753,0.2056525813392606,0.27309884588748967,1.0,0.1506794387408817,0.3136791968090634,0.05305648797518116,-0.033090145164008794,-0.5115003387861197,-0.2762651237592673,0.48144447996829165,0.048245074228080935,-0.07343928110250257,,0.1173682462141618,-0.15726367514174364,0.20848776897815693,0.24962324182395332,ai/ai_infrastructure
droe,-0.06658328587923311,0.016150776893886006,0.05471635910301457,0.08210250380169752,0.1357310219863634,1.0,0.09606401858710971,0.06082377136487556,0.03555072606700231,0.016229145906664622,0.039186704900889185,0.2622233461324328,-0.033475449877253954,-0.005886153954741683,,0.1053281107695218,-0.00617851941364767,0.7211317379531919,0.37324931990436544,ai/ai_infrastructure
ear_3d,0.018211810713168936,-0.006246598227692228,-0.010993409423868719,-0.027609752642479703,0.29849731980988076,0.05311954680228682,1.0,-0.05475341587194754,0.019215917094103068,0.04228936892765909,0.16807879074558724,0.18210557836907185,-0.07004460036447191,-0.08251200837682014,,-0.010859280563330924,0.018910350198699438,0.10774544018573774,0.12567049887574686,ai/ai_infrastructure
ebit_ev,-0.1393458029262681,-0.16556808273641158,0.31239512203601727,0.42487649173222575,0.1260102768989268,0.13809152031169544,-0.04876899374611919,1.0,0.07660479710531627,-0.25100009115710525,-0.24562765960298039,-0.09039389721293958,-0.29556083842027003,0.6036105935616412,,-0.10922680361196614,-0.4396698303745973,0.11210563904630577,0.1884759836982588,ai/ai_infrastructure
gross_profitability,-0.14385348459140052,-0.046251757519396905,0.15129011615316199,0.24980247501527894,-0.03925817426112531,0.0689023861321258,0.03684485869169605,0.002307809463951163,1.0,0.09269811921205863,0.08041817436199403,0.027278776810101463,-0.5137143395725382,0.14802330447278295,,-0.03567457075074798,-0.1322494658291833,0.03718706496850677,0.15691955524606224,ai/ai_infrastructure
idio_vol_60d,0.18633279288155413,0.14972965971919203,-0.31013719468920625,-0.34715559010728225,-0.5378658477951753,-0.026463114885219557,0.08535187696585367,-0.23750514241446344,0.07703490581583856,1.0,0.6793354289954797,-0.047551847311665944,-0.15947888559542636,-0.09928335533726963,,-0.11036945417692723,0.34482285592324,-0.0692583648589502,-0.15064448454041957,ai/ai_infrastructure
max_ret_21d,0.14048525857888386,0.10434664289722378,-0.23549343379044319,-0.25419507042355033,-0.2545031559736354,-0.005815530934310454,0.2522343722564673,-0.20100267167948457,0.06221063497738385,0.6675676636997387,1.0,-0.030776066131562158,-0.15385438491103526,-0.1439122402895913,,-0.060539477975497025,0.2818755803143911,-0.02864921316753329,-0.059921904597993535,ai/ai_infrastructure
mom_12_1,0.12652690497902905,-0.006102167886913644,0.01689163290794297,0.08119546746892696,0.3930097994832534,0.16280621907760748,0.18102144087702604,-0.020300632374333234,0.0389510303483366,0.07559473504452871,0.031318123219527025,1.0,-0.10098764674853059,-0.2050012080963646,,0.14925533460815332,0.09800699493751186,0.2969271105627792,0.3005482804204336,ai/ai_infrastructure
net_debt_ebitda,-0.09485922824119394,0.09359132754098554,-0.09925174537009691,-0.25448085727979275,-0.02661652576724919,-0.06170196511953783,-0.08987403216631674,-0.12803924629560665,-0.43984726567837384,-0.10298453242841397,-0.11380055382367334,-0.14783586960486259,1.0,-0.2302596430080734,,-0.10175189606575138,0.17424243695981523,-0.08873951499028107,-0.22968249740246838,ai/ai_infrastructure
ocf_ev,-0.2611379160381354,0.003020466664707476,0.4223750455784082,0.5083751564966598,-0.0023668417622458374,0.045467524322262906,-0.058113769205148845,0.6315813436784663,0.1029821422649729,-0.1280035732371714,-0.14160376072283587,-0.13485174860438343,-0.09974689902482188,1.0,,-0.21679658852589764,-0.4225119528011301,-0.05859378541230916,-0.0846822937157935,ai/ai_infrastructure
profitable_growth,0.28875672775386924,-0.19554298144810456,0.22405768979282098,0.33785784269448627,0.1310357020859339,0.0930579751111081,0.0032730410436272554,-0.11112951340572916,-0.06382950744234357,-0.0959467781914657,-0.051018491069197335,0.17095196478948982,-0.06197572816471207,-0.267232996704568,,1.0,0.21467260070991986,0.1853530255593566,0.2614091116517423,ai/ai_infrastructure
share_issuance,0.25240093865481855,0.06692801823878583,-0.210977667249864,-0.2326307740006866,-0.13591826112799202,0.017417313356999243,0.0030002215355108192,-0.13817890775784072,-0.29281991950393693,0.23764164857928355,0.17943648713766724,0.060133795043588664,0.18200953820015192,-0.2008934504232312,,0.11956576138100483,1.0,0.05106481913483522,-0.10449876951200111,ai/ai_infrastructure
sue,0.003245185100151708,-0.06609202732488188,0.023706138173324745,0.1768401497591852,0.23319128064547504,0.42221569214607635,0.10631919066165886,0.11544856527469127,0.05336847157401501,-0.0686686282789924,-0.025140819326269798,0.26440099520420846,-0.06944391021731278,-0.03488423408066496,,0.20782877988206472,-5.2392455354241376e-05,1.0,0.5268155320514204,ai/ai_infrastructure
sue_announce,0.05705450281517325,-0.1795046036463461,0.09342905546810862,0.28567397211185425,0.26439598314300117,0.21575308314792288,0.09243391010903171,0.16283137794506986,0.10572830299874897,-0.14050292579520635,-0.06728845342369819,0.25507432386371126,-0.1929767823513283,-0.09230585878191007,,0.29177941658974893,-0.07180602555462512,0.5206588866320275,1.0,ai/ai_infrastructure
asset_growth,1.0,0.0560432217869541,-0.011639468759102926,0.021100093349127182,0.03066130220839007,-0.0015933772965054732,-0.036934579674688925,-0.12608356783279043,0.002307861997710712,0.03379307426869713,0.06142940100957906,0.11610840165782359,-0.34517075215524695,-0.2118248529092833,,0.33787963684008776,0.4319999319597864,-0.024076533768804965,0.06703037781212325,ai/ai_software
capex_at,0.042630897103980256,1.0,-0.1319080325476959,0.27161405341995887,0.05247148701349811,0.005004820996285678,-0.02201370185181083,0.12921145755630137,0.25368381549900065,-0.09336140249925735,-0.03390109923225278,0.030287633908534874,-0.29241974097227486,0.1783673170479569,,-0.05004965998064904,-0.11671476584558141,0.03298783370013237,-0.02549313489614818,ai/ai_software
cash_runway_years,-0.13325693869892075,-0.24810891479663197,1.0,0.46088936521469864,0.13574308013334407,0.10983992533305356,-0.009349259663737277,0.36953404926828753,0.08016996562830776,-0.2827325493269847,-0.2362417401872013,-0.06328024076822777,-0.15207366598560723,0.4515425594064925,,0.2135861504680472,-0.29230517314730925,0.11537647467043698,0.20382701993623464,ai/ai_software
cop_at,-0.10143671862951774,0.21295186935126725,0.502920239550251,1.0,0.31738845806736604,0.11285886771353745,0.0015837193588973595,0.6394219631689269,0.4692909980373278,-0.4070099023947888,-0.27453369265428496,0.14390008625024822,-0.22045053595283215,0.5853779401271845,,0.5004234411324417,-0.4732464534761572,0.24877441821916946,0.25405447247631385,ai/ai_software
dist_52w_high,-0.015723483061811126,0.008029292025794986,0.16658376685989904,0.2913225777982137,1.0,0.05095840190057957,0.2968238684425785,0.3016853210305876,0.10604119153434023,-0.5116828804356209,-0.23930275434216597,0.5316318340955507,0.012443926331220373,0.018744759216119587,,0.2080094282243861,-0.22211864711018775,0.15522088163248038,0.2534326864779513,ai/ai_software
droe,0.041839888082821956,0.0006075597893057232,0.048910524153027025,0.0804617701540446,0.02292471368009667,1.0,0.05755415013814991,0.04740251949547333,0.09537617995129943,0.021859195756353283,0.015322150656210043,0.14425882417277586,-0.04928585908915449,0.06076638374804747,,0.11126661506047318,-0.03786048230972937,0.7035940451803747,0.36281659281175854,ai/ai_software
ear_3d,-0.05707578918783667,-0.016413543249510023,0.01931855565388119,-0.0025311333731022866,0.29002704038627763,0.010712108650174513,1.0,-0.02420858466330896,0.016180259023746688,0.016102335326573937,0.14574988963460017,0.11460599992676594,-0.007201407513216601,-0.04372996142321228,,0.002593146494164607,-0.019568913057277083,0.07972698664603141,0.12209745631311536,ai/ai_software
ebit_ev,-0.09099734413359438,0.05544338777973754,0.31225292268171245,0.4871761296423609,0.3339031626236107,0.06781151219373568,-0.023065744906876604,1.0,0.0730156490774119,-0.4816697003270213,-0.3590268086033593,0.06817230635221708,0.1873208570713644,0.6339388922803223,,0.1049783901904899,-0.6261843758735772,0.16746949568810995,0.1660595309049195,ai/ai_software
gross_profitability,-0.1525430399824416,0.10487979031164538,0.06529060998868196,0.47930113426936977,0.10396349150247321,0.06366565176025575,0.027063595866034407,0.0917499382109016,1.0,-0.04557097102775536,-0.018870781492266626,0.131047414956388,-0.3688030706982077,0.016165879980762403,,0.12585816785413304,-0.13857321805470973,0.13374955337445665,0.09084195283027366,ai/ai_software
idio_vol_60d,0.10971047539773826,0.016419201845580114,-0.3256287259689015,-0.3718825061720808,-0.5106212440529686,0.009278728046364391,0.05659870046458782,-0.40939054231827227,-0.05707864249703577,1.0,0.6033604370882334,-0.12265805439446482,-0.09518333327849733,-0.2452567678370351,,-0.17679850876018627,0.3995265762408328,-0.11519158389429685,-0.23125741695332996,ai/ai_software
max_ret_21d,0.05973476588712846,0.032230860233947126,-0.22617163233970336,-0.22322351575993962,-0.19900787070115875,0.005307312917129392,0.23087743278610554,-0.2402150118191277,-0.03236944738956722,0.5915898939513575,1.0,-0.06385938507505205,-0.09064042239454968,-0.25171624435821444,,-0.041222560550335643,0.2917772283980065,-0.05315344457005198,-0.0955941352904619,ai/ai_software
mom_12_1,0.08288590415959127,0.06183137004773395,-0.11743943502974942,0.10383878187007693,0.4333580213852321,0.11161498271720313,0.11525646469880806,0.10790410769083178,0.10544950763078806,0.020653863017177025,0.01218418653816563,1.0,-0.09664268815095332,-0.20477867276139475,,0.2144411933742828,0.03262116382914369,0.15733329487663797,0.19046096098866275,ai/ai_software
net_debt_ebitda,-0.24573697149361606,-0.14421368743406862,-0.12686678691064343,-0.0939198845071271,0.014694570394723968,-0.007602417821954534,0.005239818172172888,0.06974612541910484,-0.19250447884386146,-0.06430521194269827,-0.04179301264474438,-0.021821810218665385,1.0,0.03411104226168695,,-0.147779478764145,-0.16678516548488068,-0.05566096340281522,-0.047653078824995275,ai/ai_software
ocf_ev,-0.16824856267652594,0.11721942720525423,0.39956791944339687,0.44499203513692276,-0.07235087994638868,0.04706365825453255,-0.02010535196984191,0.4015386859715201,0.0615151114310255,-0.07449396153102122,-0.10993041318955933,-0.16199016955680873,-0.029587500583852996,1.0,,-0.04798434162666201,-0.5227900261501089,0.09108067390406002,0.033105772829245546,ai/ai_software
profitable_growth,0.2386271893694462,-0.007888791909834821,0.22874652261516135,0.48905347684861983,0.17376382551469524,0.07054346639081686,-0.006210062386477012,0.08604637995022567,0.08739630918121297,-0.1607738414116145,-0.06167652183069441,0.12372548361058167,-0.11354515666273647,-0.07359870330735171,,1.0,0.10418719866904358,0.2226150520963517,0.32430716234116963,ai/ai_software
share_issuance,0.45933072471517106,-0.01972768136486083,-0.24023548576506545,-0.3478593536248227,-0.11135207908220546,-0.007154732390015839,-0.028626193213043955,-0.3523047107311393,-0.19421540320823277,0.25460555786594435,0.1561844435923718,0.08327171475324437,-0.15841212521213086,-0.2826819991185881,,0.09103919737414881,1.0,-0.15110307760459954,-0.10848938485995713,ai/ai_software
sue,-0.08350512525292059,0.03377486791138883,0.1134440791328747,0.25495306355214276,0.1435133854236618,0.438215036466729,0.06625810712133043,0.13932700922977848,0.1320471475382524,-0.11063863848758539,-0.04257146546586237,0.12451448785186013,-0.02584336427377166,0.06898282526345559,,0.23379689451019522,-0.11761989270459042,1.0,0.49081805964462244,ai/ai_software
sue_announce,0.02085855582864227,-0.04873608173441803,0.22675963866661702,0.3027221346085124,0.2632198569702108,0.2037291719633131,0.08940256002855214,0.16020493051943513,0.09065111132342596,-0.22279214529500338,-0.07220168888906577,0.1733298796146728,-0.037037940126738673,0.00827412408745326,,0.3317563108491682,-0.09380592342185325,0.5015481428859248,1.0,ai/ai_software
asset_growth,1.0,0.015626214082259095,-0.012974562450105236,0.05418563398430627,-0.06644518108495612,-0.014137664202719464,-0.02642155039535173,0.0909461173685162,0.027452700615973758,0.16164206633721498,0.1406292880985026,0.1592972001823671,-0.07950989300909901,-0.13157161533660583,,0.358408511091263,0.33534590513793483,0.10362835942201538,0.21174906710615324,semiconductors
capex_at,-0.029161474474686686,1.0,-0.1438971758362498,0.17245881103983363,-0.08292843080267585,-0.032148399325587926,-0.024801639180903324,0.1655317665197566,0.00219494095336592,0.06916376550722673,0.04549905786016802,-0.055635399673739004,0.07721052248765059,0.21420720732151485,,-0.2391333990489678,-0.07954906870052827,0.011957669849496729,0.04789844047631059,semiconductors
cash_runway_years,-0.03333754112592846,-0.21757155826233546,1.0,0.40529309956519255,0.20202719670606373,0.0440307705269749,-0.018896366281857657,0.2563119920218706,0.19850121041572075,-0.321185227572801,-0.2188760775701323,0.04692280858459315,-0.01834860452722512,0.3323051987672207,,0.2409888797145553,-0.21633326356542448,0.09111681576406892,0.08609417391557964,semiconductors
cop_at,-0.03930904416210237,0.18126808725468868,0.5287483072299664,1.0,0.22777727390537575,0.06131526111420446,-0.015303176174475588,0.43018879301068,0.542881216175796,-0.34722660256106397,-0.21599010811820185,0.109533000977012,-0.034123841276133784,0.44986872218328516,,0.5041446910490274,-0.27989858585538596,0.16871421411997997,0.21903092755099157,semiconductors
dist_52w_high,-0.09913799273930816,-0.09869415130745654,0.23618091253457507,0.2546598908423642,1.0,0.14165948408996126,0.3229666139051491,0.04275246784074614,0.10800809638294119,-0.44651192353441366,-0.17963160079687537,0.42355166458030163,0.08239203627014433,-0.021418567563485213,,0.14242756722313604,-0.1638683918208136,0.16143861602726692,0.23322821634255467,semiconductors
droe,-0.01765411732806975,-0.02900337627951606,-0.012877538852726536,0.012311623521882113,0.07228052244162582,1.0,0.10080666043812596,0.024010524117453916,0.11431175218181602,0.003413951241538239,0.015228216265761027,0.3345623920560904,0.022000496772032436,-0.0765999907792337,,0.241854119019575,0.02981471100990512,0.8177169798985605,0.45094599544636044,semiconductors
ear_3d,-0.024269963117440795,-0.023843233382885503,-0.03826107025829696,-0.034038592442915794,0.33216260730837366,0.048299486233033914,1.0,-0.09632206499967216,0.008272679860860162,0.06214607637342299,0.17849199820171782,0.19359840619202412,-0.001003916865502538,-0.10877312931231024,,0.013008986712452892,0.014291469013639311,0.0940658614947907,0.11414409909267387,semiconductors
ebit_ev,0.0011492057450249425,0.16349354100640187,0.2976718335792532,0.4423509946915338,0.08959831992710918,0.043325167868638714,-0.08318588771917496,1.0,0.1593627942087332,-0.2645348476683702,-0.23940920985273442,-0.06532056262000895,0.04952724923764137,0.6454746706508462,,0.056809090301493094,-0.360131666700566,0.10953442911029836,0.028915887201229205,semiconductors
gross_profitability,-0.07072915704097639,-0.09010577192620826,0.18439371606124125,0.5096123154275461,0.10695675981135737,0.09752873927687333,-0.0006061692364162398,0.17785880672868096,1.0,-0.13743760534652852,-0.0715288785227346,0.1041406456595159,-0.22389508898685048,-0.05447331335148719,,0.3605982635666784,-0.11918166947138878,0.17736219601883527,0.17185941454178605,semiconductors
idio_vol_60d,0.1744842182514246,0.07094325190589419,-0.37151991044390736,-0.3844386468758428,-0.44301051777174,0.03730124579870703,0.09750832380825204,-0.25218324527245495,-0.1223997086025419,1.0,0.6116827219145929,0.028996165804880243,-0.14083949433584025,-0.23570737444603682,,-0.10908025241854122,0.401102893351689,-0.014881288612301721,-0.09953651443817202,semiconductors
max_ret_21d,0.12116571713540496,0.04176847589309083,-0.23740720431405968,-0.2514403291799338,-0.14799052809132915,0.024285869946959242,0.25453258350912533,-0.19512140981389958,-0.07504109224651549,0.609266086342002,1.0,0.03414880683471226,-0.09571313273471155,-0.22791415586243302,,-0.016653126290575908,0.30978957391848544,0.010297644147810401,-0.020067419835881145,semiconductors
mom_12_1,0.12894226730588104,-0.044691619070927315,0.008802241292205505,0.04171643468237361,0.3237036941442254,0.2187669917786251,0.19692965669877552,-0.02997389842888239,0.08601770535562944,0.20072297419826987,0.10753716228755593,1.0,-0.014271915779684476,-0.18218550490635183,,0.23960744491183134,0.17296986050685756,0.34789071856894693,0.3838910749215784,semiconductors
net_debt_ebitda,0.05086141283717605,0.05938564945318846,0.013566942566275043,0.04041997027316933,0.0734128725921265,0.0012633160149461023,0.007208336440256814,0.06085716102593829,-0.1259176551159977,-0.08375773868825677,-0.06521260927397778,-0.011841983330810645,1.0,0.0901431532430334,,-0.0792710382362797,-0.06710684648248293,-0.01896807850573966,0.06169829508905002,semiconductors
ocf_ev,-0.1321424112309297,0.30409843648620183,0.3813910282638978,0.4807823747322098,0.004915725817395089,-0.05372152674341976,-0.09079677128258451,0.591902495979215,-0.07276706846067921,-0.2146559533316295,-0.18270220956978106,-0.1281610395120983,0.06138417716123787,1.0,,-0.12302076812881152,-0.3860085450666067,-0.059200923512039934,-0.15868891551637174,semiconductors
profitable_growth,0.30305486530833514,-0.24689510372109635,0.2688938045041445,0.5124654212111484,0.12124751367806802,0.13830675200020415,0.009858032658854161,0.09308003943565729,0.39651003447300104,-0.08147698422599253,-0.027075855484735137,0.22331936769245672,-0.001609847362907955,-0.1564929087195085,,1.0,0.13942207116663768,0.3363341451395676,0.3831757680206816,semiconductors
share_issuance,0.35327437483962115,-0.0439517106130941,-0.1643545229170977,-0.21834300057482653,-0.13834474494732366,-0.010192728350977691,0.02718507962845822,-0.19726920910521137,-0.101366336525358,0.286517807860569,0.20089277808048972,0.14932637243549304,0.035370805184516456,-0.2245240685484663,,0.1090959169498641,1.0,0.05919435191149183,0.06607767571362003,semiconductors
sue,0.01784079310141097,0.014506208831612003,0.08862172018241615,0.18050915844983906,0.17073602475268024,0.5594885839450994,0.09684119420436596,0.12576171733318514,0.20496838330815417,0.001151416147254564,0.012168144053202387,0.3223176991668812,-0.00879832743256884,-0.029996788919467186,,0.3320195259486489,0.013220121054354285,1.0,0.5681536722690458,semiconductors
sue_announce,0.1552143565378164,0.010435123729222806,0.08737206278012187,0.20942833716758238,0.21757230190719432,0.24268844348345728,0.10295778154428933,0.03303967683817226,0.19561695051670686,-0.09156213068761053,-0.0182118629224327,0.3305074445582609,0.09669511876267049,-0.15222832169522174,,0.404050575944079,0.03634735243735411,0.5617203728723554,1.0,semiconductors
asset_growth,1.0,0.04696961271707449,-0.013485907015822082,0.07429265016505601,-0.04757434656533705,-0.008464562279902041,-0.009236940379494483,0.10210147698994626,0.03661496482032907,0.1539553598682838,0.13431756506612427,0.17299708343355816,-0.07958977696303085,-0.1238206628998284,,0.3569429089445487,0.3192119512195818,0.10449207240659679,0.21956752143832745,semiconductors/semis_all
capex_at,-0.018607697597681393,1.0,-0.13441557348059313,0.16961555812700727,-0.08934824627065832,-0.032787294162364235,-0.031076874842268717,0.2053166723607289,-0.04277100306725249,0.09606359610951506,0.06803783245992907,-0.04030685521816187,0.01104118956003955,0.23187461513532678,,-0.2523849955033076,-0.08827570481923468,0.013044582647797393,0.03615391359478716,semiconductors/semis_all
cash_runway_years,-0.02935904460086128,-0.20492204507092018,1.0,0.430312386799509,0.20626672510388463,0.046770500406553596,-0.020589696586117562,0.2845434683992043,0.21405084580891268,-0.3343868781088409,-0.22580169793595845,0.04037767829819669,-0.037641896455721385,0.34043888440411196,,0.27793149222807273,-0.2342393933266436,0.10703638925583209,0.09838673549077478,semiconductors/semis_all
cop_at,-0.019105092577750615,0.18147615013149856,0.5506922250377171,1.0,0.22788578554513186,0.0642243961823976,-0.003184208413196101,0.4939141319193975,0.49620763034819,-0.3371088460219567,-0.2204320126158262,0.0980406424381522,-0.05098529993370711,0.4670191995869868,,0.5081645868071218,-0.27371354232245304,0.18405053666344987,0.2633083550104377,semiconductors/semis_all
dist_52w_high,-0.07388488691396415,-0.10330719262779033,0.2432479684149762,0.2544097431726898,1.0,0.1391706095191043,0.32427410334619117,0.0448552492472784,0.09190764382478864,-0.45766646563075924,-0.19329666753517302,0.40963270326305673,0.07282743053373761,-0.0425280996258133,,0.16423203484343693,-0.14931156386483224,0.16294998909713654,0.25171445153916555,semiconductors/semis_all
droe,-0.006663345430053542,-0.03305082857330438,-0.006552648241790241,0.015284393356306322,0.08012818781921542,1.0,0.08928083218717046,0.0240312771889416,0.10819827973454904,-0.0003878870896576844,0.010746887670021393,0.33831176343540537,0.014463609944484727,-0.07368667044392697,,0.2493972684000639,0.05711496867116809,0.8173929362208523,0.4629500936017153,semiconductors/semis_all
ear_3d,-0.002570280231436347,-0.02406320067086589,-0.040565482580717335,-0.030669968586453458,0.33470541568689377,0.03927961929535112,1.0,-0.11400226582008564,0.008242766073544471,0.05682579293992445,0.17924792015587762,0.1995083704142067,-0.007079742732478203,-0.11660991441350266,,0.029725628490428518,0.03711917073420957,0.08779024607977934,0.11776742338669012,semiconductors/semis_all
ebit_ev,0.002370696613113774,0.1994398771157644,0.333786082714133,0.48265248438042085,0.07526196142242288,0.036153887240812234,-0.11062942082644843,1.0,0.1648541303785832,-0.2853493296383658,-0.2631202715506541,-0.09109123728211924,0.07351893831689627,0.6522087450631041,,0.09501480306119037,-0.3936327416287458,0.10349474923293388,0.04578091901239507,semiconductors/semis_all
gross_profitability,-0.059381326517441727,-0.1394600682756361,0.20503334487915,0.4664489726666253,0.0935022375943078,0.10313762909299513,-0.006787898364064199,0.165607405648197,1.0,-0.11858653049495368,-0.07462400664541212,0.08202382643072018,-0.23181414108480816,-0.06863644218211098,,0.33843585852664004,-0.09278424974991131,0.17211648687620013,0.20544651355683186,semiconductors/semis_all
idio_vol_60d,0.1713930116068058,0.07469427625353015,-0.38173087678534856,-0.38507056499997266,-0.4485076751560897,0.041245150857137425,0.09296017128505263,-0.27186482520338406,-0.11665861490325152,1.0,0.6270150509865638,0.04177961754792081,-0.12986700402006102,-0.21506257075732949,,-0.12673153490467817,0.428441322137716,-0.02334487274418781,-0.13208729374064415,semiconductors/semis_all
max_ret_21d,0.12451725292701865,0.0493422564822108,-0.240638521162768,-0.2523555120580767,-0.15246569878006688,0.023077705134076386,0.25270828647849863,-0.22210960742164038,-0.07834851243484334,0.6078581766131832,1.0,0.03993014164168025,-0.07824956875532228,-0.21288656123196267,,-0.04434514277531476,0.33603245045235675,0.0012616017073900552,-0.037586013105255306,semiconductors/semis_all
mom_12_1,0.1615980684453335,-0.039020451771016394,0.009899111793845597,0.03849168488772734,0.3172589242533321,0.2396555961259901,0.2025226758730834,-0.04997985058153146,0.07091928941473195,0.2108863352845926,0.11597804420050849,1.0,-0.027712673150070317,-0.20144002988474868,,0.25237014138037356,0.21910346016646104,0.3468447473618171,0.38664199556677226,semiconductors/semis_all
net_debt_ebitda,0.08043609705243591,0.03159987276555484,0.0006397834690218191,0.027260076768835052,0.0461692131546333,-0.012163102693648238,-0.003482538216066727,0.0652592540797475,-0.14106014323400048,-0.04785387859207133,-0.04114501634419173,-0.028839467415406342,1.0,0.06266806747915356,,-0.06484187586500158,-0.07297681889360697,-0.027848079508449624,0.03751994402642731,semiconductors/semis_all
ocf_ev,-0.1336699024141825,0.34928875734683934,0.360369861076982,0.47801505023258706,-0.027794156664517677,-0.06399352703139974,-0.09441401036591807,0.6383741695386111,-0.10301354675062778,-0.18250661687897116,-0.15561217311201786,-0.14570152910256098,0.02020565128305003,1.0,,-0.1106792065826582,-0.42706488320215363,-0.05645888507353918,-0.14984869671792592,semiconductors/semis_all
profitable_growth,0.3232629092560053,-0.27354881200278447,0.3098681415445518,0.5113405575325927,0.14934634492246818,0.15792862033355784,0.025743758615828036,0.12342432589560919,0.3730358057818515,-0.10182396092130377,-0.046440192209408426,0.24256590005385353,0.03775444940049061,-0.15129627805919305,,1.0,0.15423358756357142,0.33283832515358924,0.4335976498116101,semiconductors/semis_all
share_issuance,0.31981316254062153,-0.045256259390981046,-0.174501050992879,-0.21348112243720532,-0.12046100522132959,0.015752052613748513,0.051374456082232435,-0.21923941978810993,-0.08073072546342923,0.30343960779182527,0.21752670417580103,0.1841931435111704,0.04619875223238126,-0.2419854124976013,,0.12475640424143149,1.0,0.07650420852437839,0.0813395743205051,semiconductors/semis_all
sue,0.03421806993216139,0.008559125820785553,0.10098327296034258,0.19003488115215236,0.1739981752186296,0.5752630205450928,0.08928284591766991,0.11247639336014223,0.2018254535192946,-0.007021162910831063,0.0027290033099519133,0.3256868141667515,-0.015720059404378314,-0.035197680599468546,,0.32970855762258383,0.046954767729015516,1.0,0.591857442155295,semiconductors/semis_all
sue_announce,0.19108645108957353,-0.00068463215327075,0.10606706955179405,0.2427932388865157,0.23802582071999673,0.25496442760378873,0.10971334495799723,0.0424003529568913,0.22164823808840922,-0.12051449295627666,-0.033288078344553114,0.3351762075001061,0.09189809671889479,-0.14863534553792856,,0.4454467161896046,0.05238653072373571,0.5797646282439631,1.0,semiconductors/semis_all
asset_growth,1.0,0.012524234772716998,0.05287392185681662,0.0010371550799704355,-0.017261254263923997,-0.04368403208740963,0.03251401416701836,-0.16852967765654606,-0.0461114798362714,0.152464583202287,0.15488817572711278,0.16838216712612425,-0.2403789380963006,-0.2912831664477191,,0.40122445293612047,0.44146081387289937,-0.06529598513782894,0.1109718515221789,cyber_cloud
capex_at,-0.029783462523854,1.0,-0.15153114966734,0.20260749791781288,-0.03332196912970945,-0.03310672219158128,0.002070720618669246,-0.04691649252177632,0.2855176023851937,0.06462409997752205,0.05633346203196076,0.006204548397534931,-0.19899924763235585,0.01368795456943581,,-0.06562707728267643,-0.012148464311353522,0.0005608572227811019,0.005584306605576549,cyber_cloud
cash_runway_years,0.004225314435445881,-0.2803795349597086,1.0,0.4110706115896351,0.16986026274494948,0.07748737117489593,-0.008248156464700155,0.31385769090691784,0.004884622094169449,-0.2626884324516996,-0.1988929558967599,0.02878765306942167,-0.11900383359979999,0.38270971459430814,,0.1621903246796358,-0.2089620616734995,0.06250624580194719,0.10374569814642008,cyber_cloud
cop_at,-0.08762286045266385,0.0925072688471049,0.512023072189087,1.0,0.24347902875738597,0.1122804318946112,0.02712327326364552,0.5024530104174929,0.40233777573109647,-0.35406296137481935,-0.26428785360917645,0.08518541723491779,-0.24193335465753738,0.5490921957478655,,0.4107773358049345,-0.38263025079771457,0.2382319430098393,0.2029656124981361,cyber_cloud
dist_52w_high,-0.03743957524270443,-0.07498972348216525,0.21694925440659776,0.283939546034197,1.0,0.11936629702955168,0.33592964406757203,0.23489335880013013,-0.0062987153020780985,-0.4598412589305361,-0.18776418258362382,0.5317371335432169,0.06377150292150849,0.03169497003762417,,0.07993449565091884,-0.1923249259097996,0.19884940541011203,0.1991578378485936,cyber_cloud
droe,0.043845026476356984,-0.0236123754246147,0.06531758949696943,0.11522149931342475,0.07753417020687786,1.0,0.08695038434655963,0.03436528402978553,0.05196773107656998,-0.030189350655946415,-0.004020727920610797,0.1513986722475663,-0.05938084568857331,0.03397963101732444,,0.08421704224602404,-0.07970592781453022,0.690772849007383,0.33800809099503254,cyber_cloud
ear_3d,0.02577177782167319,0.005098187157954197,-0.005569990480599601,0.02993517892388392,0.3470829865440424,0.03455463770507613,1.0,-0.05038460344717392,0.036303045435855046,0.045054118228513934,0.18930628207421576,0.17998601032164013,-0.010932599851891179,-0.0849819970436291,,0.019082812828155587,0.015929758700736454,0.07843941219677297,0.07923772589538638,cyber_cloud
ebit_ev,-0.11703463981204501,-0.058618875308371336,0.3134570116945941,0.45856227859074244,0.27209199179355015,0.09348687242660757,-0.02688609114488981,1.0,-0.04266403476257316,-0.501855430291394,-0.40531492376063233,-0.02024872102898035,0.24991297200707493,0.6912483446230505,,-0.057229936746132484,-0.5724079013010389,0.17299964351378883,0.13551686253647066,cyber_cloud
gross_profitability,-0.1445680831299699,0.20627246424713933,0.013362117716808833,0.38646273564644834,0.0009273479480971282,0.035623290582755714,0.03903206406535441,-0.04662248672194747,1.0,0.0960236006183501,0.06108794931393024,0.05489671321974155,-0.39904210029024256,-0.04006071231380091,,0.04025701678595195,-0.08326818853483337,0.10607192159013404,0.028652535305370205,cyber_cloud
idio_vol_60d,0.14907403092031404,0.11212460034557718,-0.30397472760168953,-0.37160309728633023,-0.490889849440308,-0.0576042726203927,0.021586235342338937,-0.414970751220902,0.08221004916043191,1.0,0.6071057922297266,-0.06367942048285294,-0.18290558248439426,-0.35043017803107707,,-0.011161059328125542,0.4190599765332133,-0.14278232151263628,-0.1403348041057473,cyber_cloud
max_ret_21d,0.11736404112697298,0.07137844430075953,-0.19676206233417465,-0.23652127626592892,-0.1597123361652201,-0.01936070662700883,0.25324574954015683,-0.27420205302575534,0.04332009789278925,0.5911383359956386,1.0,-0.03021544910706749,-0.134995025171005,-0.3344677678554768,,0.04404412759766899,0.3267375981426144,-0.08060663663458184,-0.06589105484940108,cyber_cloud
mom_12_1,0.17703947291030062,-0.0077584032148917785,0.009842960806356464,0.0455263194004971,0.4543108248395016,0.08194312365079556,0.17974095991425204,0.007221233065447692,0.055826912607514455,0.04965963753460946,0.03052058400621317,1.0,-0.07984150962765825,-0.21323450942338998,,0.14418811446485943,0.0835158621799335,0.18091590635238294,0.17999826778263772,cyber_cloud
net_debt_ebitda,-0.11889292193940199,-0.06723832861930415,-0.07843582069111908,-0.07580126790554749,0.03561507071245682,-0.046953294415909085,0.003555399989703616,0.21569271912793037,-0.27272633266901747,-0.1350803615339867,-0.08558250192591657,-0.07080877588288116,1.0,0.09357334016973869,,-0.21567128798632926,-0.1325995704739098,-0.056404536727402754,-0.020258074741872682,cyber_cloud
ocf_ev,-0.24419465943441035,0.021007278560009907,0.3799814513116024,0.48547406606928645,0.025890303907353602,0.0409918376802855,-0.06791790764410063,0.5862859968158517,-0.044388378859104835,-0.2691920781603009,-0.22957475336579,-0.17978776879349218,0.08085035841896634,1.0,,-0.13113503872653834,-0.5297289659438917,0.07551764337150584,-0.02738695234979423,cyber_cloud
profitable_growth,0.28574287843640894,-0.08813595192070424,0.15983790330236683,0.39816992570847703,0.08635023322480544,0.052326744968962925,0.02094689271295622,-0.05445311678154936,0.020788476523174632,-0.027569890926606232,0.007779785950221101,0.11801695475501014,-0.1435034089452453,-0.16097564101817946,,1.0,0.17633610759625476,0.14056058497925172,0.2977006851554123,cyber_cloud
share_issuance,0.28570189804566953,-0.015344486045021125,-0.12782056889850915,-0.19272624943954234,-0.11676770040909201,0.019487154302346914,-0.004206399686620657,-0.15840731829895868,-0.1747571644518094,0.2016321569618219,0.14589998679902788,0.046404509178479526,-0.04871740681882707,-0.24449232319031505,,0.09972549029964657,1.0,-0.12886851224852627,-0.07826992371826719,cyber_cloud
sue,-0.10300703504710465,0.021404812585591584,0.05654546405016144,0.22981482743045273,0.185313710148468,0.3801591859198533,0.06520216881779572,0.15145597026716592,0.10667718757449522,-0.13026051177887138,-0.06954863745825329,0.13953363727719947,-0.0016286779926114499,0.053187916459687845,,0.1370057546102071,-0.06286365500153068,1.0,0.49430586990586817,cyber_cloud
sue_announce,0.03183184775265989,0.01158571764198289,0.1037985601511054,0.2190981178939358,0.19515857054793204,0.17853455469157792,0.05887754359071153,0.1301696907392259,0.02312349460866129,-0.14607283334502363,-0.06994624205415617,0.1419494729596745,0.051948607381492276,-0.024671473322093577,,0.2844517086544402,-0.098455110150448,0.49836857680007285,1.0,cyber_cloud
asset_growth,1.0,-0.021785530290284794,0.03823435706994344,-0.03602868339060362,-0.02401690712206837,-0.03572970172356118,0.028654051902727073,-0.17187383253564234,-0.07211650012055734,0.15450664939484957,0.15870267650400433,0.17285835632953636,-0.233671572050465,-0.29793678533697626,,0.3754459108029983,0.422526094759188,-0.055869179234061886,0.10988164167434346,cyber_cloud/cloud_saas
capex_at,-0.043616301835473374,1.0,-0.19378699952207004,0.17694134273729437,-0.06559489897964886,-0.03998785661369388,-0.0012367015668282523,-0.06776879525222543,0.27696880112015404,0.08440556826119652,0.06880201503315089,-0.01203080357684136,-0.20433811701498145,-0.008732041109441127,,-0.0882816062684741,-0.027432856867429474,0.00211475879644323,0.0005840922542569399,cyber_cloud/cloud_saas
cash_runway_years,0.0010484390532474856,-0.2749747960272666,1.0,0.43259414486532716,0.16308987030517022,0.06769007977290231,-0.006080101631481742,0.3205980380808791,-0.005510035950278936,-0.26348990692628244,-0.19872072259776752,0.0141027250912062,-0.05722314554623923,0.424429377028033,,0.1680505300637386,-0.22706403976922473,0.062016385961434516,0.08400290143983301,cyber_cloud/cloud_saas
cop_at,-0.1067735859203966,0.06880977669416526,0.5131327212326264,1.0,0.23085416391605254,0.1028349888719908,0.019565296096016364,0.518413210545801,0.36781780027607364,-0.3628997059327083,-0.26528683838623623,0.06190571277380894,-0.20754926226607964,0.5708444533973468,,0.36812347437549575,-0.412449144007063,0.23066468870240026,0.16502833612161286,cyber_cloud/cloud_saas
dist_52w_high,-0.03099350443954883,-0.10192237124681248,0.19666744281213724,0.25477771284108847,1.0,0.10568784786709991,0.32897953987000267,0.234925047951855,-0.04391866068535195,-0.4515142130127481,-0.1815823149745436,0.5162961774064979,0.07694180358681203,0.04133988150021771,,0.06424434782737454,-0.19631813604579057,0.19101637650046202,0.20303749808617041,cyber_cloud/cloud_saas
droe,0.03358696859795215,-0.026432420906922053,0.05984005108507846,0.11001631233863783,0.0723279017696806,1.0,0.09275418841638021,0.018907173017439806,0.03532020991882182,-0.016668722740353564,0.007311479279157789,0.14331529906786938,-0.06358950536978895,0.028606246511378924,,0.09002272263403753,-0.07747969776944695,0.6832530676589427,0.33063897994722025,cyber_cloud/cloud_saas
ear_3d,0.028278037662629273,-0.001863174165100371,-0.005005129208196572,0.022228506418601787,0.3402053976894007,0.03508685355368291,1.0,-0.0490015992088567,0.02215657303609258,0.0551033470782111,0.19372693109636063,0.1786222470557759,-0.011887221175793905,-0.0806029388758178,,0.010402422634132455,0.011048865727876476,0.08420748522242448,0.07385975481066091,cyber_cloud/cloud_saas
ebit_ev,-0.13538542954865423,-0.09498889083874996,0.31903653507554486,0.4471571740957101,0.24029453760827485,0.08390740935146515,-0.035880251952645256,1.0,-0.06318031028864357,-0.503964628437934,-0.4044196843912147,-0.03353809757502139,0.267544447906665,0.6935986477817071,,-0.0328036939754192,-0.5759905860025412,0.17195031044771986,0.15732874940823632,cyber_cloud/cloud_saas
gross_profitability,-0.1500702535790962,0.2101064297278097,0.004657883635616172,0.35289576188217775,-0.04021496588867178,0.029190554497376012,0.02443276015436082,-0.08208355664103754,1.0,0.1288705898715618,0.08311119703582938,0.03059202009191426,-0.39358613037470536,-0.04356554931030682,,-0.014706430146492148,-0.08737670359193317,0.0920946121372604,-0.002560914332784712,cyber_cloud/cloud_saas
idio_vol_60d,0.15226936511654857,0.1286061378692425,-0.29550123589473437,-0.3594350068765082,-0.47637993965431946,-0.052937055686712815,0.036684524053215796,-0.40271482947182274,0.11046977429543887,1.0,0.6109170242947933,-0.04774141657966028,-0.18679773319917573,-0.3670602299477692,,-0.02148411268319851,0.4214315263374221,-0.13607874129196618,-0.15065825223004378,cyber_cloud/cloud_saas
max_ret_21d,0.11588765552289107,0.07992524133972403,-0.19463586305625744,-0.22663807564011734,-0.14833803451288746,-0.01599239028496146,0.25875754519916594,-0.27057458457365363,0.05948809069523602,0.5906607226280415,1.0,-0.015940495568537723,-0.142602522652691,-0.3423087606294289,,0.0452689441939593,0.33071962850409253,-0.07659251850419507,-0.07334269868765055,cyber_cloud/cloud_saas
mom_12_1,0.18327003609291953,-0.02218713035114886,-0.005320876822028197,0.021665028554231514,0.44619085176046536,0.07846633222714729,0.1797843335618715,-0.019793501046815362,0.03816276020136466,0.06550141956257903,0.03589976654620726,1.0,-0.08135541084671714,-0.21849898642911797,,0.128901190886221,0.09498459031447548,0.16649144868233334,0.17542630230734158,cyber_cloud/cloud_saas
net_debt_ebitda,-0.12293029036023485,-0.08410396535309685,-0.035748492681292064,-0.04666319779656251,0.044301082299391184,-0.04757663873595916,0.008014503329403507,0.22007069185079328,-0.2739823384578976,-0.13905614468262817,-0.08771564862347461,-0.0724177728410884,1.0,0.11421668356490995,,-0.18175771913835248,-0.1456332554910177,-0.0633348392919062,0.0003584612319501282,cyber_cloud/cloud_saas
ocf_ev,-0.25374433652169426,-0.01118951810197296,0.4276876010848495,0.4834181278773578,0.01147015886146369,0.03755742386047921,-0.06962448250485573,0.5929327100545528,-0.039958950528747025,-0.2675796765101518,-0.23081413073761345,-0.19169305918598306,0.09529239017443737,1.0,,-0.11068219658693089,-0.5424371548281992,0.08308328184558116,-0.02499565751943146,cyber_cloud/cloud_saas
profitable_growth,0.2745092817594907,-0.09003413464979036,0.18301518627293892,0.3528679705705429,0.07599945630668198,0.051599645909507504,0.014103902716380968,-0.06036125151767174,-0.0387865701976892,-0.03739487547540623,0.006665764883186215,0.10337861892613837,-0.10322448271658295,-0.14887427729054664,,1.0,0.17216849119993805,0.1400795360835622,0.27713471137756784,cyber_cloud/cloud_saas
share_issuance,0.25896049589209436,-0.031909760193852686,-0.12022040290559063,-0.20276654509778347,-0.11853604133163871,0.02240138016261159,-0.006501828418365725,-0.16056027445889154,-0.19845703476947574,0.20332686783275386,0.14807428086165011,0.048743942918218125,-0.0697029712778854,-0.26071149753095624,,0.09332272637668396,1.0,-0.13272678672050656,-0.07624944605370786,cyber_cloud/cloud_saas
sue,-0.1065030309006583,0.016594527449832155,0.05380783486066254,0.22029318234271783,0.17987254568594496,0.3669376453207986,0.06876834653250233,0.1475943454830752,0.0974239009515536,-0.12782729015685843,-0.06863940868399605,0.12470422930005304,-0.008912272717683311,0.054932998848698636,,0.13713445899278717,-0.06474620081469297,1.0,0.4958057487130292,cyber_cloud/cloud_saas
sue_announce,0.049244100491155726,0.01658292101558218,0.09554837893824684,0.17709603266898397,0.20058610343412017,0.17008800363187396,0.05335383885430587,0.14481051072588436,-0.0033226269287359397,-0.15360281811940357,-0.07415897144583306,0.1398632662618948,0.06956016456345333,-0.024328410754834065,,0.2640286227368879,-0.09327773604156382,0.500747846414444,1.0,cyber_cloud/cloud_saas
asset_growth,1.0,0.005519553422374703,-0.0612784410634409,0.029180250063325502,-0.032457375586820325,-0.08248292719189192,-0.012940956074241219,-0.06538068430824452,0.09552169577731749,0.0683913994526716,0.05981115510773123,0.07444383504051959,-0.024830865136614345,-0.1397432349996168,,0.2689449230092109,0.35578170224766487,0.03723307403696621,0.06131720531428739,defense_space
capex_at,0.01945348280097579,1.0,-0.2591782349657534,0.1970241027193793,-0.1469524161489945,-0.029838557664362702,-0.027367080003584145,-0.03704241521207078,0.2780523620978548,0.16514912000526955,0.10604229145006223,-0.07358845679717323,0.04380362673682726,0.2244350280406464,,-0.1397852366562179,0.03763417582134215,-0.060789776200627844,-0.10752645605134001,defense_space
cash_runway_years,-0.0536759410227739,-0.4692636081021805,1.0,0.39257303047546366,0.21927686931396762,0.05439028347885199,0.015071398590590358,0.35031213447949244,0.0961932951374608,-0.3209749517255143,-0.23674298734239554,0.058266268165585826,-0.1572554948202902,0.33807664353572364,,0.29002124611763996,-0.29749095844782886,0.12423591321198164,0.17992345849167188,defense_space
cop_at,-0.0888272546190606,0.12143218457184744,0.4150232350431098,1.0,0.22470860126749667,0.06411502772662703,0.029284940002854414,0.3919288654962416,0.43832694176980824,-0.27819688739973714,-0.21958248773499656,0.11301708399818426,-0.20747680518644152,0.5934271911151883,,0.3843032670924208,-0.3258305554423479,0.17067252305453764,0.20623796671431896,defense_space
dist_52w_high,-0.08277508491037103,-0.1784240134279067,0.2200585794816844,0.2322772953125336,1.0,0.11332271137981502,0.2869051300826855,0.11569739597452885,0.017295151095203472,-0.5235590937914588,-0.2554821272169506,0.46352038066229173,-0.012726849140768536,0.013661850913809646,,0.18761839020743543,-0.1844310824274315,0.18166710495192334,0.3160150869848405,defense_space
droe,0.01765806945005006,-0.02013142366273336,0.025741617005740295,0.006663772583614721,0.05838994493592913,1.0,0.13848641051341976,0.04660006224097073,-0.008654499401483889,-0.06947009280861258,-0.008567507352999323,0.17628035264576147,-0.0635430900570599,-0.011009214210486161,,0.09982487366417168,-0.09265888051924438,0.7312126742501338,0.36735635917283377,defense_space
ear_3d,0.004035261722639602,0.006145266041868339,0.012889098356951104,0.023570712848713045,0.25977868044025676,0.06534534180040429,1.0,-0.0795289255982636,0.006417905159016523,0.016493078592923992,0.1593630846214416,0.13458516230096515,-0.0044970476500152895,-0.04469111518690923,,0.04566708936545265,0.021122601521964973,0.13375579722684341,0.19067364100563333,defense_space
ebit_ev,-0.10698555534729084,-0.0492344715429006,0.29355562120148365,0.396597238596941,0.1259363656313872,0.06746672929162609,-0.06298455594135777,1.0,0.13753280808856522,-0.32029660569051593,-0.292671884747226,-0.0912385505593562,-0.23586356319136473,0.5302171891292612,,-0.019251840125182672,-0.4721124780944832,0.1324484081480408,0.1802381615659441,defense_space
gross_profitability,-0.025869645005820976,0.18965626347432246,0.03255703525862646,0.36996043714587995,-0.009272367044897286,-0.03574343298649745,-0.005459994957839747,0.12617415735223247,1.0,0.0258607257672091,0.015328805908491783,0.042850180143899214,-0.25533746135259444,0.14405772004610895,,0.08448647254351199,-0.029264352185339678,0.04821592982299744,0.020503391305828976,defense_space
idio_vol_60d,0.11140941630440505,0.2263425686423771,-0.30338780092939555,-0.24381185123973198,-0.5334428787950982,-0.018652291730539044,0.08229202532654425,-0.24359782699812413,0.047631859744797084,1.0,0.6378771487362512,-0.08534545373698758,0.0350516600347691,-0.15986991303934275,,-0.1656951188558616,0.3912876000611772,-0.12514608591945517,-0.26478089984839254,defense_space
max_ret_21d,0.06567580444918714,0.13198803430713044,-0.19464797966950792,-0.17871870364879366,-0.2346965434537288,0.016577873991732082,0.2644796533647126,-0.20134349992936293,0.0375173115727434,0.6497482495879255,1.0,-0.06541055235479955,0.022766358135070313,-0.17470587079582572,,-0.08006059471397328,0.3095360135120763,-0.05542181701211845,-0.1418488304203662,defense_space
mom_12_1,0.062452679608040206,-0.04309609100136304,0.03528932380794752,0.1169197745508053,0.41846653287332264,0.07077302654614705,0.12759578211979147,-0.027439387816046167,0.046125400642434505,0.0029699611069216375,-0.02425678706273615,1.0,-0.058109716983715885,-0.13954587211860292,,0.2353580908630424,0.0827247063384323,0.2175921863617286,0.2593092331674466,defense_space
net_debt_ebitda,0.029326794336179653,0.030960779380942185,-0.17145884717752283,-0.14453371738891665,0.012272737089212496,-0.06735996160709472,-0.0021756425773607757,-0.17569712349482197,-0.15023448196096134,0.011061794419946943,-0.0013101804719732556,-0.03656299557880206,1.0,-0.04438556337752669,,0.030601279902464702,0.16733304095830628,-0.057385772551208344,-0.07593381441203688,defense_space
ocf_ev,-0.10596289267849204,0.1815156667429157,0.22649318875550573,0.507853089085204,-0.01843752315997577,-0.009377145921937913,-0.043836876726726696,0.5379621579185762,0.1188597855378418,-0.08416202803715851,-0.09951057618707115,-0.10279106057373441,-0.09914876287028357,1.0,,-0.06440717437976691,-0.36611639812030006,0.007487753843465849,-0.02015863566253886,defense_space
profitable_growth,0.22724337016289972,-0.21278648034918765,0.2865455516095985,0.4137627603604587,0.18573136470024162,0.017077033991114366,0.05118280793869825,0.007759656483395734,0.07434921725904846,-0.13785228042131017,-0.07125042622821275,0.2298405874043708,0.029536585293263803,-0.09271472613258681,,1.0,0.12630214410597362,0.2431905359255793,0.3354419400698607,defense_space
share_issuance,0.43802020275067877,0.04179049800959576,-0.15380262978843443,-0.21494960762385032,-0.1187983346973563,0.013592670237762278,0.03015047531897004,-0.23173006925904605,-0.07636002107290654,0.19473087975836326,0.15042107089965503,0.06624059647941147,0.0942597035519162,-0.21149258712892197,,0.09065293011575457,1.0,-0.014962513133290906,-0.1123791091615329,defense_space
sue,-0.00675818575120276,-0.056017982001940435,0.11829270219264267,0.1619010925349061,0.18550817621479473,0.40731186493923016,0.1197519217783612,0.13560579023286465,-0.003736858753197239,-0.10636371240971655,-0.04179718142247326,0.1608355641923916,-0.03775062997669346,0.0159997544776988,,0.2399694796732496,-0.04249297859737048,1.0,0.5567391613660025,defense_space
sue_announce,-0.001380009757725518,-0.1422823165195421,0.17572467718224077,0.18495403243853184,0.313335046373643,0.17945107899575435,0.164272106317319,0.16388270708269606,-0.06991915726161414,-0.2369625024135051,-0.11196220374759822,0.2033308174320263,-0.049712363283253416,-0.03899397480529471,,0.34776047698109286,-0.07223584775471786,0.5404666851733828,1.0,defense_space
asset_growth,1.0,-0.0392622977955704,-0.0052429214664407335,0.06429203888475794,-0.026964824185206734,-0.0797394611316726,-0.025102558305884266,-0.0470323410784785,0.15015295094105804,0.0570237030666326,0.050937740791944616,0.09837057090447268,-0.02213932194955536,-0.1423704160339242,,0.33685447552015985,0.32536987525860245,0.09157897852224879,0.11923558212310331,defense_space/defense
capex_at,-0.037197301162655974,1.0,-0.1809223911710338,0.1848014248363482,-0.09527690550769066,-0.006886093245686805,-0.018295740019084503,0.029786443127699163,0.3009580841843734,0.09111627387782424,0.056245391051944496,-0.05254760504054835,-0.20590549256009477,0.06664528697654944,,-0.11772936507140365,-0.10776361534977315,-0.03376053982768554,-0.06395702208686588,defense_space/defense
cash_runway_years,-0.03186139882827022,-0.2331860264486877,1.0,0.411581179933613,0.19605152463746858,0.04638058376296348,0.040882033520184796,0.23249303452424144,0.07051935810943331,-0.2801225873574157,-0.20955537443885233,0.07640590107432174,-0.08916753262028362,0.4332680786908906,,0.22280218280548034,-0.20326398762066694,0.10740412270550781,0.10203421408118364,defense_space/defense
cop_at,-0.05696797444669595,0.2567124400266586,0.46462125179712577,1.0,0.22103216736354342,0.07921268352271948,0.05456475462523052,0.36595470920721074,0.36689060914728805,-0.2583859170550301,-0.18811586594420424,0.17098353818512985,-0.23989565897432719,0.61067150286497,,0.35238945760024004,-0.3435560212300865,0.1820697050208646,0.22614175152404387,defense_space/defense
dist_52w_high,-0.040761468252244734,-0.09234318650733989,0.2250146193380194,0.21436666388830955,1.0,0.12506890825947306,0.3026646492084811,0.03508415725605368,-0.005164712963163783,-0.48165041570195,-0.1929114105133909,0.4541851468911082,0.11642534945145763,0.03239209447650728,,0.18489589921810098,-0.12675448275262932,0.177765493003369,0.29519561447100046,defense_space/defense
droe,0.013545743947492275,-0.01004318481720515,0.04916733340858647,0.05169984016858498,0.09677939387742986,1.0,0.14232900942331903,0.017383340986279014,-4.034907919644867e-05,-0.055620238430951714,0.008675874183408762,0.22401048389473158,-0.03938949434732894,-0.009462570675224631,,0.10873696544780483,-0.07785566789978081,0.6976670625144819,0.325664148994509,defense_space/defense
ear_3d,-0.018949235034202472,-0.007424618682882298,0.04457567288906253,0.04366478951240753,0.29230508227037916,0.07677738553068358,1.0,-0.10179619173176686,0.01024359497705118,0.017520812235297178,0.1684514948334714,0.14548501270540784,0.032136303689237804,-0.03396544139275352,,0.0639226601540565,0.018847269135118316,0.12791876000377692,0.18361612422874787,defense_space/defense
ebit_ev,-0.03600394853944823,0.06925156953647821,0.300361386853738,0.4418294649508241,0.09340304630169813,0.06946498140154732,-0.10299791809258185,1.0,0.14579307726502352,-0.26636951969612344,-0.2634033411693705,-0.1255552975240295,-0.12676539791562125,0.5552093688701869,,-0.10788584304274676,-0.42485180146527757,0.10456597075030244,0.0824579013952023,defense_space/defense
gross_profitability,0.03617792312283763,0.22076956652908902,0.04153742359790005,0.3300736204180723,-0.04695515579571113,0.005888241913023766,-0.008241815840225727,0.18965157722359713,1.0,0.05142531822177486,0.042614919986455786,0.07763967902544779,-0.3390678063830773,0.050579870980494025,,0.10144282636322398,-0.025963275332744666,0.05685164498460556,0.04709112293261441,defense_space/defense
idio_vol_60d,0.09804641674735443,0.08106153492973012,-0.3005679254363677,-0.20345137098399088,-0.5163257740914734,-0.017471734294248017,0.0510373920650326,-0.2669427278521995,0.08861355722114994,1.0,0.5978471746130767,-0.06451657040587043,-0.12135041328261573,-0.19308241423960912,,-0.11036888339149999,0.34788682195183684,-0.09274951611652221,-0.20421951120500553,defense_space/defense
max_ret_21d,0.05809043656984472,0.05745827504225517,-0.19508540667194632,-0.13955597212637716,-0.19726405911955155,0.010249478505145659,0.25719353661053695,-0.2321393930020039,0.06573804332291601,0.6376468840204411,1.0,-0.029204959197809337,-0.09379826027690805,-0.1952542149523256,,-0.02359302124938929,0.27516511318419595,-0.023172428027947934,-0.09658999917860958,defense_space/defense
mom_12_1,0.12391603846093645,-0.03381131629714183,0.046273606533620365,0.1672672766227618,0.4094556925707268,0.15049631878355862,0.1441118281879328,-0.0544703525964834,0.07682543942440113,0.03746400862417123,0.020535443074933428,1.0,-0.010342916865265459,-0.08556984026640108,,0.2889111122514501,0.11666673191484705,0.26898321827538413,0.28716402503964034,defense_space/defense
net_debt_ebitda,0.021115465964826892,-0.10125697668756668,-0.20399164260733624,-0.1747922561026358,0.11074592395976819,-0.05487298159971502,0.016100000815670725,-0.06584573548600799,-0.23480895784656938,-0.08921033003570106,-0.05733659429036684,-0.008097564269929492,1.0,-0.1368550530414773,,0.09803586461646624,0.07097027816917471,-0.02285446433629631,0.06615498055565035,defense_space/defense
ocf_ev,-0.14686674291055604,0.08462849794187488,0.496632338071443,0.6613579749743842,0.03533508617902826,0.009132226205114453,-0.03879588846545696,0.5808033177738288,0.11511804693870557,-0.17452330815037198,-0.14854115216462963,-0.07065053222532859,-0.16527380818726561,1.0,,-0.08525704427170043,-0.44062700506113195,0.012200671067767406,-0.002958315429813195,defense_space/defense
profitable_growth,0.3061820769756807,-0.12216599440397262,0.23823112248117997,0.3890348086892911,0.18454785341435645,0.04627546849573427,0.07290672425605182,-0.03502243594808373,0.10036883094231368,-0.05027177839914003,-0.010184827862993323,0.3131779750820319,0.1321512125121986,-0.057919380717197634,,1.0,0.2191768409708987,0.2723616646300293,0.3513930457588804,defense_space/defense
share_issuance,0.4219558807656662,-0.06114823747373301,-0.1650547280659349,-0.28010448090131274,-0.09407085759104876,0.010927181447739605,-0.0013397771572652723,-0.2284642930545201,-0.08263528422032104,0.21048058027637379,0.15742704863154683,0.10384849444265679,0.08989289175490069,-0.3108316915604737,,0.1337463140586889,1.0,0.05406037975318573,-0.021080889489654087,defense_space/defense
sue,0.07488614135789307,0.00034252997703275727,0.08981907276453518,0.17165634887828735,0.1892465445375781,0.4119925537855804,0.1210567765976497,0.1197465294768419,0.011043383484560514,-0.07791067910383159,-0.020370741582417,0.22578994280214315,-0.03507110774756755,0.018445514206339986,,0.2775091902736358,0.023164824911453018,1.0,0.5362340928035538,defense_space/defense
sue_announce,0.09931518702086925,0.00017515726450951502,0.09232460611537392,0.21468889193788002,0.3151905465727453,0.14236256051874402,0.1651983798047164,0.08509193242990333,-0.042079904171827956,-0.19829990299104094,-0.08015113389701896,0.2635625272665897,0.08106486566020898,-0.010675050111275935,,0.37612607051718244,-0.0028531059955860115,0.5247508974024754,1.0,defense_space/defense
