scope,factor,horizon,2011-07..2015-12,2016-01..2020-12,2021-01..2026-09,bull,bear,vix_high,vix_low
havuz,asset_growth,21,0.0010693672018012332,-0.007334313511764923,0.01529021950274038,0.004113091424555115,-0.0012493023925810199,0.010324750391973697,-0.003100333420789995
havuz,asset_growth,63,-0.0029973766075173077,-0.018132054327824183,0.019129611529193024,-0.000385000329716381,0.00444281283500729,0.005670950084990156,-0.005654872958233149
havuz,asset_growth,126,0.016338443818046878,-0.013979713603513428,0.028413807751478264,0.010092387244014739,0.012869475250852844,0.022014339873876104,-0.001698017820022906
havuz,capex_at,21,0.0008183400524784916,-0.005579268012395711,-0.013691384864987633,-0.010862459323727588,0.033572111746234624,0.006468271587201633,-0.019892226408400132
havuz,capex_at,63,-0.004198642444067726,-0.005869906153486445,-0.021707452279343117,-0.01656032231489191,0.040454095629523026,0.005688543483697687,-0.02841876818698853
havuz,capex_at,126,-0.017218378315545905,-0.005235463741010295,-0.027412740740224987,-0.022527310331557304,0.03726157252440578,-0.00047190033097194595,-0.033660366555710294
havuz,cash_runway_years,21,0.007599011619640878,0.01767918481316095,0.002922281854048571,0.016024972438437667,-0.0533470519686043,-0.01338874502418144,0.029893259630499998
havuz,cash_runway_years,63,-0.02420583547268219,0.044328775597763576,-0.001265333052785908,0.011957238006004556,-0.02297798637012601,-0.009461470278568862,0.025258968042244714
havuz,cash_runway_years,126,-0.02536380152434963,0.05085386744780249,0.0017233822107624599,0.01316950485710126,-0.0005114401325464887,0.0008020093900644523,0.022152936621158806
havuz,cop_at,21,-0.009269108989221475,-0.017882851415636277,0.034635726865196254,0.007213500537858411,-0.024029478368789926,0.013550727170817534,-0.004960326550188863
havuz,cop_at,63,-0.019176680977666945,-0.030267676862440997,0.04767799303220588,0.004116265661266441,-0.022106185129489225,0.01298969554827101,-0.009965349879860098
havuz,cop_at,126,-0.03120009219083439,-0.03563475811512281,0.06461752828707182,0.0028285954668228544,-0.01203302693050339,0.011172342900122175,-0.008706862576297669
havuz,dist_52w_high,21,0.0396252449964254,0.00841049143173995,0.051891919458512924,0.04188013814353018,-0.04336350322307246,0.01238474196463013,0.05545089802317478
havuz,dist_52w_high,63,0.0433636058621827,0.04057089276172248,0.07931435443080342,0.06487195891122811,-0.03314668399034961,0.018212441562080697,0.09385734261286402
havuz,dist_52w_high,126,0.07187703405694376,0.054406092014336105,0.12003682386288284,0.08627784540368175,0.05315235286515686,0.05470923098101793,0.11246223534488659
havuz,droe,21,0.008113512781550534,0.006108051229834421,0.007093959364054411,0.008341176514067943,-0.005252477886571589,0.007773858629920606,0.006369020499194712
havuz,droe,63,0.010296251357760657,0.014588440850820615,0.005999736517270583,0.01138062218616519,-0.0016326342256914954,0.012851027703864043,0.00739149565681509
havuz,droe,126,0.018412474197696444,0.0029918836764468966,0.013506926536203749,0.009109367173288944,0.033366132430413344,0.013612572615578503,0.009190706478634401
havuz,ear_3d,21,0.0004991785056086031,0.006043490228403779,0.0019463484764370431,0.006461967059230051,-0.03201810678636167,-0.007001043771093403,0.012736392665651755
havuz,ear_3d,63,-0.010910054258057918,0.009611141787766845,0.0024388805714275525,0.003827268098235214,-0.02796194146866106,-0.01074226814073531,0.012652113436539499
havuz,ear_3d,126,0.0013474556546437338,0.01117115862921206,0.010234999159587893,0.012059582225165049,-0.031864475639346225,-0.003123030414103782,0.019182871349734055
havuz,ebit_ev,21,0.03863160031486745,-0.023800345554514886,0.005902970280851637,0.00802778625714686,-0.015593945270551282,-0.0034910738092891486,0.015133795378848063
havuz,ebit_ev,63,0.0371069269825261,-0.06764794309636817,-0.000619811058668231,-0.008805120698905319,-0.038869140275071525,-0.020844294650003415,-0.0022379690499715996
havuz,ebit_ev,126,0.028394486983195546,-0.06906234057791988,-0.005583751469194321,-0.015765532134476373,-0.02586643168386222,-0.027438466412286772,-0.005663821873977781
havuz,gross_profitability,21,0.014119370198087058,-0.0022527095912519123,0.009153907168537456,0.008997184899918085,-0.013810965047314746,0.014453413078543085,-0.0007199064556624961
havuz,gross_profitability,63,-3.434430762496608e-05,0.0025213809853275163,0.012493063740820329,0.006052284350440329,-0.000738345630572293,0.008868285113270468,0.0018759160460048567
havuz,gross_profitability,126,0.00018522925204308673,0.007461739278717503,0.009707830509246666,0.005104407065319892,0.014858525174396123,0.006797205945029004,0.005259212912221911
havuz,idio_vol_60d,21,0.042088147616604676,0.022401242823646975,0.06517216379234171,0.04735126367909527,0.013857833620234475,0.025684932328955013,0.06276058062263518
havuz,idio_vol_60d,63,0.06074753572540062,0.04953654331246293,0.08875746749764514,0.07245448188523979,0.0176748138511707,0.026864055013824363,0.10860588063489855
havuz,idio_vol_60d,126,0.09672032870035115,0.07690960813823798,0.11539834689355256,0.09632513196354016,0.09973817519062504,0.0676419567279895,0.12666429869986204
havuz,max_ret_21d,21,0.037159140146926194,0.0150071642852754,0.04883099455553494,0.0370287286612959,0.0069288721007700555,0.01895325281426226,0.04948115438163789
havuz,max_ret_21d,63,0.05587828362102368,0.030040124390204394,0.07317052670859212,0.05803067813686256,0.01118170620035427,0.02494187493747855,0.08291436991465251
havuz,max_ret_21d,126,0.0775743599209809,0.05056915965375541,0.08755280964446964,0.07045123009983412,0.08628207097567187,0.052003280183316666,0.09262869892024571
havuz,mom_12_1,21,0.024987371467350545,-0.0026964479613141453,0.015413011977263684,0.015504313422640857,-0.018976218748454694,0.008656439816208823,0.015910768931175913
havuz,mom_12_1,63,0.024618558573803323,0.002005816882829276,0.030583392806719817,0.02045344845195537,0.007902529619406922,0.016442554102009767,0.022157108740626458
havuz,mom_12_1,126,0.027008094546061078,-0.00014764148690234457,0.05146988146351132,0.022393333023275085,0.06524987439707985,0.030863969914600508,0.022004871909888795
havuz,net_debt_ebitda,21,0.0031947992125440448,-0.04508359866015563,-0.005799870025946652,-0.014563837486831809,-0.030814984621710808,0.00401232777199993,-0.03617593133130029
havuz,net_debt_ebitda,63,-0.006069850057785622,-0.08201586645478637,-0.026839664660733578,-0.03721847667277929,-0.05609000355017629,-0.018999746255858038,-0.059451290435201566
havuz,net_debt_ebitda,126,-0.05479491245154735,-0.10050281143783707,-0.01977169367759628,-0.058569153594910474,-0.050802710891568875,-0.033177026705013886,-0.08331929030909307
havuz,ocf_ev,21,0.005144861625310033,-0.01137794944730411,0.04070991928579974,0.012086226340716003,0.02171721918498449,0.041368388896642454,-0.015396739749797658
havuz,ocf_ev,63,-0.009283458796006668,-0.02258703125733034,0.048152601441727234,0.0059660934705993394,0.020533518177772027,0.04243039562213901,-0.02853508940320037
havuz,ocf_ev,126,-0.026555809690824037,-0.011000441745140362,0.05385882226210493,0.008996094013228114,-0.008253498095106351,0.05404224888178047,-0.04097398649265002
havuz,oil_beta_trend,21,-0.006402873340129638,-0.02394503161466158,0.04151383121489321,0.011441867361646691,-0.04984850878268594,0.0486243136722223,-0.03719042943743062
havuz,oil_beta_trend,63,-0.02408688215037842,-0.05775592012084965,0.010662389634688546,-0.01795690614436625,-0.06678549564413365,0.013221471574221383,-0.059162730794787816
havuz,oil_beta_trend,126,0.0069779547868066005,-0.08540617513669366,0.030987243210419926,-0.01806585464222284,0.005598359723414458,0.037721570943885216,-0.07115294267134802
havuz,profitable_growth,21,0.024377207669209398,0.02546753795304436,-0.005958073619174037,0.014752562001212641,0.00029998558917935885,0.008658646257213532,0.018146545888018714
havuz,profitable_growth,63,0.03471899018486585,0.03406879366311057,0.006351547072283199,0.024713382414659125,0.018227874291214377,0.019845994198430854,0.028451345218908696
havuz,profitable_growth,126,0.03672218589871896,0.03820338467481478,-1.3899241381091239e-05,0.02406525167101472,0.02493442349707923,0.017962347249595827,0.0305484392453917
havuz,share_issuance,21,0.005949812978102784,0.00594473127979885,0.06347148174989052,0.02867678780700871,0.015433208731858808,0.022574751877876977,0.03230474852429925
havuz,share_issuance,63,0.021903790944841534,0.0126963113655717,0.08258902517199955,0.04442008592123513,0.0091167675968463,0.029227192235933487,0.053211062481323235
havuz,share_issuance,126,0.04223807251631878,0.02949348133837352,0.10021244647167132,0.06063384117435437,0.03896672564718931,0.05472524860791402,0.06251237412858227
havuz,sue,21,0.017249053387523243,-0.00604787023933602,0.01956342105567519,0.012185138329259796,-0.006568148469168187,0.005959997835087729,0.014906917553395866
havuz,sue,63,0.011807716226766398,-0.010523407035461918,0.030579169772550294,0.013866592217740911,-0.013871592493281085,0.013465764444687684,0.008978122411678773
havuz,sue,126,0.014787186334877356,-0.010584858776093964,0.05030464217627544,0.01811241373647795,0.025566046752154153,0.021212684566138014,0.016361694042191625
havuz,sue_announce,21,0.018799525155670353,0.012942050102373476,0.0299926076608169,0.025311853349981303,-0.02030947748604463,0.016698611021563135,0.025402429478262767
havuz,sue_announce,63,0.024132778128126794,0.026805000002510668,0.04409536902451192,0.037731969437218175,-0.01932627315172292,0.022985343524139296,0.0419112147639393
havuz,sue_announce,126,0.03592577085379925,0.043802535211875486,0.045479592322354816,0.04551914497008903,0.008840874112458616,0.028675944529241812,0.05577612698269285
robotics,asset_growth,21,,0.0075256830681097175,-0.009744378315820418,-0.010925752109378496,0.020370612957434867,-0.005556122766025586,-0.008072538900688377
robotics,asset_growth,63,,0.06671690324247027,0.016391509020378732,0.01863799899343353,0.07038750980701446,0.03695667466210528,0.005487486266815532
robotics,asset_growth,126,,0.1327363607446307,0.07030984507368943,0.07606763826584655,0.12139752064540056,0.10192446654961884,0.04428097247795103
robotics,capex_at,21,,-0.14771157634934723,-0.0286716649435661,-0.05905805117255905,0.01709015185021377,-0.02917655522373685,-0.08298451006592701
robotics,capex_at,63,,-0.16173552969218605,-0.04867184874298296,-0.07843110043841765,-0.005001681138442483,-0.05205564294382705,-0.09830595488509464
robotics,capex_at,126,,-0.1224097368060216,-0.09628435899848035,-0.1014106280996426,-0.09724674975045149,-0.07418346946822224,-0.15832086595979109
robotics,cop_at,21,,-0.07668725384890797,0.042784333486450776,0.02786059466432714,-0.009544041942413197,0.0004989082905581316,0.06459900269656438
robotics,cop_at,63,,-0.07994171352751626,0.06617072888374544,0.047161757524752705,0.0034237171048989664,-0.008217064518832357,0.1419925231138046
robotics,cop_at,126,,-0.14782123375666054,0.06739546013722503,0.022671490576996023,0.05856415237893229,0.007677825949413329,0.07372883086387595
robotics,dist_52w_high,21,,-0.15194227900345816,0.06721065923148033,0.023720469120430614,0.0066707575638791095,0.01042845921629308,0.0407031789929773
robotics,dist_52w_high,63,,-0.2374628242763254,0.08408915479989797,0.012216300239180395,0.03299831354986827,-0.009228084615228602,0.06148613909162005
robotics,dist_52w_high,126,,-0.25709682412132273,0.12335038739405206,0.032227396747509365,0.07663676633861048,0.016739845814384795,0.08293999620980344
robotics,droe,21,,-0.02670094353530888,0.043035540284714825,0.029184430955194178,0.033160217835140456,0.026206477058767635,0.03613506272074047
robotics,droe,63,,0.03219100140056021,0.05196201287532558,0.0501330648756278,0.0362695275738754,0.04795664226442258,0.048388935353629696
robotics,droe,126,,0.037358101135190905,0.08236395091980346,0.05741434114980302,0.1616581390894892,0.07644332131430116,0.06673701909433502
robotics,ear_3d,21,,-0.10580811662089423,0.04020775706009312,0.00022960274087298801,0.08538885140076417,0.003535264148374656,0.028343111671326447
robotics,ear_3d,63,,-0.07777158853451926,0.018805893359048892,-0.005981636582407872,0.03462984215945586,-0.03619459744798656,0.06969113597629262
robotics,ear_3d,126,,0.015747619127742626,0.01926746878086107,-0.0038884359395357114,0.14386147059891843,-0.015958322863491886,0.08890782888473842
robotics,gross_profitability,21,,-0.17505860238832371,0.04391053389625164,0.01889063187479101,-0.0009542852228610678,-0.01805530221649879,0.07985743311493748
robotics,gross_profitability,63,,-0.21916040100250625,0.03495188642874616,-0.001427072707853685,0.01721276229790162,-0.03319981116771121,0.0723364345530182
robotics,gross_profitability,126,,-0.2416541353383459,0.058264729140159385,0.010620170094317703,0.05052551722443365,-0.021883788347875032,0.10210113042784066
robotics,idio_vol_60d,21,,-0.1272049621457348,0.06646746408302154,0.014930240530784046,0.0937717033120183,0.014812792544464536,0.04565789190569964
robotics,idio_vol_60d,63,,-0.2017788511747995,0.08423320355629248,0.018858835378117958,0.047461330528701655,-0.005557484907731443,0.07700116494807385
robotics,idio_vol_60d,126,,-0.2281875791483411,0.1031901659774898,0.022652355381159662,0.06921595921764181,0.03682297756288178,0.01500604605615193
robotics,max_ret_21d,21,,-0.04923345687580443,0.03450892644347203,0.012572836272705428,0.04416790751761812,0.024045801500001247,0.004447925544888702
robotics,max_ret_21d,63,,-0.08672694015775183,0.07065690873237088,0.034133035919236276,0.0537243722759943,0.03693639650130491,0.03692307744569565
robotics,max_ret_21d,126,,-0.10691792191994104,0.06891293994422933,0.0349133773916232,0.0006641318254590606,0.05653541070356051,-0.023552576150546616
robotics,mom_12_1,21,,-0.042746686428541306,0.06523808077161296,0.03210961685251725,0.10755312413913838,0.06674685436135125,-0.00013960816510909382
robotics,mom_12_1,63,,-0.06458586612880593,0.06132693077024098,0.02226381117040881,0.10683645302066352,0.04477106160357681,0.014573222493816282
robotics,mom_12_1,126,,-0.12644752235545073,0.0851598558995406,0.024560996137587717,0.11619223214828278,0.035039325157554715,0.04432933188018485
robotics,profitable_growth,21,,-0.03747822464632263,-0.05592410452958965,-0.05811654305203292,-0.021614686618192283,-0.038127740312392654,-0.08102272414969318
robotics,profitable_growth,63,,-0.030831584668594248,-0.07105466240469517,-0.07191348865223317,-0.019261056309862138,-0.06784730123712755,-0.05605752451020441
robotics,profitable_growth,126,,-0.10900916120450792,-0.10679612406474018,-0.13133919751779205,0.023563647142895244,-0.08617878172395017,-0.15361702673218267
robotics,share_issuance,21,,0.014799812685631769,0.10687485124359085,0.1042562862972835,-0.00018047715584396223,0.05875844140806953,0.14437770171661765
robotics,share_issuance,63,,0.08427328129088126,0.15073150897829624,0.144976669182552,0.09569043753691757,0.10819152483361619,0.1947967768645135
robotics,share_issuance,126,,0.09269982020268061,0.16855263118454536,0.16294664900790334,0.09871561702831054,0.1488927404601433,0.16194990936467904
robotics,sue,21,,-0.0360560715514276,0.05164213012631967,0.029035878285658834,0.07577303475304552,0.029432317456950647,0.04763719422906858
robotics,sue,63,,-0.0038107523711239156,0.05833941314609825,0.03807816440372757,0.097153886518202,0.04380413362364724,0.05288210245921019
robotics,sue,126,,0.0018126197847560014,0.08505362545360239,0.04461183382141176,0.2034322223445928,0.08779543016204798,0.029296396070389877
robotics,sue_announce,21,,,0.013605028913425488,0.0019766146383986107,0.3857142857142856,-0.024539675621451918,0.04950592729919248
robotics,sue_announce,63,,,-0.03243368221904174,-0.0474433763882479,0.41785714285714276,-0.003019192253037671,-0.06380913818277942
robotics,sue_announce,126,,,-0.0011888540435359388,-0.006788441230333571,0.14999999999999994,-0.013514939076794732,0.013033551764070356
biotech,asset_growth,21,0.0035044576042054408,0.004783458510497356,0.021268927940989713,0.011817491881885677,-0.0016088728980529774,0.0073315957293409294,0.013795166042573753
biotech,asset_growth,63,0.0156536627040239,-0.012567964710286431,0.01941303736767673,0.006619912965744041,0.017260856250028864,0.01703332828166738,-0.0019949719546625017
biotech,asset_growth,126,0.04193514609246392,2.028850180562456e-05,0.02020379573131522,0.021575468787349145,0.005087019070493228,0.024236556676346912,0.015600738267850875
biotech,capex_at,21,-0.014088335144027138,-0.01830152499207622,0.002461218627027913,-0.014769859395664255,0.04385459233061536,-0.00448674389430162,-0.014101154244864763
biotech,capex_at,63,-0.006583509563572906,-0.037115461877029035,0.014226706763726848,-0.01624710711128342,0.059106110381793545,0.000106187619643343,-0.018574580404901696
biotech,capex_at,126,-0.06392892468508889,-0.053254238294176415,0.028109466156293065,-0.033225200896345536,0.02585366356566846,-0.020426234842226963,-0.03492136467814362
biotech,cash_runway_years,21,-0.02310567493440272,0.009995308577293955,0.016215051166347215,0.007052846196238454,-0.02219649073239947,-0.0035630815208518795,0.010921368059759132
biotech,cash_runway_years,63,-0.04557831157259241,0.03708975964194506,0.02106329679403962,0.012844279989029333,-0.017449105237094885,0.008139693412845896,0.011286744901957014
biotech,cash_runway_years,126,-0.03920898558145497,0.033943124348572495,0.029047676879573426,0.01593576110004072,-0.01140139291653851,0.011543292382819856,0.014582581908990155
biotech,cop_at,21,-0.022097417982207004,-0.0075646068954902685,0.04540886525065529,0.011594941683067886,-0.027794089731190418,0.018723208204064288,-0.0028917153219108374
biotech,cop_at,63,-0.050077676986968994,-0.028258786895806926,0.05373062644344621,-0.004266429683444006,-0.00929837572799524,-0.006641207330844983,-0.0027994444794426808
biotech,cop_at,126,-0.012999955344200656,-0.0424376096427058,0.07270174926501738,0.010185946837706671,-0.017517379852126785,-0.01032652287728207,0.02599244937358963
biotech,dist_52w_high,21,0.028231839873108025,0.01792230746769562,0.07180566992811373,0.04953519980852078,-0.040627330122624955,0.027367325468337308,0.05485952460112758
biotech,dist_52w_high,63,0.0347964954192502,0.057262945558423886,0.10636321036262437,0.07596658966212129,-0.0028114555792715765,0.06351575874084199,0.073649722749006
biotech,dist_52w_high,126,0.08207336993287567,0.0789056943014884,0.13092028407017725,0.09916457651139053,0.09105584053313368,0.09110068868837067,0.1059220637808322
biotech,droe,21,-0.007888178825781146,0.019974746547859266,-0.00026551410048079627,0.0066335837505105905,-0.02000430243456281,-0.009438939572663911,0.017729798665484565
biotech,droe,63,0.01393914823225907,0.016366033757159896,-0.012985392729768655,0.0017422350427462874,0.03492092928465926,-0.0008996459189074558,0.01078098751042057
biotech,droe,126,-0.009285254709987653,-0.013322445788491245,0.004769298772980473,-0.013828960087916972,0.07131464324209867,-0.015949806847033145,0.005002275141171783
biotech,ear_3d,21,-0.019562308138603355,0.007986886753341211,-0.013455802026190927,-0.00489230807402853,-0.04028912587355202,-0.012805191220796486,-0.003592017263435285
biotech,ear_3d,63,-0.042499913734090414,0.001649384021053511,-0.007819235353041954,-0.012037023209654303,-0.04412159120616408,-0.015246322257424779,-0.014884118070256021
biotech,ear_3d,126,-0.0006419233847272895,0.002497264650761509,-0.012042382775541613,0.0009765770801939528,-0.04704414302469039,-0.006514707404532231,-0.000657177381388555
biotech,gross_profitability,21,-0.022310855268604227,-0.013971407030498326,0.015547350281144809,-0.007187412982385835,0.011768962051587195,0.01799891785094077,-0.02883244298519001
biotech,gross_profitability,63,-0.06745266215971331,-0.026391181239878433,0.022264895608641123,-0.025203426916637864,0.020689827445003545,-0.013768038509464358,-0.028129663106580386
biotech,gross_profitability,126,-0.06056681011799903,-0.016574251071317034,0.04477867835926736,-0.01132456652517409,0.021642621765336975,-0.020152822071074276,0.004249976004362745
biotech,idio_vol_60d,21,0.04251262619313935,0.01625889490951828,0.08953159313023515,0.05635805042302957,0.003546207179807812,0.057199923495303076,0.04565022861301135
biotech,idio_vol_60d,63,0.07339825454396769,0.05668186824267486,0.11238279184640443,0.08820091760729003,0.023819560694656787,0.08146215637696574,0.08279354911790514
biotech,idio_vol_60d,126,0.117025728285093,0.09841546447058058,0.15815234715848236,0.12391985750426504,0.1388669332901082,0.12396902516048333,0.12678968738127297
biotech,max_ret_21d,21,0.03853320911295339,-0.0036640740373557216,0.0742499531172961,0.0410581107503271,0.0079621992959002,0.0507420165604827,0.02519145225088295
biotech,max_ret_21d,63,0.0699157982684036,0.03159063725566344,0.09659083131287546,0.07093671663238463,0.028423611612040354,0.07404561199183603,0.059637477721643864
biotech,max_ret_21d,126,0.10530506186204992,0.06666043366332759,0.13143396489960263,0.09936137083985694,0.12168351850871814,0.10275759643503521,0.10020983298703617
biotech,mom_12_1,21,0.015318274696597708,0.006946874743744635,0.007495419324595679,0.010922620624268362,-0.002855562981812897,0.0076715507452149116,0.011599744115372568
biotech,mom_12_1,63,-0.0018683993104869694,0.016645088011637343,0.00315076898712567,0.0020564313398068576,0.04532730368786595,0.007744440307044105,0.004505824754395783
biotech,mom_12_1,126,0.00017766151261389707,0.025882751086847715,-0.005499071166699639,-0.002251747995444691,0.09272923427418156,0.014581268412819447,-0.0011057109628024575
biotech,share_issuance,21,0.020062181710090183,0.007575117604610682,0.07538386413004367,0.042348641451895805,-0.019032835888136913,0.03293855185501949,0.0402918616555792
biotech,share_issuance,63,0.051261105402846424,0.02241328674198241,0.08072862955928149,0.06131035349283061,-0.032505951302715205,0.05333500188412025,0.0515449581542729
biotech,share_issuance,126,0.09532358625138454,0.04789304864193179,0.09192041218992268,0.08511422847506529,0.011397999296785588,0.07318693841574095,0.0830484837544726
biotech,sue,21,-0.012148313340612936,0.008290311025779089,-0.004844749471908514,0.002734917802995417,-0.05525262708413976,-0.01266456433680698,0.007301561886959376
biotech,sue,63,-0.002188946235484962,-0.0029517959064428267,-0.008379293988463337,-0.002975765482634021,-0.021370263568940725,-0.015599768072207086,0.006418366744151765
biotech,sue,126,0.008157446985234955,-0.006986526509708902,0.023086609478933064,0.0031194078925749435,0.057450687116526185,-0.00495590894342184,0.022089640789665545
biotech,sue_announce,21,-0.009319871923029969,0.034877232670560226,0.02948096827239932,0.024187838191642653,-0.023348622512228724,0.02618542101404129,0.01330981765533398
biotech,sue_announce,63,0.02202266684677135,0.06993916102180527,0.038487035226574005,0.04860163718843271,0.00021477260431317622,0.036405201532978264,0.0518297152414251
biotech,sue_announce,126,0.028161979521680754,0.13172219759602247,0.04926939891658032,0.06829610308429555,0.0941573169523165,0.05847040346727873,0.08351396057036302
biotech/biotech_all,asset_growth,21,-0.005036323296977401,0.010704105406014193,0.011921330350484174,0.007130184556278871,0.000977728601425809,-0.0016745642168200217,0.014688817944700835
biotech/biotech_all,asset_growth,63,0.00961153168222082,-0.0037950218640949536,0.008667063115231017,0.0029369907651240782,0.02223197229218545,0.006336599167871695,0.003184742784368547
biotech/biotech_all,asset_growth,126,0.036099881324134137,0.005153519802181085,0.00744678653044198,0.016842525890370018,0.0008053431269991947,0.011522048261346314,0.019151610970896512
biotech/biotech_all,capex_at,21,-0.022321617254551476,-0.006125949517500927,0.01367798641213868,-0.0094858689706169,0.05425571490478725,-0.0020324560977304854,-0.00503151342721903
biotech/biotech_all,capex_at,63,-0.018359263096923584,-0.010311096447188483,0.02820848718445976,-0.007072077766328207,0.08261428447180351,0.006187648242607304,-0.003498672246832612
biotech/biotech_all,capex_at,126,-0.07977586268671172,-0.01580737042318917,0.040465720873139606,-0.024403582807337516,0.07044557962988321,-0.008077047142135753,-0.02275935807670999
biotech/biotech_all,cash_runway_years,21,-0.025792466906469507,0.009453642750462156,0.02144543545761491,0.008750618214093986,-0.023330589451915077,-0.005478508155452227,0.015338946872333356
biotech/biotech_all,cash_runway_years,63,-0.04358718605857219,0.028651402676899154,0.03021144882391546,0.01411392730820947,-0.014636767941605401,0.0021131651137225264,0.01946959953902881
biotech/biotech_all,cash_runway_years,126,-0.03621078989659138,0.027431194594982552,0.04018566097504703,0.018628550377245184,-0.005900606727188782,0.008059587654378744,0.02348846182295532
biotech/biotech_all,cop_at,21,-0.049717458537658445,0.017484612697573922,0.03162060495239601,0.005127333996607544,-0.01949852775626087,0.001500012713465221,0.004154219567675536
biotech/biotech_all,cop_at,63,-0.061451802128799,0.0078020185300946175,0.022505741775970773,-0.008863116203629427,0.00469357030918815,-0.009184131972336241,-0.00594540715115505
biotech/biotech_all,cop_at,126,-0.01609997846291357,0.0016519300844503387,0.020600261903696942,0.003904736297325874,-0.005719078798208535,-0.018400770458224813,0.025098882864860096
biotech/biotech_all,dist_52w_high,21,0.03304913431455741,0.01287907812752157,0.07085967377546182,0.04938894477666269,-0.045489419457679106,0.01962214744801564,0.061431212523070045
biotech/biotech_all,dist_52w_high,63,0.05310859724988462,0.03907312702009131,0.1057696008263718,0.0746839561887699,0.0011506275570760238,0.061157903519512974,0.07446827311195624
biotech/biotech_all,dist_52w_high,126,0.10681869092299788,0.050652100258927996,0.13011976197853925,0.09522983843553907,0.10400624590231061,0.09007651695499512,0.10227579085144797
biotech/biotech_all,droe,21,-0.001971597365325088,0.011873950262983376,-0.008159385460743768,0.004473140722991403,-0.040028878499081995,-0.01481202748140577,0.015232819971568303
biotech/biotech_all,droe,63,0.012180735430060145,0.010255593925793704,-0.030850695451146937,-0.005419892483290464,0.006046546815186316,-0.00811867432974921,-0.000500568502892789
biotech/biotech_all,droe,126,-0.04852479731411111,-0.032005401955528257,-0.01455988124502558,-0.0376130115937647,0.03359164411719952,-0.051315356508405234,-0.009682116829518745
biotech/biotech_all,ear_3d,21,-0.03441388293793799,0.006389506019951912,-0.01381511680651447,-0.009446662978099107,-0.050335756994598156,-0.019979044366628194,-0.006552903548696211
biotech/biotech_all,ear_3d,63,-0.04849426397217605,0.0011404623783790755,-0.010274355045611801,-0.014232495174349291,-0.05343960184624742,-0.01990161215351027,-0.015924980211637157
biotech/biotech_all,ear_3d,126,-0.01563589656385827,0.005456198524270742,-0.016498779634168674,-0.003233215957294939,-0.06112206275161986,-0.018514280785005187,0.0012631683989165333
biotech/biotech_all,gross_profitability,21,-0.03615041779772443,0.0026002382018140836,0.0063645703921636695,-0.010229343322127717,0.01908965681470171,0.015193990575392181,-0.030175501369910245
biotech/biotech_all,gross_profitability,63,-0.0656765089177088,-0.0038890108626027584,0.0006043098111268764,-0.026538115375752357,0.03445441885115107,-0.01382432418114376,-0.027887350396561615
biotech/biotech_all,gross_profitability,126,-0.04407692434825449,0.011351706235376494,0.009730288806191444,-0.011030735743107001,0.039933786647295744,-0.017872416027061182,0.006005449385544988
biotech/biotech_all,idio_vol_60d,21,0.051595230696501744,0.009901217318057518,0.08803821111438415,0.05743415982368121,-0.006460148143219692,0.05722780794007203,0.04570421241677046
biotech/biotech_all,idio_vol_60d,63,0.0785710578188753,0.0406988851960983,0.11431291508783635,0.08530294120170208,0.0191201890532308,0.07451557925072094,0.08369106649400847
biotech/biotech_all,idio_vol_60d,126,0.13168834948525704,0.07142338932406707,0.16325140956627632,0.12203265501944267,0.1268346018360283,0.11841816955381347,0.12671008936184017
biotech/biotech_all,max_ret_21d,21,0.04264676441874261,-0.012504636433380727,0.06987108966815804,0.03767444020394558,0.0051528562584107415,0.04580677588940768,0.023466643781405557
biotech/biotech_all,max_ret_21d,63,0.06640683134583508,0.01656727445836522,0.09046754855531774,0.0618229338051954,0.02786619732830163,0.06376496936443503,0.05335113879398192
biotech/biotech_all,max_ret_21d,126,0.10417787913935375,0.04438750433751399,0.1264241143050747,0.08915994296201327,0.11694023888667793,0.09181903689800078,0.09183748981811009
biotech/biotech_all,mom_12_1,21,0.017712374117654653,0.004656699521887088,0.007713611785071827,0.011272973490418935,-0.005861461815744919,0.0032423125972121324,0.0161026959198369
biotech/biotech_all,mom_12_1,63,0.016159360659214497,0.008783871440313657,0.0028714629711667277,0.004264353032751422,0.052592045516172005,0.012484932488807126,0.00509017372620177
biotech/biotech_all,mom_12_1,126,0.021688427528642085,0.018848086339021918,-0.00789712716529007,-0.0014728026136502537,0.12001115727404438,0.023135603158155382,-0.003191529066198509
biotech/biotech_all,share_issuance,21,0.02155986850788464,0.004156048206523718,0.0654493430757198,0.03784292935160961,-0.02139112712974823,0.02592004582906689,0.03856908931694764
biotech/biotech_all,share_issuance,63,0.054314796527057244,0.00915319992052605,0.06679461132271992,0.052356810570288834,-0.037969573760098844,0.040777637220365794,0.04681273268126056
biotech/biotech_all,share_issuance,126,0.10085570677837391,0.023807762747793237,0.07647560588689496,0.07420092052160777,-0.012127351055284749,0.05551608972694818,0.07644654493445295
biotech/biotech_all,sue,21,-0.00764246290950254,0.0025315550965791015,-0.009215853107149804,0.003913834985711263,-0.0874726637450636,-0.006076683134456919,-0.0036069936073496235
biotech/biotech_all,sue,63,-0.023316587575412155,-0.002239176282640073,-0.025353732568045448,-0.01333183561782914,-0.05022143776383399,-0.021091911555693735,-0.012792471908704
biotech/biotech_all,sue,126,-0.06342902671173274,-0.03344467288259552,0.005154677197486158,-0.03261234216267667,0.013772843075107056,-0.04812268725136467,-0.008216505074521603
biotech/biotech_all,sue_announce,21,-0.008596576999927394,0.024245186861732625,0.023352476023594044,0.020322611354178344,-0.04557449706630311,0.01876234878207684,0.009572425100475616
biotech/biotech_all,sue_announce,63,0.02619899018210557,0.05120158238973301,0.026551046213907158,0.040338944951693045,-0.019766974340612548,0.026376484549922235,0.043134262576321684
biotech/biotech_all,sue_announce,126,0.03726507451760611,0.09523207736542234,0.032961140197003976,0.05454635022992891,0.06325732126462913,0.03846497402761844,0.07288440041151334
biotech/biotech_tools,asset_growth,21,-0.022767150556189112,-0.05896005697014906,0.06539009760762242,0.0029032765029757875,-0.03042169625088366,0.009947391640515906,-0.009514896549978277
biotech/biotech_tools,asset_growth,63,-0.012213536170874976,-0.1440181955935244,0.08695621595796466,-0.016417543901626912,-0.054805697922713593,0.03249599409453037,-0.06771733781231294
biotech/biotech_tools,asset_growth,126,0.0007602640477577378,-0.10486288719840785,0.10470401278008393,0.003286505833718777,-0.008965790701746886,0.034074469283142124,-0.02706450742613594
biotech/biotech_tools,capex_at,21,-0.008252115169876029,-0.027852244330968622,-0.04223886855974459,-0.028025199824076103,-0.03309204803902937,-0.0049110470493041675,-0.0495458898725457
biotech/biotech_tools,capex_at,63,0.03945999830800182,-0.06687268219918005,-0.040862694379116354,-0.028588761598697846,-0.035234018283507806,0.022052691513682676,-0.07594749267447976
biotech/biotech_tools,capex_at,126,0.03328351533703104,-0.07593613393472061,-0.0505381977524227,-0.02884943919993858,-0.11459905527445377,0.011524806757305476,-0.0827308547154131
biotech/biotech_tools,cash_runway_years,21,,-0.37634650343464326,0.1136776812666302,0.0806215124680263,0.060523515694885455,0.10378781550798744,-0.25766811433092984
biotech/biotech_tools,cash_runway_years,63,,-0.25089766895642884,0.06111946563783318,0.02539516474701144,0.07619475707581828,0.043664920165130405,-0.04144312328399571
biotech/biotech_tools,cash_runway_years,126,,-0.1971338827514798,0.059506135545059013,0.08808132219609834,-0.12129115939058498,0.021305656633959683,0.26127186418171205
biotech/biotech_tools,cop_at,21,0.01663373075994115,-0.06574465813646727,0.10844579242901753,0.029611433075874338,-0.02748156960504439,0.057377190259939224,-0.006684222408049511
biotech/biotech_tools,cop_at,63,0.011895822158650695,-0.08252490119548271,0.15800560795740237,0.040041623579102424,-0.012383151966105881,0.036299790973904615,0.033559519697844854
biotech/biotech_tools,cop_at,126,0.02184034868146587,-0.09268709634288443,0.2322636589700802,0.06242452485749178,0.03217228349262586,0.07577728504052392,0.043774327174797664
biotech/biotech_tools,dist_52w_high,21,-0.04325097200966543,-0.03994170661249001,0.07654267681568895,0.006470939233005941,-0.03499163736767447,0.028183779604348085,-0.02298765720659518
biotech/biotech_tools,dist_52w_high,63,-0.07649836090350741,-0.02058802629662202,0.10207999903808258,0.01659286444261804,-0.07844411966000064,0.02243731303168428,-0.007536051864680242
biotech/biotech_tools,dist_52w_high,126,-0.03781390455696104,-0.028682806165180843,0.13352827100859904,0.03984033650750713,-0.10147599903800858,0.03333676082171291,0.01895463659311301
biotech/biotech_tools,droe,21,0.04509505930031588,0.03052977809943754,0.001595236719956963,0.01739630731046955,0.0771243538225873,0.027363760253241276,0.019353568228196765
biotech/biotech_tools,droe,63,0.11764854878121463,0.008866998154923861,0.0036237564579599587,0.022387365943263186,0.16519061888757752,0.04343154395373284,0.029802470967688968
biotech/biotech_tools,droe,126,0.18682281423207583,0.011829721705887588,0.03919756059987139,0.054983486874879195,0.20867225865859992,0.08934915733043926,0.05222898655892248
biotech/biotech_tools,ear_3d,21,0.013955774361229686,0.015510936215827088,-0.0032485684295836576,0.010283387448877288,-0.015548697116107582,-8.579869518578312e-05,0.015252324354951649
biotech/biotech_tools,ear_3d,63,0.001066450153839136,-0.018232731715405973,0.015528314371225196,-0.001987351858641523,0.01807648662422266,0.015494584803378352,-0.015146884755917361
biotech/biotech_tools,ear_3d,126,0.07851655988006347,-0.031523319741518306,0.010498438266866469,0.016925682540463224,-0.004758805042612903,0.03614171371278648,-0.006401175193506744
biotech/biotech_tools,gross_profitability,21,-0.013157894736842106,-0.048450683303624474,0.0768557410444728,0.008720997702192675,0.018988864895803516,0.059305887765592015,-0.03605457397950139
biotech/biotech_tools,gross_profitability,63,-0.0651877660358656,-0.06829711310361465,0.0993591383754626,-0.0011409639684228866,-0.025056369296944783,0.017344898076153963,-0.023156405567628817
biotech/biotech_tools,gross_profitability,126,-0.10804890825311088,-0.0577312999185116,0.14723800615710697,0.00348083828590557,0.011838202773369414,0.020321856435410124,-0.010952831945381693
biotech/biotech_tools,idio_vol_60d,21,0.0001606967205746815,-0.0193291431916443,0.0879654499410914,0.028563861851084914,0.006914260116328269,0.04433660890219874,0.008746683706664902
biotech/biotech_tools,idio_vol_60d,63,0.01990638144786301,-0.04990847611729497,0.12062856953470148,0.03889031368279699,-0.017482324109335576,0.05216873402442663,0.014545694654094169
biotech/biotech_tools,idio_vol_60d,126,0.019426316605277435,-0.060890664064018066,0.14614031944739772,0.038347973201503606,0.02745562739937509,0.04309946632148967,0.03130424608156188
biotech/biotech_tools,max_ret_21d,21,0.014501100666017428,-0.021529702825304177,0.09407298583760548,0.03626292856471853,-0.005596641751452515,0.0739831745932141,-0.009277237193171636
biotech/biotech_tools,max_ret_21d,63,0.035549377406850366,-0.02122278003221188,0.12360465978228521,0.0574892979123816,-0.03332637859118653,0.060010551776462265,0.03756457204505579
biotech/biotech_tools,max_ret_21d,126,0.04205722580582364,-0.04203800565155314,0.1477437358019888,0.05625553378056421,0.0032811650033123937,0.05106178611345004,0.051277062755587105
biotech/biotech_tools,mom_12_1,21,-0.024707812117288497,0.008673933999868062,0.006253103502058,-0.005498937023337147,0.030514696038181112,0.02507479047469101,-0.02934484296042233
biotech/biotech_tools,mom_12_1,63,-0.10138901115154088,0.0413756213977281,-0.012477888333390025,-0.023162191879454695,-0.002386627763067419,-0.030066383779208044,-0.012134483420396977
biotech/biotech_tools,mom_12_1,126,-0.14173280601332827,0.020093641355567814,-0.013337795399165145,-0.03652987327784794,-0.08490908406337593,-0.034518829315781964,-0.048063672587502125
biotech/biotech_tools,share_issuance,21,0.017849018698533645,-0.05344481189922608,0.10000994164163433,0.0316396271886526,-0.03005926266694023,0.04597619049450692,0.007509888814878723
biotech/biotech_tools,share_issuance,63,0.006419959820445644,-0.08686532058872048,0.13760426537715162,0.03439783557870137,-0.06367355624203935,0.02512753635681026,0.023997951048349647
biotech/biotech_tools,share_issuance,126,0.05518324436126135,-0.08607396219086969,0.1782727515619399,0.05962594140853567,-0.026155302669855465,0.03646235689424663,0.06389768884872171
biotech/biotech_tools,sue,21,0.04603662517638635,0.02041482940863746,-0.008771447443444994,0.010290989400223159,0.043366398064995766,0.028348123966355877,0.0009799517022352168
biotech/biotech_tools,sue,63,0.12105558012678753,-0.004804553573735163,0.0036691061146185127,0.023063266139497954,0.05116016291121008,0.01933786698623188,0.032013590619113574
biotech/biotech_tools,sue,126,0.19328984225269052,0.04377667959114781,0.0506301997531836,0.07164732360290388,0.14583383592671517,0.09542183469998416,0.06535915947306976
biotech/biotech_tools,sue_announce,21,,-0.11785714285714284,,-0.11785714285714284,,,-0.11785714285714284
biotech/biotech_tools,sue_announce,63,,0.457142857142857,,0.457142857142857,,,0.457142857142857
biotech/biotech_tools,sue_announce,126,,0.16071428571428567,,0.16071428571428567,,,0.16071428571428567
energy,asset_growth,21,0.012050010292264853,-0.0051933618853395236,0.05548111683876394,0.018385827643033852,0.06342077803513486,0.046159826895847404,-0.0009750490090575395
energy,asset_growth,63,0.001758999802595856,0.02338634204025327,0.08618888068747553,0.03394418008524221,0.0972783107784869,0.055874553988295605,0.023618519372964678
energy,asset_growth,126,0.028949397067174035,0.034232867869111436,0.12789604763566434,0.06201467897030084,0.10307893409251769,0.10328983209869466,0.027340294551016282
energy,capex_at,21,0.018295640057047542,0.021268867215100056,0.008974536116259752,0.011858525465876646,0.053982844118975686,0.009673503775832029,0.02191292536584087
energy,capex_at,63,0.016940964151086337,0.03543997131076219,0.015476532582896335,0.014732689281883257,0.09771959648991649,0.03915697675691472,0.005610973128048448
energy,capex_at,126,0.031784749558727475,0.060628353546504546,0.0349865009396829,0.03452777109624016,0.11963434545665606,0.04846005362734541,0.036745085306902216
energy,cash_runway_years,21,,,-0.10110638594993865,-0.10110638594993865,,-0.20852895474510594,-0.03665284467283827
energy,cash_runway_years,63,,,-0.1251665720905865,-0.1251665720905865,,-0.1513852367092544,-0.10550257362658556
energy,cash_runway_years,126,,,-0.3105693749082868,-0.3105693749082868,,-0.11317889920966423,-0.5079598506069094
energy,cop_at,21,-0.009474947795470588,-0.03704780777439462,0.015314065749738837,-0.009049308360371369,-0.011766076292680734,0.02466377727999278,-0.0432699220760021
energy,cop_at,63,-0.01882887901596988,-0.07401734051391302,0.008864894234464894,-0.02563971899390375,-0.04079074601271534,0.008935747808349503,-0.06388617897508177
energy,cop_at,126,-0.0722982979929395,-0.0850999364833119,0.012742723367156922,-0.04486373992206332,-0.06053613652684886,-0.002450002661235614,-0.09180244217213052
energy,dist_52w_high,21,0.08249063511226652,0.0191731392551933,0.020452824912995892,0.054739657588831155,-0.11978639745290771,-0.014008573157077556,0.090884119810459
energy,dist_52w_high,63,0.09178122633909519,0.03803398927912829,0.01090238608326085,0.06530522320605356,-0.15805696011956918,-0.05644689925187052,0.14712866171319408
energy,dist_52w_high,126,0.10774803877183788,0.035994227653545,0.022552079026533455,0.06747054285302742,-0.08214459558357866,-0.03945791955485368,0.14885105162644122
energy,ear_3d,21,0.02488800025867635,0.03616587945937902,0.010256718168740976,0.02480776716886445,0.006945884361353856,0.008744310915349888,0.0375343881726243
energy,ear_3d,63,0.019059341076408748,0.0289308405366493,0.003652346591203815,0.015109671749801965,0.0319548958898095,0.006328492425343247,0.027305808029643216
energy,ear_3d,126,0.008254293967115776,0.030111864976019996,0.018207975396995996,0.016103859946151357,0.04840756655364605,0.004170129709044868,0.034761316654967386
energy,ebit_ev,21,0.037288347238802005,-0.03179894109043151,0.006951250998512155,0.00509413045082819,-0.015424245354023943,-0.006842738201117462,0.013197895930438828
energy,ebit_ev,63,0.0313471855228261,-0.0763470223495168,0.0010123388305168471,-0.012705801268161619,-0.044130197247879,-0.027987835653299032,-0.0030827630952143252
energy,ebit_ev,126,0.024513103076416496,-0.07203211426521265,-0.0025494043222184883,-0.01665560601305794,-0.02905498823510368,-0.030896523903189987,-0.0043464897792980855
energy,gross_profitability,21,0.04095683890034517,-0.022277498444821516,-0.01707343373676148,5.5324804954151173e-05,-0.017358981940462762,0.0023091676718209973,-0.005451740201166405
energy,gross_profitability,63,0.035359721127252774,-0.06600893000214363,-0.02865802202064993,-0.021167345510072565,-0.028956646734002032,-0.009136327332759894,-0.03495656770043497
energy,gross_profitability,126,0.03233857440482462,-0.06511874812561139,-0.03823262233191452,-0.02448037097828242,-0.038390454121269464,-0.011963873940022548,-0.04014653358603148
energy,idio_vol_60d,21,0.06541432979360369,0.026062139065026038,0.031973521574821646,0.04782204076036396,-0.03649030033035402,-0.023111877977714607,0.10300530237160507
energy,idio_vol_60d,63,0.07852184521170856,0.04571009761418774,0.03772771793887386,0.06485655945822738,-0.06463554761422699,-0.05691947839869321,0.164634690073374
energy,idio_vol_60d,126,0.11442904368160238,0.082251315852107,0.031790513631810284,0.08575936605560394,-0.035555817656449114,-0.0367608485469724,0.18879914986166102
energy,max_ret_21d,21,0.049847337906798954,0.014546672848638344,0.029870222874468708,0.03572820461034613,-0.017613058079870243,-0.02167240805462931,0.0831639660035229
energy,max_ret_21d,63,0.07099912328997349,0.029918780101617633,0.04289955486957124,0.05645479972460124,-0.04362836882133375,-0.040262507063762325,0.1362285194151652
energy,max_ret_21d,126,0.09028043042873099,0.06090082947597813,0.014313555643581817,0.059956380721502764,-0.009533758716742675,-0.03239501848469864,0.1419137779411344
energy,mom_12_1,21,0.0561050531438072,-0.01700849094763683,0.0010207568102085832,0.028374054528691073,-0.1531261247783803,-0.007367074953333683,0.03020855710719701
energy,mom_12_1,63,0.0966044790132506,-0.033716540578674674,0.024639037690168897,0.04353262680667551,-0.13388189705540646,-0.009543919893819027,0.06391373741442394
energy,mom_12_1,126,0.11169663155277994,-0.06108031231912838,0.05575355697827117,0.04050560193506451,-0.035389579722166005,0.01452337029229156,0.05255367963249724
energy,net_debt_ebitda,21,0.0015363089830509411,-0.027311536466692383,-0.014199231275543591,-0.013345814868562655,-0.01877763390240694,0.008242667771861866,-0.035949032932892165
energy,net_debt_ebitda,63,-0.007479966384153478,-0.059384602470606083,-0.03514518251693577,-0.03393949861464813,-0.04437871205357474,-0.0127100349470258,-0.05764003594291087
energy,net_debt_ebitda,126,-0.05288718838997161,-0.07459517320657752,-0.03285912692504991,-0.055344816090843164,-0.03215135218802098,-0.030698535492886134,-0.07630891226863805
energy,ocf_ev,21,0.009703745467304925,-0.015124966690560996,0.04337115077984316,0.013723705947798145,0.017725354437849877,0.040191567918763896,-0.01199659531623486
energy,ocf_ev,63,-0.0038522485775344816,-0.025601018653941782,0.04958686369185216,0.007831961357727674,0.014825927054662527,0.03576682522317514,-0.01939472622550634
energy,ocf_ev,126,-0.01773761719348008,-0.013972350070954235,0.058257145475657086,0.012675090967093999,-0.009058042498460121,0.05325044288143859,-0.03354611525365811
energy,oil_beta_trend,21,-0.006402873340129638,-0.02394503161466158,0.04151383121489321,0.011441867361646691,-0.04984850878268594,0.0486243136722223,-0.03719042943743062
energy,oil_beta_trend,63,-0.02408688215037842,-0.05775592012084965,0.010662389634688546,-0.01795690614436625,-0.06678549564413365,0.013221471574221383,-0.059162730794787816
energy,oil_beta_trend,126,0.0069779547868066005,-0.08540617513669366,0.030987243210419926,-0.01806585464222284,0.005598359723414458,0.037721570943885216,-0.07115294267134802
energy,share_issuance,21,0.014582553034803636,-0.005647359270751355,0.05274397669533971,0.022166487846165768,0.02221977813529785,0.012513116584413194,0.0318298144366573
energy,share_issuance,63,0.02582312770016408,-0.009517040820960724,0.06700259334687472,0.02982286781636515,0.022615891375142853,0.015490866064227383,0.043100323546070296
energy,share_issuance,126,0.020989908267164546,0.012331542827235868,0.08766692512157262,0.04312174156457846,0.029228544022797516,0.035632828401158764,0.04815413037489452
energy,sue_announce,21,0.017821272526342972,0.02970490552961067,0.01266808212025462,0.03408843587408653,-0.11873642863810613,0.0009584362093432388,0.03866873557501361
energy,sue_announce,63,0.060809843428672294,0.009728119037926437,0.009298424903067237,0.0424783407402366,-0.14369734174307278,-0.005275178500041482,0.05574332555651801
energy,sue_announce,126,0.08192717311877816,0.0012221577012724917,0.005177657680028522,0.040152077208126614,-0.09416135935106416,-0.0031748358791404436,0.05872786751097478
energy/oil_gas,asset_growth,21,0.016921395065700326,0.021032200206406025,0.039035880488247104,0.02137047377792541,0.07670582622207592,0.04817428232094978,0.004904038768423662
energy/oil_gas,asset_growth,63,0.015533094204370625,0.03879071699055399,0.05736902087265677,0.03015534708895328,0.11983905344501272,0.061116411401528646,0.015629124118263983
energy/oil_gas,asset_growth,126,0.020346486529681813,0.05480989367417508,0.09236984466930451,0.05004071074683628,0.12941708163092366,0.0931522233162211,0.020952919640915033
energy/oil_gas,capex_at,21,0.025598946722613047,-0.005704766300477578,0.030174022518227178,0.010172226742166073,0.08314548610438209,-0.0027643510827973345,0.03674117170073027
energy/oil_gas,capex_at,63,0.028739616670340914,0.006119419685741286,0.02920790639066191,0.010088075656129345,0.12955705712808765,0.025429720543598922,0.017221592513023274
energy/oil_gas,capex_at,126,0.04378769660869972,0.017928529073966627,0.0466195882213167,0.02180726096641645,0.16988939203671194,0.03562945041526746,0.03644403312501912
energy/oil_gas,cop_at,21,0.007914271072248355,-0.023359669786408886,-0.024081118909613564,-0.008660402556539847,-0.06957407137104525,0.00318634370738845,-0.031886625412188944
energy/oil_gas,cop_at,63,0.0006293651579564833,-0.05196930637276666,-0.03323166515084409,-0.020859013921231073,-0.11043784086067027,-0.02689662657378991,-0.031796287028957045
energy/oil_gas,cop_at,126,-0.03406813408344153,-0.05133446578686612,-0.06641069922241799,-0.03713898079598343,-0.1859637830219291,-0.062091055555748516,-0.04040719814612389
energy/oil_gas,dist_52w_high,21,0.089806135997496,-0.0016317925942863655,0.03669205062019802,0.048687038416475086,-0.046275182843371884,0.0058044477009731935,0.073829433951566
energy/oil_gas,dist_52w_high,63,0.10026759398386814,0.003976901578523504,0.05338780203208259,0.06693286891089782,-0.10196461932462386,-0.023606239167458888,0.12724524571007303
energy/oil_gas,dist_52w_high,126,0.09337234923405388,-0.009011621854985365,0.07900302144880493,0.06373938346767338,-0.04233537977724957,-0.019392931257003008,0.12901107714649163
energy/oil_gas,ear_3d,21,0.03878471422346434,0.017534225917680148,0.0012244026042651935,0.016254353096828857,0.032218778778891455,0.011423593093596633,0.024067478337369483
energy/oil_gas,ear_3d,63,0.032568411438814775,-0.000996384791146085,-0.0075865965334974495,0.0024310514505890106,0.047172610151199584,-0.005672117170477043,0.019262454174492266
energy/oil_gas,ear_3d,126,0.018976881337808126,-0.004035370805447859,0.0029034146285881754,-0.0007968169766441908,0.06429618716346427,-0.01124894460620067,0.022735051495102094
energy/oil_gas,ebit_ev,21,0.026837051606567134,-0.028106004475447734,-0.030871270970268917,-0.007473277815804822,-0.06490088636133703,-0.02093564248163074,-0.004739147713429966
energy/oil_gas,ebit_ev,63,0.016975031278914154,-0.04956069093469288,-0.04288430356068761,-0.020256042152673064,-0.09327170183175781,-0.028348335394732284,-0.025928711023651168
energy/oil_gas,ebit_ev,126,0.008300934675917339,-0.035575586025519516,-0.0622551672727785,-0.02236025334069499,-0.11945409957091072,-0.05063653194261482,-0.01208129140668216
energy/oil_gas,gross_profitability,21,0.052210627118927724,-0.041998103011569414,-0.031965340359498794,-0.010921478927049826,-0.030237422357447426,-0.003469285308489507,-0.021408899831179787
energy/oil_gas,gross_profitability,63,0.06514590400816828,-0.10051454800784282,-0.042953256424630284,-0.03162934893042074,-0.05116187546862494,-0.011817880344047176,-0.054058745699014574
energy/oil_gas,gross_profitability,126,0.07798193939545105,-0.12538013685580393,-0.06111276906992936,-0.040698272991569924,-0.0871132790269051,-0.016887904962115605,-0.07248351033691941
energy/oil_gas,idio_vol_60d,21,0.053743146230647514,0.004426472110295501,0.034276219498363514,0.032757794748069544,0.005497942089996475,-0.019912160015547086,0.08033524956457361
energy/oil_gas,idio_vol_60d,63,0.061070487050609766,0.01699672065522898,0.05277508413832646,0.04908826938627976,-0.011801342163964099,-0.03250040537638116,0.12087979755535841
energy/oil_gas,idio_vol_60d,126,0.08973941551342858,0.053312351318173606,0.08053305539699074,0.0797050563914746,0.021496646128825705,-0.00986077943396462,0.16098531213658382
energy/oil_gas,max_ret_21d,21,0.031294453977266976,0.004855317574670883,0.042903661248113026,0.02314569897051747,0.06350754141111593,-0.01099306218672977,0.06482458453974466
energy/oil_gas,max_ret_21d,63,0.05405654335851944,0.009769588170401014,0.04895562376381858,0.040128352782109626,0.011492840971309927,-0.010783768916764159,0.08671486260024355
energy/oil_gas,max_ret_21d,126,0.06366717185765171,0.03104761517498771,0.05440320176805317,0.051911372021723315,0.024850963454357295,-0.010158451144754816,0.1108338678761809
energy/oil_gas,mom_12_1,21,0.07699860059289251,-0.019856216891988403,0.017699831365002052,0.03796046015523524,-0.12313741025275196,0.008795455714756395,0.03703025803598019
energy/oil_gas,mom_12_1,63,0.10199968430649525,-0.04447104531849206,0.027297517722790442,0.047538528296530526,-0.18278962995229908,-0.021222216671621046,0.07384919236250456
energy/oil_gas,mom_12_1,126,0.09536944096356109,-0.08252946067012758,0.03437171079831351,0.03176076587560832,-0.15988956399876106,-0.022692273052525417,0.050642580768341154
energy/oil_gas,net_debt_ebitda,21,0.020723169827077868,-0.034734982348969365,-0.051062833818444654,-0.017382484223881157,-0.09230650429351778,-0.015319272229990272,-0.03344249117583603
energy/oil_gas,net_debt_ebitda,63,0.0062704113118088305,-0.05698252515438535,-0.0720401977486948,-0.03435109383198924,-0.13151612089559145,-0.047342579041665174,-0.03962727704548056
energy/oil_gas,net_debt_ebitda,126,-0.03362408427051588,-0.055920678578143417,-0.08117701783766071,-0.046295033789437535,-0.169287528397593,-0.07273102285550055,-0.04298047508131079
energy/oil_gas,ocf_ev,21,-0.0047143386595693065,-0.007931626212972782,-0.006376578918825454,-0.004520657230823488,-0.024598281399374432,0.022098635442882344,-0.034890714859093785
energy/oil_gas,ocf_ev,63,-0.023972348133413358,-0.010792398814627614,-0.012970665672785106,-0.013031387675207723,-0.03964696890746685,0.018230192426394815,-0.0500793502616598
energy/oil_gas,ocf_ev,126,-0.043840201333052185,0.009149790483177099,-0.03526997740644607,-0.012508120319118956,-0.11994663344360364,-0.007572125016881145,-0.03860805480552864
energy/oil_gas,oil_beta_trend,21,-0.006402873340129638,-0.02394503161466158,0.04151383121489321,0.011441867361646691,-0.04984850878268594,0.0486243136722223,-0.03719042943743062
energy/oil_gas,oil_beta_trend,63,-0.02408688215037842,-0.05775592012084965,0.010662389634688546,-0.01795690614436625,-0.06678549564413365,0.013221471574221383,-0.059162730794787816
energy/oil_gas,oil_beta_trend,126,0.0069779547868066005,-0.08540617513669366,0.030987243210419926,-0.01806585464222284,0.005598359723414458,0.037721570943885216,-0.07115294267134802
energy/oil_gas,share_issuance,21,0.032919286709537594,0.009476281727883146,0.03109080408914251,0.027415662931684483,-0.0037171364516605707,0.013406899590789343,0.03560840880536132
energy/oil_gas,share_issuance,63,0.04706715149214545,0.010792849879518977,0.043965526450840293,0.037627967702102756,-0.0024962833141350367,0.0226678476814272,0.04526008741677054
energy/oil_gas,share_issuance,126,0.042177172371019755,0.04691411756236301,0.06590582812782367,0.05897818086180253,-0.01129572965050986,0.036783680558250355,0.06820632509870354
energy/oil_gas,sue_announce,21,0.011788270385294277,0.010586398996390373,0.008829166109167714,0.023456186519788653,-0.11753746704425942,0.006050563415863236,0.014522335880979807
energy/oil_gas,sue_announce,63,0.0026962836473092564,0.005356601017613981,-0.002368508724840619,0.018750061493930843,-0.16150507184345114,-0.02576212910915847,0.0298317702371402
energy/oil_gas,sue_announce,126,-0.0039946468873848385,0.005989469464262818,-0.023222396696432095,0.008821145929993373,-0.16063159439630434,-0.0313318501817146,0.017247273108230807
energy/power_utilities,asset_growth,21,0.0033436937111217158,0.010479642782846433,-0.004992799075111632,0.008613326916056166,-0.0556530363341509,-0.013448205493972094,0.018426620780331138
energy/power_utilities,asset_growth,63,0.03313988229579094,0.012953693522343398,0.008152755526377332,0.028337618065561107,-0.08935158169779246,0.011127295621574801,0.023261355413670734
energy/power_utilities,asset_growth,126,0.003171737233306251,0.017462510030015744,-0.015505103180814182,0.017135236231130193,-0.1462041991749893,0.012199674698581959,-0.00973264222297601
energy/power_utilities,capex_at,21,-0.042311668056802025,-0.0013617687557652544,0.023222002000912942,0.0032315550807191533,-0.07768509721587087,-0.027714032322009682,0.019060844801667445
energy/power_utilities,capex_at,63,-0.06019201469600433,-0.005033739312242473,0.01737807998362458,-0.014886512854988666,0.0012389248213878319,-0.023279003949605064,-0.003225286673994378
energy/power_utilities,capex_at,126,-0.11468315897545223,-0.006693477474201665,0.010067099673468515,-0.03384166334324677,-0.032094459928148245,-0.0229616705580453,-0.04475542072958535
energy/power_utilities,cop_at,21,-0.05228775543533025,0.013212393632302097,-0.04138686054825508,-0.029936808759726315,0.005557161911987592,-0.03250676801741163,-0.020736107728204337
energy/power_utilities,cop_at,63,-0.013447835274460664,0.027346939483095092,-0.0639669751693883,-0.007406207137569963,-0.12352796079946433,-0.028602894455056822,-0.007913749456231767
energy/power_utilities,cop_at,126,-0.061751700502990475,0.0424310677880472,-0.08354968920513214,-0.016865681445242958,-0.19728524403312392,-0.06993938170233768,0.0027837491196369083
energy/power_utilities,dist_52w_high,21,0.06710758810712483,-0.05623083983100944,-0.03796592591686143,0.0027547944189039945,-0.16389792197303302,-0.03752105799833815,0.011897721795894172
energy/power_utilities,dist_52w_high,63,0.09149614167565376,-0.0826995843834671,-0.05494525930348689,0.0017385304756634761,-0.23123241141682385,-0.05632613871907758,0.016607956144755086
energy/power_utilities,dist_52w_high,126,0.14226122098466862,-0.0651206756012061,-0.04352137637525019,0.03140802582302021,-0.23483914389554444,-0.044002546991105354,0.057393654191476545
energy/power_utilities,ear_3d,21,0.015059592692953214,0.018256890017274284,-0.03224172823400349,-0.002681723997839133,0.015024135165473154,0.007147628752313752,-0.009006418145115054
energy/power_utilities,ear_3d,63,0.0004702945802214898,0.012269440749047698,-0.061297590008890304,-0.013173770251161714,-0.06259502705457748,-0.020427149507909213,-0.014812457001058104
energy/power_utilities,ear_3d,126,0.024692758767093845,0.03644261700315146,-0.019809556492789333,0.009594990634767176,0.05121110339982328,0.01475220106765403,0.012020899501985502
energy/power_utilities,ebit_ev,21,0.05606336101692138,0.04061486060341896,0.06060629712059323,0.05605205513060479,0.019820719927614215,0.041680651393552565,0.06365496767588955
energy/power_utilities,ebit_ev,63,0.05395187314691957,0.0637159846255956,0.06328355323570635,0.07469972067515931,-0.0742929252367622,0.028957663300874275,0.09301042000726352
energy/power_utilities,ebit_ev,126,0.06985628559415967,0.09991938839192845,0.09289880758257582,0.10824464854591723,-0.09994800964965582,0.057595587757789946,0.1199589046563392
energy/power_utilities,idio_vol_60d,21,0.030439148669507175,0.025362576401478005,0.043446990820459656,0.04093634793655597,-0.03733137773520058,0.021756260520562582,0.045494992095188244
energy/power_utilities,idio_vol_60d,63,0.0011957870081439736,0.01777455496448632,0.011050195557164565,0.028740111512078767,-0.166134086669825,-0.0344455773059892,0.0561225419991779
energy/power_utilities,idio_vol_60d,126,-0.03223824089575423,0.0021610349985635973,0.028274337264203243,0.016371140920483022,-0.14407660047584664,-0.04872322990171961,0.05235828770508799
energy/power_utilities,max_ret_21d,21,0.016687341248744762,-0.009865003417634995,0.014266397218342301,0.005425163099388189,0.022598783636608367,0.0289661030916343,-0.014907518111179439
energy/power_utilities,max_ret_21d,63,0.0188214460907062,0.0012936739080903815,0.050746431295630376,0.03178461138661052,-0.04339109806602067,0.011572501814410939,0.038091520491952434
energy/power_utilities,max_ret_21d,126,0.009965497112712975,0.002933133228327749,0.05304025639102461,0.029132917521075413,-0.03562387135007944,0.0022591348815605102,0.044279756908968626
energy/power_utilities,mom_12_1,21,0.12220125412345091,0.0059197747332758715,-0.0215253971361792,0.04164976040532519,-0.08128725091034958,0.005763873263056003,0.054569392686424405
energy/power_utilities,mom_12_1,63,0.2035931946687095,-0.043312470900571574,0.03961811193452549,0.07256660832954862,-0.048133971291866036,0.04949077401839741,0.07310583382112962
energy/power_utilities,mom_12_1,126,0.18625797035408015,-0.08148655234925256,0.026326874970222472,0.04580945941929924,-0.029540183870510967,0.01546012263861233,0.06248183153809287
energy/power_utilities,net_debt_ebitda,21,-0.06025958141541216,0.03337536859275989,0.006530284503331311,-0.004124495395803166,-0.007464364372506556,-0.024419883970294518,0.015546961611611726
energy/power_utilities,net_debt_ebitda,63,-0.06165795752999054,0.0350378746603003,-0.01814386476643723,0.0012111779256289252,-0.15424554726257908,-0.03910097491813932,0.012735240628812889
energy/power_utilities,net_debt_ebitda,126,-0.07537853347966868,0.08236417790193533,-0.022136020809174282,0.01248975437897231,-0.14832471443526687,-0.0694279914309528,0.06580873314967567
energy/power_utilities,ocf_ev,21,0.024573614666493913,0.049329910745242546,0.0006404642156425729,0.021718508434572018,0.04392750068614922,-0.001710474207445539,0.049296423695016064
energy/power_utilities,ocf_ev,63,0.012329496746421401,0.06897405569259114,0.003236591898959287,0.03635937841860247,-0.053454555943450804,0.00406751796748528,0.052221428046655936
energy/power_utilities,ocf_ev,126,0.011195422702130645,0.09508230061319306,-0.01890484414184969,0.04498604429289918,-0.12231067088786836,0.007951453072734541,0.050607527646252856
energy/power_utilities,share_issuance,21,-0.026166945797899407,0.010170428345913031,0.00040120844928620374,-0.0029246668447685214,-0.01723159814079521,-0.017961346016099274,0.00943928889763418
energy/power_utilities,share_issuance,63,0.0023430114899581273,0.011991811432998862,-0.005292084821873949,0.011823653340328222,-0.08414716389879467,-0.02454566012533134,0.03067875033257463
energy/power_utilities,share_issuance,126,0.0004410797473516272,0.03514317257013503,-0.024268170126405902,0.010328441374516061,-0.06170803984241478,-0.027118039587015134,0.034990086269343426
energy/power_utilities,sue_announce,21,0.013660674384904165,0.027343100106410723,0.002273847984851931,0.007069075546351181,0.11249999999999996,-0.02341211125651549,0.04530168310090754
energy/power_utilities,sue_announce,63,0.054635942950487,-0.01618124537781448,-0.02876399228011726,-0.011886210603394638,-0.02321428571428571,-0.023808406461001998,0.0010347644181655446
energy/power_utilities,sue_announce,126,0.10949214509510018,-0.01344811902240192,-0.039677189419640095,-0.011349406294121922,0.11785714285714283,-0.0019405575095659978,-0.01498796920452946
energy/renewables,asset_growth,21,0.04316837846249612,-0.03832000957815408,0.05936916863678288,0.016055865331651202,0.026101592773759744,0.029362440115346375,0.005416729954486236
energy/renewables,asset_growth,63,0.13903672580143167,-0.03908537449155067,0.07742102964594683,0.04359382456488977,-0.015828774598575263,0.023329052478743104,0.04982826073744051
energy/renewables,asset_growth,126,0.24695378151260508,-0.10915618120866194,0.1132846027067509,0.034615358244935696,0.043554278991791436,0.02858959962434212,0.04289807988434555
energy/renewables,capex_at,21,-0.10876623376623375,0.08979004518609784,-0.03974516597402561,0.0062959316477239485,0.0423646583812491,0.00832459978500969,0.013055792404826997
energy/renewables,capex_at,63,-0.2186401833460657,0.120247756899527,-0.023044470453646125,0.018839735439793497,0.06047765261464901,0.061980161183683644,-0.014525629036028206
energy/renewables,capex_at,126,-0.16054239877769286,0.17061288767194674,-0.01402321550353288,0.06461304048375907,0.0016246212023412704,0.04110278061572154,0.07261144265409922
energy/renewables,cop_at,21,0.07655971479500892,0.055717199963139064,-0.029215148282746836,0.014642770028458976,0.024243578460862475,0.016669769652833923,0.014976352446587371
energy/renewables,cop_at,63,0.12205882352941176,0.025851071275085274,-0.057005471118868965,-0.004636322828894696,-0.018370059944078976,-0.0028935578136872722,-0.009838151020180659
energy/renewables,cop_at,126,0.15931372549019607,0.009483994221778584,-0.032606857088187856,-0.0010992932216822486,0.023286820239991814,0.0014812718601257548,0.00252321440385585
energy/renewables,dist_52w_high,21,0.10356753812636166,-0.0523603880617602,0.02962819009736287,0.03210418030821193,-0.20024293709233915,-0.037557532693258636,0.04650610382573236
energy/renewables,dist_52w_high,63,0.20280501089324618,-0.04818777343095653,0.05961604805414474,0.06879538849294681,-0.23783125745939118,-0.08798677256266767,0.15317959147648144
energy/renewables,dist_52w_high,126,0.08935185185185185,-0.09881289597385037,0.06619065574861462,0.024771292838199236,-0.18953349558068666,-0.09812952578531137,0.09738238882603059
energy/renewables,ear_3d,21,-0.09285130718954249,0.0756888456060272,0.003032497586883422,0.029772593622366405,-0.009394326696597495,-0.015453323984476741,0.06475390322467942
energy/renewables,ear_3d,63,-0.10905695611577965,0.12433422531359775,0.04808956189040837,0.07471141314602275,0.0069526938777210445,0.05605870897614984,0.07742088925276587
energy/renewables,ear_3d,126,-0.00817577030812324,0.11952152782725929,0.05094867161876474,0.08682688014406277,-0.007177455911850435,0.05205672269474921,0.0993349282078415
energy/renewables,ebit_ev,21,0.15833333333333327,-0.08577172726029951,0.04133552308192929,-0.021264638155200407,0.09654520662219236,0.0009696460855559588,-0.014373435969855007
energy/renewables,ebit_ev,63,0.10992063492063492,-0.13593566571625532,0.0722809515483633,-0.02618449741469462,0.040791721672725795,-0.03128282104885403,-0.003602981426162072
energy/renewables,ebit_ev,126,0.24841269841269836,-0.11918207967605596,0.0852493486961967,-0.008672168583764068,0.08545869765554039,0.019084710584750038,-0.013160341355495056
energy/renewables,gross_profitability,21,,,-0.053169934640522866,-0.053169934640522866,,-0.10304940157881334,0.08399859943977592
energy/renewables,gross_profitability,63,,,0.046297852474323054,0.046297852474323054,,0.1005220269926152,-0.10281862745098036
energy/renewables,gross_profitability,126,,,0.002135854341736681,0.002135854341736681,,0.03291316526610642,-0.07480742296918767
energy/renewables,idio_vol_60d,21,0.20800653594771243,-0.12418480131927152,0.09680761338613102,0.0362046159573303,-0.1055557753138922,-0.021523649262811313,0.05980608142002508
energy/renewables,idio_vol_60d,63,0.2943082788671024,-0.1563497471996829,0.13653460419634808,0.06243436090441697,-0.1765479864867713,-0.10059413520280648,0.16903646943316541
energy/renewables,idio_vol_60d,126,0.2752450980392157,-0.19651873575078305,0.13901073899013563,0.03231091700905431,-0.12268173724031109,-0.05842512696517549,0.0867021170080701
energy/renewables,max_ret_21d,21,0.16072984749455338,-0.11286415406488556,0.09971224523833198,0.0335091316724394,-0.0835857234428989,-0.003825801386004149,0.04293484306767161
energy/renewables,max_ret_21d,63,0.24656862745098046,-0.1616160965737233,0.12512311778240798,0.04271605746375766,-0.14267906026847346,-0.08870979185326489,0.13036805953844788
energy/renewables,max_ret_21d,126,0.2691721132897604,-0.19209185128632927,0.11486970699642421,0.018911926711356983,-0.10521767114103599,-0.04407832542636182,0.05265628011546207
energy/renewables,mom_12_1,21,-0.041693899782135085,0.04205611387237191,-0.03356552222809811,0.009488036478322637,-0.10197268123237702,-0.020327470068402746,0.012891877968624456
energy/renewables,mom_12_1,63,-0.1553376906318083,0.030429855289290104,0.005196643300775627,0.01409882405510204,-0.14222701830364173,-0.04804264654707854,0.039330026322579224
energy/renewables,mom_12_1,126,-0.27663398692810454,0.017698305247499692,-0.02083177432476219,-0.026406050758056833,-0.11503323166569834,-0.13644576443277795,0.06368191489159022
energy/renewables,net_debt_ebitda,21,0.13809523809523808,0.06664180939294008,-0.04999629955406711,-0.0034291371875569076,0.1325361058390478,0.018541481950680238,0.008268457090588942
energy/renewables,net_debt_ebitda,63,0.1448412698412698,0.034071171301888754,-0.0945319277265505,-0.04108210118901157,0.1150836715903404,0.02325381955820976,-0.06811786473915234
energy/renewables,net_debt_ebitda,126,0.18214285714285708,0.048712324580341804,-0.12131185783412303,-0.05010942704544159,0.15776248563425044,0.011248789955317216,-0.06008655580320467
energy/renewables,ocf_ev,21,0.2175133689839572,-0.04240410281707828,0.06085496836996088,0.03458434611682358,-0.013691263958606158,0.009296421278119886,0.04778693815379858
energy/renewables,ocf_ev,63,0.26029411764705884,-0.06777525654077009,0.07472132582736374,0.03951570396636273,-0.05962100409918114,-0.020390911749015854,0.07551912230822856
energy/renewables,ocf_ev,126,0.3420231729055258,-0.0867039649003574,0.11017237030016354,0.046717094021444354,0.0020574315494502463,0.03522716840644166,0.04705195280623653
energy/renewables,share_issuance,21,-0.03453889764507737,-0.07335763475023804,0.06804046953522676,-0.005499210087241087,0.020119498504804854,0.03122421635068236,-0.03575357525800421
energy/renewables,share_issuance,63,0.016712436938310073,-0.08379285307174276,0.1002161057520548,0.014129156980317935,0.005325261397780083,0.020619242697064263,0.005439686606953443
energy/renewables,share_issuance,126,0.18698436533092266,-0.11576587130015667,0.12058870401393836,0.017404601429476425,0.09935907703934149,0.04511269736280029,0.009085054677327302
energy/renewables,sue_announce,21,,0.006662381021718268,-0.011617989218683034,0.00933101577114187,-0.0994741145886272,-0.04278130098808166,0.046957822527411604
energy/renewables,sue_announce,63,,0.022212333599506973,-0.003037723416749978,0.04648081214786017,-0.2511018345345211,-0.02408340236653851,0.04977271766750258
energy/renewables,sue_announce,126,,0.02677320030269167,-0.05405663054275909,0.015630905068603016,-0.26851551063529217,-0.03990038633679861,-0.0005234033196578642
ai,asset_growth,21,-0.05504647168844545,-0.01438531747838238,0.007144843850587168,-0.02068118945031853,0.01379079602671309,0.0006248578784490933,-0.03437675337520291
ai,asset_growth,63,-0.04325622687008235,-0.0288397917769226,0.010347276846224943,-0.015274016681454065,-0.04433692445463542,-0.0072653981061592135,-0.02856402375582979
ai,asset_growth,126,0.01021532062179958,-0.03655209020984174,0.01997805533318729,-0.004628375388601795,0.01667299818245608,0.02515509896433528,-0.029564834805747394
ai,capex_at,21,-0.0030216247445707172,0.011900247141598074,-0.035161490697773606,-0.016074657736964273,0.04086511497106024,0.0014375589750150704,-0.02146952274871837
ai,capex_at,63,-0.015161961131729138,0.01625759036003096,-0.05625642948054666,-0.0239921155163917,0.016178153793075776,-0.02657484287315807,-0.013795968370112661
ai,capex_at,126,-0.008514820807040725,0.0372530774585022,-0.08043750855883641,-0.02326367773149237,0.017486471143644378,-0.03463371699010702,-0.00436721552121647
ai,cash_runway_years,21,,0.023848315289648564,-0.0008626821888375188,0.016881184288563552,-0.07322345881670768,-0.019451124357835727,0.04329294543132812
ai,cash_runway_years,63,,-0.0996021276055847,-0.00037738694965961045,0.015453256517896339,-0.15025490263106156,-0.06069515374542806,0.08820279465826472
ai,cash_runway_years,126,,-0.2787861031364634,-0.009166794896366934,-0.02205471047144406,-0.1455005014047159,-0.09556467436400835,0.07284132885035985
ai,cop_at,21,0.015915760171672417,0.005394344066701668,0.04698186816038063,0.029804059818110098,-0.02603370848734174,0.014872720597031555,0.03315560304204324
ai,cop_at,63,0.017204106592872165,0.04194196457059671,0.0811146732112021,0.0540049280795413,0.014935913860687815,0.05642965247355388,0.04425380346361357
ai,cop_at,126,0.023400386304301718,0.07245709986632713,0.10633884783029947,0.07079958673822229,0.07730910533192145,0.06932204439934615,0.07348117099362005
ai,dist_52w_high,21,0.07082881757603515,-0.021433253903282164,0.07085571975029079,0.04576441001269408,-0.011422223186222416,0.03474631763093651,0.04609928520344527
ai,dist_52w_high,63,0.055810122848988376,0.012818292059120436,0.11013177674335366,0.06346228284794156,0.041599371661145045,0.041474839504438726,0.08176776435449457
ai,dist_52w_high,126,0.12297924384381696,0.011251588614854502,0.15880556789985015,0.09328539921019421,0.14088596403040393,0.10220736153290146,0.09335704280674498
ai,droe,21,0.0563030481242193,0.01244251433560492,0.018450309333138244,0.026419802207941746,0.012008070266277043,0.02969440009527277,0.02073323313725857
ai,droe,63,0.12298063889915312,0.04300155170075706,0.024448311469892424,0.05943953171377652,0.0076079279588820515,0.05593594223971477,0.05237142375033011
ai,droe,126,0.15013637805608226,0.007186230668617344,0.024076539418822814,0.050942301547264444,0.018675692166348488,0.05400261148907071,0.041606870297328076
ai,ear_3d,21,0.0011496044673561143,0.013546654081901926,0.02435290730437132,0.017645006263145364,-0.02020360557632748,0.008584689897454364,0.019577613809675154
ai,ear_3d,63,0.0025304395379507675,-0.0006497712904603997,0.021655748610511557,0.012883871857725807,-0.03169963171212292,-0.006918555034781989,0.024657421968510555
ai,ear_3d,126,0.034256112712035956,0.016286302590290302,0.03591084575343343,0.035709778021006784,-0.03540247958698604,0.030891844490152306,0.026531986314067606
ai,gross_profitability,21,-0.02839675956798144,0.05518535913836591,0.0018019161692172752,0.012337752048378508,0.032763790625493915,0.0034766004581536017,0.024037198960404436
ai,gross_profitability,63,-0.06177356714314066,0.11240036009244206,0.0061309886483096945,0.02230297118030558,0.09451829880671438,0.036749743600758215,0.023643193195120652
ai,gross_profitability,126,-0.07292888644512269,0.14925791208721687,-0.0010586564970292342,0.02868213955107464,0.12287438892040943,0.04402872639134944,0.03385984954414376
ai,idio_vol_60d,21,0.02002304138122306,-0.009192218794596262,0.061470049355671005,0.02648860020125175,0.01994443705231525,0.020799483292483694,0.03095518113714156
ai,idio_vol_60d,63,0.04271285326977581,0.019455508804720963,0.0934662707775684,0.0517169102100045,0.07133777129058427,0.049498436739580376,0.05773304194234664
ai,idio_vol_60d,126,0.0957638092298635,0.016121103048950362,0.12411626451256096,0.06813825819245581,0.1797479549910624,0.1029735640090872,0.05391052626233499
ai,max_ret_21d,21,-0.01629818496511161,-0.01194655799206429,0.03705801933518478,0.004600837071955373,0.009641866487061406,0.0006169667023038194,0.009526438211461912
ai,max_ret_21d,63,0.006554766936728022,-0.01773501547717092,0.05761514686973968,0.016861092519528605,0.020241064627806695,0.024083846486402456,0.010121642124643292
ai,max_ret_21d,126,0.05080344523140062,-0.01766191996705726,0.07339732782947228,0.029067452746174772,0.09746529754946988,0.06102594054914087,0.009372044233405432
ai,mom_12_1,21,0.05947288215905094,-0.002628319297927845,0.04571019658916482,0.03580345795939708,0.014974075498574723,0.03062505876463027,0.03709065383730694
ai,mom_12_1,63,0.025267339739629795,0.01461199469760959,0.06431164580831705,0.03258303282677716,0.06909942943416661,0.04497457718825578,0.026888068842856556
ai,mom_12_1,126,0.0849493448079607,0.02270709267250863,0.11461447667608457,0.06577401765354138,0.1556799638827708,0.10757120766494643,0.04010337380147752
ai,profitable_growth,21,0.045959353776017633,0.009792520169486039,0.0036105766270450403,0.019732933573660304,-0.010417429221293401,0.010118996800248385,0.022904051181204484
ai,profitable_growth,63,0.09010488119801698,0.01826281115913846,0.02618987042088866,0.04097151834960281,0.03349446737640541,0.032402276613056544,0.04760944104947762
ai,profitable_growth,126,0.1313840669301643,0.021686417456959893,0.018225665269228895,0.05221014304708834,0.02811490418388631,0.024384128579966045,0.07397891194975803
ai,share_issuance,21,-0.03723912624666584,0.00383280681823817,0.0676362493017238,0.01636345189750482,0.022727286583771197,0.00338340950291124,0.029819153387632035
ai,share_issuance,63,-0.021069017971295963,0.019815741500281543,0.09519601125040603,0.04074197999957584,0.0001333242363061393,0.01371471583897867,0.05910150325615755
ai,share_issuance,126,0.0065084902472347045,0.04602265100151515,0.1162130922316068,0.06224972506635606,0.04429367691243833,0.05748622662244972,0.06339506471136107
ai,sue,21,0.015926345276184337,0.011441962850835383,0.0378096575895896,0.024688801076965264,0.008254821656793651,0.015427502811131023,0.029919773403517
ai,sue,63,0.041230382151111994,0.028035684531801323,0.05504107706704439,0.04509633548067375,0.013712682221671425,0.042339910387075255,0.04157074828951965
ai,sue,126,0.03925341555722071,0.018358782169278366,0.061812806367588666,0.040848383051935576,0.03513067797275748,0.03881571937370714,0.041608988957891946
ai,sue_announce,21,-0.03659822543852045,0.04511444639329988,0.05379261771784539,0.04331714156577835,0.05489437574226992,0.028405138441135524,0.060860334275987436
ai,sue_announce,63,-0.039223298528584326,0.09364853804240332,0.08225133887051145,0.08052309760033337,0.07326425890408866,0.07294917912855609,0.08663241070492132
ai,sue_announce,126,0.0539948928658721,0.1297435907204285,0.08034062513963484,0.10303719520309403,0.08125958295476231,0.08042245906591866,0.1214774156094073
ai/ai_infrastructure,asset_growth,21,-0.014171122862059172,-0.017251861243451794,-0.03190657206241543,-0.02128104722494386,-0.03116033299503899,-0.0055840133714109876,-0.037098713161512864
ai/ai_infrastructure,asset_growth,63,0.01559344205003154,-0.05200347363805959,-0.046938594913642384,-0.017208854696716812,-0.17053467434028902,-0.057162879762451206,-0.010133156984539737
ai/ai_infrastructure,asset_growth,126,0.06192310651044122,-0.0675078727132217,-0.06415372145148304,-0.020713611623117315,-0.13297049319468968,-0.043147718833328234,-0.022019800242655884
ai/ai_infrastructure,capex_at,21,-0.015287706336842274,0.02248746166579381,-0.009749499989837023,-0.008429220333026774,0.07886630773224987,-0.00026903619487992356,0.0009102093979614808
ai/ai_infrastructure,capex_at,63,-0.04789215996693296,0.04176929507746415,-0.03419214830789665,-0.020178775073728786,0.07721844816127856,-0.011731338845137227,-0.008914891203524188
ai/ai_infrastructure,capex_at,126,-0.035729854879515244,0.05963227058686208,-0.04529916478841487,-0.0132243411075045,0.0707731144873309,-0.0014192163932399045,-0.007396671781795111
ai/ai_infrastructure,cash_runway_years,21,,,-0.2222236496471227,-0.2222236496471227,,,-0.2222236496471227
ai/ai_infrastructure,cash_runway_years,63,,,-0.3978520179166229,-0.3978520179166229,,,-0.3978520179166229
ai/ai_infrastructure,cop_at,21,0.03494683791385533,0.00892466585424467,0.013144197743107648,0.028136943555295522,-0.08081472364702896,0.009412232366932108,0.025067684185878056
ai/ai_infrastructure,cop_at,63,0.039227539219368356,0.025600978545565627,0.014425921196187326,0.036601086341655285,-0.08105327142974178,0.015100800913763802,0.03442018627231972
ai/ai_infrastructure,cop_at,126,0.038790255654709775,0.04358863220999633,0.009358104250110607,0.03261820160194751,0.00220209829589043,0.0028197660657955912,0.055103217616862925
ai/ai_infrastructure,dist_52w_high,21,0.059373696672241474,-0.019937754603304374,0.06055204779988586,0.037501510558656144,-0.003546802804896983,0.020012483829679465,0.04732217105488115
ai/ai_infrastructure,dist_52w_high,63,0.0440967986188892,0.00442979703378114,0.08224585169454803,0.04184767762256893,0.07376880628284241,0.00849519524048028,0.08204694822925111
ai/ai_infrastructure,dist_52w_high,126,0.11690104934001343,-0.019606724344619155,0.11430606582890294,0.054179599146696546,0.21581173455488323,0.07308504565313864,0.06620553151864349
ai/ai_infrastructure,droe,21,0.08143374226381983,0.014519172437131765,0.03229521572369276,0.042243292761022996,-0.0124073117019913,0.03861721238480295,0.03477372854375516
ai/ai_infrastructure,droe,63,0.14409241858753827,0.05244557201720664,0.034803792120485504,0.0665197358460861,0.057985292497255043,0.06338916164948914,0.06764877909559007
ai/ai_infrastructure,droe,126,0.16742744486217234,0.002268299392888835,0.04623279544264631,0.05143014286751752,0.10429834143004486,0.07321908761092225,0.0423072461815441
ai/ai_infrastructure,ear_3d,21,-0.01745577489759472,0.0025447805200769142,0.01591808155006911,0.003020920078325333,-0.007212475423885596,0.007697391713963047,-0.003708933111027589
ai/ai_infrastructure,ear_3d,63,-0.0228129423372158,0.0038428283755466432,0.03076168904553186,0.0013409345341726948,0.05291057589526655,0.0019475105071967323,0.011026878269613643
ai/ai_infrastructure,ear_3d,126,-0.00030449160587038505,0.015317572881567923,0.0307515468852589,0.011859129461121618,0.05769280706915038,0.025805947386635487,0.00662779644686596
ai/ai_infrastructure,gross_profitability,21,-0.017012458342561626,0.04397294046261142,0.026116833976537603,0.023313213566383863,0.024420936204678917,0.016805929967446624,0.029214188720064843
ai/ai_infrastructure,gross_profitability,63,-0.050822989114195784,0.10223361715195631,0.051240893606929856,0.03919120865988869,0.12315160830317211,0.06888325156263844,0.029435109051969128
ai/ai_infrastructure,gross_profitability,126,-0.09705022580181906,0.12139518007058098,0.07831247698779055,0.04391229678782648,0.15464735907755653,0.07039847622672875,0.04265967752285949
ai/ai_infrastructure,idio_vol_60d,21,0.02317775144499629,-0.016830391138528956,0.033927243470835554,0.012038310328444322,0.03308861538479807,0.0039880653106891375,0.02402102991716668
ai/ai_infrastructure,idio_vol_60d,63,0.04677303598006581,-0.016941955592451898,0.04183972043025885,0.020676610127513696,0.052962394411105396,0.0018601990516551284,0.04608280946149334
ai/ai_infrastructure,idio_vol_60d,126,0.10793399882973091,-0.023822469811860154,0.034843042013476794,0.026488013563495394,0.1385951308696255,0.05404636892168622,0.01988535852863376
ai/ai_infrastructure,max_ret_21d,21,-0.009870694590399099,-0.008828519878362018,0.006515712144515088,-0.00021547572407637662,-0.03435922236962617,-0.01614718563403369,0.009337732065283724
ai/ai_infrastructure,max_ret_21d,63,0.009968619197003205,-0.034776966232413005,0.013404353348376915,-0.0022593470885374192,-0.01737362593424304,-0.014644293478673716,0.007516915620736835
ai/ai_infrastructure,max_ret_21d,126,0.06026414942472602,-0.041814456580304,0.0012979647051824784,0.0010302566777067646,0.038960434241786975,0.022765317034278306,-0.014042644626914796
ai/ai_infrastructure,mom_12_1,21,0.048179295443506,-0.013475248894739663,0.0505621535216969,0.03157811631776661,0.00025900518724140053,0.03061421191451354,0.02668060540649022
ai/ai_infrastructure,mom_12_1,63,-0.008374978555268054,-0.0017079734840625698,0.06335321632695834,0.011319703044469172,0.10595106540601676,0.02952773416540432,0.010982740788987663
ai/ai_infrastructure,mom_12_1,126,0.05239586898530072,-0.006298080654983873,0.14150932840868521,0.0472317584693349,0.22378437117910743,0.10929702906434864,0.018238486436115475
ai/ai_infrastructure,profitable_growth,21,0.008251394418993549,0.006884570759620592,-0.016181686511154467,0.004596326238027239,-0.06119439516592598,-0.012583693233775048,0.007631207497458136
ai/ai_infrastructure,profitable_growth,63,0.052691706642952224,0.014860665072448856,-0.014859671615048312,0.020154115942149924,-0.052163568223888186,0.0020617199325911515,0.022836882373418247
ai/ai_infrastructure,profitable_growth,126,0.08067387781375274,0.003032437034215337,-0.027017755690502108,0.022754428439226832,-0.08480032222953783,-0.02507066417576618,0.04598206387911568
ai/ai_infrastructure,share_issuance,21,-0.023491273151834642,0.0023305710470101475,0.04179111326841899,0.01667251227198496,-0.03269987558339139,-0.005522266066145057,0.027075308644307218
ai/ai_infrastructure,share_issuance,63,-0.002068477775349418,0.021131205258135846,0.0502446790048137,0.04039771616375205,-0.09428882808737525,-0.012730476939987748,0.06267708202772954
ai/ai_infrastructure,share_issuance,126,0.018745596103304046,0.05416261211587237,0.044016122297464016,0.05209480918082952,-0.05293789945478955,0.018881665659053797,0.061842277685652265
ai/ai_infrastructure,sue,21,0.0334705538378064,0.023091810832216706,0.060373352625654346,0.044480405220239785,0.006009867197124288,0.030457671666641453,0.04952259193514316
ai/ai_infrastructure,sue,63,0.05499858319497434,0.055286142231713485,0.06162689838049632,0.05577652743703943,0.07488274249727045,0.04545803683235234,0.06873069123015545
ai/ai_infrastructure,sue,126,0.051792305243005723,0.03873505831855758,0.06029253167475747,0.042644412176894915,0.11631111291663865,0.04812397472217086,0.05223659861926838
ai/ai_infrastructure,sue_announce,21,0.020798319327731078,0.05663265261868434,0.06716980114982737,0.056496157488274676,0.0935767269307642,0.060138639214793836,0.06090813655032325
ai/ai_infrastructure,sue_announce,63,0.0853991596638655,0.16200249104989017,0.07782247290744217,0.10865614256244216,0.16290507629016945,0.11767593452413978,0.11144966828305235
ai/ai_infrastructure,sue_announce,126,0.1442226890756302,0.1986961973833741,0.07660481081528661,0.13623788811139165,0.11668302711780973,0.11481412301182267,0.154527103319096
ai/ai_software,asset_growth,21,,-0.02476899734709801,0.0101827450731558,0.0014635445282860456,-0.031136172469158153,-0.004711526122722543,-0.00013518715870713236
ai/ai_software,asset_growth,63,,-0.012839037651399815,0.013914819140947365,0.012168696610044945,-0.051050252205542955,0.010260356713654165,-0.005257399068182381
ai/ai_software,asset_growth,126,,0.020037160015693712,0.017684141875160698,0.01875238066637918,0.01761610424679463,0.04959811749658951,-0.026426138774502093
ai/ai_software,capex_at,21,,-0.02484259425123446,-0.0174795940480385,-0.026047066019118093,0.019007717177221762,0.007602592673074042,-0.05768862850101277
ai/ai_software,capex_at,63,,-0.08120667064652776,-0.010251213848850829,-0.04343717517709315,0.005098084029093153,-0.020834722508087135,-0.059843048735996864
ai/ai_software,capex_at,126,,-0.09062475056920363,-0.007732352155437175,-0.04517523663400326,-0.006538010581028403,-0.03805251308083067,-0.042641069300714665
ai/ai_software,cash_runway_years,21,,,0.07349855236399405,0.33172901481362704,-0.02979363261585915,-0.003170119536449891,0.35461701599895523
ai/ai_software,cash_runway_years,63,,,0.16228396643702572,0.4984194558444791,0.027829770674044407,0.045067682541219,0.5920770073883171
ai/ai_software,cash_runway_years,126,,,0.24050057718865517,0.5030007773311449,0.13550049713165924,0.14944730014541388,0.574362593013873
ai/ai_software,cop_at,21,,-0.01813742855069663,0.07053032090394595,0.046038364299966404,-0.018360111768313044,0.01983123828997232,0.061761476205699474
ai/ai_software,cop_at,63,,0.03260766034431247,0.12496587863868497,0.09827036040854085,0.03651294616713922,0.06810264174116272,0.12112933218121859
ai/ai_software,cop_at,126,,0.051146694202687984,0.17744494358142895,0.128667280759086,0.12667937329849213,0.12020577198591316,0.14029397910944857
ai/ai_software,dist_52w_high,21,,-0.0034413170753327697,0.05758480613773207,0.04445093106350054,-0.02859095611547008,0.006238382078865857,0.07372466185788665
ai/ai_software,dist_52w_high,63,,0.012853705236213759,0.09437166443755256,0.07404378936516239,-0.004953611376279939,0.02565027156069366,0.11709911876281845
ai/ai_software,dist_52w_high,126,,0.06346166901744786,0.1507690428499992,0.11848577887816118,0.10654872429225125,0.0762142908229667,0.17590106476302128
ai/ai_software,droe,21,,-0.004844052185254852,0.02436158819844648,0.009854886413336638,0.03831904194503734,0.02510056312827312,-0.0020306305188862194
ai/ai_software,droe,63,,0.04487462188743109,0.03649132330110344,0.04487569514625278,0.0053463042796295475,0.04712736222283324,0.029125358080782027
ai/ai_software,droe,126,,0.021834396224299606,0.03568179056942612,0.033630631697871546,0.009157316695375839,0.03237295975507798,0.02729947880443031
ai/ai_software,ear_3d,21,,0.0014151130900516326,0.03681970058932592,0.021787171603956528,0.047138093260291294,0.012192911389140413,0.04409965586337446
ai/ai_software,ear_3d,63,,-0.015770343048277468,0.024404986153266032,0.014858222598623263,-0.016779072585084646,0.009029345639429937,0.013429418935099942
ai/ai_software,ear_3d,126,,-0.026863159131270836,0.047670705486040806,0.033077852006125695,-0.0529717333351689,0.020416567117191132,0.02337602724664578
ai/ai_software,gross_profitability,21,,0.01972232995642984,0.02986489373452384,0.029222734151111717,0.00655498359926262,0.029409762047644228,0.021746728757682104
ai/ai_software,gross_profitability,63,,0.07224385622752494,0.050102321312535524,0.050857437519943115,0.10534645474845801,0.07329453114463362,0.03589901934061925
ai/ai_software,gross_profitability,126,,0.15811488520061603,0.06241221898282166,0.08759262875811262,0.16569833797038402,0.10579925480696176,0.08716452225791267
ai/ai_software,idio_vol_60d,21,,0.0394142301784237,0.05923730435897495,0.058441016293988075,0.007946455136597457,0.030450406140189182,0.0807995809316416
ai/ai_software,idio_vol_60d,63,,0.07070481860987496,0.10643067057020568,0.09965338519689806,0.0488932545652821,0.060315090055948914,0.1389336686036305
ai/ai_software,idio_vol_60d,126,,0.08384071693637715,0.15609148393659253,0.1173925941605128,0.19567509179819842,0.1109718209619055,0.15281216873295667
ai/ai_software,max_ret_21d,21,,0.026927197283047717,0.03908770830813953,0.03739980988964783,0.015676423332035744,0.026226672054128923,0.04584779106346528
ai/ai_software,max_ret_21d,63,,0.07613007416856683,0.0712982052485073,0.07913407385847587,0.0336106941545982,0.05550432698072439,0.0979458236440737
ai/ai_software,max_ret_21d,126,,0.06934485978290054,0.11105752112711322,0.08907591992565297,0.1316186677815029,0.07945763598965745,0.11722624826083453
ai/ai_software,mom_12_1,21,,0.016085122170778586,0.029830817956949987,0.019654437151950692,0.05888452968716983,0.019510385105311473,0.03178818763857459
ai/ai_software,mom_12_1,63,,0.03202508360702502,0.04438126885625906,0.03693296188720673,0.05802389965507707,0.03613834638641735,0.044763400291732355
ai/ai_software,mom_12_1,126,,0.04620634466441945,0.08854442912400658,0.05970626094156241,0.1509068283992956,0.04765704764168904,0.10760649798205141
ai/ai_software,profitable_growth,21,,0.013646339494583626,0.023467591955227733,0.03150126448642161,-0.05725815028521163,0.01074832477372332,0.03248016349496447
ai/ai_software,profitable_growth,63,,0.0013463430763408616,0.06345167505988798,0.0503871415178104,-0.02463656744220333,0.010591799652202001,0.08334014780217155
ai/ai_software,profitable_growth,126,,0.004024862037842927,0.07770765787143492,0.0537925177850703,0.022772178592149174,0.007539244602132776,0.11201605230844332
ai/ai_software,share_issuance,21,,-0.019281412517412545,0.08496470064290866,0.0463514876172189,0.04637880764305074,0.03404826170934613,0.06294241124003971
ai/ai_software,share_issuance,63,,-0.026916283071918477,0.1219536432428349,0.06746717449306533,0.054664934127739546,0.030652367928464996,0.11526914362694395
ai/ai_software,share_issuance,126,,0.013591666022118708,0.1706985023976147,0.10578571928522347,0.1344816625392559,0.11298088306652469,0.10490091487801106
ai/ai_software,sue,21,,-0.0016046781814116535,0.043146377419332804,0.025647590269899302,0.032778075134830754,0.0037496188736752785,0.05733239493674559
ai/ai_software,sue,63,,0.001033129984871095,0.06823286882459376,0.0492210089012494,0.001168694493077654,0.03057446360755029,0.06020631359431623
ai/ai_software,sue,126,,-0.01101352156574883,0.08125810027458033,0.04848832390798354,0.025947044775576578,0.03911394962692198,0.05458972684348492
ai/ai_software,sue_announce,21,,-0.0011390593404424112,0.06444374378204301,0.036294964375245285,0.12405616889203103,0.038147575432801124,0.06342034251748249
ai/ai_software,sue_announce,63,,0.044670646841605446,0.10536578588151939,0.09579223084553873,0.050463747535893694,0.067501398211989,0.12731783168684307
ai/ai_software,sue_announce,126,,0.057701205713747865,0.10088814494634425,0.09593875692707994,0.048634404202664426,0.08413531554612814,0.09856898412899488
semiconductors,asset_growth,21,-0.007854475646956313,0.0018399155833966302,0.012990644501543386,0.0023107529927032405,0.011676944765690138,0.014661301205007554,-0.008154346776160618
semiconductors,asset_growth,63,-0.02129833876171416,-0.0021257123082092147,-0.005994900380017605,-0.01487570594734262,0.04457919091323171,-0.0024085822870520074,-0.016126356315841403
semiconductors,asset_growth,126,0.0053535003372894635,-0.017541790332592105,-0.0066559384771703554,-0.008337618795060038,0.00809325660433113,-0.02297056946649555,0.009842352372151572
semiconductors,capex_at,21,0.037422330178515116,0.007274326417282358,-0.0015987073972490659,0.011728395341922005,0.024315769426275887,0.03171586530135652,-0.0059075871512046406
semiconductors,capex_at,63,0.06413699838494616,0.01960882625027814,-0.005059214251019864,0.01590551590123456,0.10078942678442566,0.04403223155891727,0.003360519948033694
semiconductors,capex_at,126,0.05305591080747715,0.0257392927255868,-0.0030103983846650547,0.013075596519328242,0.12515448269485632,0.053497502448744065,-0.006839696223929762
semiconductors,cash_runway_years,21,,,0.16060025108529338,0.16060025108529338,,0.05898125679575892,0.18600499965767703
semiconductors,cash_runway_years,63,,,-0.16792396511775928,-0.16792396511775928,,-0.3413763650906046,-0.08119776513133661
semiconductors,cop_at,21,0.01655513394750989,0.023465545336606476,0.013177670644144095,0.02169030085057731,-0.022406357834207934,-3.268773494699871e-05,0.0351754520993835
semiconductors,cop_at,63,0.03153818410572145,0.01833130439694762,0.00696420776042857,0.020435926594460262,-0.004028124540171883,-0.006661008830397006,0.04346887327281156
semiconductors,cop_at,126,0.03217661811118453,0.026340102438348428,-0.0018471545240644508,0.016805289645246448,0.030160379179375175,0.0009792900819903469,0.03578662852769745
semiconductors,dist_52w_high,21,0.014518221142306782,-0.008689676767193589,0.05140031406890983,0.02352062451699372,-0.0072399031155967394,-0.0021860592161507216,0.043480836055038836
semiconductors,dist_52w_high,63,0.04073595267704086,0.0076803296918631575,0.06706115486426256,0.04615763685175527,-0.025711609395457993,-0.011469687256889976,0.09135212345494732
semiconductors,dist_52w_high,126,0.021398881149647074,0.009183926360543429,0.05952026905742207,0.03676698280514483,-0.02508030202894327,-0.02408714739393056,0.08763442965269987
semiconductors,droe,21,0.002121403585827872,-0.00018872769856423827,0.012374074068982062,0.0065136544090284255,-0.007393621073815185,-0.007144058043362454,0.017423219656356313
semiconductors,droe,63,-0.024383585406615567,-0.008457598423767743,0.008560997473583376,-0.00522610286589075,-0.022831260849757944,-0.023651650838359354,0.010043690749799501
semiconductors,droe,126,0.010951561184726075,-0.014057609140459025,0.0015712655940535061,-0.0006133519383216655,-0.0039124185305025715,-0.00574332697801722,0.003989908365883263
semiconductors,ear_3d,21,-0.025391878674317987,0.014223592147098375,0.010706810601118787,0.003383117507406326,-0.020464540437249146,-0.009777435322538209,0.012088613358678956
semiconductors,ear_3d,63,-0.014936437904425589,0.04773787558998567,0.010152780874526118,0.016938024151225743,-0.001947618257112554,-0.02076155940864479,0.05187741946590515
semiconductors,ear_3d,126,-0.019634411467833172,0.06202933525855889,-0.01106979961191628,0.01606673238898789,-0.035680744796367465,-0.022063746572714683,0.04540047945108203
semiconductors,gross_profitability,21,0.006540670315374438,0.01439148666376235,0.012485833475548469,0.011999032223840567,0.005051868015268391,0.016144681487099154,0.0065555610754640965
semiconductors,gross_profitability,63,0.0025540901801909956,0.0222024617678975,0.008006276674651168,0.012102402688310095,0.0015171293021526634,0.00871318346588083,0.01354587798804477
semiconductors,gross_profitability,126,-0.00538597202965239,0.03687196234605526,-0.016723695477231352,0.002032582039609026,0.03192172410347457,0.012883714688625281,-0.0033523205273536063
semiconductors,idio_vol_60d,21,0.032967721785855525,0.008296850999274739,0.0588408197252842,0.03804715913382243,8.603062537100826e-05,0.01835273959809418,0.05064993927786196
semiconductors,idio_vol_60d,63,0.0794321107416106,0.019943187054434697,0.07944658574234754,0.06292854113763084,0.027767509227892142,0.019895805557309576,0.10021215232126765
semiconductors,idio_vol_60d,126,0.10637595173561838,0.016000148599199848,0.08793037486975142,0.07137235567376483,0.04849100109807932,0.03826907310681494,0.10114606145811929
semiconductors,max_ret_21d,21,0.05488063851722275,0.010676245286278438,0.04270395676296416,0.04330634852638255,-0.0375028970508719,0.016498867232339016,0.05501759713016973
semiconductors,max_ret_21d,63,0.06945037401661658,0.010154443593669488,0.050010507460032785,0.0486544940485434,-0.015906013237232102,0.015026269572209048,0.0707066266720068
semiconductors,max_ret_21d,126,0.0453087576950083,0.0014319127022244923,0.03875453844531278,0.03184929225444816,-0.007162538881946055,0.009933189944902486,0.04689812074341837
semiconductors,mom_12_1,21,0.03413369788943025,0.01256124139559506,0.0022282423782245264,0.017171830228631214,-0.004996313896467445,-0.0037571791966196227,0.03395953800413835
semiconductors,mom_12_1,63,0.019762374293034773,-0.015458723555528959,0.01749794242810622,0.01320905048144338,-0.050503895866360005,-0.017157662537147025,0.03208827291716326
semiconductors,mom_12_1,126,0.005085156148135638,-0.028391016612510797,0.003958926720527427,-0.004096179815162364,-0.030827141819536327,-0.03303574244776792,0.02061800734414961
semiconductors,profitable_growth,21,0.016612590364037203,0.009097315287167609,0.012805149652075931,0.01313832432061603,0.00857914472515201,0.009166427525829078,0.016258506245920686
semiconductors,profitable_growth,63,0.033198104123934334,-0.001447176323797591,0.03258277342216933,0.02183918503897367,0.017443701633827385,0.02467346371241213,0.018101627992115392
semiconductors,profitable_growth,126,0.015682051346998332,0.0074062929674832845,0.031054997594472798,0.014543462233820048,0.05415995540161674,0.028649445896907558,0.007692219178356478
semiconductors,share_issuance,21,0.010307061767407213,0.008757689481221654,0.01965246393000331,0.011056673173846997,0.034988752310305814,0.0002106807897789473,0.026254306798967043
semiconductors,share_issuance,63,0.030302930742481093,0.007286068517107306,0.011823910236235967,0.011557485997414981,0.05595792849342841,-0.012391575074137667,0.044256621040920235
semiconductors,share_issuance,126,0.05139023633289834,-0.0045276111488348715,-0.014386512950909798,0.004860737613416078,0.0454598976631204,-0.014498519156073244,0.03259820397352554
semiconductors,sue,21,0.009807929428126473,-0.003913335619646389,-0.004822050976575075,0.003656626267575651,-0.03888352713289672,-0.024749634722325373,0.022867198776513643
semiconductors,sue,63,0.016304303826286382,-0.009985213452353732,-0.016666179908843688,0.0027030013525108166,-0.07727310028587109,-0.016844976714969526,0.006535364993165842
semiconductors,sue,126,0.03029725071218528,-0.006193194538662108,-0.04397434611189922,-0.005843907537956674,-0.04208608034346303,-0.018782174779290717,-0.00013615989357597754
semiconductors,sue_announce,21,-0.002626945916105542,-0.01577636178344962,0.024890944139656184,0.004699703282321516,-0.010076683915476812,-0.010317500425506288,0.016956483008143043
semiconductors,sue_announce,63,-0.01572089265517253,0.005742119939994367,0.01963331713567923,0.010527976994884922,-0.05439190154065104,0.0036199481586780937,0.0051908161970277335
semiconductors,sue_announce,126,-0.014539754382344608,0.027222507593421333,-0.012614639913398635,0.012941178777892155,-0.11865336470871692,-0.02861318727269551,0.03021457768916267
semiconductors/semis_all,asset_growth,21,-0.019581000201728344,-0.00736352184261127,0.01686527196742304,-0.006048442258798945,0.03877521782232443,0.02377045100893489,-0.027166004596347826
semiconductors/semis_all,asset_growth,63,-0.033516339077583966,-0.013663862736430226,0.0016816372772125113,-0.024522924475983802,0.0875002405945669,0.00930166591921213,-0.03732988323293068
semiconductors/semis_all,asset_growth,126,-0.005645920427394242,-0.02934730308366499,0.0079761213944794,-0.014717805950539868,0.04603263684213221,-0.012227480526534848,-0.005394604056988395
semiconductors/semis_all,capex_at,21,0.034507026539359144,-0.004844515517604213,-0.008003100216011678,0.006187847040345342,0.00044134857196269605,0.01958576909334832,-0.008283596704553293
semiconductors/semis_all,capex_at,63,0.04999426438315294,-0.0022981966827180203,-0.005844577732985469,0.007135780954941645,0.05958376762909697,0.026116892266942075,-0.002253717426310023
semiconductors/semis_all,capex_at,126,0.0294567291944806,-0.0028274608051120616,-0.010179524817103575,-0.0010708089619682394,0.055943241096036544,0.029225134958626282,-0.021270764155846684
semiconductors/semis_all,cash_runway_years,21,,,0.07372189036061713,0.07372189036061713,,,0.07372189036061713
semiconductors/semis_all,cash_runway_years,63,,,-0.14061621007011707,-0.14061621007011707,,,-0.14061621007011707
semiconductors/semis_all,cop_at,21,0.034697470142631484,0.01573356773752749,0.016319543624929562,0.0268418804328659,-0.02950022664552432,0.0023970939844064213,0.040761218306241485
semiconductors/semis_all,cop_at,63,0.06674458935576112,0.00414664734480788,0.02014404776469356,0.032592973612765044,-0.007655345912432657,0.005006595690544073,0.05311138888235771
semiconductors/semis_all,cop_at,126,0.05048459187263689,0.00012140156614404522,0.019736006237465673,0.0231065508204983,0.01645719510421441,0.003569514752312794,0.04201797839474967
semiconductors/semis_all,dist_52w_high,21,0.02132869225801613,-0.0050533477426494685,0.046844865093195985,0.025633112564037348,-0.011497895844407788,-0.003725848862264256,0.048055511979970086
semiconductors/semis_all,dist_52w_high,63,0.055177888022306026,0.03031685655658982,0.06062263023636331,0.0584351625377128,-0.04266003243807604,-0.009760483315497602,0.10885297667314804
semiconductors/semis_all,dist_52w_high,126,0.003226240848474714,0.02611103053829248,0.03786153218789837,0.03170348694072744,-0.05567073791550656,-0.04258467005179857,0.09148018012200748
semiconductors/semis_all,droe,21,0.00772314449113707,6.0296777525053795e-05,0.011419095634042288,0.010172771964684533,-0.02817009614186004,-0.010075240782534576,0.023035325694777523
semiconductors/semis_all,droe,63,-0.01892359211833746,-0.013084491673206522,5.3186830714329494e-05,-0.003211681632526165,-0.07436571337458193,-0.0401643629817595,0.020564978837317113
semiconductors/semis_all,droe,126,-0.019811604075433583,-0.016111583447799463,-0.01247568949501968,-0.010613226997020282,-0.06559855108976252,-0.032012981445863946,0.0005342170991919857
semiconductors/semis_all,ear_3d,21,-0.007462998997118604,0.02492050720847846,-0.0038285707894112767,0.007300867321810204,-0.02192690794790279,-0.009365112489161158,0.018506713291186822
semiconductors/semis_all,ear_3d,63,0.011252379755745775,0.058571228733184134,-0.014196932833123845,0.021269783885382063,-0.016592359382478217,-0.019015960313580122,0.05522873092529144
semiconductors/semis_all,ear_3d,126,-0.010096421275348108,0.07725436722790383,-0.03541168129446905,0.018042850580599307,-0.06045510174364752,-0.0327123095229655,0.055209508279549145
semiconductors/semis_all,gross_profitability,21,0.010894943831825472,0.006580301026718826,0.01818702979542628,0.014929511224578721,-0.014323899849693929,0.01642970412785138,0.007964395373365013
semiconductors/semis_all,gross_profitability,63,-0.0018777191158087406,0.0019433598037236059,0.019475484539935996,0.010710957526822806,-0.026194078898035163,0.0004807992992098782,0.014121730330083373
semiconductors/semis_all,gross_profitability,126,-0.02753941070933936,0.007600041581364971,0.005140147402305262,-0.0010405447882764081,-0.031812307703115904,-0.006539907533673658,-0.0013644220580065031
semiconductors/semis_all,idio_vol_60d,21,0.023563007139217506,0.002411219732568354,0.06391033197776544,0.03463348199310015,0.002850212652845342,0.01363809353291718,0.04969133662048827
semiconductors/semis_all,idio_vol_60d,63,0.06366558081878698,0.019227997669449423,0.09147644117324907,0.06093564440228798,0.04097390024958586,0.016778996616899414,0.10227165898514666
semiconductors/semis_all,idio_vol_60d,126,0.08630519203753201,0.006923239158308375,0.1073207618958571,0.06635109238997862,0.07181811391574423,0.036147533363911015,0.09866442202542801
semiconductors/semis_all,max_ret_21d,21,0.056042351179037365,0.002943864823846091,0.04864982795786751,0.04157449231940958,-0.02051082814522392,0.017640785394729967,0.053909842673773044
semiconductors/semis_all,max_ret_21d,63,0.06164325302225509,0.005261796120695226,0.05865498952001483,0.04423388439904705,0.01797350480704678,0.018937923388250306,0.06508226640936729
semiconductors/semis_all,max_ret_21d,126,0.032999037646876256,-0.007040112606809401,0.05541590595822669,0.0273045595877525,0.02835375399121379,0.019105707661025755,0.03599114554481282
semiconductors/semis_all,mom_12_1,21,0.0381424664895344,0.011211766705937105,-0.007058931064771192,0.016717720375269623,-0.029766587148990897,-0.011256974839402875,0.03600853396453082
semiconductors/semis_all,mom_12_1,63,0.009665934395777655,-0.020073483614347316,-0.0017470361830147808,0.005647606272352043,-0.10107722176242379,-0.03813975780662429,0.030033314750954925
semiconductors/semis_all,mom_12_1,126,-0.025083870236681603,-0.02977995062498851,-0.015962517547557415,-0.015343709861520088,-0.09952770929017767,-0.06657177020345922,0.021201088305001108
semiconductors/semis_all,profitable_growth,21,0.02270581357229069,-0.004047376807961361,0.014991090232097482,0.01203245721002535,0.001018236503203625,0.004650581496223201,0.017356731253322343
semiconductors/semis_all,profitable_growth,63,0.04873298243211743,-0.03255191924884181,0.03966503808412476,0.020964207253434185,-0.007106316020806141,0.022034103290342107,0.014508483264437488
semiconductors/semis_all,profitable_growth,126,0.02578718607676456,-0.03740008877300257,0.038778743151295134,0.009040703793051106,0.008532407847561676,0.019148549543778308,-0.001515010559118648
semiconductors/semis_all,share_issuance,21,0.010224174789252631,0.0024498809475820863,0.008832643128828015,0.006183904368878824,0.01619609040879369,-0.005460490683659303,0.019570747417307216
semiconductors/semis_all,share_issuance,63,0.03334524540585068,-0.010880515495998026,0.00216482608355709,0.0034526270158373525,0.04106000127643068,-0.02330841430800857,0.03769778523579489
semiconductors/semis_all,share_issuance,126,0.04769983847888287,-0.030111080202978317,-0.026402580898642187,-0.009912037383568781,0.03729870438676887,-0.030005042515573024,0.019867963384754404
semiconductors/semis_all,sue,21,0.020312564412585363,-0.0003691237879466393,-0.006242672187930304,0.01067115877460738,-0.0675927928316811,-0.021381107934853986,0.02669379642753304
semiconductors/semis_all,sue,63,0.026351358934185384,-0.011785433736016248,-0.022567518657771436,0.009023841892083271,-0.13610618645328584,-0.027916259526166762,0.017412362583279637
semiconductors/semis_all,sue,126,0.010033812939066413,0.0025605339896926566,-0.047431607188570105,-0.002977747680130848,-0.10990234873203679,-0.028601288295083585,0.0014579566302546148
semiconductors/semis_all,sue_announce,21,0.012273538267010733,-0.028131270740894537,0.03387703403023935,0.010707511158571669,-0.02881013130891652,-0.00528939016104036,0.01914620562909676
semiconductors/semis_all,sue_announce,63,0.019273343561114705,0.016823857043896207,0.026202103197049843,0.03102553734137612,-0.0744635062896936,0.0008911008518338753,0.0413489704012707
semiconductors/semis_all,sue_announce,126,0.020468777661298402,0.04224207918374494,0.009111856590909465,0.040680654495400294,-0.13381218426281405,-0.018594121085708067,0.06722176676929684
cyber_cloud,asset_growth,21,-0.019286541284035542,-0.03357389050636075,0.007047640476089851,-0.009432029586964418,-0.0594428066940738,-0.02092353517145442,-0.007409476930005728
cyber_cloud,asset_growth,63,-0.014819765367568308,-0.07166480687305497,0.01893115492288113,-0.016170772904882977,-0.0715420318448954,-0.02447258635696322,-0.0183522132564896
cyber_cloud,asset_growth,126,0.010532524501812716,-0.07239189689510421,0.032381240558682925,-0.009908782056480324,-0.009986794878398987,0.009798398106627556,-0.03008424472877019
cyber_cloud,capex_at,21,-0.0028148513976970504,-0.03276927512930147,-0.02976820647421053,-0.025990744531469732,0.001776285796682241,-0.011739274548086938,-0.034271919289627285
cyber_cloud,capex_at,63,-0.012969152856413847,-0.043068504493952726,-0.04882438156717538,-0.03864318205249699,-0.01978736345532311,-0.0375599629306744,-0.036088214955022686
cyber_cloud,capex_at,126,0.0270773987496773,-0.05769967393163076,-0.05471029961806381,-0.03385341112191814,-0.019685767600256806,-0.024716579919739173,-0.04001181011406723
cyber_cloud,cash_runway_years,21,,0.035499174026299415,0.01918652855561224,0.0071037014458933696,0.07210014021887001,0.006291235469605763,0.0881055520857295
cyber_cloud,cash_runway_years,63,,0.007723520063453273,0.08186456252381885,0.039916154470349165,0.1238946233477094,0.03239285304537656,0.16852653239558008
cyber_cloud,cash_runway_years,126,,-0.07391887768189502,0.16961688511590656,0.07440816866611583,0.18347856506351112,0.09441682258860155,0.13126062482979298
cyber_cloud,cop_at,21,-0.0012948638308963563,-0.01781253061029595,0.06497522638554072,0.019052368934530977,0.009196898194025027,0.027423504536877013,0.008932091936731591
cyber_cloud,cop_at,63,-0.014041681315021102,-0.023467171221865177,0.11901572157713065,0.03213774403491875,0.029204923966220986,0.04651328901009974,0.017040474496332773
cyber_cloud,cop_at,126,-0.013329720623221405,-0.025750771735277667,0.165829359386176,0.044038074408416644,0.07021613607314403,0.0820538587629466,0.010263617405510878
cyber_cloud,dist_52w_high,21,0.026566004015431525,-0.03235285463764676,0.04838413551081644,0.017047359975581402,-0.002283463923574593,-0.003235492075623093,0.03349607072638087
cyber_cloud,dist_52w_high,63,-0.01126323264050773,-0.016330260376561774,0.07155190739589765,0.02165115755903289,-0.021284034645570705,-0.003993035751635806,0.03938238374422303
cyber_cloud,dist_52w_high,126,0.04606684943870589,-0.02558837952295649,0.12283271146658889,0.05087267883030937,0.032702655132349046,0.04161278872893368,0.05679497556774744
cyber_cloud,droe,21,-0.026673729604246483,0.0017814556603460115,-0.009402186778704927,-0.012787804487239655,0.008884170914768529,-0.010151135886264533,-0.011346887918598132
cyber_cloud,droe,63,-0.014609854833775303,0.022923193045470865,-0.017105207524247927,3.804295086799182e-05,-0.031413963417812774,-0.0032450763531686596,-0.0026496353738991365
cyber_cloud,droe,126,-0.004178674981327028,0.021541628181239413,-0.006047546295077312,0.005062985716398959,-0.006763660507839557,0.0032338082187225703,0.004623259411584523
cyber_cloud,ear_3d,21,0.018423429557871428,-0.008867387579766612,0.01115803904717774,0.012264860384378037,-0.047546584473454244,-0.01814813464032807,0.031170080050756062
cyber_cloud,ear_3d,63,0.0033971180809585343,0.020285797686626156,0.006702261635430415,0.017171352870588668,-0.05542439868285794,-0.022685271152343953,0.043609199900423994
cyber_cloud,ear_3d,126,0.02796567730831192,0.006363029490459932,0.009858598949831281,0.02388298390603811,-0.07719647296779766,-0.005419678220733582,0.034108112209802165
cyber_cloud,gross_profitability,21,-0.013862520593245591,0.02002732841410699,0.04468505608068672,0.022286236669908678,-0.0002845798777238949,0.021986393688577854,0.018353078593916335
cyber_cloud,gross_profitability,63,-0.05730508289561322,0.05226567420517335,0.0838139637955938,0.03232493539606283,0.044257247550389275,0.03342513154197818,0.03354103020589237
cyber_cloud,gross_profitability,126,-0.09869530938657321,0.06671812708374471,0.10295131610175351,0.027477125752369717,0.08199975811033873,0.04296338864206053,0.02300071660825195
cyber_cloud,idio_vol_60d,21,-0.020116368981741867,-0.01578229000127533,0.06902824367875547,0.012962747205356189,0.03264265131577167,0.011238742659963243,0.01834427224889935
cyber_cloud,idio_vol_60d,63,-0.009664270635795258,-0.029771288185010163,0.11052431038961932,0.02907413575135248,0.01683005054105967,0.01662066707855833,0.03932877318929063
cyber_cloud,idio_vol_60d,126,0.05113045143797971,-0.02646199779934506,0.15595000287925817,0.05708083595705343,0.11007007779258764,0.06484203324049657,0.05949544001426772
cyber_cloud,max_ret_21d,21,-0.016331295935220543,-0.007623111715448185,0.0569183580670476,0.012565760075218566,0.028630488748812424,0.021583241330556183,0.006648475179292309
cyber_cloud,max_ret_21d,63,-0.002447265689198623,-0.012718993581416593,0.07313590749709964,0.0228333810466299,0.01383043934364761,0.020710246431820643,0.023260708084631383
cyber_cloud,max_ret_21d,126,0.03255659428592702,-0.020039828936677172,0.11565217017970482,0.0388458830522801,0.09604123982131577,0.05494917392516249,0.03354850578086716
cyber_cloud,mom_12_1,21,0.021853185609109343,0.002650266561060871,0.01978584279526247,0.012127537453265815,0.03963270580521779,0.016142881068980788,0.013294646646329936
cyber_cloud,mom_12_1,63,0.022387537244674533,0.011037294241680292,0.031595919624189464,0.019617308925220393,0.04447669281055108,0.02969400777862839,0.014175810377399067
cyber_cloud,mom_12_1,126,0.0028559149593317974,0.0015609419812208443,0.062003710514174255,0.01968363268054985,0.06009153987666987,0.02377520616561394,0.023393797992772115
cyber_cloud,profitable_growth,21,0.01911688820894353,0.04704886917401445,0.0024815800821886345,0.022630405766453112,0.017264007376787713,0.02042896824947956,0.023805137677478463
cyber_cloud,profitable_growth,63,0.016610536877961136,0.08226622013540054,0.008242571370818028,0.03292092312154931,0.06042069573170443,0.030442896392921973,0.04067955840187623
cyber_cloud,profitable_growth,126,0.01032282052785321,0.09299409792103945,0.004651806069825922,0.03570852064830541,0.043656727209238716,0.029694588907024613,0.04341380152772904
cyber_cloud,share_issuance,21,-0.03464174674181622,-0.020726437658844177,0.06991618419778481,0.010397405135789142,0.0061555707038738324,0.017770679464888212,0.0025558001690399188
cyber_cloud,share_issuance,63,0.0027635579944432862,-0.0339183807729618,0.10241483091857917,0.032095760013112914,-0.014163055771427888,0.02743936042319564,0.027811567833175965
cyber_cloud,share_issuance,126,0.037633262229954306,-0.024408233664775583,0.14625661728201975,0.059139500724644196,0.023857286313760738,0.0758797446635514,0.0356974475783104
cyber_cloud,sue,21,0.02497867313102662,-0.026007240351858717,0.010634422447591127,0.0007850907768779757,0.01677884392933238,-0.010923651019046108,0.014967006599263909
cyber_cloud,sue,63,0.03479944004369511,-0.03711046869685145,0.0229573903086426,0.008310214337057862,-0.017223084638124768,0.00858599107372055,0.0031634878351729395
cyber_cloud,sue,126,0.026033187588770317,-0.041912804956726335,0.055104427942832136,0.01413931987515983,0.003102125994613366,0.02533097091753634,0.000919615442818794
cyber_cloud,sue_announce,21,0.09027743560531008,0.00868014625178758,0.02689502307661597,0.03855953887787632,0.008133964586483482,0.02273706400995161,0.0465252975083702
cyber_cloud,sue_announce,63,0.08010506094565936,0.02974893520978333,0.032631540761869554,0.04982582857811249,-0.016542836320117455,0.013237817032859027,0.06943489218333819
cyber_cloud,sue_announce,126,0.10814493332812436,0.051761915166762665,0.012569228849854898,0.05793540932538871,-0.013835064755009344,0.0238575694577778,0.07425977688863608
cyber_cloud/cloud_saas,asset_growth,21,-0.025010090443470478,-0.028094649894464193,0.013324392987028075,-0.006478227308552137,-0.05915659171655826,-0.024059673084247543,0.0006825972334818373
cyber_cloud/cloud_saas,asset_growth,63,0.0008785116268157138,-0.06549001222149875,0.02372655960523288,-0.006823523539757586,-0.07216940823621994,-0.023701261229987183,-0.002617221552113262
cyber_cloud/cloud_saas,asset_growth,126,0.026953170181347734,-0.07121631976050187,0.0325197003702521,-0.004338596931840296,-0.009909803809209927,0.007323133923447155,-0.01708895441833791
cyber_cloud/cloud_saas,capex_at,21,0.01247001124536206,-0.03184104466301963,-0.021831664265594863,-0.01888972469720233,0.010332422402844535,-0.007305307137651348,-0.02412395078842745
cyber_cloud/cloud_saas,capex_at,63,0.03926232375797326,-0.034181335494183784,-0.03313424322938932,-0.01450920595006226,-0.007586755173898021,-0.008103500076793552,-0.019232774828262023
cyber_cloud/cloud_saas,capex_at,126,0.07450721514588078,-0.03884726088200799,-0.0280461370805004,-0.003913445332415166,0.00016787992493601735,0.0076097573142460085,-0.014109345220896857
cyber_cloud/cloud_saas,cash_runway_years,21,,-0.020359005381543286,0.03710189599882482,0.006653652239497674,0.06513735556398897,-0.009633660709045784,0.17533966136397458
cyber_cloud/cloud_saas,cash_runway_years,63,,-0.009610636088732905,0.07843853930926521,0.012592767520254396,0.17198723275484087,0.03935847845167657,0.13688857564075718
cyber_cloud/cloud_saas,cash_runway_years,126,,-0.09391111529540005,0.17627707760664799,0.05823196333107624,0.24186129442220256,0.10898470845382234,0.10752939946704314
cyber_cloud/cloud_saas,cop_at,21,-0.009094670488216303,-0.026021587825786598,0.059936237989767244,0.010464149824591217,0.018601812155797242,0.020702406713117502,0.00185862388682349
cyber_cloud/cloud_saas,cop_at,63,-0.016605315542784837,-0.037724709759074375,0.11507900065700007,0.02476714827803677,0.02584539488282286,0.04027019475329295,0.00929586748599529
cyber_cloud/cloud_saas,cop_at,126,-0.012016626365002385,-0.043634445938281724,0.15544031621367474,0.03399479410023852,0.06662468858126797,0.07541146775760874,-0.001998030604686177
cyber_cloud/cloud_saas,dist_52w_high,21,0.025996336975699575,-0.03723239967828197,0.04473476366064464,0.014039854370547025,-0.0068653122841598945,-0.0019636477750520622,0.025962133051578896
cyber_cloud/cloud_saas,dist_52w_high,63,-0.015728531528570067,-0.01714067605804983,0.06842186228010629,0.01832034227285681,-0.01847678071841127,-0.006351927796756006,0.0362411649179534
cyber_cloud/cloud_saas,dist_52w_high,126,0.04205252036369636,-0.022172936316474916,0.11768544986988415,0.049559702508319814,0.02544694372160369,0.04113021594984748,0.05347128186843318
cyber_cloud/cloud_saas,droe,21,-0.04036895517665363,0.005123532701251015,-0.011910962448918882,-0.016757846457744748,0.00902476045258189,-0.01585867293592952,-0.012810845935153404
cyber_cloud/cloud_saas,droe,63,-0.014645984594927481,0.027202997348804405,-0.020060305822423595,0.0005118586625594897,-0.030626055511912508,-0.0015152019172703936,-0.0034315481907101065
cyber_cloud/cloud_saas,droe,126,-0.0060924253507383,0.03178184655990097,-0.016133412754628335,0.005170236761896336,-0.013643239673700298,-0.001220299252605101,0.007884576231511073
cyber_cloud/cloud_saas,ear_3d,21,0.03470841482009751,-0.014116181398384862,0.00879973104714278,0.014647478160606244,-0.04771938856303757,-0.01376596927526505,0.03109773678617187
cyber_cloud/cloud_saas,ear_3d,63,0.019385060628955984,0.02248593334841526,0.006518456676151818,0.022083464408521117,-0.04533758113616582,-0.01595015969060181,0.04766625535977264
cyber_cloud/cloud_saas,ear_3d,126,0.026034100896300403,0.008877527539938587,0.011349956598706475,0.025909294009721567,-0.08776891070158734,-0.010599317111335275,0.04104420101755843
cyber_cloud/cloud_saas,gross_profitability,21,-0.023035544353545687,0.013875877394366421,0.04200060866811369,0.016789037190858117,-0.0027496722163830823,0.01768869704513288,0.012308493370174815
cyber_cloud/cloud_saas,gross_profitability,63,-0.0820387053752745,0.04110980915137398,0.08041940794442426,0.020664346647751585,0.04087130845454663,0.024519883285243845,0.020885169941753445
cyber_cloud/cloud_saas,gross_profitability,126,-0.13540827196834745,0.0483629253416953,0.09826125077060018,0.009849371567002952,0.07182892275210284,0.02462029298782155,0.007868519753425396
cyber_cloud/cloud_saas,idio_vol_60d,21,-0.02326648969501024,-0.019811481916876088,0.06906284482517894,0.009812150649814893,0.03913340427614221,0.011979830701326275,0.013145888089502133
cyber_cloud/cloud_saas,idio_vol_60d,63,-0.018296705116357274,-0.03996585722862292,0.11573102353810927,0.023177303821738812,0.030343972324071346,0.01329151544509057,0.03454308268059268
cyber_cloud/cloud_saas,idio_vol_60d,126,0.03586114408647267,-0.03430869260233712,0.16009269020328723,0.050215898615944145,0.11433121666557647,0.06318656834573401,0.04947533310896082
cyber_cloud/cloud_saas,max_ret_21d,21,-0.017949658454724064,-0.009033101706337279,0.05796000016017899,0.010758415251212829,0.040210700541920864,0.018406823331486848,0.008696130885469711
cyber_cloud/cloud_saas,max_ret_21d,63,-0.009114530521211646,-0.016199678286643586,0.07779464760148466,0.019285855547231962,0.03265219577785744,0.020534401078183988,0.02057640258245614
cyber_cloud/cloud_saas,max_ret_21d,126,0.021729469691783958,-0.02466760880258543,0.11953149706031506,0.03380444631818013,0.10748133621874309,0.056805220435467485,0.024671552431639827
cyber_cloud/cloud_saas,mom_12_1,21,0.01865624694117889,0.008184705284256964,0.01239385139120216,0.009649294508417457,0.043538882362304875,0.016117479041540938,0.009583210832977584
cyber_cloud/cloud_saas,mom_12_1,63,0.018266675932177092,0.017313745915979464,0.02807472153529031,0.01826689325847299,0.05297961722474653,0.024740454226232004,0.01835111595879139
cyber_cloud/cloud_saas,mom_12_1,126,-0.006233889294888393,0.011962911845012433,0.05455356323916002,0.01749856405897085,0.061293022162492744,0.01632287785988924,0.02725881531734024
cyber_cloud/cloud_saas,profitable_growth,21,0.00979988129710005,0.040510352749090275,-0.008767585906370053,0.011718828835375936,0.02540771194452363,0.01077037772431308,0.015214121284289875
cyber_cloud/cloud_saas,profitable_growth,63,0.0071321716713718735,0.07527300131027212,-0.00957209396589258,0.019946645402566285,0.06066296589614046,0.020411528252744872,0.027253813850596494
cyber_cloud/cloud_saas,profitable_growth,126,0.014490666044664886,0.08542763396182895,-0.023351065036396394,0.02430662819491337,0.03281131516428101,0.02149777039470919,0.02884189282361939
cyber_cloud/cloud_saas,share_issuance,21,-0.027228422190879308,-0.016083461857368742,0.07512755077926754,0.017731350704961044,0.0036692051289938373,0.01872061723294219,0.014191187373731838
cyber_cloud/cloud_saas,share_issuance,63,0.01489103834854954,-0.02968271361902895,0.10961628802879411,0.04084726637048995,-0.012857797567995802,0.028970613572465692,0.04179842084329646
cyber_cloud/cloud_saas,share_issuance,126,0.06236062209503637,-0.013018590048087248,0.15020758968722162,0.0727796828933489,0.02809532371729736,0.08736424835728003,0.05013424565772638
cyber_cloud/cloud_saas,sue,21,0.031181693064302646,-0.019619027260298103,0.006084285199870219,0.0040836854432002734,0.0065354733654161765,-0.011943215314311143,0.019688013573130516
cyber_cloud/cloud_saas,sue,63,0.05912856272814898,-0.031119085806007883,0.016080708580075976,0.016060311849334614,-0.0262381223877075,0.016883609871515878,0.007185289243297476
cyber_cloud/cloud_saas,sue,126,0.05812988939418231,-0.033197814044167134,0.03868673428929655,0.023110418440967163,-0.016962050615254323,0.030996450271187182,0.007575422124593985
cyber_cloud/cloud_saas,sue_announce,21,0.09502277363626485,0.011053157412556946,0.024213222157720125,0.04006844301251674,-0.0029202387769732396,0.01741088576889791,0.05184664613275467
cyber_cloud/cloud_saas,sue_announce,63,0.08975309209252869,0.04193776061436965,0.02621739996575175,0.05497501944198705,-0.024946842579659626,0.01058161952372036,0.07944029315427553
cyber_cloud/cloud_saas,sue_announce,126,0.11210567934331361,0.0643606903221776,0.0024144411904302326,0.06101530692677029,-0.030143362828308443,0.019615093727607127,0.08051672395652297
defense_space,asset_growth,21,0.0042808489188963,-0.0269544716702777,0.006638441721015167,-0.007736965466221516,0.020112404727018845,0.033701555128653214,-0.043972856464556835
defense_space,asset_growth,63,-0.05851968488225104,-0.04334686320647529,0.022727416415869176,-0.027682029844932756,0.01478268071419598,0.0037932865013695864,-0.05175341982255438
defense_space,asset_growth,126,-0.07292864568015667,-0.051067972749470045,0.0497159399966083,-0.03252096293581628,0.07842547398942748,0.020504077874448235,-0.06569526460472044
defense_space,capex_at,21,0.015157199864787156,0.05980188278194299,0.031377058644054726,0.030922171313177406,0.08459314592567849,0.0529087221706265,0.018962066262459294
defense_space,capex_at,63,-0.001173013246963682,0.10346953258909065,0.027303211981417105,0.04217580284911765,0.06306972743392664,0.039797530427614136,0.04859849395359598
defense_space,capex_at,126,0.003796213519884739,0.14379531610119975,0.05046228098492424,0.05829234084579556,0.1579449213452175,0.08139182110825298,0.05386867009716346
defense_space,cash_runway_years,21,,,0.032314753477190414,0.008248846549683036,0.5617647058823529,0.05261465740595154,0.005924878369800995
defense_space,cash_runway_years,63,,,0.04877656554627842,0.04459774676476881,0.1323529411764706,0.1210525732240021,-0.06867194693002256
defense_space,cash_runway_years,126,,,0.10537351884615834,0.10171036943572473,0.1676470588235294,0.19231256008708605,-0.06850456363569715
defense_space,cop_at,21,-0.029187937886950246,-0.038374963006337005,-0.03027765413243387,-0.026388817624985534,-0.09313952936226025,-0.05711172480152074,-0.008135823630139009
defense_space,cop_at,63,-0.05213110509648855,-0.049960622420604665,-0.05249966605317107,-0.042743205421405195,-0.1359148527215827,-0.09921997319572347,-0.002794128305001332
defense_space,cop_at,126,-0.014542734994910824,-0.06407134318894911,-0.06044000769125535,-0.03722200847296571,-0.14598749470215905,-0.10188940082626873,0.00842226791670078
defense_space,dist_52w_high,21,0.011425194611908964,0.009828267667787527,0.03795628112906617,0.014989321127806541,0.07732033528227976,0.003765713104653709,0.037857184542454354
defense_space,dist_52w_high,63,0.021445746706222284,0.03539535441319021,0.04085409934596513,0.033502691027425834,0.030424912134747288,-0.01867472942151639,0.08626474742830456
defense_space,dist_52w_high,126,0.04380398208306876,0.03514784542783669,0.11235536408389372,0.05873754248366102,0.12674511165032087,0.02851563546274659,0.10329041958383936
defense_space,droe,21,0.007585761383125862,-0.006800075783357174,-0.003836216603303581,-0.0037906738195923207,0.02154264817032088,0.0027147549162084227,-0.005563503941892791
defense_space,droe,63,-0.024681074355181836,0.003073073809460443,-0.002946080567858752,-0.008387309758695938,0.001429210975092196,-0.004674259789267923,-0.010308733295140333
defense_space,droe,126,-0.03571579759551691,-0.0026245238272890113,0.00011825554675428876,-0.021936561605982195,0.08418679156514225,-0.00629489559503514,-0.017380848239041055
defense_space,ear_3d,21,0.04155278176288738,-0.0430017599580986,0.011726590504718873,0.0073380553421623805,-0.04409566820152395,0.0007634740378188524,0.00430413884164143
defense_space,ear_3d,63,0.024426020935391726,-0.06639381765816026,0.007388903880612977,-0.004601974713862486,-0.08393143497049527,-0.0046199846048060236,-0.019736378357535472
defense_space,ear_3d,126,0.031045946313266584,-0.015194933161407844,0.049886371931845745,0.03157793570643402,-0.06734371588771979,0.02586999009559165,0.01815318890040182
defense_space,gross_profitability,21,0.008898356602341333,-0.007914541955504348,-0.04088094531713906,-0.006330234010275107,-0.10175158415728779,-0.03769538560380488,0.007208951072274273
defense_space,gross_profitability,63,0.009256927115313906,-0.005429498939091452,-0.0671789863234932,-0.017782979347562393,-0.0800637256362599,-0.0501682355558113,0.003433713102356614
defense_space,gross_profitability,126,0.006256930503852395,0.001055083753623971,-0.10182884758824892,-0.025469447748185492,-0.11405449917203155,-0.053565902301518975,-0.01371387262640813
defense_space,idio_vol_60d,21,0.04509716068644343,0.039157432318417215,0.07308256830593289,0.045724490674535566,0.129986252922238,0.035947719398037814,0.07124247028302169
defense_space,idio_vol_60d,63,0.0508325262721665,0.05095545013279843,0.09267533083394891,0.06578826930981048,0.07031572730625973,0.010293907730028157,0.12339449054239283
defense_space,idio_vol_60d,126,0.07903082327928505,0.03648089968293627,0.09929504809860647,0.06410480170243049,0.14443165858122925,0.037498123917396535,0.10732500362878263
defense_space,max_ret_21d,21,0.03618977226816201,0.05539115336667955,0.046043552930738994,0.040455787015685744,0.10196903801080151,0.023106698202896802,0.0692963622781117
defense_space,max_ret_21d,63,0.04006488816346581,0.03965868888598349,0.06809239564489473,0.04782293825508207,0.07305791005710814,0.00940206883807508,0.09192736114926274
defense_space,max_ret_21d,126,0.06321110492114544,0.006509795180104851,0.06281395657285424,0.03563064488108269,0.12119785056851361,0.02656790808556217,0.06172591853950996
defense_space,mom_12_1,21,0.0007406465238491741,0.025953113363934154,0.007281724132143952,0.005856174003115416,0.06623942615268524,0.0051802066643937385,0.017812529106042453
defense_space,mom_12_1,63,-0.010435730671539585,0.0226624442506345,0.039831933979839564,0.017667334415354993,0.03207937245538122,0.007766513183615592,0.030543507210509274
defense_space,mom_12_1,126,-0.022163287115214196,0.012895914606711282,0.09122881580421796,0.022673698799907504,0.09979770352127298,0.018315901037581836,0.04225197326970662
defense_space,profitable_growth,21,-0.005215231306914071,0.015636352069535692,-0.02452927279119012,-0.0035984829636231826,-0.024569542776724764,-0.01627614929557472,0.005161512853792891
defense_space,profitable_growth,63,-0.008499503662445883,0.030973543310757624,-0.02989436369008757,0.0008993579714648258,-0.04236376188359806,-0.016899532958809374,0.010834481984036543
defense_space,profitable_growth,126,-0.021238004846164688,0.005721231154772435,-0.02947983686250926,-0.014720101269238445,-0.017975994803910565,-0.03138991509137828,0.001888324637694424
defense_space,share_issuance,21,-0.0030461656048508144,0.005102564618477142,0.04210580542244419,0.009898798644551019,0.08067964275423364,0.011252175882846566,0.02176821645971266
defense_space,share_issuance,63,-0.0036037524945549907,-0.014889215615407304,0.04233293925734149,0.00944744683800295,0.009769681456449958,-0.010342876105948307,0.029744046572982307
defense_space,share_issuance,126,0.013567437432308963,-0.01284867840077799,0.042054305049714504,0.010174631764144064,0.05783535606864518,0.014036701940048817,0.015492401848570394
defense_space,sue,21,-0.01812928814607689,-0.023686887458394038,0.014967836855408968,-0.011130129743377931,0.026711147437257308,-0.001525732861166981,-0.013665277042393287
defense_space,sue,63,-0.03702564664559498,-0.022039954010812553,0.02826324965736272,-0.008197189489017317,-0.0070744585538305964,0.001501586007739905,-0.017899460773362637
defense_space,sue,126,-0.03964479013121883,-0.008103219657875483,0.05399303767990284,-0.002882563108450532,0.07269174262515403,0.005718235292675063,0.002987452309595148
defense_space,sue_announce,21,0.02085122890682341,-0.009123123014644874,0.030152511519167514,0.014871405442470466,0.010303992081502112,0.015275463469143725,0.013614094370341579
defense_space,sue_announce,63,0.003479563351660373,-0.000882265923884068,0.05488968846705469,0.027219629490234296,-0.039948217795644975,0.0024816412855887537,0.03968371401565898
defense_space,sue_announce,126,0.014789186266123196,-0.006070750660142841,0.0792689169476375,0.030899983507891415,0.02848914265885989,0.0012098362372244126,0.06114284511624193
defense_space/defense,asset_growth,21,0.006897475671984947,-0.04011484100255438,0.015765172381447524,-0.007001073777027325,0.011340124781286126,0.03829583988732863,-0.048871609688731325
defense_space/defense,asset_growth,63,-0.026447754200140543,-0.04675085308135415,0.05724871099509285,-0.007103669860154752,0.04135783536426552,0.0445281412477787,-0.05063905437708508
defense_space/defense,asset_growth,126,-0.030604714789620274,-0.05400538925806334,0.07199899823549667,-0.008820912477625942,0.062017937125479164,0.06172756515312246,-0.0679600221731957
defense_space/defense,capex_at,21,0.002076768043128862,0.05934508186738891,0.016913719972498506,0.02612111476545163,0.03017643577662783,0.029912425087961513,0.023087391884590042
defense_space/defense,capex_at,63,0.008979354440724983,0.06343947342948511,0.014080239365287168,0.03061954355916964,0.013503749619562232,0.026789570327202496,0.03126627465058182
defense_space/defense,capex_at,126,0.006765801780044805,0.07516993266894503,0.039770986687498504,0.03535895399919632,0.10139345751177148,0.06330477610590345,0.019352776644140403
defense_space/defense,cop_at,21,-0.02759714155693018,-0.02198101458207439,-0.03374334930624668,-0.019504822056771585,-0.11090344896800917,-0.07049367330579209,0.014409560428611135
defense_space/defense,cop_at,63,-0.056372890463300025,-0.03215775222836669,-0.05678834796613867,-0.039190447011957764,-0.13726996009036713,-0.12600212415585685,0.03083776532244515
defense_space/defense,cop_at,126,-0.007580876113798228,-0.04699563723096403,-0.0832089860920798,-0.03674766596259467,-0.15244971257581338,-0.12976829847565832,0.036872128678221545
defense_space/defense,dist_52w_high,21,0.007975305184623527,-0.0013168507025844896,0.019898957818227144,0.0063670258957746985,0.03848384097948356,-0.018456922950638607,0.03719081931826549
defense_space/defense,dist_52w_high,63,0.014589480101701009,0.015659599769929596,0.027876162949610962,0.02876995810999472,-0.06601579444512855,-0.03514376646772935,0.0760148024148913
defense_space/defense,dist_52w_high,126,0.06932378264629944,0.012301546668329243,0.08905818354275699,0.06579178875008161,-0.025555504342320248,0.0020386971673312633,0.11389379173717012
defense_space/defense,droe,21,0.0004911725214296762,-0.0026740139343830413,-0.008949841699585376,-0.003100415170416763,-0.013584603079930539,-0.0014846263389594965,-0.006674788556398578
defense_space/defense,droe,63,-0.024159762710178063,-0.009517514925128194,0.009705968176794595,-0.007919126362936254,0.003278436174690893,0.011154377930135505,-0.02528238847001343
defense_space/defense,droe,126,-0.04486473652165001,-0.018049832012223103,0.018535989315572488,-0.02222828885160031,0.07168281471968399,-0.0014076601065560234,-0.02541642478656757
defense_space/defense,ear_3d,21,0.012643537221156513,-0.04375568198641685,0.016125887176064908,-0.0012599031523330242,-0.037537974184423235,-0.01310953588406845,0.003812507518462474
defense_space/defense,ear_3d,63,-0.007030956342165197,-0.08419063790112227,0.01634806296604389,-0.01825743565916626,-0.08095151460830935,-0.020116400384137534,-0.028331969953133078
defense_space/defense,ear_3d,126,0.0521523279582155,-0.05969223964033032,0.03525348506828412,0.017225956357328043,-0.07649953685569233,0.012186541383490245,0.004124967426570057
defense_space/defense,gross_profitability,21,0.019715383806803696,0.005427298066307005,-0.02847508196361367,0.006577531834263262,-0.09596057156666751,-0.02865319191613041,0.02265278571854899
defense_space/defense,gross_profitability,63,0.009381209097395591,0.01919941181884276,-0.0500835703249446,-0.003386343538193035,-0.06441127319593833,-0.0486321133716202,0.031219737929899107
defense_space/defense,gross_profitability,126,0.015576652526569668,0.028484763680274593,-0.06787419714870652,-0.005903145067975002,-0.04596153836713372,-0.043173128142018354,0.024824507697291713
defense_space/defense,idio_vol_60d,21,0.0428429168464051,0.04230510903962345,0.05425538620151368,0.04703315870189155,0.045924654586712126,0.012290917244775794,0.0815683169726551
defense_space/defense,idio_vol_60d,63,0.060491654137852194,0.03185812473235929,0.07157729328467838,0.06659983599855951,-0.05609618256416766,-0.007529851101438529,0.11895904061129497
defense_space/defense,idio_vol_60d,126,0.10260656369784768,0.01384951121327865,0.058314202060051,0.06928909421227265,-0.06121971951175992,0.002517032567109615,0.11286191851981428
defense_space/defense,max_ret_21d,21,0.016382529972645634,0.07248367863484843,0.017490447768816825,0.036086382215363935,0.027574983491662704,-0.0040896775838165965,0.07467240049473214
defense_space/defense,max_ret_21d,63,0.03604704535759942,0.039158476632662205,0.03866101275879469,0.04523166024886221,-0.030887337130234675,-0.009709433097639216,0.08686780113748
defense_space/defense,max_ret_21d,126,0.05436332841114181,0.01416517098969346,0.026993580104523185,0.04023449706671563,-0.05596435238272194,-0.0015554505717053262,0.06466800105312308
defense_space/defense,mom_12_1,21,0.012193286952056718,0.009328753796783424,0.000808983842556874,0.004461468783612296,0.03159007501270037,-0.00588460990723856,0.019875528857919173
defense_space/defense,mom_12_1,63,0.0265812459101968,-0.021578412771517858,0.010759932015122138,0.011634766840260886,-0.06150758641793577,-0.032074441235252396,0.04235519301422006
defense_space/defense,mom_12_1,126,0.020209226163686794,-0.03099192298685143,0.04719780324506408,0.016026607325600926,-0.021118396119359395,-0.030294567808738692,0.056686845297166895
defense_space/defense,profitable_growth,21,-0.013661735995052271,0.030727297801218547,-0.033773355442611605,-0.001081861809702234,-0.059539814538613574,-0.046265215462314685,0.03318077539904766
defense_space/defense,profitable_growth,63,-0.011359045608386244,0.03977049458933029,-0.018759296597822002,0.008053575848220945,-0.04576501330642969,-0.03794341547455355,0.0448042521936526
defense_space/defense,profitable_growth,126,-0.019108590842003795,0.026314541405493417,-0.022536725276878,-0.0037648863036234327,-0.015907253235421408,-0.05912622987926414,0.051132822707492656
defense_space/defense,share_issuance,21,-0.00015632447651420364,-0.016471216539387705,0.025795164320782087,0.0034922352725907813,0.010655167043569025,-0.004104751484423262,0.012427352140666694
defense_space/defense,share_issuance,63,0.0136494234585456,-0.03958596741214237,0.02667884727117969,0.003978636154690336,-0.030929585369632053,-0.00523089017238347,0.006727255591209832
defense_space/defense,share_issuance,126,0.04317735589634587,-0.05603688946892641,0.02493355715853423,0.004399084856837073,-0.009627977990540127,0.01913493653882071,-0.013585819968265689
defense_space/defense,sue,21,-0.023954706803524108,-0.01560291955435198,0.003935136804974879,-0.009125250172171865,-0.023362113704668383,-0.015128395334978978,-0.006045613368745738
defense_space/defense,sue,63,-0.03425417931227776,-0.040273768751085876,0.03985941391461888,-0.006176540031790736,-0.030373171015262757,-0.0032320742645411955,-0.013676666419091116
defense_space/defense,sue,126,-0.04096709140004496,-0.03212850414309249,0.07885109106662685,0.0025333294486900968,0.03507967791847279,0.002157546684274619,0.009264424181173285
defense_space/defense,sue_announce,21,0.026311462183645967,-0.023757330272709983,0.045151894707264946,0.019063129014474108,-0.005115096406417678,0.011677368599978115,0.021850915884248603
defense_space/defense,sue_announce,63,0.017744773042877054,-0.02376743658499632,0.07989170149371455,0.03315809745046519,-0.03437251248338213,0.009375374096537832,0.04430893714684786
defense_space/defense,sue_announce,126,0.03232088134048815,-0.03826893135327643,0.10401687497186178,0.0396242132711096,-0.019430350413520567,-0.013560590669433855,0.08249225888110563
