factor,coef,nw_t,economic_magnitude,avg_r2,avg_adj_r2,months,scope,horizon,variant,target
asset_growth,0.0018857678908711705,1.9434008306991581,0.0018857678908711705,0.07713255093282931,0.06624771751475231,182,havuz,21,ols_rank_normal,tema_arındırılmış
asset_growth,0.0022314985258642425,1.8187739080710996,0.0022314985258642425,0.09030592712700905,0.07955257809337114,182,havuz,21,ols_rank_normal,ham
asset_growth,0.0026073299413320746,1.368514272746943,0.0016053851385115676,0.0769442067075204,0.066077798869471,182,havuz,21,ols_winsorized_raw,tema_arındırılmış
asset_growth,0.0022833830846840427,1.09640584422418,0.0014059245865169123,0.09034056813793127,0.0796154530909536,182,havuz,21,ols_winsorized_raw,ham
asset_growth,0.0005304456826176597,0.4777410180888781,0.0005304456826176597,0.1267232802098042,0.11657486230323552,182,havuz,21,wls_sqrt_mcap,tema_arındırılmış
asset_growth,0.0011115711832157711,0.8214880256453999,0.0011115711832157711,0.1340089909172299,0.12393169235353999,182,havuz,21,wls_sqrt_mcap,ham
asset_growth,0.002678423687459947,1.071654216309507,0.002678423687459947,0.06117863955437311,0.04992933085907136,180,havuz,63,ols_rank_normal,tema_arındırılmış
asset_growth,0.004268704044438333,1.2903795622071266,0.004268704044438333,0.07131747247604119,0.06015639495969331,180,havuz,63,ols_rank_normal,ham
asset_growth,0.008145670184747654,1.575845360403805,0.005000289552751365,0.0614760126794433,0.05023339129671744,180,havuz,63,ols_winsorized_raw,tema_arındırılmış
asset_growth,0.007579666866549171,1.3318133689634348,0.004652843558177481,0.07222810599509698,0.06108527405962643,180,havuz,63,ols_winsorized_raw,ham
asset_growth,0.0002595094781317831,0.08839828452231352,0.0002595094781317831,0.1077032507791332,0.09710552989870119,180,havuz,63,wls_sqrt_mcap,tema_arındırılmış
asset_growth,0.0025581082140280634,0.6965460164125777,0.0025581082140280634,0.11485956120145067,0.10431907860846762,180,havuz,63,wls_sqrt_mcap,ham
asset_growth,0.0041305394810626,0.9129677440421087,0.0041305394810626,0.05547797942462712,0.044103822026479625,177,havuz,126,ols_rank_normal,tema_arındırılmış
asset_growth,0.007762864416710084,1.139122401291028,0.007762864416710084,0.06805864951395973,0.05680630177175854,177,havuz,126,ols_rank_normal,ham
asset_growth,0.013229080234369577,1.5730000222428748,0.008091884220590194,0.055559170587208016,0.04418940056075808,177,havuz,126,ols_winsorized_raw,tema_arındırılmış
asset_growth,0.012233189995465719,1.2237171259990904,0.007482724069857315,0.06819447446281453,0.05696085920193717,177,havuz,126,ols_winsorized_raw,ham
asset_growth,0.001487482409610592,0.2921362212203717,0.001487482409610592,0.09422270124076049,0.08341637777265398,177,havuz,126,wls_sqrt_mcap,tema_arındırılmış
asset_growth,0.006253878383015151,0.8725471696043962,0.006253878383015151,0.09586817231267572,0.08506353249817339,177,havuz,126,wls_sqrt_mcap,ham
capex_at,0.0013158061601922658,1.4434549769898992,0.0013158061601922658,0.07172398713858069,0.060141209537109275,182,havuz,21,ols_rank_normal,tema_arındırılmış
capex_at,0.0020884643572215136,1.0341262357773682,0.0020884643572215136,0.10638645979472357,0.09522349735767816,182,havuz,21,ols_rank_normal,ham
capex_at,0.0196536788266331,1.0570835006761394,0.0011264405838776427,0.07445986748683407,0.06293255356649917,182,havuz,21,ols_winsorized_raw,tema_arındırılmış
capex_at,0.019600259808824586,0.4945645718130256,0.0011233789001012266,0.10865986414841276,0.09754661798486045,182,havuz,21,ols_winsorized_raw,ham
capex_at,0.0012766244525757864,1.3796643811227594,0.0012766244525757864,0.12235730067050199,0.1115604690363909,182,havuz,21,wls_sqrt_mcap,tema_arındırılmış
capex_at,0.0022327885903973732,1.200474484415869,0.0022327885903973732,0.14942583601968742,0.13894877900019045,182,havuz,21,wls_sqrt_mcap,ham
capex_at,0.006178480107150754,2.5202150759707274,0.006178480107150754,0.05607947687170023,0.04412053760377247,180,havuz,63,ols_rank_normal,tema_arındırılmış
capex_at,0.008458254695588625,1.548066406913376,0.008458254695588625,0.08691994395890895,0.07532135294992653,180,havuz,63,ols_rank_normal,ham
capex_at,0.1015767666641126,1.997079280466953,0.005832074755451219,0.05865425300703523,0.04674249781479344,180,havuz,63,ols_winsorized_raw,tema_arındırılmış
capex_at,0.096711933708963,0.8438349728096123,0.00555275823062981,0.08921896794012378,0.07765911011826047,180,havuz,63,ols_winsorized_raw,ham
capex_at,0.005204821021087869,2.2266310571384063,0.005204821021087869,0.10300557055313316,0.09175107006128116,180,havuz,63,wls_sqrt_mcap,tema_arındırılmış
capex_at,0.008389055821555323,1.6686043597117752,0.008389055821555323,0.13169831957055217,0.1207661401432718,180,havuz,63,wls_sqrt_mcap,ham
capex_at,0.011647323340549801,2.493604274394752,0.011647323340549801,0.05057175601813038,0.03849546723099222,177,havuz,126,ols_rank_normal,tema_arındırılmış
capex_at,0.014468133466345666,1.350822548682268,0.014468133466345666,0.08089003367999355,0.0691945419885885,177,havuz,126,ols_rank_normal,ham
capex_at,0.22824465770740382,2.32745880612373,0.013132628238020623,0.05407021776067979,0.04206356177347585,177,havuz,126,ols_winsorized_raw,tema_arındırılmış
capex_at,0.18776100549954647,0.7774558140852121,0.010803299878253859,0.08662275017714192,0.07502289406684681,177,havuz,126,ols_winsorized_raw,ham
capex_at,0.010542873862825111,2.3150788761550247,0.010542873862825111,0.09029815685570247,0.07885366681454649,177,havuz,126,wls_sqrt_mcap,tema_arındırılmış
capex_at,0.014651925860222657,1.518278766891332,0.014651925860222657,0.1099778223795108,0.09879822398750607,177,havuz,126,wls_sqrt_mcap,ham
cash_runway_years,-0.003010112518126566,-1.7772435850498625,-0.003010112518126566,0.051636057306219625,0.008262315792387127,174,havuz,21,ols_rank_normal,tema_arındırılmış
cash_runway_years,-0.0029925930662910907,-1.7515524386301096,-0.0029925930662910907,0.05327771782611769,0.009980114473673758,174,havuz,21,ols_rank_normal,ham
cash_runway_years,-0.000883515871474343,-1.371968513004971,-0.0022792589051842406,0.04989267227167629,0.006260768064849467,174,havuz,21,ols_winsorized_raw,tema_arındırılmış
cash_runway_years,-0.0008897722548833855,-1.3615187425857764,-0.0022953988728517272,0.05148879723481008,0.00793891248080574,174,havuz,21,ols_winsorized_raw,ham
cash_runway_years,-0.0006366468490590641,-0.34488215491749435,-0.0006366468490590641,0.0804081899112595,0.0381393118907155,174,havuz,21,wls_sqrt_mcap,tema_arındırılmış
cash_runway_years,-0.0010306667951676838,-0.5634852471921727,-0.0010306667951676838,0.07887229739880006,0.03651733520422793,174,havuz,21,wls_sqrt_mcap,ham
cash_runway_years,-0.010076290757808264,-2.13255947895413,-0.010076290757808264,0.04992658871342563,0.006167953733280437,172,havuz,63,ols_rank_normal,tema_arındırılmış
cash_runway_years,-0.010477799394728015,-2.2717077744239744,-0.010477799394728015,0.05065352286040242,0.006869417299486401,172,havuz,63,ols_rank_normal,ham
cash_runway_years,-0.002669138145135046,-1.5293722625238437,-0.00688311672329922,0.04672499729015116,0.0026492932449464182,172,havuz,63,ols_winsorized_raw,tema_arındırılmış
cash_runway_years,-0.0027586152308534833,-1.610844096227294,-0.007113858330354366,0.04810186689935568,0.0040553068310835855,172,havuz,63,ols_winsorized_raw,ham
cash_runway_years,-0.0040950328752063815,-0.7838669544026031,-0.0040950328752063815,0.07085679366404302,0.027552318320131948,172,havuz,63,wls_sqrt_mcap,tema_arındırılmış
cash_runway_years,-0.005464892495185095,-1.0713051675250085,-0.005464892495185095,0.07553616825250609,0.032371488388268234,172,havuz,63,wls_sqrt_mcap,ham
cash_runway_years,-0.0134096635016159,-1.7768094233771805,-0.0134096635016159,0.04773322143503888,0.0035663684015006876,169,havuz,126,ols_rank_normal,tema_arındırılmış
cash_runway_years,-0.01487320931232701,-2.04434862584503,-0.01487320931232701,0.0483631266809607,0.004202697369291879,169,havuz,126,ols_rank_normal,ham
cash_runway_years,-0.0019049098944275622,-0.6812655075010745,-0.004909373051850444,0.043979029133299735,-0.0007112025734991172,169,havuz,126,ols_winsorized_raw,tema_arındırılmış
cash_runway_years,-0.0019875391284964587,-0.7198460578499559,-0.005122326817390512,0.044990289311755305,0.00035406443145141774,169,havuz,126,ols_winsorized_raw,ham
cash_runway_years,-0.008240477965034838,-0.8983170038090955,-0.008240477965034838,0.0667320883918119,0.023084826013064275,169,havuz,126,wls_sqrt_mcap,tema_arındırılmış
cash_runway_years,-0.012135137241230585,-1.375131651973736,-0.012135137241230585,0.06981973712272768,0.02623634240462281,169,havuz,126,wls_sqrt_mcap,ham
cop_at,1.2103068804803612e-05,0.01103979034928921,1.2103068804803612e-05,0.12278461051797109,0.10826531149957816,182,havuz,21,ols_rank_normal,tema_arındırılmış
cop_at,-9.270958925254069e-05,-0.08693880423408576,-9.270958925254069e-05,0.11877514866906917,0.10418062242234259,182,havuz,21,ols_rank_normal,ham
cop_at,-0.0061031032924444475,-0.4338864858457538,-0.0004382843883243595,0.12448087842087191,0.11000271127814715,182,havuz,21,ols_winsorized_raw,tema_arındırılmış
cop_at,-0.004955040942379037,-0.35468073184613125,-0.000355838166993062,0.12311728373737969,0.10860714723177213,182,havuz,21,ols_winsorized_raw,ham
cop_at,0.001300896694403824,0.9923881447602171,0.001300896694403824,0.16964498976866854,0.15599630238430082,182,havuz,21,wls_sqrt_mcap,tema_arındırılmış
cop_at,0.0011024021294526174,0.9378328937528687,0.0011024021294526174,0.16749220115379296,0.1537952771346457,182,havuz,21,wls_sqrt_mcap,ham
cop_at,-0.0017305115446398147,-0.6109421791128183,-0.0017305115446398147,0.10721445781292442,0.09231837622002266,180,havuz,63,ols_rank_normal,tema_arındırılmış
cop_at,-0.002405051257245338,-0.8330742328257906,-0.002405051257245338,0.10480759081594514,0.08986520273434132,180,havuz,63,ols_rank_normal,ham
cop_at,-0.03951401858256139,-1.0482442144655766,-0.0028319633569039173,0.10919480763194558,0.094339058045741,180,havuz,63,ols_winsorized_raw,tema_arındırılmış
cop_at,-0.04102264678315826,-1.0218260013615204,-0.0029400864974130363,0.10914511637721434,0.09428084331352674,180,havuz,63,ols_winsorized_raw,ham
cop_at,0.0015671635033777797,0.4765029375295151,0.0015671635033777797,0.1520277757360019,0.1379431726382262,180,havuz,63,wls_sqrt_mcap,tema_arındırılmış
cop_at,0.000472951097000075,0.15732471341290571,0.000472951097000075,0.14971925499128666,0.13558289313741834,180,havuz,63,wls_sqrt_mcap,ham
cop_at,-0.004829159272243952,-0.817801379198881,-0.004829159272243952,0.10358610206385281,0.08858192620824804,177,havuz,126,ols_rank_normal,tema_arındırılmış
cop_at,-0.005979381030139714,-1.0383033059585147,-0.005979381030139714,0.09951164810939728,0.0844371785173144,177,havuz,126,ols_rank_normal,ham
cop_at,-0.10086735897642209,-1.3046031637757567,-0.0072250457222127465,0.10480681853972403,0.08982838962298512,177,havuz,126,ols_winsorized_raw,tema_arındırılmış
cop_at,-0.10118281257479328,-1.262897399397166,-0.007247641403259587,0.10274220639186696,0.08772659326507895,177,havuz,126,ols_winsorized_raw,ham
cop_at,0.0011722715632991748,0.1794353478020632,0.0011722715632991748,0.13963871769366187,0.12531378789301187,177,havuz,126,wls_sqrt_mcap,tema_arındırılmış
cop_at,-0.0009598390610651548,-0.17178497564802725,-0.0009598390610651548,0.12321950108622587,0.10864158815441968,177,havuz,126,wls_sqrt_mcap,ham
dist_52w_high,0.0015383442488627489,0.937065667332149,0.0015383442488627489,0.08060987774909159,0.07017899802096406,182,havuz,21,ols_rank_normal,tema_arındırılmış
dist_52w_high,0.0029235069721166764,1.434683176525824,0.0029235069721166764,0.09632043166285127,0.08604205873855414,182,havuz,21,ols_rank_normal,ham
dist_52w_high,0.014550010583768662,1.4995993662076568,0.002639131253676557,0.08475728958669349,0.07437994804389138,182,havuz,21,ols_winsorized_raw,tema_arındırılmış
dist_52w_high,0.019028100403596485,1.6620142207160948,0.0034513826766042048,0.10192713573985801,0.09171701477596725,182,havuz,21,ols_winsorized_raw,ham
dist_52w_high,0.0006454050962954438,0.4516445252200492,0.0006454050962954438,0.13047036487946245,0.1207077373618361,182,havuz,21,wls_sqrt_mcap,tema_arındırılmış
dist_52w_high,0.0025454906623305494,1.4071866680875347,0.0025454906623305494,0.14166362353707165,0.1320115774609922,182,havuz,21,wls_sqrt_mcap,ham
dist_52w_high,0.004152142416849371,1.2198795834266245,0.004152142416849371,0.06219703523592047,0.05145219353719448,180,havuz,63,ols_rank_normal,tema_arındırılmış
dist_52w_high,0.0067872462368766635,1.4984259351243274,0.0067872462368766635,0.07495258956059217,0.06432347456370995,180,havuz,63,ols_rank_normal,ham
dist_52w_high,0.037229787370211466,1.8013505863914798,0.006750117061424433,0.06581711784750982,0.05512100752852486,180,havuz,63,ols_winsorized_raw,tema_arındırılmış
dist_52w_high,0.0452089727756473,1.808347101381447,0.00819681980527616,0.07975512580263348,0.06918445513057002,180,havuz,63,ols_winsorized_raw,ham
dist_52w_high,0.002128458180815957,0.7255382884770302,0.002128458180815957,0.10745368980798588,0.09729063441512595,180,havuz,63,wls_sqrt_mcap,tema_arındırılmış
dist_52w_high,0.005460336517033855,1.375214380022199,0.005460336517033855,0.11791608166219222,0.10784024161312297,180,havuz,63,wls_sqrt_mcap,ham
dist_52w_high,0.008139348661844823,1.3453576230884128,0.008139348661844823,0.053663177189283415,0.04274269734294961,177,havuz,126,ols_rank_normal,tema_arındırılmış
dist_52w_high,0.011377667492747642,1.3286538998166653,0.011377667492747642,0.06766049696531103,0.05687419816555728,177,havuz,126,ols_rank_normal,ham
dist_52w_high,0.06312160438932224,1.8036581504631355,0.011450743685482436,0.05715690098447667,0.04628316988051395,177,havuz,126,ols_winsorized_raw,tema_arındırılmış
dist_52w_high,0.07470119948412723,1.601520105284057,0.013551371144101211,0.073130773454683,0.06241061625474282,177,havuz,126,ols_winsorized_raw,ham
dist_52w_high,0.004527928731127042,0.8530698445493963,0.004527928731127042,0.09298892056150355,0.08258548740749792,177,havuz,126,wls_sqrt_mcap,tema_arındırılmış
dist_52w_high,0.00859963260325164,1.1473848659467294,0.00859963260325164,0.09511289382592074,0.08470785869606882,177,havuz,126,wls_sqrt_mcap,ham
droe,0.0004842521287541535,0.40648154888332644,0.0004842521287541535,0.10933103419585916,0.05220172748912851,181,havuz,21,ols_rank_normal,tema_arındırılmış
droe,0.0005823206125353603,0.47349477048348093,0.0005823206125353603,0.11175285327368564,0.05476430982498702,181,havuz,21,ols_rank_normal,ham
droe,-0.009298987855937836,-0.7733529177804553,-0.0013645954205723787,0.1168355972878421,0.060455848584005975,181,havuz,21,ols_winsorized_raw,tema_arındırılmış
droe,-0.00791544151789769,-0.6443283773758921,-0.0011615646148235893,0.11994178122726686,0.06378598042803076,181,havuz,21,ols_winsorized_raw,ham
droe,-0.00014035277899187665,-0.12055088275146159,-0.00014035277899187665,0.1705671376523842,0.11593875135987224,181,havuz,21,wls_sqrt_mcap,tema_arındırılmış
droe,1.7337039874962466e-05,0.014539415309471294,1.7337039874962466e-05,0.175904298701683,0.12147790439274923,181,havuz,21,wls_sqrt_mcap,ham
droe,0.0011529192297878423,0.4002175020262128,0.0011529192297878423,0.10743883686113699,0.049729935715442174,179,havuz,63,ols_rank_normal,tema_arındırılmış
droe,0.0015127382078523,0.48577653432730106,0.0015127382078523,0.10948184058963864,0.05199097373289403,179,havuz,63,ols_rank_normal,ham
droe,-0.017112820363975313,-0.7242066224084206,-0.0024847402692803524,0.10944689487630978,0.05219237991080319,179,havuz,63,ols_winsorized_raw,tema_arındırılmış
droe,-0.016658320287083188,-0.6542949893815592,-0.0024187479536114382,0.1129004642778315,0.056024248364949694,179,havuz,63,ols_winsorized_raw,ham
droe,-0.0012430680091634048,-0.43278607535432584,-0.0012430680091634048,0.1639125491765196,0.10869211954932435,179,havuz,63,wls_sqrt_mcap,tema_arındırılmış
droe,-0.0006486086383401715,-0.22163582496845702,-0.0006486086383401715,0.17050369342744173,0.11568324606075497,179,havuz,63,wls_sqrt_mcap,ham
droe,-4.694879206007427e-05,-0.00888705503724195,-4.694879206007427e-05,0.10625863389783027,0.04808479485864039,176,havuz,126,ols_rank_normal,tema_arındırılmış
droe,-9.026097199543236e-05,-0.016045261883971897,-9.026097199543236e-05,0.10842245750693293,0.050643335774644506,176,havuz,126,ols_rank_normal,ham
droe,-0.06764283914758402,-1.3598629117006364,-0.009674399952096251,0.10335123557652776,0.04520079026113722,176,havuz,126,ols_winsorized_raw,tema_arındırılmış
droe,-0.06949199876440354,-1.3186100711461473,-0.009938870070941285,0.10554899065209766,0.04780022128085504,176,havuz,126,ols_winsorized_raw,ham
droe,-0.0035210924045135272,-0.7216823888199623,-0.0035210924045135272,0.14707095020745004,0.09099785780371947,176,havuz,126,wls_sqrt_mcap,tema_arındırılmış
droe,-0.003479628993005354,-0.6993303898805487,-0.003479628993005354,0.15073706290097702,0.09489603500796799,176,havuz,126,wls_sqrt_mcap,ham
ear_3d,-0.0005468709450508044,-0.6602843947310014,-0.0005468709450508044,0.07276203158546693,0.06109253600625678,182,havuz,21,ols_rank_normal,tema_arındırılmış
ear_3d,-0.0005357360626261285,-0.6520398731055999,-0.0005357360626261285,0.08050814244408112,0.06891945472082911,182,havuz,21,ols_rank_normal,ham
ear_3d,-0.007512066754185483,-0.6774974622310157,-0.0006263745765458546,0.07399906637570758,0.06235054504275281,182,havuz,21,ols_winsorized_raw,tema_arındırılmış
ear_3d,-0.005995435999309403,-0.5408374407290757,-0.0004999141791681787,0.08204819856805318,0.07048559343237573,182,havuz,21,ols_winsorized_raw,ham
ear_3d,-0.00038394806068471794,-0.4862702854639239,-0.00038394806068471794,0.11877605738845695,0.10775637179822084,182,havuz,21,wls_sqrt_mcap,tema_arındırılmış
ear_3d,-0.00033162174246706004,-0.45022644394003464,-0.00033162174246706004,0.12129179045427625,0.11029776906052362,182,havuz,21,wls_sqrt_mcap,ham
ear_3d,-0.0009285004620156671,-0.5654067867153136,-0.0009285004620156671,0.056641440089671174,0.044664573776749386,180,havuz,63,ols_rank_normal,tema_arındırılmış
ear_3d,-0.0010555081337078737,-0.5980614984351791,-0.0010555081337078737,0.06289956453939065,0.05098220519202494,180,havuz,63,ols_rank_normal,ham
ear_3d,-0.017504654191298083,-0.8027398827167205,-0.0014551295324147376,0.05810709791204906,0.046148715996707126,180,havuz,63,ols_winsorized_raw,tema_arındırılmış
ear_3d,-0.014051274733747716,-0.5919322385504947,-0.0011680564842756883,0.06501054095634658,0.05312045087791972,180,havuz,63,ols_winsorized_raw,ham
ear_3d,-0.0008985830654261284,-0.5101705855665637,-0.0008985830654261284,0.10111550542918984,0.08975781797485041,180,havuz,63,wls_sqrt_mcap,tema_arındırılmış
ear_3d,-0.0009641673725508535,-0.5325679318717441,-0.0009641673725508535,0.10173107022481034,0.09035356642472703,180,havuz,63,wls_sqrt_mcap,ham
ear_3d,0.0005983208281898899,0.2050996522778889,0.0005983208281898899,0.05001046567411568,0.03786776037915234,177,havuz,126,ols_rank_normal,tema_arındırılmış
ear_3d,0.00025174155018825584,0.07656889020523641,0.00025174155018825584,0.057671822917318434,0.045613279132744544,177,havuz,126,ols_rank_normal,ham
ear_3d,0.017484013234075627,0.46219938722698234,0.0014486998235907376,0.05170732465495205,0.03958492102664931,177,havuz,126,ols_winsorized_raw,tema_arındırılmış
ear_3d,0.019598695668275844,0.47257280530958024,0.001623919324306144,0.06036623485933629,0.04834236167780316,177,havuz,126,ols_winsorized_raw,ham
ear_3d,0.001493494888354424,0.40205168425251686,0.001493494888354424,0.09098507125428544,0.07943545970832273,177,havuz,126,wls_sqrt_mcap,tema_arındırılmış
ear_3d,0.0008377138138835142,0.2178097559496551,0.0008377138138835142,0.08455897193874876,0.07292369141466437,177,havuz,126,wls_sqrt_mcap,ham
ebit_ev,-0.00021872734941841182,-0.1538828168892829,-0.00021872734941841182,0.20097970790929695,0.17920176217301567,182,havuz,21,ols_rank_normal,tema_arındırılmış
ebit_ev,-0.00021872734941841238,-0.15388281688928332,-0.00021872734941841238,0.20097970790929695,0.17920176217301567,182,havuz,21,ols_rank_normal,ham
ebit_ev,-0.002356634341643104,-0.15276249333470354,-0.00045959539874093695,0.20743314045179645,0.1858529274597704,182,havuz,21,ols_winsorized_raw,tema_arındırılmış
ebit_ev,-0.002356634341643106,-0.15276249333470368,-0.0004595953987409374,0.2074331404517964,0.18585292745977042,182,havuz,21,ols_winsorized_raw,ham
ebit_ev,0.00048750189969506736,0.3338378734968901,0.00048750189969506736,0.23078210164782223,0.20991769332699942,182,havuz,21,wls_sqrt_mcap,tema_arındırılmış
ebit_ev,0.0004875018996950684,0.3338378734968908,0.0004875018996950684,0.23078210164782223,0.2099176933269994,182,havuz,21,wls_sqrt_mcap,ham
ebit_ev,-0.0017541003545349448,-0.45283893125944036,-0.0017541003545349448,0.18781598256942295,0.1654859204914149,180,havuz,63,ols_rank_normal,tema_arındırılmış
ebit_ev,-0.0017541003545349463,-0.45283893125944064,-0.0017541003545349463,0.18781598256942295,0.1654859204914149,180,havuz,63,ols_rank_normal,ham
ebit_ev,-0.021472540301985088,-0.5023240255626612,-0.004218831055679813,0.19434622874311,0.17221021581611964,180,havuz,63,ols_winsorized_raw,tema_arındırılmış
ebit_ev,-0.021472540301985116,-0.5023240255626619,-0.004218831055679819,0.19434622874311,0.17221021581611964,180,havuz,63,ols_winsorized_raw,ham
ebit_ev,-0.0006249439127822792,-0.16793549043819905,-0.0006249439127822792,0.2205608599415149,0.1992322474813835,180,havuz,63,wls_sqrt_mcap,tema_arındırılmış
ebit_ev,-0.0006249439127822806,-0.16793549043819941,-0.0006249439127822806,0.2205608599415149,0.1992322474813835,180,havuz,63,wls_sqrt_mcap,ham
ebit_ev,-0.0033236204883061622,-0.4858855707603438,-0.0033236204883061622,0.18432682316881258,0.16183753139819362,177,havuz,126,ols_rank_normal,tema_arındırılmış
ebit_ev,-0.0033236204883061635,-0.4858855707603439,-0.0033236204883061635,0.18432682316881258,0.1618375313981936,177,havuz,126,ols_rank_normal,ham
ebit_ev,-0.06343450187075411,-0.8382598704505626,-0.012601427929136606,0.19090564104349209,0.16861604633147614,177,havuz,126,ols_winsorized_raw,tema_arındırılmış
ebit_ev,-0.06343450187075413,-0.8382598704505626,-0.012601427929136608,0.19090564104349209,0.16861604633147612,177,havuz,126,ols_winsorized_raw,ham
ebit_ev,-0.0010129949595483077,-0.15139337167834488,-0.0010129949595483077,0.2197517483215765,0.19833356679410646,177,havuz,126,wls_sqrt_mcap,tema_arındırılmış
ebit_ev,-0.0010129949595483083,-0.15139337167834493,-0.0010129949595483083,0.21975174832157654,0.1983335667941065,177,havuz,126,wls_sqrt_mcap,ham
gross_profitability,0.0008423935091487042,0.7458000044721439,0.0008423935091487042,0.09809754470352197,0.07022001260824198,182,havuz,21,ols_rank_normal,tema_arındırılmış
gross_profitability,0.001991609836381506,1.4385674872302812,0.001991609836381506,0.10710823684927243,0.07952637370364991,182,havuz,21,ols_rank_normal,ham
gross_profitability,0.00020432679293416194,0.03913737431986534,3.994349975706837e-05,0.09723320456491145,0.06933403338136136,182,havuz,21,ols_winsorized_raw,tema_arındırılmış
gross_profitability,0.0032053118407992845,0.5165868832136307,0.0006266009997795482,0.10586332763828613,0.07822423891183021,182,havuz,21,ols_winsorized_raw,ham
gross_profitability,0.0007171072302543743,0.5865002177759747,0.0007171072302543743,0.15509408204578967,0.1290790575907408,182,havuz,21,wls_sqrt_mcap,tema_arındırılmış
gross_profitability,0.0016444617077326354,1.2301881210696963,0.0016444617077326354,0.15940989765735147,0.13350802736808162,182,havuz,21,wls_sqrt_mcap,ham
gross_profitability,0.0005345348564979807,0.1718730792546477,0.0005345348564979807,0.08881584971061254,0.0603871033549764,180,havuz,63,ols_rank_normal,tema_arındırılmış
gross_profitability,0.003889594749594865,1.047184319566911,0.003889594749594865,0.09640812754196403,0.06821652317758117,180,havuz,63,ols_rank_normal,ham
gross_profitability,-0.004141572001415946,-0.2866257600622438,-0.0008087216272582359,0.08755435149303278,0.05909469919596955,180,havuz,63,ols_winsorized_raw,tema_arındırılmış
gross_profitability,0.003372551561513485,0.2159007338224632,0.0006585555885318452,0.09446341472666771,0.06619809460608529,180,havuz,63,ols_winsorized_raw,ham
gross_profitability,0.00036011674364264454,0.10755208472835347,0.00036011674364264454,0.13894658541324745,0.11208446505942009,180,havuz,63,wls_sqrt_mcap,tema_arındırılmış
gross_profitability,0.003330762983918841,0.913058670671317,0.003330762983918841,0.1443125133891687,0.1174903126469863,180,havuz,63,wls_sqrt_mcap,ham
gross_profitability,0.0010332694733795652,0.1678005512868126,0.0010332694733795652,0.08101278520551847,0.05215100675012095,177,havuz,126,ols_rank_normal,tema_arındırılmış
gross_profitability,0.006337857874699146,0.8597108256615409,0.006337857874699146,0.09476378481334535,0.06642994151922785,177,havuz,126,ols_rank_normal,ham
gross_profitability,-0.00797253455458472,-0.2826126452021096,-0.001554652024768477,0.08070405984933575,0.05182557643869253,177,havuz,126,ols_winsorized_raw,tema_arındırılmış
gross_profitability,-2.847604066456726e-05,-0.0008908777925607373,-5.552855741603615e-06,0.09311046631182196,0.06473179464021812,177,havuz,126,ols_winsorized_raw,ham
gross_profitability,0.0008575969027671777,0.12571239899100786,0.0008575969027671777,0.12211380536694706,0.0945663984986681,177,havuz,126,wls_sqrt_mcap,tema_arındırılmış
gross_profitability,0.005375540587730863,0.7311133174433356,0.005375540587730863,0.11818111791207962,0.0906175750302443,177,havuz,126,wls_sqrt_mcap,ham
idio_vol_60d,-0.0003364797511884181,-0.18691777669864654,-0.0003364797511884181,0.07577606896000642,0.0652887133145316,182,havuz,21,ols_rank_normal,tema_arındırılmış
idio_vol_60d,-0.0008774610641618606,-0.38717496574443955,-0.0008774610641618606,0.09057180583898347,0.08023331673152223,182,havuz,21,ols_rank_normal,ham
idio_vol_60d,-0.002534179514485105,-0.40903774614444754,-0.0007145211673315509,0.0771379508571294,0.06666988112651495,182,havuz,21,ols_winsorized_raw,tema_arındırılmış
idio_vol_60d,-0.0071915560847818204,-0.9347784791193527,-0.0020276854971233837,0.09251318895596983,0.08220794563345182,182,havuz,21,ols_winsorized_raw,ham
idio_vol_60d,-0.00046805663835437176,-0.28373349534611114,-0.00046805663835437176,0.1283789278035245,0.11858780980910748,182,havuz,21,wls_sqrt_mcap,tema_arındırılmış
idio_vol_60d,-5.679726100354935e-05,-0.028563749758770195,-5.679726100354935e-05,0.1355998946392239,0.12587080556269692,182,havuz,21,wls_sqrt_mcap,ham
idio_vol_60d,-0.002217784215188747,-0.5266020046325841,-0.002217784215188747,0.060208417606680144,0.04944079707900908,180,havuz,63,ols_rank_normal,tema_arındırılmış
idio_vol_60d,-0.003092091299458659,-0.5709922943229222,-0.003092091299458659,0.0730984208154963,0.062459390097004214,180,havuz,63,ols_rank_normal,ham
idio_vol_60d,-0.010441631346042025,-0.7172423755942863,-0.0029417749296515123,0.062114615449818826,0.051376547247784364,180,havuz,63,ols_winsorized_raw,tema_arındırılmış
idio_vol_60d,-0.02197748337704147,-1.2235311585348672,-0.0061918303254328705,0.07562870856508415,0.06503325411752019,180,havuz,63,ols_winsorized_raw,ham
idio_vol_60d,-0.002014674624910888,-0.46476559427236036,-0.002014674624910888,0.11064861426065373,0.10052958629642719,180,havuz,63,wls_sqrt_mcap,tema_arındırılmış
idio_vol_60d,-0.0008945648679465148,-0.17347514203153896,-0.0008945648679465148,0.11795274596987466,0.1078908627780058,180,havuz,63,wls_sqrt_mcap,ham
idio_vol_60d,0.0029724060617396116,0.4263612391612388,0.0029724060617396116,0.05313124118309449,0.042214247436598455,177,havuz,126,ols_rank_normal,tema_arındırılmış
idio_vol_60d,0.0009322341867139687,0.10828369457514325,0.0009322341867139687,0.06622911089436108,0.055451073087221435,177,havuz,126,ols_rank_normal,ham
idio_vol_60d,0.0038013291841798593,0.18063194024556797,0.0010710318356320725,0.05360658636702267,0.042699478461772696,177,havuz,126,ols_winsorized_raw,tema_arındırılmış
idio_vol_60d,-0.016340564942970454,-0.6113444172699427,-0.004603985716093844,0.0676273933249091,0.056877674040929915,177,havuz,126,ols_winsorized_raw,ham
idio_vol_60d,-0.0004252390829163697,-0.05041711186805617,-0.0004252390829163697,0.09842220741773264,0.08810104562591067,177,havuz,126,wls_sqrt_mcap,tema_arındırılmış
idio_vol_60d,0.001075197533328873,0.11926680409658125,0.001075197533328873,0.0973732937391558,0.08702911510416703,177,havuz,126,wls_sqrt_mcap,ham
max_ret_21d,-0.00020219710310602094,-0.14918452975644161,-0.00020219710310602094,0.07312824853042137,0.06260372673087898,182,havuz,21,ols_rank_normal,tema_arındırılmış
max_ret_21d,-0.0011550910748145968,-0.6786516749863211,-0.0011550910748145968,0.08691144628654275,0.07652748258795124,182,havuz,21,ols_rank_normal,ham
max_ret_21d,-0.007595772673926842,-0.3200505537221002,-0.00047316985501386836,0.07615803801476671,0.06567932955684254,182,havuz,21,ols_winsorized_raw,tema_arındırılmış
max_ret_21d,-0.021588279427015317,-0.7464923174411882,-0.0013448168454992522,0.08963329922417457,0.07929579827106442,182,havuz,21,ols_winsorized_raw,ham
max_ret_21d,0.00016348923014164875,0.12424892120364064,0.00016348923014164875,0.1256751074273026,0.11585712714650104,182,havuz,21,wls_sqrt_mcap,tema_arındırılmış
max_ret_21d,-0.0002556024612023592,-0.16330815227067078,-0.0002556024612023592,0.13191679465565906,0.12215625311841569,182,havuz,21,wls_sqrt_mcap,ham
max_ret_21d,-0.0010515833682691257,-0.35015608046586955,-0.0010515833682691257,0.05754615018953956,0.046734797469143365,180,havuz,63,ols_rank_normal,tema_arındırılmış
max_ret_21d,-0.002323742936553796,-0.6103649938059045,-0.002323742936553796,0.068896185042832,0.05819592098407915,180,havuz,63,ols_rank_normal,ham
max_ret_21d,-0.04540633039116182,-1.0255696811331183,-0.00281967379946228,0.06044294105406269,0.04967229579733901,180,havuz,63,ols_winsorized_raw,tema_arındırılmış
max_ret_21d,-0.08437527497639573,-1.5203769807029204,-0.005239594350035317,0.07162387295098549,0.06096807124071815,180,havuz,63,ols_winsorized_raw,ham
max_ret_21d,-0.0004588169805712423,-0.14973511978962875,-0.0004588169805712423,0.107193185755275,0.09703241034064616,180,havuz,63,wls_sqrt_mcap,tema_arındırılmış
max_ret_21d,-0.000385026610222855,-0.10657898942059914,-0.000385026610222855,0.11258038998219327,0.10245355909439564,180,havuz,63,wls_sqrt_mcap,ham
max_ret_21d,-0.0003045168526931557,-0.06363287099264894,-0.0003045168526931557,0.05127195275616078,0.040326425324897906,177,havuz,126,ols_rank_normal,tema_arındırılmış
max_ret_21d,-0.0016339352153346086,-0.27343536136191166,-0.0016339352153346086,0.06411163043052137,0.05329743613733289,177,havuz,126,ols_rank_normal,ham
max_ret_21d,-0.01900075456197572,-0.32358740850710777,-0.001178072407100737,0.05224605806235963,0.041317465515478505,177,havuz,126,ols_winsorized_raw,tema_arındırılmış
max_ret_21d,-0.08407648015640415,-1.0434789809579306,-0.005212855154533044,0.06497830632869755,0.05418565306130285,177,havuz,126,ols_winsorized_raw,ham
max_ret_21d,-0.003119020290217595,-0.5310646261358567,-0.003119020290217595,0.09411478109439515,0.08373826589184546,177,havuz,126,wls_sqrt_mcap,tema_arındırılmış
max_ret_21d,-0.0022567837217224423,-0.35135552125807534,-0.0022567837217224423,0.09299948873023459,0.0825940839563666,177,havuz,126,wls_sqrt_mcap,ham
mom_12_1,0.002079637916622264,1.9779536521063623,0.002079637916622264,0.07686811266037884,0.06638722821059093,182,havuz,21,ols_rank_normal,tema_arındırılmış
mom_12_1,0.0030912264440341283,2.0074149805779777,0.0030912264440341283,0.09680505262414955,0.0865344668580465,182,havuz,21,ols_rank_normal,ham
mom_12_1,0.001557026460376999,0.95052445610809,0.001245685145362299,0.07494511555696634,0.06444049691216074,182,havuz,21,ols_winsorized_raw,tema_arındırılmış
mom_12_1,0.0032855372089966492,1.4222850267350151,0.0026285647674807447,0.0931512515521281,0.08284050429295689,182,havuz,21,ols_winsorized_raw,ham
mom_12_1,0.0022494834270672007,1.7212709200593728,0.0022494834270672007,0.13154406504466407,0.12178827518512529,182,havuz,21,wls_sqrt_mcap,tema_arındırılmış
mom_12_1,0.003182162707498877,1.7512098604331081,0.003182162707498877,0.1489553899301835,0.1393850077796689,182,havuz,21,wls_sqrt_mcap,ham
mom_12_1,0.006071510270922614,2.355734365687611,0.006071510270922614,0.060048709847791974,0.04927445545331875,180,havuz,63,ols_rank_normal,tema_arındırılmış
mom_12_1,0.00843825229607746,2.252390209119925,0.00843825229607746,0.07567135127542383,0.06506160706016585,180,havuz,63,ols_rank_normal,ham
mom_12_1,0.00708858634738805,1.7493161998228612,0.005625511777136538,0.058107868729514296,0.04730593901164752,180,havuz,63,ols_winsorized_raw,tema_arındırılmış
mom_12_1,0.011163302076284305,1.96001833536389,0.00885921172773891,0.0725256278256367,0.061876492818819614,180,havuz,63,ols_winsorized_raw,ham
mom_12_1,0.00746337277194715,2.3483333871497587,0.00746337277194715,0.10939401219535018,0.09924038982063582,180,havuz,63,wls_sqrt_mcap,tema_arındırılmış
mom_12_1,0.009097594983568004,2.042449779832492,0.009097594983568004,0.1234309223436684,0.1134182624645814,180,havuz,63,wls_sqrt_mcap,ham
mom_12_1,0.00973382826123666,1.7995541507660746,0.00973382826123666,0.05431553969072703,0.04340511073571237,177,havuz,126,ols_rank_normal,tema_arındırılmış
mom_12_1,0.012689354674122397,1.6703206043653576,0.012689354674122397,0.06965133534439977,0.05890325914383369,177,havuz,126,ols_rank_normal,ham
mom_12_1,0.014058082522241893,1.550272629253455,0.01092503810067669,0.053760892645248456,0.042838637241708326,177,havuz,126,ols_winsorized_raw,tema_arındırılmış
mom_12_1,0.019345793849207406,1.681136936077207,0.01503430745665607,0.06739719247568113,0.05662302549715451,177,havuz,126,ols_winsorized_raw,ham
mom_12_1,0.012220024728215033,1.7585302617881562,0.012220024728215033,0.09679226127268312,0.08643146359256196,177,havuz,126,wls_sqrt_mcap,tema_arındırılmış
mom_12_1,0.013722759286123336,1.5152045994413574,0.013722759286123336,0.10156554977371779,0.09124602865095031,177,havuz,126,wls_sqrt_mcap,ham
net_debt_ebitda,0.0005974442221781668,0.4872517515884004,0.0005974442221781668,0.19386387200222938,0.1702632594585329,182,havuz,21,ols_rank_normal,tema_arındırılmış
net_debt_ebitda,0.0005974442221781664,0.48725175158840006,0.0005974442221781664,0.19386387200222938,0.1702632594585329,182,havuz,21,ols_rank_normal,ham
net_debt_ebitda,0.00028893948535828275,0.9069989993591504,0.0012166488483785728,0.19948272385649093,0.176076562467818,182,havuz,21,ols_winsorized_raw,tema_arındırılmış
net_debt_ebitda,0.0002889394853582834,0.9069989993591521,0.0012166488483785754,0.199482723856491,0.176076562467818,182,havuz,21,ols_winsorized_raw,ham
net_debt_ebitda,0.0005822959812202211,0.464528890186093,0.0005822959812202211,0.22082232370132937,0.19810523102266836,182,havuz,21,wls_sqrt_mcap,tema_arındırılmış
net_debt_ebitda,0.0005822959812202225,0.46452889018609406,0.0005822959812202225,0.22082232370132943,0.19810523102266836,182,havuz,21,wls_sqrt_mcap,ham
net_debt_ebitda,0.0012123438903250648,0.365669898371937,0.0012123438903250648,0.17901082957394532,0.15480322585397338,180,havuz,63,ols_rank_normal,tema_arındırılmış
net_debt_ebitda,0.0012123438903250657,0.36566989837193725,0.0012123438903250657,0.17901082957394532,0.1548032258539734,180,havuz,63,ols_rank_normal,ham
net_debt_ebitda,0.0006098683069999914,0.7423232991923567,0.002572722059778383,0.1833387272332348,0.15926688714851286,180,havuz,63,ols_winsorized_raw,tema_arındırılmış
net_debt_ebitda,0.0006098683069999908,0.7423232991923557,0.002572722059778381,0.1833387272332348,0.15926688714851286,180,havuz,63,ols_winsorized_raw,ham
net_debt_ebitda,-0.0005264846958568231,-0.1600764461851944,-0.0005264846958568231,0.2101693098230566,0.18698219329425064,180,havuz,63,wls_sqrt_mcap,tema_arındırılmış
net_debt_ebitda,-0.0005264846958568235,-0.1600764461851945,-0.0005264846958568235,0.21016930982305657,0.18698219329425064,180,havuz,63,wls_sqrt_mcap,ham
net_debt_ebitda,0.003151525374994531,0.5628973573804522,0.003151525374994531,0.17489782478790122,0.15047840746644617,177,havuz,126,ols_rank_normal,tema_arındırılmış
net_debt_ebitda,0.0031515253749945294,0.5628973573804519,0.0031515253749945294,0.17489782478790122,0.15047840746644617,177,havuz,126,ols_rank_normal,ham
net_debt_ebitda,0.0006708377552940943,0.49820514993268467,0.002842347994298458,0.17643351387042902,0.15205356117767196,177,havuz,126,ols_winsorized_raw,tema_arındırılmış
net_debt_ebitda,0.0006708377552940832,0.49820514993267623,0.0028423479942984112,0.17643351387042902,0.15205356117767196,177,havuz,126,ols_winsorized_raw,ham
net_debt_ebitda,-0.0016023430858580854,-0.2900460855551676,-0.0016023430858580854,0.20820192015570224,0.18488851167778256,177,havuz,126,wls_sqrt_mcap,tema_arındırılmış
net_debt_ebitda,-0.0016023430858580832,-0.2900460855551672,-0.0016023430858580832,0.20820192015570219,0.18488851167778256,177,havuz,126,wls_sqrt_mcap,ham
ocf_ev,0.0013987378529290379,0.8474411909543679,0.0013987378529290379,0.2016923645338689,0.18249622188734624,182,havuz,21,ols_rank_normal,tema_arındırılmış
ocf_ev,0.0013987378529290355,0.8474411909543663,0.0013987378529290355,0.2016923645338689,0.18249622188734624,182,havuz,21,ols_rank_normal,ham
ocf_ev,0.02157161143404181,1.1671688053932734,0.001724331600024092,0.20318070585370976,0.18405173093009758,182,havuz,21,ols_winsorized_raw,tema_arındırılmış
ocf_ev,0.021571611434041797,1.167168805393273,0.0017243316000240907,0.20318070585370984,0.18405173093009758,182,havuz,21,ols_winsorized_raw,ham
ocf_ev,0.002075825760029015,1.2771283054233487,0.002075825760029015,0.23313882974922695,0.21482371454515536,182,havuz,21,wls_sqrt_mcap,tema_arındırılmış
ocf_ev,0.002075825760029012,1.2771283054233469,0.002075825760029012,0.23313882974922695,0.21482371454515536,182,havuz,21,wls_sqrt_mcap,ham
ocf_ev,0.0016227965438102491,0.38946266959363435,0.0016227965438102491,0.18510878114972457,0.16536577927016663,180,havuz,63,ols_rank_normal,tema_arındırılmış
ocf_ev,0.0016227965438102485,0.389462669593634,0.0016227965438102485,0.1851087811497245,0.16536577927016663,180,havuz,63,ols_rank_normal,ham
ocf_ev,0.027288041688945327,0.5599801121130148,0.002181689503474355,0.18760257609700753,0.1679515454378313,180,havuz,63,ols_winsorized_raw,tema_arındırılmış
ocf_ev,0.027288041688945303,0.5599801121130142,0.0021816895034743535,0.18760257609700753,0.16795154543783133,180,havuz,63,ols_winsorized_raw,ham
ocf_ev,0.0029110864716832027,0.7107298365200362,0.0029110864716832027,0.220947308857905,0.202213046804935,180,havuz,63,wls_sqrt_mcap,tema_arındırılmış
ocf_ev,0.0029110864716832096,0.7107298365200378,0.0029110864716832096,0.220947308857905,0.202213046804935,180,havuz,63,wls_sqrt_mcap,ham
ocf_ev,0.0018398345602571129,0.21684338455073476,0.0018398345602571129,0.18175396288708576,0.16189950291422434,177,havuz,126,ols_rank_normal,tema_arındırılmış
ocf_ev,0.0018398345602571135,0.21684338455073482,0.0018398345602571135,0.18175396288708576,0.16189950291422434,177,havuz,126,ols_rank_normal,ham
ocf_ev,0.0204065646840462,0.2007473992745555,0.0016308933965667233,0.18264914439815824,0.16282563094632646,177,havuz,126,ols_winsorized_raw,tema_arındırılmış
ocf_ev,0.020406564684046145,0.20074739927455493,0.0016308933965667187,0.18264914439815824,0.16282563094632646,177,havuz,126,ols_winsorized_raw,ham
ocf_ev,0.004856743377638883,0.6025766390007287,0.004856743377638883,0.2218619286511287,0.20315697943349473,177,havuz,126,wls_sqrt_mcap,tema_arındırılmış
ocf_ev,0.00485674337763889,0.6025766390007293,0.00485674337763889,0.2218619286511287,0.20315697943349473,177,havuz,126,wls_sqrt_mcap,ham
oil_beta_trend,-0.0002671163168802291,-0.11007877207938203,-0.0002671163168802291,0.1578067733388007,0.12688301197957713,182,havuz,21,ols_rank_normal,tema_arındırılmış
oil_beta_trend,-0.0002671163168802282,-0.11007877207938165,-0.0002671163168802282,0.1578067733388007,0.12688301197957713,182,havuz,21,ols_rank_normal,ham
oil_beta_trend,0.0018216054667957971,0.20621388148290862,0.0006888803912341767,0.15633875173762107,0.12537473106554764,182,havuz,21,ols_winsorized_raw,tema_arındırılmış
oil_beta_trend,0.001821605466795802,0.20621388148290926,0.0006888803912341785,0.15633875173762105,0.12537473106554764,182,havuz,21,ols_winsorized_raw,ham
oil_beta_trend,0.0007914376576053488,0.3594243888352642,0.0007914376576053488,0.18007571831842384,0.150084580134584,182,havuz,21,wls_sqrt_mcap,tema_arındırılmış
oil_beta_trend,0.0007914376576053525,0.35942438883526606,0.0007914376576053525,0.18007571831842384,0.150084580134584,182,havuz,21,wls_sqrt_mcap,ham
oil_beta_trend,-0.003222710558664106,-0.5838254145528757,-0.003222710558664106,0.15757438886926514,0.12645539995965727,180,havuz,63,ols_rank_normal,tema_arındırılmış
oil_beta_trend,-0.0032227105586641078,-0.5838254145528758,-0.0032227105586641078,0.15757438886926514,0.12645539995965727,180,havuz,63,ols_rank_normal,ham
oil_beta_trend,-0.00320867553728766,-0.1505594883451772,-0.0012190852347831055,0.15753854987359797,0.12643184896737902,180,havuz,63,ols_winsorized_raw,tema_arındırılmış
oil_beta_trend,-0.0032086755372876504,-0.15055948834517677,-0.0012190852347831018,0.15753854987359794,0.126431848967379,180,havuz,63,ols_winsorized_raw,ham
oil_beta_trend,-0.0019549833577614537,-0.37370986714192994,-0.0019549833577614537,0.1823689304340676,0.15229126911838417,180,havuz,63,wls_sqrt_mcap,tema_arındırılmış
oil_beta_trend,-0.0019549833577614454,-0.3737098671419284,-0.0019549833577614454,0.1823689304340676,0.15229126911838414,180,havuz,63,wls_sqrt_mcap,ham
oil_beta_trend,-0.002293598379693224,-0.23338245520882983,-0.002293598379693224,0.15909921954794287,0.12793059828099748,177,havuz,126,ols_rank_normal,tema_arındırılmış
oil_beta_trend,-0.002293598379693223,-0.2333824552088298,-0.002293598379693223,0.15909921954794287,0.12793059828099748,177,havuz,126,ols_rank_normal,ham
oil_beta_trend,0.007838542681344577,0.2134817456216115,0.002997926878489404,0.1567314812783043,0.1254867567394245,177,havuz,126,ols_winsorized_raw,tema_arındırılmış
oil_beta_trend,0.007838542681344592,0.2134817456216119,0.00299792687848941,0.15673148127830433,0.12548675673942447,177,havuz,126,ols_winsorized_raw,ham
oil_beta_trend,-0.00199753843881308,-0.20677584902473786,-0.00199753843881308,0.1874083097107838,0.15746060619137056,177,havuz,126,wls_sqrt_mcap,tema_arındırılmış
oil_beta_trend,-0.0019975384388130854,-0.20677584902473845,-0.0019975384388130854,0.18740830971078373,0.1574606061913706,177,havuz,126,wls_sqrt_mcap,ham
profitable_growth,,,,0.4102417878601134,0.2493986390946898,5,havuz,21,ols_rank_normal,tema_arındırılmış
profitable_growth,,,,0.4102417878601135,0.24939863909468993,5,havuz,21,ols_rank_normal,ham
profitable_growth,,,,0.38399308625311934,0.21599120068578825,5,havuz,21,ols_winsorized_raw,tema_arındırılmış
profitable_growth,,,,0.38399308625311945,0.2159912006857884,5,havuz,21,ols_winsorized_raw,ham
profitable_growth,,,,0.5733098430851512,0.45693980029019254,5,havuz,21,wls_sqrt_mcap,tema_arındırılmış
profitable_growth,,,,0.5733098430851512,0.4569398002901924,5,havuz,21,wls_sqrt_mcap,ham
profitable_growth,,,,0.4324927968256966,0.2777181050508865,5,havuz,63,ols_rank_normal,tema_arındırılmış
profitable_growth,,,,0.4324927968256966,0.2777181050508865,5,havuz,63,ols_rank_normal,ham
profitable_growth,,,,0.4451270177075279,0.29379802253685366,5,havuz,63,ols_winsorized_raw,tema_arındırılmış
profitable_growth,,,,0.44512701770752783,0.2937980225368536,5,havuz,63,ols_winsorized_raw,ham
profitable_growth,,,,0.5631027356217426,0.44394893624585424,5,havuz,63,wls_sqrt_mcap,tema_arındırılmış
profitable_growth,,,,0.5631027356217426,0.44394893624585424,5,havuz,63,wls_sqrt_mcap,ham
profitable_growth,,,,0.3605124501098476,0.18610675468526056,5,havuz,126,ols_rank_normal,tema_arındırılmış
profitable_growth,,,,0.36051245010984756,0.18610675468526058,5,havuz,126,ols_rank_normal,ham
profitable_growth,,,,0.4002565853812069,0.23669019957608145,5,havuz,126,ols_winsorized_raw,tema_arındırılmış
profitable_growth,,,,0.4002565853812066,0.2366901995760812,5,havuz,126,ols_winsorized_raw,ham
profitable_growth,,,,0.6346163408831655,0.5349662520331198,5,havuz,126,wls_sqrt_mcap,tema_arındırılmış
profitable_growth,,,,0.6346163408831655,0.5349662520331198,5,havuz,126,wls_sqrt_mcap,ham
share_issuance,0.0010545938550463958,1.1939382818251685,0.0010545938550463958,0.07380115613742266,0.06252504088229172,182,havuz,21,ols_rank_normal,tema_arındırılmış
share_issuance,0.001301921768587651,1.0287997874951542,0.001301921768587651,0.08856049370709104,0.07743382796393694,182,havuz,21,ols_rank_normal,ham
share_issuance,0.002800907395531479,0.6130577686271604,0.0005681238986888298,0.07446546853887291,0.06321624351744484,182,havuz,21,ols_winsorized_raw,tema_arındırılmış
share_issuance,0.0030729928964317783,0.5611565702829991,0.0006233125406963423,0.08707963121312165,0.07596725780078209,182,havuz,21,ols_winsorized_raw,ham
share_issuance,0.0012541413307087202,1.2420526646990255,0.0012541413307087202,0.12913467367526157,0.11868864771013657,182,havuz,21,wls_sqrt_mcap,tema_arındırılmış
share_issuance,0.002115357801411643,1.7494994570443112,0.002115357801411643,0.13504735537464557,0.12466169152819626,182,havuz,21,wls_sqrt_mcap,ham
share_issuance,0.0005216868745001563,0.21838448115591075,0.0005216868745001563,0.05840536422702435,0.04676198137265115,180,havuz,63,ols_rank_normal,tema_arındırılmış
share_issuance,0.0012404638079990965,0.3552961393524611,0.0012404638079990965,0.07010708108684767,0.058574935742451845,180,havuz,63,ols_rank_normal,ham
share_issuance,-0.0017090472511599188,-0.14281555282094907,-0.00034554493071554926,0.05910213814428879,0.04747677666269959,180,havuz,63,ols_winsorized_raw,tema_arındırılmış
share_issuance,-0.00047343497604213265,-0.03366180172333511,-9.572178644198806e-05,0.06852205827558468,0.0569937376235418,180,havuz,63,ols_winsorized_raw,ham
share_issuance,0.0015327574004571768,0.5830515183700153,0.0015327574004571768,0.11138497278635652,0.10052619818811909,180,havuz,63,wls_sqrt_mcap,tema_arındırılmış
share_issuance,0.0031659874129609015,1.061762163259627,0.0031659874129609015,0.11618059197362372,0.10534789214353148,180,havuz,63,wls_sqrt_mcap,ham
share_issuance,0.0001593990964360639,0.034080897667591134,0.0001593990964360639,0.05301006372413674,0.04123526707076388,177,havuz,126,ols_rank_normal,tema_arındırılmış
share_issuance,0.002780121873056733,0.38761506137095364,0.002780121873056733,0.06609241744536226,0.05445131199223734,177,havuz,126,ols_rank_normal,ham
share_issuance,-0.0049097936702814805,-0.22883713319014887,-0.0009854224068069394,0.05357237470547725,0.04180700517754565,177,havuz,126,ols_winsorized_raw,tema_arındırılmış
share_issuance,-4.186321558976806e-05,-0.0016330451772815502,-8.40217602479861e-06,0.06403628626651417,0.05239043914496691,177,havuz,126,ols_winsorized_raw,ham
share_issuance,0.00320228087938185,0.6758134778033087,0.00320228087938185,0.0980078053398385,0.08692207919162172,177,havuz,126,wls_sqrt_mcap,tema_arındırılmış
share_issuance,0.006818902836559105,1.2754480662505474,0.006818902836559105,0.09390270540649762,0.08274173709858718,177,havuz,126,wls_sqrt_mcap,ham
sue,-0.00026389548317932906,-0.23595246243836557,-0.00026389548317932906,0.10057048179464362,0.045525720128100196,178,havuz,21,ols_rank_normal,tema_arındırılmış
sue,-0.0005162615931522087,-0.4538800624871134,-0.0005162615931522087,0.10324000429427128,0.04835527294611361,178,havuz,21,ols_rank_normal,ham
sue,-0.00036613254041900834,-0.37242422718126983,-0.00045271348160702904,0.10241313264686899,0.047489768730546604,178,havuz,21,ols_winsorized_raw,tema_arındırılmış
sue,-0.0006833193509143475,-0.6812931571123985,-0.0008449068254022614,0.10653259249770194,0.05193386193430331,178,havuz,21,ols_winsorized_raw,ham
sue,-0.0005672849429423465,-0.4629540210174791,-0.0005672849429423465,0.1669064252446215,0.1146142181883925,178,havuz,21,wls_sqrt_mcap,tema_arındırılmış
sue,-0.0006466423005942354,-0.5240378618179112,-0.0006466423005942354,0.17270745848022456,0.12067793493490972,178,havuz,21,wls_sqrt_mcap,ham
sue,0.0006261084280474135,0.250513362230927,0.0006261084280474135,0.09588516065717952,0.040138897676930914,176,havuz,63,ols_rank_normal,tema_arındırılmış
sue,-0.0004226471123483598,-0.16199768726309768,-0.0004226471123483598,0.09847466452864294,0.04302136565391013,176,havuz,63,ols_rank_normal,ham
sue,-6.752655360153414e-05,-0.03314549441839707,-8.354916215520319e-05,0.09316463862022965,0.03712413803137644,176,havuz,63,ols_winsorized_raw,tema_arındırılmış
sue,-0.0012015449711106861,-0.561319505793573,-0.0014866459233277814,0.09876737398675317,0.04337819161635557,176,havuz,63,ols_winsorized_raw,ham
sue,-0.0012198041397147269,-0.4520505132283608,-0.0012198041397147269,0.15693492814599935,0.1040184474414283,176,havuz,63,wls_sqrt_mcap,tema_arındırılmış
sue,-0.0015888402261540666,-0.5680259209962258,-0.0015888402261540666,0.16440024476069257,0.11186387257258969,176,havuz,63,wls_sqrt_mcap,ham
sue,0.001463170785168997,0.3098213253382172,0.001463170785168997,0.09768244520775668,0.041682975395267705,173,havuz,126,ols_rank_normal,tema_arındırılmış
sue,-0.0013987449348316797,-0.2743335992471741,-0.0013987449348316797,0.09929516054246652,0.0436075053869868,173,havuz,126,ols_rank_normal,ham
sue,0.0007524692206100893,0.19698126215212802,0.0009317761353567138,0.09219526364184044,0.03568721123911762,173,havuz,126,ols_winsorized_raw,tema_arındırılmış
sue,-0.0019269701802799963,-0.46315450813884407,-0.002386150527290884,0.09655841216294296,0.04072633152642373,173,havuz,126,ols_winsorized_raw,ham
sue,-0.003278034553308089,-0.6591713837810703,-0.003278034553308089,0.14576945564656094,0.09221398432348066,173,havuz,126,wls_sqrt_mcap,tema_arındırılmış
sue,-0.005175326434045397,-0.9557595752574706,-0.005175326434045397,0.1494260548591407,0.09603043092614537,173,havuz,126,wls_sqrt_mcap,ham
sue_announce,0.0013586112873580879,1.5837300065731101,0.0013586112873580879,0.10659264950263117,0.08510792374492579,182,havuz,21,ols_rank_normal,tema_arındırılmış
sue_announce,0.0016398873741796224,1.7732662129204346,0.0016398873741796224,0.11162387658119292,0.09018606869400483,182,havuz,21,ols_rank_normal,ham
sue_announce,0.0008690598253464617,1.3361267221671471,0.0011374441575653046,0.10674296390328504,0.08525929183667419,182,havuz,21,ols_winsorized_raw,tema_arındırılmış
sue_announce,0.0011525434480955175,1.6280445341971106,0.0015084736092291333,0.11376050139190502,0.09237611002848173,182,havuz,21,ols_winsorized_raw,ham
sue_announce,0.0013924516646445942,1.7911601539834454,0.0013924516646445942,0.1511465596062726,0.13082392655221609,182,havuz,21,wls_sqrt_mcap,tema_arındırılmış
sue_announce,0.0019818389730806357,2.3908563158244345,0.0019818389730806357,0.1461115790990224,0.12555663713388132,182,havuz,21,wls_sqrt_mcap,ham
sue_announce,0.0044659003649438565,2.1624673015125615,0.0044659003649438565,0.08400571168768278,0.0617625806986409,180,havuz,63,ols_rank_normal,tema_arındırılmış
sue_announce,0.005233657748211076,2.364932763259871,0.005233657748211076,0.0873868990891308,0.06518671256478778,180,havuz,63,ols_rank_normal,ham
sue_announce,0.0030304190062280245,1.833757133750308,0.003966431459123487,0.08254391128091107,0.06025735921273965,180,havuz,63,ols_winsorized_raw,tema_arındırılmış
sue_announce,0.003970378659997328,2.289384180766515,0.00519671860204172,0.08774310990392221,0.06554849262125409,180,havuz,63,ols_winsorized_raw,ham
sue_announce,0.0037039466576307416,1.9714625794877993,0.0037039466576307416,0.12550056413642058,0.10433172278307977,180,havuz,63,wls_sqrt_mcap,tema_arındırılmış
sue_announce,0.005575245524374115,2.8435462252202934,0.005575245524374115,0.12513854541867045,0.1038886468103009,180,havuz,63,wls_sqrt_mcap,ham
sue_announce,0.0077698522660737,2.0330475648055386,0.0077698522660737,0.07816279970067701,0.05562631545752886,177,havuz,126,ols_rank_normal,tema_arındırılmış
sue_announce,0.009734488957176293,2.345744721375493,0.009734488957176293,0.08108937502544136,0.05859575571865428,177,havuz,126,ols_rank_normal,ham
sue_announce,0.005898265651952344,1.9337099727633609,0.007727223168901219,0.07564646078862829,0.05303500394398224,177,havuz,126,ols_winsorized_raw,tema_arındırılmış
sue_announce,0.008086685754531945,2.466132632304536,0.010594237223167302,0.0810682170532531,0.05857797622854743,177,havuz,126,ols_winsorized_raw,ham
sue_announce,0.00583091051171261,1.6576423306969996,0.00583091051171261,0.11949246299678372,0.09797471298958661,177,havuz,126,wls_sqrt_mcap,tema_arındırılmış
sue_announce,0.009625581900737675,2.4341726168384974,0.009625581900737675,0.1068968519415536,0.08504671908318757,177,havuz,126,wls_sqrt_mcap,ham
asset_growth,-0.0028096943343084825,-1.7509800216753773,-0.0028096943343084825,0.4379799594363223,0.2000978950938277,177,havuz,21,ols_rank_normal_all,tema_arındırılmış
capex_at,0.0023615845646207017,1.377271275837052,0.0023615845646207017,0.4379799594363223,0.2000978950938277,177,havuz,21,ols_rank_normal_all,tema_arındırılmış
cash_runway_years,-1.116920394344482e-05,-0.004776655765752538,-1.116920394344482e-05,0.4379799594363223,0.2000978950938277,177,havuz,21,ols_rank_normal_all,tema_arındırılmış
cop_at,0.0032647709713619867,1.4338154945929174,0.0032647709713619867,0.4379799594363223,0.2000978950938277,177,havuz,21,ols_rank_normal_all,tema_arındırılmış
dist_52w_high,-0.0031861448196902715,-1.400977236888919,-0.0031861448196902715,0.4379799594363223,0.2000978950938277,177,havuz,21,ols_rank_normal_all,tema_arındırılmış
droe,0.0019525279767080655,1.1508877189858968,0.0019525279767080655,0.4379799594363223,0.2000978950938277,177,havuz,21,ols_rank_normal_all,tema_arındırılmış
ear_3d,-0.00036453533142613944,-0.29527564263502537,-0.00036453533142613944,0.4379799594363223,0.2000978950938277,177,havuz,21,ols_rank_normal_all,tema_arındırılmış
ebit_ev,-0.0032041935270093755,-1.699259235638997,-0.0032041935270093755,0.4379799594363223,0.2000978950938277,177,havuz,21,ols_rank_normal_all,tema_arındırılmış
gross_profitability,-0.0020447915264031153,-1.1945670340710788,-0.0020447915264031153,0.4379799594363223,0.2000978950938277,177,havuz,21,ols_rank_normal_all,tema_arındırılmış
idio_vol_60d,-0.0009887993389702948,-0.4192545837439452,-0.0009887993389702948,0.4379799594363223,0.2000978950938277,177,havuz,21,ols_rank_normal_all,tema_arındırılmış
max_ret_21d,0.0028531986630434252,1.8129988177039684,0.0028531986630434252,0.4379799594363223,0.2000978950938277,177,havuz,21,ols_rank_normal_all,tema_arındırılmış
mom_12_1,0.003987086409255069,2.0222674940051886,0.003987086409255069,0.4379799594363223,0.2000978950938277,177,havuz,21,ols_rank_normal_all,tema_arındırılmış
net_debt_ebitda,0.0014824377847960479,1.057673191469311,0.0014824377847960479,0.4379799594363223,0.2000978950938277,177,havuz,21,ols_rank_normal_all,tema_arındırılmış
ocf_ev,0.0015441409385288632,0.6608498736171259,0.0015441409385288632,0.4379799594363223,0.2000978950938277,177,havuz,21,ols_rank_normal_all,tema_arındırılmış
profitable_growth,-0.0015811355194175658,-0.8579988429036165,-0.0015811355194175658,0.4379799594363223,0.2000978950938277,177,havuz,21,ols_rank_normal_all,tema_arındırılmış
share_issuance,0.0011817454233769527,0.8248052262776067,0.0011817454233769527,0.4379799594363223,0.2000978950938277,177,havuz,21,ols_rank_normal_all,tema_arındırılmış
sue,-0.0017686308378000724,-1.1484225984867553,-0.0017686308378000724,0.4379799594363223,0.2000978950938277,177,havuz,21,ols_rank_normal_all,tema_arındırılmış
asset_growth,-0.006594230272020403,-1.6052829477209332,-0.006594230272020403,0.42312210688401225,0.17778331111030435,175,havuz,63,ols_rank_normal_all,tema_arındırılmış
capex_at,0.0066613216957456724,1.5556604930355264,0.0066613216957456724,0.42312210688401225,0.17778331111030435,175,havuz,63,ols_rank_normal_all,tema_arındırılmış
cash_runway_years,0.0015528949512120833,0.25373846052158927,0.0015528949512120833,0.42312210688401225,0.17778331111030435,175,havuz,63,ols_rank_normal_all,tema_arındırılmış
cop_at,0.004031369993224037,0.7753782406514246,0.004031369993224037,0.42312210688401225,0.17778331111030435,175,havuz,63,ols_rank_normal_all,tema_arındırılmış
dist_52w_high,-0.004104325495382189,-0.9993973834463694,-0.004104325495382189,0.42312210688401225,0.17778331111030435,175,havuz,63,ols_rank_normal_all,tema_arındırılmış
droe,0.00019587960797532976,0.05451073916217194,0.00019587960797532976,0.42312210688401225,0.17778331111030435,175,havuz,63,ols_rank_normal_all,tema_arındırılmış
ear_3d,0.0018605659399856796,0.7168521773819465,0.0018605659399856796,0.42312210688401225,0.17778331111030435,175,havuz,63,ols_rank_normal_all,tema_arındırılmış
ebit_ev,-0.008290440672038091,-2.167812951475461,-0.008290440672038091,0.42312210688401225,0.17778331111030435,175,havuz,63,ols_rank_normal_all,tema_arındırılmış
gross_profitability,-0.004465916648805095,-1.0894066314198259,-0.004465916648805095,0.42312210688401225,0.17778331111030435,175,havuz,63,ols_rank_normal_all,tema_arındırılmış
idio_vol_60d,-0.0039429525186345646,-0.7314284485947056,-0.0039429525186345646,0.42312210688401225,0.17778331111030435,175,havuz,63,ols_rank_normal_all,tema_arındırılmış
max_ret_21d,0.004527494590922225,1.4404726880400478,0.004527494590922225,0.42312210688401225,0.17778331111030435,175,havuz,63,ols_rank_normal_all,tema_arındırılmış
mom_12_1,0.009217053048375041,1.9030423679747486,0.009217053048375041,0.42312210688401225,0.17778331111030435,175,havuz,63,ols_rank_normal_all,tema_arındırılmış
net_debt_ebitda,0.003030756220047686,0.8641908925574826,0.003030756220047686,0.42312210688401225,0.17778331111030435,175,havuz,63,ols_rank_normal_all,tema_arındırılmış
ocf_ev,0.004512855873043854,0.8256974810446828,0.004512855873043854,0.42312210688401225,0.17778331111030435,175,havuz,63,ols_rank_normal_all,tema_arındırılmış
profitable_growth,-0.0034480279156314684,-0.7462504951203635,-0.0034480279156314684,0.42312210688401225,0.17778331111030435,175,havuz,63,ols_rank_normal_all,tema_arındırılmış
share_issuance,0.002341758133226779,0.6985190121139061,0.002341758133226779,0.42312210688401225,0.17778331111030435,175,havuz,63,ols_rank_normal_all,tema_arındırılmış
sue,-0.00153877426847558,-0.45322208869886804,-0.00153877426847558,0.42312210688401225,0.17778331111030435,175,havuz,63,ols_rank_normal_all,tema_arındırılmış
asset_growth,-0.010886961991143519,-1.4047956826840942,-0.010886961991143519,0.4177533144113102,0.16361571383016585,172,havuz,126,ols_rank_normal_all,tema_arındırılmış
capex_at,0.00930731022436163,1.162841535186678,0.00930731022436163,0.4177533144113102,0.16361571383016585,172,havuz,126,ols_rank_normal_all,tema_arındırılmış
cash_runway_years,0.012871639674267061,1.1727654336324467,0.012871639674267061,0.4177533144113102,0.16361571383016585,172,havuz,126,ols_rank_normal_all,tema_arındırılmış
cop_at,0.004643593112347329,0.4562565403838606,0.004643593112347329,0.4177533144113102,0.16361571383016585,172,havuz,126,ols_rank_normal_all,tema_arındırılmış
dist_52w_high,-0.01694347714348462,-2.1133545742390916,-0.01694347714348462,0.4177533144113102,0.16361571383016585,172,havuz,126,ols_rank_normal_all,tema_arındırılmış
droe,-0.004825105208432473,-0.7821541331622865,-0.004825105208432473,0.4177533144113102,0.16361571383016585,172,havuz,126,ols_rank_normal_all,tema_arındırılmış
ear_3d,0.0048807662992141785,1.352508103031924,0.0048807662992141785,0.4177533144113102,0.16361571383016585,172,havuz,126,ols_rank_normal_all,tema_arındırılmış
ebit_ev,-0.012942455796522435,-2.033593395932868,-0.012942455796522435,0.4177533144113102,0.16361571383016585,172,havuz,126,ols_rank_normal_all,tema_arındırılmış
gross_profitability,-0.008816135293128451,-1.4259776911916933,-0.008816135293128451,0.4177533144113102,0.16361571383016585,172,havuz,126,ols_rank_normal_all,tema_arındırılmış
idio_vol_60d,0.0023668077440739993,0.23605987261014832,0.0023668077440739993,0.4177533144113102,0.16361571383016585,172,havuz,126,ols_rank_normal_all,tema_arındırılmış
max_ret_21d,0.004925303263470043,1.1033614715445865,0.004925303263470043,0.4177533144113102,0.16361571383016585,172,havuz,126,ols_rank_normal_all,tema_arındırılmış
mom_12_1,0.02048793185388648,2.0289968994479497,0.02048793185388648,0.4177533144113102,0.16361571383016585,172,havuz,126,ols_rank_normal_all,tema_arındırılmış
net_debt_ebitda,0.0023721221280240032,0.40313994039184886,0.0023721221280240032,0.4177533144113102,0.16361571383016585,172,havuz,126,ols_rank_normal_all,tema_arındırılmış
ocf_ev,0.0076373829194980435,0.7399495459575893,0.0076373829194980435,0.4177533144113102,0.16361571383016585,172,havuz,126,ols_rank_normal_all,tema_arındırılmış
profitable_growth,-0.004911137493342068,-0.5430243892017473,-0.004911137493342068,0.4177533144113102,0.16361571383016585,172,havuz,126,ols_rank_normal_all,tema_arındırılmış
share_issuance,0.0007516524814093497,0.1324506357554851,0.0007516524814093497,0.4177533144113102,0.16361571383016585,172,havuz,126,ols_rank_normal_all,tema_arındırılmış
sue,0.0014243176442968776,0.2211785794202512,0.0014243176442968776,0.4177533144113102,0.16361571383016585,172,havuz,126,ols_rank_normal_all,tema_arındırılmış
asset_growth,-0.0015345521638958966,-0.31071219607242195,-0.0015345521638958966,0.27674479654172834,0.11362787753497454,63,robotics,21,ols_rank_normal,tema_arındırılmış
asset_growth,-0.0015345521638958947,-0.31071219607242156,-0.0015345521638958947,0.27674479654172834,0.11362787753497448,63,robotics,21,ols_rank_normal,ham
asset_growth,-0.0030166455744091505,-0.14903196413087286,-0.0015601274210776672,0.29021926225501216,0.12997338372158418,63,robotics,21,ols_winsorized_raw,tema_arındırılmış
asset_growth,-0.0030166455744091583,-0.14903196413087322,-0.0015601274210776713,0.29021926225501216,0.12997338372158415,63,robotics,21,ols_winsorized_raw,ham
asset_growth,-0.0004206316059392072,-0.07531228099511114,-0.0004206316059392072,0.3628341704088548,0.21938545551267485,63,robotics,21,wls_sqrt_mcap,tema_arındırılmış
asset_growth,-0.0004206316059392057,-0.07531228099511088,-0.0004206316059392057,0.3628341704088549,0.2193854555126749,63,robotics,21,wls_sqrt_mcap,ham
asset_growth,0.001149215562223447,0.09944954199016524,0.001149215562223447,0.26552724248189347,0.09830923247927724,61,robotics,63,ols_rank_normal,tema_arındırılmış
asset_growth,0.0011492155622234428,0.09944954199016488,0.0011492155622234428,0.26552724248189347,0.09830923247927727,61,robotics,63,ols_rank_normal,ham
asset_growth,0.01689209927760324,0.36317709809853915,0.008592700231849831,0.28788383362921693,0.12552881347994094,61,robotics,63,ols_winsorized_raw,tema_arındırılmış
asset_growth,0.01689209927760328,0.36317709809854015,0.008592700231849852,0.287883833629217,0.125528813479941,61,robotics,63,ols_winsorized_raw,ham
asset_growth,-0.000749667147490325,-0.051993835865116855,-0.000749667147490325,0.339931260857531,0.18962651030294872,61,robotics,63,wls_sqrt_mcap,tema_arındırılmış
asset_growth,-0.0007496671474903517,-0.05199383586511869,-0.0007496671474903517,0.33993126085753095,0.1896265103029487,61,robotics,63,wls_sqrt_mcap,ham
asset_growth,-0.0014094581889070174,-0.055427045309828345,-0.0014094581889070174,0.2543186907829949,0.08312334382207137,58,robotics,126,ols_rank_normal,tema_arındırılmış
asset_growth,-0.001409458188907027,-0.055427045309828726,-0.001409458188907027,0.2543186907829949,0.08312334382207137,58,robotics,126,ols_rank_normal,ham
asset_growth,0.01132696544722635,0.11291442524085209,0.005592638410385122,0.2874105214610876,0.12365023976851058,58,robotics,126,ols_winsorized_raw,tema_arındırılmış
asset_growth,0.011326965447226419,0.1129144252408528,0.005592638410385157,0.28741052146108764,0.12365023976851057,58,robotics,126,ols_winsorized_raw,ham
asset_growth,-0.003144826063916893,-0.09160222273150061,-0.003144826063916893,0.3428154562975,0.19209077302516567,58,robotics,126,wls_sqrt_mcap,tema_arındırılmış
asset_growth,-0.0031448260639169463,-0.09160222273150215,-0.0031448260639169463,0.3428154562975,0.1920907730251657,58,robotics,126,wls_sqrt_mcap,ham
capex_at,-0.009530241498551126,-1.4323652369361548,-0.009530241498551126,0.25898960504687285,0.08780057664498325,54,robotics,21,ols_rank_normal,tema_arındırılmış
capex_at,-0.009530241498551126,-1.4323652369361548,-0.009530241498551126,0.25898960504687285,0.08780057664498325,54,robotics,21,ols_rank_normal,ham
capex_at,-0.4281557684474905,-1.4703008637012946,-0.010660275439058186,0.25984123414407906,0.08910303273834735,54,robotics,21,ols_winsorized_raw,tema_arındırılmış
capex_at,-0.4281557684474904,-1.4703008637012942,-0.010660275439058184,0.25984123414407895,0.08910303273834728,54,robotics,21,ols_winsorized_raw,ham
capex_at,-0.011329277948622544,-1.8481248508203134,-0.011329277948622544,0.344547843689099,0.193550723376449,54,robotics,21,wls_sqrt_mcap,tema_arındırılmış
capex_at,-0.011329277948622549,-1.8481248508203139,-0.011329277948622549,0.344547843689099,0.193550723376449,54,robotics,21,wls_sqrt_mcap,ham
capex_at,-0.02263529604607532,-1.3852078233121032,-0.02263529604607532,0.28023154276568635,0.11263701125207552,52,robotics,63,ols_rank_normal,tema_arındırılmış
capex_at,-0.02263529604607532,-1.3852078233121032,-0.02263529604607532,0.28023154276568635,0.11263701125207554,52,robotics,63,ols_rank_normal,ham
capex_at,-0.8799600909963481,-1.4149154929023076,-0.021670487719937043,0.2769635781087443,0.10880510999975868,52,robotics,63,ols_winsorized_raw,tema_arındırılmış
capex_at,-0.879960090996348,-1.4149154929023076,-0.02167048771993704,0.27696357810874433,0.10880510999975873,52,robotics,63,ols_winsorized_raw,ham
capex_at,-0.03212200537687275,-2.1054636981387334,-0.03212200537687275,0.35482425840070647,0.2055241821542636,52,robotics,63,wls_sqrt_mcap,tema_arındırılmış
capex_at,-0.03212200537687276,-2.105463698138734,-0.03212200537687276,0.35482425840070647,0.20552418215426366,52,robotics,63,wls_sqrt_mcap,ham
capex_at,-0.05406851327162127,-1.5466744753648554,-0.05406851327162127,0.30051572595959464,0.1354625521691847,49,robotics,126,ols_rank_normal,tema_arındırılmış
capex_at,-0.05406851327162127,-1.5466744753648554,-0.05406851327162127,0.30051572595959464,0.1354625521691847,49,robotics,126,ols_rank_normal,ham
capex_at,-2.1287269173543595,-1.5867099144452361,-0.051592229058777514,0.29709644653421474,0.13125205544064916,49,robotics,126,ols_winsorized_raw,tema_arındırılmış
capex_at,-2.128726917354359,-1.586709914445236,-0.05159222905877751,0.29709644653421474,0.13125205544064916,49,robotics,126,ols_winsorized_raw,ham
capex_at,-0.0763310108385963,-2.34443464068213,-0.0763310108385963,0.3723057089777426,0.2258287922727998,49,robotics,126,wls_sqrt_mcap,tema_arındırılmış
capex_at,-0.0763310108385963,-2.3444346406821297,-0.0763310108385963,0.3723057089777426,0.2258287922727998,49,robotics,126,wls_sqrt_mcap,ham
cop_at,,,,0.32157998586953146,0.136556345652131,5,robotics,21,ols_rank_normal,tema_arındırılmış
cop_at,,,,0.32157998586953146,0.136556345652131,5,robotics,21,ols_rank_normal,ham
cop_at,,,,0.34480844666635785,0.1661198412117282,5,robotics,21,ols_winsorized_raw,tema_arındırılmış
cop_at,,,,0.344808446666358,0.16611984121172835,5,robotics,21,ols_winsorized_raw,ham
cop_at,,,,0.5152680263847907,0.38306839721700625,5,robotics,21,wls_sqrt_mcap,tema_arındırılmış
cop_at,,,,0.5152680263847905,0.38306839721700614,5,robotics,21,wls_sqrt_mcap,ham
cop_at,,,,0.24967020740625614,0.0450348094261442,5,robotics,63,ols_rank_normal,tema_arındırılmış
cop_at,,,,0.24967020740625628,0.04503480942614435,5,robotics,63,ols_rank_normal,ham
cop_at,,,,0.2720721373397511,0.07354635661422873,5,robotics,63,ols_winsorized_raw,tema_arındırılmış
cop_at,,,,0.27207213733975105,0.07354635661422859,5,robotics,63,ols_winsorized_raw,ham
cop_at,,,,0.39332792079352136,0.2278718991917544,5,robotics,63,wls_sqrt_mcap,tema_arındırılmış
cop_at,,,,0.39332792079352136,0.2278718991917544,5,robotics,63,wls_sqrt_mcap,ham
cop_at,,,,0.1677589624390727,-0.05921586598663471,5,robotics,126,ols_rank_normal,tema_arındırılmış
cop_at,,,,0.16775896243907268,-0.059215865986634794,5,robotics,126,ols_rank_normal,ham
cop_at,,,,0.22562916321291143,0.014437116816432694,5,robotics,126,ols_winsorized_raw,tema_arındırılmış
cop_at,,,,0.22562916321291135,0.014437116816432605,5,robotics,126,ols_winsorized_raw,ham
cop_at,,,,0.4872873177802374,0.3474565862657566,5,robotics,126,wls_sqrt_mcap,tema_arındırılmış
cop_at,,,,0.4872873177802374,0.3474565862657567,5,robotics,126,wls_sqrt_mcap,ham
dist_52w_high,0.0031550839480240143,0.47223252089355344,0.0031550839480240143,0.26095900101891817,0.09225472106234917,66,robotics,21,ols_rank_normal,tema_arındırılmış
dist_52w_high,0.0031550839480240164,0.4722325208935539,0.0031550839480240164,0.2609590010189181,0.09225472106234912,66,robotics,21,ols_rank_normal,ham
dist_52w_high,-0.009327631446611943,-0.16157289825722007,-0.0015739214859881538,0.26266643052536215,0.09440840417706961,66,robotics,21,ols_winsorized_raw,tema_arındırılmış
dist_52w_high,-0.009327631446611919,-0.16157289825721963,-0.0015739214859881497,0.26266643052536215,0.09440840417706958,66,robotics,21,ols_winsorized_raw,ham
dist_52w_high,-0.0073507674828527225,-1.2287500534388107,-0.0073507674828527225,0.3663290138441835,0.22263507681621927,66,robotics,21,wls_sqrt_mcap,tema_arındırılmış
dist_52w_high,-0.0073507674828527225,-1.2287500534388107,-0.0073507674828527225,0.3663290138441834,0.22263507681621925,66,robotics,21,wls_sqrt_mcap,ham
dist_52w_high,0.0005467867383207904,0.03498667015454628,0.0005467867383207904,0.28197466825890904,0.11804700035988863,64,robotics,63,ols_rank_normal,tema_arındırılmış
dist_52w_high,0.0005467867383207982,0.03498667015454678,0.0005467867383207982,0.28197466825890904,0.11804700035988866,64,robotics,63,ols_rank_normal,ham
dist_52w_high,-0.05085054850794677,-0.32883230742666164,-0.008551521411079508,0.2945929205322816,0.1334490320857199,64,robotics,63,ols_winsorized_raw,tema_arındırılmış
dist_52w_high,-0.05085054850794678,-0.3288323074266617,-0.00855152141107951,0.2945929205322816,0.1334490320857199,64,robotics,63,ols_winsorized_raw,ham
dist_52w_high,-0.016586136983106174,-1.2045948585642188,-0.016586136983106174,0.3634804009109344,0.2187593037419147,64,robotics,63,wls_sqrt_mcap,tema_arındırılmış
dist_52w_high,-0.01658613698310618,-1.2045948585642197,-0.01658613698310618,0.36348040091093436,0.21875930374191468,64,robotics,63,wls_sqrt_mcap,ham
dist_52w_high,0.003632076477354041,0.24579272197870655,0.003632076477354041,0.25132687639126716,0.07873347045932642,61,robotics,126,ols_rank_normal,tema_arındırılmış
dist_52w_high,0.0036320764773540336,0.24579272197870602,0.0036320764773540336,0.25132687639126716,0.07873347045932642,61,robotics,126,ols_rank_normal,ham
dist_52w_high,-0.012453245890545025,-0.0869500373248818,-0.0020598195979776796,0.26043911895197436,0.09010430707635969,61,robotics,126,ols_winsorized_raw,tema_arındırılmış
dist_52w_high,-0.012453245890545094,-0.08695003732488227,-0.0020598195979776913,0.26043911895197436,0.09010430707635969,61,robotics,126,ols_winsorized_raw,ham
dist_52w_high,-0.015932565203494037,-0.7459439655369651,-0.015932565203494037,0.3506036170685457,0.20147285005523463,61,robotics,126,wls_sqrt_mcap,tema_arındırılmış
dist_52w_high,-0.015932565203494037,-0.7459439655369648,-0.015932565203494037,0.3506036170685457,0.20147285005523463,61,robotics,126,wls_sqrt_mcap,ham
droe,,,,0.315249380265871,0.12849921124747216,5,robotics,21,ols_rank_normal,tema_arındırılmış
droe,,,,0.315249380265871,0.12849921124747218,5,robotics,21,ols_rank_normal,ham
droe,,,,0.3528806795694914,0.17639359217935272,5,robotics,21,ols_winsorized_raw,tema_arındırılmış
droe,,,,0.35288067956949154,0.17639359217935283,5,robotics,21,ols_winsorized_raw,ham
droe,,,,0.5186694993440218,0.3873975446196642,5,robotics,21,wls_sqrt_mcap,tema_arındırılmış
droe,,,,0.5186694993440217,0.3873975446196639,5,robotics,21,wls_sqrt_mcap,ham
droe,,,,0.24129112064115826,0.03437051717965591,5,robotics,63,ols_rank_normal,tema_arındırılmış
droe,,,,0.24129112064115824,0.03437051717965596,5,robotics,63,ols_rank_normal,ham
droe,,,,0.3555776917631474,0.17982615315309672,5,robotics,63,ols_winsorized_raw,tema_arındırılmış
droe,,,,0.35557769176314735,0.17982615315309664,5,robotics,63,ols_winsorized_raw,ham
droe,,,,0.4269301226580498,0.27063833792842695,5,robotics,63,wls_sqrt_mcap,tema_arındırılmış
droe,,,,0.4269301226580498,0.270638337928427,5,robotics,63,wls_sqrt_mcap,ham
droe,,,,0.17121085785259346,-0.05482254455124471,5,robotics,126,ols_rank_normal,tema_arındırılmış
droe,,,,0.17121085785259346,-0.05482254455124471,5,robotics,126,ols_rank_normal,ham
droe,,,,0.28635996616415466,0.0917308660271059,5,robotics,126,ols_winsorized_raw,tema_arındırılmış
droe,,,,0.2863599661641546,0.09173086602710578,5,robotics,126,ols_winsorized_raw,ham
droe,,,,0.4981107285334857,0.3612318363153455,5,robotics,126,wls_sqrt_mcap,tema_arındırılmış
droe,,,,0.4981107285334857,0.3612318363153454,5,robotics,126,wls_sqrt_mcap,ham
ear_3d,-0.0024214689764731293,-0.42550737615453477,-0.0024214689764731293,0.2642239947079528,0.09689869703518106,49,robotics,21,ols_rank_normal,tema_arındırılmış
ear_3d,-0.0024214689764731246,-0.4255073761545338,-0.0024214689764731246,0.26422399470795277,0.09689869703518106,49,robotics,21,ols_rank_normal,ham
ear_3d,-0.07919418348463787,-1.644090071700293,-0.00995557414501846,0.27225232383056697,0.10642039993716312,49,robotics,21,ols_winsorized_raw,tema_arındırılmış
ear_3d,-0.0791941834846379,-1.6440900717002938,-0.009955574145018464,0.2722523238305669,0.1064203999371631,49,robotics,21,ols_winsorized_raw,ham
ear_3d,-0.003315315652868559,-0.5626670580457596,-0.003315315652868559,0.34795330608731395,0.19982437098281378,49,robotics,21,wls_sqrt_mcap,tema_arındırılmış
ear_3d,-0.003315315652868558,-0.5626670580457593,-0.003315315652868558,0.34795330608731395,0.1998243709828138,49,robotics,21,wls_sqrt_mcap,ham
ear_3d,0.005075034105778709,0.39844689342156797,0.005075034105778709,0.2769068574970905,0.1099655047239975,47,robotics,63,ols_rank_normal,tema_arındırılmış
ear_3d,0.005075034105778713,0.39844689342156836,0.005075034105778713,0.2769068574970905,0.10996550472399752,47,robotics,63,ols_rank_normal,ham
ear_3d,-0.06401513640898274,-0.5951077288066771,-0.008065980486740652,0.2838755501254504,0.11856588745756584,47,robotics,63,ols_winsorized_raw,tema_arındırılmış
ear_3d,-0.06401513640898258,-0.5951077288066757,-0.008065980486740633,0.28387555012545046,0.11856588745756592,47,robotics,63,ols_winsorized_raw,ham
ear_3d,-0.00460154341977826,-0.32854087875009985,-0.00460154341977826,0.35963529480264333,0.2127518645244154,47,robotics,63,wls_sqrt_mcap,tema_arındırılmış
ear_3d,-0.00460154341977829,-0.32854087875010207,-0.00460154341977829,0.35963529480264333,0.2127518645244154,47,robotics,63,wls_sqrt_mcap,ham
ear_3d,0.00040602214529184124,0.024716898272861252,0.00040602214529184124,0.2411755004753341,0.0640053637626187,44,robotics,126,ols_rank_normal,tema_arındırılmış
ear_3d,0.00040602214529183875,0.02471689827286111,0.00040602214529183875,0.2411755004753341,0.06400536376261866,44,robotics,126,ols_rank_normal,ham
ear_3d,-0.04865947048716245,-0.30838451985766,-0.006174997433300351,0.24652204073333872,0.07060050670902078,44,robotics,126,ols_winsorized_raw,tema_arındırılmış
ear_3d,-0.04865947048716234,-0.3083845198576593,-0.006174997433300337,0.24652204073333872,0.07060050670902072,44,robotics,126,ols_winsorized_raw,ham
ear_3d,-0.0039041158093109612,-0.1164843861936177,-0.0039041158093109612,0.3512259929298224,0.20079257551576032,44,robotics,126,wls_sqrt_mcap,tema_arındırılmış
ear_3d,-0.00390411580931095,-0.11648438619361741,-0.00390411580931095,0.35122599292982243,0.20079257551576024,44,robotics,126,wls_sqrt_mcap,ham
gross_profitability,,,,0.3380111366827364,0.1574687194143919,5,robotics,21,ols_rank_normal,tema_arındırılmış
gross_profitability,,,,0.3380111366827366,0.157468719414392,5,robotics,21,ols_rank_normal,ham
gross_profitability,,,,0.36899650349503405,0.19690464081186154,5,robotics,21,ols_winsorized_raw,tema_arındırılmış
gross_profitability,,,,0.3689965034950341,0.19690464081186157,5,robotics,21,ols_winsorized_raw,ham
gross_profitability,,,,0.5483873271264198,0.4252202345245342,5,robotics,21,wls_sqrt_mcap,tema_arındırılmış
gross_profitability,,,,0.5483873271264197,0.4252202345245342,5,robotics,21,wls_sqrt_mcap,ham
gross_profitability,,,,0.2891111487881594,0.09523237118493019,5,robotics,63,ols_rank_normal,tema_arındırılmış
gross_profitability,,,,0.28911114878815947,0.09523237118493022,5,robotics,63,ols_rank_normal,ham
gross_profitability,,,,0.33117286392122325,0.14876546317246597,5,robotics,63,ols_winsorized_raw,tema_arındırılmış
gross_profitability,,,,0.3311728639212232,0.1487654631724659,5,robotics,63,ols_winsorized_raw,ham
gross_profitability,,,,0.40320199193226064,0.24043889882287717,5,robotics,63,wls_sqrt_mcap,tema_arındırılmış
gross_profitability,,,,0.40320199193226064,0.2404388988228771,5,robotics,63,wls_sqrt_mcap,ham
gross_profitability,,,,0.2009119594471775,-0.017021142521774068,5,robotics,126,ols_rank_normal,tema_arındırılmış
gross_profitability,,,,0.2009119594471776,-0.017021142521773936,5,robotics,126,ols_rank_normal,ham
gross_profitability,,,,0.25673452943139596,0.0540257647308676,5,robotics,126,ols_winsorized_raw,tema_arındırılmış
gross_profitability,,,,0.25673452943139596,0.05402576473086766,5,robotics,126,ols_winsorized_raw,ham
gross_profitability,,,,0.47533873806058474,0.3322493029861987,5,robotics,126,wls_sqrt_mcap,tema_arındırılmış
gross_profitability,,,,0.4753387380605848,0.3322493029861988,5,robotics,126,wls_sqrt_mcap,ham
idio_vol_60d,-0.0022141207434866433,-0.34706718953539967,-0.0022141207434866433,0.2577729356733057,0.08828898813542457,66,robotics,21,ols_rank_normal,tema_arındırılmış
idio_vol_60d,-0.002214120743486643,-0.3470671895353996,-0.002214120743486643,0.2577729356733057,0.08828898813542457,66,robotics,21,ols_rank_normal,ham
idio_vol_60d,-0.0007331862887018361,-0.019573122002198268,-0.00016523442234862303,0.2734991204083805,0.10815335221419815,66,robotics,21,ols_winsorized_raw,tema_arındırılmış
idio_vol_60d,-0.0007331862887018567,-0.019573122002198816,-0.00016523442234862767,0.2734991204083805,0.1081533522141982,66,robotics,21,ols_winsorized_raw,ham
idio_vol_60d,-0.003823636048243329,-0.5361399256315987,-0.003823636048243329,0.3831591320599535,0.24360554408972696,66,robotics,21,wls_sqrt_mcap,tema_arındırılmış
idio_vol_60d,-0.003823636048243329,-0.5361399256315986,-0.003823636048243329,0.38315913205995356,0.243605544089727,66,robotics,21,wls_sqrt_mcap,ham
idio_vol_60d,-0.005339727009341716,-0.39332632133392004,-0.005339727009341716,0.2585541095116227,0.08874698200945441,64,robotics,63,ols_rank_normal,tema_arındırılmış
idio_vol_60d,-0.005339727009341716,-0.39332632133392004,-0.005339727009341716,0.2585541095116227,0.08874698200945444,64,robotics,63,ols_rank_normal,ham
idio_vol_60d,0.01710218487443818,0.19287961764488395,0.0038485488156067716,0.2737078532935676,0.107652558681925,64,robotics,63,ols_winsorized_raw,tema_arındırılmış
idio_vol_60d,0.01710218487443818,0.19287961764488398,0.0038485488156067716,0.2737078532935676,0.10765255868192494,64,robotics,63,ols_winsorized_raw,ham
idio_vol_60d,-0.016334225923593758,-0.9183539987465913,-0.016334225923593758,0.38466261631840537,0.24485851729082297,64,robotics,63,wls_sqrt_mcap,tema_arındırılmış
idio_vol_60d,-0.016334225923593747,-0.9183539987465908,-0.016334225923593747,0.38466261631840537,0.24485851729082297,64,robotics,63,wls_sqrt_mcap,ham
idio_vol_60d,0.0006120595967118748,0.026235970442781104,0.0006120595967118748,0.2468618029784513,0.072748644834085,61,robotics,126,ols_rank_normal,tema_arındırılmış
idio_vol_60d,0.0006120595967118798,0.026235970442781326,0.0006120595967118798,0.24686180297845137,0.07274864483408502,61,robotics,126,ols_rank_normal,ham
idio_vol_60d,0.15375796352249974,1.4271206219297636,0.03465170050169907,0.27182443755806635,0.10378872368965344,61,robotics,126,ols_winsorized_raw,tema_arındırılmış
idio_vol_60d,0.1537579635224997,1.4271206219297632,0.034651700501699065,0.2718244375580663,0.10378872368965349,61,robotics,126,ols_winsorized_raw,ham
idio_vol_60d,-0.015181243532965486,-0.5501520700636999,-0.015181243532965486,0.3731279156318987,0.22983656250803644,61,robotics,126,wls_sqrt_mcap,tema_arındırılmış
idio_vol_60d,-0.015181243532965473,-0.5501520700636995,-0.015181243532965473,0.3731279156318987,0.2298365625080364,61,robotics,126,wls_sqrt_mcap,ham
max_ret_21d,-0.004859121093499106,-0.6505420922874046,-0.004859121093499106,0.2551352916146496,0.08558117050445274,66,robotics,21,ols_rank_normal,tema_arındırılmış
max_ret_21d,-0.0048591210934991105,-0.6505420922874051,-0.0048591210934991105,0.25513529161464954,0.08558117050445269,66,robotics,21,ols_rank_normal,ham
max_ret_21d,-0.03944234743875674,-0.27094998404391507,-0.0021901395310030916,0.2663096152178837,0.09959170202034982,66,robotics,21,ols_winsorized_raw,tema_arındırılmış
max_ret_21d,-0.039442347438756825,-0.27094998404391557,-0.0021901395310030963,0.26630961521788366,0.09959170202034982,66,robotics,21,ols_winsorized_raw,ham
max_ret_21d,-0.012446690543944174,-1.8839107279562486,-0.012446690543944174,0.35951679908535916,0.2139228795710567,66,robotics,21,wls_sqrt_mcap,tema_arındırılmış
max_ret_21d,-0.012446690543944178,-1.8839107279562493,-0.012446690543944178,0.35951679908535916,0.2139228795710567,66,robotics,21,wls_sqrt_mcap,ham
max_ret_21d,-0.01095757719694639,-0.6745405019217288,-0.01095757719694639,0.261379043543855,0.09156123538911752,64,robotics,63,ols_rank_normal,tema_arındırılmış
max_ret_21d,-0.01095757719694639,-0.674540501921729,-0.01095757719694639,0.261379043543855,0.0915612353891175,64,robotics,63,ols_rank_normal,ham
max_ret_21d,0.08970890671259421,0.2719010284908998,0.004941509124546163,0.27824520956627746,0.11240160529415469,64,robotics,63,ols_winsorized_raw,tema_arındırılmış
max_ret_21d,0.08970890671259424,0.2719010284908999,0.004941509124546164,0.27824520956627746,0.11240160529415463,64,robotics,63,ols_winsorized_raw,ham
max_ret_21d,-0.020571259861149924,-1.3041557106949062,-0.020571259861149924,0.3766790604050949,0.2340398644192097,64,robotics,63,wls_sqrt_mcap,tema_arındırılmış
max_ret_21d,-0.020571259861149955,-1.304155710694908,-0.020571259861149955,0.37667906040509486,0.2340398644192097,64,robotics,63,wls_sqrt_mcap,ham
max_ret_21d,-0.008583052546953568,-0.4887158203277633,-0.008583052546953568,0.25650691861616876,0.08451972318210649,61,robotics,126,ols_rank_normal,tema_arındırılmış
max_ret_21d,-0.008583052546953568,-0.4887158203277633,-0.008583052546953568,0.25650691861616876,0.08451972318210652,61,robotics,126,ols_rank_normal,ham
max_ret_21d,0.45772512959829686,1.1532251972976353,0.02512806649356452,0.2761160160564418,0.10903224160590343,61,robotics,126,ols_winsorized_raw,tema_arındırılmış
max_ret_21d,0.45772512959829686,1.153225197297635,0.02512806649356452,0.2761160160564418,0.10903224160590344,61,robotics,126,ols_winsorized_raw,ham
max_ret_21d,-0.037698976830612574,-1.6659402280539073,-0.037698976830612574,0.3629833806024787,0.2164685145185102,61,robotics,126,wls_sqrt_mcap,tema_arındırılmış
max_ret_21d,-0.03769897683061259,-1.6659402280539077,-0.03769897683061259,0.3629833806024787,0.2164685145185102,61,robotics,126,wls_sqrt_mcap,ham
mom_12_1,0.000691740466188293,0.12968412397358858,0.000691740466188293,0.27150723501247737,0.10551101002686952,66,robotics,21,ols_rank_normal,tema_arındırılmış
mom_12_1,0.0006917404661882946,0.12968412397358886,0.0006917404661882946,0.2715072350124773,0.10551101002686948,66,robotics,21,ols_rank_normal,ham
mom_12_1,0.010572981436909426,0.7213347368800412,0.009049405857266874,0.27800915698742124,0.11354772678421361,66,robotics,21,ols_winsorized_raw,tema_arındırılmış
mom_12_1,0.010572981436909424,0.7213347368800411,0.009049405857266872,0.27800915698742124,0.11354772678421356,66,robotics,21,ols_winsorized_raw,ham
mom_12_1,-0.005354272225963216,-0.9016030312712005,-0.005354272225963216,0.38421137698055535,0.24446369647851357,66,robotics,21,wls_sqrt_mcap,tema_arındırılmış
mom_12_1,-0.005354272225963213,-0.9016030312711999,-0.005354272225963213,0.38421137698055535,0.24446369647851351,66,robotics,21,wls_sqrt_mcap,ham
mom_12_1,0.0009484430486827958,0.07956717481705669,0.0009484430486827958,0.2657867212969122,0.09743261364801398,64,robotics,63,ols_rank_normal,tema_arındırılmış
mom_12_1,0.0009484430486827984,0.07956717481705691,0.0009484430486827984,0.26578672129691217,0.09743261364801398,64,robotics,63,ols_rank_normal,ham
mom_12_1,0.02780168680383533,0.8319415217771052,0.02397020552566576,0.2863962020698302,0.1230904499437792,64,robotics,63,ols_winsorized_raw,tema_arındırılmış
mom_12_1,0.02780168680383532,0.8319415217771049,0.023970205525665752,0.2863962020698302,0.12309044994377924,64,robotics,63,ols_winsorized_raw,ham
mom_12_1,-0.004197275069986715,-0.309685927551009,-0.004197275069986715,0.37168687870312167,0.22821284260391883,64,robotics,63,wls_sqrt_mcap,tema_arındırılmış
mom_12_1,-0.004197275069986715,-0.3096859275510089,-0.004197275069986715,0.37168687870312167,0.22821284260391883,64,robotics,63,wls_sqrt_mcap,ham
mom_12_1,0.004534287489057162,0.24127284082838588,0.004534287489057162,0.25221191900947326,0.07886250962214295,61,robotics,126,ols_rank_normal,tema_arındırılmış
mom_12_1,0.004534287489057162,0.24127284082838582,0.004534287489057162,0.25221191900947326,0.0788625096221429,61,robotics,126,ols_rank_normal,ham
mom_12_1,0.03773115958574818,1.0141351221620662,0.03266804339158863,0.256698731819912,0.08477255769821036,61,robotics,126,ols_winsorized_raw,tema_arındırılmış
mom_12_1,0.03773115958574813,1.0141351221620658,0.03266804339158859,0.256698731819912,0.08477255769821038,61,robotics,126,ols_winsorized_raw,ham
mom_12_1,-0.021082423356630978,-0.6848701785043075,-0.021082423356630978,0.3535730654271414,0.20415286517335288,61,robotics,126,wls_sqrt_mcap,tema_arındırılmış
mom_12_1,-0.021082423356630985,-0.6848701785043079,-0.021082423356630985,0.35357306542714145,0.20415286517335285,61,robotics,126,wls_sqrt_mcap,ham
profitable_growth,,,,0.4102417878601134,0.2493986390946898,5,robotics,21,ols_rank_normal,tema_arındırılmış
profitable_growth,,,,0.4102417878601135,0.24939863909468993,5,robotics,21,ols_rank_normal,ham
profitable_growth,,,,0.38399308625311934,0.21599120068578825,5,robotics,21,ols_winsorized_raw,tema_arındırılmış
profitable_growth,,,,0.38399308625311945,0.2159912006857884,5,robotics,21,ols_winsorized_raw,ham
profitable_growth,,,,0.5733098430851512,0.45693980029019254,5,robotics,21,wls_sqrt_mcap,tema_arındırılmış
profitable_growth,,,,0.5733098430851512,0.4569398002901924,5,robotics,21,wls_sqrt_mcap,ham
profitable_growth,,,,0.4324927968256966,0.2777181050508865,5,robotics,63,ols_rank_normal,tema_arındırılmış
profitable_growth,,,,0.4324927968256966,0.2777181050508865,5,robotics,63,ols_rank_normal,ham
profitable_growth,,,,0.4451270177075279,0.29379802253685366,5,robotics,63,ols_winsorized_raw,tema_arındırılmış
profitable_growth,,,,0.44512701770752783,0.2937980225368536,5,robotics,63,ols_winsorized_raw,ham
profitable_growth,,,,0.5631027356217426,0.44394893624585424,5,robotics,63,wls_sqrt_mcap,tema_arındırılmış
profitable_growth,,,,0.5631027356217426,0.44394893624585424,5,robotics,63,wls_sqrt_mcap,ham
profitable_growth,,,,0.3605124501098476,0.18610675468526056,5,robotics,126,ols_rank_normal,tema_arındırılmış
profitable_growth,,,,0.36051245010984756,0.18610675468526058,5,robotics,126,ols_rank_normal,ham
profitable_growth,,,,0.4002565853812069,0.23669019957608145,5,robotics,126,ols_winsorized_raw,tema_arındırılmış
profitable_growth,,,,0.4002565853812066,0.2366901995760812,5,robotics,126,ols_winsorized_raw,ham
profitable_growth,,,,0.6346163408831655,0.5349662520331198,5,robotics,126,wls_sqrt_mcap,tema_arındırılmış
profitable_growth,,,,0.6346163408831655,0.5349662520331198,5,robotics,126,wls_sqrt_mcap,ham
share_issuance,0.007857097220272275,1.3471712721459226,0.007857097220272275,0.2732606709701208,0.10987056806144511,60,robotics,21,ols_rank_normal,tema_arındırılmış
share_issuance,0.007857097220272273,1.3471712721459226,0.007857097220272273,0.27326067097012074,0.1098705680614451,60,robotics,21,ols_rank_normal,ham
share_issuance,0.027194934025286853,0.4722141628147754,0.004599872583789435,0.28009181242394926,0.11794816731171782,60,robotics,21,ols_winsorized_raw,tema_arındırılmış
share_issuance,0.027194934025286922,0.47221416281477663,0.004599872583789446,0.2800918124239492,0.11794816731171782,60,robotics,21,ols_winsorized_raw,ham
share_issuance,0.006989748886573267,1.2362568584569384,0.006989748886573267,0.3678600774028934,0.2257354842093779,60,robotics,21,wls_sqrt_mcap,tema_arındırılmış
share_issuance,0.0069897488865732745,1.2362568584569398,0.0069897488865732745,0.3678600774028934,0.2257354842093779,60,robotics,21,wls_sqrt_mcap,ham
share_issuance,0.019940272403002498,1.1723542645443985,0.019940272403002498,0.2761719027542135,0.11126901420428675,58,robotics,63,ols_rank_normal,tema_arındırılmış
share_issuance,0.019940272403002512,1.1723542645443992,0.019940272403002512,0.2761719027542135,0.11126901420428678,58,robotics,63,ols_rank_normal,ham
share_issuance,0.0993891114854145,0.7079888266257501,0.016888631737532578,0.2797088534256073,0.11596073537108136,58,robotics,63,ols_winsorized_raw,tema_arındırılmış
share_issuance,0.09938911148541457,0.7079888266257507,0.016888631737532588,0.27970885342560725,0.11596073537108131,58,robotics,63,ols_winsorized_raw,ham
share_issuance,0.025332623760103857,1.4575496399142431,0.025332623760103857,0.3661328583446338,0.22194895850363563,58,robotics,63,wls_sqrt_mcap,tema_arındırılmış
share_issuance,0.02533262376010387,1.4575496399142438,0.02533262376010387,0.3661328583446338,0.2219489585036356,58,robotics,63,wls_sqrt_mcap,ham
share_issuance,0.02610881724264823,0.7175151378113866,0.02610881724264823,0.28016504024331246,0.11399472224241633,55,robotics,126,ols_rank_normal,tema_arındırılmış
share_issuance,0.02610881724264823,0.7175151378113868,0.02610881724264823,0.28016504024331246,0.11399472224241632,55,robotics,126,ols_rank_normal,ham
share_issuance,0.013502845798999852,0.039144848880831626,0.0022638190679222527,0.28421198269841297,0.11987970485180773,55,robotics,126,ols_winsorized_raw,tema_arındırılmış
share_issuance,0.013502845798999855,0.03914484888083163,0.002263819067922253,0.284211982698413,0.11987970485180771,55,robotics,126,ols_winsorized_raw,ham
share_issuance,0.030956612704893496,0.7664845449938117,0.030956612704893496,0.37107313649375784,0.22630872857155274,55,robotics,126,wls_sqrt_mcap,tema_arındırılmış
share_issuance,0.030956612704893516,0.7664845449938121,0.030956612704893516,0.3710731364937577,0.22630872857155268,55,robotics,126,wls_sqrt_mcap,ham
sue,,,,0.30085064036662496,0.11017354228479534,5,robotics,21,ols_rank_normal,tema_arındırılmış
sue,,,,0.300850640366625,0.11017354228479552,5,robotics,21,ols_rank_normal,ham
sue,,,,0.34749241302329503,0.16953579839328453,5,robotics,21,ols_winsorized_raw,tema_arındırılmış
sue,,,,0.3474924130232949,0.16953579839328442,5,robotics,21,ols_winsorized_raw,ham
sue,,,,0.49745368363309445,0.36039559735121107,5,robotics,21,wls_sqrt_mcap,tema_arındırılmış
sue,,,,0.49745368363309445,0.360395597351211,5,robotics,21,wls_sqrt_mcap,ham
sue,,,,0.23749818343419077,0.029543142552606372,5,robotics,63,ols_rank_normal,tema_arındırılmış
sue,,,,0.23749818343419077,0.029543142552606417,5,robotics,63,ols_rank_normal,ham
sue,,,,0.2935324971395472,0.10085954181396913,5,robotics,63,ols_winsorized_raw,tema_arındırılmış
sue,,,,0.2935324971395474,0.10085954181396942,5,robotics,63,ols_winsorized_raw,ham
sue,,,,0.3625987893783553,0.18876209557245222,5,robotics,63,wls_sqrt_mcap,tema_arındırılmış
sue,,,,0.3625987893783554,0.18876209557245227,5,robotics,63,wls_sqrt_mcap,ham
sue,,,,0.18301941662246346,-0.03979346975322824,5,robotics,126,ols_rank_normal,tema_arındırılmış
sue,,,,0.1830194166224634,-0.039793469753228325,5,robotics,126,ols_rank_normal,ham
sue,,,,0.25032241321566373,0.045864889547208354,5,robotics,126,ols_winsorized_raw,tema_arındırılmış
sue,,,,0.25032241321566395,0.0458648895472086,5,robotics,126,ols_winsorized_raw,ham
sue,,,,0.46986801439030507,0.3252865637694791,5,robotics,126,wls_sqrt_mcap,tema_arındırılmış
sue,,,,0.4698680143903052,0.3252865637694793,5,robotics,126,wls_sqrt_mcap,ham
asset_growth,0.002328139886252521,1.645749286802503,0.002328139886252521,0.06961010200015552,0.039865164037278446,181,biotech,21,ols_rank_normal,tema_arındırılmış
asset_growth,0.002328139886252522,1.6457492868025034,0.002328139886252522,0.06961010200015552,0.03986516403727845,181,biotech,21,ols_rank_normal,ham
asset_growth,0.0035984379573911814,1.481626064072149,0.00281557591370969,0.06768084568197946,0.038017569185618785,181,biotech,21,ols_winsorized_raw,tema_arındırılmış
asset_growth,0.003598437957391183,1.4816260640721488,0.002815575913709691,0.06768084568197949,0.0380175691856188,181,biotech,21,ols_winsorized_raw,ham
asset_growth,0.0007274922911465645,0.48154584606515627,0.0007274922911465645,0.0997846545162767,0.07050362999126147,181,biotech,21,wls_sqrt_mcap,tema_arındırılmış
asset_growth,0.0007274922911465684,0.48154584606515877,0.0007274922911465684,0.09978465451627669,0.07050362999126147,181,biotech,21,wls_sqrt_mcap,ham
asset_growth,0.002890103428109299,0.7769593181884781,0.002890103428109299,0.05903494603649515,0.028351151991297726,179,biotech,63,ols_rank_normal,tema_arındırılmış
asset_growth,0.0028901034281093013,0.7769593181884786,0.0028901034281093013,0.05903494603649515,0.028351151991297736,179,biotech,63,ols_rank_normal,ham
asset_growth,0.007416995591686216,1.3353187996705034,0.005793940048264659,0.055627660045507205,0.024816403766689036,179,biotech,63,ols_winsorized_raw,tema_arındırılmış
asset_growth,0.00741699559168622,1.3353187996705036,0.005793940048264662,0.05562766004550722,0.02481640376668905,179,biotech,63,ols_winsorized_raw,ham
asset_growth,1.9250959829727322e-05,0.0047184643414661595,1.9250959829727322e-05,0.08916263941669343,0.05902938647973691,179,biotech,63,wls_sqrt_mcap,tema_arındırılmış
asset_growth,1.9250959829734766e-05,0.004718464341467983,1.9250959829734766e-05,0.08916263941669343,0.05902938647973692,179,biotech,63,wls_sqrt_mcap,ham
asset_growth,0.004939389802174427,0.7763048293915644,0.004939389802174427,0.054429665087661644,0.023480666624812584,176,biotech,126,ols_rank_normal,tema_arındırılmış
asset_growth,0.004939389802174428,0.7763048293915645,0.004939389802174428,0.054429665087661644,0.023480666624812584,176,biotech,126,ols_rank_normal,ham
asset_growth,0.011447393464866411,1.288830824668371,0.008926743426147068,0.04927020204536698,0.018056875461364717,176,biotech,126,ols_winsorized_raw,tema_arındırılmış
asset_growth,0.011447393464866413,1.2888308246683713,0.00892674342614707,0.049270202045367,0.01805687546136473,176,biotech,126,ols_winsorized_raw,ham
asset_growth,0.0022689892269937757,0.3546803277088268,0.0022689892269937757,0.07915552734026926,0.048671257460057585,176,biotech,126,wls_sqrt_mcap,tema_arındırılmış
asset_growth,0.00226898922699378,0.3546803277088273,0.00226898922699378,0.07915552734026926,0.0486712574600576,176,biotech,126,wls_sqrt_mcap,ham
capex_at,0.0007894065955769151,0.49675179951635207,0.0007894065955769151,0.07017342318127229,0.03891283770526426,182,biotech,21,ols_rank_normal,tema_arındırılmış
capex_at,0.0007894065955769185,0.49675179951635423,0.0007894065955769185,0.07017342318127227,0.03891283770526426,182,biotech,21,ols_rank_normal,ham
capex_at,-0.03976413439506906,-0.5308400123267296,-0.0008064782867780351,0.06662669443664208,0.03535511290343617,182,biotech,21,ols_winsorized_raw,tema_arındırılmış
capex_at,-0.0397641343950691,-0.5308400123267301,-0.0008064782867780359,0.0666266944366421,0.03535511290343618,182,biotech,21,ols_winsorized_raw,ham
capex_at,-0.0007282643032938453,-0.5469941012058438,-0.0007282643032938453,0.09522513834619416,0.06432532715360673,182,biotech,21,wls_sqrt_mcap,tema_arındırılmış
capex_at,-0.0007282643032938422,-0.5469941012058415,-0.0007282643032938422,0.09522513834619413,0.06432532715360671,182,biotech,21,wls_sqrt_mcap,ham
capex_at,0.007388618285388238,1.9649873537177611,0.007388618285388238,0.059687161904744025,0.027265996367599576,180,biotech,63,ols_rank_normal,tema_arındırılmış
capex_at,0.007388618285388242,1.9649873537177633,0.007388618285388242,0.05968716190474401,0.027265996367599563,180,biotech,63,ols_rank_normal,ham
capex_at,0.14564461914610907,0.8295592987267235,0.0029633931833929848,0.057117951326717,0.024926671088009104,180,biotech,63,ols_winsorized_raw,tema_arındırılmış
capex_at,0.14564461914610913,0.829559298726724,0.002963393183392986,0.057117951326716966,0.024926671088009073,180,biotech,63,ols_winsorized_raw,ham
capex_at,0.0020740214487641882,0.6547486284995852,0.0020740214487641882,0.08567375278124827,0.05396317696248468,180,biotech,63,wls_sqrt_mcap,tema_arındırılmış
capex_at,0.0020740214487641948,0.6547486284995874,0.0020740214487641948,0.08567375278124825,0.05396317696248468,180,biotech,63,wls_sqrt_mcap,ham
capex_at,0.00762982158424576,1.0129525766941725,0.00762982158424576,0.053485959391052405,0.02071053251092109,177,biotech,126,ols_rank_normal,tema_arındırılmış
capex_at,0.007629821584245765,1.0129525766941734,0.007629821584245765,0.053485959391052405,0.02071053251092108,177,biotech,126,ols_rank_normal,ham
capex_at,-0.04528519104558092,-0.12215765799976104,-0.0009260178662774415,0.05395462034338728,0.021832582252571186,177,biotech,126,ols_winsorized_raw,tema_arındırılmış
capex_at,-0.045285191045581,-0.12215765799976125,-0.0009260178662774431,0.05395462034338728,0.021832582252571175,177,biotech,126,ols_winsorized_raw,ham
capex_at,0.00016524219429291744,0.027434309244684183,0.00016524219429291744,0.07420388932381392,0.04184155813852643,177,biotech,126,wls_sqrt_mcap,tema_arındırılmış
capex_at,0.00016524219429291933,0.027434309244684502,0.00016524219429291933,0.07420388932381392,0.04184155813852642,177,biotech,126,wls_sqrt_mcap,ham
cash_runway_years,-0.002880997504476278,-1.6456641706781217,-0.002880997504476278,0.0565254895203378,0.011306630186203656,171,biotech,21,ols_rank_normal,tema_arındırılmış
cash_runway_years,-0.0028809975044762773,-1.6456641706781217,-0.0028809975044762773,0.056525489520337806,0.01130663018620366,171,biotech,21,ols_rank_normal,ham
cash_runway_years,-0.0009911785533851128,-1.4574400210321135,-0.002528387468265105,0.052954238451710975,0.007241654578651584,171,biotech,21,ols_winsorized_raw,tema_arındırılmış
cash_runway_years,-0.0009911785533851128,-1.4574400210321135,-0.002528387468265105,0.052954238451710996,0.007241654578651584,171,biotech,21,ols_winsorized_raw,ham
cash_runway_years,-0.0009522704117938028,-0.5328684172494569,-0.0009522704117938028,0.07406780020102788,0.029346318860960938,171,biotech,21,wls_sqrt_mcap,tema_arındırılmış
cash_runway_years,-0.0009522704117938039,-0.5328684172494578,-0.0009522704117938039,0.0740678002010279,0.02934631886096097,171,biotech,21,wls_sqrt_mcap,ham
cash_runway_years,-0.009015256171712187,-2.02187237539286,-0.009015256171712187,0.05156332125538139,0.0055475226421636175,169,biotech,63,ols_rank_normal,tema_arındırılmış
cash_runway_years,-0.009015256171712182,-2.021872375392859,-0.009015256171712182,0.05156332125538139,0.005547522642163612,169,biotech,63,ols_rank_normal,ham
cash_runway_years,-0.0027056742873018584,-1.5937182852837355,-0.006904262241767423,0.047241508927349254,0.000792620551026919,169,biotech,63,ols_winsorized_raw,tema_arındırılmış
cash_runway_years,-0.0027056742873018597,-1.593718285283736,-0.006904262241767427,0.047241508927349275,0.0007926205510269348,169,biotech,63,ols_winsorized_raw,ham
cash_runway_years,-0.004075015319416311,-0.8685519148770836,-0.004075015319416311,0.0677999296159055,0.02228331168374919,169,biotech,63,wls_sqrt_mcap,tema_arındırılmış
cash_runway_years,-0.004075015319416305,-0.8685519148770826,-0.004075015319416305,0.0677999296159055,0.022283311683749193,169,biotech,63,wls_sqrt_mcap,ham
cash_runway_years,-0.011849619057203917,-1.7424013057111642,-0.011849619057203917,0.04876505925462781,0.00218893108305338,166,biotech,126,ols_rank_normal,tema_arındırılmış
cash_runway_years,-0.011849619057203931,-1.7424013057111662,-0.011849619057203931,0.048765059254627804,0.0021889310830533644,166,biotech,126,ols_rank_normal,ham
cash_runway_years,-0.0018123375228665311,-0.6715771885554382,-0.004626703475989611,0.0445355894101581,-0.0025373661651366393,166,biotech,126,ols_winsorized_raw,tema_arındırılmış
cash_runway_years,-0.0018123375228665344,-0.6715771885554394,-0.004626703475989619,0.044535589410158095,-0.002537366165136655,166,biotech,126,ols_winsorized_raw,ham
cash_runway_years,-0.00856580582709876,-1.115428851534793,-0.00856580582709876,0.06159668532858453,0.015536889372415028,166,biotech,126,wls_sqrt_mcap,tema_arındırılmış
cash_runway_years,-0.008565805827098757,-1.1154288515347925,-0.008565805827098757,0.06159668532858452,0.015536889372415012,166,biotech,126,wls_sqrt_mcap,ham
cop_at,-0.0005187823449486588,-0.3931012339379684,-0.0005187823449486588,0.11541070045735419,0.052594661981044226,182,biotech,21,ols_rank_normal,tema_arındırılmış
cop_at,-0.0005187823449486577,-0.3931012339379676,-0.0005187823449486577,0.1154107004573542,0.05259466198104424,182,biotech,21,ols_rank_normal,ham
cop_at,-0.019565536239338672,-1.2210088739704978,-0.0017139365091495746,0.11626575153685827,0.05349855508374284,182,biotech,21,ols_winsorized_raw,tema_arındırılmış
cop_at,-0.019565536239338682,-1.2210088739704987,-0.0017139365091495755,0.11626575153685827,0.05349855508374282,182,biotech,21,ols_winsorized_raw,ham
cop_at,0.0002351465991679052,0.17796656269118347,0.0002351465991679052,0.1319681010333901,0.0697118038687978,182,biotech,21,wls_sqrt_mcap,tema_arındırılmış
cop_at,0.0002351465991679068,0.17796656269118472,0.0002351465991679068,0.13196810103339016,0.06971180386879783,182,biotech,21,wls_sqrt_mcap,ham
cop_at,-0.0015011720714089463,-0.4965158599204323,-0.0015011720714089463,0.10798067754096403,0.04394990464806369,180,biotech,63,ols_rank_normal,tema_arındırılmış
cop_at,-0.0015011720714089467,-0.49651585992043246,-0.0015011720714089467,0.107980677540964,0.04394990464806369,180,biotech,63,ols_rank_normal,ham
cop_at,-0.05903702429917818,-1.6242388947120368,-0.005153815270364952,0.10726470970813762,0.043281277488683274,180,biotech,63,ols_winsorized_raw,tema_arındırılmış
cop_at,-0.059037024299178155,-1.6242388947120365,-0.005153815270364949,0.10726470970813765,0.043281277488683295,180,biotech,63,ols_winsorized_raw,ham
cop_at,0.0015403853197009435,0.4942859345201085,0.0015403853197009435,0.1197072880822356,0.05624562229566796,180,biotech,63,wls_sqrt_mcap,tema_arındırılmış
cop_at,0.0015403853197009383,0.4942859345201069,0.0015403853197009383,0.11970728808223559,0.056245622295667944,180,biotech,63,wls_sqrt_mcap,ham
cop_at,-0.0019450709862431808,-0.35714054859935085,-0.0019450709862431808,0.10897524692977774,0.04490266879682684,177,biotech,126,ols_rank_normal,tema_arındırılmış
cop_at,-0.0019450709862431801,-0.35714054859935074,-0.0019450709862431801,0.10897524692977774,0.04490266879682685,177,biotech,126,ols_rank_normal,ham
cop_at,-0.09088675361266978,-1.3400832153503939,-0.007905264081790335,0.10637584931618078,0.04192155536503119,177,biotech,126,ols_winsorized_raw,tema_arındırılmış
cop_at,-0.09088675361266965,-1.340083215350392,-0.007905264081790323,0.1063758493161808,0.04192155536503121,177,biotech,126,ols_winsorized_raw,ham
cop_at,0.00448799261743434,0.8173712628051426,0.00448799261743434,0.11655771439975125,0.05282738041890166,177,biotech,126,wls_sqrt_mcap,tema_arındırılmış
cop_at,0.004487992617434339,0.8173712628051423,0.004487992617434339,0.11655771439975127,0.052827380418901664,177,biotech,126,wls_sqrt_mcap,ham
dist_52w_high,0.0012606860447261848,0.5931447743247328,0.0012606860447261848,0.074861483415715,0.04798119742695021,182,biotech,21,ols_rank_normal,tema_arındırılmış
dist_52w_high,0.0012606860447261857,0.5931447743247332,0.0012606860447261857,0.07486148341571501,0.04798119742695021,182,biotech,21,ols_rank_normal,ham
dist_52w_high,0.01786100986801296,1.3929994145279738,0.003309012091662542,0.07673872834241985,0.049956765927639445,182,biotech,21,ols_winsorized_raw,tema_arındırılmış
dist_52w_high,0.017861009868012954,1.3929994145279736,0.003309012091662541,0.07673872834241985,0.04995676592763945,182,biotech,21,ols_winsorized_raw,ham
dist_52w_high,0.0013237458013949806,0.7873615456558385,0.0013237458013949806,0.10264999539287466,0.07631969137888678,182,biotech,21,wls_sqrt_mcap,tema_arındırılmış
dist_52w_high,0.001323745801394981,0.7873615456558387,0.001323745801394981,0.10264999539287468,0.07631969137888679,182,biotech,21,wls_sqrt_mcap,ham
dist_52w_high,0.007673563512417328,1.7069219623969454,0.007673563512417328,0.0639268180881222,0.03640133066048412,180,biotech,63,ols_rank_normal,tema_arındırılmış
dist_52w_high,0.007673563512417328,1.7069219623969454,0.007673563512417328,0.0639268180881222,0.03640133066048413,180,biotech,63,ols_rank_normal,ham
dist_52w_high,0.06289064195855634,2.3466915648404325,0.011655434007505357,0.06446825155116677,0.03695067182256579,180,biotech,63,ols_winsorized_raw,tema_arındırılmış
dist_52w_high,0.06289064195855634,2.3466915648404325,0.011655434007505357,0.06446825155116676,0.036950671822565784,180,biotech,63,ols_winsorized_raw,ham
dist_52w_high,0.006864383926547079,1.6895727988564109,0.006864383926547079,0.09123815487466044,0.0641959989448202,180,biotech,63,wls_sqrt_mcap,tema_arındırılmış
dist_52w_high,0.006864383926547079,1.6895727988564107,0.006864383926547079,0.09123815487466046,0.06419599894482021,180,biotech,63,wls_sqrt_mcap,ham
dist_52w_high,0.012877138297132305,1.7058732599362807,0.012877138297132305,0.05982297721602983,0.03215922395935602,177,biotech,126,ols_rank_normal,tema_arındırılmış
dist_52w_high,0.012877138297132306,1.7058732599362811,0.012877138297132306,0.05982297721602981,0.032159223959356005,177,biotech,126,ols_rank_normal,ham
dist_52w_high,0.1101521201364512,2.2547680406882713,0.020427064746778974,0.059870979039004686,0.03217785987267152,177,biotech,126,ols_winsorized_raw,tema_arındırılmış
dist_52w_high,0.11015212013645118,2.254768040688271,0.020427064746778967,0.05987097903900469,0.03217785987267152,177,biotech,126,ols_winsorized_raw,ham
dist_52w_high,0.009794124656026618,1.3498236146582967,0.009794124656026618,0.08238488460246518,0.05494031174744513,177,biotech,126,wls_sqrt_mcap,tema_arındırılmış
dist_52w_high,0.00979412465602661,1.349823614658295,0.00979412465602661,0.08238488460246518,0.054940311747445125,177,biotech,126,wls_sqrt_mcap,ham
droe,0.0007388581823747121,0.5671930052110364,0.0007388581823747121,0.12116363436699362,0.055176236700884514,181,biotech,21,ols_rank_normal,tema_arındırılmış
droe,0.0007388581823747123,0.5671930052110367,0.0007388581823747123,0.12116363436699362,0.055176236700884514,181,biotech,21,ols_rank_normal,ham
droe,-0.0036565273005603346,-0.29989705456712956,-0.0005668107856326373,0.13034040140348005,0.06534296502546699,181,biotech,21,ols_winsorized_raw,tema_arındırılmış
droe,-0.003656527300560348,-0.2998970545671306,-0.0005668107856326395,0.13034040140348005,0.06534296502546699,181,biotech,21,ols_winsorized_raw,ham
droe,-0.00020328603804990674,-0.17633375862238462,-0.00020328603804990674,0.13733063408001578,0.07180420769170898,181,biotech,21,wls_sqrt_mcap,tema_arındırılmış
droe,-0.0002032860380499121,-0.1763337586223894,-0.0002032860380499121,0.1373306340800158,0.07180420769170899,181,biotech,21,wls_sqrt_mcap,ham
droe,0.002342481715994844,0.7209297674396333,0.002342481715994844,0.11872570130808256,0.05197514200279841,179,biotech,63,ols_rank_normal,tema_arındırılmış
droe,0.0023424817159948433,0.7209297674396331,0.0023424817159948433,0.11872570130808256,0.05197514200279841,179,biotech,63,ols_rank_normal,ham
droe,-0.007760564172347599,-0.32750802126064904,-0.001189421221298775,0.11981864859845778,0.053552443556779475,179,biotech,63,ols_winsorized_raw,tema_arındırılmış
droe,-0.007760564172347625,-0.32750802126065026,-0.0011894212212987792,0.11981864859845778,0.05355244355677947,179,biotech,63,ols_winsorized_raw,ham
droe,-0.0002660643800635468,-0.08567366951304371,-0.0002660643800635468,0.1306328569005732,0.064399932782114,179,biotech,63,wls_sqrt_mcap,tema_arındırılmış
droe,-0.00026606438006354806,-0.08567366951304414,-0.00026606438006354806,0.13063285690057322,0.06439993278211403,179,biotech,63,wls_sqrt_mcap,ham
droe,-2.5004724029306314e-05,-0.00423986064688503,-2.5004724029306314e-05,0.11658820273558029,0.049294376210128214,176,biotech,126,ols_rank_normal,tema_arındırılmış
droe,-2.5004724029307262e-05,-0.00423986064688519,-2.5004724029307262e-05,0.11658820273558028,0.049294376210128193,176,biotech,126,ols_rank_normal,ham
droe,-0.059713847047035945,-1.1895298319286816,-0.009012031028758583,0.11413707485044391,0.04682966839718777,176,biotech,126,ols_winsorized_raw,tema_arındırılmış
droe,-0.05971384704703597,-1.1895298319286818,-0.009012031028758586,0.11413707485044391,0.046829668397187725,176,biotech,126,ols_winsorized_raw,ham
droe,-0.004788705482953653,-0.8833314577781763,-0.004788705482953653,0.12737655244651827,0.060885861753445895,176,biotech,126,wls_sqrt_mcap,tema_arındırılmış
droe,-0.004788705482953665,-0.8833314577781792,-0.004788705482953665,0.12737655244651827,0.060885861753445875,176,biotech,126,wls_sqrt_mcap,ham
ear_3d,-0.002477158968448704,-1.8694360426371917,-0.002477158968448704,0.06846556566861156,0.037582285155997354,182,biotech,21,ols_rank_normal,tema_arındırılmış
ear_3d,-0.002477158968448703,-1.8694360426371908,-0.002477158968448703,0.06846556566861156,0.03758228515599733,182,biotech,21,ols_rank_normal,ham
ear_3d,-0.029373133650749957,-1.858958431895318,-0.0029084170388732062,0.06635321267696306,0.03547225244568341,182,biotech,21,ols_winsorized_raw,tema_arındırılmış
ear_3d,-0.02937313365074996,-1.858958431895318,-0.0029084170388732062,0.0663532126769631,0.03547225244568342,182,biotech,21,ols_winsorized_raw,ham
ear_3d,-0.0011863903538907707,-1.0196784631070994,-0.0011863903538907707,0.09479757542831951,0.06451929080037283,182,biotech,21,wls_sqrt_mcap,tema_arındırılmış
ear_3d,-0.0011863903538907679,-1.0196784631070972,-0.0011863903538907679,0.09479757542831951,0.06451929080037283,182,biotech,21,wls_sqrt_mcap,ham
ear_3d,-0.005698910381324532,-2.099876047923385,-0.005698910381324532,0.05925489149336593,0.027793753057317183,180,biotech,63,ols_rank_normal,tema_arındırılmış
ear_3d,-0.00569891038132453,-2.099876047923384,-0.00569891038132453,0.05925489149336593,0.027793753057317187,180,biotech,63,ols_rank_normal,ham
ear_3d,-0.07115575931216858,-2.131437216513138,-0.007031059987573112,0.058235646264539455,0.02669818574984714,180,biotech,63,ols_winsorized_raw,tema_arındırılmış
ear_3d,-0.07115575931216851,-2.1314372165131372,-0.007031059987573105,0.058235646264539434,0.02669818574984711,180,biotech,63,ols_winsorized_raw,ham
ear_3d,-0.003784749296129795,-1.570825864140956,-0.003784749296129795,0.08269574094752813,0.05169651934379767,180,biotech,63,wls_sqrt_mcap,tema_arındırılmış
ear_3d,-0.0037847492961298004,-1.570825864140958,-0.0037847492961298004,0.08269574094752812,0.05169651934379767,180,biotech,63,wls_sqrt_mcap,ham
ear_3d,-0.002699875457111449,-0.6000156530830049,-0.002699875457111449,0.054190931362162575,0.022481753608107207,177,biotech,126,ols_rank_normal,tema_arındırılmış
ear_3d,-0.0026998754571114477,-0.6000156530830048,-0.0026998754571114477,0.05419093136216259,0.022481753608107214,177,biotech,126,ols_rank_normal,ham
ear_3d,-0.0026719025545456077,-0.045742513367933266,-0.0002636924227951125,0.05387032055851815,0.022101883955868134,177,biotech,126,ols_winsorized_raw,tema_arındırılmış
ear_3d,-0.0026719025545455326,-0.045742513367931975,-0.0002636924227951051,0.05387032055851817,0.022101883955868148,177,biotech,126,ols_winsorized_raw,ham
ear_3d,-0.0014941480553061221,-0.3830527365500454,-0.0014941480553061221,0.077150478847971,0.0458901120656232,177,biotech,126,wls_sqrt_mcap,tema_arındırılmış
ear_3d,-0.0014941480553061326,-0.3830527365500482,-0.0014941480553061326,0.07715047884797097,0.0458901120656232,177,biotech,126,wls_sqrt_mcap,ham
gross_profitability,-0.001332040803613538,-0.976013523398102,-0.001332040803613538,0.12729568818764514,0.057351726516407096,182,biotech,21,ols_rank_normal,tema_arındırılmış
gross_profitability,-0.0013320408036135384,-0.9760135233981023,-0.0013320408036135384,0.12729568818764514,0.057351726516407096,182,biotech,21,ols_rank_normal,ham
gross_profitability,-0.008616392884610352,-1.1573959134057694,-0.001661307740080563,0.12578199222586336,0.05562071447622083,182,biotech,21,ols_winsorized_raw,tema_arındırılmış
gross_profitability,-0.008616392884610358,-1.15739591340577,-0.0016613077400805638,0.12578199222586336,0.05562071447622085,182,biotech,21,ols_winsorized_raw,ham
gross_profitability,-0.0005252289836687651,-0.4286354194618545,-0.0005252289836687651,0.14303328184086622,0.07388907583999045,182,biotech,21,wls_sqrt_mcap,tema_arındırılmış
gross_profitability,-0.0005252289836687705,-0.4286354194618588,-0.0005252289836687705,0.1430332818408662,0.07388907583999042,182,biotech,21,wls_sqrt_mcap,ham
gross_profitability,-0.0032419726102490133,-0.9317459839008135,-0.0032419726102490133,0.12347024804206844,0.05261216933458882,180,biotech,63,ols_rank_normal,tema_arındırılmış
gross_profitability,-0.003241972610249012,-0.9317459839008131,-0.003241972610249012,0.12347024804206844,0.052612169334588836,180,biotech,63,ols_rank_normal,ham
gross_profitability,-0.023706720772803953,-1.2792633262367372,-0.004552530185776497,0.12233634022431422,0.05135441412904081,180,biotech,63,ols_winsorized_raw,tema_arındırılmış
gross_profitability,-0.02370672077280396,-1.2792633262367377,-0.004552530185776498,0.12233634022431422,0.05135441412904083,180,biotech,63,ols_winsorized_raw,ham
gross_profitability,2.0883353928846042e-05,0.006358958263538113,2.0883353928846042e-05,0.130393060225245,0.059951732255057816,180,biotech,63,wls_sqrt_mcap,tema_arındırılmış
gross_profitability,2.0883353928832937e-05,0.006358958263534122,2.0883353928832937e-05,0.130393060225245,0.05995173225505784,180,biotech,63,wls_sqrt_mcap,ham
gross_profitability,-0.003960263739743039,-0.5223551342160712,-0.003960263739743039,0.12366904681573693,0.05261004734249862,177,biotech,126,ols_rank_normal,tema_arındırılmış
gross_profitability,-0.003960263739743037,-0.5223551342160709,-0.003960263739743037,0.12366904681573693,0.05261004734249863,177,biotech,126,ols_rank_normal,ham
gross_profitability,-0.03594760851649869,-0.8851154204355168,-0.006866676715645417,0.12177536328539076,0.050260453322199056,177,biotech,126,ols_winsorized_raw,tema_arındırılmış
gross_profitability,-0.035947608516498704,-0.8851154204355175,-0.006866676715645419,0.12177536328539076,0.050260453322199056,177,biotech,126,ols_winsorized_raw,ham
gross_profitability,0.0030669446049711915,0.43536250754630096,0.0030669446049711915,0.1318130146742024,0.061464807271619695,177,biotech,126,wls_sqrt_mcap,tema_arındırılmış
gross_profitability,0.0030669446049711854,0.4353625075463,0.0030669446049711854,0.13181301467420242,0.0614648072716197,177,biotech,126,wls_sqrt_mcap,ham
idio_vol_60d,0.00010034547431705466,0.050347278665849676,0.00010034547431705466,0.0668318760909345,0.039615737023090174,182,biotech,21,ols_rank_normal,tema_arındırılmış
idio_vol_60d,0.0001003454743170539,0.05034727866584929,0.0001003454743170539,0.0668318760909345,0.03961573702309019,182,biotech,21,ols_rank_normal,ham
idio_vol_60d,0.0011506190931972501,0.1866904361800659,0.00039960266054502285,0.06445554934055184,0.03713898748077873,182,biotech,21,ols_winsorized_raw,tema_arındırılmış
idio_vol_60d,0.0011506190931972525,0.18669043618006628,0.00039960266054502367,0.06445554934055184,0.03713898748077873,182,biotech,21,ols_winsorized_raw,ham
idio_vol_60d,0.0013413019654853282,0.708570621979739,0.0013413019654853282,0.10094978212736999,0.07446128545284071,182,biotech,21,wls_sqrt_mcap,tema_arındırılmış
idio_vol_60d,0.0013413019654853274,0.7085706219797383,0.0013413019654853274,0.10094978212736999,0.07446128545284073,182,biotech,21,wls_sqrt_mcap,ham
idio_vol_60d,-0.0011399550365346275,-0.2283558897303016,-0.0011399550365346275,0.05909351745656149,0.031318291757588684,180,biotech,63,ols_rank_normal,tema_arındırılmış
idio_vol_60d,-0.001139955036534628,-0.2283558897303017,-0.001139955036534628,0.05909351745656149,0.031318291757588684,180,biotech,63,ols_rank_normal,ham
idio_vol_60d,-0.007156789119777169,-0.3992042745960192,-0.002488136134376654,0.0594762712515031,0.031791392633329064,180,biotech,63,ols_winsorized_raw,tema_arındırılmış
idio_vol_60d,-0.007156789119777164,-0.39920427459601904,-0.0024881361343766523,0.05947627125150308,0.03179139263332906,180,biotech,63,ols_winsorized_raw,ham
idio_vol_60d,0.0032567786541974507,0.6059463041819374,0.0032567786541974507,0.09366449407301328,0.06669369483822571,180,biotech,63,wls_sqrt_mcap,tema_arındırılmış
idio_vol_60d,0.0032567786541974502,0.6059463041819374,0.0032567786541974502,0.09366449407301328,0.06669369483822571,180,biotech,63,wls_sqrt_mcap,ham
idio_vol_60d,0.009564279943807336,1.101004010969959,0.009564279943807336,0.06046987761029191,0.032743015213809394,177,biotech,126,ols_rank_normal,tema_arındırılmış
idio_vol_60d,0.009564279943807338,1.1010040109699593,0.009564279943807338,0.060469877610291906,0.03274301521380939,177,biotech,126,ols_rank_normal,ham
idio_vol_60d,0.0034085972870375003,0.10644237062330084,0.0011881138191938822,0.05639899687464091,0.028515921641905733,177,biotech,126,ols_winsorized_raw,tema_arındırılmış
idio_vol_60d,0.0034085972870375202,0.10644237062330145,0.0011881138191938891,0.05639899687464087,0.028515921641905716,177,biotech,126,ols_winsorized_raw,ham
idio_vol_60d,0.010754730116515178,1.0907624369190516,0.010754730116515178,0.08999222033578194,0.06284166360019207,177,biotech,126,wls_sqrt_mcap,tema_arındırılmış
idio_vol_60d,0.010754730116515175,1.0907624369190514,0.010754730116515175,0.08999222033578194,0.06284166360019208,177,biotech,126,wls_sqrt_mcap,ham
max_ret_21d,0.0006462716844627833,0.38583819247975715,0.0006462716844627833,0.06405853779350154,0.03666925897145029,182,biotech,21,ols_rank_normal,tema_arındırılmış
max_ret_21d,0.0006462716844627849,0.3858381924797581,0.0006462716844627849,0.06405853779350154,0.03666925897145028,182,biotech,21,ols_rank_normal,ham
max_ret_21d,0.01810342152739242,0.6379611854940896,0.0015909575072325314,0.06608738049812105,0.03878392607282896,182,biotech,21,ols_winsorized_raw,tema_arındırılmış
max_ret_21d,0.018103421527392412,0.6379611854940894,0.001590957507232531,0.06608738049812107,0.03878392607282894,182,biotech,21,ols_winsorized_raw,ham
max_ret_21d,0.0022644179261162387,1.489769096072045,0.0022644179261162387,0.09721556396624043,0.07055537063201432,182,biotech,21,wls_sqrt_mcap,tema_arındırılmış
max_ret_21d,0.0022644179261162387,1.4897690960720447,0.0022644179261162387,0.09721556396624043,0.07055537063201434,182,biotech,21,wls_sqrt_mcap,ham
max_ret_21d,-0.00037400681179482057,-0.09871264186227115,-0.00037400681179482057,0.05689846429380096,0.028938314243417106,180,biotech,63,ols_rank_normal,tema_arındırılmış
max_ret_21d,-0.00037400681179482003,-0.09871264186227101,-0.00037400681179482003,0.05689846429380096,0.028938314243417106,180,biotech,63,ols_rank_normal,ham
max_ret_21d,-0.024884063757243703,-0.4819873074914727,-0.00218317797196768,0.056209368554773834,0.028239697252572693,180,biotech,63,ols_winsorized_raw,tema_arındırılmış
max_ret_21d,-0.024884063757243686,-0.4819873074914726,-0.0021831779719676783,0.056209368554773834,0.028239697252572703,180,biotech,63,ols_winsorized_raw,ham
max_ret_21d,0.0032697586967401744,0.9024302855888843,0.0032697586967401744,0.08879124631459087,0.06158251733818962,180,biotech,63,wls_sqrt_mcap,tema_arındırılmış
max_ret_21d,0.0032697586967401857,0.9024302855888868,0.0032697586967401857,0.08879124631459089,0.061582517338189625,180,biotech,63,wls_sqrt_mcap,ham
max_ret_21d,0.003523915573150078,0.5664762079479185,0.003523915573150078,0.05559294446986264,0.02760145959960538,177,biotech,126,ols_rank_normal,tema_arındırılmış
max_ret_21d,0.00352391557315008,0.5664762079479189,0.00352391557315008,0.05559294446986264,0.027601459599605374,177,biotech,126,ols_rank_normal,ham
max_ret_21d,-0.08263591637357338,-0.7054904736944784,-0.007256786075040817,0.052940531920169204,0.024873865693136786,177,biotech,126,ols_winsorized_raw,tema_arındırılmış
max_ret_21d,-0.0826359163735734,-0.7054904736944781,-0.007256786075040818,0.052940531920169204,0.024873865693136783,177,biotech,126,ols_winsorized_raw,ham
max_ret_21d,0.006719845117752763,1.088305579475962,0.006719845117752763,0.08489786525164554,0.057572341013275116,177,biotech,126,wls_sqrt_mcap,tema_arındırılmış
max_ret_21d,0.006719845117752772,1.0883055794759624,0.006719845117752772,0.08489786525164554,0.057572341013275116,177,biotech,126,wls_sqrt_mcap,ham
mom_12_1,0.0018209437580943642,1.0439603662335901,0.0018209437580943642,0.06904286230910417,0.04177276507922798,182,biotech,21,ols_rank_normal,tema_arındırılmış
mom_12_1,0.0018209437580943627,1.0439603662335892,0.0018209437580943627,0.0690428623091042,0.041772765079228016,182,biotech,21,ols_rank_normal,ham
mom_12_1,0.0027514078928019946,1.098213633153107,0.002724587767311941,0.06516350832892946,0.03772698318891242,182,biotech,21,ols_winsorized_raw,tema_arındırılmış
mom_12_1,0.0027514078928019916,1.098213633153106,0.002724587767311938,0.06516350832892945,0.03772698318891243,182,biotech,21,ols_winsorized_raw,ham
mom_12_1,0.0015468486834644864,0.8619038834360554,0.0015468486834644864,0.10208131509131851,0.07556022293082829,182,biotech,21,wls_sqrt_mcap,tema_arındırılmış
mom_12_1,0.001546848683464481,0.8619038834360526,0.001546848683464481,0.10208131509131851,0.0755602229308283,182,biotech,21,wls_sqrt_mcap,ham
mom_12_1,0.007277622787121437,1.7234081049583123,0.007277622787121437,0.058921331626199606,0.031006540422734777,180,biotech,63,ols_rank_normal,tema_arındırılmış
mom_12_1,0.007277622787121436,1.723408104958312,0.007277622787121436,0.05892133162619962,0.0310065404227348,180,biotech,63,ols_rank_normal,ham
mom_12_1,0.010599028333518378,1.7938873254315864,0.010429977808089476,0.054289733419310024,0.02612808729943922,180,biotech,63,ols_winsorized_raw,tema_arındırılmış
mom_12_1,0.010599028333518383,1.793887325431587,0.01042997780808948,0.054289733419310045,0.02612808729943926,180,biotech,63,ols_winsorized_raw,ham
mom_12_1,0.0065580557985413955,1.4602700761785847,0.0065580557985413955,0.09002078765524908,0.06275293670288268,180,biotech,63,wls_sqrt_mcap,tema_arındırılmış
mom_12_1,0.006558055798541395,1.4602700761785847,0.006558055798541395,0.09002078765524908,0.06275293670288266,180,biotech,63,wls_sqrt_mcap,ham
mom_12_1,0.009757567405303938,1.377128749711516,0.009757567405303938,0.053327801442290754,0.025160879500144,177,biotech,126,ols_rank_normal,tema_arındırılmış
mom_12_1,0.00975756740530393,1.377128749711515,0.00975756740530393,0.05332780144229073,0.025160879500143982,177,biotech,126,ols_rank_normal,ham
mom_12_1,0.012630100886091167,1.4584616020138261,0.012208216274400153,0.0496844052577688,0.02130931073093515,177,biotech,126,ols_winsorized_raw,tema_arındırılmış
mom_12_1,0.012630100886091167,1.4584616020138261,0.012208216274400153,0.049684405257768814,0.021309310730935158,177,biotech,126,ols_winsorized_raw,ham
mom_12_1,0.007058926537043325,0.9427209953795257,0.007058926537043325,0.0801401268732975,0.05245446020176679,177,biotech,126,wls_sqrt_mcap,tema_arındırılmış
mom_12_1,0.00705892653704332,0.9427209953795247,0.00705892653704332,0.08014012687329748,0.05245446020176677,177,biotech,126,wls_sqrt_mcap,ham
share_issuance,0.0012495429111258817,0.7493896886460729,0.0012495429111258817,0.06820080914650725,0.03769013597116117,181,biotech,21,ols_rank_normal,tema_arındırılmış
share_issuance,0.001249542911125881,0.7493896886460725,0.001249542911125881,0.06820080914650725,0.03769013597116117,181,biotech,21,ols_rank_normal,ham
share_issuance,-0.004339432573301009,-0.41064898700231495,-0.0008301707137616376,0.06736628339257844,0.03690654576572212,181,biotech,21,ols_winsorized_raw,tema_arındırılmış
share_issuance,-0.004339432573301018,-0.4106489870023158,-0.0008301707137616392,0.0673662833925784,0.03690654576572211,181,biotech,21,ols_winsorized_raw,ham
share_issuance,0.0017493191945888984,1.1262658096339155,0.0017493191945888984,0.10221223294667495,0.07239886918582972,181,biotech,21,wls_sqrt_mcap,tema_arındırılmış
share_issuance,0.0017493191945888993,1.1262658096339162,0.0017493191945888993,0.10221223294667492,0.07239886918582972,181,biotech,21,wls_sqrt_mcap,ham
share_issuance,-0.0018408202121605835,-0.39478127396817875,-0.0018408202121605835,0.05886060580865164,0.02764734625706363,179,biotech,63,ols_rank_normal,tema_arındırılmış
share_issuance,-0.0018408202121605835,-0.39478127396817875,-0.0018408202121605835,0.05886060580865164,0.02764734625706363,179,biotech,63,ols_rank_normal,ham
share_issuance,-0.027220226559752946,-0.9202729297319849,-0.005172807663477881,0.05807369879384674,0.026876974966430257,179,biotech,63,ols_winsorized_raw,tema_arındırılmış
share_issuance,-0.027220226559752956,-0.920272929731985,-0.005172807663477883,0.058073698793846766,0.026876974966430288,179,biotech,63,ols_winsorized_raw,ham
share_issuance,0.0008950453846936774,0.1951627689693059,0.0008950453846936774,0.09352293060296457,0.06319471648969885,179,biotech,63,wls_sqrt_mcap,tema_arındırılmış
share_issuance,0.0008950453846936782,0.19516276896930612,0.0008950453846936782,0.09352293060296457,0.06319471648969885,179,biotech,63,wls_sqrt_mcap,ham
share_issuance,-0.00300952580267131,-0.3463060362783691,-0.00300952580267131,0.05695818529007737,0.025614657559014233,176,biotech,126,ols_rank_normal,tema_arındırılmış
share_issuance,-0.003009525802671309,-0.3463060362783689,-0.003009525802671309,0.056958185290077366,0.02561465755901423,176,biotech,126,ols_rank_normal,ham
share_issuance,-0.027363306021828092,-0.594879450356582,-0.005127499703261591,0.05261970881105753,0.02108918988191112,176,biotech,126,ols_winsorized_raw,tema_arındırılmış
share_issuance,-0.027363306021828106,-0.5948794503565823,-0.005127499703261594,0.05261970881105749,0.021089189881911094,176,biotech,126,ols_winsorized_raw,ham
share_issuance,0.0013549370715230423,0.16688845069615255,0.0013549370715230423,0.08625289232555727,0.05559093229090191,176,biotech,126,wls_sqrt_mcap,tema_arındırılmış
share_issuance,0.0013549370715230406,0.16688845069615238,0.0013549370715230406,0.08625289232555727,0.05559093229090192,176,biotech,126,wls_sqrt_mcap,ham
sue,-5.611001609238559e-05,-0.04721373659761772,-5.611001609238559e-05,0.10944472175354898,0.04609639665871913,178,biotech,21,ols_rank_normal,tema_arındırılmış
sue,-5.611001609238505e-05,-0.04721373659761726,-5.611001609238505e-05,0.10944472175354898,0.04609639665871913,178,biotech,21,ols_rank_normal,ham
sue,-0.00038933374262029296,-0.3534311597806276,-0.0004615133558163636,0.11206378689317877,0.048948481143316305,178,biotech,21,ols_winsorized_raw,tema_arındırılmış
sue,-0.00038933374262029296,-0.3534311597806276,-0.0004615133558163636,0.11206378689317877,0.04894848114331629,178,biotech,21,ols_winsorized_raw,ham
sue,-0.0004065616187776526,-0.34685302325011835,-0.0004065616187776526,0.12988840459575693,0.06732193304915418,178,biotech,21,wls_sqrt_mcap,tema_arındırılmış
sue,-0.0004065616187776546,-0.34685302325011996,-0.0004065616187776546,0.12988840459575693,0.06732193304915417,178,biotech,21,wls_sqrt_mcap,ham
sue,0.001269165588369311,0.48235044762800205,0.001269165588369311,0.10287508043960102,0.03847206996234074,176,biotech,63,ols_rank_normal,tema_arındırılmış
sue,0.0012691655883693117,0.4823504476280023,0.0012691655883693117,0.10287508043960102,0.03847206996234075,176,biotech,63,ols_rank_normal,ham
sue,0.00018067422686515622,0.07964779046513448,0.00021434821828379062,0.10148057189858278,0.036999287246908194,176,biotech,63,ols_winsorized_raw,tema_arındırılmış
sue,0.00018067422686515283,0.07964779046513297,0.0002143482182837866,0.10148057189858281,0.036999287246908194,176,biotech,63,ols_winsorized_raw,ham
sue,-1.2076173851385378e-05,-0.004345922796616593,-1.2076173851385378e-05,0.1217270548631006,0.058377422209795776,176,biotech,63,wls_sqrt_mcap,tema_arındırılmış
sue,-1.2076173851390108e-05,-0.004345922796618298,-1.2076173851390108e-05,0.1217270548631006,0.0583774222097958,176,biotech,63,wls_sqrt_mcap,ham
sue,0.0019014674485129301,0.39400729393923795,0.0019014674485129301,0.10495263092300089,0.04050854338301871,173,biotech,126,ols_rank_normal,tema_arındırılmış
sue,0.0019014674485129317,0.3940072939392383,0.0019014674485129317,0.10495263092300092,0.040508543383018715,173,biotech,126,ols_rank_normal,ham
sue,0.0005565942891297065,0.13592199471427885,0.0006611745329348924,0.10154889576761812,0.03671555692821588,173,biotech,126,ols_winsorized_raw,tema_arındırılmış
sue,0.0005565942891297075,0.1359219947142791,0.0006611745329348936,0.10154889576761812,0.03671555692821588,173,biotech,126,ols_winsorized_raw,ham
sue,-0.0021472721197720915,-0.4356775972375364,-0.0021472721197720915,0.12336138019763007,0.06015283363240288,173,biotech,126,wls_sqrt_mcap,tema_arındırılmış
sue,-0.0021472721197720868,-0.43567759723753535,-0.0021472721197720868,0.12336138019763006,0.06015283363240288,173,biotech,126,wls_sqrt_mcap,ham
sue_announce,0.0007849047186265714,0.46873512378737403,0.0007849047186265714,0.11953192507777288,0.05081959703395791,182,biotech,21,ols_rank_normal,tema_arındırılmış
sue_announce,0.000784904718626568,0.4687351237873719,0.000784904718626568,0.11953192507777288,0.05081959703395791,182,biotech,21,ols_rank_normal,ham
sue_announce,0.0007384987465840044,0.622913804284966,0.0010999124233673945,0.11408067921542038,0.04489550923308865,182,biotech,21,ols_winsorized_raw,tema_arındırılmış
sue_announce,0.0007384987465840044,0.622913804284966,0.0010999124233673945,0.11408067921542037,0.04489550923308865,182,biotech,21,ols_winsorized_raw,ham
sue_announce,0.0006241012682507112,0.5194220068683674,0.0006241012682507112,0.14402501286378797,0.07677993379274116,182,biotech,21,wls_sqrt_mcap,tema_arındırılmış
sue_announce,0.0006241012682507024,0.51942200686836,0.0006241012682507024,0.14402501286378797,0.07677993379274116,182,biotech,21,wls_sqrt_mcap,ham
sue_announce,0.005140066907019991,1.2298736283241394,0.005140066907019991,0.1076425134437906,0.037497063518259585,180,biotech,63,ols_rank_normal,tema_arındırılmış
sue_announce,0.005140066907019982,1.2298736283241372,0.005140066907019982,0.1076425134437906,0.03749706351825958,180,biotech,63,ols_rank_normal,ham
sue_announce,0.004340629858129702,1.4347537041411191,0.006467490141780938,0.10376822197005882,0.03330213922708138,180,biotech,63,ols_winsorized_raw,tema_arındırılmış
sue_announce,0.004340629858129701,1.4347537041411187,0.006467490141780936,0.10376822197005882,0.03330213922708138,180,biotech,63,ols_winsorized_raw,ham
sue_announce,0.003591049774886954,1.2240634249885642,0.003591049774886954,0.13321327282437748,0.0643934712346906,180,biotech,63,wls_sqrt_mcap,tema_arındırılmış
sue_announce,0.0035910497748869305,1.224063424988557,0.0035910497748869305,0.13321327282437748,0.06439347123469058,180,biotech,63,wls_sqrt_mcap,ham
sue_announce,0.01001617130376525,1.276777898378888,0.01001617130376525,0.11628740447816927,0.046829127890907166,177,biotech,126,ols_rank_normal,tema_arındırılmış
sue_announce,0.010016171303765227,1.2767778983788851,0.010016171303765227,0.11628740447816924,0.04682912789090715,177,biotech,126,ols_rank_normal,ham
sue_announce,0.009430786618246288,1.8562357608630602,0.014070374559342595,0.11006616146865578,0.03969208103171793,177,biotech,126,ols_winsorized_raw,tema_arındırılmış
sue_announce,0.009430786618246275,1.8562357608630584,0.014070374559342578,0.11006616146865578,0.0396920810317179,177,biotech,126,ols_winsorized_raw,ham
sue_announce,0.004868199692274592,0.7308302772583293,0.004868199692274592,0.14373880750884496,0.0757184208892348,177,biotech,126,wls_sqrt_mcap,tema_arındırılmış
sue_announce,0.004868199692274579,0.7308302772583274,0.004868199692274579,0.14373880750884496,0.07571842088923482,177,biotech,126,wls_sqrt_mcap,ham
asset_growth,-0.0021643435826890116,-0.7066574650541901,-0.0021643435826890116,0.4474989612943821,0.15782648056367546,165,biotech,21,ols_rank_normal_all,tema_arındırılmış
capex_at,0.003195764863260319,1.5191544843651503,0.003195764863260319,0.4474989612943821,0.15782648056367546,165,biotech,21,ols_rank_normal_all,tema_arındırılmış
cash_runway_years,-0.0032279230131965005,-0.7908763852656328,-0.0032279230131965005,0.4474989612943821,0.15782648056367546,165,biotech,21,ols_rank_normal_all,tema_arındırılmış
cop_at,0.0006941646691754066,0.17408043651688712,0.0006941646691754066,0.4474989612943821,0.15782648056367546,165,biotech,21,ols_rank_normal_all,tema_arındırılmış
dist_52w_high,0.005294971035423327,1.6505329570985743,0.005294971035423327,0.4474989612943821,0.15782648056367546,165,biotech,21,ols_rank_normal_all,tema_arındırılmış
droe,0.001883451321534858,0.6729322230668185,0.001883451321534858,0.4474989612943821,0.15782648056367546,165,biotech,21,ols_rank_normal_all,tema_arındırılmış
ear_3d,-0.00033375642867542924,-0.16322584668087553,-0.00033375642867542924,0.4474989612943821,0.15782648056367546,165,biotech,21,ols_rank_normal_all,tema_arındırılmış
ebit_ev,-0.0026567302471643263,-0.618409146532072,-0.0026567302471643263,0.4474989612943821,0.15782648056367546,165,biotech,21,ols_rank_normal_all,tema_arındırılmış
gross_profitability,0.0019168594427665703,0.7681982843901314,0.0019168594427665703,0.4474989612943821,0.15782648056367546,165,biotech,21,ols_rank_normal_all,tema_arındırılmış
idio_vol_60d,-0.002292844107683526,-0.6469590603895969,-0.002292844107683526,0.4474989612943821,0.15782648056367546,165,biotech,21,ols_rank_normal_all,tema_arındırılmış
max_ret_21d,0.0026395658715965423,1.0462660474531214,0.0026395658715965423,0.4474989612943821,0.15782648056367546,165,biotech,21,ols_rank_normal_all,tema_arındırılmış
mom_12_1,0.0019939282253462415,0.6633135959298746,0.0019939282253462415,0.4474989612943821,0.15782648056367546,165,biotech,21,ols_rank_normal_all,tema_arındırılmış
ocf_ev,0.0023936245160409817,0.5465934795454198,0.0023936245160409817,0.4474989612943821,0.15782648056367546,165,biotech,21,ols_rank_normal_all,tema_arındırılmış
share_issuance,0.004007325301407937,1.6012545996048553,0.004007325301407937,0.4474989612943821,0.15782648056367546,165,biotech,21,ols_rank_normal_all,tema_arındırılmış
sue,-0.0014597171024355784,-0.5291445590180368,-0.0014597171024355784,0.4474989612943821,0.15782648056367546,165,biotech,21,ols_rank_normal_all,tema_arındırılmış
asset_growth,-0.0067280040351334865,-0.959062625724446,-0.0067280040351334865,0.4359404183542282,0.1366344727482867,163,biotech,63,ols_rank_normal_all,tema_arındırılmış
capex_at,0.00971626802802614,1.982618379102204,0.00971626802802614,0.4359404183542282,0.1366344727482867,163,biotech,63,ols_rank_normal_all,tema_arındırılmış
cash_runway_years,-0.0022244507799906196,-0.2314390282331741,-0.0022244507799906196,0.4359404183542282,0.1366344727482867,163,biotech,63,ols_rank_normal_all,tema_arındırılmış
cop_at,-0.0018798597904619832,-0.16253647946316166,-0.0018798597904619832,0.4359404183542282,0.1366344727482867,163,biotech,63,ols_rank_normal_all,tema_arındırılmış
dist_52w_high,0.004274977887557347,0.5903524276378938,0.004274977887557347,0.4359404183542282,0.1366344727482867,163,biotech,63,ols_rank_normal_all,tema_arındırılmış
droe,0.0029483295535960193,0.451840912206659,0.0029483295535960193,0.4359404183542282,0.1366344727482867,163,biotech,63,ols_rank_normal_all,tema_arındırılmış
ear_3d,0.004046332767727225,0.8412865836254826,0.004046332767727225,0.4359404183542282,0.1366344727482867,163,biotech,63,ols_rank_normal_all,tema_arındırılmış
ebit_ev,-0.005261048035190041,-0.5402052683584501,-0.005261048035190041,0.4359404183542282,0.1366344727482867,163,biotech,63,ols_rank_normal_all,tema_arındırılmış
gross_profitability,0.004182088486857013,0.5239318348165053,0.004182088486857013,0.4359404183542282,0.1366344727482867,163,biotech,63,ols_rank_normal_all,tema_arındırılmış
idio_vol_60d,0.005213578344181392,0.8128331286450197,0.005213578344181392,0.4359404183542282,0.1366344727482867,163,biotech,63,ols_rank_normal_all,tema_arındırılmış
max_ret_21d,0.003693238206983733,0.6739778155210927,0.003693238206983733,0.4359404183542282,0.1366344727482867,163,biotech,63,ols_rank_normal_all,tema_arındırılmış
mom_12_1,0.00275998671824926,0.42079737795836947,0.00275998671824926,0.4359404183542282,0.1366344727482867,163,biotech,63,ols_rank_normal_all,tema_arındırılmış
ocf_ev,0.005242695381042642,0.49568984360781065,0.005242695381042642,0.4359404183542282,0.1366344727482867,163,biotech,63,ols_rank_normal_all,tema_arındırılmış
share_issuance,0.002792817773362483,0.47709376907457446,0.002792817773362483,0.4359404183542282,0.1366344727482867,163,biotech,63,ols_rank_normal_all,tema_arındırılmış
sue,-0.0012084558194261968,-0.1979758146986844,-0.0012084558194261968,0.4359404183542282,0.1366344727482867,163,biotech,63,ols_rank_normal_all,tema_arındırılmış
asset_growth,-0.019330974294974178,-1.6626526914087367,-0.019330974294974178,0.4258564160010055,0.11627418624389955,160,biotech,126,ols_rank_normal_all,tema_arındırılmış
capex_at,0.014374968729252795,1.6110382188945425,0.014374968729252795,0.4258564160010055,0.11627418624389955,160,biotech,126,ols_rank_normal_all,tema_arındırılmış
cash_runway_years,-0.008494511603081603,-0.4362619777729073,-0.008494511603081603,0.4258564160010055,0.11627418624389955,160,biotech,126,ols_rank_normal_all,tema_arındırılmış
cop_at,0.0007835634108724288,0.036356442935088676,0.0007835634108724288,0.4258564160010055,0.11627418624389955,160,biotech,126,ols_rank_normal_all,tema_arındırılmış
dist_52w_high,0.0007523303001291976,0.054829946630300073,0.0007523303001291976,0.4258564160010055,0.11627418624389955,160,biotech,126,ols_rank_normal_all,tema_arındırılmış
droe,0.015684410468725346,0.8774455670915065,0.015684410468725346,0.4258564160010055,0.11627418624389955,160,biotech,126,ols_rank_normal_all,tema_arındırılmış
ear_3d,-0.0002810411836403369,-0.0304934283029317,-0.0002810411836403369,0.4258564160010055,0.11627418624389955,160,biotech,126,ols_rank_normal_all,tema_arındırılmış
ebit_ev,-0.027052896393277757,-1.5933942417389015,-0.027052896393277757,0.4258564160010055,0.11627418624389955,160,biotech,126,ols_rank_normal_all,tema_arındırılmış
gross_profitability,0.008987379660899497,0.5027342546172148,0.008987379660899497,0.4258564160010055,0.11627418624389955,160,biotech,126,ols_rank_normal_all,tema_arındırılmış
idio_vol_60d,0.035065295202186944,2.732627025693177,0.035065295202186944,0.4258564160010055,0.11627418624389955,160,biotech,126,ols_rank_normal_all,tema_arındırılmış
max_ret_21d,0.003617947634631434,0.5518517825206835,0.003617947634631434,0.4258564160010055,0.11627418624389955,160,biotech,126,ols_rank_normal_all,tema_arındırılmış
mom_12_1,0.009318074187485658,0.945318803582747,0.009318074187485658,0.4258564160010055,0.11627418624389955,160,biotech,126,ols_rank_normal_all,tema_arındırılmış
ocf_ev,0.03550919452328673,1.8776661470130513,0.03550919452328673,0.4258564160010055,0.11627418624389955,160,biotech,126,ols_rank_normal_all,tema_arındırılmış
share_issuance,-0.0014065350553438805,-0.123412421042336,-0.0014065350553438805,0.4258564160010055,0.11627418624389955,160,biotech,126,ols_rank_normal_all,tema_arındırılmış
sue,-0.00829542237715691,-0.7295150549654227,-0.00829542237715691,0.4258564160010055,0.11627418624389955,160,biotech,126,ols_rank_normal_all,tema_arındırılmış
asset_growth,0.002328139886252521,1.645749286802503,0.002328139886252521,0.06961010200015552,0.039865164037278446,181,biotech/biotech_all,21,ols_rank_normal,tema_arındırılmış
asset_growth,0.002328139886252522,1.6457492868025034,0.002328139886252522,0.06961010200015552,0.03986516403727845,181,biotech/biotech_all,21,ols_rank_normal,ham
asset_growth,0.0035984379573911814,1.481626064072149,0.00281557591370969,0.06768084568197946,0.038017569185618785,181,biotech/biotech_all,21,ols_winsorized_raw,tema_arındırılmış
asset_growth,0.003598437957391183,1.4816260640721488,0.002815575913709691,0.06768084568197949,0.0380175691856188,181,biotech/biotech_all,21,ols_winsorized_raw,ham
asset_growth,0.0007274922911465645,0.48154584606515627,0.0007274922911465645,0.0997846545162767,0.07050362999126147,181,biotech/biotech_all,21,wls_sqrt_mcap,tema_arındırılmış
asset_growth,0.0007274922911465684,0.48154584606515877,0.0007274922911465684,0.09978465451627669,0.07050362999126147,181,biotech/biotech_all,21,wls_sqrt_mcap,ham
asset_growth,0.002890103428109299,0.7769593181884781,0.002890103428109299,0.05903494603649515,0.028351151991297726,179,biotech/biotech_all,63,ols_rank_normal,tema_arındırılmış
asset_growth,0.0028901034281093013,0.7769593181884786,0.0028901034281093013,0.05903494603649515,0.028351151991297736,179,biotech/biotech_all,63,ols_rank_normal,ham
asset_growth,0.007416995591686216,1.3353187996705034,0.005793940048264659,0.055627660045507205,0.024816403766689036,179,biotech/biotech_all,63,ols_winsorized_raw,tema_arındırılmış
asset_growth,0.00741699559168622,1.3353187996705036,0.005793940048264662,0.05562766004550722,0.02481640376668905,179,biotech/biotech_all,63,ols_winsorized_raw,ham
asset_growth,1.9250959829727322e-05,0.0047184643414661595,1.9250959829727322e-05,0.08916263941669343,0.05902938647973691,179,biotech/biotech_all,63,wls_sqrt_mcap,tema_arındırılmış
asset_growth,1.9250959829734766e-05,0.004718464341467983,1.9250959829734766e-05,0.08916263941669343,0.05902938647973692,179,biotech/biotech_all,63,wls_sqrt_mcap,ham
asset_growth,0.004939389802174427,0.7763048293915644,0.004939389802174427,0.054429665087661644,0.023480666624812584,176,biotech/biotech_all,126,ols_rank_normal,tema_arındırılmış
asset_growth,0.004939389802174428,0.7763048293915645,0.004939389802174428,0.054429665087661644,0.023480666624812584,176,biotech/biotech_all,126,ols_rank_normal,ham
asset_growth,0.011447393464866411,1.288830824668371,0.008926743426147068,0.04927020204536698,0.018056875461364717,176,biotech/biotech_all,126,ols_winsorized_raw,tema_arındırılmış
asset_growth,0.011447393464866413,1.2888308246683713,0.00892674342614707,0.049270202045367,0.01805687546136473,176,biotech/biotech_all,126,ols_winsorized_raw,ham
asset_growth,0.0022689892269937757,0.3546803277088268,0.0022689892269937757,0.07915552734026926,0.048671257460057585,176,biotech/biotech_all,126,wls_sqrt_mcap,tema_arındırılmış
asset_growth,0.00226898922699378,0.3546803277088273,0.00226898922699378,0.07915552734026926,0.0486712574600576,176,biotech/biotech_all,126,wls_sqrt_mcap,ham
capex_at,0.0007894065955769151,0.49675179951635207,0.0007894065955769151,0.07017342318127229,0.03891283770526426,182,biotech/biotech_all,21,ols_rank_normal,tema_arındırılmış
capex_at,0.0007894065955769185,0.49675179951635423,0.0007894065955769185,0.07017342318127227,0.03891283770526426,182,biotech/biotech_all,21,ols_rank_normal,ham
capex_at,-0.03976413439506906,-0.5308400123267296,-0.0008064782867780351,0.06662669443664208,0.03535511290343617,182,biotech/biotech_all,21,ols_winsorized_raw,tema_arındırılmış
capex_at,-0.0397641343950691,-0.5308400123267301,-0.0008064782867780359,0.0666266944366421,0.03535511290343618,182,biotech/biotech_all,21,ols_winsorized_raw,ham
capex_at,-0.0007282643032938453,-0.5469941012058438,-0.0007282643032938453,0.09522513834619416,0.06432532715360673,182,biotech/biotech_all,21,wls_sqrt_mcap,tema_arındırılmış
capex_at,-0.0007282643032938422,-0.5469941012058415,-0.0007282643032938422,0.09522513834619413,0.06432532715360671,182,biotech/biotech_all,21,wls_sqrt_mcap,ham
capex_at,0.007388618285388238,1.9649873537177611,0.007388618285388238,0.059687161904744025,0.027265996367599576,180,biotech/biotech_all,63,ols_rank_normal,tema_arındırılmış
capex_at,0.007388618285388242,1.9649873537177633,0.007388618285388242,0.05968716190474401,0.027265996367599563,180,biotech/biotech_all,63,ols_rank_normal,ham
capex_at,0.14564461914610907,0.8295592987267235,0.0029633931833929848,0.057117951326717,0.024926671088009104,180,biotech/biotech_all,63,ols_winsorized_raw,tema_arındırılmış
capex_at,0.14564461914610913,0.829559298726724,0.002963393183392986,0.057117951326716966,0.024926671088009073,180,biotech/biotech_all,63,ols_winsorized_raw,ham
capex_at,0.0020740214487641882,0.6547486284995852,0.0020740214487641882,0.08567375278124827,0.05396317696248468,180,biotech/biotech_all,63,wls_sqrt_mcap,tema_arındırılmış
capex_at,0.0020740214487641948,0.6547486284995874,0.0020740214487641948,0.08567375278124825,0.05396317696248468,180,biotech/biotech_all,63,wls_sqrt_mcap,ham
capex_at,0.00762982158424576,1.0129525766941725,0.00762982158424576,0.053485959391052405,0.02071053251092109,177,biotech/biotech_all,126,ols_rank_normal,tema_arındırılmış
capex_at,0.007629821584245765,1.0129525766941734,0.007629821584245765,0.053485959391052405,0.02071053251092108,177,biotech/biotech_all,126,ols_rank_normal,ham
capex_at,-0.04528519104558092,-0.12215765799976104,-0.0009260178662774415,0.05395462034338728,0.021832582252571186,177,biotech/biotech_all,126,ols_winsorized_raw,tema_arındırılmış
capex_at,-0.045285191045581,-0.12215765799976125,-0.0009260178662774431,0.05395462034338728,0.021832582252571175,177,biotech/biotech_all,126,ols_winsorized_raw,ham
capex_at,0.00016524219429291744,0.027434309244684183,0.00016524219429291744,0.07420388932381392,0.04184155813852643,177,biotech/biotech_all,126,wls_sqrt_mcap,tema_arındırılmış
capex_at,0.00016524219429291933,0.027434309244684502,0.00016524219429291933,0.07420388932381392,0.04184155813852642,177,biotech/biotech_all,126,wls_sqrt_mcap,ham
cash_runway_years,-0.002880997504476278,-1.6456641706781217,-0.002880997504476278,0.0565254895203378,0.011306630186203656,171,biotech/biotech_all,21,ols_rank_normal,tema_arındırılmış
cash_runway_years,-0.0028809975044762773,-1.6456641706781217,-0.0028809975044762773,0.056525489520337806,0.01130663018620366,171,biotech/biotech_all,21,ols_rank_normal,ham
cash_runway_years,-0.0009911785533851128,-1.4574400210321135,-0.002528387468265105,0.052954238451710975,0.007241654578651584,171,biotech/biotech_all,21,ols_winsorized_raw,tema_arındırılmış
cash_runway_years,-0.0009911785533851128,-1.4574400210321135,-0.002528387468265105,0.052954238451710996,0.007241654578651584,171,biotech/biotech_all,21,ols_winsorized_raw,ham
cash_runway_years,-0.0009522704117938028,-0.5328684172494569,-0.0009522704117938028,0.07406780020102788,0.029346318860960938,171,biotech/biotech_all,21,wls_sqrt_mcap,tema_arındırılmış
cash_runway_years,-0.0009522704117938039,-0.5328684172494578,-0.0009522704117938039,0.0740678002010279,0.02934631886096097,171,biotech/biotech_all,21,wls_sqrt_mcap,ham
cash_runway_years,-0.009015256171712187,-2.02187237539286,-0.009015256171712187,0.05156332125538139,0.0055475226421636175,169,biotech/biotech_all,63,ols_rank_normal,tema_arındırılmış
cash_runway_years,-0.009015256171712182,-2.021872375392859,-0.009015256171712182,0.05156332125538139,0.005547522642163612,169,biotech/biotech_all,63,ols_rank_normal,ham
cash_runway_years,-0.0027056742873018584,-1.5937182852837355,-0.006904262241767423,0.047241508927349254,0.000792620551026919,169,biotech/biotech_all,63,ols_winsorized_raw,tema_arındırılmış
cash_runway_years,-0.0027056742873018597,-1.593718285283736,-0.006904262241767427,0.047241508927349275,0.0007926205510269348,169,biotech/biotech_all,63,ols_winsorized_raw,ham
cash_runway_years,-0.004075015319416311,-0.8685519148770836,-0.004075015319416311,0.0677999296159055,0.02228331168374919,169,biotech/biotech_all,63,wls_sqrt_mcap,tema_arındırılmış
cash_runway_years,-0.004075015319416305,-0.8685519148770826,-0.004075015319416305,0.0677999296159055,0.022283311683749193,169,biotech/biotech_all,63,wls_sqrt_mcap,ham
cash_runway_years,-0.011849619057203917,-1.7424013057111642,-0.011849619057203917,0.04876505925462781,0.00218893108305338,166,biotech/biotech_all,126,ols_rank_normal,tema_arındırılmış
cash_runway_years,-0.011849619057203931,-1.7424013057111662,-0.011849619057203931,0.048765059254627804,0.0021889310830533644,166,biotech/biotech_all,126,ols_rank_normal,ham
cash_runway_years,-0.0018123375228665311,-0.6715771885554382,-0.004626703475989611,0.0445355894101581,-0.0025373661651366393,166,biotech/biotech_all,126,ols_winsorized_raw,tema_arındırılmış
cash_runway_years,-0.0018123375228665344,-0.6715771885554394,-0.004626703475989619,0.044535589410158095,-0.002537366165136655,166,biotech/biotech_all,126,ols_winsorized_raw,ham
cash_runway_years,-0.00856580582709876,-1.115428851534793,-0.00856580582709876,0.06159668532858453,0.015536889372415028,166,biotech/biotech_all,126,wls_sqrt_mcap,tema_arındırılmış
cash_runway_years,-0.008565805827098757,-1.1154288515347925,-0.008565805827098757,0.06159668532858452,0.015536889372415012,166,biotech/biotech_all,126,wls_sqrt_mcap,ham
cop_at,-0.0005187823449486588,-0.3931012339379684,-0.0005187823449486588,0.11541070045735419,0.052594661981044226,182,biotech/biotech_all,21,ols_rank_normal,tema_arındırılmış
cop_at,-0.0005187823449486577,-0.3931012339379676,-0.0005187823449486577,0.1154107004573542,0.05259466198104424,182,biotech/biotech_all,21,ols_rank_normal,ham
cop_at,-0.019565536239338672,-1.2210088739704978,-0.0017139365091495746,0.11626575153685827,0.05349855508374284,182,biotech/biotech_all,21,ols_winsorized_raw,tema_arındırılmış
cop_at,-0.019565536239338682,-1.2210088739704987,-0.0017139365091495755,0.11626575153685827,0.05349855508374282,182,biotech/biotech_all,21,ols_winsorized_raw,ham
cop_at,0.0002351465991679052,0.17796656269118347,0.0002351465991679052,0.1319681010333901,0.0697118038687978,182,biotech/biotech_all,21,wls_sqrt_mcap,tema_arındırılmış
cop_at,0.0002351465991679068,0.17796656269118472,0.0002351465991679068,0.13196810103339016,0.06971180386879783,182,biotech/biotech_all,21,wls_sqrt_mcap,ham
cop_at,-0.0015011720714089463,-0.4965158599204323,-0.0015011720714089463,0.10798067754096403,0.04394990464806369,180,biotech/biotech_all,63,ols_rank_normal,tema_arındırılmış
cop_at,-0.0015011720714089467,-0.49651585992043246,-0.0015011720714089467,0.107980677540964,0.04394990464806369,180,biotech/biotech_all,63,ols_rank_normal,ham
cop_at,-0.05903702429917818,-1.6242388947120368,-0.005153815270364952,0.10726470970813762,0.043281277488683274,180,biotech/biotech_all,63,ols_winsorized_raw,tema_arındırılmış
cop_at,-0.059037024299178155,-1.6242388947120365,-0.005153815270364949,0.10726470970813765,0.043281277488683295,180,biotech/biotech_all,63,ols_winsorized_raw,ham
cop_at,0.0015403853197009435,0.4942859345201085,0.0015403853197009435,0.1197072880822356,0.05624562229566796,180,biotech/biotech_all,63,wls_sqrt_mcap,tema_arındırılmış
cop_at,0.0015403853197009383,0.4942859345201069,0.0015403853197009383,0.11970728808223559,0.056245622295667944,180,biotech/biotech_all,63,wls_sqrt_mcap,ham
cop_at,-0.0019450709862431808,-0.35714054859935085,-0.0019450709862431808,0.10897524692977774,0.04490266879682684,177,biotech/biotech_all,126,ols_rank_normal,tema_arındırılmış
cop_at,-0.0019450709862431801,-0.35714054859935074,-0.0019450709862431801,0.10897524692977774,0.04490266879682685,177,biotech/biotech_all,126,ols_rank_normal,ham
cop_at,-0.09088675361266978,-1.3400832153503939,-0.007905264081790335,0.10637584931618078,0.04192155536503119,177,biotech/biotech_all,126,ols_winsorized_raw,tema_arındırılmış
cop_at,-0.09088675361266965,-1.340083215350392,-0.007905264081790323,0.1063758493161808,0.04192155536503121,177,biotech/biotech_all,126,ols_winsorized_raw,ham
cop_at,0.00448799261743434,0.8173712628051426,0.00448799261743434,0.11655771439975125,0.05282738041890166,177,biotech/biotech_all,126,wls_sqrt_mcap,tema_arındırılmış
cop_at,0.004487992617434339,0.8173712628051423,0.004487992617434339,0.11655771439975127,0.052827380418901664,177,biotech/biotech_all,126,wls_sqrt_mcap,ham
dist_52w_high,0.0012606860447261848,0.5931447743247328,0.0012606860447261848,0.074861483415715,0.04798119742695021,182,biotech/biotech_all,21,ols_rank_normal,tema_arındırılmış
dist_52w_high,0.0012606860447261857,0.5931447743247332,0.0012606860447261857,0.07486148341571501,0.04798119742695021,182,biotech/biotech_all,21,ols_rank_normal,ham
dist_52w_high,0.01786100986801296,1.3929994145279738,0.003309012091662542,0.07673872834241985,0.049956765927639445,182,biotech/biotech_all,21,ols_winsorized_raw,tema_arındırılmış
dist_52w_high,0.017861009868012954,1.3929994145279736,0.003309012091662541,0.07673872834241985,0.04995676592763945,182,biotech/biotech_all,21,ols_winsorized_raw,ham
dist_52w_high,0.0013237458013949806,0.7873615456558385,0.0013237458013949806,0.10264999539287466,0.07631969137888678,182,biotech/biotech_all,21,wls_sqrt_mcap,tema_arındırılmış
dist_52w_high,0.001323745801394981,0.7873615456558387,0.001323745801394981,0.10264999539287468,0.07631969137888679,182,biotech/biotech_all,21,wls_sqrt_mcap,ham
dist_52w_high,0.007673563512417328,1.7069219623969454,0.007673563512417328,0.0639268180881222,0.03640133066048412,180,biotech/biotech_all,63,ols_rank_normal,tema_arındırılmış
dist_52w_high,0.007673563512417328,1.7069219623969454,0.007673563512417328,0.0639268180881222,0.03640133066048413,180,biotech/biotech_all,63,ols_rank_normal,ham
dist_52w_high,0.06289064195855634,2.3466915648404325,0.011655434007505357,0.06446825155116677,0.03695067182256579,180,biotech/biotech_all,63,ols_winsorized_raw,tema_arındırılmış
dist_52w_high,0.06289064195855634,2.3466915648404325,0.011655434007505357,0.06446825155116676,0.036950671822565784,180,biotech/biotech_all,63,ols_winsorized_raw,ham
dist_52w_high,0.006864383926547079,1.6895727988564109,0.006864383926547079,0.09123815487466044,0.0641959989448202,180,biotech/biotech_all,63,wls_sqrt_mcap,tema_arındırılmış
dist_52w_high,0.006864383926547079,1.6895727988564107,0.006864383926547079,0.09123815487466046,0.06419599894482021,180,biotech/biotech_all,63,wls_sqrt_mcap,ham
dist_52w_high,0.012877138297132305,1.7058732599362807,0.012877138297132305,0.05982297721602983,0.03215922395935602,177,biotech/biotech_all,126,ols_rank_normal,tema_arındırılmış
dist_52w_high,0.012877138297132306,1.7058732599362811,0.012877138297132306,0.05982297721602981,0.032159223959356005,177,biotech/biotech_all,126,ols_rank_normal,ham
dist_52w_high,0.1101521201364512,2.2547680406882713,0.020427064746778974,0.059870979039004686,0.03217785987267152,177,biotech/biotech_all,126,ols_winsorized_raw,tema_arındırılmış
dist_52w_high,0.11015212013645118,2.254768040688271,0.020427064746778967,0.05987097903900469,0.03217785987267152,177,biotech/biotech_all,126,ols_winsorized_raw,ham
dist_52w_high,0.009794124656026618,1.3498236146582967,0.009794124656026618,0.08238488460246518,0.05494031174744513,177,biotech/biotech_all,126,wls_sqrt_mcap,tema_arındırılmış
dist_52w_high,0.00979412465602661,1.349823614658295,0.00979412465602661,0.08238488460246518,0.054940311747445125,177,biotech/biotech_all,126,wls_sqrt_mcap,ham
droe,0.0007388581823747121,0.5671930052110364,0.0007388581823747121,0.12116363436699362,0.055176236700884514,181,biotech/biotech_all,21,ols_rank_normal,tema_arındırılmış
droe,0.0007388581823747123,0.5671930052110367,0.0007388581823747123,0.12116363436699362,0.055176236700884514,181,biotech/biotech_all,21,ols_rank_normal,ham
droe,-0.0036565273005603346,-0.29989705456712956,-0.0005668107856326373,0.13034040140348005,0.06534296502546699,181,biotech/biotech_all,21,ols_winsorized_raw,tema_arındırılmış
droe,-0.003656527300560348,-0.2998970545671306,-0.0005668107856326395,0.13034040140348005,0.06534296502546699,181,biotech/biotech_all,21,ols_winsorized_raw,ham
droe,-0.00020328603804990674,-0.17633375862238462,-0.00020328603804990674,0.13733063408001578,0.07180420769170898,181,biotech/biotech_all,21,wls_sqrt_mcap,tema_arındırılmış
droe,-0.0002032860380499121,-0.1763337586223894,-0.0002032860380499121,0.1373306340800158,0.07180420769170899,181,biotech/biotech_all,21,wls_sqrt_mcap,ham
droe,0.002342481715994844,0.7209297674396333,0.002342481715994844,0.11872570130808256,0.05197514200279841,179,biotech/biotech_all,63,ols_rank_normal,tema_arındırılmış
droe,0.0023424817159948433,0.7209297674396331,0.0023424817159948433,0.11872570130808256,0.05197514200279841,179,biotech/biotech_all,63,ols_rank_normal,ham
droe,-0.007760564172347599,-0.32750802126064904,-0.001189421221298775,0.11981864859845778,0.053552443556779475,179,biotech/biotech_all,63,ols_winsorized_raw,tema_arındırılmış
droe,-0.007760564172347625,-0.32750802126065026,-0.0011894212212987792,0.11981864859845778,0.05355244355677947,179,biotech/biotech_all,63,ols_winsorized_raw,ham
droe,-0.0002660643800635468,-0.08567366951304371,-0.0002660643800635468,0.1306328569005732,0.064399932782114,179,biotech/biotech_all,63,wls_sqrt_mcap,tema_arındırılmış
droe,-0.00026606438006354806,-0.08567366951304414,-0.00026606438006354806,0.13063285690057322,0.06439993278211403,179,biotech/biotech_all,63,wls_sqrt_mcap,ham
droe,-2.5004724029306314e-05,-0.00423986064688503,-2.5004724029306314e-05,0.11658820273558029,0.049294376210128214,176,biotech/biotech_all,126,ols_rank_normal,tema_arındırılmış
droe,-2.5004724029307262e-05,-0.00423986064688519,-2.5004724029307262e-05,0.11658820273558028,0.049294376210128193,176,biotech/biotech_all,126,ols_rank_normal,ham
droe,-0.059713847047035945,-1.1895298319286816,-0.009012031028758583,0.11413707485044391,0.04682966839718777,176,biotech/biotech_all,126,ols_winsorized_raw,tema_arındırılmış
droe,-0.05971384704703597,-1.1895298319286818,-0.009012031028758586,0.11413707485044391,0.046829668397187725,176,biotech/biotech_all,126,ols_winsorized_raw,ham
droe,-0.004788705482953653,-0.8833314577781763,-0.004788705482953653,0.12737655244651827,0.060885861753445895,176,biotech/biotech_all,126,wls_sqrt_mcap,tema_arındırılmış
droe,-0.004788705482953665,-0.8833314577781792,-0.004788705482953665,0.12737655244651827,0.060885861753445875,176,biotech/biotech_all,126,wls_sqrt_mcap,ham
ear_3d,-0.002477158968448704,-1.8694360426371917,-0.002477158968448704,0.06846556566861156,0.037582285155997354,182,biotech/biotech_all,21,ols_rank_normal,tema_arındırılmış
ear_3d,-0.002477158968448703,-1.8694360426371908,-0.002477158968448703,0.06846556566861156,0.03758228515599733,182,biotech/biotech_all,21,ols_rank_normal,ham
ear_3d,-0.029373133650749957,-1.858958431895318,-0.0029084170388732062,0.06635321267696306,0.03547225244568341,182,biotech/biotech_all,21,ols_winsorized_raw,tema_arındırılmış
ear_3d,-0.02937313365074996,-1.858958431895318,-0.0029084170388732062,0.0663532126769631,0.03547225244568342,182,biotech/biotech_all,21,ols_winsorized_raw,ham
ear_3d,-0.0011863903538907707,-1.0196784631070994,-0.0011863903538907707,0.09479757542831951,0.06451929080037283,182,biotech/biotech_all,21,wls_sqrt_mcap,tema_arındırılmış
ear_3d,-0.0011863903538907679,-1.0196784631070972,-0.0011863903538907679,0.09479757542831951,0.06451929080037283,182,biotech/biotech_all,21,wls_sqrt_mcap,ham
ear_3d,-0.005698910381324532,-2.099876047923385,-0.005698910381324532,0.05925489149336593,0.027793753057317183,180,biotech/biotech_all,63,ols_rank_normal,tema_arındırılmış
ear_3d,-0.00569891038132453,-2.099876047923384,-0.00569891038132453,0.05925489149336593,0.027793753057317187,180,biotech/biotech_all,63,ols_rank_normal,ham
ear_3d,-0.07115575931216858,-2.131437216513138,-0.007031059987573112,0.058235646264539455,0.02669818574984714,180,biotech/biotech_all,63,ols_winsorized_raw,tema_arındırılmış
ear_3d,-0.07115575931216851,-2.1314372165131372,-0.007031059987573105,0.058235646264539434,0.02669818574984711,180,biotech/biotech_all,63,ols_winsorized_raw,ham
ear_3d,-0.003784749296129795,-1.570825864140956,-0.003784749296129795,0.08269574094752813,0.05169651934379767,180,biotech/biotech_all,63,wls_sqrt_mcap,tema_arındırılmış
ear_3d,-0.0037847492961298004,-1.570825864140958,-0.0037847492961298004,0.08269574094752812,0.05169651934379767,180,biotech/biotech_all,63,wls_sqrt_mcap,ham
ear_3d,-0.002699875457111449,-0.6000156530830049,-0.002699875457111449,0.054190931362162575,0.022481753608107207,177,biotech/biotech_all,126,ols_rank_normal,tema_arındırılmış
ear_3d,-0.0026998754571114477,-0.6000156530830048,-0.0026998754571114477,0.05419093136216259,0.022481753608107214,177,biotech/biotech_all,126,ols_rank_normal,ham
ear_3d,-0.0026719025545456077,-0.045742513367933266,-0.0002636924227951125,0.05387032055851815,0.022101883955868134,177,biotech/biotech_all,126,ols_winsorized_raw,tema_arındırılmış
ear_3d,-0.0026719025545455326,-0.045742513367931975,-0.0002636924227951051,0.05387032055851817,0.022101883955868148,177,biotech/biotech_all,126,ols_winsorized_raw,ham
ear_3d,-0.0014941480553061221,-0.3830527365500454,-0.0014941480553061221,0.077150478847971,0.0458901120656232,177,biotech/biotech_all,126,wls_sqrt_mcap,tema_arındırılmış
ear_3d,-0.0014941480553061326,-0.3830527365500482,-0.0014941480553061326,0.07715047884797097,0.0458901120656232,177,biotech/biotech_all,126,wls_sqrt_mcap,ham
gross_profitability,-0.001332040803613538,-0.976013523398102,-0.001332040803613538,0.12729568818764514,0.057351726516407096,182,biotech/biotech_all,21,ols_rank_normal,tema_arındırılmış
gross_profitability,-0.0013320408036135384,-0.9760135233981023,-0.0013320408036135384,0.12729568818764514,0.057351726516407096,182,biotech/biotech_all,21,ols_rank_normal,ham
gross_profitability,-0.008616392884610352,-1.1573959134057694,-0.001661307740080563,0.12578199222586336,0.05562071447622083,182,biotech/biotech_all,21,ols_winsorized_raw,tema_arındırılmış
gross_profitability,-0.008616392884610358,-1.15739591340577,-0.0016613077400805638,0.12578199222586336,0.05562071447622085,182,biotech/biotech_all,21,ols_winsorized_raw,ham
gross_profitability,-0.0005252289836687651,-0.4286354194618545,-0.0005252289836687651,0.14303328184086622,0.07388907583999045,182,biotech/biotech_all,21,wls_sqrt_mcap,tema_arındırılmış
gross_profitability,-0.0005252289836687705,-0.4286354194618588,-0.0005252289836687705,0.1430332818408662,0.07388907583999042,182,biotech/biotech_all,21,wls_sqrt_mcap,ham
gross_profitability,-0.0032419726102490133,-0.9317459839008135,-0.0032419726102490133,0.12347024804206844,0.05261216933458882,180,biotech/biotech_all,63,ols_rank_normal,tema_arındırılmış
gross_profitability,-0.003241972610249012,-0.9317459839008131,-0.003241972610249012,0.12347024804206844,0.052612169334588836,180,biotech/biotech_all,63,ols_rank_normal,ham
gross_profitability,-0.023706720772803953,-1.2792633262367372,-0.004552530185776497,0.12233634022431422,0.05135441412904081,180,biotech/biotech_all,63,ols_winsorized_raw,tema_arındırılmış
gross_profitability,-0.02370672077280396,-1.2792633262367377,-0.004552530185776498,0.12233634022431422,0.05135441412904083,180,biotech/biotech_all,63,ols_winsorized_raw,ham
gross_profitability,2.0883353928846042e-05,0.006358958263538113,2.0883353928846042e-05,0.130393060225245,0.059951732255057816,180,biotech/biotech_all,63,wls_sqrt_mcap,tema_arındırılmış
gross_profitability,2.0883353928832937e-05,0.006358958263534122,2.0883353928832937e-05,0.130393060225245,0.05995173225505784,180,biotech/biotech_all,63,wls_sqrt_mcap,ham
gross_profitability,-0.003960263739743039,-0.5223551342160712,-0.003960263739743039,0.12366904681573693,0.05261004734249862,177,biotech/biotech_all,126,ols_rank_normal,tema_arındırılmış
gross_profitability,-0.003960263739743037,-0.5223551342160709,-0.003960263739743037,0.12366904681573693,0.05261004734249863,177,biotech/biotech_all,126,ols_rank_normal,ham
gross_profitability,-0.03594760851649869,-0.8851154204355168,-0.006866676715645417,0.12177536328539076,0.050260453322199056,177,biotech/biotech_all,126,ols_winsorized_raw,tema_arındırılmış
gross_profitability,-0.035947608516498704,-0.8851154204355175,-0.006866676715645419,0.12177536328539076,0.050260453322199056,177,biotech/biotech_all,126,ols_winsorized_raw,ham
gross_profitability,0.0030669446049711915,0.43536250754630096,0.0030669446049711915,0.1318130146742024,0.061464807271619695,177,biotech/biotech_all,126,wls_sqrt_mcap,tema_arındırılmış
gross_profitability,0.0030669446049711854,0.4353625075463,0.0030669446049711854,0.13181301467420242,0.0614648072716197,177,biotech/biotech_all,126,wls_sqrt_mcap,ham
idio_vol_60d,0.00010034547431705466,0.050347278665849676,0.00010034547431705466,0.0668318760909345,0.039615737023090174,182,biotech/biotech_all,21,ols_rank_normal,tema_arındırılmış
idio_vol_60d,0.0001003454743170539,0.05034727866584929,0.0001003454743170539,0.0668318760909345,0.03961573702309019,182,biotech/biotech_all,21,ols_rank_normal,ham
idio_vol_60d,0.0011506190931972501,0.1866904361800659,0.00039960266054502285,0.06445554934055184,0.03713898748077873,182,biotech/biotech_all,21,ols_winsorized_raw,tema_arındırılmış
idio_vol_60d,0.0011506190931972525,0.18669043618006628,0.00039960266054502367,0.06445554934055184,0.03713898748077873,182,biotech/biotech_all,21,ols_winsorized_raw,ham
idio_vol_60d,0.0013413019654853282,0.708570621979739,0.0013413019654853282,0.10094978212736999,0.07446128545284071,182,biotech/biotech_all,21,wls_sqrt_mcap,tema_arındırılmış
idio_vol_60d,0.0013413019654853274,0.7085706219797383,0.0013413019654853274,0.10094978212736999,0.07446128545284073,182,biotech/biotech_all,21,wls_sqrt_mcap,ham
idio_vol_60d,-0.0011399550365346275,-0.2283558897303016,-0.0011399550365346275,0.05909351745656149,0.031318291757588684,180,biotech/biotech_all,63,ols_rank_normal,tema_arındırılmış
idio_vol_60d,-0.001139955036534628,-0.2283558897303017,-0.001139955036534628,0.05909351745656149,0.031318291757588684,180,biotech/biotech_all,63,ols_rank_normal,ham
idio_vol_60d,-0.007156789119777169,-0.3992042745960192,-0.002488136134376654,0.0594762712515031,0.031791392633329064,180,biotech/biotech_all,63,ols_winsorized_raw,tema_arındırılmış
idio_vol_60d,-0.007156789119777164,-0.39920427459601904,-0.0024881361343766523,0.05947627125150308,0.03179139263332906,180,biotech/biotech_all,63,ols_winsorized_raw,ham
idio_vol_60d,0.0032567786541974507,0.6059463041819374,0.0032567786541974507,0.09366449407301328,0.06669369483822571,180,biotech/biotech_all,63,wls_sqrt_mcap,tema_arındırılmış
idio_vol_60d,0.0032567786541974502,0.6059463041819374,0.0032567786541974502,0.09366449407301328,0.06669369483822571,180,biotech/biotech_all,63,wls_sqrt_mcap,ham
idio_vol_60d,0.009564279943807336,1.101004010969959,0.009564279943807336,0.06046987761029191,0.032743015213809394,177,biotech/biotech_all,126,ols_rank_normal,tema_arındırılmış
idio_vol_60d,0.009564279943807338,1.1010040109699593,0.009564279943807338,0.060469877610291906,0.03274301521380939,177,biotech/biotech_all,126,ols_rank_normal,ham
idio_vol_60d,0.0034085972870375003,0.10644237062330084,0.0011881138191938822,0.05639899687464091,0.028515921641905733,177,biotech/biotech_all,126,ols_winsorized_raw,tema_arındırılmış
idio_vol_60d,0.0034085972870375202,0.10644237062330145,0.0011881138191938891,0.05639899687464087,0.028515921641905716,177,biotech/biotech_all,126,ols_winsorized_raw,ham
idio_vol_60d,0.010754730116515178,1.0907624369190516,0.010754730116515178,0.08999222033578194,0.06284166360019207,177,biotech/biotech_all,126,wls_sqrt_mcap,tema_arındırılmış
idio_vol_60d,0.010754730116515175,1.0907624369190514,0.010754730116515175,0.08999222033578194,0.06284166360019208,177,biotech/biotech_all,126,wls_sqrt_mcap,ham
max_ret_21d,0.0006462716844627833,0.38583819247975715,0.0006462716844627833,0.06405853779350154,0.03666925897145029,182,biotech/biotech_all,21,ols_rank_normal,tema_arındırılmış
max_ret_21d,0.0006462716844627849,0.3858381924797581,0.0006462716844627849,0.06405853779350154,0.03666925897145028,182,biotech/biotech_all,21,ols_rank_normal,ham
max_ret_21d,0.01810342152739242,0.6379611854940896,0.0015909575072325314,0.06608738049812105,0.03878392607282896,182,biotech/biotech_all,21,ols_winsorized_raw,tema_arındırılmış
max_ret_21d,0.018103421527392412,0.6379611854940894,0.001590957507232531,0.06608738049812107,0.03878392607282894,182,biotech/biotech_all,21,ols_winsorized_raw,ham
max_ret_21d,0.0022644179261162387,1.489769096072045,0.0022644179261162387,0.09721556396624043,0.07055537063201432,182,biotech/biotech_all,21,wls_sqrt_mcap,tema_arındırılmış
max_ret_21d,0.0022644179261162387,1.4897690960720447,0.0022644179261162387,0.09721556396624043,0.07055537063201434,182,biotech/biotech_all,21,wls_sqrt_mcap,ham
max_ret_21d,-0.00037400681179482057,-0.09871264186227115,-0.00037400681179482057,0.05689846429380096,0.028938314243417106,180,biotech/biotech_all,63,ols_rank_normal,tema_arındırılmış
max_ret_21d,-0.00037400681179482003,-0.09871264186227101,-0.00037400681179482003,0.05689846429380096,0.028938314243417106,180,biotech/biotech_all,63,ols_rank_normal,ham
max_ret_21d,-0.024884063757243703,-0.4819873074914727,-0.00218317797196768,0.056209368554773834,0.028239697252572693,180,biotech/biotech_all,63,ols_winsorized_raw,tema_arındırılmış
max_ret_21d,-0.024884063757243686,-0.4819873074914726,-0.0021831779719676783,0.056209368554773834,0.028239697252572703,180,biotech/biotech_all,63,ols_winsorized_raw,ham
max_ret_21d,0.0032697586967401744,0.9024302855888843,0.0032697586967401744,0.08879124631459087,0.06158251733818962,180,biotech/biotech_all,63,wls_sqrt_mcap,tema_arındırılmış
max_ret_21d,0.0032697586967401857,0.9024302855888868,0.0032697586967401857,0.08879124631459089,0.061582517338189625,180,biotech/biotech_all,63,wls_sqrt_mcap,ham
max_ret_21d,0.003523915573150078,0.5664762079479185,0.003523915573150078,0.05559294446986264,0.02760145959960538,177,biotech/biotech_all,126,ols_rank_normal,tema_arındırılmış
max_ret_21d,0.00352391557315008,0.5664762079479189,0.00352391557315008,0.05559294446986264,0.027601459599605374,177,biotech/biotech_all,126,ols_rank_normal,ham
max_ret_21d,-0.08263591637357338,-0.7054904736944784,-0.007256786075040817,0.052940531920169204,0.024873865693136786,177,biotech/biotech_all,126,ols_winsorized_raw,tema_arındırılmış
max_ret_21d,-0.0826359163735734,-0.7054904736944781,-0.007256786075040818,0.052940531920169204,0.024873865693136783,177,biotech/biotech_all,126,ols_winsorized_raw,ham
max_ret_21d,0.006719845117752763,1.088305579475962,0.006719845117752763,0.08489786525164554,0.057572341013275116,177,biotech/biotech_all,126,wls_sqrt_mcap,tema_arındırılmış
max_ret_21d,0.006719845117752772,1.0883055794759624,0.006719845117752772,0.08489786525164554,0.057572341013275116,177,biotech/biotech_all,126,wls_sqrt_mcap,ham
mom_12_1,0.0018209437580943642,1.0439603662335901,0.0018209437580943642,0.06904286230910417,0.04177276507922798,182,biotech/biotech_all,21,ols_rank_normal,tema_arındırılmış
mom_12_1,0.0018209437580943627,1.0439603662335892,0.0018209437580943627,0.0690428623091042,0.041772765079228016,182,biotech/biotech_all,21,ols_rank_normal,ham
mom_12_1,0.0027514078928019946,1.098213633153107,0.002724587767311941,0.06516350832892946,0.03772698318891242,182,biotech/biotech_all,21,ols_winsorized_raw,tema_arındırılmış
mom_12_1,0.0027514078928019916,1.098213633153106,0.002724587767311938,0.06516350832892945,0.03772698318891243,182,biotech/biotech_all,21,ols_winsorized_raw,ham
mom_12_1,0.0015468486834644864,0.8619038834360554,0.0015468486834644864,0.10208131509131851,0.07556022293082829,182,biotech/biotech_all,21,wls_sqrt_mcap,tema_arındırılmış
mom_12_1,0.001546848683464481,0.8619038834360526,0.001546848683464481,0.10208131509131851,0.0755602229308283,182,biotech/biotech_all,21,wls_sqrt_mcap,ham
mom_12_1,0.007277622787121437,1.7234081049583123,0.007277622787121437,0.058921331626199606,0.031006540422734777,180,biotech/biotech_all,63,ols_rank_normal,tema_arındırılmış
mom_12_1,0.007277622787121436,1.723408104958312,0.007277622787121436,0.05892133162619962,0.0310065404227348,180,biotech/biotech_all,63,ols_rank_normal,ham
mom_12_1,0.010599028333518378,1.7938873254315864,0.010429977808089476,0.054289733419310024,0.02612808729943922,180,biotech/biotech_all,63,ols_winsorized_raw,tema_arındırılmış
mom_12_1,0.010599028333518383,1.793887325431587,0.01042997780808948,0.054289733419310045,0.02612808729943926,180,biotech/biotech_all,63,ols_winsorized_raw,ham
mom_12_1,0.0065580557985413955,1.4602700761785847,0.0065580557985413955,0.09002078765524908,0.06275293670288268,180,biotech/biotech_all,63,wls_sqrt_mcap,tema_arındırılmış
mom_12_1,0.006558055798541395,1.4602700761785847,0.006558055798541395,0.09002078765524908,0.06275293670288266,180,biotech/biotech_all,63,wls_sqrt_mcap,ham
mom_12_1,0.009757567405303938,1.377128749711516,0.009757567405303938,0.053327801442290754,0.025160879500144,177,biotech/biotech_all,126,ols_rank_normal,tema_arındırılmış
mom_12_1,0.00975756740530393,1.377128749711515,0.00975756740530393,0.05332780144229073,0.025160879500143982,177,biotech/biotech_all,126,ols_rank_normal,ham
mom_12_1,0.012630100886091167,1.4584616020138261,0.012208216274400153,0.0496844052577688,0.02130931073093515,177,biotech/biotech_all,126,ols_winsorized_raw,tema_arındırılmış
mom_12_1,0.012630100886091167,1.4584616020138261,0.012208216274400153,0.049684405257768814,0.021309310730935158,177,biotech/biotech_all,126,ols_winsorized_raw,ham
mom_12_1,0.007058926537043325,0.9427209953795257,0.007058926537043325,0.0801401268732975,0.05245446020176679,177,biotech/biotech_all,126,wls_sqrt_mcap,tema_arındırılmış
mom_12_1,0.00705892653704332,0.9427209953795247,0.00705892653704332,0.08014012687329748,0.05245446020176677,177,biotech/biotech_all,126,wls_sqrt_mcap,ham
share_issuance,0.0012495429111258817,0.7493896886460729,0.0012495429111258817,0.06820080914650725,0.03769013597116117,181,biotech/biotech_all,21,ols_rank_normal,tema_arındırılmış
share_issuance,0.001249542911125881,0.7493896886460725,0.001249542911125881,0.06820080914650725,0.03769013597116117,181,biotech/biotech_all,21,ols_rank_normal,ham
share_issuance,-0.004339432573301009,-0.41064898700231495,-0.0008301707137616376,0.06736628339257844,0.03690654576572212,181,biotech/biotech_all,21,ols_winsorized_raw,tema_arındırılmış
share_issuance,-0.004339432573301018,-0.4106489870023158,-0.0008301707137616392,0.0673662833925784,0.03690654576572211,181,biotech/biotech_all,21,ols_winsorized_raw,ham
share_issuance,0.0017493191945888984,1.1262658096339155,0.0017493191945888984,0.10221223294667495,0.07239886918582972,181,biotech/biotech_all,21,wls_sqrt_mcap,tema_arındırılmış
share_issuance,0.0017493191945888993,1.1262658096339162,0.0017493191945888993,0.10221223294667492,0.07239886918582972,181,biotech/biotech_all,21,wls_sqrt_mcap,ham
share_issuance,-0.0018408202121605835,-0.39478127396817875,-0.0018408202121605835,0.05886060580865164,0.02764734625706363,179,biotech/biotech_all,63,ols_rank_normal,tema_arındırılmış
share_issuance,-0.0018408202121605835,-0.39478127396817875,-0.0018408202121605835,0.05886060580865164,0.02764734625706363,179,biotech/biotech_all,63,ols_rank_normal,ham
share_issuance,-0.027220226559752946,-0.9202729297319849,-0.005172807663477881,0.05807369879384674,0.026876974966430257,179,biotech/biotech_all,63,ols_winsorized_raw,tema_arındırılmış
share_issuance,-0.027220226559752956,-0.920272929731985,-0.005172807663477883,0.058073698793846766,0.026876974966430288,179,biotech/biotech_all,63,ols_winsorized_raw,ham
share_issuance,0.0008950453846936774,0.1951627689693059,0.0008950453846936774,0.09352293060296457,0.06319471648969885,179,biotech/biotech_all,63,wls_sqrt_mcap,tema_arındırılmış
share_issuance,0.0008950453846936782,0.19516276896930612,0.0008950453846936782,0.09352293060296457,0.06319471648969885,179,biotech/biotech_all,63,wls_sqrt_mcap,ham
share_issuance,-0.00300952580267131,-0.3463060362783691,-0.00300952580267131,0.05695818529007737,0.025614657559014233,176,biotech/biotech_all,126,ols_rank_normal,tema_arındırılmış
share_issuance,-0.003009525802671309,-0.3463060362783689,-0.003009525802671309,0.056958185290077366,0.02561465755901423,176,biotech/biotech_all,126,ols_rank_normal,ham
share_issuance,-0.027363306021828092,-0.594879450356582,-0.005127499703261591,0.05261970881105753,0.02108918988191112,176,biotech/biotech_all,126,ols_winsorized_raw,tema_arındırılmış
share_issuance,-0.027363306021828106,-0.5948794503565823,-0.005127499703261594,0.05261970881105749,0.021089189881911094,176,biotech/biotech_all,126,ols_winsorized_raw,ham
share_issuance,0.0013549370715230423,0.16688845069615255,0.0013549370715230423,0.08625289232555727,0.05559093229090191,176,biotech/biotech_all,126,wls_sqrt_mcap,tema_arındırılmış
share_issuance,0.0013549370715230406,0.16688845069615238,0.0013549370715230406,0.08625289232555727,0.05559093229090192,176,biotech/biotech_all,126,wls_sqrt_mcap,ham
sue,-5.611001609238559e-05,-0.04721373659761772,-5.611001609238559e-05,0.10944472175354898,0.04609639665871913,178,biotech/biotech_all,21,ols_rank_normal,tema_arındırılmış
sue,-5.611001609238505e-05,-0.04721373659761726,-5.611001609238505e-05,0.10944472175354898,0.04609639665871913,178,biotech/biotech_all,21,ols_rank_normal,ham
sue,-0.00038933374262029296,-0.3534311597806276,-0.0004615133558163636,0.11206378689317877,0.048948481143316305,178,biotech/biotech_all,21,ols_winsorized_raw,tema_arındırılmış
sue,-0.00038933374262029296,-0.3534311597806276,-0.0004615133558163636,0.11206378689317877,0.04894848114331629,178,biotech/biotech_all,21,ols_winsorized_raw,ham
sue,-0.0004065616187776526,-0.34685302325011835,-0.0004065616187776526,0.12988840459575693,0.06732193304915418,178,biotech/biotech_all,21,wls_sqrt_mcap,tema_arındırılmış
sue,-0.0004065616187776546,-0.34685302325011996,-0.0004065616187776546,0.12988840459575693,0.06732193304915417,178,biotech/biotech_all,21,wls_sqrt_mcap,ham
sue,0.001269165588369311,0.48235044762800205,0.001269165588369311,0.10287508043960102,0.03847206996234074,176,biotech/biotech_all,63,ols_rank_normal,tema_arındırılmış
sue,0.0012691655883693117,0.4823504476280023,0.0012691655883693117,0.10287508043960102,0.03847206996234075,176,biotech/biotech_all,63,ols_rank_normal,ham
sue,0.00018067422686515622,0.07964779046513448,0.00021434821828379062,0.10148057189858278,0.036999287246908194,176,biotech/biotech_all,63,ols_winsorized_raw,tema_arındırılmış
sue,0.00018067422686515283,0.07964779046513297,0.0002143482182837866,0.10148057189858281,0.036999287246908194,176,biotech/biotech_all,63,ols_winsorized_raw,ham
sue,-1.2076173851385378e-05,-0.004345922796616593,-1.2076173851385378e-05,0.1217270548631006,0.058377422209795776,176,biotech/biotech_all,63,wls_sqrt_mcap,tema_arındırılmış
sue,-1.2076173851390108e-05,-0.004345922796618298,-1.2076173851390108e-05,0.1217270548631006,0.0583774222097958,176,biotech/biotech_all,63,wls_sqrt_mcap,ham
sue,0.0019014674485129301,0.39400729393923795,0.0019014674485129301,0.10495263092300089,0.04050854338301871,173,biotech/biotech_all,126,ols_rank_normal,tema_arındırılmış
sue,0.0019014674485129317,0.3940072939392383,0.0019014674485129317,0.10495263092300092,0.040508543383018715,173,biotech/biotech_all,126,ols_rank_normal,ham
sue,0.0005565942891297065,0.13592199471427885,0.0006611745329348924,0.10154889576761812,0.03671555692821588,173,biotech/biotech_all,126,ols_winsorized_raw,tema_arındırılmış
sue,0.0005565942891297075,0.1359219947142791,0.0006611745329348936,0.10154889576761812,0.03671555692821588,173,biotech/biotech_all,126,ols_winsorized_raw,ham
sue,-0.0021472721197720915,-0.4356775972375364,-0.0021472721197720915,0.12336138019763007,0.06015283363240288,173,biotech/biotech_all,126,wls_sqrt_mcap,tema_arındırılmış
sue,-0.0021472721197720868,-0.43567759723753535,-0.0021472721197720868,0.12336138019763006,0.06015283363240288,173,biotech/biotech_all,126,wls_sqrt_mcap,ham
sue_announce,0.0007849047186265714,0.46873512378737403,0.0007849047186265714,0.11953192507777288,0.05081959703395791,182,biotech/biotech_all,21,ols_rank_normal,tema_arındırılmış
sue_announce,0.000784904718626568,0.4687351237873719,0.000784904718626568,0.11953192507777288,0.05081959703395791,182,biotech/biotech_all,21,ols_rank_normal,ham
sue_announce,0.0007384987465840044,0.622913804284966,0.0010999124233673945,0.11408067921542038,0.04489550923308865,182,biotech/biotech_all,21,ols_winsorized_raw,tema_arındırılmış
sue_announce,0.0007384987465840044,0.622913804284966,0.0010999124233673945,0.11408067921542037,0.04489550923308865,182,biotech/biotech_all,21,ols_winsorized_raw,ham
sue_announce,0.0006241012682507112,0.5194220068683674,0.0006241012682507112,0.14402501286378797,0.07677993379274116,182,biotech/biotech_all,21,wls_sqrt_mcap,tema_arındırılmış
sue_announce,0.0006241012682507024,0.51942200686836,0.0006241012682507024,0.14402501286378797,0.07677993379274116,182,biotech/biotech_all,21,wls_sqrt_mcap,ham
sue_announce,0.005140066907019991,1.2298736283241394,0.005140066907019991,0.1076425134437906,0.037497063518259585,180,biotech/biotech_all,63,ols_rank_normal,tema_arındırılmış
sue_announce,0.005140066907019982,1.2298736283241372,0.005140066907019982,0.1076425134437906,0.03749706351825958,180,biotech/biotech_all,63,ols_rank_normal,ham
sue_announce,0.004340629858129702,1.4347537041411191,0.006467490141780938,0.10376822197005882,0.03330213922708138,180,biotech/biotech_all,63,ols_winsorized_raw,tema_arındırılmış
sue_announce,0.004340629858129701,1.4347537041411187,0.006467490141780936,0.10376822197005882,0.03330213922708138,180,biotech/biotech_all,63,ols_winsorized_raw,ham
sue_announce,0.003591049774886954,1.2240634249885642,0.003591049774886954,0.13321327282437748,0.0643934712346906,180,biotech/biotech_all,63,wls_sqrt_mcap,tema_arındırılmış
sue_announce,0.0035910497748869305,1.224063424988557,0.0035910497748869305,0.13321327282437748,0.06439347123469058,180,biotech/biotech_all,63,wls_sqrt_mcap,ham
sue_announce,0.01001617130376525,1.276777898378888,0.01001617130376525,0.11628740447816927,0.046829127890907166,177,biotech/biotech_all,126,ols_rank_normal,tema_arındırılmış
sue_announce,0.010016171303765227,1.2767778983788851,0.010016171303765227,0.11628740447816924,0.04682912789090715,177,biotech/biotech_all,126,ols_rank_normal,ham
sue_announce,0.009430786618246288,1.8562357608630602,0.014070374559342595,0.11006616146865578,0.03969208103171793,177,biotech/biotech_all,126,ols_winsorized_raw,tema_arındırılmış
sue_announce,0.009430786618246275,1.8562357608630584,0.014070374559342578,0.11006616146865578,0.0396920810317179,177,biotech/biotech_all,126,ols_winsorized_raw,ham
sue_announce,0.004868199692274592,0.7308302772583293,0.004868199692274592,0.14373880750884496,0.0757184208892348,177,biotech/biotech_all,126,wls_sqrt_mcap,tema_arındırılmış
sue_announce,0.004868199692274579,0.7308302772583274,0.004868199692274579,0.14373880750884496,0.07571842088923482,177,biotech/biotech_all,126,wls_sqrt_mcap,ham
asset_growth,-0.0021643435826890116,-0.7066574650541901,-0.0021643435826890116,0.4474989612943821,0.15782648056367546,165,biotech/biotech_all,21,ols_rank_normal_all,tema_arındırılmış
capex_at,0.003195764863260319,1.5191544843651503,0.003195764863260319,0.4474989612943821,0.15782648056367546,165,biotech/biotech_all,21,ols_rank_normal_all,tema_arındırılmış
cash_runway_years,-0.0032279230131965005,-0.7908763852656328,-0.0032279230131965005,0.4474989612943821,0.15782648056367546,165,biotech/biotech_all,21,ols_rank_normal_all,tema_arındırılmış
cop_at,0.0006941646691754066,0.17408043651688712,0.0006941646691754066,0.4474989612943821,0.15782648056367546,165,biotech/biotech_all,21,ols_rank_normal_all,tema_arındırılmış
dist_52w_high,0.005294971035423327,1.6505329570985743,0.005294971035423327,0.4474989612943821,0.15782648056367546,165,biotech/biotech_all,21,ols_rank_normal_all,tema_arındırılmış
droe,0.001883451321534858,0.6729322230668185,0.001883451321534858,0.4474989612943821,0.15782648056367546,165,biotech/biotech_all,21,ols_rank_normal_all,tema_arındırılmış
ear_3d,-0.00033375642867542924,-0.16322584668087553,-0.00033375642867542924,0.4474989612943821,0.15782648056367546,165,biotech/biotech_all,21,ols_rank_normal_all,tema_arındırılmış
ebit_ev,-0.0026567302471643263,-0.618409146532072,-0.0026567302471643263,0.4474989612943821,0.15782648056367546,165,biotech/biotech_all,21,ols_rank_normal_all,tema_arındırılmış
gross_profitability,0.0019168594427665703,0.7681982843901314,0.0019168594427665703,0.4474989612943821,0.15782648056367546,165,biotech/biotech_all,21,ols_rank_normal_all,tema_arındırılmış
idio_vol_60d,-0.002292844107683526,-0.6469590603895969,-0.002292844107683526,0.4474989612943821,0.15782648056367546,165,biotech/biotech_all,21,ols_rank_normal_all,tema_arındırılmış
max_ret_21d,0.0026395658715965423,1.0462660474531214,0.0026395658715965423,0.4474989612943821,0.15782648056367546,165,biotech/biotech_all,21,ols_rank_normal_all,tema_arındırılmış
mom_12_1,0.0019939282253462415,0.6633135959298746,0.0019939282253462415,0.4474989612943821,0.15782648056367546,165,biotech/biotech_all,21,ols_rank_normal_all,tema_arındırılmış
ocf_ev,0.0023936245160409817,0.5465934795454198,0.0023936245160409817,0.4474989612943821,0.15782648056367546,165,biotech/biotech_all,21,ols_rank_normal_all,tema_arındırılmış
share_issuance,0.004007325301407937,1.6012545996048553,0.004007325301407937,0.4474989612943821,0.15782648056367546,165,biotech/biotech_all,21,ols_rank_normal_all,tema_arındırılmış
sue,-0.0014597171024355784,-0.5291445590180368,-0.0014597171024355784,0.4474989612943821,0.15782648056367546,165,biotech/biotech_all,21,ols_rank_normal_all,tema_arındırılmış
asset_growth,-0.0067280040351334865,-0.959062625724446,-0.0067280040351334865,0.4359404183542282,0.1366344727482867,163,biotech/biotech_all,63,ols_rank_normal_all,tema_arındırılmış
capex_at,0.00971626802802614,1.982618379102204,0.00971626802802614,0.4359404183542282,0.1366344727482867,163,biotech/biotech_all,63,ols_rank_normal_all,tema_arındırılmış
cash_runway_years,-0.0022244507799906196,-0.2314390282331741,-0.0022244507799906196,0.4359404183542282,0.1366344727482867,163,biotech/biotech_all,63,ols_rank_normal_all,tema_arındırılmış
cop_at,-0.0018798597904619832,-0.16253647946316166,-0.0018798597904619832,0.4359404183542282,0.1366344727482867,163,biotech/biotech_all,63,ols_rank_normal_all,tema_arındırılmış
dist_52w_high,0.004274977887557347,0.5903524276378938,0.004274977887557347,0.4359404183542282,0.1366344727482867,163,biotech/biotech_all,63,ols_rank_normal_all,tema_arındırılmış
droe,0.0029483295535960193,0.451840912206659,0.0029483295535960193,0.4359404183542282,0.1366344727482867,163,biotech/biotech_all,63,ols_rank_normal_all,tema_arındırılmış
ear_3d,0.004046332767727225,0.8412865836254826,0.004046332767727225,0.4359404183542282,0.1366344727482867,163,biotech/biotech_all,63,ols_rank_normal_all,tema_arındırılmış
ebit_ev,-0.005261048035190041,-0.5402052683584501,-0.005261048035190041,0.4359404183542282,0.1366344727482867,163,biotech/biotech_all,63,ols_rank_normal_all,tema_arındırılmış
gross_profitability,0.004182088486857013,0.5239318348165053,0.004182088486857013,0.4359404183542282,0.1366344727482867,163,biotech/biotech_all,63,ols_rank_normal_all,tema_arındırılmış
idio_vol_60d,0.005213578344181392,0.8128331286450197,0.005213578344181392,0.4359404183542282,0.1366344727482867,163,biotech/biotech_all,63,ols_rank_normal_all,tema_arındırılmış
max_ret_21d,0.003693238206983733,0.6739778155210927,0.003693238206983733,0.4359404183542282,0.1366344727482867,163,biotech/biotech_all,63,ols_rank_normal_all,tema_arındırılmış
mom_12_1,0.00275998671824926,0.42079737795836947,0.00275998671824926,0.4359404183542282,0.1366344727482867,163,biotech/biotech_all,63,ols_rank_normal_all,tema_arındırılmış
ocf_ev,0.005242695381042642,0.49568984360781065,0.005242695381042642,0.4359404183542282,0.1366344727482867,163,biotech/biotech_all,63,ols_rank_normal_all,tema_arındırılmış
share_issuance,0.002792817773362483,0.47709376907457446,0.002792817773362483,0.4359404183542282,0.1366344727482867,163,biotech/biotech_all,63,ols_rank_normal_all,tema_arındırılmış
sue,-0.0012084558194261968,-0.1979758146986844,-0.0012084558194261968,0.4359404183542282,0.1366344727482867,163,biotech/biotech_all,63,ols_rank_normal_all,tema_arındırılmış
asset_growth,-0.019330974294974178,-1.6626526914087367,-0.019330974294974178,0.4258564160010055,0.11627418624389955,160,biotech/biotech_all,126,ols_rank_normal_all,tema_arındırılmış
capex_at,0.014374968729252795,1.6110382188945425,0.014374968729252795,0.4258564160010055,0.11627418624389955,160,biotech/biotech_all,126,ols_rank_normal_all,tema_arındırılmış
cash_runway_years,-0.008494511603081603,-0.4362619777729073,-0.008494511603081603,0.4258564160010055,0.11627418624389955,160,biotech/biotech_all,126,ols_rank_normal_all,tema_arındırılmış
cop_at,0.0007835634108724288,0.036356442935088676,0.0007835634108724288,0.4258564160010055,0.11627418624389955,160,biotech/biotech_all,126,ols_rank_normal_all,tema_arındırılmış
dist_52w_high,0.0007523303001291976,0.054829946630300073,0.0007523303001291976,0.4258564160010055,0.11627418624389955,160,biotech/biotech_all,126,ols_rank_normal_all,tema_arındırılmış
droe,0.015684410468725346,0.8774455670915065,0.015684410468725346,0.4258564160010055,0.11627418624389955,160,biotech/biotech_all,126,ols_rank_normal_all,tema_arındırılmış
ear_3d,-0.0002810411836403369,-0.0304934283029317,-0.0002810411836403369,0.4258564160010055,0.11627418624389955,160,biotech/biotech_all,126,ols_rank_normal_all,tema_arındırılmış
ebit_ev,-0.027052896393277757,-1.5933942417389015,-0.027052896393277757,0.4258564160010055,0.11627418624389955,160,biotech/biotech_all,126,ols_rank_normal_all,tema_arındırılmış
gross_profitability,0.008987379660899497,0.5027342546172148,0.008987379660899497,0.4258564160010055,0.11627418624389955,160,biotech/biotech_all,126,ols_rank_normal_all,tema_arındırılmış
idio_vol_60d,0.035065295202186944,2.732627025693177,0.035065295202186944,0.4258564160010055,0.11627418624389955,160,biotech/biotech_all,126,ols_rank_normal_all,tema_arındırılmış
max_ret_21d,0.003617947634631434,0.5518517825206835,0.003617947634631434,0.4258564160010055,0.11627418624389955,160,biotech/biotech_all,126,ols_rank_normal_all,tema_arındırılmış
mom_12_1,0.009318074187485658,0.945318803582747,0.009318074187485658,0.4258564160010055,0.11627418624389955,160,biotech/biotech_all,126,ols_rank_normal_all,tema_arındırılmış
ocf_ev,0.03550919452328673,1.8776661470130513,0.03550919452328673,0.4258564160010055,0.11627418624389955,160,biotech/biotech_all,126,ols_rank_normal_all,tema_arındırılmış
share_issuance,-0.0014065350553438805,-0.123412421042336,-0.0014065350553438805,0.4258564160010055,0.11627418624389955,160,biotech/biotech_all,126,ols_rank_normal_all,tema_arındırılmış
sue,-0.00829542237715691,-0.7295150549654227,-0.00829542237715691,0.4258564160010055,0.11627418624389955,160,biotech/biotech_all,126,ols_rank_normal_all,tema_arındırılmış
asset_growth,0.002645811826332388,2.0788866211234005,0.002645811826332388,0.1783056675715485,0.15956495860781117,182,energy,21,ols_rank_normal,tema_arındırılmış
asset_growth,0.0026458118263323876,2.0788866211234005,0.0026458118263323876,0.17830566757154853,0.1595649586078112,182,energy,21,ols_rank_normal,ham
asset_growth,0.006100047234859288,1.4638191304697736,0.0020773564324989293,0.1855214333964704,0.16694908392247593,182,energy,21,ols_winsorized_raw,tema_arındırılmış
asset_growth,0.006100047234859286,1.4638191304697732,0.0020773564324989284,0.1855214333964704,0.16694908392247593,182,energy,21,ols_winsorized_raw,ham
asset_growth,0.002021171727368175,1.5958941103940418,0.002021171727368175,0.20485783516472827,0.18689052890062882,182,energy,21,wls_sqrt_mcap,tema_arındırılmış
asset_growth,0.0020211717273681705,1.5958941103940385,0.0020211717273681705,0.20485783516472827,0.18689052890062888,182,energy,21,wls_sqrt_mcap,ham
asset_growth,0.005975304472216164,1.956527874221394,0.005975304472216164,0.1579517695031209,0.13859717663047166,180,energy,63,ols_rank_normal,tema_arındırılmış
asset_growth,0.005975304472216167,1.9565278742213952,0.005975304472216167,0.1579517695031209,0.13859717663047166,180,energy,63,ols_rank_normal,ham
asset_growth,0.014350008172659991,1.3378906628912943,0.00486209385819954,0.16395029499635774,0.14473892443984435,180,energy,63,ols_winsorized_raw,tema_arındırılmış
asset_growth,0.014350008172660007,1.3378906628912954,0.004862093858199545,0.16395029499635777,0.1447389244398444,180,energy,63,ols_winsorized_raw,ham
asset_growth,0.005480154856851729,1.693441081950588,0.005480154856851729,0.18629148755118155,0.1677463961994442,180,energy,63,wls_sqrt_mcap,tema_arındırılmış
asset_growth,0.005480154856851734,1.69344108195059,0.005480154856851734,0.18629148755118158,0.1677463961994442,180,energy,63,wls_sqrt_mcap,ham
asset_growth,0.011371937783167406,1.7610613595621862,0.011371937783167406,0.15588609508406318,0.13645623526294814,177,energy,126,ols_rank_normal,tema_arındırılmış
asset_growth,0.011371937783167415,1.7610613595621876,0.011371937783167415,0.15588609508406318,0.13645623526294817,177,energy,126,ols_rank_normal,ham
asset_growth,0.028588445955069625,1.2667422033597873,0.009635465659752408,0.15879410277306902,0.13943640505987642,177,energy,126,ols_winsorized_raw,tema_arındırılmış
asset_growth,0.02858844595506963,1.2667422033597875,0.009635465659752412,0.15879410277306902,0.13943640505987642,177,energy,126,ols_winsorized_raw,ham
asset_growth,0.010115641506801804,1.557276638931995,0.010115641506801804,0.18571940277888008,0.16715364379170541,177,energy,126,wls_sqrt_mcap,tema_arındırılmış
asset_growth,0.010115641506801809,1.5572766389319956,0.010115641506801809,0.18571940277888013,0.16715364379170541,177,energy,126,wls_sqrt_mcap,ham
capex_at,0.0012984882583557845,0.9279069221922335,0.0012984882583557845,0.1815004346323413,0.16154336770661243,182,energy,21,ols_rank_normal,tema_arındırılmış
capex_at,0.0012984882583557853,0.9279069221922338,0.0012984882583557853,0.1815004346323413,0.16154336770661243,182,energy,21,ols_rank_normal,ham
capex_at,0.008273547546946562,0.31785685270486486,0.0005343582500564533,0.1903728585488604,0.17064071848363882,182,energy,21,ols_winsorized_raw,tema_arındırılmış
capex_at,0.00827354754694654,0.317856852704864,0.0005343582500564518,0.1903728585488604,0.17064071848363882,182,energy,21,ols_winsorized_raw,ham
capex_at,0.0014045191889048411,1.1681018450296463,0.0014045191889048411,0.2032565870452778,0.18396859171799956,182,energy,21,wls_sqrt_mcap,tema_arındırılmış
capex_at,0.0014045191889048426,1.1681018450296476,0.0014045191889048426,0.2032565870452778,0.18396859171799956,182,energy,21,wls_sqrt_mcap,ham
capex_at,0.005787950855676659,1.4662314938545422,0.005787950855676659,0.1613734438195365,0.14076377778964894,180,energy,63,ols_rank_normal,tema_arındırılmış
capex_at,0.005787950855676659,1.4662314938545422,0.005787950855676659,0.1613734438195365,0.14076377778964888,180,energy,63,ols_rank_normal,ham
capex_at,0.06801987829608314,0.9195087425836362,0.004400502322220804,0.1681981712042955,0.1477607918084556,180,energy,63,ols_winsorized_raw,tema_arındırılmış
capex_at,0.06801987829608312,0.919508742583636,0.004400502322220803,0.1681981712042955,0.1477607918084556,180,energy,63,ols_winsorized_raw,ham
capex_at,0.005027496241602335,1.493036001677503,0.005027496241602335,0.18336281085515121,0.16343623712753916,180,energy,63,wls_sqrt_mcap,tema_arındırılmış
capex_at,0.005027496241602328,1.4930360016775006,0.005027496241602328,0.1833628108551513,0.16343623712753916,180,energy,63,wls_sqrt_mcap,ham
capex_at,0.011884814692296328,1.4353836080170352,0.011884814692296328,0.15923555543162032,0.1385649579455769,177,energy,126,ols_rank_normal,tema_arındırılmış
capex_at,0.011884814692296327,1.435383608017035,0.011884814692296327,0.15923555543162032,0.13856495794557694,177,energy,126,ols_rank_normal,ham
capex_at,0.17554942624723785,1.1231404515123273,0.01137817021046348,0.16335573505681023,0.14279823125514654,177,energy,126,ols_winsorized_raw,tema_arındırılmış
capex_at,0.17554942624723782,1.123140451512327,0.011378170210463478,0.16335573505681023,0.1427982312551466,177,energy,126,ols_winsorized_raw,ham
capex_at,0.00904972855527441,1.3385482251625036,0.00904972855527441,0.18243836379391032,0.16253387116682153,177,energy,126,wls_sqrt_mcap,tema_arındırılmış
capex_at,0.009049728555274396,1.3385482251625012,0.009049728555274396,0.18243836379391032,0.1625338711668215,177,energy,126,wls_sqrt_mcap,ham
cash_runway_years,-0.012920659336636397,-0.7910359400626608,-0.012920659336636397,0.29591848137071197,0.1110595053328652,9,energy,21,ols_rank_normal,tema_arındırılmış
cash_runway_years,-0.012920659336636388,-0.79103594006266,-0.012920659336636388,0.2959184813707119,0.11105950533286515,9,energy,21,ols_rank_normal,ham
cash_runway_years,-0.007583789957710019,-1.1274894034838407,-0.01978661220998258,0.29801404274859716,0.11392649472047706,9,energy,21,ols_winsorized_raw,tema_arındırılmış
cash_runway_years,-0.007583789957710022,-1.1274894034838412,-0.019786612209982585,0.29801404274859705,0.11392649472047693,9,energy,21,ols_winsorized_raw,ham
cash_runway_years,-0.026309490640275417,-1.5146327361716598,-0.026309490640275417,0.4326588295240065,0.28380826668236375,9,energy,21,wls_sqrt_mcap,tema_arındırılmış
cash_runway_years,-0.02630949064027541,-1.5146327361716594,-0.02630949064027541,0.4326588295240066,0.2838082666823638,9,energy,21,wls_sqrt_mcap,ham
cash_runway_years,-0.0351411039848258,-1.6378006885670482,-0.0351411039848258,0.2898564661371649,0.10536105751340662,8,energy,63,ols_rank_normal,tema_arındırılmış
cash_runway_years,-0.0351411039848258,-1.6378006885670486,-0.0351411039848258,0.28985646613716487,0.10536105751340655,8,energy,63,ols_rank_normal,ham
cash_runway_years,-0.023148652428853268,-2.7171345622569363,-0.05712738276525722,0.32764147092584334,0.15328232376413975,8,energy,63,ols_winsorized_raw,tema_arındırılmış
cash_runway_years,-0.023148652428853243,-2.7171345622569407,-0.05712738276525716,0.32764147092584345,0.15328232376413992,8,energy,63,ols_winsorized_raw,ham
cash_runway_years,-0.062444011573554795,-2.76467736696529,-0.062444011573554795,0.4953957807634952,0.3643447588247198,8,energy,63,wls_sqrt_mcap,tema_arındırılmış
cash_runway_years,-0.06244401157355481,-2.7646773669652904,-0.06244401157355481,0.49539578076349516,0.3643447588247197,8,energy,63,wls_sqrt_mcap,ham
cash_runway_years,-0.10309307532925768,-10.59055638773104,-0.10309307532925768,0.2897114572254776,0.10408602096918955,7,energy,126,ols_rank_normal,tema_arındırılmış
cash_runway_years,-0.10309307532925768,-10.590556387731043,-0.10309307532925768,0.28971145722547764,0.10408602096918963,7,energy,126,ols_rank_normal,ham
cash_runway_years,-0.06171153998222588,-3.465067814652115,-0.13835448115105942,0.3197932662307835,0.14261687393482692,7,energy,126,ols_winsorized_raw,tema_arındırılmış
cash_runway_years,-0.06171153998222588,-3.4650678146521168,-0.13835448115105942,0.31979326623078336,0.14261687393482678,7,energy,126,ols_winsorized_raw,ham
cash_runway_years,-0.13018563442698333,-11.832161108456837,-0.13018563442698333,0.5358910951989146,0.4148431502433443,7,energy,126,wls_sqrt_mcap,tema_arındırılmış
cash_runway_years,-0.13018563442698336,-11.832161108456837,-0.13018563442698336,0.5358910951989146,0.41484315024334434,7,energy,126,wls_sqrt_mcap,ham
cop_at,-1.7746684767238537e-05,-0.012977577765366151,-1.7746684767238537e-05,0.1935540101851994,0.17416461427900856,182,energy,21,ols_rank_normal,tema_arındırılmış
cop_at,-1.774668476723846e-05,-0.012977577765366094,-1.774668476723846e-05,0.1935540101851994,0.17416461427900856,182,energy,21,ols_rank_normal,ham
cop_at,0.0009120520087129969,0.04372755796454171,5.7511423873480225e-05,0.19742426087201337,0.17814496070957558,182,energy,21,ols_winsorized_raw,tema_arındırılmış
cop_at,0.0009120520087129951,0.04372755796454163,5.751142387348011e-05,0.19742426087201337,0.17814496070957556,182,energy,21,ols_winsorized_raw,ham
cop_at,0.0004730750164079392,0.3383637625676031,0.0004730750164079392,0.2209259568783875,0.20231155069724413,182,energy,21,wls_sqrt_mcap,tema_arındırılmış
cop_at,0.00047307501640794254,0.3383637625676054,0.00047307501640794254,0.2209259568783875,0.20231155069724413,182,energy,21,wls_sqrt_mcap,ham
cop_at,-0.0026623871185628496,-0.7415601768364165,-0.0026623871185628496,0.17735883283704912,0.15742786171010875,180,energy,63,ols_rank_normal,tema_arındırılmış
cop_at,-0.0026623871185628527,-0.7415601768364175,-0.0026623871185628527,0.17735883283704912,0.15742786171010875,180,energy,63,ols_rank_normal,ham
cop_at,-0.046456566713650775,-0.8861826968336682,-0.0029281718547924302,0.181904964410175,0.1620978961219498,180,energy,63,ols_winsorized_raw,tema_arındırılmış
cop_at,-0.046456566713650796,-0.8861826968336687,-0.0029281718547924315,0.18190496441017506,0.16209789612194975,180,energy,63,ols_winsorized_raw,ham
cop_at,-0.0014443015814673253,-0.3990513684926516,-0.0014443015814673253,0.20885774577219698,0.18980284790786195,180,energy,63,wls_sqrt_mcap,tema_arındırılmış
cop_at,-0.001444301581467327,-0.39905136849265205,-0.001444301581467327,0.208857745772197,0.18980284790786195,180,energy,63,wls_sqrt_mcap,ham
cop_at,-0.0068524986293774575,-0.997235597016148,-0.0068524986293774575,0.17150736833845098,0.15141236255929125,177,energy,126,ols_rank_normal,tema_arındırılmış
cop_at,-0.0068524986293774575,-0.9972355970161481,-0.0068524986293774575,0.17150736833845096,0.15141236255929125,177,energy,126,ols_rank_normal,ham
cop_at,-0.1316557489830916,-1.3572661352112336,-0.008310888485378337,0.17436650963918884,0.15434621413267471,177,energy,126,ols_winsorized_raw,tema_arındırılmış
cop_at,-0.13165574898309154,-1.3572661352112332,-0.008310888485378334,0.17436650963918884,0.15434621413267471,177,energy,126,ols_winsorized_raw,ham
cop_at,-0.004773346454267761,-0.7297909136175066,-0.004773346454267761,0.20745552158547065,0.18836808653346881,177,energy,126,wls_sqrt_mcap,tema_arındırılmış
cop_at,-0.004773346454267761,-0.7297909136175066,-0.004773346454267761,0.20745552158547062,0.1883680865334688,177,energy,126,wls_sqrt_mcap,ham
dist_52w_high,0.0015697601937810957,0.6064715916684217,0.0015697601937810957,0.1928131497516675,0.17485213566075553,182,energy,21,ols_rank_normal,tema_arındırılmış
dist_52w_high,0.0015697601937810961,0.6064715916684219,0.0015697601937810961,0.1928131497516675,0.17485213566075553,182,energy,21,ols_rank_normal,ham
dist_52w_high,0.015031965825433575,0.9966892505783534,0.0023809414730957025,0.2067341776437202,0.18907190201137983,182,energy,21,ols_winsorized_raw,tema_arındırılmış
dist_52w_high,0.01503196582543358,0.996689250578354,0.0023809414730957034,0.2067341776437202,0.18907190201137983,182,energy,21,ols_winsorized_raw,ham
dist_52w_high,0.0014818221088816754,0.7102181181873419,0.0014818221088816754,0.22128344622775634,0.20405269663222958,182,energy,21,wls_sqrt_mcap,tema_arındırılmış
dist_52w_high,0.001481822108881675,0.7102181181873424,0.001481822108881675,0.22128344622775634,0.20405269663222958,182,energy,21,wls_sqrt_mcap,ham
dist_52w_high,0.0013982995478741514,0.2511495276911234,0.0013982995478741514,0.173295753462244,0.15485532570440888,180,energy,63,ols_rank_normal,tema_arındırılmış
dist_52w_high,0.0013982995478741516,0.2511495276911234,0.0013982995478741516,0.173295753462244,0.1548553257044089,180,energy,63,ols_rank_normal,ham
dist_52w_high,0.01902925313174521,0.5492153844364721,0.0030078610168523165,0.1868434027868258,0.1686956640032662,180,energy,63,ols_winsorized_raw,tema_arındırılmış
dist_52w_high,0.019029253131745222,0.5492153844364724,0.0030078610168523183,0.1868434027868258,0.16869566400326616,180,energy,63,ols_winsorized_raw,ham
dist_52w_high,0.0032350958724754724,0.7038003358290064,0.0032350958724754724,0.20024374363469935,0.18247163798693145,180,energy,63,wls_sqrt_mcap,tema_arındırılmış
dist_52w_high,0.003235095872475473,0.7038003358290066,0.003235095872475473,0.20024374363469935,0.18247163798693145,180,energy,63,wls_sqrt_mcap,ham
dist_52w_high,0.0002120508352585579,0.021619751380037997,0.0002120508352585579,0.16012355086554544,0.14129641920844055,177,energy,126,ols_rank_normal,tema_arındırılmış
dist_52w_high,0.0002120508352585565,0.02161975138003785,0.0002120508352585565,0.16012355086554544,0.14129641920844055,177,energy,126,ols_rank_normal,ham
dist_52w_high,0.026472542045077208,0.43298548004151544,0.0041934023217266945,0.16962420939133052,0.15099754520786868,177,energy,126,ols_winsorized_raw,tema_arındırılmış
dist_52w_high,0.026472542045077208,0.43298548004151544,0.0041934023217266945,0.16962420939133052,0.15099754520786865,177,energy,126,ols_winsorized_raw,ham
dist_52w_high,0.0030143019413243614,0.36618889126856713,0.0030143019413243614,0.18824278012539236,0.17014142227258838,177,energy,126,wls_sqrt_mcap,tema_arındırılmış
dist_52w_high,0.0030143019413243627,0.36618889126856724,0.0030143019413243627,0.18824278012539236,0.17014142227258838,177,energy,126,wls_sqrt_mcap,ham
ear_3d,0.0008663603044317736,0.7275357900676412,0.0008663603044317736,0.17902901848104089,0.15873639938155804,182,energy,21,ols_rank_normal,tema_arındırılmış
ear_3d,0.0008663603044317728,0.7275357900676406,0.0008663603044317728,0.17902901848104089,0.158736399381558,182,energy,21,ols_rank_normal,ham
ear_3d,0.015231314277718287,0.800728378321078,0.0010052698604938268,0.18807848313300657,0.16798639268223914,182,energy,21,ols_winsorized_raw,tema_arındırılmış
ear_3d,0.015231314277718294,0.8007283783210783,0.0010052698604938273,0.18807848313300657,0.16798639268223914,182,energy,21,ols_winsorized_raw,ham
ear_3d,0.0003947581386078938,0.34168800502333097,0.0003947581386078938,0.2025036714993547,0.18288880926086987,182,energy,21,wls_sqrt_mcap,tema_arındırılmış
ear_3d,0.0003947581386078905,0.3416880050233282,0.0003947581386078905,0.2025036714993547,0.18288880926086992,182,energy,21,wls_sqrt_mcap,ham
ear_3d,0.001962285910350244,0.7612715582633389,0.001962285910350244,0.1607998914364376,0.14008405663237128,180,energy,63,ols_rank_normal,tema_arındırılmış
ear_3d,0.0019622859103502433,0.7612715582633387,0.0019622859103502433,0.1607998914364376,0.14008405663237128,180,energy,63,ols_rank_normal,ham
ear_3d,0.030382588113680994,0.6643324291015961,0.0020001140010769344,0.16972567338736405,0.14922960376680083,180,energy,63,ols_winsorized_raw,tema_arındırılmış
ear_3d,0.03038258811368102,0.6643324291015966,0.002000114001076936,0.16972567338736405,0.14922960376680083,180,energy,63,ols_winsorized_raw,ham
ear_3d,0.0020456646577523257,0.8399866654695274,0.0020456646577523257,0.18557705977271144,0.16555760228252003,180,energy,63,wls_sqrt_mcap,tema_arındırılmış
ear_3d,0.0020456646577523218,0.8399866654695259,0.0020456646577523218,0.18557705977271147,0.16555760228252003,180,energy,63,wls_sqrt_mcap,ham
ear_3d,0.004645792284149955,1.0925368245415725,0.004645792284149955,0.1529547400992552,0.13190834805603785,177,energy,126,ols_rank_normal,tema_arındırılmış
ear_3d,0.004645792284149954,1.0925368245415719,0.004645792284149954,0.1529547400992552,0.13190834805603785,177,energy,126,ols_rank_normal,ham
ear_3d,0.08980260964225573,1.1471391117161989,0.005881905764683001,0.15990735967290917,0.13903756794728458,177,energy,126,ols_winsorized_raw,tema_arındırılmış
ear_3d,0.08980260964225573,1.147139111716199,0.005881905764683001,0.15990735967290917,0.1390375679472846,177,energy,126,ols_winsorized_raw,ham
ear_3d,0.005872088201190872,1.4235892933667695,0.005872088201190872,0.1820210107717689,0.16179428870113538,177,energy,126,wls_sqrt_mcap,tema_arındırılmış
ear_3d,0.005872088201190864,1.4235892933667675,0.005872088201190864,0.18202101077176894,0.1617942887011354,177,energy,126,wls_sqrt_mcap,ham
ebit_ev,-0.00021872734941841182,-0.1538828168892829,-0.00021872734941841182,0.20097970790929695,0.17920176217301567,182,energy,21,ols_rank_normal,tema_arındırılmış
ebit_ev,-0.00021872734941841238,-0.15388281688928332,-0.00021872734941841238,0.20097970790929695,0.17920176217301567,182,energy,21,ols_rank_normal,ham
ebit_ev,-0.002356634341643104,-0.15276249333470354,-0.00045959539874093695,0.20743314045179645,0.1858529274597704,182,energy,21,ols_winsorized_raw,tema_arındırılmış
ebit_ev,-0.002356634341643106,-0.15276249333470368,-0.0004595953987409374,0.2074331404517964,0.18585292745977042,182,energy,21,ols_winsorized_raw,ham
ebit_ev,0.00048750189969506736,0.3338378734968901,0.00048750189969506736,0.23078210164782223,0.20991769332699942,182,energy,21,wls_sqrt_mcap,tema_arındırılmış
ebit_ev,0.0004875018996950684,0.3338378734968908,0.0004875018996950684,0.23078210164782223,0.2099176933269994,182,energy,21,wls_sqrt_mcap,ham
ebit_ev,-0.0017541003545349448,-0.45283893125944036,-0.0017541003545349448,0.18781598256942295,0.1654859204914149,180,energy,63,ols_rank_normal,tema_arındırılmış
ebit_ev,-0.0017541003545349463,-0.45283893125944064,-0.0017541003545349463,0.18781598256942295,0.1654859204914149,180,energy,63,ols_rank_normal,ham
ebit_ev,-0.021472540301985088,-0.5023240255626612,-0.004218831055679813,0.19434622874311,0.17221021581611964,180,energy,63,ols_winsorized_raw,tema_arındırılmış
ebit_ev,-0.021472540301985116,-0.5023240255626619,-0.004218831055679819,0.19434622874311,0.17221021581611964,180,energy,63,ols_winsorized_raw,ham
ebit_ev,-0.0006249439127822792,-0.16793549043819905,-0.0006249439127822792,0.2205608599415149,0.1992322474813835,180,energy,63,wls_sqrt_mcap,tema_arındırılmış
ebit_ev,-0.0006249439127822806,-0.16793549043819941,-0.0006249439127822806,0.2205608599415149,0.1992322474813835,180,energy,63,wls_sqrt_mcap,ham
ebit_ev,-0.0033236204883061622,-0.4858855707603438,-0.0033236204883061622,0.18432682316881258,0.16183753139819362,177,energy,126,ols_rank_normal,tema_arındırılmış
ebit_ev,-0.0033236204883061635,-0.4858855707603439,-0.0033236204883061635,0.18432682316881258,0.1618375313981936,177,energy,126,ols_rank_normal,ham
ebit_ev,-0.06343450187075411,-0.8382598704505626,-0.012601427929136606,0.19090564104349209,0.16861604633147614,177,energy,126,ols_winsorized_raw,tema_arındırılmış
ebit_ev,-0.06343450187075413,-0.8382598704505626,-0.012601427929136608,0.19090564104349209,0.16861604633147612,177,energy,126,ols_winsorized_raw,ham
ebit_ev,-0.0010129949595483077,-0.15139337167834488,-0.0010129949595483077,0.2197517483215765,0.19833356679410646,177,energy,126,wls_sqrt_mcap,tema_arındırılmış
ebit_ev,-0.0010129949595483083,-0.15139337167834493,-0.0010129949595483083,0.21975174832157654,0.1983335667941065,177,energy,126,wls_sqrt_mcap,ham
gross_profitability,0.0006053000098319235,0.45278388214844956,0.0006053000098319235,0.16566877116486992,0.11405881861889121,182,energy,21,ols_rank_normal,tema_arındırılmış
gross_profitability,0.0006053000098319224,0.4527838821484487,0.0006053000098319224,0.16566877116486992,0.11405881861889124,182,energy,21,ols_rank_normal,ham
gross_profitability,-0.0074328575855302165,-0.908774562976314,-0.0013266384588231993,0.1672961814455593,0.11566015814212775,182,energy,21,ols_winsorized_raw,tema_arındırılmış
gross_profitability,-0.007432857585530226,-0.9087745629763152,-0.001326638458823201,0.16729618144555924,0.11566015814212773,182,energy,21,ols_winsorized_raw,ham
gross_profitability,-0.00012913371193767559,-0.09820027185542776,-0.00012913371193767559,0.18578833868540096,0.13594740356937926,182,energy,21,wls_sqrt_mcap,tema_arındırılmış
gross_profitability,-0.0001291337119376742,-0.09820027185542672,-0.0001291337119376742,0.18578833868540096,0.13594740356937926,182,energy,21,wls_sqrt_mcap,ham
gross_profitability,-0.0006814539681710491,-0.1783557934086196,-0.0006814539681710491,0.15469733794027427,0.10157526584244349,180,energy,63,ols_rank_normal,tema_arındırılmış
gross_profitability,-0.00068145396817105,-0.17835579340861982,-0.00068145396817105,0.15469733794027427,0.10157526584244349,180,energy,63,ols_rank_normal,ham
gross_profitability,-0.025360699699838327,-1.1138024671074298,-0.004538117876709394,0.1533564830471064,0.10000524325618253,180,energy,63,ols_winsorized_raw,tema_arındırılmış
gross_profitability,-0.025360699699838344,-1.1138024671074305,-0.004538117876709397,0.15335648304710636,0.10000524325618251,180,energy,63,ols_winsorized_raw,ham
gross_profitability,-0.002262632212780148,-0.5960306649834646,-0.002262632212780148,0.17955516021088375,0.12838602592253404,180,energy,63,wls_sqrt_mcap,tema_arındırılmış
gross_profitability,-0.0022626322127801534,-0.5960306649834661,-0.0022626322127801534,0.17955516021088375,0.12838602592253398,180,energy,63,wls_sqrt_mcap,ham
gross_profitability,-0.0011502511688316213,-0.1604884795561401,-0.0011502511688316213,0.14567034306334256,0.09160150124056879,177,energy,126,ols_rank_normal,tema_arındırılmış
gross_profitability,-0.0011502511688316242,-0.16048847955614046,-0.0011502511688316242,0.14567034306334256,0.0916015012405688,177,energy,126,ols_rank_normal,ham
gross_profitability,-0.054126593175511085,-1.2447213368103025,-0.009722090274486044,0.14566889034944455,0.09139115959291699,177,energy,126,ols_winsorized_raw,tema_arındırılmış
gross_profitability,-0.05412659317551112,-1.2447213368103032,-0.009722090274486051,0.1456688903494445,0.09139115959291699,177,energy,126,ols_winsorized_raw,ham
gross_profitability,-0.004591977514574247,-0.6022499596290206,-0.004591977514574247,0.17201178631776476,0.11971717656642582,177,energy,126,wls_sqrt_mcap,tema_arındırılmış
gross_profitability,-0.004591977514574257,-0.6022499596290223,-0.004591977514574257,0.17201178631776476,0.11971717656642579,177,energy,126,wls_sqrt_mcap,ham
idio_vol_60d,-0.0020005868759212977,-0.6741633665639073,-0.0020005868759212977,0.1919170621570417,0.17393025788790117,182,energy,21,ols_rank_normal,tema_arındırılmış
idio_vol_60d,-0.0020005868759212994,-0.6741633665639079,-0.0020005868759212994,0.1919170621570417,0.17393025788790112,182,energy,21,ols_rank_normal,ham
idio_vol_60d,-0.013816257338919037,-0.9372805020762367,-0.0033369128962470536,0.2067735904839732,0.18909215499327883,182,energy,21,ols_winsorized_raw,tema_arındırılmış
idio_vol_60d,-0.013816257338919022,-0.9372805020762359,-0.0033369128962470497,0.2067735904839732,0.18909215499327878,182,energy,21,ols_winsorized_raw,ham
idio_vol_60d,-0.00043346231066922875,-0.17444328044293428,-0.00043346231066922875,0.2185787647935469,0.20127311798269662,182,energy,21,wls_sqrt_mcap,tema_arındırılmış
idio_vol_60d,-0.0004334623106692269,-0.1744432804429336,-0.0004334623106692269,0.2185787647935469,0.20127311798269662,182,energy,21,wls_sqrt_mcap,ham
idio_vol_60d,-0.007914662017179497,-1.0394041719212714,-0.007914662017179497,0.17034521297962418,0.15184081968071034,180,energy,63,ols_rank_normal,tema_arındırılmış
idio_vol_60d,-0.007914662017179497,-1.0394041719212717,-0.007914662017179497,0.1703452129796242,0.1518408196807103,180,energy,63,ols_rank_normal,ham
idio_vol_60d,-0.043404448785048025,-1.1912877708456704,-0.010479976843876238,0.18319636667296685,0.16496723327363635,180,energy,63,ols_winsorized_raw,tema_arındırılmış
idio_vol_60d,-0.04340444878504798,-1.1912877708456695,-0.010479976843876228,0.1831963666729669,0.16496723327363638,180,energy,63,ols_winsorized_raw,ham
idio_vol_60d,-0.003973144187283629,-0.6241002109920412,-0.003973144187283629,0.1961859630094956,0.17833095181443231,180,energy,63,wls_sqrt_mcap,tema_arındırılmış
idio_vol_60d,-0.003973144187283625,-0.6241002109920405,-0.003973144187283625,0.19618596300949553,0.1783309518144323,180,energy,63,wls_sqrt_mcap,ham
idio_vol_60d,-0.013282963717415002,-1.011730375751416,-0.013282963717415002,0.1602893374625062,0.14149835586949983,177,energy,126,ols_rank_normal,tema_arındırılmış
idio_vol_60d,-0.013282963717415004,-1.0117303757514162,-0.013282963717415004,0.1602893374625062,0.14149835586949983,177,energy,126,ols_rank_normal,ham
idio_vol_60d,-0.06726187064509093,-1.0579425955273842,-0.016220113399247643,0.17256083256322155,0.15402774611737025,177,energy,126,ols_winsorized_raw,tema_arındırılmış
idio_vol_60d,-0.06726187064509094,-1.0579425955273842,-0.016220113399247647,0.17256083256322155,0.15402774611737025,177,energy,126,ols_winsorized_raw,ham
idio_vol_60d,-0.007679656808366499,-0.6938005509619698,-0.007679656808366499,0.18936701202451947,0.17133169892792613,177,energy,126,wls_sqrt_mcap,tema_arındırılmış
idio_vol_60d,-0.007679656808366496,-0.6938005509619698,-0.007679656808366496,0.18936701202451947,0.17133169892792613,177,energy,126,wls_sqrt_mcap,ham
max_ret_21d,-0.0005494006725890924,-0.2785304337434474,-0.0005494006725890924,0.18263393554350293,0.16442168916185781,182,energy,21,ols_rank_normal,tema_arındırılmış
max_ret_21d,-0.0005494006725890922,-0.2785304337434472,-0.0005494006725890922,0.18263393554350293,0.1644216891618578,182,energy,21,ols_rank_normal,ham
max_ret_21d,-0.05649793886917916,-1.0718394729674736,-0.0019991234305343367,0.19312893104099796,0.17513997906934703,182,energy,21,ols_winsorized_raw,tema_arındırılmış
max_ret_21d,-0.056497938869179205,-1.0718394729674745,-0.001999123430534338,0.19312893104099796,0.17513997906934703,182,energy,21,ols_winsorized_raw,ham
max_ret_21d,-0.00016121857534470935,-0.0905717600551023,-0.00016121857534470935,0.20980276878934778,0.19229900819639376,182,energy,21,wls_sqrt_mcap,tema_arındırılmış
max_ret_21d,-0.00016121857534469533,-0.09057176005509454,-0.00016121857534469533,0.20980276878934778,0.19229900819639376,182,energy,21,wls_sqrt_mcap,ham
max_ret_21d,-0.0021758900212589705,-0.5112445282664074,-0.0021758900212589705,0.159046141595495,0.14026343462703963,180,energy,63,ols_rank_normal,tema_arındırılmış
max_ret_21d,-0.002175890021258969,-0.511244528266407,-0.002175890021258969,0.159046141595495,0.14026343462703963,180,energy,63,ols_rank_normal,ham
max_ret_21d,-0.09361440705244375,-0.8838167770666101,-0.0033013217330514445,0.16987814029749093,0.15133293454523114,180,energy,63,ols_winsorized_raw,tema_arındırılmış
max_ret_21d,-0.09361440705244368,-0.8838167770666095,-0.0033013217330514423,0.16987814029749088,0.15133293454523114,180,energy,63,ols_winsorized_raw,ham
max_ret_21d,-6.119862959093737e-05,-0.015810777201008222,-6.119862959093737e-05,0.18734031006474477,0.16928141576911732,180,energy,63,wls_sqrt_mcap,tema_arındırılmış
max_ret_21d,-6.119862959092565e-05,-0.015810777201005197,-6.119862959092565e-05,0.18734031006474477,0.16928141576911734,180,energy,63,wls_sqrt_mcap,ham
max_ret_21d,-0.009185211030455484,-1.289161776105647,-0.009185211030455484,0.15149966639980006,0.1325043849937649,177,energy,126,ols_rank_normal,tema_arındırılmış
max_ret_21d,-0.009185211030455484,-1.2891617761056473,-0.009185211030455484,0.15149966639980006,0.1325043849937649,177,energy,126,ols_rank_normal,ham
max_ret_21d,-0.22809241246581513,-1.2840564194908266,-0.007995018823235821,0.15950184059755582,0.14066992409269494,177,energy,126,ols_winsorized_raw,tema_arındırılmış
max_ret_21d,-0.22809241246581513,-1.2840564194908266,-0.007995018823235821,0.15950184059755582,0.14066992409269496,177,energy,126,ols_winsorized_raw,ham
max_ret_21d,-0.006060993141235308,-0.9176743790344304,-0.006060993141235308,0.18172018766949194,0.1635114784438347,177,energy,126,wls_sqrt_mcap,tema_arındırılmış
max_ret_21d,-0.0060609931412352975,-0.9176743790344287,-0.0060609931412352975,0.181720187669492,0.16351147844383473,177,energy,126,wls_sqrt_mcap,ham
mom_12_1,0.0030109575126975683,1.3879703347751764,0.0030109575126975683,0.20295952480483842,0.185180036110894,182,energy,21,ols_rank_normal,tema_arındırılmış
mom_12_1,0.0030109575126975683,1.3879703347751764,0.0030109575126975683,0.2029595248048384,0.18518003611089398,182,energy,21,ols_rank_normal,ham
mom_12_1,0.011293507326960847,2.0613700525528853,0.007229056520328677,0.2127638438310537,0.19520597787673913,182,energy,21,ols_winsorized_raw,tema_arındırılmış
mom_12_1,0.01129350732696083,2.061370052552882,0.007229056520328666,0.2127638438310537,0.19520597787673913,182,energy,21,ols_winsorized_raw,ham
mom_12_1,0.003161630838731759,1.4388358944919983,0.003161630838731759,0.23710933510145996,0.22017526832344209,182,energy,21,wls_sqrt_mcap,tema_arındırılmış
mom_12_1,0.0031616308387317576,1.4388358944919981,0.0031616308387317576,0.23710933510145996,0.22017526832344209,182,energy,21,wls_sqrt_mcap,ham
mom_12_1,0.009490649211813253,1.9010750987608864,0.009490649211813253,0.18044474869647104,0.16213479568273928,180,energy,63,ols_rank_normal,tema_arındırılmış
mom_12_1,0.009490649211813251,1.901075098760886,0.009490649211813251,0.18044474869647104,0.16213479568273928,180,energy,63,ols_rank_normal,ham
mom_12_1,0.02728508789602047,1.907769575655601,0.017314748071525846,0.18783746920302397,0.169711806323598,180,energy,63,ols_winsorized_raw,tema_arındırılmış
mom_12_1,0.02728508789602047,1.9077695756556008,0.017314748071525846,0.18783746920302397,0.16971180632359797,180,energy,63,ols_winsorized_raw,ham
mom_12_1,0.011084025259074851,2.1826249834930325,0.011084025259074851,0.21167824150063938,0.19412793014126564,180,energy,63,wls_sqrt_mcap,tema_arındırılmış
mom_12_1,0.011084025259074851,2.182624983493033,0.011084025259074851,0.21167824150063938,0.19412793014126564,180,energy,63,wls_sqrt_mcap,ham
mom_12_1,0.014595269772332128,1.6039046591557278,0.014595269772332128,0.16981923286237177,0.15120001237242467,177,energy,126,ols_rank_normal,tema_arındırılmış
mom_12_1,0.014595269772332126,1.6039046591557276,0.014595269772332126,0.16981923286237177,0.15120001237242467,177,energy,126,ols_rank_normal,ham
mom_12_1,0.05137749054555258,1.8509770445049523,0.03183527033831063,0.18088653775118627,0.1625263903319446,177,energy,126,ols_winsorized_raw,tema_arındırılmış
mom_12_1,0.05137749054555258,1.8509770445049525,0.03183527033831063,0.18088653775118627,0.1625263903319446,177,energy,126,ols_winsorized_raw,ham
mom_12_1,0.017343468669484028,1.8267143191408246,0.017343468669484028,0.20006506024973825,0.18221831034168867,177,energy,126,wls_sqrt_mcap,tema_arındırılmış
mom_12_1,0.017343468669484028,1.8267143191408248,0.017343468669484028,0.20006506024973825,0.18221831034168867,177,energy,126,wls_sqrt_mcap,ham
net_debt_ebitda,0.0005974442221781668,0.4872517515884004,0.0005974442221781668,0.19386387200222938,0.1702632594585329,182,energy,21,ols_rank_normal,tema_arındırılmış
net_debt_ebitda,0.0005974442221781664,0.48725175158840006,0.0005974442221781664,0.19386387200222938,0.1702632594585329,182,energy,21,ols_rank_normal,ham
net_debt_ebitda,0.00028893948535828275,0.9069989993591504,0.0012166488483785728,0.19948272385649093,0.176076562467818,182,energy,21,ols_winsorized_raw,tema_arındırılmış
net_debt_ebitda,0.0002889394853582834,0.9069989993591521,0.0012166488483785754,0.199482723856491,0.176076562467818,182,energy,21,ols_winsorized_raw,ham
net_debt_ebitda,0.0005822959812202211,0.464528890186093,0.0005822959812202211,0.22082232370132937,0.19810523102266836,182,energy,21,wls_sqrt_mcap,tema_arındırılmış
net_debt_ebitda,0.0005822959812202225,0.46452889018609406,0.0005822959812202225,0.22082232370132943,0.19810523102266836,182,energy,21,wls_sqrt_mcap,ham
net_debt_ebitda,0.0012123438903250648,0.365669898371937,0.0012123438903250648,0.17901082957394532,0.15480322585397338,180,energy,63,ols_rank_normal,tema_arındırılmış
net_debt_ebitda,0.0012123438903250657,0.36566989837193725,0.0012123438903250657,0.17901082957394532,0.1548032258539734,180,energy,63,ols_rank_normal,ham
net_debt_ebitda,0.0006098683069999914,0.7423232991923567,0.002572722059778383,0.1833387272332348,0.15926688714851286,180,energy,63,ols_winsorized_raw,tema_arındırılmış
net_debt_ebitda,0.0006098683069999908,0.7423232991923557,0.002572722059778381,0.1833387272332348,0.15926688714851286,180,energy,63,ols_winsorized_raw,ham
net_debt_ebitda,-0.0005264846958568231,-0.1600764461851944,-0.0005264846958568231,0.2101693098230566,0.18698219329425064,180,energy,63,wls_sqrt_mcap,tema_arındırılmış
net_debt_ebitda,-0.0005264846958568235,-0.1600764461851945,-0.0005264846958568235,0.21016930982305657,0.18698219329425064,180,energy,63,wls_sqrt_mcap,ham
net_debt_ebitda,0.003151525374994531,0.5628973573804522,0.003151525374994531,0.17489782478790122,0.15047840746644617,177,energy,126,ols_rank_normal,tema_arındırılmış
net_debt_ebitda,0.0031515253749945294,0.5628973573804519,0.0031515253749945294,0.17489782478790122,0.15047840746644617,177,energy,126,ols_rank_normal,ham
net_debt_ebitda,0.0006708377552940943,0.49820514993268467,0.002842347994298458,0.17643351387042902,0.15205356117767196,177,energy,126,ols_winsorized_raw,tema_arındırılmış
net_debt_ebitda,0.0006708377552940832,0.49820514993267623,0.0028423479942984112,0.17643351387042902,0.15205356117767196,177,energy,126,ols_winsorized_raw,ham
net_debt_ebitda,-0.0016023430858580854,-0.2900460855551676,-0.0016023430858580854,0.20820192015570224,0.18488851167778256,177,energy,126,wls_sqrt_mcap,tema_arındırılmış
net_debt_ebitda,-0.0016023430858580832,-0.2900460855551672,-0.0016023430858580832,0.20820192015570219,0.18488851167778256,177,energy,126,wls_sqrt_mcap,ham
ocf_ev,0.0013987378529290379,0.8474411909543679,0.0013987378529290379,0.2016923645338689,0.18249622188734624,182,energy,21,ols_rank_normal,tema_arındırılmış
ocf_ev,0.0013987378529290355,0.8474411909543663,0.0013987378529290355,0.2016923645338689,0.18249622188734624,182,energy,21,ols_rank_normal,ham
ocf_ev,0.02157161143404181,1.1671688053932734,0.001724331600024092,0.20318070585370976,0.18405173093009758,182,energy,21,ols_winsorized_raw,tema_arındırılmış
ocf_ev,0.021571611434041797,1.167168805393273,0.0017243316000240907,0.20318070585370984,0.18405173093009758,182,energy,21,ols_winsorized_raw,ham
ocf_ev,0.002075825760029015,1.2771283054233487,0.002075825760029015,0.23313882974922695,0.21482371454515536,182,energy,21,wls_sqrt_mcap,tema_arındırılmış
ocf_ev,0.002075825760029012,1.2771283054233469,0.002075825760029012,0.23313882974922695,0.21482371454515536,182,energy,21,wls_sqrt_mcap,ham
ocf_ev,0.0016227965438102491,0.38946266959363435,0.0016227965438102491,0.18510878114972457,0.16536577927016663,180,energy,63,ols_rank_normal,tema_arındırılmış
ocf_ev,0.0016227965438102485,0.389462669593634,0.0016227965438102485,0.1851087811497245,0.16536577927016663,180,energy,63,ols_rank_normal,ham
ocf_ev,0.027288041688945327,0.5599801121130148,0.002181689503474355,0.18760257609700753,0.1679515454378313,180,energy,63,ols_winsorized_raw,tema_arındırılmış
ocf_ev,0.027288041688945303,0.5599801121130142,0.0021816895034743535,0.18760257609700753,0.16795154543783133,180,energy,63,ols_winsorized_raw,ham
ocf_ev,0.0029110864716832027,0.7107298365200362,0.0029110864716832027,0.220947308857905,0.202213046804935,180,energy,63,wls_sqrt_mcap,tema_arındırılmış
ocf_ev,0.0029110864716832096,0.7107298365200378,0.0029110864716832096,0.220947308857905,0.202213046804935,180,energy,63,wls_sqrt_mcap,ham
ocf_ev,0.0018398345602571129,0.21684338455073476,0.0018398345602571129,0.18175396288708576,0.16189950291422434,177,energy,126,ols_rank_normal,tema_arındırılmış
ocf_ev,0.0018398345602571135,0.21684338455073482,0.0018398345602571135,0.18175396288708576,0.16189950291422434,177,energy,126,ols_rank_normal,ham
ocf_ev,0.0204065646840462,0.2007473992745555,0.0016308933965667233,0.18264914439815824,0.16282563094632646,177,energy,126,ols_winsorized_raw,tema_arındırılmış
ocf_ev,0.020406564684046145,0.20074739927455493,0.0016308933965667187,0.18264914439815824,0.16282563094632646,177,energy,126,ols_winsorized_raw,ham
ocf_ev,0.004856743377638883,0.6025766390007287,0.004856743377638883,0.2218619286511287,0.20315697943349473,177,energy,126,wls_sqrt_mcap,tema_arındırılmış
ocf_ev,0.00485674337763889,0.6025766390007293,0.00485674337763889,0.2218619286511287,0.20315697943349473,177,energy,126,wls_sqrt_mcap,ham
oil_beta_trend,-0.0002671163168802291,-0.11007877207938203,-0.0002671163168802291,0.1578067733388007,0.12688301197957713,182,energy,21,ols_rank_normal,tema_arındırılmış
oil_beta_trend,-0.0002671163168802282,-0.11007877207938165,-0.0002671163168802282,0.1578067733388007,0.12688301197957713,182,energy,21,ols_rank_normal,ham
oil_beta_trend,0.0018216054667957971,0.20621388148290862,0.0006888803912341767,0.15633875173762107,0.12537473106554764,182,energy,21,ols_winsorized_raw,tema_arındırılmış
oil_beta_trend,0.001821605466795802,0.20621388148290926,0.0006888803912341785,0.15633875173762105,0.12537473106554764,182,energy,21,ols_winsorized_raw,ham
oil_beta_trend,0.0007914376576053488,0.3594243888352642,0.0007914376576053488,0.18007571831842384,0.150084580134584,182,energy,21,wls_sqrt_mcap,tema_arındırılmış
oil_beta_trend,0.0007914376576053525,0.35942438883526606,0.0007914376576053525,0.18007571831842384,0.150084580134584,182,energy,21,wls_sqrt_mcap,ham
oil_beta_trend,-0.003222710558664106,-0.5838254145528757,-0.003222710558664106,0.15757438886926514,0.12645539995965727,180,energy,63,ols_rank_normal,tema_arındırılmış
oil_beta_trend,-0.0032227105586641078,-0.5838254145528758,-0.0032227105586641078,0.15757438886926514,0.12645539995965727,180,energy,63,ols_rank_normal,ham
oil_beta_trend,-0.00320867553728766,-0.1505594883451772,-0.0012190852347831055,0.15753854987359797,0.12643184896737902,180,energy,63,ols_winsorized_raw,tema_arındırılmış
oil_beta_trend,-0.0032086755372876504,-0.15055948834517677,-0.0012190852347831018,0.15753854987359794,0.126431848967379,180,energy,63,ols_winsorized_raw,ham
oil_beta_trend,-0.0019549833577614537,-0.37370986714192994,-0.0019549833577614537,0.1823689304340676,0.15229126911838417,180,energy,63,wls_sqrt_mcap,tema_arındırılmış
oil_beta_trend,-0.0019549833577614454,-0.3737098671419284,-0.0019549833577614454,0.1823689304340676,0.15229126911838414,180,energy,63,wls_sqrt_mcap,ham
oil_beta_trend,-0.002293598379693224,-0.23338245520882983,-0.002293598379693224,0.15909921954794287,0.12793059828099748,177,energy,126,ols_rank_normal,tema_arındırılmış
oil_beta_trend,-0.002293598379693223,-0.2333824552088298,-0.002293598379693223,0.15909921954794287,0.12793059828099748,177,energy,126,ols_rank_normal,ham
oil_beta_trend,0.007838542681344577,0.2134817456216115,0.002997926878489404,0.1567314812783043,0.1254867567394245,177,energy,126,ols_winsorized_raw,tema_arındırılmış
oil_beta_trend,0.007838542681344592,0.2134817456216119,0.00299792687848941,0.15673148127830433,0.12548675673942447,177,energy,126,ols_winsorized_raw,ham
oil_beta_trend,-0.00199753843881308,-0.20677584902473786,-0.00199753843881308,0.1874083097107838,0.15746060619137056,177,energy,126,wls_sqrt_mcap,tema_arındırılmış
oil_beta_trend,-0.0019975384388130854,-0.20677584902473845,-0.0019975384388130854,0.18740830971078373,0.1574606061913706,177,energy,126,wls_sqrt_mcap,ham
share_issuance,0.0007658449135475154,0.731137123989028,0.0007658449135475154,0.17919585493669563,0.15949131905940928,182,energy,21,ols_rank_normal,tema_arındırılmış
share_issuance,0.000765844913547516,0.7311371239890286,0.000765844913547516,0.17919585493669568,0.15949131905940928,182,energy,21,ols_rank_normal,ham
share_issuance,0.0008044450075175932,0.14934521858694386,0.00015214690303776534,0.18478537782808963,0.1652354133892762,182,energy,21,ols_winsorized_raw,tema_arındırılmış
share_issuance,0.0008044450075175966,0.1493452185869445,0.000152146903037766,0.1847853778280896,0.1652354133892762,182,energy,21,ols_winsorized_raw,ham
share_issuance,0.0010267659071303596,0.9821290933641077,0.0010267659071303596,0.20925829310162022,0.19042727396808218,182,energy,21,wls_sqrt_mcap,tema_arındırılmış
share_issuance,0.0010267659071303656,0.9821290933641134,0.0010267659071303656,0.20925829310162022,0.19042727396808218,182,energy,21,wls_sqrt_mcap,ham
share_issuance,0.0015475866051093874,0.6066728359303224,0.0015475866051093874,0.15674117539083177,0.13635085519338266,180,energy,63,ols_rank_normal,tema_arındırılmış
share_issuance,0.0015475866051093902,0.6066728359303235,0.0015475866051093902,0.15674117539083177,0.13635085519338266,180,energy,63,ols_rank_normal,ham
share_issuance,-0.0033234486118489904,-0.2530661541085855,-0.0006288173835356799,0.1610882081699348,0.14082314124388012,180,energy,63,ols_winsorized_raw,tema_arındırılmış
share_issuance,-0.003323448611848989,-0.25306615410858546,-0.0006288173835356796,0.16108820816993477,0.1408231412438801,180,energy,63,ols_winsorized_raw,ham
share_issuance,0.002422366993807946,0.8906310055534016,0.002422366993807946,0.1891848022122632,0.16974059010223855,180,energy,63,wls_sqrt_mcap,tema_arındırılmış
share_issuance,0.002422366993807947,0.890631005553402,0.002422366993807947,0.18918480221226325,0.16974059010223858,180,energy,63,wls_sqrt_mcap,ham
share_issuance,0.0030026214300682306,0.5732732352000066,0.0030026214300682306,0.1538567358925532,0.13335850353205578,177,energy,126,ols_rank_normal,tema_arındırılmış
share_issuance,0.00300262143006823,0.5732732352000066,0.00300262143006823,0.1538567358925532,0.13335850353205578,177,energy,126,ols_rank_normal,ham
share_issuance,-0.006954268638071843,-0.21314813718757455,-0.0013187137006888598,0.15880012925302922,0.13843377418044095,177,energy,126,ols_winsorized_raw,tema_arındırılmış
share_issuance,-0.006954268638071845,-0.21314813718757458,-0.0013187137006888602,0.15880012925302922,0.13843377418044095,177,energy,126,ols_winsorized_raw,ham
share_issuance,0.004506610333708498,0.784403514615465,0.004506610333708498,0.1877471339241525,0.16823672873957313,177,energy,126,wls_sqrt_mcap,tema_arındırılmış
share_issuance,0.004506610333708505,0.7844035146154663,0.004506610333708505,0.1877471339241525,0.16823672873957315,177,energy,126,wls_sqrt_mcap,ham
sue_announce,0.0017094215688525703,1.65699785530982,0.0017094215688525703,0.20052997680595477,0.1682482778831867,182,energy,21,ols_rank_normal,tema_arındırılmış
sue_announce,0.00170942156885257,1.656997855309819,0.00170942156885257,0.2005299768059548,0.1682482778831867,182,energy,21,ols_rank_normal,ham
sue_announce,0.00138649856074754,1.5027776218636644,0.0016007853586202216,0.21406893611409353,0.1823183309162807,182,energy,21,ols_winsorized_raw,tema_arındırılmış
sue_announce,0.0013864985607475386,1.5027776218636628,0.0016007853586202199,0.21406893611409353,0.1823183309162807,182,energy,21,ols_winsorized_raw,ham
sue_announce,0.0018546281557243712,2.069610156860118,0.0018546281557243712,0.21258627119528303,0.18091701912220082,182,energy,21,wls_sqrt_mcap,tema_arındırılmış
sue_announce,0.0018546281557243684,2.0696101568601137,0.0018546281557243684,0.21258627119528303,0.18091701912220085,182,energy,21,wls_sqrt_mcap,ham
sue_announce,0.003741421016307437,1.562560869658874,0.003741421016307437,0.18010076010566298,0.14693498031618638,180,energy,63,ols_rank_normal,tema_arındırılmış
sue_announce,0.003741421016307437,1.562560869658874,0.003741421016307437,0.18010076010566298,0.14693498031618638,180,energy,63,ols_rank_normal,ham
sue_announce,0.003356024835487327,1.6095267199547443,0.003873998542906115,0.19116058546517994,0.1584426050802519,180,energy,63,ols_winsorized_raw,tema_arındırılmış
sue_announce,0.0033560248354873264,1.609526719954744,0.0038739985429061146,0.19116058546517994,0.1584426050802519,180,energy,63,ols_winsorized_raw,ham
sue_announce,0.004649777998995765,2.110116988902729,0.004649777998995765,0.1950507604498337,0.1626257028119615,180,energy,63,wls_sqrt_mcap,tema_arındırılmış
sue_announce,0.004649777998995761,2.1101169889027274,0.004649777998995761,0.19505076044983363,0.1626257028119615,180,energy,63,wls_sqrt_mcap,ham
sue_announce,0.006673373650120851,1.491647126003188,0.006673373650120851,0.16971011746866255,0.13599874321945066,177,energy,126,ols_rank_normal,tema_arındırılmış
sue_announce,0.006673373650120854,1.4916471260031885,0.006673373650120854,0.16971011746866255,0.13599874321945066,177,energy,126,ols_rank_normal,ham
sue_announce,0.006495500691214173,1.6729781773441692,0.007504698982113746,0.1786931209141794,0.14532131793705144,177,energy,126,ols_winsorized_raw,tema_arındırılmış
sue_announce,0.006495500691214172,1.672978177344169,0.007504698982113745,0.1786931209141794,0.14532131793705144,177,energy,126,ols_winsorized_raw,ham
sue_announce,0.007904618003562482,2.0707981781909455,0.007904618003562482,0.19383342198922063,0.16122906735311196,177,energy,126,wls_sqrt_mcap,tema_arındırılmış
sue_announce,0.007904618003562479,2.070798178190944,0.007904618003562479,0.19383342198922066,0.16122906735311196,177,energy,126,wls_sqrt_mcap,ham
asset_growth,-0.004882399955602486,-1.4587567680618774,-0.004882399955602486,0.7890793235442745,0.4448394529149424,59,energy,21,ols_rank_normal_all,tema_arındırılmış
capex_at,0.004160138289038014,0.8138783170667352,0.004160138289038014,0.7890793235442745,0.4448394529149424,59,energy,21,ols_rank_normal_all,tema_arındırılmış
cash_runway_years,0.009076532313982867,1.246022006097199,0.009076532313982867,0.7890793235442745,0.4448394529149424,59,energy,21,ols_rank_normal_all,tema_arındırılmış
cop_at,-0.007875092546875746,-1.7621789770312555,-0.007875092546875746,0.7890793235442745,0.4448394529149424,59,energy,21,ols_rank_normal_all,tema_arındırılmış
dist_52w_high,0.0034305423148329123,0.3854046384732123,0.0034305423148329123,0.7890793235442745,0.4448394529149424,59,energy,21,ols_rank_normal_all,tema_arındırılmış
droe,-0.0008752597091324934,-0.17643938744385945,-0.0008752597091324934,0.7890793235442745,0.4448394529149424,59,energy,21,ols_rank_normal_all,tema_arındırılmış
ear_3d,-0.0015392904956220929,-0.44683613363437147,-0.0015392904956220929,0.7890793235442745,0.4448394529149424,59,energy,21,ols_rank_normal_all,tema_arındırılmış
ebit_ev,0.0008841393374117987,0.1889294172319231,0.0008841393374117987,0.7890793235442745,0.4448394529149424,59,energy,21,ols_rank_normal_all,tema_arındırılmış
idio_vol_60d,-0.00986377470400198,-1.0478162486185976,-0.00986377470400198,0.7890793235442745,0.4448394529149424,59,energy,21,ols_rank_normal_all,tema_arındırılmış
max_ret_21d,0.005293290877064863,0.7644974826065715,0.005293290877064863,0.7890793235442745,0.4448394529149424,59,energy,21,ols_rank_normal_all,tema_arındırılmış
mom_12_1,0.001507056329445349,0.24563794759146426,0.001507056329445349,0.7890793235442745,0.4448394529149424,59,energy,21,ols_rank_normal_all,tema_arındırılmış
net_debt_ebitda,0.0033831361795335136,0.9453619296275403,0.0033831361795335136,0.7890793235442745,0.4448394529149424,59,energy,21,ols_rank_normal_all,tema_arındırılmış
ocf_ev,0.00524233811332641,1.0165274638471546,0.00524233811332641,0.7890793235442745,0.4448394529149424,59,energy,21,ols_rank_normal_all,tema_arındırılmış
oil_beta_trend,-0.009568987248920111,-1.2759761785940542,-0.009568987248920111,0.7890793235442745,0.4448394529149424,59,energy,21,ols_rank_normal_all,tema_arındırılmış
profitable_growth,-0.002466506415737061,-0.5208729788120122,-0.002466506415737061,0.7890793235442745,0.4448394529149424,59,energy,21,ols_rank_normal_all,tema_arındırılmış
share_issuance,-0.0010731630645615152,-0.300605008370155,-0.0010731630645615152,0.7890793235442745,0.4448394529149424,59,energy,21,ols_rank_normal_all,tema_arındırılmış
sue,-0.0007146528314931611,-0.11964240946133,-0.0007146528314931611,0.7890793235442745,0.4448394529149424,59,energy,21,ols_rank_normal_all,tema_arındırılmış
sue_announce,-0.0006435871151667953,-0.18973170510730616,-0.0006435871151667953,0.7890793235442745,0.4448394529149424,59,energy,21,ols_rank_normal_all,tema_arındırılmış
asset_growth,-0.005397741858744244,-0.8513593197230043,-0.005397741858744244,0.7579396019133348,0.36253951998936357,57,energy,63,ols_rank_normal_all,tema_arındırılmış
capex_at,0.01938931927667774,1.7977860095052491,0.01938931927667774,0.7579396019133348,0.36253951998936357,57,energy,63,ols_rank_normal_all,tema_arındırılmış
cash_runway_years,0.013844924250134612,1.0293298719554667,0.013844924250134612,0.7579396019133348,0.36253951998936357,57,energy,63,ols_rank_normal_all,tema_arındırılmış
cop_at,-0.009641294157697836,-0.8047299005724659,-0.009641294157697836,0.7579396019133348,0.36253951998936357,57,energy,63,ols_rank_normal_all,tema_arındırılmış
dist_52w_high,0.0007578531973512019,0.06523747639373349,0.0007578531973512019,0.7579396019133348,0.36253951998936357,57,energy,63,ols_rank_normal_all,tema_arındırılmış
droe,-0.0046077851894089404,-0.4541751251132256,-0.0046077851894089404,0.7579396019133348,0.36253951998936357,57,energy,63,ols_rank_normal_all,tema_arındırılmış
ear_3d,-0.011090737216065667,-1.7773682327250022,-0.011090737216065667,0.7579396019133348,0.36253951998936357,57,energy,63,ols_rank_normal_all,tema_arındırılmış
ebit_ev,0.007576584808029254,0.870228075745926,0.007576584808029254,0.7579396019133348,0.36253951998936357,57,energy,63,ols_rank_normal_all,tema_arındırılmış
idio_vol_60d,-0.007756791646543863,-0.5238549558749878,-0.007756791646543863,0.7579396019133348,0.36253951998936357,57,energy,63,ols_rank_normal_all,tema_arındırılmış
max_ret_21d,0.005648652929067754,0.44520989458007226,0.005648652929067754,0.7579396019133348,0.36253951998936357,57,energy,63,ols_rank_normal_all,tema_arındırılmış
mom_12_1,0.00047978033493207363,0.032736475450219925,0.00047978033493207363,0.7579396019133348,0.36253951998936357,57,energy,63,ols_rank_normal_all,tema_arındırılmış
net_debt_ebitda,0.005575214625501002,0.8073731585439053,0.005575214625501002,0.7579396019133348,0.36253951998936357,57,energy,63,ols_rank_normal_all,tema_arındırılmış
ocf_ev,0.0026827407670323945,0.2241755388246645,0.0026827407670323945,0.7579396019133348,0.36253951998936357,57,energy,63,ols_rank_normal_all,tema_arındırılmış
oil_beta_trend,-0.023868575771720177,-1.3606379876140131,-0.023868575771720177,0.7579396019133348,0.36253951998936357,57,energy,63,ols_rank_normal_all,tema_arındırılmış
profitable_growth,-0.0136924191655599,-1.244527310857478,-0.0136924191655599,0.7579396019133348,0.36253951998936357,57,energy,63,ols_rank_normal_all,tema_arındırılmış
share_issuance,0.006621343732839761,0.923464869622376,0.006621343732839761,0.7579396019133348,0.36253951998936357,57,energy,63,ols_rank_normal_all,tema_arındırılmış
sue,0.003185268083489766,0.2320479138084189,0.003185268083489766,0.7579396019133348,0.36253951998936357,57,energy,63,ols_rank_normal_all,tema_arındırılmış
sue_announce,-8.6116497415751e-06,-0.0014567542824519839,-8.6116497415751e-06,0.7579396019133348,0.36253951998936357,57,energy,63,ols_rank_normal_all,tema_arındırılmış
asset_growth,-0.01614572523542454,-1.0525027304441437,-0.01614572523542454,0.752456548283967,0.35392912022121575,54,energy,126,ols_rank_normal_all,tema_arındırılmış
capex_at,0.029632204893456207,2.5112617226187885,0.029632204893456207,0.752456548283967,0.35392912022121575,54,energy,126,ols_rank_normal_all,tema_arındırılmış
cash_runway_years,0.02382389894525634,1.122535293297475,0.02382389894525634,0.752456548283967,0.35392912022121575,54,energy,126,ols_rank_normal_all,tema_arındırılmış
cop_at,-0.00023654478689890402,-0.011601975084021346,-0.00023654478689890402,0.752456548283967,0.35392912022121575,54,energy,126,ols_rank_normal_all,tema_arındırılmış
dist_52w_high,0.0010683268877169534,0.08445753991977498,0.0010683268877169534,0.752456548283967,0.35392912022121575,54,energy,126,ols_rank_normal_all,tema_arındırılmış
droe,0.008588523072678435,0.5451208973263099,0.008588523072678435,0.752456548283967,0.35392912022121575,54,energy,126,ols_rank_normal_all,tema_arındırılmış
ear_3d,-0.02371916559207061,-1.9747131534373679,-0.02371916559207061,0.752456548283967,0.35392912022121575,54,energy,126,ols_rank_normal_all,tema_arındırılmış
ebit_ev,0.002102648898225543,0.17242142761956425,0.002102648898225543,0.752456548283967,0.35392912022121575,54,energy,126,ols_rank_normal_all,tema_arındırılmış
idio_vol_60d,-0.008814772624910537,-0.2943013475780925,-0.008814772624910537,0.752456548283967,0.35392912022121575,54,energy,126,ols_rank_normal_all,tema_arındırılmış
max_ret_21d,0.014420029056384554,0.9315931654155459,0.014420029056384554,0.752456548283967,0.35392912022121575,54,energy,126,ols_rank_normal_all,tema_arındırılmış
mom_12_1,-0.008551926182297408,-0.4133399854626783,-0.008551926182297408,0.752456548283967,0.35392912022121575,54,energy,126,ols_rank_normal_all,tema_arındırılmış
net_debt_ebitda,0.01960653577728117,2.5035196294010045,0.01960653577728117,0.752456548283967,0.35392912022121575,54,energy,126,ols_rank_normal_all,tema_arındırılmış
ocf_ev,-0.0064183814325569225,-0.36827512186179406,-0.0064183814325569225,0.752456548283967,0.35392912022121575,54,energy,126,ols_rank_normal_all,tema_arındırılmış
oil_beta_trend,-0.043926268304766716,-2.0003416187296326,-0.043926268304766716,0.752456548283967,0.35392912022121575,54,energy,126,ols_rank_normal_all,tema_arındırılmış
profitable_growth,-0.03304311369521946,-2.217969767032662,-0.03304311369521946,0.752456548283967,0.35392912022121575,54,energy,126,ols_rank_normal_all,tema_arındırılmış
share_issuance,0.020655559260112394,1.4549368832871525,0.020655559260112394,0.752456548283967,0.35392912022121575,54,energy,126,ols_rank_normal_all,tema_arındırılmış
sue,0.0017584920283321684,0.09408191385553936,0.0017584920283321684,0.752456548283967,0.35392912022121575,54,energy,126,ols_rank_normal_all,tema_arındırılmış
sue_announce,-0.008622049828138212,-0.9916660286548972,-0.008622049828138212,0.752456548283967,0.35392912022121575,54,energy,126,ols_rank_normal_all,tema_arındırılmış
asset_growth,0.002286616972147347,1.9955030643767502,0.002286616972147347,0.13779410878821347,0.1057011101741656,182,energy/oil_gas,21,ols_rank_normal,tema_arındırılmış
asset_growth,0.0022866169721473483,1.995503064376751,0.0022866169721473483,0.13779410878821347,0.10570111017416563,182,energy/oil_gas,21,ols_rank_normal,ham
asset_growth,0.0042901507175156185,1.191201168278817,0.0016310253707264714,0.1368736632924988,0.1047604786597404,182,energy/oil_gas,21,ols_winsorized_raw,tema_arındırılmış
asset_growth,0.004290150717515612,1.1912011682788153,0.001631025370726469,0.1368736632924988,0.10476047865974038,182,energy/oil_gas,21,ols_winsorized_raw,ham
asset_growth,0.0014662950700097617,1.3627482054720446,0.0014662950700097617,0.1567177737119136,0.12545266048753514,182,energy/oil_gas,21,wls_sqrt_mcap,tema_arındırılmış
asset_growth,0.0014662950700097552,1.3627482054720383,0.0014662950700097552,0.1567177737119136,0.12545266048753514,182,energy/oil_gas,21,wls_sqrt_mcap,ham
asset_growth,0.00502461440400735,1.9158915329621862,0.00502461440400735,0.13298387264685102,0.10051933127163508,180,energy/oil_gas,63,ols_rank_normal,tema_arındırılmış
asset_growth,0.005024614404007352,1.9158915329621864,0.005024614404007352,0.13298387264685102,0.10051933127163508,180,energy/oil_gas,63,ols_rank_normal,ham
asset_growth,0.010081384002246166,1.2037982846638429,0.0038389080384468276,0.1292702911688767,0.09665062295583024,180,energy/oil_gas,63,ols_winsorized_raw,tema_arındırılmış
asset_growth,0.010081384002246166,1.2037982846638426,0.0038389080384468276,0.12927029116887667,0.09665062295583024,180,energy/oil_gas,63,ols_winsorized_raw,ham
asset_growth,0.0031323581999223157,1.2385084052449253,0.0031323581999223157,0.1560584926945262,0.12456726284143439,180,energy/oil_gas,63,wls_sqrt_mcap,tema_arındırılmış
asset_growth,0.0031323581999223114,1.2385084052449238,0.0031323581999223114,0.1560584926945262,0.12456726284143439,180,energy/oil_gas,63,wls_sqrt_mcap,ham
asset_growth,0.010343887088641588,1.943753027560438,0.010343887088641588,0.1339814846196143,0.10138131150403022,177,energy/oil_gas,126,ols_rank_normal,tema_arındırılmış
asset_growth,0.010343887088641599,1.9437530275604393,0.010343887088641599,0.13398148461961432,0.10138131150403022,177,energy/oil_gas,126,ols_rank_normal,ham
asset_growth,0.01809747440524769,1.075965454260104,0.006938725141241438,0.12721184821215106,0.09438411993740038,177,energy/oil_gas,126,ols_winsorized_raw,tema_arındırılmış
asset_growth,0.018097474405247692,1.0759654542601043,0.0069387251412414384,0.12721184821215106,0.09438411993740038,177,energy/oil_gas,126,ols_winsorized_raw,ham
asset_growth,0.004592521246869714,0.8287375253390711,0.004592521246869714,0.16242422166768414,0.1311154869042716,177,energy/oil_gas,126,wls_sqrt_mcap,tema_arındırılmış
asset_growth,0.004592521246869715,0.8287375253390713,0.004592521246869715,0.16242422166768414,0.1311154869042716,177,energy/oil_gas,126,wls_sqrt_mcap,ham
capex_at,8.35106555878049e-05,0.054546912257951365,8.35106555878049e-05,0.14824847455531578,0.11497196216362751,182,energy/oil_gas,21,ols_rank_normal,tema_arındırılmış
capex_at,8.351065558780551e-05,0.05454691225795176,8.351065558780551e-05,0.14824847455531578,0.1149719621636275,182,energy/oil_gas,21,ols_rank_normal,ham
capex_at,-0.009848812985296761,-0.37624758260411006,-0.0007385746556669841,0.15248003581665806,0.11940273742056294,182,energy/oil_gas,21,ols_winsorized_raw,tema_arındırılmış
capex_at,-0.009848812985296782,-0.3762475826041109,-0.0007385746556669856,0.15248003581665806,0.11940273742056294,182,energy/oil_gas,21,ols_winsorized_raw,ham
capex_at,0.0005057294351790016,0.3889457055773939,0.0005057294351790016,0.16053638737682918,0.12780890510036946,182,energy/oil_gas,21,wls_sqrt_mcap,tema_arındırılmış
capex_at,0.0005057294351789954,0.388945705577389,0.0005057294351789954,0.16053638737682918,0.12780890510036946,182,energy/oil_gas,21,wls_sqrt_mcap,ham
capex_at,0.0009421331941659577,0.2302507253719647,0.0009421331941659577,0.1421723269210469,0.10832096536238636,180,energy/oil_gas,63,ols_rank_normal,tema_arındırılmış
capex_at,0.0009421331941659569,0.23025072537196448,0.0009421331941659569,0.14217232692104687,0.10832096536238636,180,energy/oil_gas,63,ols_rank_normal,ham
capex_at,-0.01279170468762078,-0.1764290649341395,-0.0009610141420583068,0.1455780785955257,0.11186145847698907,180,energy/oil_gas,63,ols_winsorized_raw,tema_arındırılmış
capex_at,-0.012791704687620762,-0.17642906493413923,-0.0009610141420583053,0.14557807859552568,0.11186145847698904,180,energy/oil_gas,63,ols_winsorized_raw,ham
capex_at,0.001718391416727468,0.504803919866957,0.001718391416727468,0.1594312192081086,0.1264065394303267,180,energy/oil_gas,63,wls_sqrt_mcap,tema_arındırılmış
capex_at,0.001718391416727459,0.5048039198669544,0.001718391416727459,0.1594312192081086,0.12640653943032673,180,energy/oil_gas,63,wls_sqrt_mcap,ham
capex_at,0.0004694556308710213,0.05429412720442568,0.0004694556308710213,0.1416914626992112,0.10773594042897233,177,energy/oil_gas,126,ols_rank_normal,tema_arındırılmış
capex_at,0.00046945563087102114,0.05429412720442566,0.00046945563087102114,0.1416914626992112,0.10773594042897236,177,energy/oil_gas,126,ols_rank_normal,ham
capex_at,-0.004288703589938766,-0.027018705138537026,-0.00032284948143779506,0.14484526082903934,0.11106059490409893,177,energy/oil_gas,126,ols_winsorized_raw,tema_arındırılmış
capex_at,-0.004288703589938786,-0.02701870513853715,-0.0003228494814377966,0.14484526082903934,0.11106059490409893,177,energy/oil_gas,126,ols_winsorized_raw,ham
capex_at,0.0021319470523433626,0.2957667081714935,0.0021319470523433626,0.16164656048076245,0.1287270667990951,177,energy/oil_gas,126,wls_sqrt_mcap,tema_arındırılmış
capex_at,0.002131947052343357,0.2957667081714927,0.002131947052343357,0.16164656048076245,0.12872706679909507,177,energy/oil_gas,126,wls_sqrt_mcap,ham
cop_at,-0.000381336067556662,-0.3081032124319424,-0.000381336067556662,0.147948956583622,0.11497377864513911,182,energy/oil_gas,21,ols_rank_normal,tema_arındırılmış
cop_at,-0.00038133606755666254,-0.30810321243194294,-0.00038133606755666254,0.14794895658362198,0.11497377864513907,182,energy/oil_gas,21,ols_rank_normal,ham
cop_at,-0.005547498263112774,-0.3034756295625781,-0.00038139898214436895,0.14737092667999294,0.11442843226209695,182,energy/oil_gas,21,ols_winsorized_raw,tema_arındırılmış
cop_at,-0.005547498263112777,-0.3034756295625783,-0.00038139898214436917,0.14737092667999294,0.11442843226209695,182,energy/oil_gas,21,ols_winsorized_raw,ham
cop_at,-0.000792169519040537,-0.6819723718361539,-0.000792169519040537,0.16709683671687184,0.13497750441777898,182,energy/oil_gas,21,wls_sqrt_mcap,tema_arındırılmış
cop_at,-0.0007921695190405371,-0.6819723718361536,-0.0007921695190405371,0.1670968367168719,0.13497750441777898,182,energy/oil_gas,21,wls_sqrt_mcap,ham
cop_at,-0.003791128424633444,-1.1677521685554475,-0.003791128424633444,0.13921512854295898,0.10564271358111696,180,energy/oil_gas,63,ols_rank_normal,tema_arındırılmış
cop_at,-0.0037911284246334442,-1.1677521685554475,-0.0037911284246334442,0.13921512854295898,0.10564271358111696,180,energy/oil_gas,63,ols_rank_normal,ham
cop_at,-0.05200281504726691,-1.129664672898118,-0.0035796522145563475,0.13655402555102256,0.10288858707546403,180,energy/oil_gas,63,ols_winsorized_raw,tema_arındırılmış
cop_at,-0.05200281504726689,-1.1296646728981175,-0.003579652214556346,0.13655402555102256,0.10288858707546401,180,energy/oil_gas,63,ols_winsorized_raw,ham
cop_at,-0.004285479096031465,-1.3212763949187936,-0.004285479096031465,0.16638666653070575,0.13401257767959468,180,energy/oil_gas,63,wls_sqrt_mcap,tema_arındırılmış
cop_at,-0.004285479096031466,-1.3212763949187936,-0.004285479096031466,0.16638666653070572,0.13401257767959468,180,energy/oil_gas,63,wls_sqrt_mcap,ham
cop_at,-0.010790184560230606,-1.8688770036040308,-0.010790184560230606,0.13488877479146055,0.10104343851758497,177,energy/oil_gas,126,ols_rank_normal,tema_arındırılmış
cop_at,-0.010790184560230603,-1.8688770036040308,-0.010790184560230603,0.13488877479146058,0.10104343851758497,177,energy/oil_gas,126,ols_rank_normal,ham
cop_at,-0.1589689725076474,-2.1433665045930588,-0.010972993798255748,0.13137930459592662,0.09740023671411027,177,energy/oil_gas,126,ols_winsorized_raw,tema_arındırılmış
cop_at,-0.15896897250764738,-2.1433665045930588,-0.010972993798255747,0.1313793045959266,0.09740023671411026,177,energy/oil_gas,126,ols_winsorized_raw,ham
cop_at,-0.010883867107691582,-1.8836263596808853,-0.010883867107691582,0.16583860332238948,0.1334126736641207,177,energy/oil_gas,126,wls_sqrt_mcap,tema_arındırılmış
cop_at,-0.01088386710769158,-1.8836263596808849,-0.01088386710769158,0.16583860332238945,0.1334126736641207,177,energy/oil_gas,126,wls_sqrt_mcap,ham
dist_52w_high,-0.00011109731491889425,-0.039096695752051415,-0.00011109731491889425,0.157316916438897,0.12717823322246466,182,energy/oil_gas,21,ols_rank_normal,tema_arındırılmış
dist_52w_high,-0.00011109731491889455,-0.03909669575205153,-0.00011109731491889455,0.15731691643889703,0.12717823322246466,182,energy/oil_gas,21,ols_rank_normal,ham
dist_52w_high,0.003041017677861258,0.17790968036860788,0.00044004595435609385,0.16041866109762912,0.13041182818669875,182,energy/oil_gas,21,ols_winsorized_raw,tema_arındırılmış
dist_52w_high,0.003041017677861257,0.17790968036860783,0.00044004595435609374,0.16041866109762914,0.13041182818669875,182,energy/oil_gas,21,ols_winsorized_raw,ham
dist_52w_high,-0.000776625750809023,-0.29460551902602583,-0.000776625750809023,0.1802606126723247,0.1510526696720197,182,energy/oil_gas,21,wls_sqrt_mcap,tema_arındırılmış
dist_52w_high,-0.000776625750809023,-0.2946055190260257,-0.000776625750809023,0.1802606126723247,0.15105266967201966,182,energy/oil_gas,21,wls_sqrt_mcap,ham
dist_52w_high,-0.0009308387948532232,-0.1466271742687814,-0.0009308387948532232,0.15676332365562426,0.12645737102798008,180,energy/oil_gas,63,ols_rank_normal,tema_arındırılmış
dist_52w_high,-0.0009308387948532245,-0.14662717426878163,-0.0009308387948532245,0.15676332365562426,0.12645737102798005,180,energy/oil_gas,63,ols_rank_normal,ham
dist_52w_high,0.004694713212559445,0.11908207022294695,0.0006796192660155003,0.1592575068513965,0.12904019773459888,180,energy/oil_gas,63,ols_winsorized_raw,tema_arındırılmış
dist_52w_high,0.00469471321255946,0.11908207022294733,0.0006796192660155025,0.1592575068513965,0.12904019773459888,180,energy/oil_gas,63,ols_winsorized_raw,ham
dist_52w_high,-0.0013183271813884628,-0.229697162330788,-0.0013183271813884628,0.18088362667429952,0.15151917344911306,180,energy/oil_gas,63,wls_sqrt_mcap,tema_arındırılmış
dist_52w_high,-0.0013183271813884618,-0.2296971623307878,-0.0013183271813884618,0.18088362667429958,0.15151917344911306,180,energy/oil_gas,63,wls_sqrt_mcap,ham
dist_52w_high,-0.0033432251772037925,-0.32026663904529196,-0.0033432251772037925,0.1512049856064467,0.12053784700697927,177,energy/oil_gas,126,ols_rank_normal,tema_arındırılmış
dist_52w_high,-0.0033432251772037933,-0.320266639045292,-0.0033432251772037933,0.1512049856064467,0.12053784700697927,177,energy/oil_gas,126,ols_rank_normal,ham
dist_52w_high,-0.006440476484525697,-0.09526780650026136,-0.0009366125263594431,0.15316753981401676,0.12258757631236009,177,energy/oil_gas,126,ols_winsorized_raw,tema_arındırılmış
dist_52w_high,-0.00644047648452569,-0.09526780650026126,-0.0009366125263594421,0.15316753981401682,0.12258757631236013,177,energy/oil_gas,126,ols_winsorized_raw,ham
dist_52w_high,-0.005495932399471175,-0.5679205888560367,-0.005495932399471175,0.1762777583968376,0.14662800831692052,177,energy/oil_gas,126,wls_sqrt_mcap,tema_arındırılmış
dist_52w_high,-0.005495932399471171,-0.5679205888560361,-0.005495932399471171,0.1762777583968376,0.14662800831692055,177,energy/oil_gas,126,wls_sqrt_mcap,ham
ear_3d,0.000859450788492933,0.7264607356851249,0.000859450788492933,0.13991623580362803,0.10589776754249967,182,energy/oil_gas,21,ols_rank_normal,tema_arındırılmış
ear_3d,0.0008594507884929332,0.726460735685125,0.0008594507884929332,0.139916235803628,0.1058977675424997,182,energy/oil_gas,21,ols_rank_normal,ham
ear_3d,0.008940224162241566,0.48032448304114717,0.000597789109508947,0.1405550463287579,0.10657472579182196,182,energy/oil_gas,21,ols_winsorized_raw,tema_arındırılmış
ear_3d,0.008940224162241554,0.4803244830411465,0.0005977891095089461,0.14055504632875795,0.10657472579182196,182,energy/oil_gas,21,ols_winsorized_raw,ham
ear_3d,0.0014181310891568627,1.2472544325017751,0.0014181310891568627,0.1565843845237744,0.12338861345398765,182,energy/oil_gas,21,wls_sqrt_mcap,tema_arındırılmış
ear_3d,0.0014181310891568627,1.2472544325017751,0.0014181310891568627,0.1565843845237744,0.12338861345398765,182,energy/oil_gas,21,wls_sqrt_mcap,ham
ear_3d,-0.0009686620757541513,-0.4088113126594132,-0.0009686620757541513,0.13706624816690827,0.10287343676997524,180,energy/oil_gas,63,ols_rank_normal,tema_arındırılmış
ear_3d,-0.0009686620757541528,-0.40881131265941384,-0.0009686620757541528,0.13706624816690824,0.10287343676997524,180,energy/oil_gas,63,ols_rank_normal,ham
ear_3d,-0.018206629964923157,-0.47104187994963587,-0.0012164282730950456,0.1375103320073922,0.10335064042688731,180,energy/oil_gas,63,ols_winsorized_raw,tema_arındırılmış
ear_3d,-0.01820662996492315,-0.4710418799496357,-0.0012164282730950451,0.13751033200739216,0.10335064042688731,180,energy/oil_gas,63,ols_winsorized_raw,ham
ear_3d,0.0009420849352124387,0.4085099623934985,0.0009420849352124387,0.15730458645703274,0.12403513576983806,180,energy/oil_gas,63,wls_sqrt_mcap,tema_arındırılmış
ear_3d,0.000942084935212438,0.40850996239349807,0.000942084935212438,0.15730458645703274,0.12403513576983803,180,energy/oil_gas,63,wls_sqrt_mcap,ham
ear_3d,-0.0017795789884067195,-0.37580572687968317,-0.0017795789884067195,0.13792031928129125,0.10358048817525599,177,energy/oil_gas,126,ols_rank_normal,tema_arındırılmış
ear_3d,-0.0017795789884067189,-0.37580572687968306,-0.0017795789884067189,0.13792031928129125,0.10358048817525599,177,energy/oil_gas,126,ols_rank_normal,ham
ear_3d,-0.01058937651520274,-0.13267072744727323,-0.0007083869566847276,0.1371661545729359,0.10282037795196784,177,energy/oil_gas,126,ols_winsorized_raw,tema_arındırılmış
ear_3d,-0.010589376515202678,-0.13267072744727246,-0.0007083869566847235,0.1371661545729359,0.10282037795196787,177,energy/oil_gas,126,ols_winsorized_raw,ham
ear_3d,0.0007440468239948097,0.17163753661683936,0.0007440468239948097,0.1586960290379328,0.1253631727109148,177,energy/oil_gas,126,wls_sqrt_mcap,tema_arındırılmış
ear_3d,0.0007440468239948118,0.17163753661683984,0.0007440468239948118,0.1586960290379328,0.12536317271091477,177,energy/oil_gas,126,wls_sqrt_mcap,ham
ebit_ev,-0.0008485699272521784,-0.5315830125946451,-0.0008485699272521784,0.163452520586977,0.12435488803187261,182,energy/oil_gas,21,ols_rank_normal,tema_arındırılmış
ebit_ev,-0.00084856992725218,-0.5315830125946459,-0.00084856992725218,0.16345252058697704,0.12435488803187261,182,energy/oil_gas,21,ols_rank_normal,ham
ebit_ev,-0.004081138140145985,-0.2674278814418402,-0.001139484739525695,0.1616963913168965,0.12252025061630645,182,energy/oil_gas,21,ols_winsorized_raw,tema_arındırılmış
ebit_ev,-0.004081138140145983,-0.26742788144184015,-0.0011394847395256947,0.1616963913168965,0.12252025061630645,182,energy/oil_gas,21,ols_winsorized_raw,ham
ebit_ev,-0.0003498115887220067,-0.22041600680224474,-0.0003498115887220067,0.18498677220887433,0.1470192848790307,182,energy/oil_gas,21,wls_sqrt_mcap,tema_arındırılmış
ebit_ev,-0.00034981158872200463,-0.22041600680224346,-0.00034981158872200463,0.18498677220887433,0.14701928487903068,182,energy/oil_gas,21,wls_sqrt_mcap,ham
ebit_ev,-0.003568507215263652,-0.8002132968303319,-0.003568507215263652,0.1573803308622766,0.1175358035436785,180,energy/oil_gas,63,ols_rank_normal,tema_arındırılmış
ebit_ev,-0.0035685072152636535,-0.8002132968303323,-0.0035685072152636535,0.1573803308622766,0.11753580354367849,180,energy/oil_gas,63,ols_rank_normal,ham
ebit_ev,-0.021727186481691155,-0.4929350400663408,-0.006116301147015103,0.15291728708112215,0.1128173686281305,180,energy/oil_gas,63,ols_winsorized_raw,tema_arındırılmış
ebit_ev,-0.021727186481691113,-0.4929350400663399,-0.006116301147015091,0.15291728708112212,0.11281736862813045,180,energy/oil_gas,63,ols_winsorized_raw,ham
ebit_ev,-0.002867835912607449,-0.6478457390969908,-0.002867835912607449,0.18911777824130385,0.15082067547963712,180,energy/oil_gas,63,wls_sqrt_mcap,tema_arındırılmış
ebit_ev,-0.002867835912607444,-0.6478457390969898,-0.002867835912607444,0.18911777824130385,0.1508206754796371,180,energy/oil_gas,63,wls_sqrt_mcap,ham
ebit_ev,-0.007879078246209224,-1.0483292477234227,-0.007879078246209224,0.1559601787582173,0.11581311565052188,177,energy/oil_gas,126,ols_rank_normal,tema_arındırılmış
ebit_ev,-0.007879078246209224,-1.0483292477234227,-0.007879078246209224,0.1559601787582173,0.11581311565052188,177,energy/oil_gas,126,ols_rank_normal,ham
ebit_ev,-0.07353479040922095,-0.9616430215528196,-0.020951301474115582,0.1536631859113291,0.11340581646374916,177,energy/oil_gas,126,ols_winsorized_raw,tema_arındırılmış
ebit_ev,-0.07353479040922097,-0.9616430215528197,-0.020951301474115586,0.15366318591132913,0.11340581646374916,177,energy/oil_gas,126,ols_winsorized_raw,ham
ebit_ev,-0.00496018772398689,-0.6177424743517843,-0.00496018772398689,0.18740083348231443,0.1487971269571608,177,energy/oil_gas,126,wls_sqrt_mcap,tema_arındırılmış
ebit_ev,-0.004960187723986887,-0.6177424743517841,-0.004960187723986887,0.18740083348231443,0.1487971269571608,177,energy/oil_gas,126,wls_sqrt_mcap,ham
gross_profitability,-0.0006007608321607883,-0.3982413784935992,-0.0006007608321607883,0.17499602313791382,0.10389316788300329,179,energy/oil_gas,21,ols_rank_normal,tema_arındırılmış
gross_profitability,-0.0006007608321607881,-0.3982413784935991,-0.0006007608321607881,0.17499602313791382,0.10389316788300329,179,energy/oil_gas,21,ols_rank_normal,ham
gross_profitability,-0.013796182194931273,-1.6138630094805617,-0.00278812241738834,0.17502172049409961,0.10369303009971091,179,energy/oil_gas,21,ols_winsorized_raw,tema_arındırılmış
gross_profitability,-0.013796182194931268,-1.613863009480561,-0.002788122417388339,0.17502172049409964,0.10369303009971091,179,energy/oil_gas,21,ols_winsorized_raw,ham
gross_profitability,-0.0016648515400673402,-1.1604932869948703,-0.0016648515400673402,0.1998657860222377,0.1318734583411047,179,energy/oil_gas,21,wls_sqrt_mcap,tema_arındırılmış
gross_profitability,-0.0016648515400673445,-1.1604932869948732,-0.0016648515400673445,0.1998657860222377,0.1318734583411047,179,energy/oil_gas,21,wls_sqrt_mcap,ham
gross_profitability,-0.004100641978775655,-0.9331793758328838,-0.004100641978775655,0.17632011532480876,0.10372586944240014,177,energy/oil_gas,63,ols_rank_normal,tema_arındırılmış
gross_profitability,-0.004100641978775653,-0.9331793758328834,-0.004100641978775653,0.17632011532480876,0.10372586944240016,177,energy/oil_gas,63,ols_rank_normal,ham
gross_profitability,-0.04014185842778184,-1.7000353315596994,-0.00813492939742381,0.17415272992137204,0.1012004060221429,177,energy/oil_gas,63,ols_winsorized_raw,tema_arındırılmış
gross_profitability,-0.04014185842778183,-1.7000353315596992,-0.008134929397423808,0.17415272992137207,0.1012004060221429,177,energy/oil_gas,63,ols_winsorized_raw,ham
gross_profitability,-0.006223847554977254,-1.5085097837228265,-0.006223847554977254,0.2036250054965223,0.13425571127932678,177,energy/oil_gas,63,wls_sqrt_mcap,tema_arındırılmış
gross_profitability,-0.006223847554977255,-1.508509783722827,-0.006223847554977255,0.2036250054965223,0.1342557112793268,177,energy/oil_gas,63,wls_sqrt_mcap,ham
gross_profitability,-0.010849150016626044,-1.2363047526073527,-0.010849150016626044,0.17346628828573263,0.09982355369502752,174,energy/oil_gas,126,ols_rank_normal,tema_arındırılmış
gross_profitability,-0.010849150016626043,-1.2363047526073525,-0.010849150016626043,0.17346628828573263,0.09982355369502753,174,energy/oil_gas,126,ols_rank_normal,ham
gross_profitability,-0.09303271360277772,-2.059227419709714,-0.01893131670618432,0.17205615128221557,0.09808567012867173,174,energy/oil_gas,126,ols_winsorized_raw,tema_arındırılmış
gross_profitability,-0.09303271360277768,-2.059227419709713,-0.018931316706184313,0.17205615128221557,0.09808567012867174,174,energy/oil_gas,126,ols_winsorized_raw,ham
gross_profitability,-0.014402970701342877,-1.729065654725972,-0.014402970701342877,0.19860043654659237,0.12762730508388262,174,energy/oil_gas,126,wls_sqrt_mcap,tema_arındırılmış
gross_profitability,-0.014402970701342867,-1.7290656547259704,-0.014402970701342867,0.19860043654659237,0.12762730508388262,174,energy/oil_gas,126,wls_sqrt_mcap,ham
idio_vol_60d,-0.0016530824412304388,-0.614283468634314,-0.0016530824412304388,0.15177433060174525,0.1214017944406986,182,energy/oil_gas,21,ols_rank_normal,tema_arındırılmış
idio_vol_60d,-0.001653082441230438,-0.6142834686343138,-0.001653082441230438,0.15177433060174525,0.1214017944406986,182,energy/oil_gas,21,ols_rank_normal,ham
idio_vol_60d,-0.0027478176766651133,-0.1840013208255229,-0.0007522599321223565,0.15426270613827522,0.12397293045920614,182,energy/oil_gas,21,ols_winsorized_raw,tema_arındırılmış
idio_vol_60d,-0.002747817676665124,-0.18400132082552362,-0.0007522599321223595,0.15426270613827525,0.12397293045920614,182,energy/oil_gas,21,ols_winsorized_raw,ham
idio_vol_60d,-0.0003230807367732154,-0.13664812605902718,-0.0003230807367732154,0.17268921433694778,0.1431754578394909,182,energy/oil_gas,21,wls_sqrt_mcap,tema_arındırılmış
idio_vol_60d,-0.0003230807367732183,-0.1366481260590284,-0.0003230807367732183,0.17268921433694778,0.14317545783949093,182,energy/oil_gas,21,wls_sqrt_mcap,ham
idio_vol_60d,-0.004345393191037635,-0.6493997257746519,-0.004345393191037635,0.14229594320134403,0.11146230076593125,180,energy/oil_gas,63,ols_rank_normal,tema_arındırılmış
idio_vol_60d,-0.004345393191037632,-0.6493997257746514,-0.004345393191037632,0.14229594320134403,0.11146230076593128,180,energy/oil_gas,63,ols_rank_normal,ham
idio_vol_60d,0.0010187364906414154,0.027589757945820564,0.0002799555327641703,0.14662682730765347,0.11598812046737411,180,energy/oil_gas,63,ols_winsorized_raw,tema_arındırılmış
idio_vol_60d,0.0010187364906413983,0.027589757945820095,0.0002799555327641656,0.14662682730765347,0.11598812046737407,180,energy/oil_gas,63,ols_winsorized_raw,ham
idio_vol_60d,-0.0011656479333138564,-0.20038285379643278,-0.0011656479333138564,0.16995002984233598,0.14022199801328172,180,energy/oil_gas,63,wls_sqrt_mcap,tema_arındırılmış
idio_vol_60d,-0.0011656479333138569,-0.20038285379643284,-0.0011656479333138569,0.16995002984233598,0.14022199801328172,180,energy/oil_gas,63,wls_sqrt_mcap,ham
idio_vol_60d,-0.004036420701223765,-0.33448720128647225,-0.004036420701223765,0.144427532006659,0.11353773231909711,177,energy/oil_gas,126,ols_rank_normal,tema_arındırılmış
idio_vol_60d,-0.004036420701223766,-0.33448720128647236,-0.004036420701223766,0.144427532006659,0.11353773231909715,177,energy/oil_gas,126,ols_rank_normal,ham
idio_vol_60d,0.04795962491039336,0.6433083834537384,0.013254454930048145,0.15112578416115538,0.1205276013653279,177,energy/oil_gas,126,ols_winsorized_raw,tema_arındırılmış
idio_vol_60d,0.04795962491039337,0.6433083834537385,0.013254454930048148,0.15112578416115538,0.1205276013653279,177,energy/oil_gas,126,ols_winsorized_raw,ham
idio_vol_60d,-0.0013723708323215727,-0.11903850600903877,-0.0013723708323215727,0.1767989562983187,0.1472306653560697,177,energy/oil_gas,126,wls_sqrt_mcap,tema_arındırılmış
idio_vol_60d,-0.0013723708323215822,-0.11903850600903959,-0.0013723708323215822,0.1767989562983187,0.1472306653560697,177,energy/oil_gas,126,wls_sqrt_mcap,ham
max_ret_21d,-0.00010119773057117368,-0.05658376140256517,-0.00010119773057117368,0.1428219890906229,0.11211551467481674,182,energy/oil_gas,21,ols_rank_normal,tema_arındırılmış
max_ret_21d,-0.00010119773057117341,-0.05658376140256501,-0.00010119773057117341,0.14282198909062288,0.11211551467481672,182,energy/oil_gas,21,ols_rank_normal,ham
max_ret_21d,0.02652716311990066,0.4963996670783962,0.0008693680407154822,0.1423096320762276,0.11158804736331053,182,energy/oil_gas,21,ols_winsorized_raw,tema_arındırılmış
max_ret_21d,0.02652716311990068,0.49639966707839667,0.0008693680407154829,0.14230963207622763,0.11158804736331056,182,energy/oil_gas,21,ols_winsorized_raw,ham
max_ret_21d,0.0004930078500281314,0.31011414709146695,0.0004930078500281314,0.16191047074737022,0.1319896094970213,182,energy/oil_gas,21,wls_sqrt_mcap,tema_arındırılmış
max_ret_21d,0.0004930078500281329,0.31011414709146784,0.0004930078500281329,0.16191047074737022,0.1319896094970213,182,energy/oil_gas,21,wls_sqrt_mcap,ham
max_ret_21d,-0.00042840028120428285,-0.12226701616156696,-0.00042840028120428285,0.1326082761310954,0.10140551063272987,180,energy/oil_gas,63,ols_rank_normal,tema_arındırılmış
max_ret_21d,-0.0004284002812042825,-0.12226701616156686,-0.0004284002812042825,0.1326082761310954,0.10140551063272987,180,energy/oil_gas,63,ols_rank_normal,ham
max_ret_21d,0.013062261502753377,0.13456544796720452,0.000427124377852235,0.13279781932914841,0.10159849749731104,180,energy/oil_gas,63,ols_winsorized_raw,tema_arındırılmış
max_ret_21d,0.013062261502753407,0.13456544796720482,0.00042712437785223596,0.13279781932914841,0.101598497497311,180,energy/oil_gas,63,ols_winsorized_raw,ham
max_ret_21d,0.0010794238174647306,0.3247636200812827,0.0010794238174647306,0.15705278797494657,0.12687438369599166,180,energy/oil_gas,63,wls_sqrt_mcap,tema_arındırılmış
max_ret_21d,0.00107942381746473,0.32476362008128234,0.00107942381746473,0.15705278797494657,0.12687438369599166,180,energy/oil_gas,63,wls_sqrt_mcap,ham
max_ret_21d,-0.0033971656219595366,-0.5712793489241762,-0.0033971656219595366,0.13102857379697666,0.09964145681516019,177,energy/oil_gas,126,ols_rank_normal,tema_arındırılmış
max_ret_21d,-0.0033971656219595396,-0.5712793489241768,-0.0033971656219595396,0.13102857379697666,0.09964145681516019,177,energy/oil_gas,126,ols_rank_normal,ham
max_ret_21d,0.01689465407631924,0.0961703937256517,0.0005541793200148118,0.1302803799064371,0.09886438378483113,177,energy/oil_gas,126,ols_winsorized_raw,tema_arındırılmış
max_ret_21d,0.016894654076319317,0.09617039372565216,0.0005541793200148143,0.13028037990643712,0.09886438378483117,177,energy/oil_gas,126,ols_winsorized_raw,ham
max_ret_21d,-0.0030934890788140456,-0.49042379338531944,-0.0030934890788140456,0.16141342014279828,0.13129439625913583,177,energy/oil_gas,126,wls_sqrt_mcap,tema_arındırılmış
max_ret_21d,-0.003093489078814049,-0.49042379338531994,-0.003093489078814049,0.16141342014279828,0.1312943962591358,177,energy/oil_gas,126,wls_sqrt_mcap,ham
mom_12_1,0.0010106353193482952,0.4434379866606417,0.0010106353193482952,0.1605902833770411,0.1305366891740908,182,energy/oil_gas,21,ols_rank_normal,tema_arındırılmış
mom_12_1,0.001010635319348295,0.44343798666064166,0.001010635319348295,0.1605902833770411,0.1305366891740908,182,energy/oil_gas,21,ols_rank_normal,ham
mom_12_1,0.00123269119068765,0.1499135335447146,0.0009832040705016506,0.1609920526185954,0.13098017654114444,182,energy/oil_gas,21,ols_winsorized_raw,tema_arındırılmış
mom_12_1,0.0012326911906876475,0.14991353354471432,0.0009832040705016485,0.1609920526185954,0.13098017654114444,182,energy/oil_gas,21,ols_winsorized_raw,ham
mom_12_1,0.00028760548542473987,0.1313671549206052,0.00028760548542473987,0.18288231459252244,0.153710849025877,182,energy/oil_gas,21,wls_sqrt_mcap,tema_arındırılmış
mom_12_1,0.000287605485424741,0.13136715492060572,0.000287605485424741,0.1828823145925224,0.153710849025877,182,energy/oil_gas,21,wls_sqrt_mcap,ham
mom_12_1,0.002197798178886083,0.43427788864425376,0.002197798178886083,0.15279729806388215,0.12231689951373244,180,energy/oil_gas,63,ols_rank_normal,tema_arındırılmış
mom_12_1,0.0021977981788860834,0.4342778886442539,0.0021977981788860834,0.15279729806388215,0.12231689951373242,180,energy/oil_gas,63,ols_rank_normal,ham
mom_12_1,0.0037997615613158137,0.21376399419624476,0.0030412902370019275,0.15299818603317492,0.12255194770575888,180,energy/oil_gas,63,ols_winsorized_raw,tema_arındırılmış
mom_12_1,0.003799761561315816,0.2137639941962449,0.0030412902370019292,0.15299818603317494,0.12255194770575888,180,energy/oil_gas,63,ols_winsorized_raw,ham
mom_12_1,0.0009711555791546551,0.20047811678152894,0.0009711555791546551,0.17647411473251753,0.14691867366403366,180,energy/oil_gas,63,wls_sqrt_mcap,tema_arındırılmış
mom_12_1,0.0009711555791546536,0.20047811678152863,0.0009711555791546536,0.17647411473251748,0.1469186736640337,180,energy/oil_gas,63,wls_sqrt_mcap,ham
mom_12_1,2.454459847625695e-05,0.002778287653907909,2.454459847625695e-05,0.14788325810502298,0.11706575889540144,177,energy/oil_gas,126,ols_rank_normal,tema_arındırılmış
mom_12_1,2.4544598476253656e-05,0.0027782876539075366,2.4544598476253656e-05,0.14788325810502298,0.11706575889540144,177,energy/oil_gas,126,ols_rank_normal,ham
mom_12_1,-0.0002481111994113534,-0.00911732742079587,-0.0001991621487433769,0.14756018144605795,0.11675118312491536,177,energy/oil_gas,126,ols_winsorized_raw,tema_arındırılmış
mom_12_1,-0.00024811119941134965,-0.009117327420795735,-0.00019916214874337392,0.14756018144605795,0.11675118312491536,177,energy/oil_gas,126,ols_winsorized_raw,ham
mom_12_1,-0.0036502504407171813,-0.4146509686890126,-0.0036502504407171813,0.17299330692096987,0.14321598868996085,177,energy/oil_gas,126,wls_sqrt_mcap,tema_arındırılmış
mom_12_1,-0.0036502504407171787,-0.41465096868901247,-0.0036502504407171787,0.17299330692096987,0.14321598868996085,177,energy/oil_gas,126,wls_sqrt_mcap,ham
net_debt_ebitda,-0.0004876247987220279,-0.3257860953876368,-0.0004876247987220279,0.15990561767783165,0.1153240987998654,182,energy/oil_gas,21,ols_rank_normal,tema_arındırılmış
net_debt_ebitda,-0.00048762479872202686,-0.3257860953876361,-0.00048762479872202686,0.15990561767783168,0.11532409879986537,182,energy/oil_gas,21,ols_rank_normal,ham
net_debt_ebitda,4.081430008814857e-05,0.10981481904214808,0.0001775877954462429,0.15663055490017347,0.11201274483743968,182,energy/oil_gas,21,ols_winsorized_raw,tema_arındırılmış
net_debt_ebitda,4.081430008814796e-05,0.10981481904214643,0.00017758779544624025,0.15663055490017347,0.11201274483743968,182,energy/oil_gas,21,ols_winsorized_raw,ham
net_debt_ebitda,-0.0009286250806711363,-0.6070594117866861,-0.0009286250806711363,0.1825619737060036,0.1392119118078765,182,energy/oil_gas,21,wls_sqrt_mcap,tema_arındırılmış
net_debt_ebitda,-0.0009286250806711336,-0.6070594117866842,-0.0009286250806711336,0.1825619737060036,0.1392119118078765,182,energy/oil_gas,21,wls_sqrt_mcap,ham
net_debt_ebitda,-0.002504774294478353,-0.6413799008406635,-0.002504774294478353,0.15760000407231484,0.1126033503199045,180,energy/oil_gas,63,ols_rank_normal,tema_arındırılmış
net_debt_ebitda,-0.0025047742944783557,-0.6413799008406642,-0.0025047742944783557,0.15760000407231484,0.1126033503199045,180,energy/oil_gas,63,ols_rank_normal,ham
net_debt_ebitda,1.2567190099148517e-05,0.012061969181349646,5.486853764618339e-05,0.15185174248139058,0.10662180711811733,180,energy/oil_gas,63,ols_winsorized_raw,tema_arındırılmış
net_debt_ebitda,1.2567190099146897e-05,0.01206196918134809,5.4868537646176315e-05,0.1518517424813906,0.10662180711811736,180,energy/oil_gas,63,ols_winsorized_raw,ham
net_debt_ebitda,-0.0038517319708506657,-0.9663452444976202,-0.0038517319708506657,0.18817289603877005,0.14483514385183907,180,energy/oil_gas,63,wls_sqrt_mcap,tema_arındırılmış
net_debt_ebitda,-0.0038517319708506657,-0.9663452444976204,-0.0038517319708506657,0.18817289603877005,0.1448351438518391,180,energy/oil_gas,63,wls_sqrt_mcap,ham
net_debt_ebitda,-0.007011378387296099,-1.1912960329602496,-0.007011378387296099,0.15324240783676518,0.10770452708458299,177,energy/oil_gas,126,ols_rank_normal,tema_arındırılmış
net_debt_ebitda,-0.007011378387296104,-1.1912960329602504,-0.007011378387296104,0.15324240783676518,0.107704527084583,177,energy/oil_gas,126,ols_rank_normal,ham
net_debt_ebitda,-0.000675615615991811,-0.416630187576816,-0.0029712592554552854,0.146871283099375,0.10098261830225087,177,energy/oil_gas,126,ols_winsorized_raw,tema_arındırılmış
net_debt_ebitda,-0.0006756156159918145,-0.41663018757681813,-0.0029712592554553005,0.146871283099375,0.1009826183022509,177,energy/oil_gas,126,ols_winsorized_raw,ham
net_debt_ebitda,-0.009345758381377215,-1.4384718193632173,-0.009345758381377215,0.18582729045498375,0.14210754902870193,177,energy/oil_gas,126,wls_sqrt_mcap,tema_arındırılmış
net_debt_ebitda,-0.009345758381377219,-1.4384718193632182,-0.009345758381377219,0.18582729045498375,0.14210754902870193,177,energy/oil_gas,126,wls_sqrt_mcap,ham
ocf_ev,0.0006456114457935813,0.4267011058258965,0.0006456114457935813,0.15434197392961527,0.12162632721230765,182,energy/oil_gas,21,ols_rank_normal,tema_arındırılmış
ocf_ev,0.0006456114457935801,0.42670110582589565,0.0006456114457935801,0.1543419739296153,0.12162632721230765,182,energy/oil_gas,21,ols_rank_normal,ham
ocf_ev,0.010772116625374119,0.6101461826461954,0.0008938833636942022,0.15356039057283205,0.12088777683926998,182,energy/oil_gas,21,ols_winsorized_raw,tema_arındırılmış
ocf_ev,0.010772116625374105,0.6101461826461945,0.0008938833636942011,0.15356039057283205,0.12088777683926998,182,energy/oil_gas,21,ols_winsorized_raw,ham
ocf_ev,0.0012303969308294779,0.7835820539723156,0.0012303969308294779,0.18128470896761043,0.1497672208578405,182,energy/oil_gas,21,wls_sqrt_mcap,tema_arındırılmış
ocf_ev,0.0012303969308294837,0.783582053972319,0.0012303969308294837,0.18128470896761043,0.1497672208578405,182,energy/oil_gas,21,wls_sqrt_mcap,ham
ocf_ev,-0.0003525643871917259,-0.0954377256789569,-0.0003525643871917259,0.14608644592959547,0.11278787833088705,180,energy/oil_gas,63,ols_rank_normal,tema_arındırılmış
ocf_ev,-0.00035256438719172696,-0.09543772567895721,-0.00035256438719172696,0.14608644592959547,0.11278787833088705,180,energy/oil_gas,63,ols_rank_normal,ham
ocf_ev,0.007647092223089739,0.1664690735734042,0.0006349716107535501,0.14465473935418596,0.11132272779854652,180,energy/oil_gas,63,ols_winsorized_raw,tema_arındırılmış
ocf_ev,0.007647092223089723,0.16646907357340382,0.0006349716107535488,0.14465473935418593,0.11132272779854653,180,energy/oil_gas,63,ols_winsorized_raw,ham
ocf_ev,0.0007593677747983905,0.19058210673433992,0.0007593677747983905,0.1805601839545416,0.14882910023003898,180,energy/oil_gas,63,wls_sqrt_mcap,tema_arındırılmış
ocf_ev,0.0007593677747983924,0.19058210673434045,0.0007593677747983924,0.1805601839545416,0.14882910023003895,180,energy/oil_gas,63,wls_sqrt_mcap,ham
ocf_ev,-0.0014703678241249673,-0.21458866259537557,-0.0014703678241249673,0.13997673463752372,0.10630531755608305,177,energy/oil_gas,126,ols_rank_normal,tema_arındırılmış
ocf_ev,-0.001470367824124965,-0.21458866259537523,-0.001470367824124965,0.13997673463752372,0.10630531755608305,177,energy/oil_gas,126,ols_rank_normal,ham
ocf_ev,-0.004945155975000071,-0.053256937627547345,-0.00041064591120528723,0.1409041962300524,0.10728314921965851,177,energy/oil_gas,126,ols_winsorized_raw,tema_arındırılmış
ocf_ev,-0.004945155975000066,-0.053256937627547296,-0.0004106459112052868,0.1409041962300524,0.10728314921965851,177,energy/oil_gas,126,ols_winsorized_raw,ham
ocf_ev,0.00039899185096877176,0.053764819415450485,0.00039899185096877176,0.17746824298209937,0.14560056804411053,177,energy/oil_gas,126,wls_sqrt_mcap,tema_arındırılmış
ocf_ev,0.0003989918509687755,0.053764819415451,0.0003989918509687755,0.17746824298209937,0.14560056804411056,177,energy/oil_gas,126,wls_sqrt_mcap,ham
oil_beta_trend,-0.0002671163168802291,-0.11007877207938203,-0.0002671163168802291,0.1578067733388007,0.12688301197957713,182,energy/oil_gas,21,ols_rank_normal,tema_arındırılmış
oil_beta_trend,-0.0002671163168802282,-0.11007877207938165,-0.0002671163168802282,0.1578067733388007,0.12688301197957713,182,energy/oil_gas,21,ols_rank_normal,ham
oil_beta_trend,0.0018216054667957971,0.20621388148290862,0.0006888803912341767,0.15633875173762107,0.12537473106554764,182,energy/oil_gas,21,ols_winsorized_raw,tema_arındırılmış
oil_beta_trend,0.001821605466795802,0.20621388148290926,0.0006888803912341785,0.15633875173762105,0.12537473106554764,182,energy/oil_gas,21,ols_winsorized_raw,ham
oil_beta_trend,0.0007914376576053488,0.3594243888352642,0.0007914376576053488,0.18007571831842384,0.150084580134584,182,energy/oil_gas,21,wls_sqrt_mcap,tema_arındırılmış
oil_beta_trend,0.0007914376576053525,0.35942438883526606,0.0007914376576053525,0.18007571831842384,0.150084580134584,182,energy/oil_gas,21,wls_sqrt_mcap,ham
oil_beta_trend,-0.003222710558664106,-0.5838254145528757,-0.003222710558664106,0.15757438886926514,0.12645539995965727,180,energy/oil_gas,63,ols_rank_normal,tema_arındırılmış
oil_beta_trend,-0.0032227105586641078,-0.5838254145528758,-0.0032227105586641078,0.15757438886926514,0.12645539995965727,180,energy/oil_gas,63,ols_rank_normal,ham
oil_beta_trend,-0.00320867553728766,-0.1505594883451772,-0.0012190852347831055,0.15753854987359797,0.12643184896737902,180,energy/oil_gas,63,ols_winsorized_raw,tema_arındırılmış
oil_beta_trend,-0.0032086755372876504,-0.15055948834517677,-0.0012190852347831018,0.15753854987359794,0.126431848967379,180,energy/oil_gas,63,ols_winsorized_raw,ham
oil_beta_trend,-0.0019549833577614537,-0.37370986714192994,-0.0019549833577614537,0.1823689304340676,0.15229126911838417,180,energy/oil_gas,63,wls_sqrt_mcap,tema_arındırılmış
oil_beta_trend,-0.0019549833577614454,-0.3737098671419284,-0.0019549833577614454,0.1823689304340676,0.15229126911838414,180,energy/oil_gas,63,wls_sqrt_mcap,ham
oil_beta_trend,-0.002293598379693224,-0.23338245520882983,-0.002293598379693224,0.15909921954794287,0.12793059828099748,177,energy/oil_gas,126,ols_rank_normal,tema_arındırılmış
oil_beta_trend,-0.002293598379693223,-0.2333824552088298,-0.002293598379693223,0.15909921954794287,0.12793059828099748,177,energy/oil_gas,126,ols_rank_normal,ham
oil_beta_trend,0.007838542681344577,0.2134817456216115,0.002997926878489404,0.1567314812783043,0.1254867567394245,177,energy/oil_gas,126,ols_winsorized_raw,tema_arındırılmış
oil_beta_trend,0.007838542681344592,0.2134817456216119,0.00299792687848941,0.15673148127830433,0.12548675673942447,177,energy/oil_gas,126,ols_winsorized_raw,ham
oil_beta_trend,-0.00199753843881308,-0.20677584902473786,-0.00199753843881308,0.1874083097107838,0.15746060619137056,177,energy/oil_gas,126,wls_sqrt_mcap,tema_arındırılmış
oil_beta_trend,-0.0019975384388130854,-0.20677584902473845,-0.0019975384388130854,0.18740830971078373,0.1574606061913706,177,energy/oil_gas,126,wls_sqrt_mcap,ham
share_issuance,0.0012115955247544588,0.9687524629066985,0.0012115955247544588,0.14395844362960372,0.10977448391323633,182,energy/oil_gas,21,ols_rank_normal,tema_arındırılmış
share_issuance,0.0012115955247544597,0.9687524629066991,0.0012115955247544597,0.14395844362960372,0.10977448391323635,182,energy/oil_gas,21,ols_rank_normal,ham
share_issuance,0.0002206662210247131,0.03125039485953287,4.060061496466557e-05,0.14093880717153562,0.10664997111707579,182,energy/oil_gas,21,ols_winsorized_raw,tema_arındırılmış
share_issuance,0.0002206662210247115,0.03125039485953265,4.060061496466528e-05,0.14093880717153565,0.10664997111707582,182,energy/oil_gas,21,ols_winsorized_raw,ham
share_issuance,0.0010796222997293164,0.928058482211237,0.0010796222997293164,0.16873396295583934,0.13567646143913042,182,energy/oil_gas,21,wls_sqrt_mcap,tema_arındırılmış
share_issuance,0.0010796222997293211,0.9280584822112408,0.0010796222997293211,0.16873396295583937,0.13567646143913045,182,energy/oil_gas,21,wls_sqrt_mcap,ham
share_issuance,0.0034955356176528574,1.1363575253102336,0.0034955356176528574,0.13509198386739338,0.10023563724723333,180,energy/oil_gas,63,ols_rank_normal,tema_arındırılmış
share_issuance,0.0034955356176528574,1.1363575253102338,0.0034955356176528574,0.1350919838673934,0.10023563724723336,180,energy/oil_gas,63,ols_rank_normal,ham
share_issuance,0.0028769711105997024,0.17103476369043497,0.0005300969402381893,0.13284769665349938,0.09794968251809834,180,energy/oil_gas,63,ols_winsorized_raw,tema_arındırılmış
share_issuance,0.002876971110599734,0.17103476369043683,0.0005300969402381951,0.13284769665349938,0.09794968251809834,180,energy/oil_gas,63,ols_winsorized_raw,ham
share_issuance,0.0030949719053355394,1.059954212267621,0.0030949719053355394,0.1643189219289868,0.13084591610627963,180,energy/oil_gas,63,wls_sqrt_mcap,tema_arındırılmış
share_issuance,0.003094971905335542,1.059954212267622,0.003094971905335542,0.1643189219289868,0.13084591610627963,180,energy/oil_gas,63,wls_sqrt_mcap,ham
share_issuance,0.0074002524070997736,1.2841510285170883,0.0074002524070997736,0.136434222314915,0.1015323953727303,177,energy/oil_gas,126,ols_rank_normal,tema_arındırılmış
share_issuance,0.0074002524070997736,1.2841510285170885,0.0074002524070997736,0.136434222314915,0.10153239537273032,177,energy/oil_gas,126,ols_rank_normal,ham
share_issuance,0.01725283736235706,0.5379667074820011,0.0031910330616300004,0.1320969106868885,0.09708128992269247,177,energy/oil_gas,126,ols_winsorized_raw,tema_arındırılmış
share_issuance,0.017252837362357092,0.537966707482002,0.003191033061630006,0.1320969106868885,0.09708128992269245,177,energy/oil_gas,126,ols_winsorized_raw,ham
share_issuance,0.005553084611020197,0.910922931334186,0.005553084611020197,0.16801342283031523,0.13468523239593042,177,energy/oil_gas,126,wls_sqrt_mcap,tema_arındırılmış
share_issuance,0.00555308461102021,0.9109229313341886,0.00555308461102021,0.1680134228303152,0.13468523239593042,177,energy/oil_gas,126,wls_sqrt_mcap,ham
sue_announce,0.0010203806769455484,0.7984461675832794,0.0010203806769455484,0.18289555264071067,0.12256814183824576,182,energy/oil_gas,21,ols_rank_normal,tema_arındırılmış
sue_announce,0.001020380676945548,0.7984461675832788,0.001020380676945548,0.18289555264071067,0.12256814183824576,182,energy/oil_gas,21,ols_rank_normal,ham
sue_announce,0.000739142545556848,0.6192952425166418,0.0008609467127242764,0.1896008165525913,0.12984294619167908,182,energy/oil_gas,21,ols_winsorized_raw,tema_arındırılmış
sue_announce,0.000739142545556846,0.61929524251664,0.0008609467127242742,0.1896008165525913,0.1298429461916791,182,energy/oil_gas,21,ols_winsorized_raw,ham
sue_announce,0.0010402531162840682,0.9390672021341215,0.0010402531162840682,0.1842444407743012,0.12389667925937325,182,energy/oil_gas,21,wls_sqrt_mcap,tema_arındırılmış
sue_announce,0.0010402531162840719,0.9390672021341251,0.0010402531162840719,0.1842444407743012,0.12389667925937325,182,energy/oil_gas,21,wls_sqrt_mcap,ham
sue_announce,0.0012084770030467292,0.3908379855345156,0.0012084770030467292,0.1644636614018542,0.10252169371603968,180,energy/oil_gas,63,ols_rank_normal,tema_arındırılmış
sue_announce,0.0012084770030467303,0.39083798553451604,0.0012084770030467303,0.1644636614018542,0.10252169371603968,180,energy/oil_gas,63,ols_rank_normal,ham
sue_announce,0.0017289479467447065,0.6174346676772174,0.002011303861004137,0.16940546491004718,0.10788135091211848,180,energy/oil_gas,63,ols_winsorized_raw,tema_arındırılmış
sue_announce,0.001728947946744708,0.6174346676772181,0.0020113038610041385,0.1694054649100472,0.10788135091211848,180,energy/oil_gas,63,ols_winsorized_raw,ham
sue_announce,0.0017143214827846987,0.6307960597413034,0.0017143214827846987,0.17031960745378766,0.1087459627706093,180,energy/oil_gas,63,wls_sqrt_mcap,tema_arındırılmış
sue_announce,0.0017143214827847065,0.6307960597413063,0.0017143214827847065,0.17031960745378766,0.1087459627706093,180,energy/oil_gas,63,wls_sqrt_mcap,ham
sue_announce,-0.00012615270199321026,-0.0250380541687352,-0.00012615270199321026,0.15607450733588601,0.09310175448449612,177,energy/oil_gas,126,ols_rank_normal,tema_arındırılmış
sue_announce,-0.00012615270199320953,-0.025038054168735054,-0.00012615270199320953,0.15607450733588601,0.09310175448449612,177,energy/oil_gas,126,ols_rank_normal,ham
sue_announce,0.0008787594425046972,0.2056509979475745,0.0010214214670709056,0.15828881253662375,0.09551491857190392,177,energy/oil_gas,126,ols_winsorized_raw,tema_arındırılmış
sue_announce,0.0008787594425046928,0.2056509979475735,0.0010214214670709006,0.15828881253662377,0.09551491857190396,177,energy/oil_gas,126,ols_winsorized_raw,ham
sue_announce,0.0005188912080076411,0.12750246887255637,0.0005188912080076411,0.165564608112739,0.10329466466632692,177,energy/oil_gas,126,wls_sqrt_mcap,tema_arındırılmış
sue_announce,0.0005188912080076539,0.1275024688725595,0.0005188912080076539,0.16556460811273896,0.10329466466632692,177,energy/oil_gas,126,wls_sqrt_mcap,ham
asset_growth,0.011607533733413935,2.1689115493529996,0.011607533733413935,0.8235096344705529,0.3135833169648355,17,energy/oil_gas,21,ols_rank_normal_all,tema_arındırılmış
capex_at,0.0017165379350935128,0.2019795618457254,0.0017165379350935128,0.8235096344705529,0.3135833169648355,17,energy/oil_gas,21,ols_rank_normal_all,tema_arındırılmış
cash_runway_years,-0.003301017418988607,-0.17395356610999615,-0.003301017418988607,0.8235096344705529,0.3135833169648355,17,energy/oil_gas,21,ols_rank_normal_all,tema_arındırılmış
cop_at,-0.005641733740301854,-0.5492704515548492,-0.005641733740301854,0.8235096344705529,0.3135833169648355,17,energy/oil_gas,21,ols_rank_normal_all,tema_arındırılmış
dist_52w_high,-0.013577613742625992,-0.9306154618380612,-0.013577613742625992,0.8235096344705529,0.3135833169648355,17,energy/oil_gas,21,ols_rank_normal_all,tema_arındırılmış
droe,-0.0075597707623878485,-0.7883028109409874,-0.0075597707623878485,0.8235096344705529,0.3135833169648355,17,energy/oil_gas,21,ols_rank_normal_all,tema_arındırılmış
ear_3d,-0.003309364177782045,-0.8181216561960701,-0.003309364177782045,0.8235096344705529,0.3135833169648355,17,energy/oil_gas,21,ols_rank_normal_all,tema_arındırılmış
ebit_ev,0.0014320997131217674,0.23729521774077997,0.0014320997131217674,0.8235096344705529,0.3135833169648355,17,energy/oil_gas,21,ols_rank_normal_all,tema_arındırılmış
gross_profitability,-0.000236804960134217,-0.030412866502565077,-0.000236804960134217,0.8235096344705529,0.3135833169648355,17,energy/oil_gas,21,ols_rank_normal_all,tema_arındırılmış
idio_vol_60d,-0.005598361546766689,-0.3862967735591379,-0.005598361546766689,0.8235096344705529,0.3135833169648355,17,energy/oil_gas,21,ols_rank_normal_all,tema_arındırılmış
max_ret_21d,0.016594066611103294,1.6402175164467674,0.016594066611103294,0.8235096344705529,0.3135833169648355,17,energy/oil_gas,21,ols_rank_normal_all,tema_arındırılmış
mom_12_1,0.00472795042165472,0.33626016226133254,0.00472795042165472,0.8235096344705529,0.3135833169648355,17,energy/oil_gas,21,ols_rank_normal_all,tema_arındırılmış
net_debt_ebitda,0.01673668855934905,2.083761316411072,0.01673668855934905,0.8235096344705529,0.3135833169648355,17,energy/oil_gas,21,ols_rank_normal_all,tema_arındırılmış
ocf_ev,0.007551609950435364,0.5079347406328983,0.007551609950435364,0.8235096344705529,0.3135833169648355,17,energy/oil_gas,21,ols_rank_normal_all,tema_arındırılmış
oil_beta_trend,0.0028574841722024285,0.26425305925556236,0.0028574841722024285,0.8235096344705529,0.3135833169648355,17,energy/oil_gas,21,ols_rank_normal_all,tema_arındırılmış
profitable_growth,-0.0020578996164349016,-0.2574635617452706,-0.0020578996164349016,0.8235096344705529,0.3135833169648355,17,energy/oil_gas,21,ols_rank_normal_all,tema_arındırılmış
share_issuance,-0.005034851826779875,-0.6272966781962789,-0.005034851826779875,0.8235096344705529,0.3135833169648355,17,energy/oil_gas,21,ols_rank_normal_all,tema_arındırılmış
sue,-0.007622286282128756,-0.7902626682741163,-0.007622286282128756,0.8235096344705529,0.3135833169648355,17,energy/oil_gas,21,ols_rank_normal_all,tema_arındırılmış
sue_announce,0.012124583447797446,1.6926201496473376,0.012124583447797446,0.8235096344705529,0.3135833169648355,17,energy/oil_gas,21,ols_rank_normal_all,tema_arındırılmış
asset_growth,0.016418202375892775,1.1599529243230078,0.016418202375892775,0.7965221165456259,0.19789620963091323,17,energy/oil_gas,63,ols_rank_normal_all,tema_arındırılmış
capex_at,0.0049221730348080455,0.41631299054037996,0.0049221730348080455,0.7965221165456259,0.19789620963091323,17,energy/oil_gas,63,ols_rank_normal_all,tema_arındırılmış
cash_runway_years,0.05781128049195061,1.5909526414388677,0.05781128049195061,0.7965221165456259,0.19789620963091323,17,energy/oil_gas,63,ols_rank_normal_all,tema_arındırılmış
cop_at,-0.004364602603755178,-0.1793384057015417,-0.004364602603755178,0.7965221165456259,0.19789620963091323,17,energy/oil_gas,63,ols_rank_normal_all,tema_arındırılmış
dist_52w_high,-0.021727768386637872,-1.7698264094980725,-0.021727768386637872,0.7965221165456259,0.19789620963091323,17,energy/oil_gas,63,ols_rank_normal_all,tema_arındırılmış
droe,-0.010370218114128806,-0.7400552788800265,-0.010370218114128806,0.7965221165456259,0.19789620963091323,17,energy/oil_gas,63,ols_rank_normal_all,tema_arındırılmış
ear_3d,-0.014873796844240473,-2.188749640603404,-0.014873796844240473,0.7965221165456259,0.19789620963091323,17,energy/oil_gas,63,ols_rank_normal_all,tema_arındırılmış
ebit_ev,-0.017119153505343227,-1.3927972850293437,-0.017119153505343227,0.7965221165456259,0.19789620963091323,17,energy/oil_gas,63,ols_rank_normal_all,tema_arındırılmış
gross_profitability,-0.001476574297298867,-0.11037530799420646,-0.001476574297298867,0.7965221165456259,0.19789620963091323,17,energy/oil_gas,63,ols_rank_normal_all,tema_arındırılmış
idio_vol_60d,0.013822488917587096,0.7980940556875206,0.013822488917587096,0.7965221165456259,0.19789620963091323,17,energy/oil_gas,63,ols_rank_normal_all,tema_arındırılmış
max_ret_21d,0.014741346425591603,0.7773462051598233,0.014741346425591603,0.7965221165456259,0.19789620963091323,17,energy/oil_gas,63,ols_rank_normal_all,tema_arındırılmış
mom_12_1,-0.011169062301312425,-0.29510745064390276,-0.011169062301312425,0.7965221165456259,0.19789620963091323,17,energy/oil_gas,63,ols_rank_normal_all,tema_arındırılmış
net_debt_ebitda,0.02691366276339804,1.703944028173501,0.02691366276339804,0.7965221165456259,0.19789620963091323,17,energy/oil_gas,63,ols_rank_normal_all,tema_arındırılmış
ocf_ev,-0.01693148763480862,-0.5204944343954132,-0.01693148763480862,0.7965221165456259,0.19789620963091323,17,energy/oil_gas,63,ols_rank_normal_all,tema_arındırılmış
oil_beta_trend,-0.00773988538397937,-0.36432552891925707,-0.00773988538397937,0.7965221165456259,0.19789620963091323,17,energy/oil_gas,63,ols_rank_normal_all,tema_arındırılmış
profitable_growth,-0.018617578740066955,-2.643375603634197,-0.018617578740066955,0.7965221165456259,0.19789620963091323,17,energy/oil_gas,63,ols_rank_normal_all,tema_arındırılmış
share_issuance,0.0020229230275600296,0.2043057336131018,0.0020229230275600296,0.7965221165456259,0.19789620963091323,17,energy/oil_gas,63,ols_rank_normal_all,tema_arındırılmış
sue,-0.012926626613963614,-0.714758806967782,-0.012926626613963614,0.7965221165456259,0.19789620963091323,17,energy/oil_gas,63,ols_rank_normal_all,tema_arındırılmış
sue_announce,0.025377634510608975,1.9831055408957747,0.025377634510608975,0.7965221165456259,0.19789620963091323,17,energy/oil_gas,63,ols_rank_normal_all,tema_arındırılmış
asset_growth,0.045674195094295454,1.99700342943179,0.045674195094295454,0.8087797780810622,0.18407294647493413,17,energy/oil_gas,126,ols_rank_normal_all,tema_arındırılmış
capex_at,-0.011552526711052167,-2.2059000918448475,-0.011552526711052167,0.8087797780810622,0.18407294647493413,17,energy/oil_gas,126,ols_rank_normal_all,tema_arındırılmış
cash_runway_years,0.15106274210553014,6.567529925516904,0.15106274210553014,0.8087797780810622,0.18407294647493413,17,energy/oil_gas,126,ols_rank_normal_all,tema_arındırılmış
cop_at,0.002362530391770691,0.06162205527966955,0.002362530391770691,0.8087797780810622,0.18407294647493413,17,energy/oil_gas,126,ols_rank_normal_all,tema_arındırılmış
dist_52w_high,-0.016962752781106614,-0.6716409259285665,-0.016962752781106614,0.8087797780810622,0.18407294647493413,17,energy/oil_gas,126,ols_rank_normal_all,tema_arındırılmış
droe,-0.000985045436444824,-0.04581843458168852,-0.000985045436444824,0.8087797780810622,0.18407294647493413,17,energy/oil_gas,126,ols_rank_normal_all,tema_arındırılmış
ear_3d,-0.021149226146947506,-1.3952925062663044,-0.021149226146947506,0.8087797780810622,0.18407294647493413,17,energy/oil_gas,126,ols_rank_normal_all,tema_arındırılmış
ebit_ev,-0.05298736308246808,-3.260535310841789,-0.05298736308246808,0.8087797780810622,0.18407294647493413,17,energy/oil_gas,126,ols_rank_normal_all,tema_arındırılmış
gross_profitability,-0.032952824292974914,-2.126999852376878,-0.032952824292974914,0.8087797780810622,0.18407294647493413,17,energy/oil_gas,126,ols_rank_normal_all,tema_arındırılmış
idio_vol_60d,0.08587188055718341,3.237426244004882,0.08587188055718341,0.8087797780810622,0.18407294647493413,17,energy/oil_gas,126,ols_rank_normal_all,tema_arındırılmış
max_ret_21d,-0.004748626139051514,-0.2057036633153166,-0.004748626139051514,0.8087797780810622,0.18407294647493413,17,energy/oil_gas,126,ols_rank_normal_all,tema_arındırılmış
mom_12_1,-0.05846608487063427,-0.6772978545065366,-0.05846608487063427,0.8087797780810622,0.18407294647493413,17,energy/oil_gas,126,ols_rank_normal_all,tema_arındırılmış
net_debt_ebitda,0.014648910927940772,0.47213530236359874,0.014648910927940772,0.8087797780810622,0.18407294647493413,17,energy/oil_gas,126,ols_rank_normal_all,tema_arındırılmış
ocf_ev,-0.025058400282158735,-0.5538131590288317,-0.025058400282158735,0.8087797780810622,0.18407294647493413,17,energy/oil_gas,126,ols_rank_normal_all,tema_arındırılmış
oil_beta_trend,-0.04992464616755372,-1.1103007294833576,-0.04992464616755372,0.8087797780810622,0.18407294647493413,17,energy/oil_gas,126,ols_rank_normal_all,tema_arındırılmış
profitable_growth,-0.018180041369225516,-0.7666147687095408,-0.018180041369225516,0.8087797780810622,0.18407294647493413,17,energy/oil_gas,126,ols_rank_normal_all,tema_arındırılmış
share_issuance,0.05045129677504212,3.011768328549104,0.05045129677504212,0.8087797780810622,0.18407294647493413,17,energy/oil_gas,126,ols_rank_normal_all,tema_arındırılmış
sue,0.01067138766529897,0.24577422488126108,0.01067138766529897,0.8087797780810622,0.18407294647493413,17,energy/oil_gas,126,ols_rank_normal_all,tema_arındırılmış
sue_announce,0.02037865250874647,1.0873576676705399,0.02037865250874647,0.8087797780810622,0.18407294647493413,17,energy/oil_gas,126,ols_rank_normal_all,tema_arındırılmış
asset_growth,-4.708294116307386e-05,-0.05310078104791126,-4.708294116307386e-05,0.263727845877696,0.13747522273050994,181,energy/power_utilities,21,ols_rank_normal,tema_arındırılmış
asset_growth,-4.7082941163074545e-05,-0.05310078104791203,-4.7082941163074545e-05,0.263727845877696,0.13747522273050988,181,energy/power_utilities,21,ols_rank_normal,ham
asset_growth,0.029375580413630878,1.888210055815648,0.0025491916365549885,0.31241812192138047,0.19429170029658677,181,energy/power_utilities,21,ols_winsorized_raw,tema_arındırılmış
asset_growth,0.029375580413630854,1.888210055815647,0.0025491916365549864,0.31241812192138047,0.19429170029658677,181,energy/power_utilities,21,ols_winsorized_raw,ham
asset_growth,-0.00010930667238715625,-0.12603826324421522,-0.00010930667238715625,0.2697772866118964,0.14467331643655423,181,energy/power_utilities,21,wls_sqrt_mcap,tema_arındırılmış
asset_growth,-0.00010930667238715931,-0.12603826324421877,-0.00010930667238715931,0.2697772866118964,0.14467331643655426,181,energy/power_utilities,21,wls_sqrt_mcap,ham
asset_growth,0.00023628610134814485,0.09749183662072036,0.00023628610134814485,0.2641828343231829,0.13781951856467128,179,energy/power_utilities,63,ols_rank_normal,tema_arındırılmış
asset_growth,0.0002362861013481444,0.09749183662072015,0.0002362861013481444,0.2641828343231829,0.13781951856467128,179,energy/power_utilities,63,ols_rank_normal,ham
asset_growth,0.06686809099073573,1.6225428633627315,0.005836323676872545,0.31138550506598583,0.1929480749113323,179,energy/power_utilities,63,ols_winsorized_raw,tema_arındırılmış
asset_growth,0.0668680909907357,1.6225428633627306,0.005836323676872543,0.31138550506598583,0.19294807491133228,179,energy/power_utilities,63,ols_winsorized_raw,ham
asset_growth,0.000302534418402765,0.12106202102623681,0.000302534418402765,0.27198226532132563,0.14693363327014797,179,energy/power_utilities,63,wls_sqrt_mcap,tema_arındırılmış
asset_growth,0.00030253441840275724,0.12106202102623372,0.00030253441840275724,0.27198226532132574,0.14693363327014797,179,energy/power_utilities,63,wls_sqrt_mcap,ham
asset_growth,-0.00048185107675077397,-0.12346985898118386,-0.00048185107675077397,0.25406328960348,0.12573559520878505,176,energy/power_utilities,126,ols_rank_normal,tema_arındırılmış
asset_growth,-0.0004818510767507752,-0.12346985898118416,-0.0004818510767507752,0.25406328960348,0.12573559520878505,176,energy/power_utilities,126,ols_rank_normal,ham
asset_growth,0.07507088642742792,1.1380979844131576,0.006607554261430511,0.3061362837738621,0.18661395827356778,176,energy/power_utilities,126,ols_winsorized_raw,tema_arındırılmış
asset_growth,0.07507088642742789,1.1380979844131571,0.006607554261430508,0.3061362837738621,0.18661395827356772,176,energy/power_utilities,126,ols_winsorized_raw,ham
asset_growth,-1.7614636580864171e-06,-0.00041815340891813383,-1.7614636580864171e-06,0.25673995307626113,0.12889334588801887,176,energy/power_utilities,126,wls_sqrt_mcap,tema_arındırılmış
asset_growth,-1.7614636580864171e-06,-0.00041815340891813394,-1.7614636580864171e-06,0.2567399530762612,0.1288933458880189,176,energy/power_utilities,126,wls_sqrt_mcap,ham
capex_at,0.00046430012924191715,0.5650411553065278,0.00046430012924191715,0.26025658407668195,0.10955028470224261,182,energy/power_utilities,21,ols_rank_normal,tema_arındırılmış
capex_at,0.00046430012924191704,0.5650411553065275,0.00046430012924191704,0.26025658407668195,0.10955028470224261,182,energy/power_utilities,21,ols_rank_normal,ham
capex_at,0.039855080832244906,0.9347668073114143,0.0008575321482758693,0.3058147337628126,0.163954663893094,182,energy/power_utilities,21,ols_winsorized_raw,tema_arındırılmış
capex_at,0.039855080832244934,0.9347668073114148,0.0008575321482758699,0.3058147337628126,0.163954663893094,182,energy/power_utilities,21,ols_winsorized_raw,ham
capex_at,0.00047552762295919324,0.5610085678395924,0.00047552762295919324,0.2674173851819529,0.11845731663734303,182,energy/power_utilities,21,wls_sqrt_mcap,tema_arındırılmış
capex_at,0.0004755276229591932,0.5610085678395923,0.0004755276229591932,0.26741738518195285,0.11845731663734299,182,energy/power_utilities,21,wls_sqrt_mcap,ham
capex_at,0.001777644669344227,0.846920875630969,0.001777644669344227,0.2796759454637155,0.1328356573207679,180,energy/power_utilities,63,ols_rank_normal,tema_arındırılmış
capex_at,0.0017776446693442264,0.8469208756309683,0.0017776446693442264,0.2796759454637155,0.13283565732076794,180,energy/power_utilities,63,ols_rank_normal,ham
capex_at,0.08774430505595955,0.7471210809816359,0.001880922252555324,0.3274886155217819,0.19008886651450857,180,energy/power_utilities,63,ols_winsorized_raw,tema_arındırılmış
capex_at,0.08774430505595958,0.747121080981636,0.0018809222525553247,0.3274886155217818,0.19008886651450857,180,energy/power_utilities,63,ols_winsorized_raw,ham
capex_at,0.0017776750974577507,0.8183305959372815,0.0017776750974577507,0.28227659233725266,0.13585797839296937,180,energy/power_utilities,63,wls_sqrt_mcap,tema_arındırılmış
capex_at,0.0017776750974577494,0.818330595937281,0.0017776750974577494,0.2822765923372526,0.13585797839296931,180,energy/power_utilities,63,wls_sqrt_mcap,ham
capex_at,0.0012665493549121323,0.32608786343967533,0.0012665493549121323,0.2583961661064899,0.10628805398677016,177,energy/power_utilities,126,ols_rank_normal,tema_arındırılmış
capex_at,0.0012665493549121332,0.32608786343967555,0.0012665493549121332,0.2583961661064899,0.10628805398677012,177,energy/power_utilities,126,ols_rank_normal,ham
capex_at,0.07364449732275986,0.34746457420770094,0.0015702756090934995,0.30963177084408683,0.167753535462781,177,energy/power_utilities,126,ols_winsorized_raw,tema_arındırılmış
capex_at,0.07364449732275989,0.3474645742077011,0.0015702756090935001,0.30963177084408683,0.167753535462781,177,energy/power_utilities,126,ols_winsorized_raw,ham
capex_at,0.002250233736402006,0.5642368367702525,0.002250233736402006,0.25775956479124396,0.10548247005801022,177,energy/power_utilities,126,wls_sqrt_mcap,tema_arındırılmış
capex_at,0.0022502337364020135,0.5642368367702544,0.0022502337364020135,0.25775956479124396,0.10548247005801022,177,energy/power_utilities,126,wls_sqrt_mcap,ham
cop_at,-0.0004314055316007616,-0.5837508405203148,-0.0004314055316007616,0.25112222072054236,0.11878426443862401,182,energy/power_utilities,21,ols_rank_normal,tema_arındırılmış
cop_at,-0.0004314055316007615,-0.5837508405203147,-0.0004314055316007615,0.25112222072054236,0.11878426443862398,182,energy/power_utilities,21,ols_rank_normal,ham
cop_at,-0.019643283749347693,-0.3747180907623698,-0.00031161578679019366,0.305660311335078,0.18261085288316223,182,energy/power_utilities,21,ols_winsorized_raw,tema_arındırılmış
cop_at,-0.01964328374934772,-0.3747180907623704,-0.0003116157867901941,0.3056603113350779,0.1826108528831622,182,energy/power_utilities,21,ols_winsorized_raw,ham
cop_at,-0.0008639887133786057,-1.192265202304345,-0.0008639887133786057,0.25879163358314766,0.12800643430324077,182,energy/power_utilities,21,wls_sqrt_mcap,tema_arındırılmış
cop_at,-0.0008639887133786064,-1.1922652023043454,-0.0008639887133786064,0.2587916335831476,0.12800643430324074,182,energy/power_utilities,21,wls_sqrt_mcap,ham
cop_at,-0.0016815936983641834,-0.8965902235834087,-0.0016815936983641834,0.2606336545946201,0.12978483595695262,180,energy/power_utilities,63,ols_rank_normal,tema_arındırılmış
cop_at,-0.001681593698364183,-0.8965902235834085,-0.001681593698364183,0.2606336545946201,0.12978483595695256,180,energy/power_utilities,63,ols_rank_normal,ham
cop_at,-0.03796101424982326,-0.28804161494625935,-0.0006034910895942864,0.31663719621527575,0.1955365408015231,180,energy/power_utilities,63,ols_winsorized_raw,tema_arındırılmış
cop_at,-0.0379610142498233,-0.2880416149462596,-0.000603491089594287,0.31663719621527575,0.1955365408015231,180,energy/power_utilities,63,ols_winsorized_raw,ham
cop_at,-0.0027471905325615145,-1.4340918933064923,-0.0027471905325615145,0.26891215082118874,0.1395793298023061,180,energy/power_utilities,63,wls_sqrt_mcap,tema_arındırılmış
cop_at,-0.002747190532561522,-1.434091893306496,-0.002747190532561522,0.26891215082118874,0.1395793298023061,180,energy/power_utilities,63,wls_sqrt_mcap,ham
cop_at,-0.004167151364230816,-1.3119752448712143,-0.004167151364230816,0.24840650317226254,0.11485822493541947,177,energy/power_utilities,126,ols_rank_normal,tema_arındırılmış
cop_at,-0.004167151364230817,-1.3119752448712148,-0.004167151364230817,0.2484065031722626,0.11485822493541951,177,energy/power_utilities,126,ols_rank_normal,ham
cop_at,-0.09281783272675997,-0.4090852240421202,-0.0014664290986139456,0.29846580082740154,0.17366051074691266,177,energy/power_utilities,126,ols_winsorized_raw,tema_arındırılmış
cop_at,-0.09281783272675993,-0.40908522404212005,-0.001466429098613945,0.2984658008274015,0.17366051074691266,177,energy/power_utilities,126,ols_winsorized_raw,ham
cop_at,-0.0061405111295722145,-1.7775007088447803,-0.0061405111295722145,0.24872495225111751,0.11535212705618521,177,energy/power_utilities,126,wls_sqrt_mcap,tema_arındırılmış
cop_at,-0.006140511129572229,-1.7775007088447847,-0.006140511129572229,0.24872495225111751,0.11535212705618524,177,energy/power_utilities,126,wls_sqrt_mcap,ham
dist_52w_high,-0.0005728461759780543,-0.5275206850439879,-0.0005728461759780543,0.274130471196181,0.1502434006504195,182,energy/power_utilities,21,ols_rank_normal,tema_arındırılmış
dist_52w_high,-0.0005728461759780539,-0.5275206850439874,-0.0005728461759780539,0.274130471196181,0.15024340065041947,182,energy/power_utilities,21,ols_rank_normal,ham
dist_52w_high,-0.02389449551365745,-0.9366892101588337,-0.001550963331657882,0.3657995458939519,0.25709298060491775,182,energy/power_utilities,21,ols_winsorized_raw,tema_arındırılmış
dist_52w_high,-0.02389449551365744,-0.9366892101588336,-0.0015509633316578813,0.3657995458939519,0.25709298060491775,182,energy/power_utilities,21,ols_winsorized_raw,ham
dist_52w_high,0.00034893233801175654,0.32715585146196374,0.00034893233801175654,0.27997962564153367,0.15709398330651597,182,energy/power_utilities,21,wls_sqrt_mcap,tema_arındırılmış
dist_52w_high,0.0003489323380117563,0.3271558514619635,0.0003489323380117563,0.27997962564153367,0.157093983306516,182,energy/power_utilities,21,wls_sqrt_mcap,ham
dist_52w_high,-0.0019413973636220282,-0.8499718874672639,-0.0019413973636220282,0.27120897277784894,0.14656063701620287,180,energy/power_utilities,63,ols_rank_normal,tema_arındırılmış
dist_52w_high,-0.0019413973636220297,-0.8499718874672646,-0.0019413973636220297,0.271208972777849,0.14656063701620287,180,energy/power_utilities,63,ols_rank_normal,ham
dist_52w_high,-0.01601287244733813,-0.3155479478832704,-0.0010295670180986074,0.36969952890949886,0.2614987678505171,180,energy/power_utilities,63,ols_winsorized_raw,tema_arındırılmış
dist_52w_high,-0.01601287244733818,-0.3155479478832714,-0.0010295670180986108,0.36969952890949886,0.26149876785051707,180,energy/power_utilities,63,ols_winsorized_raw,ham
dist_52w_high,5.54895007365543e-05,0.023132148186430227,5.54895007365543e-05,0.28559403074970213,0.16346786133514687,180,energy/power_utilities,63,wls_sqrt_mcap,tema_arındırılmış
dist_52w_high,5.548950073655014e-05,0.02313214818642851,5.548950073655014e-05,0.2855940307497021,0.16346786133514687,180,energy/power_utilities,63,wls_sqrt_mcap,ham
dist_52w_high,0.0009441720626442644,0.24914434090654328,0.0009441720626442644,0.25555316422359603,0.12803676299930297,177,energy/power_utilities,126,ols_rank_normal,tema_arındırılmış
dist_52w_high,0.0009441720626442634,0.249144340906543,0.0009441720626442634,0.25555316422359603,0.12803676299930303,177,energy/power_utilities,126,ols_rank_normal,ham
dist_52w_high,0.04632057425376774,0.4664604871185077,0.002973818945772383,0.35317392743979964,0.24201026895743144,177,energy/power_utilities,126,ols_winsorized_raw,tema_arındırılmış
dist_52w_high,0.0463205742537677,0.46646048711850713,0.0029738189457723806,0.35317392743979964,0.24201026895743144,177,energy/power_utilities,126,ols_winsorized_raw,ham
dist_52w_high,0.0037977661676644723,0.9049941246607563,0.0037977661676644723,0.26511686409820145,0.13933761985740287,177,energy/power_utilities,126,wls_sqrt_mcap,tema_arındırılmış
dist_52w_high,0.003797766167664461,0.9049941246607537,0.003797766167664461,0.26511686409820145,0.13933761985740287,177,energy/power_utilities,126,wls_sqrt_mcap,ham
ear_3d,-0.0011536731399802373,-1.3194021198905355,-0.0011536731399802373,0.26750725769340317,0.12724912531809945,170,energy/power_utilities,21,ols_rank_normal,tema_arındırılmış
ear_3d,-0.001153673139980236,-1.319402119890534,-0.001153673139980236,0.26750725769340317,0.1272491253180994,170,energy/power_utilities,21,ols_rank_normal,ham
ear_3d,-0.04623871723247418,-1.5454814301529134,-0.001669800358583783,0.3347544388059151,0.2069280968844736,170,energy/power_utilities,21,ols_winsorized_raw,tema_arındırılmış
ear_3d,-0.046238717232474205,-1.5454814301529143,-0.0016698003585837841,0.3347544388059151,0.20692809688447356,170,energy/power_utilities,21,ols_winsorized_raw,ham
ear_3d,-0.0008729616696652395,-1.1242207052302364,-0.0008729616696652395,0.2657600179887224,0.12523368323788878,170,energy/power_utilities,21,wls_sqrt_mcap,tema_arındırılmış
ear_3d,-0.0008729616696652375,-1.1242207052302344,-0.0008729616696652375,0.2657600179887224,0.12523368323788878,170,energy/power_utilities,21,wls_sqrt_mcap,ham
ear_3d,-0.0018176273051319402,-0.8872950935014775,-0.0018176273051319402,0.2613409899373585,0.11967138987593269,168,energy/power_utilities,63,ols_rank_normal,tema_arındırılmış
ear_3d,-0.0018176273051319404,-0.8872950935014776,-0.0018176273051319404,0.2613409899373584,0.11967138987593266,168,energy/power_utilities,63,ols_rank_normal,ham
ear_3d,-0.04787799538675032,-0.7454119129542539,-0.0017188037894101272,0.32576557490053687,0.1961452105696709,168,energy/power_utilities,63,ols_winsorized_raw,tema_arındırılmış
ear_3d,-0.04787799538675032,-0.7454119129542539,-0.0017188037894101272,0.32576557490053687,0.1961452105696709,168,energy/power_utilities,63,ols_winsorized_raw,ham
ear_3d,-0.0016269814704791361,-0.8246151576035811,-0.0016269814704791361,0.266369644299929,0.12606885808783025,168,energy/power_utilities,63,wls_sqrt_mcap,tema_arındırılmış
ear_3d,-0.0016269814704791361,-0.8246151576035807,-0.0016269814704791361,0.266369644299929,0.12606885808783025,168,energy/power_utilities,63,wls_sqrt_mcap,ham
ear_3d,0.0024637319141070364,0.8279701837963794,0.0024637319141070364,0.26207882681804445,0.1206516922448752,165,energy/power_utilities,126,ols_rank_normal,tema_arındırılmış
ear_3d,0.0024637319141070364,0.8279701837963795,0.0024637319141070364,0.26207882681804445,0.1206516922448752,165,energy/power_utilities,126,ols_rank_normal,ham
ear_3d,0.0553524252881491,0.5265334722371311,0.0019636541474661643,0.32697903420888036,0.19767230666318658,165,energy/power_utilities,126,ols_winsorized_raw,tema_arındırılmış
ear_3d,0.0553524252881491,0.5265334722371311,0.0019636541474661643,0.3269790342088804,0.19767230666318664,165,energy/power_utilities,126,ols_winsorized_raw,ham
ear_3d,0.0024786381076643393,0.7445912003788973,0.0024786381076643393,0.263193760418229,0.12210277039715793,165,energy/power_utilities,126,wls_sqrt_mcap,tema_arındırılmış
ear_3d,0.0024786381076643354,0.7445912003788958,0.0024786381076643354,0.263193760418229,0.12210277039715793,165,energy/power_utilities,126,wls_sqrt_mcap,ham
ebit_ev,0.0015264700616707829,1.5034603556586272,0.0015264700616707829,0.2667958605423556,0.13093216120761011,182,energy/power_utilities,21,ols_rank_normal,tema_arındırılmış
ebit_ev,0.0015264700616707825,1.5034603556586272,0.0015264700616707825,0.2667958605423556,0.13093216120761011,182,energy/power_utilities,21,ols_rank_normal,ham
ebit_ev,0.11958988736578231,2.3374292332935123,0.007791545899381758,0.33355065241677234,0.20949012404794182,182,energy/power_utilities,21,ols_winsorized_raw,tema_arındırılmış
ebit_ev,0.11958988736578231,2.3374292332935123,0.007791545899381758,0.3335506524167724,0.20949012404794182,182,energy/power_utilities,21,ols_winsorized_raw,ham
ebit_ev,0.0012022045415115124,1.285513805053443,0.0012022045415115124,0.27814534288334647,0.14440285437952846,182,energy/power_utilities,21,wls_sqrt_mcap,tema_arındırılmış
ebit_ev,0.0012022045415115113,1.2855138050534418,0.0012022045415115113,0.27814534288334647,0.1444028543795284,182,energy/power_utilities,21,wls_sqrt_mcap,ham
ebit_ev,0.004337691233066251,1.7328368734296025,0.004337691233066251,0.2789240870660126,0.145119469233544,180,energy/power_utilities,63,ols_rank_normal,tema_arındırılmış
ebit_ev,0.00433769123306625,1.732836873429602,0.00433769123306625,0.2789240870660126,0.14511946923354396,180,energy/power_utilities,63,ols_rank_normal,ham
ebit_ev,0.32037555089011477,2.443782979238561,0.021072008517871582,0.338389145718795,0.21528994014046895,180,energy/power_utilities,63,ols_winsorized_raw,tema_arındırılmış
ebit_ev,0.3203755508901148,2.4437829792385615,0.02107200851787159,0.33838914571879514,0.21528994014046895,180,energy/power_utilities,63,ols_winsorized_raw,ham
ebit_ev,0.00399709624453517,1.532170366747426,0.00399709624453517,0.28963499208781673,0.15782139938154857,180,energy/power_utilities,63,wls_sqrt_mcap,tema_arındırılmış
ebit_ev,0.003997096244535156,1.5321703667474207,0.003997096244535156,0.28963499208781673,0.1578213993815486,180,energy/power_utilities,63,wls_sqrt_mcap,ham
ebit_ev,0.009084367209655412,2.227286604337192,0.009084367209655412,0.2716201038184924,0.13598768442096715,177,energy/power_utilities,126,ols_rank_normal,tema_arındırılmış
ebit_ev,0.009084367209655412,2.227286604337192,0.009084367209655412,0.2716201038184924,0.13598768442096715,177,energy/power_utilities,126,ols_rank_normal,ham
ebit_ev,0.699075531289633,2.731126671323112,0.04665224138315966,0.3326918791416386,0.20818784001280632,177,energy/power_utilities,126,ols_winsorized_raw,tema_arındırılmış
ebit_ev,0.6990755312896331,2.7311266713231124,0.04665224138315967,0.3326918791416386,0.20818784001280632,177,energy/power_utilities,126,ols_winsorized_raw,ham
ebit_ev,0.008234965048477214,1.957261399774797,0.008234965048477214,0.27875321307165896,0.14460163933685466,177,energy/power_utilities,126,wls_sqrt_mcap,tema_arındırılmış
ebit_ev,0.008234965048477203,1.957261399774794,0.008234965048477203,0.27875321307165896,0.14460163933685466,177,energy/power_utilities,126,wls_sqrt_mcap,ham
idio_vol_60d,-0.0002546831369521016,-0.22626243250887693,-0.0002546831369521016,0.26549597499151073,0.14011342383295736,182,energy/power_utilities,21,ols_rank_normal,tema_arındırılmış
idio_vol_60d,-0.0002546831369521011,-0.2262624325088765,-0.0002546831369521011,0.26549597499151073,0.14011342383295733,182,energy/power_utilities,21,ols_rank_normal,ham
idio_vol_60d,0.01573944356062415,0.531463274354028,0.001086072902346148,0.35799860414522133,0.2478313837392277,182,energy/power_utilities,21,ols_winsorized_raw,tema_arındırılmış
idio_vol_60d,0.015739443560624174,0.5314632743540288,0.0010860729023461498,0.35799860414522144,0.2478313837392277,182,energy/power_utilities,21,ols_winsorized_raw,ham
idio_vol_60d,0.0002009656810344692,0.1866835991001082,0.0002009656810344692,0.2725585342590702,0.14842604766026796,182,energy/power_utilities,21,wls_sqrt_mcap,tema_arındırılmış
idio_vol_60d,0.0002009656810344714,0.18668359910011031,0.0002009656810344714,0.27255853425907023,0.14842604766026798,182,energy/power_utilities,21,wls_sqrt_mcap,ham
idio_vol_60d,-0.002668253934328724,-1.0690406794635998,-0.002668253934328724,0.26949087072254346,0.1445385981436134,180,energy/power_utilities,63,ols_rank_normal,tema_arındırılmış
idio_vol_60d,-0.0026682539343287222,-1.0690406794635992,-0.0026682539343287222,0.26949087072254346,0.1445385981436134,180,energy/power_utilities,63,ols_rank_normal,ham
idio_vol_60d,0.011149130009450323,0.1531561032770037,0.000759819708181067,0.36282652086295625,0.25343519664871683,180,energy/power_utilities,63,ols_winsorized_raw,tema_arındırılmış
idio_vol_60d,0.011149130009450352,0.1531561032770041,0.0007598197081810689,0.36282652086295625,0.25343519664871683,180,energy/power_utilities,63,ols_winsorized_raw,ham
idio_vol_60d,-0.0012495011623911768,-0.5008616818597091,-0.0012495011623911768,0.2819787308651422,0.15921528284844985,180,energy/power_utilities,63,wls_sqrt_mcap,tema_arındırılmış
idio_vol_60d,-0.0012495011623911757,-0.5008616818597088,-0.0012495011623911757,0.28197873086514225,0.15921528284844985,180,energy/power_utilities,63,wls_sqrt_mcap,ham
idio_vol_60d,-0.0023109026059626027,-0.5543836385966965,-0.0023109026059626027,0.2620652281035594,0.13570416293836174,177,energy/power_utilities,126,ols_rank_normal,tema_arındırılmış
idio_vol_60d,-0.0023109026059626027,-0.5543836385966965,-0.0023109026059626027,0.2620652281035594,0.13570416293836174,177,energy/power_utilities,126,ols_rank_normal,ham
idio_vol_60d,-0.01913470751119648,-0.16791141717386412,-0.0012732314805820146,0.34641974403903086,0.23410807025625197,177,energy/power_utilities,126,ols_winsorized_raw,tema_arındırılmış
idio_vol_60d,-0.019134707511196468,-0.16791141717386399,-0.0012732314805820137,0.34641974403903086,0.23410807025625197,177,energy/power_utilities,126,ols_winsorized_raw,ham
idio_vol_60d,-0.0011541277076459412,-0.26165341396274944,-0.0011541277076459412,0.2705902511937147,0.1457329457366733,177,energy/power_utilities,126,wls_sqrt_mcap,tema_arındırılmış
idio_vol_60d,-0.0011541277076459276,-0.26165341396274644,-0.0011541277076459276,0.2705902511937147,0.1457329457366733,177,energy/power_utilities,126,wls_sqrt_mcap,ham
max_ret_21d,0.0008901597987269948,0.9012304942544693,0.0008901597987269948,0.2690321559094722,0.14432615063321913,182,energy/power_utilities,21,ols_rank_normal,tema_arındırılmış
max_ret_21d,0.0008901597987269951,0.9012304942544697,0.0008901597987269951,0.2690321559094722,0.14432615063321913,182,energy/power_utilities,21,ols_rank_normal,ham
max_ret_21d,0.04918611870793362,0.35232074803239893,0.000658095572163126,0.3492066467711028,0.23773914469317517,182,energy/power_utilities,21,ols_winsorized_raw,tema_arındırılmış
max_ret_21d,0.049186118707933595,0.35232074803239866,0.0006580955721631257,0.3492066467711028,0.23773914469317514,182,energy/power_utilities,21,ols_winsorized_raw,ham
max_ret_21d,0.0007993809160157142,0.8798660091238992,0.0007993809160157142,0.27308425433436495,0.14910553339720722,182,energy/power_utilities,21,wls_sqrt_mcap,tema_arındırılmış
max_ret_21d,0.0007993809160157104,0.8798660091238961,0.0007993809160157104,0.27308425433436495,0.1491055333972072,182,energy/power_utilities,21,wls_sqrt_mcap,ham
max_ret_21d,0.00022060333850732996,0.10638650799127518,0.00022060333850732996,0.2716314166212241,0.1470577665495189,180,energy/power_utilities,63,ols_rank_normal,tema_arındırılmış
max_ret_21d,0.00022060333850732874,0.1063865079912746,0.00022060333850732874,0.27163141662122403,0.1470577665495189,180,energy/power_utilities,63,ols_rank_normal,ham
max_ret_21d,0.19304207807924867,0.6922202939970599,0.002560644944691575,0.36165809078500993,0.2520835972279522,180,energy/power_utilities,63,ols_winsorized_raw,tema_arındırılmış
max_ret_21d,0.19304207807924884,0.6922202939970604,0.002560644944691577,0.36165809078500993,0.25208359722795226,180,energy/power_utilities,63,ols_winsorized_raw,ham
max_ret_21d,0.0003496001903818747,0.17560127590068852,0.0003496001903818747,0.2742380564931681,0.15013308204013245,180,energy/power_utilities,63,wls_sqrt_mcap,tema_arındırılmış
max_ret_21d,0.000349600190381871,0.1756012759006867,0.000349600190381871,0.2742380564931681,0.15013308204013248,180,energy/power_utilities,63,wls_sqrt_mcap,ham
max_ret_21d,0.0010059135373556743,0.32969904602852995,0.0010059135373556743,0.2681687904732022,0.14279468848112595,177,energy/power_utilities,126,ols_rank_normal,tema_arındırılmış
max_ret_21d,0.0010059135373556736,0.3296990460285297,0.0010059135373556736,0.2681687904732022,0.14279468848112598,177,energy/power_utilities,126,ols_rank_normal,ham
max_ret_21d,0.5076491415377878,1.1964076081407744,0.0065717627282236004,0.35837853723871854,0.24816521068676817,177,energy/power_utilities,126,ols_winsorized_raw,tema_arındırılmış
max_ret_21d,0.5076491415377873,1.1964076081407728,0.0065717627282235935,0.3583785372387185,0.24816521068676817,177,energy/power_utilities,126,ols_winsorized_raw,ham
max_ret_21d,0.0012026982358996185,0.393621085375307,0.0012026982358996185,0.26961392568328973,0.14451370032818495,177,energy/power_utilities,126,wls_sqrt_mcap,tema_arındırılmış
max_ret_21d,0.001202698235899617,0.39362108537530627,0.001202698235899617,0.26961392568328973,0.14451370032818497,177,energy/power_utilities,126,wls_sqrt_mcap,ham
mom_12_1,0.0013776551925371756,1.2925799073638122,0.0013776551925371756,0.28529930407709925,0.16333738867436062,182,energy/power_utilities,21,ols_rank_normal,tema_arındırılmış
mom_12_1,0.0013776551925371763,1.2925799073638125,0.0013776551925371763,0.28529930407709914,0.1633373886743606,182,energy/power_utilities,21,ols_rank_normal,ham
mom_12_1,0.015139232961561508,1.5311126469861382,0.002151949502141968,0.3494187768624016,0.2380455119811595,182,energy/power_utilities,21,ols_winsorized_raw,tema_arındırılmış
mom_12_1,0.015139232961561503,1.5311126469861376,0.0021519495021419676,0.3494187768624016,0.2380455119811595,182,energy/power_utilities,21,ols_winsorized_raw,ham
mom_12_1,0.0019568179874050375,1.8926455485884726,0.0019568179874050375,0.28830330370894824,0.1668816924946922,182,energy/power_utilities,21,wls_sqrt_mcap,tema_arındırılmış
mom_12_1,0.001956817987405032,1.8926455485884672,0.001956817987405032,0.28830330370894824,0.1668816924946922,182,energy/power_utilities,21,wls_sqrt_mcap,ham
mom_12_1,0.0036969753562186495,1.4041946340432903,0.0036969753562186495,0.28249795689469376,0.15979312530088266,180,energy/power_utilities,63,ols_rank_normal,tema_arındırılmış
mom_12_1,0.003696975356218651,1.4041946340432907,0.003696975356218651,0.28249795689469376,0.15979312530088263,180,energy/power_utilities,63,ols_rank_normal,ham
mom_12_1,0.03198975989247196,1.2592254801111984,0.004546606547799306,0.3594155296582055,0.2496326844329638,180,energy/power_utilities,63,ols_winsorized_raw,tema_arındırılmış
mom_12_1,0.03198975989247198,1.2592254801111993,0.004546606547799308,0.35941552965820545,0.24963268443296374,180,energy/power_utilities,63,ols_winsorized_raw,ham
mom_12_1,0.005380556164768764,1.9440686747967324,0.005380556164768764,0.29270101221630496,0.17182058323472438,180,energy/power_utilities,63,wls_sqrt_mcap,tema_arındırılmış
mom_12_1,0.005380556164768753,1.9440686747967284,0.005380556164768753,0.292701012216305,0.17182058323472443,180,energy/power_utilities,63,wls_sqrt_mcap,ham
mom_12_1,0.0057798562933769285,1.1125445480190177,0.0057798562933769285,0.2723911737807256,0.14778828394234494,177,energy/power_utilities,126,ols_rank_normal,tema_arındırılmış
mom_12_1,0.005779856293376929,1.1125445480190177,0.005779856293376929,0.2723911737807256,0.14778828394234494,177,energy/power_utilities,126,ols_rank_normal,ham
mom_12_1,0.04661705672557373,0.9740968842165633,0.00654322811675502,0.3498290767779411,0.2383170842981868,177,energy/power_utilities,126,ols_winsorized_raw,tema_arındırılmış
mom_12_1,0.04661705672557373,0.974096884216563,0.00654322811675502,0.3498290767779412,0.23831708429818682,177,energy/power_utilities,126,ols_winsorized_raw,ham
mom_12_1,0.008212366177451077,1.4128558519179053,0.008212366177451077,0.2844066179139096,0.1619462981900722,177,energy/power_utilities,126,wls_sqrt_mcap,tema_arındırılmış
mom_12_1,0.008212366177451072,1.4128558519179049,0.008212366177451072,0.2844066179139096,0.1619462981900722,177,energy/power_utilities,126,wls_sqrt_mcap,ham
net_debt_ebitda,-0.0002925182839127832,-0.33495826304594534,-0.0002925182839127832,0.2743866441014387,0.13817900476400272,182,energy/power_utilities,21,ols_rank_normal,tema_arındırılmış
net_debt_ebitda,-0.0002925182839127828,-0.33495826304594484,-0.0002925182839127828,0.2743866441014387,0.13817900476400266,182,energy/power_utilities,21,ols_rank_normal,ham
net_debt_ebitda,-0.00031588101415783415,-0.5317660949573816,-0.0009114867964112019,0.3315221853609435,0.2061005515221688,182,energy/power_utilities,21,ols_winsorized_raw,tema_arındırılmış
net_debt_ebitda,-0.00031588101415783886,-0.5317660949573894,-0.0009114867964112156,0.3315221853609435,0.20610055152216886,182,energy/power_utilities,21,ols_winsorized_raw,ham
net_debt_ebitda,0.000382585595336811,0.42386398992060115,0.000382585595336811,0.2873753770919162,0.1536582208740801,182,energy/power_utilities,21,wls_sqrt_mcap,tema_arındırılmış
net_debt_ebitda,0.0003825855953368096,0.42386398992059965,0.0003825855953368096,0.2873753770919162,0.15365822087408013,182,energy/power_utilities,21,wls_sqrt_mcap,ham
net_debt_ebitda,-0.0006049418568647556,-0.2622124833241554,-0.0006049418568647556,0.275622634773289,0.13932118434233284,180,energy/power_utilities,63,ols_rank_normal,tema_arındırılmış
net_debt_ebitda,-0.0006049418568647556,-0.2622124833241554,-0.0006049418568647556,0.27562263477328897,0.13932118434233282,180,energy/power_utilities,63,ols_rank_normal,ham
net_debt_ebitda,-0.00026462118635062497,-0.20814701334812807,-0.0007666210048857117,0.34466496202498803,0.22139284657171104,180,energy/power_utilities,63,ols_winsorized_raw,tema_arındırılmış
net_debt_ebitda,-0.00026462118635062985,-0.208147013348132,-0.0007666210048857258,0.34466496202498814,0.22139284657171107,180,energy/power_utilities,63,ols_winsorized_raw,ham
net_debt_ebitda,0.0005039708368346294,0.20266518471952213,0.0005039708368346294,0.2925749903310974,0.1594545177149217,180,energy/power_utilities,63,wls_sqrt_mcap,tema_arındırılmış
net_debt_ebitda,0.0005039708368346362,0.20266518471952483,0.0005039708368346362,0.29257499033109746,0.1594545177149217,180,energy/power_utilities,63,wls_sqrt_mcap,ham
net_debt_ebitda,0.0009234112444754391,0.22336309945569316,0.0009234112444754391,0.26181240231505554,0.12247792563055446,177,energy/power_utilities,126,ols_rank_normal,tema_arındırılmış
net_debt_ebitda,0.0009234112444754379,0.22336309945569288,0.0009234112444754379,0.26181240231505554,0.12247792563055446,177,energy/power_utilities,126,ols_rank_normal,ham
net_debt_ebitda,0.0009275515335807553,0.3562839719938868,0.002703827977221935,0.3235990034798124,0.19606458841100494,177,energy/power_utilities,126,ols_winsorized_raw,tema_arındırılmış
net_debt_ebitda,0.000927551533580747,0.3562839719938835,0.002703827977221911,0.3235990034798124,0.19606458841100496,177,energy/power_utilities,126,ols_winsorized_raw,ham
net_debt_ebitda,0.0019009925947316444,0.40940405551274406,0.0019009925947316444,0.2756540260370211,0.13905010459990857,177,energy/power_utilities,126,wls_sqrt_mcap,tema_arındırılmış
net_debt_ebitda,0.001900992594731655,0.40940405551274645,0.001900992594731655,0.2756540260370211,0.13905010459990863,177,energy/power_utilities,126,wls_sqrt_mcap,ham
ocf_ev,0.0006659260680227096,0.6735299991945167,0.0006659260680227096,0.25857834816222913,0.12738382880794585,182,energy/power_utilities,21,ols_rank_normal,tema_arındırılmış
ocf_ev,0.0006659260680227097,0.6735299991945168,0.0006659260680227097,0.25857834816222913,0.12738382880794585,182,energy/power_utilities,21,ols_rank_normal,ham
ocf_ev,0.01056179020487471,0.24190919794830842,0.000377158512964152,0.3257755180337191,0.20613159329345065,182,energy/power_utilities,21,ols_winsorized_raw,tema_arındırılmış
ocf_ev,0.010561790204874728,0.24190919794830887,0.0003771585129641526,0.3257755180337191,0.20613159329345065,182,energy/power_utilities,21,ols_winsorized_raw,ham
ocf_ev,-0.0002620166881437429,-0.29750919850222945,-0.0002620166881437429,0.27384190307823314,0.1454413714923467,182,energy/power_utilities,21,wls_sqrt_mcap,tema_arındırılmış
ocf_ev,-0.00026201668814373926,-0.2975091985022252,-0.00026201668814373926,0.27384190307823314,0.1454413714923467,182,energy/power_utilities,21,wls_sqrt_mcap,ham
ocf_ev,0.0004723615492902369,0.2102522548212284,0.0004723615492902369,0.27107405119020095,0.14189955030631085,180,energy/power_utilities,63,ols_rank_normal,tema_arındırılmış
ocf_ev,0.00047236154929023816,0.21025225482122897,0.00047236154929023816,0.27107405119020095,0.14189955030631088,180,energy/power_utilities,63,ols_rank_normal,ham
ocf_ev,-0.012219025661477683,-0.12387856352110842,-0.00043960845111263707,0.3376441477183261,0.2201638268828112,180,energy/power_utilities,63,ols_winsorized_raw,tema_arındırılmış
ocf_ev,-0.012219025661477654,-0.12387856352110811,-0.000439608451112636,0.3376441477183262,0.22016382688281128,180,energy/power_utilities,63,ols_winsorized_raw,ham
ocf_ev,-0.0009706975488629819,-0.43706015380624785,-0.0009706975488629819,0.2819177944517048,0.1546113471992292,180,energy/power_utilities,63,wls_sqrt_mcap,tema_arındırılmış
ocf_ev,-0.0009706975488629739,-0.43706015380624424,-0.0009706975488629739,0.2819177944517048,0.15461134719922923,180,energy/power_utilities,63,wls_sqrt_mcap,ham
ocf_ev,-0.0006897493366678035,-0.1758654586055968,-0.0006897493366678035,0.2567758896498871,0.1245513046368488,177,energy/power_utilities,126,ols_rank_normal,tema_arındırılmış
ocf_ev,-0.0006897493366678029,-0.17586545860559666,-0.0006897493366678029,0.2567758896498871,0.12455130463684884,177,energy/power_utilities,126,ols_rank_normal,ham
ocf_ev,-0.0744793211241096,-0.3898610026893317,-0.0027103759563524717,0.3175229503851426,0.19592278784432093,177,energy/power_utilities,126,ols_winsorized_raw,tema_arındırılmış
ocf_ev,-0.07447932112410967,-0.3898610026893321,-0.0027103759563524743,0.3175229503851426,0.19592278784432096,177,energy/power_utilities,126,ols_winsorized_raw,ham
ocf_ev,-0.003392864485907233,-0.8735854124392228,-0.003392864485907233,0.2540510434566398,0.12132346155499431,177,energy/power_utilities,126,wls_sqrt_mcap,tema_arındırılmış
ocf_ev,-0.003392864485907229,-0.8735854124392218,-0.003392864485907229,0.2540510434566398,0.12132346155499431,177,energy/power_utilities,126,wls_sqrt_mcap,ham
share_issuance,0.0005816079619259674,0.7650124349991306,0.0005816079619259674,0.2529726961404969,0.12371102210878783,182,energy/power_utilities,21,ols_rank_normal,tema_arındırılmış
share_issuance,0.0005816079619259674,0.7650124349991307,0.0005816079619259674,0.2529726961404969,0.12371102210878783,182,energy/power_utilities,21,ols_rank_normal,ham
share_issuance,0.02299054813528574,0.7143813447430969,0.00233842953842674,0.3089416384453265,0.18907575340039146,182,energy/power_utilities,21,ols_winsorized_raw,tema_arındırılmış
share_issuance,0.022990548135285744,0.714381344743097,0.0023384295384267406,0.30894163844532646,0.18907575340039146,182,energy/power_utilities,21,ols_winsorized_raw,ham
share_issuance,0.00018737349749276217,0.2602964875259628,0.00018737349749276217,0.2567672303019688,0.12815976208911048,182,energy/power_utilities,21,wls_sqrt_mcap,tema_arındırılmış
share_issuance,0.0001873734974927595,0.260296487525959,0.0001873734974927595,0.2567672303019688,0.12815976208911048,182,energy/power_utilities,21,wls_sqrt_mcap,ham
share_issuance,0.0017177914986937532,0.9191459714335809,0.0017177914986937532,0.25224534479132227,0.12272669262388733,180,energy/power_utilities,63,ols_rank_normal,tema_arındırılmış
share_issuance,0.0017177914986937536,0.9191459714335811,0.0017177914986937536,0.25224534479132227,0.12272669262388738,180,energy/power_utilities,63,ols_rank_normal,ham
share_issuance,0.04083394625596452,0.5155264674866818,0.004186126910188363,0.3285757347646302,0.2121018499532874,180,energy/power_utilities,63,ols_winsorized_raw,tema_arındırılmış
share_issuance,0.040833946255964544,0.5155264674866821,0.004186126910188365,0.32857573476463026,0.21210184995328743,180,energy/power_utilities,63,ols_winsorized_raw,ham
share_issuance,0.0011131727578040085,0.6228666700307626,0.0011131727578040085,0.24834929660494046,0.11816416830339949,180,energy/power_utilities,63,wls_sqrt_mcap,tema_arındırılmış
share_issuance,0.0011131727578040053,0.6228666700307611,0.0011131727578040053,0.2483492966049404,0.1181641683033995,180,energy/power_utilities,63,wls_sqrt_mcap,ham
share_issuance,0.0023674467783305645,0.6160075761587267,0.0023674467783305645,0.2516808405374556,0.12178335057967926,177,energy/power_utilities,126,ols_rank_normal,tema_arındırılmış
share_issuance,0.002367446778330564,0.6160075761587267,0.002367446778330564,0.2516808405374556,0.12178335057967929,177,energy/power_utilities,126,ols_rank_normal,ham
share_issuance,0.018358779572056446,0.1399276390406029,0.001904552070104452,0.3197451466570603,0.201469819176191,177,energy/power_utilities,126,ols_winsorized_raw,tema_arındırılmış
share_issuance,0.018358779572056515,0.13992763904060343,0.0019045520701044592,0.3197451466570603,0.201469819176191,177,energy/power_utilities,126,ols_winsorized_raw,ham
share_issuance,0.002308945153774617,0.6642593228304364,0.002308945153774617,0.24001819831397636,0.10821079439714877,177,energy/power_utilities,126,wls_sqrt_mcap,tema_arındırılmış
share_issuance,0.002308945153774617,0.6642593228304368,0.002308945153774617,0.24001819831397636,0.10821079439714883,177,energy/power_utilities,126,wls_sqrt_mcap,ham
sue_announce,0.0006012240079381915,0.40461651217952543,0.0006012240079381915,0.29883383617567055,0.12293558822857575,81,energy/power_utilities,21,ols_rank_normal,tema_arındırılmış
sue_announce,0.000601224007938191,0.40461651217952516,0.000601224007938191,0.2988338361756706,0.1229355882285758,81,energy/power_utilities,21,ols_rank_normal,ham
sue_announce,-0.0003738039489122021,-0.24403993575400268,-0.0003632106331104697,0.3575941182799165,0.19557444751719302,81,energy/power_utilities,21,ols_winsorized_raw,tema_arındırılmış
sue_announce,-0.00037380394891220025,-0.2440399357540015,-0.0003632106331104679,0.35759411827991644,0.19557444751719302,81,energy/power_utilities,21,ols_winsorized_raw,ham
sue_announce,0.00029060544543272243,0.24962598977028153,0.00029060544543272243,0.28006732762672876,0.09990505258207343,81,energy/power_utilities,21,wls_sqrt_mcap,tema_arındırılmış
sue_announce,0.00029060544543272227,0.24962598977028144,0.00029060544543272227,0.28006732762672876,0.09990505258207345,81,energy/power_utilities,21,wls_sqrt_mcap,ham
sue_announce,0.002564778337912531,0.6857743090735784,0.002564778337912531,0.28921150015255004,0.10998667943977698,79,energy/power_utilities,63,ols_rank_normal,tema_arındırılmış
sue_announce,0.00256477833791253,0.6857743090735783,0.00256477833791253,0.28921150015255004,0.10998667943977705,79,energy/power_utilities,63,ols_rank_normal,ham
sue_announce,-0.0015442593412111937,-0.39851711797923217,-0.0014959727453520801,0.339217311750234,0.17193637754095756,79,energy/power_utilities,63,ols_winsorized_raw,tema_arındırılmış
sue_announce,-0.0015442593412111944,-0.39851711797923234,-0.0014959727453520808,0.3392173117502339,0.17193637754095747,79,energy/power_utilities,63,ols_winsorized_raw,ham
sue_announce,0.002122977477489982,0.758391126720261,0.002122977477489982,0.27079712634002046,0.08715673189239419,79,energy/power_utilities,63,wls_sqrt_mcap,tema_arındırılmış
sue_announce,0.00212297747748998,0.7583911267202603,0.00212297747748998,0.27079712634002046,0.08715673189239422,79,energy/power_utilities,63,wls_sqrt_mcap,ham
sue_announce,0.004071870154644336,0.6515482980794487,0.004071870154644336,0.2628082565808761,0.07552067029306868,76,energy/power_utilities,126,ols_rank_normal,tema_arındırılmış
sue_announce,0.004071870154644337,0.6515482980794488,0.004071870154644337,0.2628082565808761,0.07552067029306865,76,energy/power_utilities,126,ols_rank_normal,ham
sue_announce,0.001808880888549501,0.321604539770898,0.001762897788211301,0.3002668373625744,0.12158212693294938,76,energy/power_utilities,126,ols_winsorized_raw,tema_arındırılmış
sue_announce,0.001808880888549494,0.3216045397708969,0.001762897788211294,0.30026683736257437,0.1215821269329493,76,energy/power_utilities,126,ols_winsorized_raw,ham
sue_announce,0.0041155493484327735,0.9148325814201399,0.0041155493484327735,0.252267572412678,0.062267902197370016,76,energy/power_utilities,126,wls_sqrt_mcap,tema_arındırılmış
sue_announce,0.004115549348432772,0.9148325814201392,0.004115549348432772,0.252267572412678,0.06226790219737008,76,energy/power_utilities,126,wls_sqrt_mcap,ham
asset_growth,-0.0012341733299006412,-0.49747574873336675,-0.0012341733299006412,0.296231826825463,0.19607129311367716,150,energy/renewables,21,ols_rank_normal,tema_arındırılmış
asset_growth,-0.0012341733299006407,-0.4974757487333666,-0.0012341733299006407,0.296231826825463,0.19607129311367713,150,energy/renewables,21,ols_rank_normal,ham
asset_growth,-0.005820761076779083,-0.3537476207376633,-0.0014321109368396724,0.3509315522058157,0.2590345510916421,150,energy/renewables,21,ols_winsorized_raw,tema_arındırılmış
asset_growth,-0.005820761076779085,-0.3537476207376633,-0.0014321109368396728,0.3509315522058157,0.25903455109164214,150,energy/renewables,21,ols_winsorized_raw,ham
asset_growth,-0.00024207412357295796,-0.11380460263322051,-0.00024207412357295796,0.28398622711056154,0.18207218229708952,150,energy/renewables,21,wls_sqrt_mcap,tema_arındırılmış
asset_growth,-0.00024207412357295612,-0.11380460263321965,-0.00024207412357295612,0.28398622711056154,0.18207218229708957,150,energy/renewables,21,wls_sqrt_mcap,ham
asset_growth,-0.004334286431871464,-0.6235194008461455,-0.004334286431871464,0.2941028410429059,0.19355764589949775,148,energy/renewables,63,ols_rank_normal,tema_arındırılmış
asset_growth,-0.004334286431871466,-0.6235194008461459,-0.004334286431871466,0.2941028410429059,0.19355764589949773,148,energy/renewables,63,ols_rank_normal,ham
asset_growth,-0.04042649035276848,-1.0748055615180159,-0.009918914387122193,0.3385109466837102,0.24428741453832156,148,energy/renewables,63,ols_winsorized_raw,tema_arındırılmış
asset_growth,-0.040426490352768484,-1.0748055615180159,-0.009918914387122195,0.33851094668371023,0.24428741453832162,148,energy/renewables,63,ols_winsorized_raw,ham
asset_growth,-0.0021534393743178463,-0.3371688626912127,-0.0021534393743178463,0.27341329007739434,0.16974061985424466,148,energy/renewables,63,wls_sqrt_mcap,tema_arındırılmış
asset_growth,-0.0021534393743178333,-0.33716886269121077,-0.0021534393743178333,0.27341329007739434,0.16974061985424466,148,energy/renewables,63,wls_sqrt_mcap,ham
asset_growth,-0.014750591851618549,-0.8417191405302844,-0.014750591851618549,0.28970480159003464,0.18767644287523164,145,energy/renewables,126,ols_rank_normal,tema_arındırılmış
asset_growth,-0.014750591851618549,-0.8417191405302842,-0.014750591851618549,0.28970480159003464,0.18767644287523166,145,energy/renewables,126,ols_rank_normal,ham
asset_growth,-0.14113866725365085,-1.6021846575208276,-0.03489128032031877,0.33250833555293635,0.23678640028672138,145,energy/renewables,126,ols_winsorized_raw,tema_arındırılmış
asset_growth,-0.1411386672536508,-1.602184657520827,-0.034891280320318754,0.33250833555293635,0.23678640028672138,145,energy/renewables,126,ols_winsorized_raw,ham
asset_growth,-0.007132566809263759,-0.4682548367499133,-0.007132566809263759,0.2653400726371946,0.15912778664156857,145,energy/renewables,126,wls_sqrt_mcap,tema_arındırılmış
asset_growth,-0.007132566809263757,-0.4682548367499131,-0.007132566809263757,0.2653400726371947,0.15912778664156857,145,energy/renewables,126,wls_sqrt_mcap,ham
capex_at,0.0007560890145700125,0.37256861635416894,0.0007560890145700125,0.26976221892059243,0.16243284703155794,142,energy/renewables,21,ols_rank_normal,tema_arındırılmış
capex_at,0.0007560890145700133,0.3725686163541693,0.0007560890145700133,0.26976221892059243,0.16243284703155794,142,energy/renewables,21,ols_rank_normal,ham
capex_at,0.035684779781289026,0.5914097816870628,0.0012227665320365883,0.2999414907946484,0.19712133300312448,142,energy/renewables,21,ols_winsorized_raw,tema_arındırılmış
capex_at,0.03568477978128903,0.5914097816870629,0.0012227665320365885,0.2999414907946484,0.19712133300312448,142,energy/renewables,21,ols_winsorized_raw,ham
capex_at,0.0011009084471054495,0.6385546781813313,0.0011009084471054495,0.274570120046224,0.16834970794103787,142,energy/renewables,21,wls_sqrt_mcap,tema_arındırılmış
capex_at,0.0011009084471054465,0.6385546781813296,0.0011009084471054465,0.27457012004622394,0.1683497079410379,142,energy/renewables,21,wls_sqrt_mcap,ham
capex_at,0.008449210902333715,1.5561995018680326,0.008449210902333715,0.265904747277898,0.15811349657308357,140,energy/renewables,63,ols_rank_normal,tema_arındırılmış
capex_at,0.008449210902333717,1.5561995018680326,0.008449210902333717,0.265904747277898,0.15811349657308357,140,energy/renewables,63,ols_rank_normal,ham
capex_at,0.24213766083924157,1.598266190398155,0.008284608405320406,0.2915558264079145,0.18792329364191732,140,energy/renewables,63,ols_winsorized_raw,tema_arındırılmış
capex_at,0.24213766083924168,1.5982661903981557,0.008284608405320412,0.2915558264079145,0.18792329364191737,140,energy/renewables,63,ols_winsorized_raw,ham
capex_at,0.006541665180296551,1.5631353205974838,0.006541665180296551,0.2552075625023314,0.14542405567954253,140,energy/renewables,63,wls_sqrt_mcap,tema_arındırılmış
capex_at,0.0065416651802965445,1.5631353205974832,0.0065416651802965445,0.2552075625023314,0.14542405567954253,140,energy/renewables,63,wls_sqrt_mcap,ham
capex_at,0.02179398499908437,1.8338679156058835,0.02179398499908437,0.2525791812594709,0.14196505146140348,137,energy/renewables,126,ols_rank_normal,tema_arındırılmış
capex_at,0.02179398499908437,1.8338679156058835,0.02179398499908437,0.2525791812594709,0.1419650514614035,137,energy/renewables,126,ols_rank_normal,ham
capex_at,0.6763126931005814,1.9176859342558656,0.0231038041967002,0.2839536368963833,0.17804360665149932,137,energy/renewables,126,ols_winsorized_raw,tema_arındırılmış
capex_at,0.6763126931005814,1.9176859342558656,0.0231038041967002,0.28395363689638325,0.17804360665149938,137,energy/renewables,126,ols_winsorized_raw,ham
capex_at,0.015443094780248266,1.8201640648316164,0.015443094780248266,0.247233758204797,0.13584871886002667,137,energy/renewables,126,wls_sqrt_mcap,tema_arındırılmış
capex_at,0.01544309478024826,1.820164064831616,0.01544309478024826,0.24723375820479707,0.13584871886002667,137,energy/renewables,126,wls_sqrt_mcap,ham
cop_at,0.0018900891648401803,1.0377711783491335,0.0018900891648401803,0.2799660832120595,0.16782088000701403,147,energy/renewables,21,ols_rank_normal,tema_arındırılmış
cop_at,0.0018900891648401814,1.0377711783491341,0.0018900891648401814,0.2799660832120595,0.16782088000701403,147,energy/renewables,21,ols_rank_normal,ham
cop_at,0.08747360096530174,1.4230428929494454,0.003274431175648234,0.33449317848889804,0.23122848105063096,147,energy/renewables,21,ols_winsorized_raw,tema_arındırılmış
cop_at,0.08747360096530171,1.423042892949445,0.003274431175648233,0.33449317848889804,0.23122848105063099,147,energy/renewables,21,ols_winsorized_raw,ham
cop_at,0.0020621057937825595,1.1405179420649036,0.0020621057937825595,0.281491820697265,0.16955738359262396,147,energy/renewables,21,wls_sqrt_mcap,tema_arındırılmış
cop_at,0.002062105793782558,1.1405179420649032,0.002062105793782558,0.281491820697265,0.16955738359262396,147,energy/renewables,21,wls_sqrt_mcap,ham
cop_at,0.004659566388329239,1.0193331670709138,0.004659566388329239,0.27047369526063325,0.1570835740232416,145,energy/renewables,63,ols_rank_normal,tema_arındırılmış
cop_at,0.004659566388329241,1.0193331670709143,0.004659566388329241,0.27047369526063325,0.1570835740232416,145,energy/renewables,63,ols_rank_normal,ham
cop_at,0.2249698761802364,1.429211143635991,0.008436089113719906,0.3332073130061421,0.22968379235809552,145,energy/renewables,63,ols_winsorized_raw,tema_arındırılmış
cop_at,0.22496987618023634,1.4292111436359907,0.008436089113719904,0.3332073130061421,0.22968379235809552,145,energy/renewables,63,ols_winsorized_raw,ham
cop_at,0.006542156234564012,1.4160371320280858,0.006542156234564012,0.26946623415030996,0.1557833399407384,145,energy/renewables,63,wls_sqrt_mcap,tema_arındırılmış
cop_at,0.00654215623456401,1.4160371320280856,0.00654215623456401,0.26946623415030996,0.1557833399407384,145,energy/renewables,63,wls_sqrt_mcap,ham
cop_at,0.014652730757349321,1.4579955641237796,0.014652730757349321,0.2611094864217197,0.1453979557435357,142,energy/renewables,126,ols_rank_normal,tema_arındırılmış
cop_at,0.014652730757349321,1.4579955641237796,0.014652730757349321,0.26110948642171966,0.14539795574353573,142,energy/renewables,126,ols_rank_normal,ham
cop_at,0.6612779620916344,1.6237364009822048,0.024863585167262958,0.3323894387754292,0.2284248440536317,142,energy/renewables,126,ols_winsorized_raw,tema_arındırılmış
cop_at,0.6612779620916345,1.623736400982205,0.024863585167262964,0.33238943877542926,0.2284248440536317,142,energy/renewables,126,ols_winsorized_raw,ham
cop_at,0.01676401625188619,1.84165719775279,0.01676401625188619,0.2537241930095847,0.13662945282837774,142,energy/renewables,126,wls_sqrt_mcap,tema_arındırılmış
cop_at,0.016764016251886185,1.8416571977527898,0.016764016251886185,0.2537241930095847,0.13662945282837774,142,energy/renewables,126,wls_sqrt_mcap,ham
dist_52w_high,-0.00044145635887054196,-0.1533316811372962,-0.00044145635887054196,0.29221784453382144,0.192075092054317,150,energy/renewables,21,ols_rank_normal,tema_arındırılmış
dist_52w_high,-0.00044145635887054207,-0.1533316811372962,-0.00044145635887054207,0.2922178445338215,0.192075092054317,150,energy/renewables,21,ols_rank_normal,ham
dist_52w_high,-0.018587111326327736,-0.6439738370480009,-0.0027038204142637453,0.3510398875075335,0.2598494419657092,150,energy/renewables,21,ols_winsorized_raw,tema_arındırılmış
dist_52w_high,-0.018587111326327743,-0.6439738370480012,-0.002703820414263746,0.3510398875075335,0.2598494419657092,150,energy/renewables,21,ols_winsorized_raw,ham
dist_52w_high,-0.00048334685710596607,-0.20375880688538744,-0.00048334685710596607,0.2856159122611677,0.18468051984616243,150,energy/renewables,21,wls_sqrt_mcap,tema_arındırılmış
dist_52w_high,-0.00048334685710596086,-0.20375880688538528,-0.00048334685710596086,0.2856159122611677,0.18468051984616246,150,energy/renewables,21,wls_sqrt_mcap,ham
dist_52w_high,-0.00046916693876179,-0.0718833115672273,-0.00046916693876179,0.29544523919747456,0.1965815104716359,148,energy/renewables,63,ols_rank_normal,tema_arındırılmış
dist_52w_high,-0.0004691669387617894,-0.07188331156722721,-0.0004691669387617894,0.29544523919747456,0.19658151047163597,148,energy/renewables,63,ols_rank_normal,ham
dist_52w_high,-0.054884930154414445,-0.7322625273560986,-0.007937393732097212,0.3512682159558072,0.2612631154296423,148,energy/renewables,63,ols_winsorized_raw,tema_arındırılmış
dist_52w_high,-0.054884930154414514,-0.7322625273560994,-0.007937393732097222,0.3512682159558072,0.2612631154296423,148,energy/renewables,63,ols_winsorized_raw,ham
dist_52w_high,0.0013950666162986063,0.24036118966019115,0.0013950666162986063,0.2699151585920396,0.16681146806032737,148,energy/renewables,63,wls_sqrt_mcap,tema_arındırılmış
dist_52w_high,0.0013950666162986165,0.2403611896601929,0.0013950666162986165,0.2699151585920396,0.16681146806032734,148,energy/renewables,63,wls_sqrt_mcap,ham
dist_52w_high,-0.007228062902782129,-0.49229197596411395,-0.007228062902782129,0.26419400174594115,0.15853143005515596,145,energy/renewables,126,ols_rank_normal,tema_arındırılmış
dist_52w_high,-0.007228062902782125,-0.4922919759641136,-0.007228062902782125,0.2641940017459412,0.15853143005515596,145,energy/renewables,126,ols_rank_normal,ham
dist_52w_high,-0.15488064495465784,-1.0831876729061298,-0.02241499409480066,0.33285463986300123,0.23876734760413343,145,energy/renewables,126,ols_winsorized_raw,tema_arındırılmış
dist_52w_high,-0.1548806449546578,-1.0831876729061298,-0.022414994094800657,0.33285463986300123,0.23876734760413343,145,energy/renewables,126,ols_winsorized_raw,ham
dist_52w_high,0.0013163496704331854,0.1077712623070527,0.0013163496704331854,0.24080239469311096,0.13102510941339773,145,energy/renewables,126,wls_sqrt_mcap,tema_arındırılmış
dist_52w_high,0.0013163496704331908,0.10777126230705314,0.0013163496704331908,0.24080239469311096,0.13102510941339773,145,energy/renewables,126,wls_sqrt_mcap,ham
ear_3d,0.003037094349362575,1.2259864886017364,0.003037094349362575,0.3182007975564889,0.21472932531322023,142,energy/renewables,21,ols_rank_normal,tema_arındırılmış
ear_3d,0.003037094349362575,1.2259864886017364,0.003037094349362575,0.3182007975564889,0.21472932531322023,142,energy/renewables,21,ols_rank_normal,ham
ear_3d,0.07011412209217946,1.9379070035650272,0.005550296726139586,0.37253384785434035,0.27786858028796796,142,energy/renewables,21,ols_winsorized_raw,tema_arındırılmış
ear_3d,0.07011412209217946,1.9379070035650272,0.005550296726139586,0.37253384785434046,0.277868580287968,142,energy/renewables,21,ols_winsorized_raw,ham
ear_3d,0.0004759831642386407,0.2171134736728344,0.0004759831642386407,0.2993981449169348,0.19369071727358952,142,energy/renewables,21,wls_sqrt_mcap,tema_arındırılmış
ear_3d,0.0004759831642386351,0.21711347367283187,0.0004759831642386351,0.2993981449169348,0.1936907172735895,142,energy/renewables,21,wls_sqrt_mcap,ham
ear_3d,0.015113840753984817,3.2182074216268823,0.015113840753984817,0.30780812764413223,0.20347523696079817,140,energy/renewables,63,ols_rank_normal,tema_arındırılmış
ear_3d,0.01511384075398482,3.2182074216268832,0.01511384075398482,0.3078081276441321,0.20347523696079817,140,energy/renewables,63,ols_rank_normal,ham
ear_3d,0.25018417845304863,2.681402401873216,0.019529327295804668,0.349325451922259,0.25161426850128105,140,energy/renewables,63,ols_winsorized_raw,tema_arındırılmış
ear_3d,0.2501841784530486,2.6814024018732163,0.019529327295804665,0.349325451922259,0.25161426850128105,140,energy/renewables,63,ols_winsorized_raw,ham
ear_3d,0.007673850165445865,2.2462038497354193,0.007673850165445865,0.2689249413365818,0.1587072072440267,140,energy/renewables,63,wls_sqrt_mcap,tema_arındırılmış
ear_3d,0.007673850165445858,2.2462038497354158,0.007673850165445858,0.2689249413365818,0.15870720724402673,140,energy/renewables,63,wls_sqrt_mcap,ham
ear_3d,0.02355249038303194,2.9038808266238454,0.02355249038303194,0.284550663181506,0.1764606742753857,137,energy/renewables,126,ols_rank_normal,tema_arındırılmış
ear_3d,0.023552490383031942,2.903880826623845,0.023552490383031942,0.28455066318150607,0.1764606742753857,137,energy/renewables,126,ols_rank_normal,ham
ear_3d,0.4978615384513188,2.3769622575799483,0.03791350119292252,0.33854311104354495,0.2394396635971016,137,energy/renewables,126,ols_winsorized_raw,tema_arındırılmış
ear_3d,0.4978615384513188,2.3769622575799487,0.03791350119292252,0.338543111043545,0.23943966359710164,137,energy/renewables,126,ols_winsorized_raw,ham
ear_3d,0.018193841227268744,3.0573169159968883,0.018193841227268744,0.25534749275833013,0.14279652820997304,137,energy/renewables,126,wls_sqrt_mcap,tema_arındırılmış
ear_3d,0.018193841227268737,3.057316915996886,0.018193841227268737,0.2553474927583301,0.14279652820997302,137,energy/renewables,126,wls_sqrt_mcap,ham
ebit_ev,-0.0006401728968381683,-0.32388917801243955,-0.0006401728968381683,0.2934976793349175,0.17848723296704344,143,energy/renewables,21,ols_rank_normal,tema_arındırılmış
ebit_ev,-0.0006401728968381689,-0.3238891780124398,-0.0006401728968381689,0.29349767933491744,0.17848723296704344,143,energy/renewables,21,ols_rank_normal,ham
ebit_ev,-0.012915593743872685,-0.13150179376399138,-0.0005158837003871213,0.3456130879246771,0.2399278065222374,143,energy/renewables,21,ols_winsorized_raw,tema_arındırılmış
ebit_ev,-0.012915593743872678,-0.13150179376399132,-0.0005158837003871211,0.3456130879246771,0.2399278065222374,143,energy/renewables,21,ols_winsorized_raw,ham
ebit_ev,0.0009030033444981039,0.48201248207968433,0.0009030033444981039,0.29147482996345775,0.17572330540953873,143,energy/renewables,21,wls_sqrt_mcap,tema_arındırılmış
ebit_ev,0.0009030033444981031,0.482012482079684,0.0009030033444981031,0.29147482996345764,0.1757233054095387,143,energy/renewables,21,wls_sqrt_mcap,ham
ebit_ev,-0.0018505279553671134,-0.3373544048110809,-0.0018505279553671134,0.29155410073619786,0.17695872261364445,141,energy/renewables,63,ols_rank_normal,tema_arındırılmış
ebit_ev,-0.0018505279553671127,-0.3373544048110808,-0.0018505279553671127,0.29155410073619786,0.17695872261364445,141,energy/renewables,63,ols_rank_normal,ham
ebit_ev,-0.13581750831290648,-0.5258852846635149,-0.005400996630239695,0.3507585942340821,0.24706246462480402,141,energy/renewables,63,ols_winsorized_raw,tema_arındırılmış
ebit_ev,-0.13581750831290648,-0.5258852846635149,-0.005400996630239695,0.3507585942340821,0.24706246462480408,141,energy/renewables,63,ols_winsorized_raw,ham
ebit_ev,0.0017823276284158382,0.3499257834601104,0.0017823276284158382,0.2756716399380064,0.15814915103091773,141,energy/renewables,63,wls_sqrt_mcap,tema_arındırılmış
ebit_ev,0.0017823276284158372,0.3499257834601101,0.0017823276284158372,0.27567163993800636,0.15814915103091773,141,energy/renewables,63,wls_sqrt_mcap,ham
ebit_ev,0.0037821553489991947,0.3074838789164369,0.0037821553489991947,0.27408109783493245,0.15616520582133434,138,energy/renewables,126,ols_rank_normal,tema_arındırılmış
ebit_ev,0.0037821553489991956,0.307483878916437,0.0037821553489991956,0.27408109783493245,0.15616520582133434,138,energy/renewables,126,ols_rank_normal,ham
ebit_ev,-0.08861969787503426,-0.15929684638265854,-0.003519296466884498,0.33726519363992535,0.23053453360970802,138,energy/renewables,126,ols_winsorized_raw,tema_arındırılmış
ebit_ev,-0.08861969787503424,-0.15929684638265848,-0.0035192964668844967,0.3372651936399254,0.2305345336097081,138,energy/renewables,126,ols_winsorized_raw,ham
ebit_ev,0.007589555817717204,0.7199551947569501,0.007589555817717204,0.2609842033500191,0.1405472159583261,138,energy/renewables,126,wls_sqrt_mcap,tema_arındırılmış
ebit_ev,0.007589555817717202,0.7199551947569497,0.007589555817717202,0.26098420335001915,0.1405472159583261,138,energy/renewables,126,wls_sqrt_mcap,ham
gross_profitability,0.0017818340586809838,0.22120047404465146,0.0017818340586809838,0.37191788828040684,0.2059619541263017,24,energy/renewables,21,ols_rank_normal,tema_arındırılmış
gross_profitability,0.0017818340586809804,0.22120047404465104,0.0017818340586809804,0.37191788828040684,0.20596195412630172,24,energy/renewables,21,ols_rank_normal,ham
gross_profitability,0.031275574537440426,0.382422399960711,0.004430804994628478,0.41112882374731047,0.2563144033125015,24,energy/renewables,21,ols_winsorized_raw,tema_arındırılmış
gross_profitability,0.031275574537440474,0.38242239996071153,0.004430804994628485,0.41112882374731047,0.25631440331250155,24,energy/renewables,21,ols_winsorized_raw,ham
gross_profitability,0.007052873098288018,0.9923339618074365,0.007052873098288018,0.36597918571957616,0.19868492929750206,24,energy/renewables,21,wls_sqrt_mcap,tema_arındırılmış
gross_profitability,0.007052873098288031,0.9923339618074385,0.007052873098288031,0.3659791857195762,0.19868492929750212,24,energy/renewables,21,wls_sqrt_mcap,ham
gross_profitability,0.007945122702074323,0.7609378559034784,0.007945122702074323,0.3296110892544617,0.1530952269271063,24,energy/renewables,63,ols_rank_normal,tema_arındırılmış
gross_profitability,0.007945122702074313,0.7609378559034774,0.007945122702074313,0.3296110892544617,0.1530952269271063,24,energy/renewables,63,ols_rank_normal,ham
gross_profitability,0.09255152302444625,0.8067935745760929,0.013111757546972613,0.3629871373585308,0.19586355009926307,24,energy/renewables,63,ols_winsorized_raw,tema_arındırılmış
gross_profitability,0.0925515230244462,0.8067935745760925,0.013111757546972608,0.3629871373585309,0.19586355009926315,24,energy/renewables,63,ols_winsorized_raw,ham
gross_profitability,0.014232194361626446,1.7181479574413088,0.014232194361626446,0.3082612811069325,0.12595766589729943,24,energy/renewables,63,wls_sqrt_mcap,tema_arındırılmış
gross_profitability,0.01423219436162646,1.7181479574413105,0.01423219436162646,0.3082612811069325,0.12595766589729943,24,energy/renewables,63,wls_sqrt_mcap,ham
gross_profitability,0.028584314882014062,1.4844429621589024,0.028584314882014062,0.34208901229744354,0.16813517145809725,23,energy/renewables,126,ols_rank_normal,tema_arındırılmış
gross_profitability,0.02858431488201406,1.484442962158902,0.02858431488201406,0.34208901229744343,0.16813517145809725,23,energy/renewables,126,ols_rank_normal,ham
gross_profitability,0.28991950922317483,1.1257709901457997,0.041169909441678414,0.4075974532339189,0.2513071076574015,23,energy/renewables,126,ols_winsorized_raw,tema_arındırılmış
gross_profitability,0.28991950922317467,1.1257709901457993,0.04116990944167839,0.40759745323391877,0.2513071076574014,23,energy/renewables,126,ols_winsorized_raw,ham
gross_profitability,0.02943250480513762,2.362118106385408,0.02943250480513762,0.34431925799538304,0.17066442178298635,23,energy/renewables,126,wls_sqrt_mcap,tema_arındırılmış
gross_profitability,0.029432504805137642,2.3621181063854113,0.029432504805137642,0.34431925799538304,0.17066442178298633,23,energy/renewables,126,wls_sqrt_mcap,ham
idio_vol_60d,-0.002996136079359288,-0.7757196537146696,-0.002996136079359288,0.2943860276659822,0.19438661284236217,150,energy/renewables,21,ols_rank_normal,tema_arındırılmış
idio_vol_60d,-0.0029961360793592895,-0.77571965371467,-0.0029961360793592895,0.29438602766598226,0.1943866128423622,150,energy/renewables,21,ols_rank_normal,ham
idio_vol_60d,-0.018032462625170192,-0.5518659408666381,-0.003584074867308413,0.3789294554610267,0.2919128465061628,150,energy/renewables,21,ols_winsorized_raw,tema_arındırılmış
idio_vol_60d,-0.018032462625170182,-0.5518659408666379,-0.003584074867308411,0.3789294554610267,0.2919128465061628,150,energy/renewables,21,ols_winsorized_raw,ham
idio_vol_60d,-0.0016171109313271152,-0.5223143788237243,-0.0016171109313271152,0.2744429498988255,0.17146896412700158,150,energy/renewables,21,wls_sqrt_mcap,tema_arındırılmış
idio_vol_60d,-0.0016171109313271093,-0.5223143788237226,-0.0016171109313271093,0.27444294989882556,0.17146896412700158,150,energy/renewables,21,wls_sqrt_mcap,ham
idio_vol_60d,-0.009775595191135097,-0.9231368875978795,-0.009775595191135097,0.2976718048678347,0.1979159086251933,148,energy/renewables,63,ols_rank_normal,tema_arındırılmış
idio_vol_60d,-0.009775595191135094,-0.9231368875978792,-0.009775595191135094,0.2976718048678347,0.19791590862519326,148,energy/renewables,63,ols_rank_normal,ham
idio_vol_60d,-0.0713203651518684,-0.7427853477903024,-0.014054617050610061,0.38835187685970834,0.3023703136890002,148,energy/renewables,63,ols_winsorized_raw,tema_arındırılmış
idio_vol_60d,-0.0713203651518684,-0.7427853477903024,-0.014054617050610061,0.38835187685970823,0.3023703136890002,148,energy/renewables,63,ols_winsorized_raw,ham
idio_vol_60d,-0.005882121677977467,-0.7653599443689533,-0.005882121677977467,0.2553034950934766,0.14886038726637635,148,energy/renewables,63,wls_sqrt_mcap,tema_arındırılmış
idio_vol_60d,-0.00588212167797746,-0.7653599443689525,-0.00588212167797746,0.2553034950934766,0.14886038726637635,148,energy/renewables,63,wls_sqrt_mcap,ham
idio_vol_60d,-0.028737481271847495,-1.4580601270952904,-0.028737481271847495,0.274055874692127,0.16998855691925943,145,energy/renewables,126,ols_rank_normal,tema_arındırılmış
idio_vol_60d,-0.028737481271847495,-1.4580601270952904,-0.028737481271847495,0.274055874692127,0.16998855691925946,145,energy/renewables,126,ols_rank_normal,ham
idio_vol_60d,-0.22732283783666096,-1.1255211188936518,-0.04389058587595035,0.3802287157846765,0.2923329622894152,145,energy/renewables,126,ols_winsorized_raw,tema_arındırılmış
idio_vol_60d,-0.22732283783666096,-1.1255211188936518,-0.04389058587595035,0.38022871578467654,0.29233296228941524,145,energy/renewables,126,ols_winsorized_raw,ham
idio_vol_60d,-0.018076254577914872,-1.3829887459082888,-0.018076254577914872,0.23213092785593364,0.12140443490990882,145,energy/renewables,126,wls_sqrt_mcap,tema_arındırılmış
idio_vol_60d,-0.01807625457791486,-1.3829887459082884,-0.01807625457791486,0.23213092785593364,0.12140443490990882,145,energy/renewables,126,wls_sqrt_mcap,ham
max_ret_21d,-0.0017708667571265531,-0.5723826604606818,-0.0017708667571265531,0.28283078501074055,0.18113361803220557,150,energy/renewables,21,ols_rank_normal,tema_arındırılmış
max_ret_21d,-0.0017708667571265564,-0.5723826604606826,-0.0017708667571265564,0.28283078501074055,0.18113361803220554,150,energy/renewables,21,ols_rank_normal,ham
max_ret_21d,-0.09066176033770569,-0.6135091068653908,-0.003449256600812741,0.34838821700633055,0.25680855359269034,150,energy/renewables,21,ols_winsorized_raw,tema_arındırılmış
max_ret_21d,-0.09066176033770561,-0.6135091068653901,-0.003449256600812738,0.3483882170063306,0.25680855359269034,150,energy/renewables,21,ols_winsorized_raw,ham
max_ret_21d,-0.00031775523329055405,-0.11495464316428695,-0.00031775523329055405,0.27497297728166586,0.17210862488240788,150,energy/renewables,21,wls_sqrt_mcap,tema_arındırılmış
max_ret_21d,-0.00031775523329054776,-0.1149546431642847,-0.00031775523329054776,0.27497297728166586,0.17210862488240788,150,energy/renewables,21,wls_sqrt_mcap,ham
max_ret_21d,-0.008697975169848085,-1.10129741570318,-0.008697975169848085,0.2861711089475631,0.1845567716390695,148,energy/renewables,63,ols_rank_normal,tema_arındırılmış
max_ret_21d,-0.00869797516984809,-1.1012974157031805,-0.00869797516984809,0.2861711089475632,0.1845567716390695,148,energy/renewables,63,ols_rank_normal,ham
max_ret_21d,-0.48018451412024016,-1.2279255008341172,-0.018188333906826924,0.3501801910221958,0.25870894562418384,148,energy/renewables,63,ols_winsorized_raw,tema_arındırılmış
max_ret_21d,-0.48018451412024016,-1.2279255008341174,-0.018188333906826924,0.3501801910221958,0.25870894562418384,148,energy/renewables,63,ols_winsorized_raw,ham
max_ret_21d,-0.004057281448133143,-0.6939020280259415,-0.004057281448133143,0.2604626425131665,0.15510826451913334,148,energy/renewables,63,wls_sqrt_mcap,tema_arındırılmış
max_ret_21d,-0.004057281448133139,-0.693902028025941,-0.004057281448133139,0.2604626425131665,0.15510826451913334,148,energy/renewables,63,wls_sqrt_mcap,ham
max_ret_21d,-0.026077879782162795,-1.7678781729592037,-0.026077879782162795,0.2640876449302613,0.15831892810641862,145,energy/renewables,126,ols_rank_normal,tema_arındırılmış
max_ret_21d,-0.02607787978216279,-1.7678781729592037,-0.02607787978216279,0.2640876449302613,0.15831892810641862,145,energy/renewables,126,ols_rank_normal,ham
max_ret_21d,-1.1259741725773913,-1.1505551685256077,-0.04182393918722111,0.34336942989280167,0.24979145347076442,145,energy/renewables,126,ols_winsorized_raw,tema_arındırılmış
max_ret_21d,-1.125974172577391,-1.1505551685256075,-0.041823939187221104,0.3433694298928016,0.24979145347076442,145,energy/renewables,126,ols_winsorized_raw,ham
max_ret_21d,-0.019289439433013297,-1.7745018165196342,-0.019289439433013297,0.2398773907151653,0.1303330910382203,145,energy/renewables,126,wls_sqrt_mcap,tema_arındırılmış
max_ret_21d,-0.019289439433013283,-1.7745018165196333,-0.019289439433013283,0.2398773907151653,0.1303330910382203,145,energy/renewables,126,wls_sqrt_mcap,ham
mom_12_1,0.001387819730292047,0.5322242806206112,0.001387819730292047,0.30974562349753576,0.21252469374883268,150,energy/renewables,21,ols_rank_normal,tema_arındırılmış
mom_12_1,0.001387819730292047,0.5322242806206114,0.001387819730292047,0.30974562349753576,0.21252469374883268,150,energy/renewables,21,ols_rank_normal,ham
mom_12_1,0.0071516570208244225,0.7711842471866646,0.004972712382008177,0.3903835330187599,0.3054179250181652,150,energy/renewables,21,ols_winsorized_raw,tema_arındırılmış
mom_12_1,0.007151657020824421,0.7711842471866642,0.004972712382008176,0.3903835330187599,0.3054179250181652,150,energy/renewables,21,ols_winsorized_raw,ham
mom_12_1,0.0019515376373569866,0.7506573509521904,0.0019515376373569866,0.3023083875449843,0.20397371978689752,150,energy/renewables,21,wls_sqrt_mcap,tema_arındırılmış
mom_12_1,0.0019515376373569844,0.7506573509521896,0.0019515376373569844,0.3023083875449843,0.20397371978689757,150,energy/renewables,21,wls_sqrt_mcap,ham
mom_12_1,0.003469169382683448,0.4695438520422389,0.003469169382683448,0.31435752182461785,0.21790359073858878,148,energy/renewables,63,ols_rank_normal,tema_arındırılmış
mom_12_1,0.003469169382683449,0.4695438520422391,0.003469169382683449,0.31435752182461785,0.21790359073858878,148,energy/renewables,63,ols_rank_normal,ham
mom_12_1,0.017320959792533293,0.6447790676553922,0.011295369860927038,0.38488768000304724,0.29886074483688246,148,energy/renewables,63,ols_winsorized_raw,tema_arındırılmış
mom_12_1,0.017320959792533296,0.6447790676553923,0.01129536986092704,0.38488768000304724,0.2988607448368825,148,energy/renewables,63,ols_winsorized_raw,ham
mom_12_1,0.0065572954525274195,0.9522237281907695,0.0065572954525274195,0.28417612265496006,0.1826775389641722,148,energy/renewables,63,wls_sqrt_mcap,tema_arındırılmış
mom_12_1,0.006557295452527414,0.9522237281907686,0.006557295452527414,0.28417612265496006,0.18267753896417216,148,energy/renewables,63,wls_sqrt_mcap,ham
mom_12_1,0.0052276826812057125,0.35868817674801323,0.0052276826812057125,0.2960572702051257,0.19621214441060983,145,energy/renewables,126,ols_rank_normal,tema_arındırılmış
mom_12_1,0.005227682681205711,0.35868817674801307,0.005227682681205711,0.2960572702051257,0.19621214441060983,145,energy/renewables,126,ols_rank_normal,ham
mom_12_1,0.02505254518297625,0.4997021099135256,0.013088929505342234,0.37543797325328626,0.28730653529274097,145,energy/renewables,126,ols_winsorized_raw,tema_arındırılmış
mom_12_1,0.025052545182976248,0.4997021099135255,0.013088929505342232,0.37543797325328626,0.287306535292741,145,energy/renewables,126,ols_winsorized_raw,ham
mom_12_1,0.014309199061021,1.0164086979613227,0.014309199061021,0.2723678987013888,0.16822455609131884,145,energy/renewables,126,wls_sqrt_mcap,tema_arındırılmış
mom_12_1,0.014309199061021,1.0164086979613225,0.014309199061021,0.2723678987013887,0.16822455609131878,145,energy/renewables,126,wls_sqrt_mcap,ham
net_debt_ebitda,0.002816239201623044,1.400569941406175,0.002816239201623044,0.2975775760502419,0.17963748069719396,143,energy/renewables,21,ols_rank_normal,tema_arındırılmış
net_debt_ebitda,0.0028162392016230437,1.4005699414061747,0.0028162392016230437,0.2975775760502418,0.1796374806971939,143,energy/renewables,21,ols_rank_normal,ham
net_debt_ebitda,0.0014742145741826946,2.171569986642191,0.005630575233688448,0.34866195415685797,0.23959790165945655,143,energy/renewables,21,ols_winsorized_raw,tema_arındırılmış
net_debt_ebitda,0.0014742145741826953,2.1715699866421905,0.00563057523368845,0.34866195415685797,0.2395979016594566,143,energy/renewables,21,ols_winsorized_raw,ham
net_debt_ebitda,0.0023041431763093276,1.2168638112599728,0.0023041431763093276,0.2867340530313121,0.1667166488294337,143,energy/renewables,21,wls_sqrt_mcap,tema_arındırılmış
net_debt_ebitda,0.00230414317630933,1.216863811259974,0.00230414317630933,0.28673405303131205,0.1667166488294337,143,energy/renewables,21,wls_sqrt_mcap,ham
net_debt_ebitda,0.007874318472497368,1.5208762308043013,0.007874318472497368,0.28427652831551053,0.16567485534533796,141,energy/renewables,63,ols_rank_normal,tema_arındırılmış
net_debt_ebitda,0.00787431847249737,1.520876230804302,0.00787431847249737,0.28427652831551053,0.165674855345338,141,energy/renewables,63,ols_rank_normal,ham
net_debt_ebitda,0.0038898491241029613,2.12564284702109,0.014900726495178263,0.34777101379209674,0.24076020127494063,141,energy/renewables,63,ols_winsorized_raw,tema_arındırılmış
net_debt_ebitda,0.0038898491241029626,2.1256428470210906,0.014900726495178268,0.34777101379209674,0.24076020127494063,141,energy/renewables,63,ols_winsorized_raw,ham
net_debt_ebitda,0.0067621984095175966,1.356449084671927,0.0067621984095175966,0.2759817496387542,0.15557463299418056,141,energy/renewables,63,wls_sqrt_mcap,tema_arındırılmış
net_debt_ebitda,0.0067621984095175966,1.356449084671927,0.0067621984095175966,0.2759817496387542,0.1555746329941805,141,energy/renewables,63,wls_sqrt_mcap,ham
net_debt_ebitda,0.020576250046512257,1.9368941893995943,0.020576250046512257,0.28106090356799485,0.16166385509542122,138,energy/renewables,126,ols_rank_normal,tema_arındırılmış
net_debt_ebitda,0.02057625004651226,1.936894189399595,0.02057625004651226,0.28106090356799485,0.16166385509542122,138,energy/renewables,126,ols_rank_normal,ham
net_debt_ebitda,0.008325331422845361,2.2735124773251334,0.032004009707713554,0.3536127847053545,0.2470384727461938,138,energy/renewables,126,ols_winsorized_raw,tema_arındırılmış
net_debt_ebitda,0.008325331422845361,2.273512477325133,0.032004009707713554,0.3536127847053545,0.2470384727461938,138,energy/renewables,126,ols_winsorized_raw,ham
net_debt_ebitda,0.01796286269201694,1.8191898321374513,0.01796286269201694,0.26488618002755715,0.14230057040206487,138,energy/renewables,126,wls_sqrt_mcap,tema_arındırılmış
net_debt_ebitda,0.017962862692016926,1.81918983213745,0.017962862692016926,0.2648861800275572,0.14230057040206492,138,energy/renewables,126,wls_sqrt_mcap,ham
ocf_ev,-0.0006292717536483057,-0.353077660834032,-0.0006292717536483057,0.284946086939939,0.1735188668349362,147,energy/renewables,21,ols_rank_normal,tema_arındırılmış
ocf_ev,-0.0006292717536483084,-0.3530776608340335,-0.0006292717536483084,0.28494608693993895,0.1735188668349362,147,energy/renewables,21,ols_rank_normal,ham
ocf_ev,-0.045305379036862214,-1.4647139623231187,-0.0026289250528646496,0.31029606461807474,0.2032303142273044,147,energy/renewables,21,ols_winsorized_raw,tema_arındırılmış
ocf_ev,-0.04530537903686226,-1.4647139623231202,-0.0026289250528646526,0.31029606461807474,0.20323031422730442,147,energy/renewables,21,ols_winsorized_raw,ham
ocf_ev,0.00013709206626292582,0.08168314908158454,0.00013709206626292582,0.28058729103467717,0.16820915143550008,147,energy/renewables,21,wls_sqrt_mcap,tema_arındırılmış
ocf_ev,0.00013709206626292593,0.08168314908158461,0.00013709206626292593,0.28058729103467717,0.1682091514355001,147,energy/renewables,21,wls_sqrt_mcap,ham
ocf_ev,-0.003401273609075326,-0.6791320140757673,-0.003401273609075326,0.26522559995001166,0.14995500826907177,145,energy/renewables,63,ols_rank_normal,tema_arındırılmış
ocf_ev,-0.003401273609075327,-0.6791320140757676,-0.003401273609075327,0.2652255999500117,0.1499550082690718,145,energy/renewables,63,ols_rank_normal,ham
ocf_ev,-0.13290059334665838,-1.6909030697920224,-0.007650436500160528,0.29552746113413436,0.1856011371466299,145,energy/renewables,63,ols_winsorized_raw,tema_arındırılmış
ocf_ev,-0.1329005933466584,-1.6909030697920229,-0.007650436500160529,0.2955274611341344,0.18560113714662987,145,energy/renewables,63,ols_winsorized_raw,ham
ocf_ev,-3.044637684098339e-05,-0.006799062171969619,-3.044637684098339e-05,0.2541371144265953,0.1362760880902407,145,energy/renewables,63,wls_sqrt_mcap,tema_arındırılmış
ocf_ev,-3.044637684097841e-05,-0.006799062171968506,-3.044637684097841e-05,0.2541371144265953,0.1362760880902407,145,energy/renewables,63,wls_sqrt_mcap,ham
ocf_ev,-0.006255962759933498,-0.5247037599490726,-0.006255962759933498,0.25578752298306306,0.13802876057842545,142,energy/renewables,126,ols_rank_normal,tema_arındırılmış
ocf_ev,-0.006255962759933504,-0.524703759949073,-0.006255962759933504,0.255787522983063,0.13802876057842542,142,energy/renewables,126,ols_rank_normal,ham
ocf_ev,-0.23981904379807997,-1.4018215733466237,-0.01366789734712452,0.28536319182902126,0.17296216084227853,142,energy/renewables,126,ols_winsorized_raw,tema_arındırılmış
ocf_ev,-0.23981904379807992,-1.4018215733466237,-0.013667897347124517,0.28536319182902126,0.17296216084227853,142,energy/renewables,126,ols_winsorized_raw,ham
ocf_ev,-0.0007825786818248025,-0.08326698043294266,-0.0007825786818248025,0.23381817406182231,0.11160655119003038,142,energy/renewables,126,wls_sqrt_mcap,tema_arındırılmış
ocf_ev,-0.0007825786818247955,-0.08326698043294192,-0.0007825786818247955,0.23381817406182231,0.11160655119003038,142,energy/renewables,126,wls_sqrt_mcap,ham
share_issuance,-0.0024749242353617465,-1.1778861980269892,-0.0024749242353617465,0.2981286174489146,0.19295076413041884,150,energy/renewables,21,ols_rank_normal,tema_arındırılmış
share_issuance,-0.0024749242353617434,-1.1778861980269877,-0.0024749242353617434,0.2981286174489146,0.19295076413041887,150,energy/renewables,21,ols_rank_normal,ham
share_issuance,-0.054391397056943375,-1.0783978550895936,-0.007334513092969563,0.33045874100749756,0.23013338444899134,150,energy/renewables,21,ols_winsorized_raw,tema_arındırılmış
share_issuance,-0.05439139705694339,-1.0783978550895938,-0.007334513092969564,0.33045874100749756,0.23013338444899128,150,energy/renewables,21,ols_winsorized_raw,ham
share_issuance,0.00030698014127426805,0.1672314510352112,0.00030698014127426805,0.2824866934953991,0.1747849952864235,150,energy/renewables,21,wls_sqrt_mcap,tema_arındırılmış
share_issuance,0.00030698014127426826,0.1672314510352113,0.00030698014127426826,0.2824866934953991,0.1747849952864235,150,energy/renewables,21,wls_sqrt_mcap,ham
share_issuance,-0.005532303210023231,-0.8718322574938171,-0.005532303210023231,0.2887722122011956,0.18126448659481442,148,energy/renewables,63,ols_rank_normal,tema_arındırılmış
share_issuance,-0.0055323032100232285,-0.8718322574938167,-0.0055323032100232285,0.2887722122011956,0.18126448659481448,148,energy/renewables,63,ols_rank_normal,ham
share_issuance,-0.16418020078262827,-1.1022477163329967,-0.021951397592112978,0.3219451346146684,0.2197045441185373,148,energy/renewables,63,ols_winsorized_raw,tema_arındırılmış
share_issuance,-0.1641802007826283,-1.1022477163329971,-0.021951397592112985,0.3219451346146684,0.21970454411853726,148,energy/renewables,63,ols_winsorized_raw,ham
share_issuance,0.002327469204135791,0.3992808663589425,0.002327469204135791,0.262613071098467,0.15065353578692162,148,energy/renewables,63,wls_sqrt_mcap,tema_arındırılmış
share_issuance,0.0023274692041357903,0.39928086635894244,0.0023274692041357903,0.262613071098467,0.15065353578692162,148,energy/renewables,63,wls_sqrt_mcap,ham
share_issuance,-0.016753935638072252,-1.0091843200964647,-0.016753935638072252,0.28017300821856655,0.17005090752985788,145,energy/renewables,126,ols_rank_normal,tema_arındırılmış
share_issuance,-0.016753935638072252,-1.0091843200964647,-0.016753935638072252,0.28017300821856655,0.17005090752985788,145,energy/renewables,126,ols_rank_normal,ham
share_issuance,-0.44928017414689797,-1.1766332604914382,-0.05934549348029351,0.31677001889154716,0.2125149887324696,145,energy/renewables,126,ols_winsorized_raw,tema_arındırılmış
share_issuance,-0.44928017414689797,-1.1766332604914382,-0.05934549348029351,0.31677001889154716,0.2125149887324696,145,energy/renewables,126,ols_winsorized_raw,ham
share_issuance,0.0010070298074004193,0.06797335015309335,0.0010070298074004193,0.26559211368516494,0.15277843530712099,145,energy/renewables,126,wls_sqrt_mcap,tema_arındırılmış
share_issuance,0.0010070298074004145,0.06797335015309301,0.0010070298074004145,0.26559211368516494,0.15277843530712099,145,energy/renewables,126,wls_sqrt_mcap,ham
sue_announce,0.000728368067111518,0.352249811283803,0.000728368067111518,0.28851181789024394,0.15762153499829973,109,energy/renewables,21,ols_rank_normal,tema_arındırılmış
sue_announce,0.0007283680671115212,0.3522498112838046,0.0007283680671115212,0.28851181789024394,0.15762153499829973,109,energy/renewables,21,ols_rank_normal,ham
sue_announce,0.0014758717585805377,0.7988846733398783,0.0016793921821872688,0.33053139449911667,0.20717474598839897,109,energy/renewables,21,ols_winsorized_raw,tema_arındırılmış
sue_announce,0.0014758717585805366,0.7988846733398778,0.0016793921821872675,0.33053139449911667,0.20717474598839894,109,energy/renewables,21,ols_winsorized_raw,ham
sue_announce,-0.000201341938128607,-0.10647565547117141,-0.000201341938128607,0.2845367368330948,0.1530366599134784,109,energy/renewables,21,wls_sqrt_mcap,tema_arındırılmış
sue_announce,-0.00020134193812860717,-0.10647565547117151,-0.00020134193812860717,0.2845367368330949,0.15303665991347845,109,energy/renewables,21,wls_sqrt_mcap,ham
sue_announce,-0.0002603062934593836,-0.054449423687759575,-0.0002603062934593836,0.2695389516285566,0.13467461451058685,107,energy/renewables,63,ols_rank_normal,tema_arındırılmış
sue_announce,-0.0002603062934593838,-0.05444942368775961,-0.0002603062934593838,0.2695389516285566,0.13467461451058688,107,energy/renewables,63,ols_rank_normal,ham
sue_announce,0.001948217930890867,0.4260590886106946,0.002226351020450651,0.30757234147546847,0.17999208942291556,107,energy/renewables,63,ols_winsorized_raw,tema_arındırılmış
sue_announce,0.0019482179308908647,0.426059088610694,0.0022263510204506482,0.30757234147546847,0.17999208942291556,107,energy/renewables,63,ols_winsorized_raw,ham
sue_announce,-0.0007298835962533114,-0.1513699997468858,-0.0007298835962533114,0.24957664402330765,0.11109459157550268,107,energy/renewables,63,wls_sqrt_mcap,tema_arındırılmış
sue_announce,-0.0007298835962533081,-0.15136999974688511,-0.0007298835962533081,0.24957664402330762,0.11109459157550267,107,energy/renewables,63,wls_sqrt_mcap,ham
sue_announce,-0.0045829016396920635,-0.4182839029653963,-0.0045829016396920635,0.2342660877449054,0.0924233617214721,104,energy/renewables,126,ols_rank_normal,tema_arındırılmış
sue_announce,-0.004582901639692064,-0.41828390296539636,-0.004582901639692064,0.2342660877449054,0.0924233617214721,104,energy/renewables,126,ols_rank_normal,ham
sue_announce,0.00014386224075174113,0.016953179383936437,0.00016568992312558076,0.26603568056930693,0.13041941896199816,104,energy/renewables,126,ols_winsorized_raw,tema_arındırılmış
sue_announce,0.00014386224075173566,0.01695317938393579,0.00016568992312557444,0.26603568056930693,0.13041941896199816,104,energy/renewables,126,ols_winsorized_raw,ham
sue_announce,-0.0035714355143293556,-0.34446674431129143,-0.0035714355143293556,0.2155537197510698,0.06953819632454183,104,energy/renewables,126,wls_sqrt_mcap,tema_arındırılmış
sue_announce,-0.0035714355143293547,-0.34446674431129126,-0.0035714355143293547,0.21555371975106977,0.06953819632454182,104,energy/renewables,126,wls_sqrt_mcap,ham
